code,date,close,ret1d,ret5d,ret20d,ret60d,rs20,rs60,sma25,sma75,sma75_rising,dev25,near_high,hi52w,lo52w,atr_pct,turn20_oku,lot_yen,vol_trend,contraction,name,market,sector33
1301,2026-09-29,4600.0,-0.0213,-0.0295,-0.0336,0.0526,-0.0243,0.0291,4697.4,4556.2,True,-0.0207,0.8693,5291.8764,4165.0,0.0122,1.5855,460000.0,0.7682,0.2675,極洋,プライム（内国株式）,水産・農林業
130A,2026-09-29,433.0,-0.0046,-0.0046,0.0164,0.0046,0.0257,-0.0189,433.8,424.7867,True,-0.0018,0.546,793.0,390.0,0.0236,0.0389,43300.0,0.5094,0.2839,Ｖｅｒｉｔａｓ　Ｉｎ　Ｓｉｌｉｃｏ,グロース（内国株式）,医薬品
1332,2026-09-29,1117.0,-0.0146,-0.073,-0.1375,-0.1301,-0.1281,-0.1536,1222.1314,1256.5638,False,-0.086,0.7208,1549.5883,1006.7389,0.0205,22.627,111700.0,1.1469,0.4286,ニッスイ,プライム（内国株式）,水産・農林業
1333,2026-09-29,1240.5,-0.0151,-0.0502,-0.0531,-0.0516,-0.0437,-0.0751,1286.3287,1295.2896,True,-0.0356,0.7955,1559.3781,1085.055,0.0152,5.4717,124050.0,0.9098,0.3719,Ｕｍｉｏｓ,プライム（内国株式）,水産・農林業
135A,2026-09-29,5040.0,0.036,0.0839,0.1943,0.1859,0.2036,0.1623,4418.8,4146.6,True,0.1406,0.9902,5090.0,2140.0,0.0447,3.9808,504000.0,0.884,0.3661,ＶＲＡＩＮ　Ｓｏｌｕｔｉｏｎ,グロース（内国株式）,情報・通信業
1375,2026-09-29,1151.0,-0.0221,-0.0229,-0.0229,0.0213,-0.0136,-0.0022,1172.002,1148.934,True,-0.0179,0.956,1204.0,982.3091,0.01,0.4713,115100.0,1.0815,0.2508,ユキグニファクトリー,プライム（内国株式）,水産・農林業
1376,2026-09-29,1563.0,-0.0207,-0.0334,-0.0405,0.0691,-0.0312,0.0455,1606.72,1540.7067,True,-0.0272,0.8691,1798.4399,1351.7573,0.0168,0.2197,156300.0,0.9806,0.3196,カネコ種苗,スタンダード（内国株式）,水産・農林業
1377,2026-09-29,4295.0,-0.016,-0.0305,-0.0228,0.0275,-0.0134,0.004,4386.6,4331.2667,True,-0.0209,0.9109,4715.0,3448.6692,0.0126,3.9688,429500.0,0.8364,0.3408,サカタのタネ,プライム（内国株式）,水産・農林業
1379,2026-09-29,2036.0,-0.03,-0.0477,-0.0401,0.1138,-0.0308,0.0902,2111.4764,1982.2521,True,-0.0357,0.9331,2182.0,1775.4317,0.019,1.8582,203600.0,0.7769,0.303,ホクト,プライム（内国株式）,水産・農林業
137A,2026-09-29,706.0,0.0086,0.0043,0.0217,-0.0711,0.031,-0.0946,706.56,716.7333,True,-0.0008,0.4757,1484.0,549.0,0.0239,0.0134,70600.0,0.248,0.2729,Ｃｏｃｏｌｉｖｅ,グロース（内国株式）,情報・通信業
1381,2026-09-29,3530.0,-0.007,-0.0181,0.01,0.0086,0.0193,-0.015,3551.0,3522.1715,False,-0.0059,0.7944,4443.847,2907.8217,0.017,0.1335,353000.0,0.743,0.2,アクシーズ,スタンダード（内国株式）,水産・農林業
1382,2026-09-29,750.0,-0.1156,-0.1545,-0.1516,-0.4569,-0.1423,-0.4805,878.04,1039.6133,False,-0.1458,0.2131,3519.3102,739.0,0.0247,0.0227,75000.0,0.8104,0.8703,ホーブ,スタンダード（内国株式）,水産・農林業
1383,2026-09-29,3040.0,0.0,0.0066,0.0116,0.0574,0.021,0.0338,3008.32,2961.88,True,0.0105,0.9034,3365.0,2803.0,0.0083,0.0396,304000.0,0.9535,0.3836,ベルグアース,スタンダード（内国株式）,水産・農林業
1384,2026-09-29,2120.0,-0.0084,-0.0208,-0.0337,0.0352,-0.0244,0.0116,2183.8,2098.9733,True,-0.0292,0.6545,3239.2881,1952.0,0.0144,0.2297,212000.0,0.5598,0.2465,ホクリヨウ,スタンダード（内国株式）,水産・農林業
138A,2026-09-29,3170.0,0.0,0.0359,0.0063,0.0706,0.0157,0.047,3113.2,3022.1333,True,0.0182,0.8955,3540.0,2349.0542,0.0077,0.0369,317000.0,0.8787,0.5353,光フードサービス,グロース（内国株式）,小売業
1401,2026-09-29,1654.0,0.0671,0.2616,0.2117,0.2723,0.221,0.2488,1352.36,1318.52,True,0.223,0.8366,1977.0,1186.2069,0.0277,0.1238,165400.0,2.085,0.7807,エムビーエス,グロース（内国株式）,建設業
1407,2026-09-29,2134.0,-0.0143,-0.0473,-0.2073,-0.0928,-0.198,-0.1164,2409.0789,2447.7228,False,-0.1142,0.6611,3228.0309,1250.6684,0.042,10.62,213400.0,0.7115,0.1786,ウエストホールディングス,スタンダード（内国株式）,建設業
1414,2026-09-29,1252.5,-0.004,-0.0362,-0.0153,0.0028,-0.006,-0.0207,1265.7,1268.227,True,-0.0104,0.8316,1506.0763,1152.8426,0.0152,13.6879,125250.0,1.3425,0.3605,ショーボンドホールディングス,プライム（内国株式）,建設業
1417,2026-09-29,3463.0,-0.0142,-0.0426,-0.041,-0.1015,-0.0317,-0.125,3567.3382,3650.4327,False,-0.0292,0.7959,4351.0,2734.683,0.0158,7.4619,346300.0,0.8897,0.3258,ミライト・ワン,プライム（内国株式）,建設業
1418,2026-09-29,601.0,-0.0033,0.0256,0.0221,0.1695,0.0314,0.146,586.958,558.0219,True,0.0239,0.876,686.0536,367.0246,0.0128,0.3096,60100.0,0.6749,0.4537,インターライフホールディングス,スタンダード（内国株式）,建設業
1419,2026-09-29,2907.0,-0.0095,0.0024,-0.0484,-0.0406,-0.0391,-0.0641,2930.24,2939.2933,False,-0.0079,0.7297,3983.7329,2701.0,0.0101,4.7449,290700.0,0.5212,0.3017,タマホーム,プライム（内国株式）,建設業
141A,2026-09-29,3750.0,-0.0106,0.0081,-0.0672,0.2533,-0.0578,0.2298,3922.8,3370.2241,True,-0.0441,0.7793,4812.1275,1984.5053,0.0401,21.7088,375000.0,0.7658,0.286,トライアルホールディングス,グロース（内国株式）,小売業
1420,2026-09-29,629.0,-0.0016,-0.0063,-0.011,-0.0094,-0.0017,-0.033,632.68,633.6267,True,-0.0058,0.8802,714.5734,602.0,0.0045,0.077,62900.0,0.8184,0.245,サンヨーホームズ,スタンダード（内国株式）,建設業
1429,2026-09-29,806.0,0.0012,0.0138,0.0151,0.0848,0.0244,0.0612,798.44,765.1867,True,0.0095,0.8714,925.0,678.0,0.0144,0.6507,80600.0,0.827,0.3178,日本アクア,プライム（内国株式）,建設業
142A,2026-09-29,1025.0,0.0427,0.1714,0.2159,0.3946,0.2252,0.371,866.2,795.0,True,0.1833,0.957,1071.0,513.0,0.0311,0.1409,102500.0,1.8368,0.7,ジンジブ,グロース（内国株式）,サービス業
1430,2026-09-29,1066.0,-0.0065,0.0047,0.023,0.134,0.0323,0.1105,1042.88,997.3733,True,0.0222,0.9719,1096.7821,853.0,0.0131,0.2091,106600.0,1.0861,0.4286,ファーストコーポレーション,スタンダード（内国株式）,建設業
1431,2026-09-29,642.0,-0.0129,-0.0243,-0.0183,0.0047,-0.009,-0.0188,652.4081,648.2451,True,-0.016,0.8265,776.7314,625.0,0.0145,0.2875,64200.0,2.7235,0.6373,Ｌｉｂ　Ｗｏｒｋ,グロース（内国株式）,建設業
1433,2026-09-29,1181.0,-0.0067,-0.028,-0.0686,0.0619,-0.0593,0.0384,1234.08,1165.0565,True,-0.043,0.8832,1337.124,980.789,0.0257,1.1338,118100.0,1.183,0.2504,ベステラ,プライム（内国株式）,建設業
1434,2026-09-29,1623.0,-0.0025,0.0019,-0.0176,-0.0659,-0.0082,-0.0895,1616.9134,1700.1781,False,0.0038,0.6365,2549.9105,1069.9129,0.0194,0.6209,162300.0,0.302,0.3397,ＪＥＳＣＯホールディングス,スタンダード（内国株式）,建設業
1435,2026-09-29,172.0,-0.0227,-0.0444,-0.0497,0.075,-0.0404,0.0515,177.64,169.2552,True,-0.0317,0.6248,275.2795,150.0621,0.0249,0.6266,17200.0,0.8556,0.3033,ｒｏｂｏｔ　ｈｏｍｅ,スタンダード（内国株式）,不動産業
1436,2026-09-29,1939.0,0.0561,0.1169,0.2195,0.3703,0.2288,0.3468,1709.68,1509.2133,False,0.1341,0.8878,2184.0,690.4428,0.0597,1.6795,193900.0,0.9082,0.2679,グリーンエナジー＆カンパニー,グロース（内国株式）,建設業
1438,2026-09-29,2241.0,-0.0171,-0.0382,-0.0431,0.1857,-0.0338,0.1622,2298.559,2076.693,True,-0.025,0.9353,2396.0,1738.7975,0.0212,0.0536,224100.0,1.9822,0.2314,岐阜造園,スタンダード（内国株式）,建設業
143A,2026-09-29,697.0,-0.0085,-0.0057,-0.0057,-0.0155,0.0036,-0.0391,704.72,694.0,True,-0.011,0.6082,1146.0,621.0,0.0248,0.0085,69700.0,0.9943,0.2603,イシン,グロース（内国株式）,サービス業
1443,2026-09-29,278.0,0.0109,0.0146,-0.0246,0.1255,-0.0152,0.102,277.68,260.1867,True,0.0012,0.7441,373.5825,217.176,0.0221,0.1205,27800.0,0.7253,0.1953,技研ホールディングス,スタンダード（内国株式）,建設業
1444,2026-09-29,2838.0,0.0082,0.0419,0.0807,-0.0046,0.09,-0.0281,2691.52,2756.1067,False,0.0544,0.9444,3005.0,2520.0,0.0093,0.045,283800.0,0.6044,0.6602,ニッソウ,グロース（内国株式）,建設業
1446,2026-09-29,533.0,0.0152,-0.0111,-0.0111,0.0114,-0.0018,-0.0122,537.4748,535.2116,True,-0.0083,0.8913,598.0,516.0,0.0072,0.0284,53300.0,1.4747,0.4152,キャンディル,スタンダード（内国株式）,建設業
1447,2026-09-29,321.0,0.0063,0.0456,-0.2393,0.1146,-0.23,0.091,373.28,353.1733,True,-0.1401,0.6832,469.8618,227.512,0.0663,0.6662,32100.0,0.4212,0.3054,ＳＡＡＦホールディングス,グロース（内国株式）,建設業
1450,2026-09-29,1489.0,-0.0073,0.0027,0.0136,0.0892,0.0229,0.0657,1474.88,1426.5067,True,0.0096,0.8256,1803.6451,1300.0,0.0188,0.0512,148900.0,1.2316,0.3143,ＴＡＮＡＫＥＮ,スタンダード（内国株式）,建設業
145A,2026-09-29,895.0,0.0022,0.0,-0.0165,0.1699,-0.0072,0.1464,898.32,851.1733,True,-0.0037,0.6806,1315.0,740.0,0.0176,0.0626,89500.0,0.5423,0.1964,Ｌ　ｉｓ　Ｂ,グロース（内国株式）,情報・通信業
146A,2026-09-29,3645.0,-0.0068,-0.0027,0.0083,0.2248,0.0176,0.2013,3631.6,3327.92,True,0.0037,0.7739,4710.0,2550.0,0.0336,1.7582,364500.0,0.5951,0.3061,コロンビア・ワークス,スタンダード（内国株式）,不動産業
147A,2026-09-29,975.0,-0.0171,-0.0347,-0.0607,-0.0337,-0.0514,-0.0572,998.08,1026.1067,False,-0.0231,0.7303,1335.0,852.0,0.0234,1.0607,97500.0,0.7802,0.3423,ソラコム,グロース（内国株式）,情報・通信業
148A,2026-09-29,1880.0,0.0005,0.0949,0.0962,0.136,0.1055,0.1124,1724.44,1701.48,False,0.0902,0.5959,3155.0,1640.0,0.0199,0.0427,188000.0,1.9571,0.5836,ハッチ・ワーク,グロース（内国株式）,情報・通信業
1491,2026-09-29,710.0,-0.0028,-0.0682,-0.0418,0.0725,-0.0325,0.049,726.76,716.2267,False,-0.0231,0.5782,1227.8723,632.0,0.032,0.1949,71000.0,0.983,0.4711,中外鉱業,スタンダード（内国株式）,非鉄金属
149A,2026-09-29,808.0,-0.0062,0.005,0.01,0.0688,0.0193,0.0452,796.88,772.8933,True,0.014,0.4555,1774.0,672.0,0.0209,0.039,80800.0,0.6068,0.2373,シンカ,グロース（内国株式）,情報・通信業
150A,2026-09-29,714.0,0.0185,-0.1649,-0.0364,1.04,-0.0271,1.0165,767.16,555.7867,True,-0.0693,0.8114,880.0,329.0,0.0823,2.342,71400.0,0.5036,0.3147,ＪＳＨ,グロース（内国株式）,サービス業
1514,2026-09-29,633.0,-0.014,-0.0201,-0.0718,0.2034,-0.0625,0.1799,662.88,604.88,True,-0.0451,0.4148,1526.1378,495.9703,0.0269,1.8607,63300.0,0.6343,0.2118,住石ホールディングス,スタンダード（内国株式）,鉱業
1515,2026-09-29,3150.0,-0.0184,-0.0382,-0.1985,0.369,-0.1892,0.3454,3537.8647,3015.9949,True,-0.1096,0.7074,4452.7944,1540.5589,0.0526,25.3407,315000.0,0.769,0.2323,日鉄鉱業,プライム（内国株式）,鉱業
1518,2026-09-29,2217.0,0.0086,-0.0298,-0.0436,0.4829,-0.0343,0.4594,2281.178,1975.5127,True,-0.0281,0.9226,2403.0,1208.6432,0.0172,8.5381,221700.0,0.9852,0.2698,三井松島ホールディングス,プライム（内国株式）,その他製品
151A,2026-09-29,632.0,-0.0078,0.008,-0.0307,0.0481,-0.0214,0.0245,642.08,631.08,True,-0.0157,0.7783,812.0,566.0,0.0206,0.057,63200.0,0.9541,0.2,ダイブグループ,グロース（内国株式）,サービス業
153A,2026-09-29,1720.0,-0.0138,0.0361,0.1936,0.4601,0.2029,0.4366,1546.08,1343.56,False,0.1125,0.5979,2876.7114,958.0,0.0562,1.509,172000.0,1.3384,0.2587,カウリス,グロース（内国株式）,情報・通信業
155A,2026-09-29,759.0,-0.0465,-0.1007,-0.105,-0.1336,-0.0956,-0.1571,820.32,846.6667,False,-0.0748,0.4337,1750.0,727.0,0.0323,0.303,75900.0,1.1215,0.4082,情報戦略テクノロジー,グロース（内国株式）,情報・通信業
156A,2026-09-29,864.0,-0.0035,-0.008,0.0311,0.0619,0.0405,0.0383,860.5957,835.0691,True,0.004,0.9128,946.5167,624.5458,0.0192,0.3278,86400.0,0.5656,0.3138,マテリアルグループ,グロース（内国株式）,サービス業
157A,2026-09-29,771.0,0.0172,0.0039,0.0649,-0.1278,0.0742,-0.1514,744.8,801.0466,False,0.0352,0.3638,2119.2418,507.591,0.0352,0.1235,77100.0,0.4544,0.4532,グリーンモンスター,グロース（内国株式）,サービス業
1605,2026-09-29,3671.0,-0.0377,-0.0657,-0.048,0.1243,-0.0387,0.1008,3896.52,3625.871,True,-0.0579,0.7535,4872.1947,2501.3909,0.0298,217.0497,367100.0,1.1474,0.3852,ＩＮＰＥＸ,プライム（内国株式）,鉱業
160A,2026-09-29,1984.0,-0.003,0.0097,-0.0015,0.0206,0.0078,-0.003,1975.04,1998.0267,False,0.0045,0.5775,3435.6946,1880.0,0.016,0.1611,198400.0,1.0118,0.4036,アズパートナーズ,スタンダード（内国株式）,サービス業
1662,2026-09-29,1783.0,-0.0286,-0.0805,-0.0435,0.1137,-0.0341,0.0901,1893.1177,1762.9859,True,-0.0582,0.6434,2771.3817,1174.8142,0.0314,25.9481,178300.0,1.0234,0.3986,石油資源開発,プライム（内国株式）,鉱業
1663,2026-09-29,1890.0,-0.0011,-0.0411,-0.0362,-0.0058,-0.0269,-0.0293,1952.32,1897.8423,False,-0.0319,0.6694,2823.3652,1503.7409,0.0223,4.0889,189000.0,0.8763,0.3245,Ｋ＆Ｏエナジーグループ,プライム（内国株式）,鉱業
166A,2026-09-29,1027.0,-0.0238,-0.0517,-0.1463,-0.1435,-0.137,-0.167,1118.665,1118.7817,True,-0.0819,0.8302,1237.0,625.4594,0.0256,3.7559,102700.0,0.6614,0.3276,タスキホールディングス,プライム（内国株式）,不動産業
167A,2026-09-29,3285.0,-0.0015,-0.0015,0.0266,0.2239,0.0359,0.2004,3211.9958,2975.5853,True,0.0227,0.9736,3374.1758,2606.0,0.0182,4.7286,328500.0,0.8516,0.392,リョーサン菱洋ホールディングス,プライム（内国株式）,卸売業
168A,2026-09-29,1076.0,0.0161,0.017,0.0009,-0.0165,0.0102,-0.04,1071.2,1078.88,False,0.0045,0.5652,1903.7453,1032.0,0.0159,0.0274,107600.0,1.7363,0.35,イタミアート,グロース（内国株式）,その他製品
1711,2026-09-29,239.0,-0.0363,-0.0285,0.0,0.0814,0.0093,0.0579,244.36,236.2133,True,-0.0219,0.7009,341.0,212.0,0.0185,0.0817,23900.0,1.002,0.4968,ＳＤＳホールディングス,スタンダード（内国株式）,建設業
1716,2026-09-29,1357.0,-0.0152,-0.0117,-0.0355,0.0104,-0.0262,-0.0131,1389.36,1388.2925,True,-0.0233,0.8625,1573.2838,1230.7608,0.011,0.295,135700.0,0.7984,0.201,第一カッター興業,スタンダード（内国株式）,建設業
1717,2026-09-29,933.0,-0.0032,-0.0011,-0.0241,0.0321,-0.0147,0.0085,943.16,933.8267,True,-0.0108,0.8431,1106.692,880.0,0.0092,0.1195,93300.0,1.0678,0.385,明豊ファシリティワークス,スタンダード（内国株式）,サービス業
1718,2026-09-29,2345.0,-0.0216,-0.6674,-0.6587,-0.6621,-0.6493,-0.6856,6286.3333,6686.8855,False,-0.627,0.2403,9759.069,2331.0,0.1624,0.0996,234500.0,0.6887,1.26,美樹工業,スタンダード（内国株式）,建設業
1719,2026-09-29,1810.0,-0.0271,-0.0653,-0.0588,0.0086,-0.0494,-0.0149,1899.3387,1842.0662,True,-0.047,0.8143,2222.7574,1576.4932,0.02,13.5782,181000.0,1.0905,0.3497,安藤・間,プライム（内国株式）,建設業
1720,2026-09-29,1181.0,-0.0191,-0.0468,0.0043,0.0077,0.0136,-0.0159,1188.2055,1173.4152,True,-0.0061,0.7077,1668.7978,1010.3471,0.0209,3.3826,118100.0,0.998,0.3114,東急建設,プライム（内国株式）,建設業
1721,2026-09-29,5412.0,-0.007,-0.0418,-0.0037,-0.0072,0.0056,-0.0307,5454.3664,5371.5221,True,-0.0078,0.8714,6211.0,3549.8334,0.0262,29.274,541200.0,1.297,0.4314,コムシスホールディングス,プライム（内国株式）,建設業
1723,2026-09-29,2203.0,-0.1272,-0.1527,-0.0641,-0.0533,-0.0548,-0.0768,2404.7103,2297.0368,True,-0.0839,0.7075,3113.8132,1222.4689,0.0499,5.4481,220300.0,1.015,0.4557,日本電技,スタンダード（内国株式）,建設業
1724,2026-09-29,732.0,0.0014,0.0181,0.0281,0.0702,0.0374,0.0466,717.44,699.0672,True,0.0203,0.9877,741.1487,635.9529,0.0102,0.0243,73200.0,1.0818,0.4133,シンクレイヤ,スタンダード（内国株式）,建設業
1736,2026-09-29,2504.0,0.0216,0.0081,0.0446,-0.0083,0.054,-0.0319,2424.6714,2439.5971,True,0.0327,0.9172,2730.0853,1564.5188,0.0154,0.0983,250400.0,0.6654,0.3323,オーテック,スタンダード（内国株式）,建設業
173A,2026-09-29,1597.0,0.031,0.0237,0.0237,0.1657,0.033,0.1422,1560.6489,1478.3496,True,0.0233,0.8878,1798.7535,1278.0,0.0229,0.0395,159700.0,0.9691,0.3393,ハンモック,グロース（内国株式）,情報・通信業
1758,2026-09-29,2410.0,0.0,0.0067,-0.0167,0.0,-0.0074,-0.0235,2461.08,2447.2533,False,-0.0208,0.8726,2762.0,2067.059,0.0253,0.0472,241000.0,0.9936,0.3972,太洋基礎工業,スタンダード（内国株式）,建設業
175A,2026-09-29,632.0,-0.0156,-0.0202,-0.0047,0.0327,0.0046,0.0091,638.72,616.68,False,-0.0105,0.3921,1612.0,586.0,0.0303,0.0747,63200.0,0.193,0.1724,Ｗｉｌｌ　Ｓｍａｒｔ,グロース（内国株式）,情報・通信業
1762,2026-09-29,4050.0,-0.0236,-0.0537,-0.0086,0.1281,0.0007,0.1046,4127.7498,3827.5833,True,-0.0188,0.9375,4320.0,3139.8211,0.0227,1.8454,405000.0,0.9912,0.3044,高松コンストラクショングループ,プライム（内国株式）,建設業
1764,2026-09-29,2667.0,-0.0115,0.0008,-0.0323,0.0,-0.023,-0.0235,2715.32,2719.2834,False,-0.0178,0.7977,3343.2511,2489.9808,0.0093,0.0149,266700.0,0.434,0.1983,工藤建設,スタンダード（内国株式）,建設業
1766,2026-09-29,12970.0,-0.0114,-0.0435,-0.0477,0.0229,-0.0384,-0.0007,13516.0,13103.4667,True,-0.0404,0.8625,15038.0009,11800.0,0.0216,2.8083,1297000.0,1.2156,0.2779,東建コーポレーション,プライム（内国株式）,建設業
1768,2026-09-29,1021.0,-0.002,-0.0135,-0.0049,-0.0377,0.0044,-0.0612,1028.28,1045.3467,True,-0.0071,0.5897,1731.4421,938.9892,0.01,0.0429,102100.0,0.9058,0.2448,ソネック,スタンダード（内国株式）,建設業
1770,2026-09-29,2177.0,-0.0963,-0.0604,0.0436,0.1755,0.0529,0.1519,2183.4674,2079.3691,True,-0.003,0.9011,2415.9026,1492.1383,0.0401,0.1695,217700.0,2.3238,0.3496,藤田エンジニアリング,スタンダード（内国株式）,建設業
177A,2026-09-29,825.0,-0.0012,0.0,-0.0237,-0.0741,-0.0144,-0.0976,838.44,886.9067,False,-0.016,0.4384,1882.0,824.0,0.0117,0.0193,82500.0,0.9514,0.2593,コージンバイオ,グロース（内国株式）,化学
1780,2026-09-29,1439.0,-0.0137,-0.0381,-0.0502,0.0206,-0.0408,-0.003,1484.0372,1464.8524,True,-0.0303,0.8573,1678.4729,1315.0,0.0094,0.4231,143900.0,1.0058,0.482,ヤマウラ,プライム（内国株式）,建設業
1783,2026-09-29,71.0,0.0,0.0441,0.4792,0.42,0.4885,0.3965,60.84,53.6133,True,0.167,0.8875,80.0,46.0,0.1137,2.7818,7100.0,3.0733,0.223,ｆａｎｔａｓｉｓｔａ,スタンダード（内国株式）,不動産業
1786,2026-09-29,339.0,-0.0202,-0.0478,-0.0609,0.0059,-0.0516,-0.0176,353.5608,352.0403,True,-0.0412,0.786,431.2929,310.0,0.0168,1.5304,33900.0,0.6675,0.3333,オリエンタル白石,プライム（内国株式）,建設業
1788,2026-09-29,4120.0,0.0,0.0211,-0.0306,-0.0272,-0.0213,-0.0507,4146.4,4254.8892,False,-0.0064,0.6628,6215.7256,3860.5481,0.0089,0.0194,412000.0,0.9057,0.4214,三東工業社,スタンダード（内国株式）,建設業
1793,2026-09-29,2107.0,-0.0099,-0.0038,-0.0057,0.054,0.0037,0.0305,2104.28,2027.96,True,0.0013,0.9577,2200.0,1333.349,0.0124,0.0544,210700.0,0.6619,0.257,大本組,スタンダード（内国株式）,建設業
1795,2026-09-29,5500.0,0.0,-0.0566,-0.0231,0.1202,-0.0138,0.0966,5647.5137,5336.8379,True,-0.0261,0.9167,6000.0,4180.0,0.0166,0.0291,550000.0,1.4331,0.5027,マサル,スタンダード（内国株式）,建設業
1798,2026-09-29,1100.0,-0.0274,0.0082,0.0436,-0.0161,0.053,-0.0396,1078.36,1070.2933,True,0.0201,0.75,1466.7197,915.9713,0.0206,0.0289,110000.0,0.336,0.4711,守谷商会,スタンダード（内国株式）,建設業
1799,2026-09-29,3300.0,-0.0222,-0.003,-0.0193,-0.009,-0.01,-0.0326,3323.0,3337.2,True,-0.0069,0.7629,4325.4473,2920.3964,0.0201,0.5313,330000.0,0.9462,0.2935,第一建設工業,スタンダード（内国株式）,建設業
1801,2026-09-29,11950.0,-0.0209,-0.0613,-0.0722,-0.1614,-0.0629,-0.1849,12629.2161,13354.6054,False,-0.0538,0.5843,20450.2206,9679.9204,0.0302,99.2981,1195000.0,1.1989,0.2851,大成建設,プライム（内国株式）,建設業
1802,2026-09-29,2952.5,-0.0188,-0.0564,-0.0135,-0.0935,-0.0042,-0.117,3024.5895,3131.1298,False,-0.0238,0.6732,4385.5046,2272.2819,0.0253,77.9782,295250.0,1.0196,0.276,大林組,プライム（内国株式）,建設業
1803,2026-09-29,2096.5,-0.0301,-0.1312,-0.133,-0.1777,-0.1236,-0.2012,2360.7876,2438.7759,False,-0.1119,0.5896,3555.6314,1908.0317,0.0404,102.4797,209650.0,1.4623,0.3971,清水建設,プライム（内国株式）,建設業
1807,2026-09-29,1950.0,0.0383,0.0088,0.0015,0.0797,0.0109,0.0562,1927.8042,1873.3214,True,0.0115,0.9301,2096.5807,1646.6832,0.0148,0.0184,195000.0,0.8927,0.3072,佐藤渡辺,スタンダード（内国株式）,建設業
1808,2026-09-29,2595.5,-0.0295,-0.0682,-0.1038,-0.0872,-0.0944,-0.1108,2801.2156,2783.7252,True,-0.0734,0.7476,3471.9927,2352.0268,0.0213,24.7886,259550.0,0.9611,0.3534,長谷工コーポレーション,プライム（内国株式）,建設業
1810,2026-09-29,1404.0,-0.0134,-0.0475,-0.0671,0.0377,-0.0578,0.0142,1461.041,1428.2803,True,-0.039,0.7376,1903.5335,1279.3605,0.0152,0.5238,140400.0,1.0262,0.3801,松井建設,スタンダード（内国株式）,建設業
1811,2026-09-29,7660.0,0.0092,0.0039,-0.0328,-0.0555,-0.0235,-0.079,7689.6,7937.2,False,-0.0038,0.7911,9682.1755,5994.6664,0.016,0.1344,766000.0,1.0663,0.2035,錢高組,スタンダード（内国株式）,建設業
1812,2026-09-29,4847.0,0.0066,-0.0438,0.0044,-0.1746,0.0137,-0.1981,4914.4913,5340.5371,False,-0.0137,0.6119,7920.9475,4080.6671,0.0289,113.7976,484700.0,1.126,0.2259,鹿島建設,プライム（内国株式）,建設業
1813,2026-09-29,2915.0,-0.0364,-0.0458,0.009,0.0709,0.0183,0.0474,2907.3855,2781.3952,True,0.0026,0.7538,3867.2478,2295.3056,0.0256,2.0932,291500.0,1.0803,0.3402,不動テトラ,プライム（内国株式）,建設業
1814,2026-09-29,3525.0,0.0009,-0.0356,-0.0524,0.0747,-0.0431,0.0512,3606.1371,3508.779,True,-0.0225,0.8027,4391.339,2267.7696,0.019,2.55,352500.0,0.9762,0.3427,大末建設,プライム（内国株式）,建設業
1815,2026-09-29,2218.0,-0.0283,-0.5147,-0.5125,-0.4901,-0.5032,-0.5137,4141.92,4339.1733,False,-0.4645,0.394,5629.2143,2207.0,0.1046,3.4547,221800.0,1.0618,1.0318,鉄建建設,プライム（内国株式）,建設業
1820,2026-09-29,5361.0,-0.0311,-0.0642,-0.036,0.01,-0.0266,-0.0136,5573.9493,5429.2098,True,-0.0382,0.7953,6740.9948,4911.7014,0.0187,7.4377,536100.0,1.074,0.3962,西松建設,プライム（内国株式）,建設業
1822,2026-09-29,821.0,-0.0061,-0.0284,-0.0085,0.0874,0.0009,0.0639,827.6,792.64,True,-0.008,0.9447,869.0689,706.0,0.0137,2.1072,82100.0,1.6024,0.3367,大豊建設,スタンダード（内国株式）,建設業
1826,2026-09-29,1078.0,-0.0101,0.0047,-0.0155,0.0631,-0.0062,0.0396,1084.08,1061.1067,True,-0.0056,0.883,1220.857,962.0,0.0121,0.1014,107800.0,1.0185,0.2907,佐田建設,スタンダード（内国株式）,建設業
1827,2026-09-29,1484.0,0.0242,0.015,0.1083,0.1872,0.1176,0.1637,1368.2,1313.9067,True,0.0846,0.8928,1662.2207,791.2559,0.0344,0.2093,148400.0,1.0465,0.3877,ナカノフドー建設,スタンダード（内国株式）,建設業
1828,2026-09-29,2362.0,-0.0296,-0.0398,0.0068,-0.0256,0.0161,-0.0491,2423.84,2379.0933,True,-0.0255,0.8243,2865.3677,2175.0,0.0174,0.337,236200.0,0.9703,0.3146,田辺工業,スタンダード（内国株式）,建設業
1833,2026-09-29,5460.0,-0.0197,-0.0651,-0.0683,-0.0285,-0.0589,-0.052,5740.3371,5710.379,True,-0.0488,0.7504,7276.1634,4420.0994,0.0189,9.0746,546000.0,1.3144,0.3873,奥村組,プライム（内国株式）,建設業
1835,2026-09-29,3815.0,-0.005,-0.039,-0.0463,-0.0949,-0.0369,-0.1184,3939.4683,4072.4894,False,-0.0316,0.6555,5820.0,3800.0,0.0152,2.8454,381500.0,1.0134,0.3095,東鉄工業,プライム（内国株式）,建設業
1840,2026-09-29,254.0,0.0079,0.012,0.0079,0.0996,0.0173,0.076,254.68,245.1867,True,-0.0027,0.9621,264.0,211.0,0.016,0.0583,25400.0,1.8422,0.4175,土屋ホールディングス,スタンダード（内国株式）,建設業
1844,2026-09-29,438.0,-0.0157,-0.0223,-0.1134,-0.0861,-0.104,-0.1096,468.52,474.3053,False,-0.0651,0.3761,1164.4821,389.4622,0.0325,0.7836,43800.0,1.1799,0.3307,大盛工業,スタンダード（内国株式）,建設業
1847,2026-09-29,3395.0,-0.0059,0.0015,-0.0159,0.2938,-0.0066,0.2703,3407.4224,2996.9541,True,-0.0036,0.9537,3560.0,1702.2542,0.0175,0.8972,339500.0,0.8472,0.3187,イチケン,スタンダード（内国株式）,建設業
1848,2026-09-29,840.0,0.0319,0.0396,0.165,0.3333,0.1744,0.3098,775.2,690.8267,True,0.0836,0.9492,885.0,472.8454,0.0324,0.2789,84000.0,1.9235,0.4814,富士ピー・エス,スタンダード（内国株式）,建設業
184A,2026-09-29,317.0,-0.0031,-0.0423,-0.0155,0.0532,-0.0062,0.0296,322.24,318.2667,False,-0.0163,0.4446,713.0,298.0,0.0306,0.0165,31700.0,0.4857,0.4529,学びエイド,グロース（内国株式）,情報・通信業
1850,2026-09-29,430.0,-0.0183,-0.0205,0.0118,0.0539,0.0211,0.0304,430.92,423.3867,True,-0.0021,0.6702,641.6302,374.0,0.0191,0.0979,43000.0,0.4033,0.2678,南海辰村建設,スタンダード（内国株式）,建設業
1852,2026-09-29,874.0,-0.0124,-0.0417,-0.0531,0.0405,-0.0438,0.0169,900.9638,873.5879,True,-0.0299,0.7295,1198.1492,767.0,0.0148,3.5256,87400.0,0.7997,0.3646,淺沼組,プライム（内国株式）,建設業
1853,2026-09-29,325.0,-0.0061,0.0062,-0.0181,0.0062,-0.0088,-0.0174,326.84,326.12,True,-0.0056,0.9615,338.0,296.2765,0.0081,0.0586,32500.0,0.7784,0.3405,森組,スタンダード（内国株式）,建設業
1860,2026-09-29,1433.0,-0.0182,-0.0609,-0.0585,-0.12,-0.0492,-0.1436,1505.0635,1531.9612,True,-0.0479,0.8648,1657.0,960.4169,0.0206,11.4695,143300.0,0.7222,0.3552,戸田建設,プライム（内国株式）,建設業
1861,2026-09-29,1254.0,-0.0234,-0.0529,-0.0376,-0.1225,-0.0283,-0.146,1295.3924,1369.3175,False,-0.032,0.6244,2008.22,1158.5033,0.0192,10.7864,125400.0,0.8222,0.3288,熊谷組,プライム（内国株式）,建設業
1866,2026-09-29,1108.0,-0.0195,-0.0264,-0.0689,0.0259,-0.0596,0.0024,1156.8,1126.7467,True,-0.0422,0.6617,1674.4461,925.0,0.0204,0.1504,110800.0,0.8843,0.212,北野建設,スタンダード（内国株式）,建設業
1867,2026-09-29,2729.0,0.0089,-0.0047,-0.0152,0.1203,-0.0058,0.0967,2717.72,2648.3867,True,0.0042,0.8682,3143.4298,2200.0,0.0154,0.1714,272900.0,1.021,0.2278,植木組,スタンダード（内国株式）,建設業
186A,2026-09-29,1195.0,0.0017,0.1179,0.0575,0.0162,0.0668,-0.0074,1105.76,1165.4133,False,0.0807,0.3964,3015.0,575.0,0.0486,41.1093,119500.0,0.93,0.4891,アストロスケールホールディングス,グロース（内国株式）,サービス業
1870,2026-09-29,2088.0,-0.0156,-0.0479,-0.0431,0.1479,-0.0338,0.1243,2151.7899,1983.9566,True,-0.0296,0.8457,2468.9345,1780.0,0.0153,2.9022,208800.0,0.8731,0.3731,矢作建設工業,プライム（内国株式）,建設業
1871,2026-09-29,2121.0,-0.0224,-0.0359,-0.0967,-0.0385,-0.0874,-0.0621,2227.9973,2238.1191,True,-0.048,0.6147,3450.4907,1673.7309,0.0223,2.2024,212100.0,1.1915,0.2386,ピーエス・コンストラクション,プライム（内国株式）,建設業
1873,2026-09-29,310.0,-0.0221,-0.0032,-0.0606,0.0299,-0.0513,0.0064,316.88,311.16,True,-0.0217,0.9309,333.0,285.0,0.0152,0.2694,31000.0,0.8584,0.3394,日本ハウスホールディングス,プライム（内国株式）,建設業
1878,2026-09-29,3143.0,-0.0175,-0.0734,-0.0556,0.0126,-0.0463,-0.011,3304.9254,3221.0618,True,-0.049,0.8168,3848.0,2781.2374,0.019,50.3537,314300.0,1.0045,0.4229,大東建託,プライム（内国株式）,不動産業
1879,2026-09-29,2222.0,-0.0155,-0.0488,-0.0516,0.0766,-0.0423,0.053,2298.5707,2204.4302,True,-0.0333,0.9297,2390.0,1704.8334,0.0212,6.2843,222200.0,1.7649,0.2999,新日本建設,プライム（内国株式）,建設業
1882,2026-09-29,1556.0,-0.0095,-0.0395,-0.046,0.0071,-0.0367,-0.0164,1605.7955,1586.0518,True,-0.031,0.8168,1905.0139,1420.4735,0.0128,6.3102,155600.0,1.12,0.3578,東亜道路工業,プライム（内国株式）,建設業
1885,2026-09-29,2085.0,-0.0172,-0.0544,-0.0271,0.0068,-0.0177,-0.0168,2118.3814,2095.7938,False,-0.0158,0.4541,4591.6713,1931.0,0.0278,9.2716,208500.0,0.9473,0.3728,東亜建設工業,プライム（内国株式）,建設業
1887,2026-09-29,532.0,-0.0256,-0.038,-0.038,0.0231,-0.0287,-0.0005,548.72,533.3333,True,-0.0305,0.7606,699.4265,469.9671,0.0137,1.3475,53200.0,0.6643,0.3157,日本国土開発,プライム（内国株式）,建設業
1888,2026-09-29,3685.0,-0.0238,0.0041,-0.0515,0.1269,-0.0422,0.1034,3725.4,3543.0,True,-0.0108,0.6917,5327.7264,3135.0,0.021,0.5895,368500.0,0.7826,0.4387,若築建設,プライム（内国株式）,建設業
1893,2026-09-29,1457.0,-0.0235,-0.0796,0.001,-0.1422,0.0103,-0.1657,1482.4123,1563.2041,False,-0.0171,0.6571,2217.2572,1047.2527,0.0356,32.9391,145700.0,1.1745,0.3958,五洋建設,プライム（内国株式）,建設業
1897,2026-09-29,3620.0,-0.0622,-0.0216,0.1207,0.126,0.1301,0.1024,3411.4,3234.5333,True,0.0611,0.9118,3970.0,2818.4067,0.0257,0.0349,362000.0,1.9341,0.7754,金下建設,スタンダード（内国株式）,建設業
1898,2026-09-29,1434.0,-0.0069,-0.0453,-0.0446,-0.0104,-0.0353,-0.0339,1485.429,1468.503,True,-0.0346,0.8487,1689.605,1395.0,0.0114,2.5507,143400.0,1.1079,0.4455,世紀東急工業,プライム（内国株式）,建設業
1899,2026-09-29,4720.0,-0.0177,0.0011,-0.0579,0.2791,-0.0486,0.2556,4714.4,4213.6,True,0.0012,0.9183,5140.0,3167.3514,0.0253,2.6916,472000.0,0.6997,0.351,福田組,プライム（内国株式）,建設業
189A,2026-09-29,1089.0,0.0,0.0187,0.0967,0.1192,0.106,0.0957,1032.2,994.2267,True,0.055,0.7416,1468.4543,869.3249,0.0142,0.0295,108900.0,1.3953,0.4065,Ｄ＆Ｍカンパニー,グロース（内国株式）,サービス業
1904,2026-09-29,1255.0,0.0649,-0.7591,-0.7544,-0.749,-0.7451,-0.7725,4485.4658,4865.2219,False,-0.7202,0.2229,5630.0,1178.5,0.272,0.6497,125500.0,3.0204,1.1899,大成温調,スタンダード（内国株式）,建設業
190A,2026-09-29,67.0,0.0,-0.0147,-0.0694,-0.1184,-0.0601,-0.142,71.32,76.1867,False,-0.0606,0.3743,179.0,66.0,0.0309,0.2082,6700.0,0.4949,0.1931,Ｃｈｏｒｄｉａ　Ｔｈｅｒａｐｅｕｔｉｃｓ,グロース（内国株式）,医薬品
1911,2026-09-29,1185.0,-0.0223,-0.0558,-0.1183,-0.1225,-0.109,-0.1461,1279.86,1317.6021,False,-0.0741,0.6439,1840.4183,1182.5,0.0205,58.6518,118500.0,1.2792,0.3248,住友林業,プライム（内国株式）,建設業
1914,2026-09-29,812.0,-0.0061,0.0062,0.024,0.2174,0.0333,0.1938,803.84,730.5067,True,0.0102,0.9621,844.0,585.8214,0.0169,0.2148,81200.0,0.5674,0.226,日本基礎技術,スタンダード（内国株式）,建設業
1921,2026-09-29,1903.0,-0.069,-0.0466,-0.0241,0.0602,-0.0148,0.0366,1937.52,1821.0133,True,-0.0178,0.8284,2297.2735,1426.0971,0.0412,0.2733,190300.0,0.9354,0.3165,巴コーポレーション,スタンダード（内国株式）,建設業
1925,2026-09-29,2173.5,-0.0005,-0.5302,-0.5391,-0.5079,-0.5298,-0.5315,4267.1088,4438.5163,False,-0.4906,0.382,5689.8217,2169.0,0.1071,92.2292,217350.0,1.4578,1.08,大和ハウス工業,プライム（内国株式）,建設業
1926,2026-09-29,948.0,0.0194,-0.7606,-0.7522,-0.7671,-0.7428,-0.7906,3362.3514,3729.5838,False,-0.7181,0.2223,4263.5693,928.8015,0.2841,5.1057,94800.0,1.7879,1.1292,ライト工業,プライム（内国株式）,建設業
1928,2026-09-29,3317.0,-0.0172,-0.0253,-0.0413,-0.0,-0.032,-0.0236,3391.16,3381.8902,True,-0.0219,0.8826,3758.4254,3033.246,0.0156,86.6185,331700.0,0.9742,0.216,積水ハウス,プライム（内国株式）,建設業
1929,2026-09-29,1200.0,-0.0099,-0.0361,0.0118,0.0909,0.0211,0.0674,1205.7157,1152.5719,True,-0.0047,0.837,1433.6569,1074.0,0.0154,1.2041,120000.0,1.079,0.3303,日特建設,プライム（内国株式）,建設業
192A,2026-09-29,1346.0,-0.0007,0.0632,0.097,0.0997,0.1063,0.0761,1272.24,1242.8267,False,0.058,0.5931,2269.2779,1175.0,0.022,0.0395,134600.0,0.7513,0.4386,インテグループ,グロース（内国株式）,サービス業
1930,2026-09-29,1566.0,-0.0157,-0.0321,0.0019,-0.0583,0.0112,-0.0819,1567.7248,1588.0016,False,-0.0011,0.8751,1789.5408,1287.3688,0.0173,0.8107,156600.0,0.58,0.3279,北陸電気工事,プライム（内国株式）,建設業
1934,2026-09-29,2548.0,-0.0155,-0.0471,-0.0162,0.0559,-0.0069,0.0324,2594.7695,2466.4965,True,-0.018,0.7815,3260.2706,2234.0,0.0198,3.5031,254800.0,0.845,0.2821,ユアテック,プライム（内国株式）,建設業
1938,2026-09-29,2541.0,-0.0163,-0.0324,-0.0109,-0.0592,-0.0016,-0.0828,2559.5107,2574.2902,False,-0.0072,0.7891,3220.0,1842.2431,0.0226,1.9609,254100.0,0.7422,0.2632,日本リーテック,プライム（内国株式）,建設業
1939,2026-09-29,2279.0,-0.0083,-0.0083,0.044,0.1058,0.0533,0.0822,2254.9907,2097.2902,True,0.0106,0.9661,2359.0,1273.1755,0.0211,2.472,227900.0,0.9445,0.2132,四電工,プライム（内国株式）,建設業
1941,2026-09-29,5060.0,-0.0117,-0.0269,-0.0117,-0.0647,-0.0024,-0.0882,5140.7892,5185.7297,True,-0.0157,0.8846,5720.0,3674.1497,0.017,4.0278,506000.0,0.9314,0.2319,中電工,プライム（内国株式）,建設業
1942,2026-09-29,5470.0,-0.0223,-0.0329,-0.0024,-0.1863,0.0069,-0.2098,5542.8611,5905.4604,False,-0.0131,0.7332,7460.0,3833.6505,0.026,53.1168,547000.0,1.0256,0.2166,関電工,プライム（内国株式）,建設業
1944,2026-09-29,6675.0,-0.0179,-0.0464,-0.043,-0.16,-0.0337,-0.1835,6927.7206,7272.6135,False,-0.0365,0.7787,8572.0,4846.8711,0.025,41.9145,667500.0,0.6667,0.2443,きんでん,プライム（内国株式）,建設業
1945,2026-09-29,2088.0,-0.0048,-0.0378,-0.01,0.0029,-0.0006,-0.0207,2106.253,2107.7377,False,-0.0087,0.7858,2657.0,1534.8208,0.0252,3.3628,208800.0,0.7764,0.2851,東京エネシス,プライム（内国株式）,建設業
1946,2026-09-29,2153.0,-0.024,-0.0406,-0.0169,-0.0414,-0.0076,-0.0649,2205.6134,2165.0711,True,-0.0239,0.8564,2514.0,1300.9178,0.0259,3.7202,215300.0,0.9152,0.2559,トーエネック,プライム（内国株式）,建設業
194A,2026-09-29,1700.0,-0.0185,-0.0207,-0.0957,0.2319,-0.0864,0.2083,1826.12,1610.8533,True,-0.0691,0.5862,2900.0,911.0,0.0402,1.5949,170000.0,1.6071,0.3248,ＷＯＬＶＥＳ　ＨＡＮＤ,グロース（内国株式）,サービス業
1950,2026-09-29,3960.0,-0.0234,-0.0469,-0.005,-0.0949,0.0043,-0.1184,4018.6,4108.0667,False,-0.0146,0.7374,5370.0,2573.0969,0.024,4.2394,396000.0,1.0455,0.2947,日本電設工業,プライム（内国株式）,建設業
1951,2026-09-29,2532.0,-0.015,-0.0384,-0.0385,-0.0833,-0.0292,-0.1068,2597.5,2653.56,False,-0.0252,0.828,3058.0,2065.3114,0.0161,11.868,253200.0,0.8614,0.3139,エクシオグループ,プライム（内国株式）,建設業
1952,2026-09-29,3140.0,-0.0079,-0.0398,0.008,-0.1627,0.0173,-0.1862,3158.7926,3340.3975,False,-0.0059,0.7283,4311.6212,2705.5423,0.0213,4.3276,314000.0,0.7042,0.3059,新日本空調,プライム（内国株式）,建設業
1959,2026-09-29,7898.0,-0.0153,-0.0236,-0.0432,-0.1513,-0.0339,-0.1748,8095.7335,8583.5512,False,-0.0244,0.7566,10438.3519,6775.0625,0.0188,13.3351,789800.0,0.7814,0.2795,クラフティア,プライム（内国株式）,建設業
195A,2026-09-29,674.0,-0.1096,-0.0316,0.1177,-0.0161,0.1271,-0.0396,672.48,687.28,True,0.0023,0.462,1459.0,570.0,0.0599,0.1706,67400.0,0.9531,0.3296,ＭＵＳＣＡＴ　ＧＲＯＵＰ,グロース（内国株式）,サービス業
1960,2026-09-29,1669.0,-0.0182,-0.0113,0.0109,0.1938,0.0202,0.1703,1675.72,1546.1733,True,-0.004,0.9324,1790.0,903.9858,0.0279,0.2542,166900.0,0.4515,0.3199,サンテック,スタンダード（内国株式）,建設業
1961,2026-09-29,2579.0,0.0037,0.023,0.0475,-0.1293,0.0568,-0.1528,2446.9179,2552.4393,True,0.054,0.7875,3275.0,1541.3798,0.0282,11.6476,257900.0,0.8559,0.4636,三機工業,プライム（内国株式）,建設業
1963,2026-09-29,2212.0,-0.0271,-0.0625,-0.0353,-0.1168,-0.026,-0.1403,2322.94,2379.9867,False,-0.0478,0.7556,2927.5,1388.8007,0.0314,34.7412,221200.0,0.865,0.2659,日揮ホールディングス,プライム（内国株式）,建設業
1964,2026-09-29,3870.0,-0.0153,-0.0227,-0.0607,-0.0421,-0.0514,-0.0656,3961.4,3996.6667,False,-0.0231,0.7701,5025.0575,3755.0,0.0156,0.8051,387000.0,0.5638,0.3479,中外炉工業,プライム（内国株式）,建設業
1965,2026-09-29,2326.0,-0.0068,-0.6747,-0.6658,-0.5934,-0.6565,-0.6169,6145.0809,6027.6936,False,-0.6215,0.2541,9155.6585,2261.6846,0.2431,4.6688,232600.0,1.3251,0.884,テクノ菱和,スタンダード（内国株式）,建設業
1966,2026-09-29,1735.0,-0.0052,-0.0029,0.0,0.0058,0.0093,-0.0177,1736.92,1729.0267,True,-0.0011,0.8804,1970.7513,1465.8004,0.008,0.0389,173500.0,0.4575,0.3733,高田工業所,スタンダード（内国株式）,建設業
1967,2026-09-29,2141.0,-0.012,0.009,0.0176,0.077,0.0269,0.0534,2108.68,2052.04,False,0.0153,0.869,2463.7074,1785.6764,0.0166,0.345,214100.0,0.711,0.3149,ヤマト,スタンダード（内国株式）,建設業
1968,2026-09-29,2442.0,-0.0251,-0.0575,-0.0177,-0.0427,-0.0084,-0.0663,2507.36,2508.2667,False,-0.0261,0.7802,3130.0,1957.8438,0.0238,3.0528,244200.0,0.7583,0.2697,太平電業,プライム（内国株式）,建設業
1969,2026-09-29,4627.0,-0.0004,-0.0075,0.061,-0.0895,0.0703,-0.1131,4443.2373,4555.5191,False,0.0414,0.8177,5658.6621,3892.8524,0.0246,23.202,462700.0,0.9314,0.3799,高砂熱学工業,プライム（内国株式）,建設業
196A,2026-09-29,319.0,-0.0274,0.0063,-0.086,0.1,-0.0766,0.0765,332.96,296.8533,True,-0.0419,0.8159,391.0,226.0,0.0403,0.4061,31900.0,0.7787,0.1944,ＭＦＳ,グロース（内国株式）,その他金融業
1972,2026-09-29,1280.0,0.0103,-0.0296,-0.0455,0.0248,-0.0362,0.0013,1317.1276,1282.9625,True,-0.0282,0.8298,1542.6174,1164.0,0.0152,0.399,128000.0,0.9721,0.3172,三晃金属工業,スタンダード（内国株式）,建設業
1975,2026-09-29,3825.0,-0.02,-0.0414,-0.0242,-0.1462,-0.0149,-0.1697,3892.1238,4032.7079,False,-0.0172,0.787,4860.0,2752.7413,0.0275,2.6232,382500.0,0.7064,0.2851,朝日工業社,プライム（内国株式）,建設業
1976,2026-09-29,1713.0,-0.0023,-0.0166,-0.0155,-0.07,-0.0062,-0.0936,1722.023,1803.0477,False,-0.0052,0.8118,2110.0,1520.5588,0.0158,1.4922,171300.0,0.8712,0.2653,明星工業,プライム（内国株式）,建設業
1979,2026-09-29,3715.0,-0.0054,-0.0401,-0.0462,-0.2518,-0.0369,-0.2753,3845.7709,4296.7236,False,-0.034,0.7313,5080.0,2696.3207,0.02,7.5901,371500.0,0.6662,0.3775,大氣社,プライム（内国株式）,建設業
197A,2026-09-29,518.0,-0.0077,-0.0019,0.0298,0.0975,0.0391,0.0739,510.32,486.4437,True,0.015,0.9391,551.6041,458.1961,0.0138,1.0346,51800.0,0.8988,0.476,タウンズ,スタンダード（内国株式）,医薬品
1980,2026-09-29,2884.0,-0.0041,-0.0079,0.0322,0.0042,0.0415,-0.0194,2794.992,2724.7573,True,0.0318,0.7995,3607.2829,1921.2703,0.0298,14.4599,288400.0,0.7916,0.3903,ダイダン,プライム（内国株式）,建設業
1981,2026-09-29,1349.0,-0.0022,0.0135,0.0128,0.0313,0.0221,0.0078,1336.0,1324.04,True,0.0097,0.7182,1878.2014,1290.0,0.0069,0.0378,134900.0,0.5997,0.3985,協和日成,スタンダード（内国株式）,建設業
1982,2026-09-29,3175.0,-0.0109,-0.0155,0.0531,0.0308,0.0624,0.0073,3079.1065,3008.5022,True,0.0311,0.915,3470.0,2024.6655,0.0324,3.026,317500.0,0.7714,0.3338,日比谷総合設備,プライム（内国株式）,建設業
198A,2026-09-29,161.0,-0.0242,-0.0183,-0.0585,0.1583,-0.0492,0.1347,164.44,153.64,True,-0.0209,0.3194,504.0,129.0,0.0226,0.0986,16100.0,0.1534,0.1922,ＰｏｓｔＰｒｉｍｅ,グロース（内国株式）,情報・通信業
1992,2026-09-29,2963.0,-0.0003,-0.0077,-0.0077,-0.012,0.0016,-0.0355,2968.4,2949.28,True,-0.0018,0.9406,3150.0,2534.7792,0.0037,0.0077,296300.0,1.6527,0.9211,神田通信機,スタンダード（内国株式）,建設業
1994,2026-09-29,606.0,-0.013,-0.021,0.0033,0.0802,0.0126,0.0567,614.92,574.6747,True,-0.0145,0.9296,651.8907,475.9461,0.0189,0.1092,60600.0,0.4029,0.2188,高橋カーテンウォール工業,スタンダード（内国株式）,建設業
1997,2026-09-29,4020.0,-0.0135,0.0139,-0.0313,0.0149,-0.022,-0.0087,4004.0285,3883.4961,True,0.004,0.9113,4411.4935,2901.6103,0.0155,0.0781,402000.0,0.3017,0.376,暁飯島工業,スタンダード（内国株式）,建設業
2001,2026-09-29,2840.0,-0.018,-0.0596,-0.022,0.0121,-0.0127,-0.0114,2946.4279,2848.4626,True,-0.0361,0.9296,3055.0,2149.4728,0.0199,4.6919,284000.0,0.8736,0.4018,ニップン,プライム（内国株式）,食料品
2002,2026-09-29,1968.0,-0.012,-0.0559,-0.032,-0.0088,-0.0227,-0.0324,2040.0441,2014.4747,True,-0.0353,0.8952,2198.5,1699.4824,0.0192,19.5998,196800.0,1.1242,0.3884,日清製粉グループ本社,プライム（内国株式）,食料品
2003,2026-09-29,1860.0,-0.0138,-0.0323,0.0293,0.0789,0.0386,0.0553,1843.0633,1789.4611,True,0.0092,0.9598,1938.0,1619.2409,0.0145,0.399,186000.0,0.931,0.329,日東富士製粉,スタンダード（内国株式）,食料品
2004,2026-09-29,3770.0,-0.022,-0.0528,0.0,0.1121,0.0093,0.0886,3840.1857,3586.5286,True,-0.0183,0.9472,3980.0,2769.6079,0.0192,2.3233,377000.0,1.0813,0.3183,昭和産業,プライム（内国株式）,食料品
2009,2026-09-29,1119.0,0.0027,0.009,0.0247,0.0458,0.034,0.0223,1103.04,1088.3467,True,0.0145,0.9973,1122.0,973.3036,0.007,0.1529,111900.0,1.2369,0.3564,鳥越製粉,スタンダード（内国株式）,食料品
2053,2026-09-29,1986.0,-0.0144,-0.0443,-0.01,0.0776,-0.0007,0.054,2023.2185,1938.9928,True,-0.0184,0.9489,2093.0,1548.1602,0.0202,1.9958,198600.0,1.9451,0.3148,中部飼料,プライム（内国株式）,食料品
2055,2026-09-29,344.0,0.0058,0.0,-0.0143,0.0717,-0.005,0.0481,346.04,336.3067,True,-0.0059,0.8424,408.3423,310.0,0.0129,0.0286,34400.0,0.6037,0.2258,日和産業,スタンダード（内国株式）,食料品
205A,2026-09-29,1654.0,-0.0102,-0.0084,-0.0131,0.0337,-0.0038,0.0102,1657.2,1702.8933,False,-0.0019,0.7528,2197.0,1277.3523,0.0132,0.4128,165400.0,0.642,0.3797,ロゴスホールディングス,グロース（内国株式）,建設業
2060,2026-09-29,1436.0,-0.0103,-0.0349,0.025,0.1703,0.0343,0.1468,1444.6077,1330.7092,True,-0.006,0.9644,1489.0,945.6684,0.0196,1.5417,143600.0,1.0703,0.2432,フィード・ワン,プライム（内国株式）,食料品
206A,2026-09-29,167.0,0.006,0.0121,-0.0176,0.1597,-0.0083,0.1362,170.2,155.96,True,-0.0188,0.5986,279.0,125.0,0.0398,0.1594,16700.0,0.7547,0.2409,ＰＲＩＳＭ　ＢｉｏＬａｂ,グロース（内国株式）,医薬品
208A,2026-09-29,2865.0,-0.0168,-0.0141,-0.0344,0.0239,-0.0251,0.0004,2922.08,2895.5446,True,-0.0195,0.8416,3404.2012,2728.1351,0.009,0.2222,286500.0,0.5961,0.2574,構造計画研究所ホールディングス,スタンダード（内国株式）,情報・通信業
2108,2026-09-29,1769.0,0.0206,-0.6656,-0.6772,-0.628,-0.6679,-0.6515,4819.2933,4872.0978,True,-0.6329,0.2958,5980.0,1714.0,0.185,2.0999,176900.0,1.8395,1.0988,日本甜菜製糖,プライム（内国株式）,食料品
2109,2026-09-29,3805.0,-0.0091,-0.0193,0.0425,0.1835,0.0518,0.16,3774.8537,3494.2179,True,0.008,0.9794,3885.0,2943.6416,0.0155,2.1995,380500.0,1.2002,0.2426,ＤＭ三井製糖,プライム（内国株式）,食料品
2112,2026-09-29,450.0,-0.0066,-0.0323,-0.0566,0.0417,-0.0473,0.0181,467.1579,450.5593,True,-0.0367,0.7851,573.1651,395.9174,0.0149,0.1517,45000.0,0.7362,0.3135,塩水港精糖,スタンダード（内国株式）,食料品
2114,2026-09-29,646.0,-0.0256,-0.043,-0.0271,0.0353,-0.0178,0.0117,670.2381,642.026,True,-0.0362,0.9308,694.0,516.4001,0.0107,0.2046,64600.0,2.2267,0.4911,フジ日本,スタンダード（内国株式）,食料品
2117,2026-09-29,2763.0,-0.0129,-0.0369,-0.0326,0.0684,-0.0232,0.0449,2830.8792,2737.8531,True,-0.024,0.9265,2982.2687,2456.216,0.0135,0.7594,276300.0,1.0825,0.3548,ウェルネオシュガー,プライム（内国株式）,食料品
211A,2026-09-29,3185.0,-0.0155,-0.029,-0.0563,-0.0873,-0.047,-0.1109,3338.4,3391.7069,False,-0.046,0.6602,4824.6508,3075.0,0.0166,0.1598,318500.0,1.1904,0.5014,カドス・コーポレーション,スタンダード（内国株式）,建設業
2120,2026-09-29,235.0,0.034,-0.0084,-0.0042,0.199,0.0051,0.1754,233.381,213.1937,True,0.0069,0.9438,249.0,157.0,0.0302,2.3542,23500.0,1.3771,0.2115,ＬＩＦＵＬＬ,プライム（内国株式）,サービス業
2121,2026-09-29,3715.0,-0.008,-0.0326,0.0363,0.3724,0.0456,0.3488,3666.5716,3178.5105,True,0.0132,0.9562,3885.0,2449.0,0.0256,13.4869,371500.0,0.8732,0.3361,ＭＩＸＩ,プライム（内国株式）,情報・通信業
2122,2026-09-29,1342.0,-0.0635,-0.0681,-0.0815,0.0323,-0.0721,0.0088,1459.2197,1391.6732,True,-0.0803,0.8829,1520.0,1063.2625,0.0204,0.1511,134200.0,2.0795,0.6289,インタースペース,スタンダード（内国株式）,サービス業
2124,2026-09-29,1042.0,0.001,-0.0086,0.0611,0.2201,0.0704,0.1966,1000.72,934.3745,True,0.0413,0.9759,1067.7617,801.7991,0.0228,4.4327,104200.0,0.7661,0.5171,ジェイエイシーリクルートメント,プライム（内国株式）,サービス業
2127,2026-09-29,614.8,-0.0053,-0.0642,-0.1074,-0.0344,-0.0981,-0.0579,654.0949,655.777,False,-0.0601,0.774,794.2644,606.4937,0.0216,25.8259,61479.9988,1.1842,0.3924,日本Ｍ＆Ａセンターホールディングス,プライム（内国株式）,サービス業
212A,2026-09-29,2922.0,0.0425,0.0668,-0.0162,0.0537,-0.0068,0.0302,2882.92,2808.8533,True,0.0136,0.8278,3529.706,2097.8725,0.0321,4.9212,292200.0,1.632,0.3897,フィットイージー,プライム（内国株式）,サービス業
2130,2026-09-29,918.0,-0.0086,-0.0076,-0.0161,-0.1207,-0.0068,-0.1442,919.04,993.2,False,-0.0011,0.64,1434.4129,862.0,0.015,0.5322,91800.0,0.5916,0.4135,メンバーズ,プライム（内国株式）,サービス業
2134,2026-09-29,18.0,0.0,0.0,-0.1429,-0.3333,-0.1335,-0.3569,19.68,23.4133,False,-0.0854,0.3158,57.0,16.0,0.0754,0.3784,1800.0,2.0726,0.3684,北浜キャピタルパートナーズ,スタンダード（内国株式）,サービス業
2136,2026-09-29,1425.0,-0.0035,0.0157,-0.0035,-0.0594,0.0058,-0.0829,1419.04,1433.28,True,0.0042,0.8976,1587.5508,1280.7454,0.0136,0.0251,142500.0,1.9228,0.2059,ヒップ,スタンダード（内国株式）,サービス業
2138,2026-09-29,425.0,-0.0093,-0.0093,-0.0639,0.1644,-0.0546,0.1408,439.88,435.1733,False,-0.0338,0.6768,628.0,356.0,0.0383,0.1876,42500.0,1.3601,0.2272,クルーズ,スタンダード（内国株式）,情報・通信業
2139,2026-09-29,522.0,-0.0132,0.0038,-0.0057,0.0276,0.0036,0.004,522.48,516.4933,True,-0.0009,0.9471,551.1633,396.0571,0.0092,0.0306,52200.0,2.7897,0.3134,中広,スタンダード（内国株式）,サービス業
2146,2026-09-29,239.0,0.0042,-0.0124,0.0346,0.3815,0.0439,0.358,231.84,200.2767,True,0.0309,0.9835,243.0,163.5952,0.023,10.5664,23900.0,0.7317,0.4545,ＵＴグループ,プライム（内国株式）,サービス業
2148,2026-09-29,1137.0,-0.0173,-0.0181,-0.0889,-0.0122,-0.0796,-0.0357,1187.36,1184.7867,False,-0.0424,0.6255,1817.818,1117.0,0.0153,0.5073,113700.0,0.9744,0.2697,アイティメディア,プライム（内国株式）,サービス業
2152,2026-09-29,1526.0,-0.0174,-0.0136,-0.011,0.0739,-0.0017,0.0503,1538.92,1499.2133,True,-0.0084,0.9373,1628.0,1327.1047,0.0098,0.0131,152600.0,1.1154,0.4354,幼児活動研究会,スタンダード（内国株式）,サービス業
2153,2026-09-29,1884.0,-0.0121,-0.0042,0.0091,0.168,0.0184,0.1445,1860.8,1746.4267,True,0.0125,0.9869,1909.0,1537.8385,0.0118,1.0888,188400.0,1.0094,0.4471,Ｅ・Ｊホールディングス,プライム（内国株式）,サービス業
2154,2026-09-29,2012.0,-0.0113,-0.0152,-0.0219,0.0496,-0.0126,0.026,2012.36,1967.1111,True,-0.0002,0.9554,2106.0,1559.6947,0.0164,3.0471,201200.0,0.9781,0.4282,オープンアップグループ,プライム（内国株式）,サービス業
2156,2026-09-29,290.0,0.0284,0.032,0.0507,0.1069,0.06,0.0833,278.68,270.6933,True,0.0406,0.7684,377.4262,251.0,0.0261,0.266,29000.0,4.9267,0.8321,セーラー広告,スタンダード（内国株式）,サービス業
2157,2026-09-29,996.0,-0.004,-0.0119,-0.0178,0.0528,-0.0084,0.0293,1012.3759,997.14,True,-0.0162,0.6952,1432.6125,889.8367,0.0186,9.2215,99600.0,0.7519,0.2154,コシダカホールディングス,プライム（内国株式）,サービス業
2158,2026-09-29,661.0,-0.006,0.0542,0.0442,0.089,0.0535,0.0654,633.44,622.68,True,0.0435,0.5982,1105.0,536.0,0.0234,1.133,66100.0,0.9395,0.4129,ＦＲＯＮＴＥＯ,グロース（内国株式）,サービス業
215A,2026-09-29,1333.0,-0.003,0.0106,-0.2456,-0.1242,-0.2363,-0.1477,1534.32,1508.24,True,-0.1312,0.7304,1825.0,1032.0,0.0614,36.2436,133300.0,1.8589,0.1771,タイミー,グロース（内国株式）,サービス業
2160,2026-09-29,3260.0,0.0235,0.0892,0.1359,0.1447,0.1452,0.1211,2938.12,2739.6667,True,0.1096,0.8717,3740.0,2112.0,0.0413,33.8765,326000.0,1.2308,0.4607,ジーエヌアイグループ,グロース（内国株式）,医薬品
2163,2026-09-29,944.0,-0.0136,-0.0074,-0.0288,-0.005,-0.0195,-0.0285,959.52,953.6701,True,-0.0162,0.891,1059.4254,901.7784,0.0134,0.3701,94400.0,0.667,0.2136,アルトナー,プライム（内国株式）,サービス業
2164,2026-09-29,108.0,-0.0357,-0.0182,-0.3121,-0.3121,-0.3028,-0.3356,125.72,148.88,False,-0.1409,0.473,228.3333,107.0,0.0351,0.1876,10800.0,0.4338,0.2642,地域新聞社,スタンダード（内国株式）,サービス業
2168,2026-09-29,1538.0,-0.0103,-0.0357,-0.0969,0.0267,-0.0876,0.0032,1623.32,1570.64,False,-0.0526,0.6911,2225.3,1345.0,0.0219,2.4833,153800.0,0.8373,0.3002,パソナグループ,プライム（内国株式）,サービス業
2169,2026-09-29,1757.0,-0.0062,0.0133,0.0227,0.0215,0.032,-0.002,1732.88,1720.2702,False,0.0139,0.9701,1811.1079,1688.0488,0.0076,0.0488,175700.0,0.8273,0.3989,ＣＤＳ,スタンダード（内国株式）,サービス業
2170,2026-09-29,660.0,-0.0162,-0.0164,-0.0769,0.2044,-0.0676,0.1808,679.8244,619.0856,True,-0.0292,0.8812,749.0,465.0105,0.0264,2.2243,66000.0,0.5097,0.3661,リンクアンドモチベーション,プライム（内国株式）,サービス業
2173,2026-09-29,782.0,-0.0051,0.0712,0.0907,0.1742,0.1,0.1506,728.28,702.2059,True,0.0738,0.7327,1067.2306,573.8532,0.0174,0.0784,78200.0,1.0042,0.7,博展,グロース（内国株式）,サービス業
2175,2026-09-29,2676.0,0.0152,0.0,0.1095,0.1979,0.1188,0.1743,2542.44,2347.4667,True,0.0525,0.9878,2709.0,1239.8793,0.0256,10.4267,267600.0,0.6217,0.3051,エス・エム・エス,プライム（内国株式）,サービス業
2179,2026-09-29,822.0,0.0043,0.0012,-0.0442,0.0512,-0.0349,0.0276,833.3566,810.1055,True,-0.0136,0.9257,888.0,737.0,0.0097,0.0341,82200.0,0.3387,0.3797,成学社,スタンダード（内国株式）,サービス業
2181,2026-09-29,282.8,-0.0028,-0.0602,-0.0384,0.1431,-0.0291,0.1195,293.0383,270.4274,True,-0.0349,0.9293,304.3,216.4806,0.0282,30.002,28279.9988,1.0255,0.3001,パーソルホールディングス,プライム（内国株式）,サービス業
2183,2026-09-29,205.0,0.0049,-0.0097,-0.0097,0.0149,-0.0003,-0.0087,205.48,207.3333,False,-0.0023,0.5953,344.3633,198.0,0.0129,0.0547,20500.0,0.6938,0.1892,リニカル,スタンダード（内国株式）,サービス業
2185,2026-09-29,1929.0,-0.0243,-0.0365,-0.0258,0.0553,-0.0164,0.0317,1982.9576,1906.0659,True,-0.0272,0.9143,2109.7328,1524.1341,0.0123,0.0406,192900.0,1.1528,0.3748,シイエム・シイ,スタンダード（内国株式）,サービス業
2186,2026-09-29,900.0,0.0045,0.0011,-0.0072,0.0092,0.0021,-0.0143,901.2707,896.4285,True,-0.0014,0.9657,932.0,862.2542,0.0048,0.1142,90000.0,0.4223,0.2066,ソーバル,スタンダード（内国株式）,サービス業
218A,2026-09-29,1039.0,0.0156,-0.0281,-0.083,-0.0086,-0.0737,-0.0321,1112.32,1066.72,False,-0.0659,0.3623,2868.0,705.0,0.0595,3.4754,103900.0,0.922,0.3512,Ｌｉｂｅｒａｗａｒｅ,グロース（内国株式）,精密機器
2193,2026-09-29,127.0,-0.0155,-0.0231,-0.0305,0.0855,-0.0212,0.0619,129.92,122.88,True,-0.0225,0.7135,178.0,111.0,0.0197,0.2748,12700.0,0.7666,0.24,クックパッド,スタンダード（内国株式）,サービス業
2195,2026-09-29,369.0,0.0,-0.0289,-0.0264,0.1865,-0.0171,0.163,370.12,345.2933,False,-0.003,0.5467,675.0,283.102,0.043,0.4198,36900.0,1.0009,0.2396,アミタホールディングス,グロース（内国株式）,サービス業
2198,2026-09-29,773.0,0.0,-0.0077,-0.0165,0.1252,-0.0072,0.1016,780.56,758.1067,False,-0.0097,0.9257,835.0,656.0,0.0142,0.207,77300.0,0.4966,0.2273,アイ・ケイ・ケイホールディングス,プライム（内国株式）,サービス業
219A,2026-09-29,2608.0,-0.0243,0.0602,0.058,0.5635,0.0673,0.54,2410.12,1931.8533,True,0.0821,0.6836,3815.0,1343.0,0.0514,12.9296,260800.0,1.3376,0.4159,Ｈｅａｒｔｓｅｅｄ,グロース（内国株式）,医薬品
2201,2026-09-29,2383.0,-0.0096,-0.0547,-0.064,-0.0831,-0.0547,-0.1067,2503.9453,2575.3618,False,-0.0483,0.8307,2868.5,2380.0,0.0143,8.845,238300.0,1.0604,0.4148,森永製菓,プライム（内国株式）,食料品
2204,2026-09-29,3065.0,-0.0208,-0.0362,-0.0362,-0.0301,-0.0268,-0.0536,3152.0,3180.8,True,-0.0276,0.9001,3405.0,2948.4927,0.012,0.3033,306500.0,1.2758,0.3126,中村屋,スタンダード（内国株式）,食料品
2206,2026-09-29,4958.0,-0.0124,-0.0205,-0.0473,-0.0724,-0.038,-0.0959,5084.72,5171.2913,False,-0.0249,0.7948,6238.2256,4685.0,0.0143,8.7506,495800.0,0.7723,0.1909,江崎グリコ,プライム（内国株式）,食料品
2207,2026-09-29,3340.0,-0.0592,-0.0375,-0.0291,0.0341,-0.0198,0.0105,3458.7292,3289.4697,True,-0.0343,0.8907,3750.0,2043.2547,0.0276,2.1416,334000.0,1.3382,0.2603,ｍｅｉｔｏ,プライム（内国株式）,食料品
2208,2026-09-29,3015.0,-0.0268,-0.0367,-0.0179,-0.0337,-0.0086,-0.0572,3099.3346,3085.2182,True,-0.0272,0.8994,3352.3972,2366.0475,0.0124,0.1429,301500.0,1.0752,0.3823,ブルボン,スタンダード（内国株式）,食料品
2209,2026-09-29,2301.0,-0.025,-0.0287,-0.0472,-0.0266,-0.0379,-0.0502,2386.04,2373.76,True,-0.0356,0.8708,2642.2512,2183.0,0.0085,0.7237,230100.0,1.7285,0.4036,井村屋グループ,プライム（内国株式）,食料品
220A,2026-09-29,925.0,0.0065,-0.0344,-0.0222,-0.0128,-0.0129,-0.0363,944.341,939.0603,False,-0.0205,0.6542,1414.0,908.0,0.0179,0.0253,92500.0,1.2231,0.2724,Ｆａｂｅｒ　Ｃｏｍｐａｎｙ,スタンダード（内国株式）,情報・通信業
2211,2026-09-29,2498.0,-0.0126,-0.0072,-0.0028,0.0625,0.0065,0.039,2504.92,2441.1067,True,-0.0028,0.941,2654.6952,2265.0,0.0095,0.6766,249800.0,1.0451,0.1946,不二家,プライム（内国株式）,食料品
2212,2026-09-29,3565.0,-0.0206,-0.0556,-0.023,0.1116,-0.0137,0.0881,3735.36,3454.72,True,-0.0456,0.8996,3963.0,2785.5058,0.026,25.8407,356500.0,1.0524,0.4526,山崎製パン,プライム（内国株式）,食料品
2215,2026-09-29,619.0,-0.0032,0.0049,0.0198,0.0317,0.0291,0.0081,614.56,607.3733,True,0.0072,0.9336,663.0,586.0,0.0106,0.0426,61900.0,0.5636,0.2283,第一屋製パン,スタンダード（内国株式）,食料品
2216,2026-09-29,1070.0,-0.0273,-0.0255,-0.0138,-0.0165,-0.0045,-0.0401,1089.96,1117.0427,True,-0.0183,0.4438,2411.0597,1030.8145,0.0154,0.6209,107000.0,0.532,0.28,カンロ,スタンダード（内国株式）,食料品
2217,2026-09-29,1482.0,-0.0179,-0.0047,-0.0231,-0.0347,-0.0138,-0.0582,1495.88,1520.3149,True,-0.0093,0.9171,1616.0,1455.4966,0.0071,0.4646,148200.0,1.0031,0.3122,モロゾフ,プライム（内国株式）,食料品
2220,2026-09-29,1269.0,-0.0298,-0.048,-0.0994,0.0376,-0.09,0.0141,1352.7595,1289.2398,True,-0.0619,0.8251,1538.0,1165.0,0.0226,3.9742,126900.0,1.1155,0.3938,亀田製菓,プライム（内国株式）,食料品
2221,2026-09-29,3045.0,-0.0065,0.0,-0.0033,-0.0049,0.006,-0.0284,3055.6,3059.0667,True,-0.0035,0.9125,3337.0718,2904.3417,0.007,0.1013,304500.0,1.287,0.1867,岩塚製菓,スタンダード（内国株式）,食料品
2222,2026-09-29,2427.5,-0.0336,-0.0609,-0.1028,-0.0247,-0.0934,-0.0483,2606.0433,2547.7878,True,-0.0685,0.871,2787.0,1687.8906,0.0321,18.8416,242750.0,1.0396,0.2857,寿スピリッツ,プライム（内国株式）,食料品
2224,2026-09-29,3790.0,0.0107,0.0202,0.0355,0.0384,0.0448,0.0148,3708.0,3683.5333,True,0.0221,0.941,4027.508,3204.0399,0.0081,0.0644,379000.0,1.2902,0.4721,コモ,スタンダード（内国株式）,食料品
2226,2026-09-29,4735.0,0.0074,-0.0347,-0.0307,0.0053,-0.0214,-0.0182,4888.8,4792.9333,True,-0.0315,0.9469,5000.7244,4353.3975,0.0076,0.3999,473500.0,3.2166,0.6653,湖池屋,スタンダード（内国株式）,食料品
2229,2026-09-29,2986.5,-0.0163,-0.0291,-0.024,0.011,-0.0147,-0.0125,3051.06,2982.84,True,-0.0212,0.9307,3209.0,2647.4284,0.0143,8.1341,298650.0,0.8851,0.2267,カルビー,プライム（内国株式）,食料品
2264,2026-09-29,1071.0,-0.0255,-0.0751,-0.0755,-0.155,-0.0662,-0.1786,1132.264,1199.9747,False,-0.0541,0.7828,1368.25,806.4782,0.0278,21.4313,107100.0,1.1622,0.3624,森永乳業,プライム（内国株式）,食料品
2266,2026-09-29,1093.0,-0.018,-0.0215,0.0102,0.0225,0.0195,-0.0011,1104.92,1086.9333,True,-0.0108,0.848,1288.888,1013.0,0.0132,1.1683,109300.0,1.4738,0.2703,六甲バター,プライム（内国株式）,食料品
2267,2026-09-29,2735.0,-0.0092,-0.047,-0.0317,-0.004,-0.0224,-0.0275,2838.55,2807.89,True,-0.0365,0.8845,3092.0,2259.2579,0.0185,28.8983,273500.0,0.8675,0.382,ヤクルト本社,プライム（内国株式）,食料品
2268,2026-09-29,4055.0,0.0025,0.0025,0.0012,-0.0025,0.0105,-0.026,4051.2,4070.6506,False,0.0009,0.971,4176.3038,3882.5427,0.0041,0.2238,405500.0,0.7225,0.1826,Ｂ－Ｒ　サーティワン　アイスクリーム,スタンダード（内国株式）,食料品
2269,2026-09-29,4168.0,-0.0137,-0.0462,-0.0648,0.1015,-0.0555,0.0779,4369.6538,4020.4979,True,-0.0461,0.9045,4608.0,2868.2942,0.0215,43.7848,416800.0,0.9654,0.2631,明治ホールディングス,プライム（内国株式）,食料品
2270,2026-09-29,3525.0,-0.0235,-0.0772,-0.055,-0.0303,-0.0456,-0.0538,3721.6,3695.7333,True,-0.0528,0.8725,4040.0,2706.0902,0.0225,5.7848,352500.0,0.9072,0.4099,雪印メグミルク,プライム（内国株式）,食料品
2281,2026-09-29,2311.0,-0.0141,-0.056,-0.0458,-0.0208,-0.0365,-0.0443,2413.6158,2401.0453,True,-0.0425,0.8007,2886.2095,2180.6697,0.0145,5.6983,231100.0,2.0005,0.4321,プリマハム,プライム（内国株式）,食料品
2282,2026-09-29,1955.5,-0.031,-0.6892,-0.6912,-0.6715,-0.6819,-0.6951,5577.5267,5963.2689,False,-0.6494,0.2635,7420.0,1941.0,0.1994,34.4421,195550.0,1.4951,1.1346,日本ハム,プライム（内国株式）,食料品
2286,2026-09-29,898.0,0.0,-0.0099,-0.0197,0.0263,-0.0103,0.0027,910.48,890.3467,True,-0.0137,0.8744,1027.0,636.8371,0.0127,0.1629,89800.0,0.627,0.3238,林兼産業,スタンダード（内国株式）,食料品
2288,2026-09-29,2157.0,-0.0327,-0.0695,-0.043,-0.034,-0.0337,-0.0576,2257.508,2249.636,True,-0.0445,0.8705,2478.0,1777.8604,0.016,4.2306,215700.0,2.0033,0.4715,丸大食品,プライム（内国株式）,食料品
228A,2026-09-29,1744.0,-0.0006,0.0211,0.0344,0.0686,0.0437,0.0451,1699.76,1671.6533,True,0.026,0.602,2897.0,1347.0,0.0205,0.0269,174400.0,0.5306,0.238,オプロ,グロース（内国株式）,情報・通信業
2291,2026-09-29,507.0,-0.002,-0.0059,-0.0078,0.0585,0.0015,0.0349,509.8,505.64,False,-0.0055,0.4601,1102.0,468.0,0.0049,0.0121,50700.0,1.0108,0.28,福留ハム,スタンダード（内国株式）,食料品
2292,2026-09-29,2680.0,-0.0172,-0.0432,-0.073,0.0337,-0.0637,0.0101,2807.7932,2709.0516,True,-0.0455,0.8449,3172.0924,2392.8296,0.0158,5.5661,268000.0,0.6166,0.3216,Ｓ　Ｆｏｏｄｓ,プライム（内国株式）,食料品
2293,2026-09-29,2674.0,0.0056,0.0,-0.0133,0.0056,-0.004,-0.0179,2694.8,2703.3733,True,-0.0077,0.8654,3090.0,2602.0,0.0045,0.0334,267400.0,1.9626,0.42,滝沢ハム,スタンダード（内国株式）,食料品
2294,2026-09-29,2475.0,-0.0104,-0.0116,-0.0481,-0.0132,-0.0388,-0.0367,2548.2,2552.6,True,-0.0287,0.8229,3007.5997,2454.0,0.0102,0.5273,247500.0,1.2503,0.1938,柿安本店,プライム（内国株式）,食料品
2296,2026-09-29,4845.0,-0.0202,-0.0425,-0.05,0.0309,-0.0407,0.0073,5042.194,4919.8647,True,-0.0391,0.7571,6399.1349,4605.0,0.0145,6.1645,484500.0,1.1139,0.3491,伊藤ハム米久ホールディングス,プライム（内国株式）,食料品
2300,2026-09-29,502.0,0.0,0.0121,0.0193,0.0213,0.0286,-0.0022,497.4187,494.6538,True,0.0092,0.9394,534.377,477.6656,0.0077,0.0139,50200.0,0.9822,0.6222,きょくとう,スタンダード（内国株式）,サービス業
2301,2026-09-29,1754.0,-0.0006,-0.0157,0.0145,0.1031,0.0238,0.0796,1719.84,1644.1067,True,0.0199,0.9423,1861.4639,1506.0,0.0218,1.7873,175400.0,1.4602,0.4858,学情,プライム（内国株式）,サービス業
2303,2026-09-29,1343.0,0.0083,0.0067,-0.0125,0.0419,-0.0032,0.0183,1354.4,1296.4267,True,-0.0084,0.8753,1534.3829,1150.2922,0.0235,0.2026,134300.0,0.5901,0.1937,ドーン,スタンダード（内国株式）,情報・通信業
2304,2026-09-29,904.0,0.0135,-0.0044,-0.0185,-0.0099,-0.0091,-0.0334,909.52,918.9867,False,-0.0061,0.8615,1049.2762,889.0658,0.009,0.0419,90400.0,1.0372,0.2577,ＣＳＳホールディングス,スタンダード（内国株式）,サービス業
2305,2026-09-29,1829.0,-0.0198,-0.0224,-0.0528,-0.0145,-0.0435,-0.0381,1873.0,1891.68,True,-0.0235,0.8888,2057.7205,1720.0,0.012,0.6785,182900.0,0.6428,0.25,スタジオアリス,スタンダード（内国株式）,サービス業
2307,2026-09-29,1057.0,-0.0167,-0.0329,0.0067,0.1221,0.016,0.0985,1060.6,1011.0,True,-0.0034,0.8533,1238.7048,891.2515,0.0238,0.5379,105700.0,1.9171,0.3023,クロスキャット,プライム（内国株式）,情報・通信業
2311,2026-09-29,786.0,-0.0038,0.0077,0.0026,0.0452,0.0119,0.0217,786.0,775.25,True,0.0,0.9274,847.5533,736.0,0.0113,0.0661,78600.0,0.7057,0.1806,エプコ,スタンダード（内国株式）,サービス業
2315,2026-09-29,66.0,0.0154,0.0,0.0,0.1379,0.0093,0.1144,66.72,62.2,True,-0.0108,0.4818,137.0,53.0,0.0476,3.3076,6600.0,0.9975,0.2864,ＣＡＩＣＡ　ＤＩＧＩＴＡＬ,スタンダード（内国株式）,情報・通信業
2317,2026-09-29,422.0,-0.0094,-0.0431,-0.0474,0.0657,-0.0381,0.0421,440.1975,424.4925,True,-0.0413,0.7752,544.4033,385.0,0.0216,4.3194,42200.0,0.7589,0.296,システナ,プライム（内国株式）,情報・通信業
2321,2026-09-29,142.0,-0.0274,-0.0207,0.0441,0.084,0.0534,0.0604,145.2,136.64,False,-0.022,0.3163,449.0,117.0,0.0986,2.2401,14200.0,1.1811,0.3143,ソフトフロントホールディングス,グロース（内国株式）,情報・通信業
2323,2026-09-29,343.0,-0.0392,-0.0628,0.0685,0.2846,0.0779,0.2611,333.52,301.0133,False,0.0284,0.7252,473.0,230.6667,0.0485,0.1727,34300.0,0.6109,0.3665,ｆｏｎｆｕｎ,スタンダード（内国株式）,情報・通信業
2325,2026-09-29,4540.0,-0.0163,-0.0055,-0.0552,-0.0462,-0.0458,-0.0698,4693.6,4623.6045,False,-0.0327,0.7357,6170.9707,4265.6602,0.018,1.0621,454000.0,0.7071,0.1895,ＮＪＳ,プライム（内国株式）,サービス業
2326,2026-09-29,4860.0,0.0041,-0.0172,0.0752,0.3117,0.0845,0.2882,4627.9734,4210.2578,True,0.0501,0.6094,7974.9345,3500.0,0.0286,5.7885,486000.0,0.9683,0.4929,デジタルアーツ,プライム（内国株式）,情報・通信業
2327,2026-09-29,3788.0,-0.0075,-0.0349,-0.029,0.1148,-0.0197,0.0912,3894.4411,3707.067,True,-0.0273,0.8238,4598.2627,3075.0,0.029,13.0959,378800.0,1.6249,0.3054,日鉄ソリューションズ,プライム（内国株式）,情報・通信業
2329,2026-09-29,488.0,-0.0025,-0.0279,-0.0487,-0.0615,-0.0394,-0.0851,499.5043,504.8103,False,-0.023,0.7225,675.3907,469.0,0.0102,0.4183,48800.0,0.6024,0.4019,東北新社,スタンダード（内国株式）,情報・通信業
2330,2026-09-29,86.0,-0.0227,-0.0652,-0.0115,0.1316,-0.0022,0.108,91.84,80.5867,True,-0.0636,0.3613,238.0,69.0,0.1636,4.7069,8600.0,0.668,0.1635,フォーサイド,スタンダード（内国株式）,情報・通信業
2331,2026-09-29,1169.0,-0.0164,-0.0799,-0.0189,0.0946,-0.0096,0.071,1207.3696,1148.6365,True,-0.0318,0.8757,1335.0,1032.7699,0.0229,16.1514,116900.0,1.1519,0.3938,ＡＬＳＯＫ,プライム（内国株式）,サービス業
2332,2026-09-29,1747.0,0.0029,0.0325,0.0283,0.0092,0.0376,-0.0143,1695.04,1707.8533,False,0.0307,0.7869,2220.0,1374.0803,0.0218,0.1364,174700.0,0.5361,0.2863,クエスト,スタンダード（内国株式）,情報・通信業
2334,2026-09-29,547.0,-0.065,-0.0601,-0.0319,-0.0929,-0.0225,-0.1164,566.0,556.9333,True,-0.0336,0.7928,690.0,262.0,0.0457,4.8033,54700.0,0.5608,0.24,イオレ,グロース（内国株式）,サービス業
2335,2026-09-29,1068.0,-0.0139,-0.03,-0.0291,0.044,-0.0198,0.0204,1096.3632,1069.8277,True,-0.0259,0.906,1178.824,992.6717,0.0104,0.57,106800.0,1.6343,0.3598,キューブシステム,プライム（内国株式）,情報・通信業
2337,2026-09-29,394.0,-0.015,-0.039,-0.0414,-0.1045,-0.032,-0.1281,401.84,417.72,False,-0.0195,0.7448,529.0,337.7198,0.0167,3.5595,39400.0,1.0391,0.2739,いちご,プライム（内国株式）,不動産業
2338,2026-09-29,108.0,-0.0092,-0.0526,-0.069,-0.0357,-0.0597,-0.0593,119.4,121.5467,False,-0.0955,0.1271,850.0,91.0,0.0668,0.4912,10800.0,0.5096,0.2634,クオンタムソリューションズ,スタンダード（内国株式）,情報・通信業
2340,2026-09-29,518.0,-0.0513,-0.0354,0.0058,0.0615,0.0151,0.0379,524.68,506.0533,True,-0.0127,0.9418,550.0,462.2927,0.0149,0.2756,51800.0,2.1473,0.4796,極楽湯ホールディングス,スタンダード（内国株式）,サービス業
2341,2026-09-29,176.0,0.0115,0.0292,0.0233,0.0864,0.0326,0.0629,172.2,167.8133,True,0.0221,0.7097,248.0,151.0,0.0146,0.0364,17600.0,0.5622,0.35,アルバイトタイムス,スタンダード（内国株式）,サービス業
2342,2026-09-29,245.0,-0.0081,-0.043,-0.043,0.1667,-0.0337,0.1431,253.2,230.7733,True,-0.0324,0.5031,487.0,182.0,0.03,0.1127,24500.0,0.4343,0.2039,トランスジェニックグループ,スタンダード（内国株式）,サービス業
2345,2026-09-29,94.0,-0.06,-0.0962,-0.1132,-0.1048,-0.1039,-0.1283,104.72,112.2533,False,-0.1024,0.3298,285.0,84.0,0.0441,0.0815,9400.0,0.2088,0.4345,ＨＯＤＬ１,スタンダード（内国株式）,情報・通信業
2349,2026-09-29,2473.0,-0.0116,0.0049,-0.0287,0.0073,-0.0194,-0.0162,2491.2,2465.4,True,-0.0073,0.9512,2600.0,2165.7861,0.0204,0.0762,247300.0,1.7203,0.425,エヌアイデイ,スタンダード（内国株式）,情報・通信業
2351,2026-09-29,326.0,-0.0151,-0.0326,0.0031,0.0689,0.0124,0.0453,333.68,325.8533,False,-0.023,0.6996,466.0,282.7381,0.0329,0.0214,32600.0,0.5044,0.3267,ＡＳＪ,スタンダード（内国株式）,情報・通信業
2353,2026-09-29,256.0,-0.0154,-0.0554,-0.0588,0.0554,-0.0495,0.0318,267.16,254.9447,True,-0.0418,0.8889,287.9925,225.1754,0.0296,5.5038,25600.0,0.9844,0.3698,日本駐車場開発,プライム（内国株式）,不動産業
2354,2026-09-29,1228.0,-0.0016,-0.076,-0.1554,0.5926,-0.1461,0.5691,1358.9478,1157.2109,True,-0.0964,0.6985,1758.0,582.577,0.051,9.4711,122800.0,0.3195,0.265,ＹＥ　ＤＩＧＩＴＡＬ,スタンダード（内国株式）,情報・通信業
2359,2026-09-29,2054.0,-0.0053,-0.032,-0.0307,0.0523,-0.0214,0.0287,2114.3789,2050.0196,True,-0.0286,0.8815,2330.0,1924.0,0.0139,0.3791,205400.0,0.7072,0.2906,コア,プライム（内国株式）,情報・通信業
2370,2026-09-29,24.0,-0.04,0.0,-0.04,0.0435,-0.0307,0.0199,24.72,24.7733,False,-0.0291,0.5581,43.0,23.0,0.0417,0.078,2400.0,0.4725,0.1,メディネット,グロース（内国株式）,サービス業
2371,2026-09-29,3791.0,-0.005,-0.0011,0.0321,0.1183,0.0414,0.0947,3736.36,3614.9467,True,0.0146,0.9798,3869.0,1546.469,0.012,10.0008,379100.0,0.8825,0.2304,カカクコム,プライム（内国株式）,サービス業
2373,2026-09-29,451.0,0.0204,0.0158,0.1081,0.0973,0.1174,0.0738,422.56,412.0533,True,0.0673,0.7625,591.4667,390.0,0.0277,0.0793,45100.0,2.0262,0.44,ケア２１,スタンダード（内国株式）,サービス業
2375,2026-09-29,204.0,0.0049,0.0251,-0.0239,-0.0049,-0.0146,-0.0284,210.0,206.6533,True,-0.0286,0.7473,273.0,196.0,0.0417,0.2056,20400.0,1.483,0.1176,ギグワークス,スタンダード（内国株式）,サービス業
2376,2026-09-29,783.0,-0.0321,-0.0126,0.009,-0.044,0.0183,-0.0675,788.32,792.24,True,-0.0067,0.7949,985.0,634.0,0.0176,0.0193,78300.0,2.0271,0.399,サイネックス,スタンダード（内国株式）,サービス業
2378,2026-09-29,1005.0,-0.028,-0.0456,-0.0555,-0.0089,-0.0461,-0.0324,1050.7975,1040.1058,True,-0.0436,0.7848,1280.5297,967.0,0.0094,0.6241,100500.0,1.4982,0.5581,ルネサンス,プライム（内国株式）,サービス業
2379,2026-09-29,1795.0,-0.0255,-0.0297,-0.0234,-0.0119,-0.0141,-0.0354,1825.8031,1786.9091,True,-0.0169,0.7965,2253.5658,1643.0901,0.0147,4.8354,179500.0,0.7157,0.2573,ディップ,プライム（内国株式）,サービス業
2384,2026-09-29,5310.0,-0.0093,0.0251,0.0192,0.2292,0.0285,0.2056,5096.0,4675.6,True,0.042,0.969,5480.0,3242.2887,0.0245,4.3927,531000.0,1.1216,0.5462,ＳＢＳホールディングス,プライム（内国株式）,陸運業
2385,2026-09-29,216.0,-0.0092,-0.0182,-0.04,0.0141,-0.0307,-0.0095,220.36,219.9981,False,-0.0198,0.6929,311.7347,172.6531,0.0503,1.6689,21600.0,4.9881,0.7461,総医研ホールディングス,グロース（内国株式）,サービス業
2388,2026-09-29,31.0,0.0333,-0.0312,-0.1143,-0.5231,-0.105,-0.5466,33.2,36.64,False,-0.0663,0.4189,74.0,30.0,0.0415,0.029,3100.0,0.2625,0.3111,ウェッジホールディングス,グロース（内国株式）,その他金融業
2391,2026-09-29,1170.0,-0.0026,-0.0026,-0.0093,-0.0003,0.0,-0.0238,1174.92,1176.7898,False,-0.0042,0.8788,1331.3455,1147.7454,0.006,0.0453,117000.0,1.1365,0.3143,プラネット,スタンダード（内国株式）,サービス業
2393,2026-09-29,4445.0,0.0102,0.0011,0.0349,0.0349,0.0442,0.0114,4330.6,4246.6,True,0.0264,0.96,4630.0,2052.2042,0.0239,0.2208,444500.0,0.3618,0.3017,日本ケアサプライ,スタンダード（内国株式）,サービス業
2395,2026-09-29,1298.0,-0.0182,-0.0378,-0.0715,0.1258,-0.0622,0.1022,1349.8,1288.4667,True,-0.0384,0.6609,1963.8576,1067.0,0.021,2.1133,129800.0,0.7626,0.2455,新日本科学,プライム（内国株式）,サービス業
2404,2026-09-29,530.0,0.0019,-0.0093,-0.0364,-0.1167,-0.027,-0.1402,535.08,567.24,False,-0.0095,0.8833,600.0,451.0,0.0071,0.1234,53000.0,0.4095,0.5019,鉄人化ホールディングス,スタンダード（内国株式）,サービス業
2408,2026-09-29,831.0,0.0012,0.0048,-0.0326,-0.02,-0.0233,-0.0436,838.68,839.0953,True,-0.0092,0.8949,928.64,627.5594,0.0199,0.0259,83100.0,0.3723,0.2957,ＫＧ情報,スタンダード（内国株式）,サービス業
2410,2026-09-29,2669.0,-0.01,-0.0749,-0.0906,-0.0635,-0.0813,-0.0871,2853.6422,2847.6941,True,-0.0647,0.8944,2984.0,2062.0,0.0184,1.4386,266900.0,2.2516,0.494,キャリアデザインセンター,プライム（内国株式）,サービス業
2411,2026-09-29,456.0,-0.0044,-0.0256,-0.0339,0.0044,-0.0246,-0.0191,468.4359,462.3053,True,-0.0265,0.9103,500.9598,393.7505,0.0137,0.0715,45600.0,1.267,0.3514,ゲンダイエージェンシー,スタンダード（内国株式）,情報・通信業
2413,2026-09-29,1770.5,-0.0059,-0.015,-0.0045,-0.0245,0.0048,-0.0481,1756.02,1768.1333,True,0.0082,0.6536,2708.8233,1297.0,0.0298,59.2721,177050.0,0.7187,0.2654,エムスリー,プライム（内国株式）,サービス業
2415,2026-09-29,1591.0,-0.013,-0.0143,-0.0674,-0.0106,-0.0581,-0.0341,1651.28,1610.2533,True,-0.0365,0.7833,2031.0554,1496.0,0.0176,0.0915,159100.0,1.4475,0.2471,ヒューマンホールディングス,スタンダード（内国株式）,サービス業
2418,2026-09-29,597.0,0.0067,-0.01,-0.0213,-0.0149,-0.012,-0.0384,603.36,600.3249,True,-0.0105,0.843,708.2114,522.3548,0.0148,0.5519,59700.0,0.802,0.271,ツカダ・グローバルホールディング,スタンダード（内国株式）,サービス業
241A,2026-09-29,434.0,0.0212,0.0433,0.0023,-0.0023,0.0116,-0.0258,420.4,418.8933,False,0.0324,0.4949,877.0,390.0,0.015,0.0354,43400.0,0.4581,0.3538,ＲＯＸＸ,グロース（内国株式）,情報・通信業
2424,2026-09-29,616.0,-0.0016,-0.0096,0.0318,0.0261,0.0411,0.0026,605.72,605.6402,True,0.017,0.9068,679.3186,583.5426,0.0194,0.0466,61600.0,2.369,0.5365,ブラス,スタンダード（内国株式）,サービス業
2425,2026-09-29,680.0,0.0272,0.021,0.0303,0.0777,0.0396,0.0541,666.96,662.3467,False,0.0196,0.8239,825.297,620.0,0.0159,0.0134,68000.0,0.8898,0.2132,ケアサービス,スタンダード（内国株式）,サービス業
2428,2026-09-29,621.0,-0.008,-0.0016,-0.0312,0.0197,-0.0219,-0.0038,630.84,625.4281,True,-0.0156,0.8775,707.6855,578.124,0.0084,0.1966,62100.0,0.7874,0.1726,ウェルネット,スタンダード（内国株式）,サービス業
2429,2026-09-29,2823.0,-0.0129,-0.0352,-0.0067,0.1504,0.0026,0.1268,2837.72,2666.6267,True,-0.0052,0.9576,2948.0,2288.0,0.0178,1.2399,282300.0,0.8465,0.4587,ワールドホールディングス,プライム（内国株式）,サービス業
2432,2026-09-29,2522.5,-0.0086,-0.0215,-0.0022,0.0294,0.0071,0.0058,2550.22,2516.58,False,-0.0109,0.8976,2810.2561,2217.5211,0.023,29.1309,252250.0,0.9371,0.2273,ディー・エヌ・エー,プライム（内国株式）,情報・通信業
2433,2026-09-29,1297.0,-0.0137,-0.0335,-0.0237,0.1313,-0.0144,0.1077,1326.2506,1250.0035,True,-0.0221,0.9231,1405.0,973.5,0.0269,11.844,129700.0,1.1028,0.3026,博報堂ＤＹホールディングス,プライム（内国株式）,サービス業
2435,2026-09-29,204.0,-0.0049,-0.0097,-0.0286,-0.0145,-0.0193,-0.038,208.64,209.3467,False,-0.0222,0.8007,254.7773,193.9782,0.0091,0.0247,20400.0,1.232,0.2692,シダー,スタンダード（内国株式）,サービス業
2436,2026-09-29,588.0,-0.0084,0.0208,-0.0855,0.0809,-0.0762,0.0573,599.04,589.8267,True,-0.0184,0.8789,669.0,407.3034,0.0276,0.2577,58800.0,0.673,0.4502,共同ピーアール,スタンダード（内国株式）,サービス業
2437,2026-09-29,618.0,-0.0064,0.0065,-0.0064,0.1319,0.0029,0.1083,621.44,593.6533,True,-0.0055,0.7783,794.0,236.0,0.0274,0.4188,61800.0,0.2561,0.2245,Ｓｈｉｎｗａ　Ｗｉｓｅ　Ｈｏｌｄｉｎｇｓ,スタンダード（内国株式）,サービス業
2438,2026-09-29,342.0,-0.0058,-0.0058,-0.0393,0.0962,-0.03,0.0726,349.72,339.56,True,-0.0221,0.8447,404.8563,302.0,0.0274,0.1888,34200.0,0.2431,0.2992,アスカネット,グロース（内国株式）,サービス業
2440,2026-09-29,119.0,-0.0246,-0.0403,-0.0916,-0.0083,-0.0823,-0.0319,125.36,123.92,False,-0.0507,0.4979,239.0,115.0,0.021,0.1928,11900.0,0.9626,0.24,ぐるなび,スタンダード（内国株式）,サービス業
2445,2026-09-29,391.0,-0.0151,-0.0322,-0.0369,-0.0126,-0.0276,-0.0362,400.2812,403.2004,True,-0.0232,0.8313,470.3575,338.6183,0.0124,0.2865,39100.0,0.899,0.3298,タカミヤ,スタンダード（内国株式）,サービス業
2449,2026-09-29,1040.0,0.0127,-0.0189,0.0078,0.0298,0.0171,0.0063,1052.6545,1033.6399,True,-0.012,0.8518,1221.0,970.4455,0.0293,0.2056,104000.0,0.8348,0.1939,プラップジャパン,スタンダード（内国株式）,サービス業
244A,2026-09-29,1188.0,-0.0059,-0.0174,0.0224,0.0025,0.0317,-0.021,1175.68,1171.3733,True,0.0105,0.4705,2525.0,1045.0,0.028,0.0301,118800.0,0.8584,0.4777,グロースエクスパートナーズ,グロース（内国株式）,情報・通信業
2454,2026-09-29,338.0,-0.0259,-0.037,-0.0315,0.009,-0.0222,-0.0146,350.08,343.72,False,-0.0345,0.8166,413.9221,327.0,0.0167,0.0455,33800.0,2.0273,0.4785,オールアバウト,スタンダード（内国株式）,サービス業
2459,2026-09-29,177.0,0.0,0.0,-0.0056,0.0926,0.0037,0.069,177.36,170.44,False,-0.002,0.3138,564.0,154.0,0.0262,0.0722,17700.0,0.5818,0.5169,アウンコンサルティング,スタンダード（内国株式）,サービス業
245A,2026-09-29,2498.0,-0.0103,0.0036,-0.0284,0.0913,-0.0191,0.0678,2523.68,2446.7733,True,-0.0102,0.7137,3500.0,2250.0,0.012,0.0555,249800.0,0.6957,0.201,ＩＮＧＳ,グロース（内国株式）,小売業
2461,2026-09-29,392.0,-0.0101,0.0026,-0.0151,-0.0175,-0.0058,-0.0411,391.0,398.0169,False,0.0026,0.76,515.7993,376.0,0.0153,0.6421,39200.0,1.7883,0.3333,ファンコミュニケーションズ,プライム（内国株式）,サービス業
2462,2026-09-29,1506.0,-0.0144,-0.0046,-0.024,0.0231,-0.0147,-0.0004,1523.96,1501.4533,False,-0.0118,0.9299,1619.6132,1396.0,0.0105,0.3389,150600.0,1.0131,0.2471,ライク,プライム（内国株式）,サービス業
2464,2026-09-29,374.0,-0.0027,-0.0053,-0.008,0.1835,0.0014,0.16,371.32,340.9867,True,0.0072,0.9791,382.0,304.0,0.0225,0.0379,37400.0,0.7134,0.2492,Ａｏｂａ‐ＢＢＴ,スタンダード（内国株式）,サービス業
2469,2026-09-29,1310.0,-0.003,-0.5255,-0.5432,-0.5162,-0.5339,-0.5398,2568.8275,2691.3558,False,-0.49,0.3033,4319.6416,1303.0,0.1121,0.3275,131000.0,1.128,1.0536,ヒビノ,スタンダード（内国株式）,サービス業
246A,2026-09-29,1112.0,-0.0124,0.051,0.2087,0.1098,0.218,0.0862,978.08,1024.2101,False,0.1369,0.9173,1212.3063,568.3928,0.0297,0.125,111200.0,1.4467,0.6515,アスア,グロース（内国株式）,サービス業
2471,2026-09-29,272.0,-0.0286,-0.0389,-0.0588,0.0584,-0.0495,0.0348,282.0,272.2133,True,-0.0355,0.7891,344.6897,222.0,0.0252,0.8049,27200.0,0.864,0.4229,エスプール,プライム（内国株式）,サービス業
2475,2026-09-29,1744.0,-0.0014,-0.0191,-0.0522,0.0029,-0.0429,-0.0207,1786.2861,1784.7487,True,-0.0237,0.9277,1880.0,1483.0,0.0145,0.2821,174400.0,1.1313,0.234,ＷＤＢホールディングス,プライム（内国株式）,サービス業
2477,2026-09-29,3195.0,-0.0229,-0.0434,0.0224,0.4411,0.0317,0.4176,3241.0,2687.823,True,-0.0142,0.9328,3425.0,2074.1365,0.033,0.4288,319500.0,0.7363,0.2515,手間いらず,スタンダード（内国株式）,情報・通信業
2479,2026-09-29,266.0,0.0038,0.0231,0.0947,0.1718,0.104,0.1483,258.92,242.9733,True,0.0273,0.9815,271.0,217.0,0.022,0.2528,26600.0,1.7436,0.3073,ジェイテック,スタンダード（内国株式）,サービス業
247A,2026-09-29,977.0,0.0041,-0.024,-0.002,0.2738,0.0073,0.2503,1006.16,868.7333,True,-0.029,0.4553,2146.0,628.0,0.0436,12.3099,97700.0,0.7876,0.2556,Ａｉロボティクス,グロース（内国株式）,化学
2480,2026-09-29,1744.0,-0.0831,-0.0573,0.0063,0.0259,0.0157,0.0023,1784.8,1732.16,True,-0.0229,0.8944,1950.0,1465.493,0.033,0.0381,174400.0,2.4091,0.4065,システム・ロケーション,スタンダード（内国株式）,情報・通信業
2481,2026-09-29,741.0,0.0041,0.0556,0.116,0.1725,0.1253,0.1489,687.0,655.3658,True,0.0786,1.0,741.0,610.0934,0.0108,0.0111,74100.0,1.196,0.7125,タウンニュース社,スタンダード（内国株式）,サービス業
2483,2026-09-29,2225.0,-0.0137,-0.0089,-0.0063,0.05,0.0031,0.0265,2219.88,2212.4933,True,0.0023,0.9026,2465.0,1692.5209,0.0266,0.1535,222500.0,0.9566,0.2952,翻訳センター,スタンダード（内国株式）,サービス業
2484,2026-09-29,149.0,0.0136,-0.057,-0.1486,0.2627,-0.1393,0.2392,159.56,139.4133,True,-0.0662,0.7487,199.0,112.0,0.047,1.3323,14900.0,0.6842,0.3,出前館,スタンダード（内国株式）,情報・通信業
2485,2026-09-29,438.0,0.0023,-0.0288,-0.0288,-0.0661,-0.0195,-0.0896,447.4788,461.6129,False,-0.0212,0.8163,536.581,435.0578,0.0096,0.2195,43800.0,1.3735,0.4278,ティア,スタンダード（内国株式）,サービス業
2488,2026-09-29,1415.0,0.0007,-0.016,-0.0426,0.0818,-0.0333,0.0583,1446.6273,1395.5024,True,-0.0219,0.9135,1549.0,1110.3731,0.0213,0.2101,141500.0,0.8183,0.2017,ＪＴＰ,スタンダード（内国株式）,サービス業
2489,2026-09-29,413.0,-0.0024,0.0,0.0248,0.4192,0.0341,0.3957,410.72,343.2,True,0.0056,0.9451,437.0,247.115,0.0273,0.7796,41300.0,0.524,0.2481,アドウェイズ,スタンダード（内国株式）,サービス業
248A,2026-09-29,806.0,0.0,0.0012,-0.0074,-0.0484,0.0019,-0.0719,811.2,833.8133,False,-0.0064,0.3459,2330.0,805.0,0.0044,0.0123,80600.0,0.554,0.252,キッズスター,グロース（内国株式）,情報・通信業
2491,2026-09-29,454.0,-0.0258,-0.0502,-0.0754,-0.0022,-0.066,-0.0257,479.76,466.7968,True,-0.0537,0.5782,785.2437,400.9807,0.0201,0.4517,45400.0,0.4962,0.2953,バリューコマース,プライム（内国株式）,サービス業
2492,2026-09-29,713.0,0.0014,-0.0097,0.1785,0.8568,0.1878,0.8332,677.12,546.7318,True,0.053,0.9781,729.0,293.0368,0.0344,24.6579,71300.0,0.8755,0.1878,インフォマート,プライム（内国株式）,サービス業
2493,2026-09-29,953.0,-0.001,0.0032,0.0085,0.0359,0.0178,0.0123,948.0,939.3333,False,0.0053,0.9279,1027.0,901.0,0.0055,0.0263,95300.0,0.5868,0.3644,イーサポートリンク,スタンダード（内国株式）,サービス業
2497,2026-09-29,503.0,-0.0271,-0.0437,-0.0473,0.0,-0.038,-0.0235,528.6433,517.7478,True,-0.0485,0.8443,595.7442,461.2405,0.013,0.1308,50300.0,1.0214,0.5492,ユナイテッド,グロース（内国株式）,サービス業
2498,2026-09-29,2984.0,-0.0136,-0.0497,-0.0675,-0.0086,-0.0582,-0.0322,3157.8858,3120.0286,True,-0.0551,0.8712,3425.0,2844.0,0.0158,0.3642,298400.0,1.7753,0.4203,オリエンタルコンサルタンツホールディングス,スタンダード（内国株式）,サービス業
2499,2026-09-29,303.0,0.0066,-0.0194,0.0306,0.0669,0.0399,0.0434,303.3964,292.0725,True,-0.0013,0.7484,404.8673,262.23,0.0162,0.0343,30300.0,1.2302,0.3047,日本和装ホールディングス,スタンダード（内国株式）,サービス業
2501,2026-09-29,1800.0,0.0047,-0.0571,-0.0608,-0.1133,-0.0515,-0.1368,1867.16,1914.5749,True,-0.036,0.8187,2198.5,1365.2877,0.022,20.7972,180000.0,0.8786,0.3468,サッポロビール,プライム（内国株式）,食料品
2502,2026-09-29,1582.0,-0.0094,-0.0383,-0.0493,0.022,-0.04,-0.0016,1636.64,1613.4667,True,-0.0334,0.8762,1805.5,1428.3381,0.0153,99.6803,158200.0,0.8031,0.2742,アサヒグループホールディングス,プライム（内国株式）,食料品
2503,2026-09-29,2817.5,-0.0062,-0.0259,-0.0759,0.0025,-0.0666,-0.0211,2918.26,2888.403,True,-0.0345,0.8913,3161.0,2050.6695,0.0167,83.5625,281750.0,0.8844,0.3063,キリンホールディングス,プライム（内国株式）,食料品
250A,2026-09-29,1564.0,-0.0114,-0.0286,-0.0352,-0.0434,-0.0258,-0.067,1597.9553,1627.9051,False,-0.0212,0.8008,1953.0047,1520.0,0.0089,0.6761,156400.0,1.56,0.3311,シマダヤ,スタンダード（内国株式）,食料品
2531,2026-09-29,2620.5,0.001,0.0372,0.2437,0.1696,0.253,0.1461,2377.08,2222.94,True,0.1024,0.9672,2709.5,1340.8332,0.0308,15.0983,262050.0,1.166,0.3319,宝ホールディングス,プライム（内国株式）,食料品
2533,2026-09-29,486.0,0.0,-0.0041,0.0253,0.0104,0.0346,-0.0131,472.2,481.2667,False,0.0292,0.8075,601.8896,409.0,0.022,0.6661,48600.0,0.7364,0.252,オエノンホールディングス,プライム（内国株式）,食料品
253A,2026-09-29,1026.0,0.0049,-0.0135,-0.0293,-0.0535,-0.02,-0.077,1038.7174,1067.5458,False,-0.0122,0.6754,1519.0,938.0,0.0192,0.1554,102600.0,0.7265,0.1924,ＥＴＳグループ,スタンダード（内国株式）,建設業
254A,2026-09-29,1157.0,-0.0043,-0.047,-0.031,0.1855,-0.0217,0.1619,1198.6,1152.2933,True,-0.0347,0.8514,1359.0,814.0,0.0188,0.2103,115700.0,0.397,0.4682,ＡＩフュージョンキャピタルグループ,スタンダード（内国株式）,証券、商品先物取引業
255A,2026-09-29,5510.0,0.0204,0.072,0.0475,-0.0771,0.0568,-0.1006,5182.6,5621.1333,False,0.0632,0.7717,7140.0,2763.6717,0.0359,2.2674,551000.0,0.4102,0.3639,ジーエルテクノホールディングス,スタンダード（内国株式）,精密機器
256A,2026-09-29,2262.0,-0.0079,-0.0044,0.0338,0.1453,0.0431,0.1218,2223.08,2096.52,True,0.0175,0.8844,2557.7365,1886.0,0.0254,5.9632,226200.0,1.2357,0.3274,飛島ホールディングス,プライム（内国株式）,建設業
2573,2026-09-29,4125.0,0.0012,0.0098,0.0236,0.0456,0.0329,0.0221,4060.8,4033.0544,False,0.0158,0.9357,4408.4268,3514.0249,0.0068,0.1565,412500.0,0.7359,0.4128,北海道コカ・コーラボトリング,スタンダード（内国株式）,食料品
2579,2026-09-29,3704.0,-0.0201,-0.0476,-0.0551,-0.137,-0.0458,-0.1605,3835.84,4001.0309,True,-0.0344,0.7948,4660.0,2393.1195,0.019,26.824,370400.0,0.8458,0.305,コカ・コーラ　ボトラーズジャパンホールディングス,プライム（内国株式）,食料品
2585,2026-09-29,1258.0,-0.0225,-0.0891,-0.1873,-0.2362,-0.178,-0.2597,1456.72,1517.5333,False,-0.1364,0.5238,2401.8076,919.0641,0.0481,8.506,125800.0,0.901,0.3107,ライフドリンク　カンパニー,プライム（内国株式）,食料品
2586,2026-09-29,60.0,-0.0323,-0.0909,-0.2308,-0.4059,-0.2215,-0.4295,71.56,88.4,False,-0.1615,0.2158,278.0,60.0,0.0464,0.5907,6000.0,0.8685,0.3949,フルッタフルッタ,グロース（内国株式）,食料品
2587,2026-09-29,4472.0,-0.0073,-0.0304,-0.0139,-0.0056,-0.0046,-0.0291,4519.48,4529.3725,True,-0.0105,0.8395,5327.2522,4049.462,0.0149,44.7239,447200.0,0.8121,0.3161,サントリービバレッジ＆フード,プライム（内国株式）,食料品
2588,2026-09-29,3510.0,-0.0277,-0.0565,-0.0677,-0.0501,-0.0584,-0.0736,3695.9935,3681.3978,True,-0.0503,0.8191,4284.9936,3117.7024,0.0247,0.1458,351000.0,1.2953,0.3005,プレミアムウォーターホールディングス,スタンダード（内国株式）,食料品
2590,2026-09-29,2921.0,-0.0165,-0.0439,-0.0296,0.1009,-0.0203,0.0774,3011.68,2867.7426,True,-0.0301,0.8228,3550.0,2374.1045,0.0225,3.5675,292100.0,0.6495,0.2721,ダイドーグループホールディングス,プライム（内国株式）,食料品
2593,2026-09-29,3046.0,-0.0212,-0.0578,0.0147,0.0355,0.024,0.012,3115.94,3001.8133,True,-0.0224,0.8547,3563.8499,2630.0,0.0233,16.2005,304600.0,0.8859,0.2873,伊藤園,プライム（内国株式）,食料品
25935,2026-09-29,1808.0,0.0017,0.0011,0.0056,0.0273,0.0149,0.0037,1800.36,1784.1067,True,0.0042,0.9616,1880.1774,1739.0323,0.0043,0.388,180800.0,0.8561,0.2852,伊藤園第１種優先株式,プライム（内国株式）,食料品
2594,2026-09-29,1976.0,-0.003,-0.0194,-0.029,0.003,-0.0197,-0.0205,2016.9578,1994.9859,True,-0.0203,0.9565,2065.7705,1898.3023,0.007,2.1382,197600.0,1.6237,0.3449,キーコーヒー,プライム（内国株式）,食料品
2597,2026-09-29,1312.0,0.0123,0.0413,0.0825,0.1906,0.0918,0.167,1255.08,1172.8533,True,0.0454,0.985,1332.0,962.7851,0.0207,0.1222,131200.0,1.068,0.2866,ユニカフェ,スタンダード（内国株式）,食料品
2602,2026-09-29,2005.0,-0.0138,-0.0547,-0.0215,0.0891,-0.0122,0.0655,2069.1414,1950.9005,True,-0.031,0.94,2133.0,1611.4871,0.0197,5.5921,200500.0,1.1681,0.3341,日清オイリオグループ,プライム（内国株式）,食料品
2607,2026-09-29,4232.0,-0.0384,-0.0668,-0.0709,0.0692,-0.0616,0.0457,4508.873,4172.3977,True,-0.0614,0.8891,4760.0,3041.0,0.0242,12.9803,423200.0,0.9954,0.3803,不二製油,プライム（内国株式）,食料品
2612,2026-09-29,2835.0,-0.0087,-0.0115,0.5856,0.5483,0.5949,0.5248,2329.32,1949.8933,True,0.2171,0.9837,2882.0,1180.4052,0.0264,5.3654,283500.0,4.7601,0.7247,かどや製油,スタンダード（内国株式）,食料品
2613,2026-09-29,2236.0,-0.0137,-0.0358,-0.0137,0.0939,-0.0044,0.0704,2265.9575,2141.5458,True,-0.0132,0.9519,2349.0,1914.4138,0.0177,1.7994,223600.0,0.9379,0.291,Ｊ－オイルミルズ,プライム（内国株式）,食料品
261A,2026-09-29,1977.0,-0.0159,0.0061,0.0159,-0.0065,0.0252,-0.0301,1988.52,1996.4927,False,-0.0058,0.6288,3143.9707,1918.0,0.0131,0.5286,197700.0,0.7727,0.2545,日水コン,スタンダード（内国株式）,サービス業
262A,2026-09-29,1681.0,-0.0141,-0.0546,-0.0894,-0.1768,-0.0801,-0.2003,1764.2,1915.56,False,-0.0472,0.5825,2885.7516,1643.0,0.0292,3.8424,168100.0,0.7095,0.2808,インターメスティック,プライム（内国株式）,小売業
264A,2026-09-29,301.0,-0.0227,-0.1326,-0.0383,0.1489,-0.029,0.1253,319.64,298.6267,True,-0.0583,0.3644,826.0,241.0,0.079,0.4313,30100.0,0.5207,0.2943,Ｓｃｈｏｏ,グロース（内国株式）,サービス業
2652,2026-09-29,420.0,0.0145,-0.0498,-0.0987,0.0294,-0.0894,0.0059,435.5588,430.1996,True,-0.0357,0.8571,490.0,307.0,0.0255,0.8312,42000.0,0.9425,0.3175,まんだらけ,スタンダード（内国株式）,小売業
2653,2026-09-29,2781.0,-0.0032,-0.0121,-0.0124,0.0027,-0.0031,-0.0208,2802.1706,2798.8614,True,-0.0076,0.9387,2962.6917,2720.8446,0.005,0.5952,278100.0,0.6203,0.2656,イオン九州,スタンダード（内国株式）,小売業
2654,2026-09-29,400.0,-0.0805,-0.0676,-0.0588,0.0178,-0.0495,-0.0057,430.72,411.52,True,-0.0713,0.8889,450.0,348.1194,0.0305,0.0683,40000.0,1.9083,0.3848,アスモ,スタンダード（内国株式）,小売業
2656,2026-09-29,159.0,-0.0245,0.0325,-0.1264,0.0392,-0.1171,0.0157,167.12,168.5333,False,-0.0486,0.6069,262.0,114.0,0.0319,0.4094,15900.0,0.3996,0.2563,ベクターホールディングス,スタンダード（内国株式）,小売業
2659,2026-09-29,3270.0,-0.0106,-0.0425,-0.0282,0.0171,-0.0189,-0.0064,3366.6,3278.3333,True,-0.0287,0.9383,3485.0,2527.7212,0.0182,5.8546,327000.0,1.1806,0.3353,サンエー,プライム（内国株式）,小売業
265A,2026-09-29,755.0,-0.022,0.0067,0.077,0.0848,0.0863,0.0612,740.24,692.2533,True,0.0199,0.5475,1379.0,580.0,0.0673,0.6035,75500.0,1.4031,0.2186,Ｈｍｃｏｍｍ,グロース（内国株式）,情報・通信業
2664,2026-09-29,3730.0,-0.008,0.0054,0.0095,0.0849,0.0189,0.0613,3687.557,3526.003,True,0.0115,0.9707,3842.718,2711.7868,0.0187,2.6571,373000.0,0.8222,0.2503,カワチ薬品,プライム（内国株式）,小売業
2666,2026-09-29,190.0,0.0,0.0053,0.0383,0.1243,0.0476,0.1007,186.28,179.7067,True,0.02,0.9694,196.0,140.2839,0.0158,0.1146,19000.0,0.6049,0.3333,オートウェーブ,スタンダード（内国株式）,小売業
2667,2026-09-29,103.0,-0.019,-0.0721,0.0198,-0.1825,0.0291,-0.2061,105.36,117.5733,False,-0.0224,0.296,348.0,98.0,0.0985,0.7259,10300.0,0.8409,0.1577,イメージ　ワン,スタンダード（内国株式）,卸売業
2668,2026-09-29,1275.0,0.0,0.0039,0.0,0.0143,0.0093,-0.0092,1269.84,1264.96,True,0.0041,0.9701,1314.3156,1172.6236,0.0045,0.0111,127500.0,0.6888,0.2593,タビオ,スタンダード（内国株式）,卸売業
2669,2026-09-29,3900.0,-0.0064,-0.0076,-0.0154,-0.0079,-0.0061,-0.0315,3926.9866,3920.0709,True,-0.0069,0.9593,4065.4989,3232.0219,0.0104,0.2829,390000.0,0.4525,0.2702,カネ美食品,スタンダード（内国株式）,小売業
2670,2026-09-29,2720.0,-0.0006,0.0042,-0.006,-0.0145,0.0033,-0.0381,2707.4496,2709.0956,True,0.0046,0.896,3035.8055,2305.4846,0.0172,15.0211,272000.0,0.7406,0.3385,エービーシー・マート,プライム（内国株式）,小売業
2673,2026-09-29,102.0,-0.0097,-0.0286,-0.1429,0.1087,-0.1335,0.0852,110.4,104.0533,True,-0.0761,0.2519,405.0,84.0,0.0448,0.0905,10200.0,0.3803,0.4156,夢みつけ隊,スタンダード（内国株式）,小売業
2674,2026-09-29,2559.0,-0.0101,-0.0139,-0.0423,-0.0419,-0.033,-0.0655,2618.24,2684.4933,True,-0.0226,0.8268,3095.0,1695.7404,0.0193,1.4523,255900.0,0.662,0.3226,ハードオフコーポレーション,プライム（内国株式）,小売業
2676,2026-09-29,2024.0,-0.0132,-0.0316,-0.0371,-0.0599,-0.0278,-0.0835,2068.5659,2090.3353,True,-0.0215,0.92,2200.0,1835.9859,0.0097,0.397,202400.0,1.1228,0.336,高千穂交易,プライム（内国株式）,卸売業
2678,2026-09-29,1214.0,-0.0057,-0.0357,-0.0662,0.0193,-0.0568,-0.0042,1262.72,1241.8933,True,-0.0386,0.7344,1652.9916,1042.1681,0.025,4.8181,121400.0,1.1144,0.2668,アスクル,プライム（内国株式）,小売業
2681,2026-09-29,2304.0,-0.0107,-0.0221,-0.0352,0.1423,-0.0259,0.1187,2349.6713,2184.6638,True,-0.0194,0.9275,2484.0,1577.1446,0.0299,3.7757,230400.0,0.8971,0.3443,ゲオホールディングス,プライム（内国株式）,小売業
2683,2026-09-29,992.0,-0.002,-0.002,-0.0217,-0.01,-0.0124,-0.0335,998.44,1004.3067,False,-0.0065,0.9706,1022.0,980.0,0.0017,0.0308,99200.0,0.5019,0.2333,魚喜,スタンダード（内国株式）,小売業
2685,2026-09-29,3065.0,-0.0129,-0.0346,-0.1218,-0.104,-0.1125,-0.1276,3277.0025,3360.8836,True,-0.0647,0.8541,3588.7272,2498.3789,0.0242,7.3003,306500.0,0.705,0.2625,アンドエスティＨＤ,プライム（内国株式）,小売業
2687,2026-09-29,494.0,0.0,0.0082,0.0061,0.0612,0.0154,0.0376,494.14,484.2848,True,-0.0003,0.8522,579.6861,461.4417,0.0082,0.0283,49400.0,0.5921,0.2211,シー・ヴイ・エス・ベイエリア,スタンダード（内国株式）,サービス業
2689,2026-09-29,1925.0,0.001,0.0,0.0278,0.0126,0.0371,-0.0109,1912.24,1915.5,False,0.0067,0.8958,2148.9253,1780.0,0.0105,0.0639,192500.0,0.7878,0.282,オルバヘルスケアホールディングス,スタンダード（内国株式）,卸売業
268A,2026-09-29,1711.0,-0.0167,0.1046,0.0082,-0.3156,0.0176,-0.3391,1635.36,2093.947,False,0.0463,0.5051,3387.2635,871.0462,0.0486,38.9904,171100.0,0.8505,0.3452,リガク・ホールディングス,プライム（内国株式）,精密機器
2693,2026-09-29,287.0,-0.0069,0.0141,-0.0205,-0.1608,-0.0112,-0.1844,284.64,325.4,False,0.0083,0.5237,548.0,221.0,0.0207,0.1443,28700.0,0.4754,0.3205,ＹＫＴ,スタンダード（内国株式）,卸売業
2694,2026-09-29,70.0,-0.0278,-0.0278,-0.0278,0.0,-0.0185,-0.0235,71.88,71.1733,True,-0.0262,0.9526,73.4861,68.5208,0.0184,0.1379,7000.0,0.7372,0.2333,焼肉坂井ホールディングス,スタンダード（内国株式）,小売業
2695,2026-09-29,1721.0,-0.0012,0.0094,-0.0166,0.0709,-0.0073,0.0474,1714.64,1650.7333,True,0.0037,0.9118,1887.5,1514.0,0.0246,8.998,172100.0,1.3244,0.2219,くら寿司,プライム（内国株式）,小売業
2698,2026-09-29,3265.0,-0.0106,0.014,-0.0984,-0.0569,-0.0891,-0.0804,3373.293,3447.4454,True,-0.0321,0.8893,3671.3831,3102.7177,0.016,0.6563,326500.0,0.8312,0.1726,キャンドゥ,スタンダード（内国株式）,小売業
269A,2026-09-29,2921.0,-0.0391,-0.0158,0.1145,0.3411,0.1238,0.3176,2823.8,2508.5333,True,0.0344,0.9347,3125.0,1965.0,0.0321,0.2927,292100.0,1.0315,0.3377,Ｓａｐｅｅｔ,グロース（内国株式）,情報・通信業
2700,2026-09-29,1815.0,0.0336,0.0473,-0.0205,0.0289,-0.0112,0.0054,1764.76,1758.5527,True,0.0285,0.3154,5755.1747,1659.0,0.0183,0.1985,181500.0,0.6064,0.3605,木徳神糧,スタンダード（内国株式）,卸売業
2702,2026-09-29,7490.0,-0.0119,-0.0543,-0.0696,0.0013,-0.0602,-0.0222,8013.6,7784.5333,True,-0.0653,0.8531,8780.0,5928.7167,0.0188,40.5418,749000.0,1.008,0.533,日本マクドナルドホールディングス,スタンダード（内国株式）,小売業
2705,2026-09-29,8680.0,-0.008,-0.0345,-0.0667,0.1512,-0.0574,0.1277,9184.4,8396.0,True,-0.0549,0.851,10200.0,5443.9412,0.0282,2.3016,868000.0,1.0166,0.3143,大戸屋ホールディングス,スタンダード（内国株式）,小売業
2708,2026-09-29,1891.0,-0.0063,0.0005,-0.012,-0.0099,-0.0027,-0.0335,1900.96,1932.0933,True,-0.0052,0.7887,2397.5743,1730.0,0.0074,0.0188,189100.0,0.7667,0.3269,久世,スタンダード（内国株式）,卸売業
2721,2026-09-29,101.0,0.0,-0.0194,-0.0734,-0.1583,-0.0641,-0.1819,106.36,119.0267,False,-0.0504,0.39,259.0,99.0,0.0276,0.0644,10100.0,0.2871,0.2872,ジェイホールディングス,スタンダード（内国株式）,卸売業
2722,2026-09-29,360.0,0.0,-0.0028,0.0056,0.0112,0.0149,-0.0123,360.04,357.4533,False,-0.0001,0.6413,561.3456,349.0,0.0067,0.0165,36000.0,0.7682,0.2059,ＩＫホールディングス,スタンダード（内国株式）,小売業
2726,2026-09-29,1414.0,-0.0042,-0.0523,-0.0535,-0.0394,-0.0442,-0.0629,1494.52,1471.8667,True,-0.0539,0.5383,2626.6206,1314.0,0.0276,12.5509,141400.0,0.7916,0.2969,パルグループホールディングス,プライム（内国株式）,小売業
2730,2026-09-29,2452.0,0.0095,-0.0285,-0.0308,0.0878,-0.0215,0.0643,2501.2462,2434.9087,True,-0.0197,0.9085,2699.0,1866.3287,0.0168,6.8556,245200.0,1.2077,0.32,エディオン,プライム（内国株式）,小売業
2733,2026-09-29,2609.0,-0.0114,-0.0475,-0.0447,0.0444,-0.0354,0.0209,2689.2051,2585.8817,True,-0.0298,0.84,3106.0183,2369.0,0.0142,3.7325,260900.0,1.9508,0.3897,あらた,プライム（内国株式）,卸売業
2734,2026-09-29,1200.0,-0.022,-0.0346,-0.0172,0.1184,-0.0079,0.0948,1224.8,1153.1333,True,-0.0202,0.9524,1260.0,943.0,0.0179,1.6678,120000.0,0.9239,0.307,サーラコーポレーション,プライム（内国株式）,小売業
2735,2026-09-29,716.0,-0.0138,-0.0056,0.031,0.196,0.0403,0.1725,712.8382,662.1381,True,0.0044,0.9572,748.0,578.0979,0.0211,0.4215,71600.0,0.7029,0.1981,ワッツ,スタンダード（内国株式）,小売業
2736,2026-09-29,615.0,0.0,0.0216,-0.0653,-0.0709,-0.056,-0.0945,616.9154,648.4213,False,-0.0031,0.8892,691.6421,552.1263,0.0099,0.0326,61500.0,0.4928,0.3624,フェスタリアホールディングス,スタンダード（内国株式）,小売業
2737,2026-09-29,39050.0,-0.0013,0.0847,0.2146,1.2455,0.2239,1.222,34818.0,24931.0667,True,0.1215,0.8835,44200.0,6286.4029,0.0718,51.3655,3905000.0,1.3868,0.3995,トーメンデバイス,プライム（内国株式）,卸売業
2742,2026-09-29,3740.0,-0.0348,-0.0697,-0.0517,0.0146,-0.0424,-0.009,3962.9729,3826.3228,True,-0.0563,0.7284,5134.5851,3547.6181,0.0236,1.9613,374000.0,0.9887,0.3571,ハローズ,プライム（内国株式）,小売業
2747,2026-09-29,3175.0,-0.0047,0.0095,0.0193,0.0242,0.0286,0.0007,3140.6,3108.2667,True,0.011,0.9267,3426.2963,2943.0,0.0065,0.0125,317500.0,1.033,0.4828,北雄ラッキー,スタンダード（内国株式）,小売業
2749,2026-09-29,653.0,-0.0151,-0.0411,-0.0076,0.122,0.0017,0.0985,661.88,628.7867,True,-0.0134,0.834,782.9287,563.0,0.017,2.5424,65300.0,1.7681,0.4426,ＪＰホールディングス,プライム（内国株式）,サービス業
274A,2026-09-29,2231.0,-0.0049,-0.0093,-0.0342,0.0292,-0.0249,0.0056,2271.9778,2239.6103,True,-0.018,0.9168,2433.3412,1952.042,0.0098,0.2269,223100.0,0.8575,0.2654,ガーデン,スタンダード（内国株式）,小売業
2750,2026-09-29,1332.0,-0.0022,-0.0199,-0.0148,0.082,-0.0055,0.0585,1353.8652,1298.9284,True,-0.0162,0.9227,1443.6027,1116.0382,0.0105,0.1064,133200.0,0.9055,0.2364,石光商事,スタンダード（内国株式）,卸売業
2751,2026-09-29,3665.0,0.0069,0.0166,-0.0266,-0.0174,-0.0172,-0.041,3701.4,3730.7333,True,-0.0098,0.9027,4060.0732,3416.6464,0.0173,0.3309,366500.0,1.7574,0.2438,テンポスホールディングス,スタンダード（内国株式）,卸売業
2752,2026-09-29,1151.0,-0.0035,-0.0017,0.0088,0.0388,0.0181,0.0153,1149.8,1129.7067,True,0.001,0.9664,1190.9618,1045.0,0.0092,0.8917,115100.0,0.7042,0.2725,フジオフードグループ本社,プライム（内国株式）,小売業
2753,2026-09-29,1377.0,0.0118,-0.0199,-0.0171,0.0155,-0.0078,-0.0081,1391.2775,1361.9592,True,-0.0103,0.887,1552.4276,1267.0,0.012,0.4442,137700.0,1.0625,0.3383,あみやき亭,プライム（内国株式）,小売業
2760,2026-09-29,4435.0,0.0057,0.061,0.0964,0.143,0.1057,0.1195,4157.906,4049.3687,True,0.0666,0.9376,4730.0,2682.9467,0.0345,5.452,443500.0,0.7536,0.4305,東京エレクトロン　デバイス,プライム（内国株式）,卸売業
2762,2026-09-29,69.0,0.0147,0.0455,-0.0143,-0.2159,-0.005,-0.2395,68.8,79.5067,False,0.0029,0.633,109.0,63.0,0.028,0.1262,6900.0,1.4419,0.4667,ＳＡＮＫＯ　ＭＡＲＫＥＴＩＮＧ　ＦＯＯＤＳ,スタンダード（内国株式）,小売業
2764,2026-09-29,163.0,-0.024,-0.0468,0.0449,0.1479,0.0542,0.1243,162.72,149.4133,True,0.0017,0.9056,180.0,107.0,0.0285,0.4187,16300.0,0.9079,0.2585,ひらまつ,スタンダード（内国株式）,小売業
2767,2026-09-29,2469.0,-0.0064,-0.0739,-0.0163,0.7788,-0.007,0.7553,2536.966,2010.2553,True,-0.0268,0.9223,2677.0,1321.0,0.0293,11.5639,246900.0,0.6227,0.3803,円谷フィールズホールディングス,プライム（内国株式）,卸売業
2768,2026-09-29,5560.0,-0.0135,-0.0557,-0.0052,0.0752,0.0041,0.0517,5719.7087,5450.6229,True,-0.0279,0.7761,7164.2063,3788.9245,0.0243,70.5818,556000.0,0.9507,0.3097,双日,プライム（内国株式）,卸売業
2769,2026-09-29,936.0,0.0065,0.0174,0.023,0.0871,0.0323,0.0636,921.64,891.2,True,0.0156,0.9061,1033.0,808.0,0.0046,0.0355,93600.0,0.8477,0.3733,ヴィレッジヴァンガードコーポレーション,スタンダード（内国株式）,小売業
276A,2026-09-29,4290.0,-0.0283,0.0325,0.1595,0.3996,0.1688,0.3761,3967.519,3518.5804,True,0.0813,0.5545,7737.2658,2452.1179,0.0394,1.0647,429000.0,0.5934,0.2901,ククレブ・アドバイザーズ,グロース（内国株式）,不動産業
2776,2026-09-29,94.0,0.0,-0.0309,-0.0309,0.0,-0.0216,-0.0235,99.32,96.0667,False,-0.0536,0.5987,157.0,89.0,0.0441,0.2856,9400.0,1.3351,0.5552,新都ホールディングス,スタンダード（内国株式）,卸売業
2778,2026-09-29,118.0,0.0,0.0442,0.0351,0.0631,0.0444,0.0395,115.16,112.8267,True,0.0247,0.6592,179.0,105.0,0.0272,0.0657,11800.0,1.9767,0.28,パレモ・ホールディングス,スタンダード（内国株式）,小売業
277A,2026-09-29,1842.0,-0.0181,-0.0049,-0.0416,-0.1721,-0.0323,-0.1957,1863.4,1896.3067,False,-0.0115,0.5757,3199.3376,1552.0,0.0315,2.187,184200.0,0.4676,0.3082,グロービング,プライム（内国株式）,サービス業
2780,2026-09-29,4440.0,0.0043,-0.0177,-0.1294,-0.0883,-0.1201,-0.1118,4752.3152,5020.7717,False,-0.0657,0.7351,6040.0,2619.4673,0.0263,4.9886,444000.0,0.8055,0.2692,コメ兵ホールディングス,スタンダード（内国株式）,小売業
2782,2026-09-29,4630.0,0.0043,-0.0324,0.0451,0.2737,0.0545,0.2502,4581.3759,4059.8586,True,0.0106,0.9439,4905.0,2862.126,0.0293,16.1032,463000.0,0.9366,0.2618,セリア,スタンダード（内国株式）,小売業
2784,2026-09-29,2281.0,-0.013,-0.0426,-0.0044,0.0492,0.005,0.0257,2320.3126,2269.1442,True,-0.0169,0.861,2649.1155,2027.1579,0.0166,10.4711,228100.0,1.0387,0.3021,アルフレッサ　ホールディングス,プライム（内国株式）,卸売業
2788,2026-09-29,408.0,-0.0145,0.0408,-0.0599,0.1209,-0.0506,0.0973,410.6,392.36,True,-0.0063,0.9169,445.0,323.2346,0.031,0.4112,40800.0,1.9218,0.4904,アップルインターナショナル,スタンダード（内国株式）,卸売業
2789,2026-09-29,489.0,0.0145,0.0338,0.0316,0.0562,0.041,0.0326,478.12,471.6133,True,0.0228,0.9629,507.8182,453.0,0.0083,0.011,48900.0,1.316,0.4175,カルラ,スタンダード（内国株式）,小売業
278A,2026-09-29,9780.0,0.0015,-0.4855,-0.4914,0.2701,-0.4821,0.2466,17099.6,12841.0667,True,-0.4281,0.4179,23400.0,2000.0,0.2274,725.6369,978000.0,0.8041,0.5369,Ｔｅｒｒａ　Ｄｒｏｎｅ,グロース（内国株式）,精密機器
2790,2026-09-29,2038.0,-0.03,-0.0327,-0.0613,-0.0481,-0.0519,-0.0717,2119.1989,2155.9463,False,-0.0383,0.8693,2344.3482,1895.2203,0.0128,0.1913,203800.0,1.2066,0.3459,ナフコ,スタンダード（内国株式）,小売業
2791,2026-09-29,4410.0,-0.0243,-0.035,-0.0329,0.0364,-0.0236,0.0129,4599.2,4474.0667,True,-0.0411,0.5797,7606.8355,3965.0,0.0245,2.1122,441000.0,0.7723,0.3199,大黒天物産,プライム（内国株式）,小売業
2792,2026-09-29,1401.0,-0.0127,-0.0325,-0.0456,0.0072,-0.0363,-0.0164,1444.04,1417.16,True,-0.0298,0.911,1537.8982,1315.0,0.0099,0.761,140100.0,1.0132,0.3805,ハニーズホールディングス,プライム（内国株式）,小売業
2795,2026-09-29,979.0,-0.019,0.0156,0.0198,0.0316,0.0291,0.0081,963.28,957.1333,True,0.0163,0.9626,1017.0,841.2623,0.0104,0.0059,97900.0,1.406,0.5028,日本プリメックス,スタンダード（内国株式）,卸売業
2796,2026-09-29,505.0,-0.002,-0.0175,0.01,0.0632,0.0193,0.0396,504.52,496.1733,False,0.001,0.9294,543.3708,471.0,0.0156,0.0492,50500.0,2.0765,0.3055,ファーマライズホールディングス,スタンダード（内国株式）,小売業
2798,2026-09-29,2998.0,0.002,0.001,-0.0266,0.001,-0.0173,-0.0225,3009.36,3013.24,True,-0.0038,0.9702,3090.0,2880.0,0.003,0.0992,299800.0,0.551,0.1694,ワイズテーブルコーポレーション,スタンダード（内国株式）,小売業
2801,2026-09-29,1646.5,-0.0051,-0.0223,-0.0817,-0.0129,-0.0724,-0.0364,1740.9447,1684.1482,True,-0.0542,0.8817,1867.5,1189.5095,0.0226,62.886,164650.0,0.9779,0.2754,キッコーマン,プライム（内国株式）,食料品
2802,2026-09-29,4978.0,-0.0006,0.005,-0.0851,-0.1524,-0.0758,-0.1759,5149.6326,5344.9442,False,-0.0333,0.7852,6340.0,3252.6754,0.0238,144.1119,497800.0,0.8151,0.2331,味の素,プライム（内国株式）,食料品
2804,2026-09-29,1852.0,-0.0011,-0.0201,-0.008,0.065,0.0013,0.0414,1859.4975,1810.0325,True,-0.004,0.8634,2145.0406,1688.0,0.0113,0.315,185200.0,0.9102,0.2898,ブルドックソース,プライム（内国株式）,食料品
2805,2026-09-29,7240.0,-0.0282,-0.0682,0.027,0.3843,0.0363,0.3608,7291.9727,6376.0576,True,-0.0071,0.9098,7957.9548,3138.104,0.0389,7.1971,724000.0,1.2523,0.2902,ヱスビー食品,スタンダード（内国株式）,食料品
2806,2026-09-29,1960.0,0.0481,0.0182,0.031,0.0543,0.0404,0.0308,1911.2142,1888.0047,False,0.0255,0.8419,2328.0375,1800.0,0.0119,0.0324,196000.0,1.3416,0.4922,ユタカフーズ,スタンダード（内国株式）,食料品
2809,2026-09-29,4407.0,-0.0029,-0.0407,-0.0595,0.0094,-0.0502,-0.0142,4627.48,4513.2,True,-0.0476,0.8941,4929.0,3792.3381,0.0184,17.0973,440700.0,1.1213,0.3123,キユーピー,プライム（内国株式）,食料品
280A,2026-09-29,1067.0,-0.0256,-0.0265,-0.0422,-0.4684,-0.0329,-0.4919,1100.96,1391.3067,False,-0.0308,0.3233,3300.0,805.0,0.0446,0.3198,106700.0,0.3235,0.2523,ＴＭＨ,グロース（内国株式）,卸売業
2810,2026-09-29,4004.0,-0.0047,-0.0045,0.0726,0.0686,0.0819,0.045,3892.9433,3811.2878,True,0.0285,0.9683,4135.0,2714.5698,0.016,12.2704,400400.0,1.1492,0.3147,ハウス食品グループ本社,プライム（内国株式）,食料品
2811,2026-09-29,2621.0,-0.018,-0.0424,-0.0413,-0.0066,-0.032,-0.0302,2725.84,2676.0267,True,-0.0385,0.8962,2924.6379,2492.5,0.0158,9.2343,262100.0,1.3092,0.4162,カゴメ,プライム（内国株式）,食料品
2813,2026-09-29,3900.0,0.0,-0.0076,-0.0102,-0.0286,-0.0008,-0.0522,3922.6,3958.1333,True,-0.0058,0.9478,4115.0,2870.0723,0.0134,0.0383,390000.0,1.0573,0.1822,和弘食品,スタンダード（内国株式）,食料品
2814,2026-09-29,1858.0,-0.0393,-0.0378,0.0617,0.2144,0.071,0.1908,1902.1622,1676.2874,True,-0.0232,0.9141,2032.5,1487.234,0.0266,0.1543,185800.0,1.4897,0.3952,佐藤食品工業,スタンダード（内国株式）,食料品
2815,2026-09-29,5070.0,-0.0174,-0.0361,-0.0697,0.01,-0.0604,-0.0136,5329.9724,5247.5241,False,-0.0488,0.8206,6178.542,4940.0,0.0142,5.0062,507000.0,1.2506,0.3747,アリアケジャパン,プライム（内国株式）,食料品
2816,2026-09-29,1410.0,0.0071,-0.0063,-0.0021,0.0071,0.0072,-0.0164,1414.514,1409.8113,True,-0.0032,0.9923,1421.0,1381.2859,0.0039,0.078,141000.0,2.8146,0.3772,ダイショー,スタンダード（内国株式）,食料品
2818,2026-09-29,1753.0,-0.0006,-0.0045,-0.0062,0.0098,0.0031,-0.0138,1762.12,1752.3867,True,-0.0052,0.9859,1778.0,1708.7126,0.0046,0.0573,175300.0,1.4881,0.2478,ピエトロ,スタンダード（内国株式）,食料品
2819,2026-09-29,2471.0,-0.0088,-0.0163,-0.0474,0.0228,-0.0381,-0.0008,2525.0143,2480.2314,True,-0.0214,0.8798,2808.4981,2308.0,0.0125,0.2782,247100.0,0.9616,0.2967,エバラ食品工業,スタンダード（内国株式）,食料品
281A,2026-09-29,381.0,-0.0256,-0.0427,-0.1301,-0.4313,-0.1208,-0.4549,417.68,494.1867,False,-0.0878,0.2389,1595.0,306.0,0.0429,0.344,38100.0,0.7723,0.5197,インフォメティス,グロース（内国株式）,情報・通信業
2820,2026-09-29,6270.0,-0.0079,-0.0234,0.0681,0.2888,0.0775,0.2653,6296.4,5424.9765,True,-0.0042,0.9153,6850.0,3475.6163,0.0416,1.1471,627000.0,0.8742,0.2455,やまみ,スタンダード（内国株式）,食料品
2831,2026-09-29,3760.0,0.0,0.0217,0.0259,0.0836,0.0352,0.06,3681.8553,3595.6851,True,0.0212,0.9844,3819.4466,3174.3929,0.0108,0.0541,376000.0,0.952,0.418,はごろもフーズ,スタンダード（内国株式）,食料品
285A,2026-09-29,17880.0,0.0056,-0.6415,-0.6594,-0.8006,-0.6501,-0.8242,47244.2667,62119.8222,False,-0.6215,0.1587,112700.0,4340.0,0.3061,14973.7185,1788000.0,0.9914,0.6975,キオクシアホールディングス,プライム（内国株式）,電気機器
286A,2026-09-29,731.0,-0.0068,-0.0793,-0.1053,0.1076,-0.0959,0.084,798.88,766.48,True,-0.085,0.7002,1044.0,613.0,0.0265,0.197,73100.0,0.9817,0.4236,ユカリア,グロース（内国株式）,サービス業
2871,2026-09-29,2159.0,-0.0146,-0.031,0.0056,-0.0055,0.0149,-0.0291,2166.9241,2153.048,True,-0.0037,0.9114,2369.0,1682.2903,0.0198,25.3584,215900.0,0.7753,0.328,ニチレイ,プライム（内国株式）,食料品
2872,2026-09-29,1923.0,0.0005,-0.0026,-0.0466,-0.0409,-0.0373,-0.0644,1946.4,1995.88,False,-0.012,0.8589,2239.0,1906.1234,0.0033,0.0655,192300.0,0.4013,0.3818,セイヒョー,スタンダード（内国株式）,食料品
2874,2026-09-29,2031.0,-0.0615,-0.0679,-0.0756,-0.0254,-0.0662,-0.049,2171.5636,2098.4679,False,-0.0647,0.7486,2713.0,1150.8495,0.0354,3.6445,203100.0,1.0245,0.3757,横浜冷凍,プライム（内国株式）,卸売業
2875,2026-09-29,9482.0,-0.0116,-0.0492,-0.0913,-0.087,-0.082,-0.1105,10188.1094,10354.1431,False,-0.0693,0.7742,12247.4764,9482.0,0.0197,43.7398,948200.0,1.1332,0.3861,東洋水産,プライム（内国株式）,食料品
2876,2026-09-29,469.0,-0.0105,-0.033,-0.0126,0.0353,-0.0033,0.0118,472.04,466.5333,True,-0.0064,0.9255,506.7797,409.322,0.0172,0.0139,46900.0,0.4862,0.3097,デルソーレ,スタンダード（内国株式）,食料品
2877,2026-09-29,760.0,-0.0026,0.0201,0.0201,0.0243,0.0294,0.0007,751.48,745.6267,True,0.0113,0.9536,797.0,708.5714,0.0116,0.0216,76000.0,0.6772,0.3756,日東ベスト,スタンダード（内国株式）,食料品
287A,2026-09-29,1141.0,0.0018,-0.0026,-0.0507,0.0815,-0.0414,0.058,1159.2874,1120.6025,True,-0.0158,0.9202,1240.0,805.6197,0.0167,4.8895,114100.0,0.8752,0.2259,黒田グループ,スタンダード（内国株式）,卸売業
2882,2026-09-29,2002.0,-0.005,-0.0074,-0.0052,-0.0082,0.0041,-0.0317,2024.9601,2027.732,True,-0.0113,0.9585,2088.6261,1904.9009,0.0073,0.5037,200200.0,0.759,0.1373,イートアンドホールディングス,プライム（内国株式）,食料品
2883,2026-09-29,1968.0,-0.0414,-0.0391,-0.0219,-0.0051,-0.0126,-0.0286,2033.24,2003.8533,True,-0.0321,0.9563,2058.0,1878.5235,0.0078,0.1026,196800.0,2.4675,0.6869,大冷,スタンダード（内国株式）,食料品
2884,2026-09-29,603.0,-0.029,-0.0321,-0.0694,-0.0651,-0.0601,-0.0887,631.84,632.16,False,-0.0456,0.5657,1066.0,570.0,0.0174,0.4504,60300.0,0.8491,0.219,ヨシムラ・フード・ホールディングス,プライム（内国株式）,食料品
288A,2026-09-29,93.0,-0.0106,0.0109,-0.0412,-0.0106,-0.0319,-0.0342,94.64,94.6,False,-0.0173,0.5082,183.0,87.0,0.0215,0.0617,9300.0,0.7073,0.25,ラクサス・テクノロジーズ,グロース（内国株式）,サービス業
2892,2026-09-29,4705.0,0.0,-0.0116,0.0341,0.142,0.0434,0.1184,4627.8902,4396.0301,True,0.0167,0.9661,4870.0,3278.7185,0.0179,0.2412,470500.0,1.3988,0.379,日本食品化工,スタンダード（内国株式）,食料品
2894,2026-09-29,370.0,0.0335,0.0335,0.0511,0.1212,0.0605,0.0977,360.4,341.7333,True,0.0266,0.957,386.6067,307.5056,0.017,0.0332,37000.0,0.8088,0.2386,石井食品,スタンダード（内国株式）,食料品
2897,2026-09-29,2862.5,-0.0105,-0.0431,-0.0386,0.026,-0.0293,0.0024,2968.2434,2891.6211,True,-0.0356,0.8636,3314.5479,2527.0,0.0223,36.0943,286250.0,0.925,0.3626,日清食品ホールディングス,プライム（内国株式）,食料品
2901,2026-09-29,136.0,-0.0993,-0.0621,-0.1169,-0.2808,-0.1076,-0.3043,150.3478,168.2216,False,-0.0954,0.1911,711.519,129.0,0.0373,0.1748,13600.0,0.9333,0.493,ウェルディッシュ,スタンダード（内国株式）,食料品
2903,2026-09-29,1525.0,-0.0097,-0.0528,-0.0551,0.0304,-0.0458,0.0069,1604.1965,1587.5988,True,-0.0494,0.7269,2098.0198,1377.2277,0.0223,0.0395,152500.0,0.8133,0.4502,シノブフーズ,スタンダード（内国株式）,食料品
2904,2026-09-29,756.0,0.0,0.0027,0.0067,-0.0066,0.016,-0.0301,754.04,758.1973,False,0.0026,0.9755,774.9823,727.835,0.0035,0.0265,75600.0,0.9287,0.227,一正蒲鉾,スタンダード（内国株式）,食料品
2907,2026-09-29,1539.0,-0.0071,-0.0006,0.0059,0.0315,0.0152,0.008,1537.0,1513.8667,True,0.0013,0.9107,1690.0,1146.069,0.0117,0.0419,153900.0,0.8533,0.3833,あじかん,スタンダード（内国株式）,食料品
2908,2026-09-29,1574.0,-0.0224,-0.0379,-0.0373,0.0521,-0.028,0.0286,1621.9944,1569.2115,True,-0.0296,0.9527,1652.0869,1455.0,0.0111,0.6907,157400.0,0.8435,0.3708,フジッコ,プライム（内国株式）,食料品
290A,2026-09-29,1387.0,-0.0368,-0.0294,-0.0923,0.1258,-0.083,0.1023,1458.96,1330.2667,False,-0.0493,0.6481,2140.0,842.0,0.0455,16.4619,138700.0,0.7623,0.3405,Ｓｙｎｓｐｅｃｔｉｖｅ,グロース（内国株式）,情報・通信業
2910,2026-09-29,1390.0,-0.01,-0.0177,-0.0266,0.0578,-0.0173,0.0343,1411.16,1365.88,True,-0.015,0.9355,1485.8514,1214.0,0.0149,0.7396,139000.0,0.9943,0.2655,ロック・フィールド,プライム（内国株式）,食料品
2911,2026-09-29,2271.0,-0.01,0.0058,0.0098,0.0058,0.0191,-0.0178,2260.88,2260.68,True,0.0045,0.9706,2339.9055,2208.4391,0.0075,0.0169,227100.0,1.0783,0.3072,旭松食品,スタンダード（内国株式）,食料品
2914,2026-09-29,6885.0,0.0051,-0.0045,-0.0166,0.1452,-0.0073,0.1217,6860.32,6546.3544,True,0.0036,0.9539,7218.0,4522.5444,0.016,251.4661,688500.0,0.9593,0.4452,日本たばこ産業,プライム（内国株式）,食料品
2915,2026-09-29,1973.0,-0.006,-0.0614,-0.0174,-0.0095,-0.0081,-0.0331,2044.6551,2028.7384,True,-0.035,0.8435,2339.0,1768.3421,0.017,0.6301,197300.0,0.9935,0.4165,ケンコーマヨネーズ,プライム（内国株式）,食料品
2916,2026-09-29,726.0,-0.0268,-0.0189,-0.0294,-0.0082,-0.0201,-0.0317,740.48,734.92,True,-0.0196,0.954,761.0,680.5209,0.0097,0.0187,72600.0,1.0265,0.3535,仙波糖化工業,スタンダード（内国株式）,食料品
2917,2026-09-29,890.0,-0.0241,-0.0378,-0.0378,-0.0294,-0.0285,-0.053,923.96,927.2267,True,-0.0368,0.9349,952.0,883.0,0.0079,0.0429,89000.0,1.8363,0.5374,大森屋,スタンダード（内国株式）,食料品
2918,2026-09-29,2685.0,-0.0183,-0.0293,-0.0469,0.0411,-0.0375,0.0175,2763.6208,2675.691,True,-0.0284,0.7304,3675.9379,2481.1532,0.0135,2.2814,268500.0,0.6737,0.2866,わらべや日洋ホールディングス,プライム（内国株式）,食料品
2922,2026-09-29,1967.0,-0.0145,-0.0185,-0.0229,0.0176,-0.0135,-0.006,1994.5295,1969.9232,True,-0.0138,0.9633,2042.0,1846.8068,0.0086,0.3163,196700.0,0.8583,0.2948,なとり,プライム（内国株式）,食料品
2923,2026-09-29,7250.0,0.0069,-0.0216,-0.0926,-0.0834,-0.0833,-0.107,7727.6,7990.4,True,-0.0618,0.7656,9470.0348,6610.0,0.03,0.2436,725000.0,1.243,0.3075,サトウ食品,スタンダード（内国株式）,食料品
2924,2026-09-29,1925.0,0.0174,0.0079,-0.0026,-0.0466,0.0067,-0.0701,1919.5401,2000.6867,False,0.0028,0.8299,2319.5618,1783.0,0.0106,0.0369,192500.0,0.4483,0.2302,イフジ産業,スタンダード（内国株式）,食料品
2926,2026-09-29,115.0,-0.0254,-0.0574,-0.0873,0.1386,-0.078,0.1151,124.4295,113.4098,True,-0.0758,0.8394,137.0,89.0,0.0343,0.2085,11500.0,0.6453,0.4192,篠崎屋,スタンダード（内国株式）,食料品
2927,2026-09-29,848.0,0.0012,-0.007,-0.0353,0.0336,-0.026,0.01,863.2361,843.8925,True,-0.0176,0.95,892.6581,790.2219,0.0053,0.2093,84800.0,0.6236,0.4444,ＡＦＣ－ＨＤアムスライフサイエンス,スタンダード（内国株式）,食料品
2929,2026-09-29,701.0,0.0014,-0.0514,0.1343,0.2901,0.1436,0.2665,652.36,595.0782,True,0.0746,0.8534,821.4337,502.2588,0.045,2.5653,70100.0,2.754,0.4814,ファーマフーズ,プライム（内国株式）,食料品
2930,2026-09-29,131.0,-0.0368,-0.0224,0.0131,0.1442,0.0225,0.1206,130.7842,122.8198,True,0.0017,0.9027,145.12,110.5466,0.024,0.4588,13100.0,0.8709,0.3182,北の達人コーポレーション,プライム（内国株式）,化学
2931,2026-09-29,345.0,-0.0143,-0.0199,-0.039,0.0392,-0.0297,0.0156,350.32,344.32,False,-0.0152,0.7409,465.6774,318.0,0.0193,1.8805,34500.0,0.7538,0.2559,ユーグレナ,プライム（内国株式）,食料品
2932,2026-09-29,1100.0,0.0009,-0.0009,-0.0099,0.0577,-0.0006,0.0341,1107.6,1085.2348,True,-0.0069,0.8476,1297.8479,980.9886,0.0112,0.1013,110000.0,1.0735,0.2279,ＳＴＩフードホールディングス,スタンダード（内国株式）,食料品
2933,2026-09-29,1097.0,-0.0153,-0.0352,-0.0343,0.0398,-0.025,0.0163,1128.64,1097.04,True,-0.028,0.9172,1196.0649,1007.6773,0.0083,1.0443,109700.0,2.0453,0.474,紀文食品,プライム（内国株式）,食料品
2934,2026-09-29,2023.0,0.004,-0.0025,0.0135,0.2488,0.0228,0.2252,2007.96,1819.0533,True,0.0075,0.9656,2095.0,1196.0,0.019,0.0827,202300.0,0.4288,0.3558,ジェイフロンティア,グロース（内国株式）,食料品
2935,2026-09-29,1195.0,-0.0132,-0.0173,0.0042,0.0921,0.0135,0.0686,1199.0368,1149.6258,True,-0.0034,0.8776,1361.7415,1037.4244,0.0099,0.2866,119500.0,1.0219,0.2699,ピックルスホールディングス,プライム（内国株式）,食料品
2936,2026-09-29,271.0,-0.0109,-0.0424,-0.0073,-0.039,0.002,-0.0626,274.32,274.9733,False,-0.0121,0.542,500.0,255.0,0.0242,0.0721,27100.0,0.6294,0.2891,ベースフード,グロース（内国株式）,食料品
2937,2026-09-29,1722.0,-0.0396,-0.0249,-0.0132,0.0274,-0.0039,0.0039,1758.12,1724.4533,True,-0.0205,0.8825,1951.2027,1594.4786,0.0105,0.0868,172200.0,1.8854,0.7056,サンクゼール,グロース（内国株式）,食料品
2938,2026-09-29,1261.0,-0.0156,-0.0217,-0.0187,-0.0432,-0.0094,-0.0668,1277.44,1306.8777,False,-0.0129,0.7518,1677.3212,1012.3018,0.0161,0.6168,126100.0,0.7304,0.2947,オカムラ食品工業,スタンダード（内国株式）,食料品
2961,2026-09-29,1492.0,-0.0152,0.0122,0.0559,-0.1079,0.0652,-0.1315,1515.9842,1512.5347,True,-0.0158,0.7842,1902.5,991.2642,0.0343,0.0384,149200.0,0.7608,0.3981,日本調理機,スタンダード（内国株式）,金属製品
2962,2026-09-29,2033.0,-0.0277,0.1103,0.1332,0.0216,0.1425,-0.0019,1760.88,1481.0133,True,0.1545,0.845,2406.0,261.0,0.0874,7.8959,203300.0,1.3139,0.45,テクニスコ,スタンダード（内国株式）,金属製品
296A,2026-09-29,1176.0,0.0064,-0.0554,0.0271,0.5515,0.0364,0.5279,1150.665,929.3817,True,0.022,0.9423,1248.0,595.9507,0.0367,0.9413,117600.0,0.7142,0.2989,令和アカウンティング・ホールディングス,グロース（内国株式）,サービス業
2970,2026-09-29,1150.0,0.0231,0.0455,0.0839,0.1735,0.0932,0.1499,1092.36,1041.88,False,0.0528,0.9027,1274.0,783.0,0.015,0.0605,115000.0,0.3032,0.405,ＧＬＣ　ＧＲＯＵＰ,スタンダード（内国株式）,不動産業
2975,2026-09-29,1380.0,-0.0254,-0.0356,-0.137,-0.1423,-0.1276,-0.1659,1472.72,1519.8,False,-0.063,0.7604,1814.8052,1059.5059,0.0271,2.9253,138000.0,1.2491,0.348,スター・マイカ・ホールディングス,プライム（内国株式）,不動産業
2978,2026-09-29,315.0,-0.0094,-0.0396,-0.087,-0.0948,-0.0776,-0.1184,335.52,343.6933,False,-0.0612,0.5105,617.0,304.0,0.0281,0.0211,31500.0,1.682,0.5194,ツクルバ,グロース（内国株式）,不動産業
297A,2026-09-29,210.0,-0.0094,-0.0047,-0.0141,-0.0141,-0.0048,-0.0376,212.96,213.9067,True,-0.0139,0.8249,254.5833,206.0,0.0099,0.0629,21000.0,0.942,0.2414,アルピコホールディングス,スタンダード（内国株式）,小売業
2980,2026-09-29,2297.0,-0.0039,-0.0142,-0.0666,-0.0279,-0.0573,-0.0515,2361.6,2468.1867,False,-0.0274,0.5535,4150.0,2199.0,0.0223,5.7481,229700.0,0.6235,0.3539,ＳＲＥホールディングス,プライム（内国株式）,不動産業
2981,2026-09-29,2242.0,-0.0239,-0.0192,0.0332,0.1306,0.0425,0.1071,2235.2033,2109.2811,True,0.003,0.764,2934.3984,1844.0,0.0206,0.0926,224200.0,0.7999,0.3775,ランディックス,グロース（内国株式）,不動産業
2982,2026-09-29,417.0,-0.0142,-0.0414,-0.0257,0.0557,-0.0164,0.0322,427.36,411.4964,True,-0.0242,0.8348,499.5426,360.9976,0.0204,0.9279,41700.0,0.7394,0.3176,ＡＤワークスグループ,プライム（内国株式）,不動産業
2983,2026-09-29,1620.0,-0.0259,-0.0598,0.0037,0.1338,0.013,0.1102,1693.8,1547.418,True,-0.0436,0.6869,2358.5063,1074.3704,0.0336,1.0309,162000.0,2.2495,0.2517,アールプランナー,グロース（内国株式）,不動産業
2984,2026-09-29,793.0,0.0206,0.0352,0.0366,0.0878,0.0459,0.0642,765.84,744.8,True,0.0355,0.9888,802.0,663.1745,0.0163,0.0612,79300.0,1.5259,0.4796,ヤマイチエステート,スタンダード（内国株式）,不動産業
2986,2026-09-29,2893.0,-0.0038,-0.0269,0.0176,0.041,0.0269,0.0175,2851.72,2798.9593,True,0.0145,0.7467,3874.4683,2234.5688,0.0186,3.4357,289300.0,0.7268,0.4673,ＬＡホールディングス,グロース（内国株式）,不動産業
298A,2026-09-29,327.0,-0.0268,-0.0061,0.0315,0.0093,0.0409,-0.0143,337.08,328.2533,True,-0.0299,0.3516,930.0,266.0,0.0553,0.0261,32700.0,0.6681,0.2213,ＧＶＡ　ＴＥＣＨ,グロース（内国株式）,情報・通信業
2991,2026-09-29,531.0,-0.0075,0.0172,-0.0345,-0.0581,-0.0252,-0.0816,534.88,552.3976,False,-0.0073,0.6577,807.3786,500.0,0.0289,0.1753,53100.0,1.6504,0.28,ランドネット,スタンダード（内国株式）,不動産業
2993,2026-09-29,2190.0,0.0,-0.0135,-0.0331,0.0186,-0.0238,-0.0049,2225.64,2174.4133,True,-0.016,0.8377,2614.1922,2007.479,0.0094,0.0225,219000.0,0.9395,0.4861,長栄,スタンダード（内国株式）,不動産業
2997,2026-09-29,1322.0,0.0,0.0,-0.0008,0.3989,0.0086,0.3754,1322.96,1217.6533,True,-0.0007,0.98,1349.0,881.0,0.0007,0.0698,132200.0,0.1488,0.3231,ストレージ王,グロース（内国株式）,不動産業
2998,2026-09-29,494.0,-0.0179,-0.0644,-0.1147,0.0249,-0.1054,0.0014,540.68,516.32,True,-0.0863,0.3593,1374.8913,415.0,0.0334,0.6065,49400.0,1.0664,0.3394,クリアル,グロース（内国株式）,不動産業
2999,2026-09-29,518.0,-0.0096,0.0137,-0.1494,-0.1106,-0.1401,-0.1342,534.7291,579.2713,False,-0.0313,0.7977,649.3377,398.4572,0.0197,0.1814,51800.0,0.5321,0.2937,ホームポジション,スタンダード（内国株式）,不動産業
299A,2026-09-29,1176.0,-0.0076,-0.0615,-0.1023,0.225,-0.093,0.2015,1267.6,1117.52,True,-0.0723,0.6216,1892.0,900.0,0.0312,2.3367,117600.0,0.6364,0.262,クラシル,グロース（内国株式）,サービス業
3001,2026-09-29,3030.0,-0.0288,-0.0066,0.0261,0.2521,0.0354,0.2285,2990.2,2753.6533,True,0.0133,0.9352,3240.0,2325.0,0.023,0.9799,303000.0,0.8436,0.4748,片倉工業,スタンダード（内国株式）,繊維製品
3002,2026-09-29,4015.0,-0.0171,-0.0231,-0.0395,0.0388,-0.0302,0.0153,4112.0,4028.8,True,-0.0236,0.8881,4520.815,3443.9785,0.0127,7.7865,401500.0,1.1398,0.3622,グンゼ,プライム（内国株式）,繊維製品
3003,2026-09-29,1706.5,-0.0144,-0.0323,-0.0482,0.0056,-0.0389,-0.0179,1760.66,1746.289,True,-0.0308,0.8312,2053.0969,1466.9629,0.0157,34.2034,170650.0,0.8133,0.2483,ヒューリック,プライム（内国株式）,不動産業
3004,2026-09-29,2027.0,-0.0039,-0.0231,-0.0301,-0.068,-0.0208,-0.0916,2078.84,2133.9333,False,-0.0249,0.7498,2703.5013,1981.4839,0.0108,0.1221,202700.0,1.0542,0.3329,神栄,スタンダード（内国株式）,卸売業
300A,2026-09-29,3000.0,-0.0307,-0.0596,-0.0812,0.0242,-0.0718,0.0007,3213.8,3048.36,True,-0.0665,0.8596,3490.0,2262.8572,0.0227,0.5151,300000.0,1.3537,0.3592,ＭＩＣ,スタンダード（内国株式）,サービス業
3010,2026-09-29,190.0,0.0,0.0106,-0.0155,-0.0355,-0.0062,-0.0591,190.08,189.7867,True,-0.0004,0.8874,214.1177,161.0,0.0117,0.2158,19000.0,0.6065,0.271,ポラリス・ホールディングス,スタンダード（内国株式）,サービス業
3011,2026-09-29,141.0,-0.007,-0.007,-0.0276,-0.0408,-0.0183,-0.0644,143.28,145.4667,False,-0.0159,0.5321,265.0,134.0,0.0203,0.0216,14100.0,0.59,0.245,バナーズ,スタンダード（内国株式）,小売業
3020,2026-09-29,4995.0,0.0257,0.0628,0.1549,0.2333,0.1642,0.2098,4563.2551,4260.085,True,0.0946,0.9606,5200.0,3600.6638,0.0264,0.1404,499500.0,1.9385,0.4697,アプライド,スタンダード（内国株式）,小売業
3021,2026-09-29,1621.0,-0.0092,0.024,-0.0049,-0.0689,0.0044,-0.0925,1606.04,1637.2,False,0.0093,0.6547,2475.9218,1237.9609,0.0128,0.1648,162100.0,0.5728,0.4297,パシフィックネット,スタンダード（内国株式）,サービス業
3023,2026-09-29,2066.0,-0.0005,-0.0115,-0.0091,0.1503,0.0002,0.1268,2058.2696,1936.4232,True,0.0038,0.8445,2446.3438,1541.9201,0.0154,0.4554,206600.0,0.8615,0.3707,ラサ商事,スタンダード（内国株式）,卸売業
3024,2026-09-29,1217.0,-0.0122,0.0176,0.0555,0.1839,0.0648,0.1603,1182.4153,1115.6584,True,0.0292,0.9612,1266.1028,980.0,0.0192,0.0267,121700.0,1.3509,0.3847,クリエイト,スタンダード（内国株式）,卸売業
3028,2026-09-29,2336.0,-0.0004,0.0082,-0.0148,0.1406,-0.0054,0.1171,2335.2,2219.652,True,0.0003,0.9713,2405.0,1824.2128,0.0127,1.748,233600.0,0.6985,0.2401,アルペン,プライム（内国株式）,小売業
302A,2026-09-29,582.0,0.0017,-0.0034,-0.0762,0.0798,-0.0669,0.0562,606.52,586.7867,True,-0.0404,0.8089,719.5,495.0,0.0376,0.0777,58200.0,1.8849,0.4209,ビースタイルホールディングス,グロース（内国株式）,サービス業
3030,2026-09-29,885.0,0.0011,0.0279,0.0149,0.109,0.0242,0.0855,860.96,846.28,False,0.0279,0.8106,1091.8317,759.5351,0.0115,0.1122,88500.0,0.9057,0.5091,ハブ,スタンダード（内国株式）,小売業
3031,2026-09-29,704.0,0.01,0.0203,0.0781,0.2159,0.0874,0.1923,670.24,631.68,True,0.0504,0.9715,724.661,550.0,0.018,0.7705,70400.0,1.1548,0.5141,ラクーンホールディングス,プライム（内国株式）,情報・通信業
3034,2026-09-29,2362.0,-0.0092,-0.0088,-0.0571,0.2685,-0.0478,0.245,2368.573,2172.6977,True,-0.0028,0.8896,2655.0,1681.0,0.0262,2.725,236200.0,0.8511,0.3996,クオールホールディングス,プライム（内国株式）,小売業
3035,2026-09-29,782.0,-0.0051,0.0276,0.0039,-0.0734,0.0132,-0.0969,771.16,784.9063,True,0.0141,0.8863,882.3621,587.5547,0.0098,0.0672,78200.0,0.2288,0.4841,ケイティケイ,スタンダード（内国株式）,卸売業
3036,2026-09-29,3325.0,-0.0215,-0.0104,-0.0445,0.3359,-0.0352,0.3123,3374.9927,2929.5842,True,-0.0148,0.8785,3785.0,2002.5496,0.0287,3.9819,332500.0,0.7648,0.3107,アルコニックス,プライム（内国株式）,卸売業
3038,2026-09-29,2969.0,0.0076,-0.0554,0.0538,0.124,0.0631,0.1004,2961.68,2788.1333,True,0.0025,0.6686,4440.5228,2516.0,0.0353,73.8846,296900.0,1.215,0.2776,神戸物産,プライム（内国株式）,卸売業
303A,2026-09-29,611.0,-0.0097,0.0682,0.0183,0.117,0.0276,0.0935,592.16,590.48,False,0.0318,0.4258,1435.0,539.0,0.0214,0.0217,61100.0,1.9797,0.4973,ｖｉｓｕｍｏ,グロース（内国株式）,情報・通信業
3040,2026-09-29,2678.0,0.0109,0.0708,0.1568,0.3811,0.1661,0.3576,2408.72,2168.9293,True,0.1118,0.977,2741.0,1345.0783,0.0354,2.8488,267800.0,1.3354,0.5813,ソリトンシステムズ,プライム（内国株式）,情報・通信業
3041,2026-09-29,401.0,-0.0025,-0.005,-0.0025,-0.0475,0.0068,-0.071,405.92,432.12,False,-0.0121,0.665,603.0,400.0,0.0082,0.0193,40100.0,0.4662,0.3348,ビューティカダンホールディングス,スタンダード（内国株式）,卸売業
3042,2026-09-29,291.0,-0.0102,-0.0673,-0.03,0.0069,-0.0207,-0.0166,299.68,292.5733,True,-0.029,0.676,430.4483,268.2931,0.0228,0.0616,29100.0,1.5123,0.3462,セキュアヴェイル,スタンダード（内国株式）,情報・通信業
3045,2026-09-29,1472.0,0.0,0.0014,-0.002,0.0197,0.0073,-0.0038,1463.23,1459.6176,True,0.006,0.9746,1510.4001,1339.2633,0.0031,0.0202,147200.0,0.5946,0.4667,カワサキ,スタンダード（内国株式）,卸売業
3046,2026-09-29,5730.0,-0.0104,-0.0255,-0.0671,-0.2803,-0.0578,-0.3039,5867.7941,6761.7908,False,-0.0235,0.5783,9909.0894,4822.2277,0.0252,14.417,573000.0,0.5677,0.298,ジンズホールディングス,プライム（内国株式）,小売業
3048,2026-09-29,1689.0,-0.0035,-0.0403,-0.0468,0.035,-0.0375,0.0115,1744.6285,1697.9917,True,-0.0319,0.9072,1861.834,1476.0277,0.0192,12.2001,168900.0,0.7971,0.2649,ビックカメラ,プライム（内国株式）,小売業
304A,2026-09-29,2140.0,0.0333,0.0891,0.088,0.1574,0.0973,0.1338,1974.96,1915.1733,True,0.0836,0.7785,2749.0,1676.0,0.0116,0.0195,214000.0,1.186,0.877,フォルシア,グロース（内国株式）,情報・通信業
3050,2026-09-29,1584.0,-0.0056,-0.0228,-0.0106,0.0543,-0.0013,0.0307,1594.1054,1528.7766,True,-0.0063,0.9338,1696.3762,1370.8973,0.0141,4.1562,158400.0,1.0367,0.2818,ＤＣＭホールディングス,プライム（内国株式）,小売業
3053,2026-09-29,200.0,-0.0099,-0.005,-0.0385,0.1111,-0.0291,0.0876,203.8,194.5067,True,-0.0186,0.9091,220.0,166.0,0.0161,0.413,20000.0,0.8608,0.2178,ペッパーフードサービス,スタンダード（内国株式）,小売業
3054,2026-09-29,379.0,-0.0052,0.0327,0.0384,0.6266,0.0477,0.6031,368.92,285.9207,True,0.0273,0.9743,389.0,224.6043,0.0243,0.1329,37900.0,0.2626,0.4124,ハイパー,スタンダード（内国株式）,卸売業
3058,2026-09-29,707.0,-0.0084,-0.0098,-0.0028,0.0367,0.0065,0.0131,709.92,700.9067,True,-0.0041,0.949,745.0,661.0,0.0079,0.0073,70700.0,0.969,0.3051,三洋堂ホールディングス,スタンダード（内国株式）,小売業
3059,2026-09-29,707.0,0.01,-0.0056,-0.0028,0.0043,0.0065,-0.0193,708.4794,708.2398,False,-0.0021,0.8418,839.8326,699.0,0.0051,0.0137,70700.0,0.887,0.3572,ヒラキ,スタンダード（内国株式）,小売業
3063,2026-09-29,1130.0,-0.0182,-0.0416,-0.0148,-0.0447,-0.0055,-0.0683,1154.9422,1178.7579,True,-0.0216,0.8776,1287.6322,745.3405,0.0189,0.4739,113000.0,0.5396,0.2997,ジェイグループホールディングス,グロース（内国株式）,小売業
3064,2026-09-29,1919.0,-0.0085,-0.0345,0.0248,0.0342,0.0341,0.0107,1910.92,1890.7312,True,0.0042,0.7662,2504.4301,1667.4752,0.028,33.8348,191900.0,0.8496,0.2642,ＭｏｎｏｔａＲＯ,プライム（内国株式）,小売業
3065,2026-09-29,1586.0,0.0,-0.0019,-0.0167,-0.0143,-0.0074,-0.0378,1594.6,1609.2,False,-0.0054,0.9578,1655.9236,1581.0,0.0023,0.0362,158600.0,0.8301,0.42,ライフフーズ,スタンダード（内国株式）,小売業
3067,2026-09-29,454.0,-0.0278,-0.0258,-0.0087,0.0022,0.0006,-0.0213,463.88,456.8533,True,-0.0213,0.9558,475.0,420.0,0.0112,0.1257,45400.0,3.8328,0.3549,東京一番フーズ,スタンダード（内国株式）,小売業
3068,2026-09-29,3105.0,0.0131,0.0147,0.0231,0.0811,0.0324,0.0576,3047.6,2990.3467,True,0.0188,0.9475,3276.9888,2842.0,0.0067,0.0558,310500.0,0.7296,0.3379,ＷＤＩ,スタンダード（内国株式）,小売業
3069,2026-09-29,157.0,-0.0126,-0.0599,-0.0655,0.0329,-0.0562,0.0094,166.28,159.1867,True,-0.0558,0.8722,180.0,143.0,0.0191,0.1677,15700.0,1.2628,0.4333,ＪＦＬＡホールディングス,スタンダード（内国株式）,食料品
3070,2026-09-29,43.0,-0.0227,-0.1731,-0.3857,-0.3485,-0.3764,-0.372,61.28,68.9467,False,-0.2983,0.2966,145.0,43.0,0.0914,0.6261,4300.0,1.6257,0.5091,ジェリービーンズグループ,グロース（内国株式）,卸売業
3071,2026-09-29,102.0,-0.0097,0.0,-0.0286,0.02,-0.0193,-0.0035,103.44,102.0,True,-0.0139,0.904,112.8364,96.0,0.0231,0.1007,10200.0,0.8329,0.1697,ストリーム,スタンダード（内国株式）,小売業
3075,2026-09-29,1695.0,-0.0059,0.0211,-0.0151,0.0273,-0.0058,0.0037,1674.28,1672.12,True,0.0124,0.9318,1819.0,1493.5316,0.0154,0.2624,169500.0,2.0612,0.6847,銚子丸,スタンダード（内国株式）,小売業
3076,2026-09-29,2968.0,-0.006,-0.0205,0.0003,0.1075,0.0097,0.0839,2979.32,2828.3605,True,-0.0038,0.9763,3040.0,2441.1411,0.0161,3.1577,296800.0,0.7708,0.217,あい　ホールディングス,プライム（内国株式）,卸売業
3077,2026-09-29,1451.0,0.0439,0.1068,0.3191,0.7377,0.3284,0.7142,1252.44,974.8133,True,0.1585,0.9509,1526.0,340.0,0.0406,0.3431,145100.0,1.1088,0.4893,ホリイフードサービス,スタンダード（内国株式）,小売業
3080,2026-09-29,837.0,0.0012,0.022,0.0372,0.1145,0.0465,0.091,815.6,787.5467,True,0.0262,0.9965,839.9694,690.2914,0.009,0.0295,83700.0,1.3038,0.4133,ジェーソン,スタンダード（内国株式）,小売業
3082,2026-09-29,988.0,0.0041,0.001,0.0092,0.0533,0.0185,0.0298,980.32,963.4504,True,0.0078,0.999,989.0,898.8448,0.0063,0.0655,98800.0,0.8072,0.2253,きちりホールディングス,スタンダード（内国株式）,小売業
3083,2026-09-29,1071.0,-0.0564,-0.1293,-0.0246,0.0929,-0.0153,0.0693,1177.64,1043.4133,True,-0.0906,0.7887,1358.0,623.8029,0.0444,5.0856,107100.0,1.4236,0.4288,スターシーズ,スタンダード（内国株式）,小売業
3086,2026-09-29,2660.5,-0.0089,-0.0172,-0.1448,-0.2578,-0.1355,-0.2814,2785.7692,2895.8307,True,-0.045,0.7422,3584.7363,2063.2433,0.0226,45.216,266050.0,0.7513,0.2922,Ｊ．フロント　リテイリング,プライム（内国株式）,小売業
3087,2026-09-29,3180.0,-0.0047,-0.0215,-0.055,0.1826,-0.0457,0.159,3302.0672,3031.8191,True,-0.037,0.9204,3455.0,2332.4747,0.0172,3.2969,318000.0,0.7676,0.3477,ドトール・日レスホールディングス,プライム（内国株式）,小売業
3088,2026-09-29,2427.5,-0.013,-0.0499,-0.0589,0.0108,-0.0496,-0.0127,2549.4874,2482.8291,True,-0.0478,0.7899,3073.1862,2171.5,0.0236,43.9776,242750.0,1.1468,0.3183,マツキヨココカラ＆カンパニー,プライム（内国株式）,小売業
3089,2026-09-29,1099.0,0.0009,0.0457,-0.0188,-0.1123,-0.0094,-0.1358,1081.2,1074.6133,False,0.0165,0.7476,1470.0,995.0,0.0229,0.0672,109900.0,0.8462,0.2665,テクノアルファ,スタンダード（内国株式）,卸売業
3091,2026-09-29,2836.0,-0.0018,0.0125,0.0369,0.2891,0.0462,0.2655,2814.16,2546.9221,True,0.0078,0.9676,2931.0,1817.4002,0.0194,1.8811,283600.0,0.5492,0.2364,ブロンコビリー,プライム（内国株式）,小売業
3092,2026-09-29,1089.0,-0.0041,-0.062,-0.0472,-0.0522,-0.0379,-0.0758,1134.7162,1140.0721,True,-0.0403,0.7663,1421.1235,974.5,0.0224,30.6598,108900.0,0.8754,0.3734,ＺＯＺＯ,プライム（内国株式）,小売業
3093,2026-09-29,1928.0,-0.0067,0.0016,-0.0923,-0.133,-0.083,-0.1566,1959.5106,2044.3045,True,-0.0161,0.83,2322.7542,1548.199,0.0248,3.3276,192800.0,0.8399,0.4604,トレジャー・ファクトリー,プライム（内国株式）,小売業
3096,2026-09-29,1560.0,-0.0207,-0.0347,-0.0317,-0.0045,-0.0223,-0.028,1605.9168,1616.9456,False,-0.0286,0.8717,1789.6493,1342.237,0.0087,0.0645,156000.0,1.5435,0.528,オーシャンシステム,スタンダード（内国株式）,小売業
3097,2026-09-29,5340.0,0.0019,0.0191,-0.0498,0.123,-0.0405,0.0995,5573.2,5236.3239,True,-0.0418,0.8885,6010.0,3734.805,0.0298,9.5998,534000.0,0.9275,0.2762,物語コーポレーション,プライム（内国株式）,小売業
3099,2026-09-29,1618.0,-0.0034,-0.5087,-0.5469,-0.6071,-0.5376,-0.6306,3052.0504,3532.9101,False,-0.4699,0.386,4192.0,1605.4448,0.1105,74.2074,161800.0,1.0852,0.975,三越伊勢丹ホールディングス,プライム（内国株式）,小売業
3101,2026-09-29,1639.0,-0.0067,-0.0109,-0.0115,0.0263,-0.0021,0.0028,1647.72,1662.6,False,-0.0053,0.8427,1945.0,1054.7708,0.0261,7.9862,163900.0,0.6721,0.2431,東洋紡,プライム（内国株式）,化学
3103,2026-09-29,1466.0,-0.0214,-0.0088,-0.0774,0.4178,-0.0681,0.3943,1477.56,1202.3733,True,-0.0078,0.3347,4380.0,186.0,0.0611,150.5695,146600.0,0.4563,0.2432,ユニチカ,スタンダード（内国株式）,繊維製品
3104,2026-09-29,3330.0,0.0128,0.0262,-0.0403,-0.2165,-0.031,-0.24,3331.1928,3701.9309,False,-0.0004,0.72,4625.0,2076.5435,0.0275,3.745,333000.0,0.775,0.2425,富士紡ホールディングス,プライム（内国株式）,繊維製品
3105,2026-09-29,2610.5,0.0017,0.101,0.217,0.0547,0.2263,0.0312,2297.5,2290.1833,True,0.1362,0.969,2694.0,1069.0301,0.0368,20.6059,261050.0,1.0495,0.5633,日清紡ホールディングス,プライム（内国株式）,電気機器
3106,2026-09-29,2325.0,0.0714,-0.792,-0.7829,-0.767,-0.7736,-0.7906,9514.3312,9897.3104,False,-0.7556,0.2008,11580.0,2104.9745,0.3877,3.5921,232500.0,2.2323,1.0357,倉敷紡績,プライム（内国株式）,繊維製品
3107,2026-09-29,3719.0,-0.0003,-0.0167,0.003,0.0783,0.0123,0.0547,3731.0084,3579.0028,True,-0.0032,0.9627,3863.0,2582.8212,0.022,12.9121,371900.0,1.5576,0.2355,ダイワボウホールディングス,プライム（内国株式）,卸売業
3109,2026-09-29,1041.0,0.0019,-0.0244,-0.0484,0.0186,-0.0391,-0.005,1062.9191,1043.6264,True,-0.0206,0.9103,1143.5773,952.981,0.0094,0.4455,104100.0,0.9512,0.3575,シキボウ,プライム（内国株式）,繊維製品
3110,2026-09-29,3040.0,-0.0155,0.057,0.0177,-0.2955,0.0271,-0.319,2998.9125,3298.1708,False,0.0137,0.462,6580.0,1230.9152,0.0551,130.858,304000.0,0.7805,0.2844,日東紡績,プライム（内国株式）,ガラス・土石製品
3111,2026-09-29,170.0,-0.023,-0.0341,-0.0608,0.0303,-0.0515,0.0068,178.72,174.0533,False,-0.0488,0.5782,294.0,158.0,0.0239,0.0193,17000.0,1.4844,0.3439,オーミケンシ,スタンダード（内国株式）,繊維製品
3113,2026-09-29,83.0,0.0122,0.0122,0.0,0.0779,0.0093,0.0544,82.44,76.6667,True,0.0068,0.7155,116.0,59.0,0.0327,0.1185,8300.0,0.7927,0.2211,ＵＮＩＶＡ・Ｏａｋホールディングス,スタンダード（内国株式）,証券、商品先物取引業
3116,2026-09-29,2167.0,-0.0166,-0.0447,-0.0324,0.0193,-0.0231,-0.0043,2244.5854,2224.9351,False,-0.0346,0.6702,3233.3377,2105.0,0.0197,12.9764,216700.0,0.7871,0.2773,トヨタ紡織,プライム（内国株式）,輸送用機器
3121,2026-09-29,249.0,-0.008,-0.0158,-0.046,0.1636,-0.0367,0.14,260.84,235.4267,True,-0.0454,0.7252,343.3588,189.0,0.0459,0.1611,24900.0,0.9658,0.2362,マーチャント・バンカーズ,スタンダード（内国株式）,サービス業
3123,2026-09-29,643.0,0.0031,-0.0108,-0.0153,0.0174,-0.006,-0.0061,649.7211,640.5604,True,-0.0103,0.892,720.8629,553.2203,0.0086,0.0166,64300.0,0.6642,0.3956,サイボー,スタンダード（内国株式）,繊維製品
3131,2026-09-29,7980.0,0.0192,0.1982,0.3256,1.2044,0.3349,1.1809,6562.8,4932.8,True,0.2159,0.9614,8300.0,2478.0677,0.054,2.866,798000.0,0.9062,0.5456,シンデン・ハイテックス,スタンダード（内国株式）,卸売業
3132,2026-09-29,4255.0,0.017,0.0813,0.1823,0.3534,0.1916,0.3298,3735.3799,3470.22,True,0.1391,0.9862,4314.75,1943.2715,0.0361,33.9228,425500.0,1.061,0.5353,マクニカホールディングス,プライム（内国株式）,卸売業
3133,2026-09-29,47.0,-0.0208,-0.0962,-0.3188,-0.3188,-0.3095,-0.3424,61.48,83.4,False,-0.2355,0.0627,750.0,42.0,0.1231,0.606,4700.0,0.9478,0.363,海帆,グロース（内国株式）,小売業
3134,2026-09-29,299.0,-0.0033,0.017,-0.0743,0.1199,-0.065,0.0963,302.6,296.3867,False,-0.0119,0.2112,1415.7347,250.0,0.0315,0.1809,29900.0,0.7482,0.2758,Ｈａｍｅｅ,スタンダード（内国株式）,小売業
3135,2026-09-29,1163.0,-0.0186,-0.0026,-0.0227,0.1193,-0.0134,0.0958,1168.52,1164.6,False,-0.0047,0.5979,1945.0,918.0,0.023,0.1195,116300.0,0.9761,0.2651,マーケットエンタープライズ,スタンダード（内国株式）,小売業
3137,2026-09-29,215.0,0.0047,-0.0138,0.0386,0.0859,0.048,0.0623,210.92,207.16,True,0.0193,0.638,337.0,185.0,0.0209,0.0592,21500.0,1.13,0.2889,ファンデリー,スタンダード（内国株式）,小売業
3138,2026-09-29,1160.0,0.0,0.0175,0.0413,0.0613,0.0506,0.0378,1137.08,1140.1467,True,0.0202,0.9814,1182.0,855.0,0.0113,0.0239,116000.0,0.9029,0.4131,富士山マガジンサービス,スタンダード（内国株式）,小売業
3139,2026-09-29,3415.0,-0.0187,-0.0101,-0.0087,0.0412,0.0006,0.0176,3434.6,3381.4,True,-0.0057,0.8343,4093.1775,3065.0,0.0117,0.829,341500.0,0.7692,0.3625,ラクト・ジャパン,プライム（内国株式）,卸売業
3140,2026-09-29,1019.0,0.002,0.0,0.002,0.001,0.0113,-0.0226,1018.68,1018.8499,False,0.0003,0.9538,1068.3381,979.3099,0.0043,0.0518,101900.0,0.4854,0.1806,ＢＲＵＮＯ,グロース（内国株式）,卸売業
3143,2026-09-29,960.0,0.0934,0.3389,0.3994,0.3833,0.4087,0.3597,723.6675,697.3692,True,0.3266,0.9717,988.0,630.0,0.0321,0.3438,96000.0,3.6041,0.9301,オーウイル,スタンダード（内国株式）,卸売業
3148,2026-09-29,3255.0,-0.0151,-0.0284,-0.0426,0.0015,-0.0333,-0.022,3366.0,3329.2,True,-0.033,0.9156,3555.0,3003.1197,0.0143,2.222,325500.0,0.7569,0.3015,クリエイトＳＤホールディングス,プライム（内国株式）,小売業
3150,2026-09-29,2369.0,0.0008,-0.0291,-0.0482,-0.0215,-0.0389,-0.045,2442.564,2479.6547,False,-0.0301,0.7793,3040.0,2195.5123,0.0141,1.0244,236900.0,0.8411,0.2719,グリムス,プライム（内国株式）,電気・ガス業
3151,2026-09-29,1547.0,-0.0128,-0.0624,-0.0709,0.0218,-0.0616,-0.0017,1624.9434,1599.1411,True,-0.048,0.8958,1727.0,1196.3785,0.0171,1.2259,154700.0,0.9317,0.4262,バイタルケーエスケー・ホールディングス,プライム（内国株式）,卸売業
3153,2026-09-29,3140.0,0.0048,-0.0427,0.0467,0.1267,0.056,0.1031,3053.88,2916.5333,True,0.0282,0.872,3600.8072,2047.1894,0.0315,3.3577,314000.0,1.6084,0.3753,八洲電機,プライム（内国株式）,卸売業
3154,2026-09-29,779.0,-0.025,-0.0089,-0.0453,-0.0238,-0.036,-0.0474,790.8,797.958,False,-0.0149,0.9029,862.75,756.3702,0.0138,0.1543,77900.0,0.7499,0.3827,メディアスホールディングス,プライム（内国株式）,卸売業
3156,2026-09-29,6220.0,0.0213,0.0912,0.178,0.4845,0.1873,0.4609,5396.5546,4622.0515,True,0.1526,0.9785,6356.9318,2408.6507,0.042,6.2505,622000.0,0.9961,0.4962,レスター,プライム（内国株式）,卸売業
3157,2026-09-29,1457.0,0.0132,0.0189,0.0014,0.0474,0.0107,0.0239,1439.6809,1416.4136,True,0.012,0.8575,1699.1624,1234.7707,0.013,0.0358,145700.0,0.7671,0.3121,ジオリーブグループ,スタンダード（内国株式）,卸売業
3159,2026-09-29,382.0,0.0079,0.0133,-0.0591,0.0852,-0.0498,0.0617,394.24,378.16,True,-0.031,0.8884,430.0,318.2823,0.0168,0.2912,38200.0,0.6037,0.42,丸善ＣＨＩホールディングス,スタンダード（内国株式）,小売業
3160,2026-09-29,580.0,0.0105,-0.0017,0.0,0.0193,0.0093,-0.0042,580.08,574.2267,True,-0.0001,0.9715,597.0,545.9102,0.0087,0.0743,58000.0,2.3254,0.5324,大光,スタンダード（内国株式）,卸売業
3161,2026-09-29,674.0,0.0015,0.006,0.0015,0.0181,0.0108,-0.0054,670.92,663.8133,True,0.0046,0.9642,699.0,612.5997,0.0112,0.0442,67400.0,1.6264,0.2642,アゼアス,スタンダード（内国株式）,卸売業
3166,2026-09-29,1439.0,0.0105,-0.0117,-0.0264,0.0155,-0.0171,-0.008,1458.5289,1432.5096,True,-0.0134,0.9086,1583.6825,1350.0,0.0103,0.0339,143900.0,0.9018,0.4169,ＯＣＨＩホールディングス,スタンダード（内国株式）,卸売業
3167,2026-09-29,1329.0,-0.0104,-0.0534,0.031,0.1567,0.0403,0.1331,1327.9189,1214.853,True,0.0008,0.9379,1417.0,970.0426,0.0209,8.2445,132900.0,2.4385,0.3895,ＴＯＫＡＩホールディングス,プライム（内国株式）,卸売業
3168,2026-09-29,1254.0,-0.0016,-0.0079,-0.1237,0.0676,-0.1144,0.0441,1323.0811,1313.4604,False,-0.0522,0.6571,1908.3288,520.6833,0.0359,1.088,125400.0,0.4562,0.2152,ＭＥＲＦ,スタンダード（内国株式）,卸売業
3169,2026-09-29,689.0,-0.0086,0.0192,0.0192,0.0487,0.0285,0.0252,678.24,663.2133,True,0.0159,0.9762,705.7695,625.0,0.0122,0.0411,68900.0,1.7809,0.2966,ミサワ,スタンダード（内国株式）,小売業
3172,2026-09-29,1129.0,0.0027,0.0044,0.0053,-0.0097,0.0147,-0.0332,1122.84,1130.9535,False,0.0055,0.9777,1154.7316,1097.6083,0.0029,0.0341,112900.0,0.3843,0.487,ティーライフ,スタンダード（内国株式）,小売業
3173,2026-09-29,1496.0,0.0403,0.0587,-0.0317,0.4624,-0.0224,0.4388,1473.0403,1227.1601,True,0.0156,0.8647,1730.0,843.5355,0.0202,0.1132,149600.0,0.6541,0.3868,Ｃｏｍｉｎｉｘ,スタンダード（内国株式）,卸売業
3174,2026-09-29,370.0,-0.0133,-0.0513,-0.0796,-0.0864,-0.0703,-0.11,395.32,410.7733,False,-0.064,0.4933,750.0,370.0,0.0097,0.0817,37000.0,0.9261,0.84,ハピネス・アンド・ディ,スタンダード（内国株式）,小売業
3175,2026-09-29,936.0,-0.0488,-0.0459,-0.0053,0.0119,0.004,-0.0117,963.44,945.6667,True,-0.0285,0.9332,1003.0,895.0,0.0109,0.2072,93600.0,2.0203,0.607,エー・ピーホールディングス,スタンダード（内国株式）,小売業
3176,2026-09-29,1134.0,-0.0026,-0.0495,0.0027,0.4538,0.012,0.4303,1149.1015,964.8538,True,-0.0131,0.9242,1227.0,709.7501,0.0305,5.8144,113400.0,1.2566,0.2814,三洋貿易,プライム（内国株式）,卸売業
3177,2026-09-29,5110.0,0.0313,0.1231,0.164,0.4942,0.1733,0.4706,4429.4,4026.5333,True,0.1537,0.9642,5300.0,3161.6043,0.0298,0.0941,511000.0,1.1202,0.723,ありがとうサービス,スタンダード（内国株式）,小売業
3178,2026-09-29,1138.0,-0.0323,-0.0556,-0.0556,0.0498,-0.0463,0.0263,1201.7976,1149.4259,True,-0.0531,0.8279,1374.5882,1037.0,0.0094,0.2376,113800.0,1.4646,0.7096,チムニー,スタンダード（内国株式）,小売業
3179,2026-09-29,1335.0,0.0007,0.081,0.1006,0.2327,0.1099,0.2091,1221.92,1188.76,True,0.0925,0.9435,1415.0,972.0,0.027,1.5146,133500.0,1.1926,0.6417,シュッピン,プライム（内国株式）,小売業
3180,2026-09-29,1629.0,0.0062,-0.0127,0.0654,0.1258,0.0747,0.1022,1599.8,1495.5333,True,0.0183,0.9582,1700.0,1231.4106,0.0347,0.8589,162900.0,1.3002,0.2619,ビューティガレージ,プライム（内国株式）,卸売業
3181,2026-09-29,1051.0,-0.0019,-0.0131,-0.0304,0.1005,-0.0211,0.077,1060.8,1032.2267,True,-0.0092,0.9384,1120.0,809.7458,0.0161,0.0373,105100.0,0.4626,0.2835,買取王国,スタンダード（内国株式）,小売業
3182,2026-09-29,1624.0,-0.0037,-0.0085,-0.0492,0.0791,-0.0399,0.0555,1658.0,1601.36,True,-0.0205,0.8946,1815.3727,1279.9816,0.0214,1.4415,162400.0,1.0535,0.3852,オイシックス,プライム（内国株式）,小売業
3183,2026-09-29,1244.0,-0.0251,-0.0228,-0.0228,0.0073,-0.0135,-0.0163,1266.4,1269.48,True,-0.0177,0.8463,1469.9751,1175.0,0.0112,0.2454,124400.0,1.0987,0.3662,ウイン・パートナーズ,プライム（内国株式）,卸売業
3185,2026-09-29,110.0,-0.0179,-0.1129,-0.2361,-0.2568,-0.2268,-0.2803,133.88,143.5333,False,-0.1784,0.3929,280.0,102.0,0.1091,0.6811,11000.0,3.8459,0.3833,夢展望,グロース（内国株式）,小売業
3186,2026-09-29,2800.0,-0.0081,-0.0404,-0.1679,-0.3129,-0.1586,-0.3364,3113.92,3476.5067,False,-0.1008,0.6474,4325.0,2210.4016,0.0333,16.3178,280000.0,1.0122,0.2598,ネクステージ,プライム（内国株式）,小売業
3187,2026-09-29,409.0,0.0174,0.0225,0.1361,0.7629,0.1454,0.7394,379.3988,321.7729,True,0.078,0.8684,471.0,222.0,0.0558,0.5771,40900.0,2.5075,0.4075,ミラタップ,グロース（内国株式）,小売業
3189,2026-09-29,105.0,-0.0187,0.0294,-0.0789,0.0294,-0.0696,0.0059,115.88,108.2933,False,-0.0939,0.1432,733.0,95.0,0.0612,0.5389,10500.0,0.4692,0.3267,ＡＮＡＰホールディングス,スタンダード（内国株式）,小売業
3190,2026-09-29,570.0,-0.024,-0.024,-0.0189,-0.0035,-0.0096,-0.027,583.72,578.7733,True,-0.0235,0.95,600.0,548.3246,0.0075,0.0111,57000.0,0.9924,0.4667,ホットマン,スタンダード（内国株式）,小売業
3191,2026-09-29,2271.0,-0.0087,-0.0044,-0.0092,0.0035,0.0002,-0.02,2261.72,2265.7148,True,0.0041,0.8923,2545.0,1945.3391,0.0159,3.113,227100.0,0.7789,0.285,ジョイフル本田,プライム（内国株式）,小売業
3192,2026-09-29,243.0,-0.0319,-0.069,-0.1763,-0.2957,-0.167,-0.3192,277.36,299.3867,False,-0.1239,0.4585,530.0,240.0,0.0332,0.0879,24300.0,1.2923,0.446,白鳩,スタンダード（内国株式）,小売業
3193,2026-09-29,1293.0,-0.013,-0.0152,-0.0977,-0.0388,-0.0884,-0.0623,1383.84,1389.3009,False,-0.0656,0.6806,1899.8949,1260.0,0.0323,2.5451,129300.0,1.3784,0.3452,エターナルホスピタリティグループ,プライム（内国株式）,小売業
3195,2026-09-29,453.0,0.0112,0.0134,-0.3348,-0.1272,-0.3255,-0.1507,612.72,558.9733,True,-0.2607,0.5329,850.0,393.0,0.0658,0.3988,45300.0,2.0489,0.9333,ジェネレーションパス,スタンダード（内国株式）,小売業
3196,2026-09-29,1657.0,-0.0078,-0.009,0.0116,0.0421,0.0209,0.0186,1646.96,1620.8133,True,0.0061,0.7781,2129.6639,1555.0,0.0126,1.1588,165700.0,0.6603,0.3212,ホットランドホールディングス,プライム（内国株式）,小売業
3197,2026-09-29,3125.0,-0.0111,-0.0464,-0.0652,0.1149,-0.0559,0.0913,3314.24,3087.4628,True,-0.0571,0.8366,3735.5198,2611.0363,0.0223,30.8521,312500.0,0.7636,0.3797,すかいらーくホールディングス,プライム（内国株式）,小売業
3199,2026-09-29,1283.0,-0.01,-0.028,-0.051,-0.0545,-0.0417,-0.0781,1321.44,1330.92,False,-0.0291,0.8073,1589.3045,1272.0,0.0092,0.5886,128300.0,1.4561,0.3139,綿半ホールディングス,プライム（内国株式）,小売業
319A,2026-09-29,21720.0,0.0037,0.1621,0.0844,0.3721,0.0937,0.3485,20428.4,18631.8667,True,0.0632,0.9568,22700.0,6430.0,0.0518,7.4049,2172000.0,0.882,0.312,技術承継機構,グロース（内国株式）,金属製品
3201,2026-09-29,1953.0,-0.0327,-0.0201,-0.0091,0.1455,0.0002,0.1219,1979.92,1882.8133,True,-0.0136,0.9332,2092.726,1515.9987,0.0172,1.4299,195300.0,0.7736,0.217,日本毛織,プライム（内国株式）,繊維製品
3202,2026-09-29,129.0,-0.0227,-0.0153,0.0078,0.0238,0.0171,0.0003,129.48,128.0,False,-0.0037,0.8431,153.0,105.6857,0.0155,0.0425,12900.0,0.9975,0.25,ダイトウボウ,スタンダード（内国株式）,繊維製品
3204,2026-09-29,506.0,-0.0059,0.014,0.004,0.004,0.0133,-0.0196,501.44,501.5733,False,0.0091,0.9084,557.0,417.7143,0.008,0.0292,50600.0,0.4418,0.3439,トーア紡コーポレーション,スタンダード（内国株式）,繊維製品
3205,2026-09-29,730.0,-0.0201,-0.0068,-0.0267,0.0139,-0.0174,-0.0097,738.6,733.2667,False,-0.0116,0.5597,1304.2783,660.0,0.0097,0.6945,73000.0,0.7756,0.3818,ダイドーリミテッド,スタンダード（内国株式）,繊維製品
3221,2026-09-29,3070.0,-0.0251,-0.0436,-0.0822,-0.0269,-0.0729,-0.0505,3245.6901,3227.03,True,-0.0541,0.8451,3632.541,2470.128,0.0137,1.4146,307000.0,1.7379,0.4513,ヨシックスホールディングス,プライム（内国株式）,小売業
3222,2026-09-29,807.0,-0.0086,-0.0483,-0.0416,0.0183,-0.0323,-0.0052,835.4532,815.7663,True,-0.0341,0.8197,984.4834,763.7435,0.0198,4.2239,80700.0,0.743,0.45,ユナイテッド・スーパーマーケット・ホールディングス,スタンダード（内国株式）,小売業
3223,2026-09-29,991.0,0.001,0.0081,0.0498,0.0588,0.0591,0.0352,962.08,938.9733,True,0.0301,0.7451,1330.0,869.0,0.0075,0.0201,99100.0,1.1086,0.5519,エスエルディー,スタンダード（内国株式）,小売業
3224,2026-09-29,656.0,-0.0324,-0.0493,-0.0409,-0.0876,-0.0316,-0.1112,690.84,698.1467,False,-0.0504,0.7542,869.7484,562.7203,0.012,0.0359,65600.0,1.4821,0.56,ゼネラル・オイスター,グロース（内国株式）,小売業
3231,2026-09-29,871.0,-0.0156,-0.0574,-0.0668,-0.0669,-0.0574,-0.0904,917.2076,927.7612,False,-0.0504,0.7632,1141.2751,839.3168,0.0155,39.7397,87100.0,1.3022,0.4143,野村不動産ホールディングス,プライム（内国株式）,不動産業
3232,2026-09-29,573.0,-0.0321,-0.0482,-0.0653,0.0894,-0.0559,0.0658,598.4022,560.8007,True,-0.0425,0.9052,633.0,501.0,0.018,1.9155,57300.0,1.1877,0.358,三重交通グループホールディングス,プライム（内国株式）,不動産業
3236,2026-09-29,279.0,-0.0106,-0.0141,-0.0638,0.041,-0.0544,0.0175,285.84,278.3733,False,-0.0239,0.6822,408.9474,215.1842,0.0169,0.2176,27900.0,0.7184,0.2545,プロパスト,スタンダード（内国株式）,不動産業
3237,2026-09-29,90.0,0.0,-0.0526,-0.0722,-0.0722,-0.0628,-0.0957,96.08,96.4133,True,-0.0633,0.7895,114.0,53.0,0.0373,0.2719,9000.0,0.7946,0.4468,イントランス,グロース（内国株式）,不動産業
3238,2026-09-29,383.0,0.0026,0.0,-0.0103,0.0379,-0.001,0.0144,384.8,377.12,True,-0.0047,0.8711,439.6827,332.2266,0.0114,0.0822,38300.0,0.8669,0.1607,セントラル総合開発,スタンダード（内国株式）,不動産業
323A,2026-09-29,385.0,0.0267,0.0239,0.0079,-0.07,0.0172,-0.0936,375.92,379.8,False,0.0242,0.502,767.0,345.0,0.0184,0.0382,38500.0,0.4234,0.3111,フライヤー,グロース（内国株式）,情報・通信業
3241,2026-09-29,597.0,-0.0033,0.0205,-0.0132,0.0119,-0.0039,-0.0117,596.64,587.5467,True,0.0006,0.9676,617.0,499.4051,0.0148,0.0287,59700.0,0.6724,0.3613,ウィル,スタンダード（内国株式）,不動産業
3242,2026-09-29,531.0,0.0,0.0038,0.0,0.0453,0.0093,0.0217,525.92,512.5538,True,0.0097,0.8761,606.0769,482.0,0.0074,0.2267,53100.0,0.5014,0.4073,アーバネットコーポレーション,スタンダード（内国株式）,不動産業
3245,2026-09-29,959.0,-0.0072,-0.129,-0.174,-0.0598,-0.1647,-0.0833,1095.9306,1072.1235,True,-0.1249,0.7472,1283.4236,941.0,0.0258,5.4769,95900.0,1.9426,0.6502,ディア・ライフ,プライム（内国株式）,不動産業
3246,2026-09-29,688.0,-0.0043,-0.0086,0.0073,0.1043,0.0166,0.0808,687.8,659.12,True,0.0003,0.931,738.9647,615.0,0.008,0.039,68800.0,1.0027,0.2,コーセーアールイー,スタンダード（内国株式）,不動産業
3248,2026-09-29,892.0,-0.0011,0.0,0.0113,0.0469,0.0207,0.0234,889.04,878.2533,True,0.0033,0.9944,897.0,793.2599,0.009,0.0212,89200.0,2.0539,0.2106,アールエイジ,スタンダード（内国株式）,不動産業
324A,2026-09-29,748.0,0.0163,0.0289,-0.0027,0.0778,0.0066,0.0543,729.68,713.7733,False,0.0251,0.5637,1327.0,637.0,0.0217,0.1167,74800.0,1.1087,0.333,ブッキングリゾート,グロース（内国株式）,サービス業
3252,2026-09-29,2706.0,-0.0287,-0.0401,-0.0919,-0.0565,-0.0826,-0.08,2871.56,2883.826,False,-0.0577,0.7522,3597.5172,2696.4663,0.0168,4.0325,270600.0,1.2449,0.2875,地主,プライム（内国株式）,不動産業
325A,2026-09-29,1924.0,0.0005,0.03,0.1398,0.3723,0.1491,0.3488,1825.76,1595.1022,True,0.0538,0.9572,2010.0,1081.6666,0.0469,5.3617,192400.0,0.964,0.3173,ＴＥＮＴＩＡＬ,グロース（内国株式）,繊維製品
3261,2026-09-29,446.0,0.009,0.0469,0.0905,0.1768,0.0998,0.1532,421.8,404.28,True,0.0574,0.3756,1187.4698,376.0,0.0151,0.0233,44600.0,0.8077,0.4617,グランディーズ,グロース（内国株式）,不動産業
3266,2026-09-29,79.0,-0.0125,-0.0125,-0.0247,-0.0366,-0.0154,-0.0601,79.72,80.2933,False,-0.009,0.594,133.0,77.0,0.0172,0.0328,7900.0,0.7991,0.1474,ファンドクリエーショングループ,スタンダード（内国株式）,不動産業
3267,2026-09-29,624.0,0.0113,0.0065,-0.04,-0.0742,-0.0307,-0.0977,635.6,648.7467,False,-0.0183,0.4902,1273.0,593.0,0.0193,0.1109,62400.0,0.748,0.1905,フィル・カンパニー,スタンダード（内国株式）,建設業
3276,2026-09-29,2265.0,-0.0004,0.0,0.0085,0.7681,0.0178,0.7446,2255.84,1872.9467,True,0.0041,0.9651,2347.0,1199.7606,0.0033,4.1663,226500.0,0.584,0.6736,ＪＰＭＣ,プライム（内国株式）,不動産業
3277,2026-09-29,829.0,0.0024,0.0012,0.0247,0.2734,0.034,0.2499,818.4,716.04,True,0.013,0.941,881.0,602.2516,0.0189,0.1486,82900.0,0.4526,0.2877,サンセイランディック,スタンダード（内国株式）,不動産業
3280,2026-09-29,939.0,-0.0053,-0.0011,0.024,-0.03,0.0333,-0.0536,933.2327,932.6085,True,0.0062,0.8122,1156.1122,866.9283,0.0091,0.0546,93900.0,0.6029,0.2471,エストラスト,スタンダード（内国株式）,不動産業
3284,2026-09-29,1227.0,-0.0192,-0.0612,-0.074,0.0294,-0.0646,0.0058,1293.0239,1244.0746,True,-0.0511,0.8964,1368.8564,1126.0,0.0208,3.7819,122700.0,1.6121,0.3326,フージャースホールディングス,プライム（内国株式）,不動産業
3286,2026-09-29,881.0,-0.0023,-0.0023,-0.02,0.0115,-0.0107,-0.0121,888.08,903.7825,False,-0.008,0.7762,1134.9464,851.0,0.0066,0.0279,88100.0,0.5685,0.2049,トラストホールディングス,スタンダード（内国株式）,不動産業
3288,2026-09-29,7362.0,-0.0177,-0.0551,-0.0748,-0.1315,-0.0655,-0.1551,7727.7431,8210.6744,False,-0.0473,0.6305,11675.5339,7117.2229,0.0209,23.1311,736200.0,0.914,0.3012,オープンハウスグループ,プライム（内国株式）,不動産業
3289,2026-09-29,1221.5,-0.0228,-0.0643,-0.0871,-0.0578,-0.0778,-0.0814,1303.571,1313.157,False,-0.063,0.7793,1567.4949,1154.5315,0.019,34.1622,122150.0,0.9064,0.3723,東急不動産ホールディングス,プライム（内国株式）,不動産業
3291,2026-09-29,2162.5,-0.0197,-0.0563,-0.091,-0.0094,-0.0817,-0.0329,2289.3086,2249.3629,True,-0.0554,0.7886,2742.3549,2014.5,0.0176,12.1479,216250.0,1.0508,0.3761,飯田グループホールディングス,プライム（内国株式）,不動産業
3293,2026-09-29,757.0,0.0114,-0.013,-0.0282,-0.0053,-0.0189,-0.0288,767.66,765.9933,True,-0.0139,0.958,790.169,731.4931,0.0074,0.0244,75700.0,1.4591,0.5226,アズマハウス,スタンダード（内国株式）,不動産業
3297,2026-09-29,1205.0,0.0135,0.0229,0.0212,0.1065,0.0305,0.083,1180.44,1150.12,False,0.0208,0.8969,1343.5225,1058.0,0.0052,0.0248,120500.0,1.3565,0.5632,東武住販,スタンダード（内国株式）,不動産業
3299,2026-09-29,1711.0,-0.0212,0.0059,-0.0155,-0.0409,-0.0062,-0.0645,1718.4,1786.3139,False,-0.0043,0.6771,2527.0393,1574.3008,0.0139,1.7515,171100.0,0.6771,0.3195,ムゲンエステート,スタンダード（内国株式）,不動産業
3300,2026-09-29,1865.0,-0.008,0.0,-0.0431,-0.0867,-0.0338,-0.1102,1873.84,2019.8306,False,-0.0047,0.7277,2562.8161,1795.0,0.0141,1.3451,186500.0,0.8183,0.3196,アンビション　ＤＸ　ホールディングス,グロース（内国株式）,不動産業
3302,2026-09-29,3080.0,-0.0144,-0.0207,-0.0981,-0.0954,-0.0888,-0.119,3155.6,3287.4667,False,-0.024,0.8297,3712.1784,2676.0,0.0184,1.6006,308000.0,0.778,0.3874,帝国繊維,プライム（内国株式）,繊維製品
3306,2026-09-29,769.0,-0.0141,0.1049,0.3236,0.2284,0.3329,0.2049,683.52,677.4667,True,0.1251,0.8081,951.6344,567.0,0.0473,0.4994,76900.0,1.4561,0.3603,日本製麻,スタンダード（内国株式）,卸売業
330A,2026-09-29,525.0,-0.0296,-0.0558,0.0585,0.253,0.0678,0.2294,538.08,482.3733,True,-0.0243,0.4888,1074.0,373.0,0.0414,0.1326,52500.0,0.243,0.2809,ＴａｌｅｎｔＸ,グロース（内国株式）,情報・通信業
3315,2026-09-29,95.0,-0.0104,-0.0594,-0.0865,0.0,-0.0772,-0.0235,100.8,97.9067,True,-0.0575,0.6209,153.0,86.0,0.0263,7.6938,9500.0,1.2556,0.32,日本コークス工業,プライム（内国株式）,石油・石炭製品
3317,2026-09-29,1500.0,0.006,0.0033,0.026,0.0714,0.0353,0.0479,1479.12,1442.7067,True,0.0141,0.8677,1728.7678,1249.0,0.0065,0.0164,150000.0,0.594,0.2964,フライングガーデン,スタンダード（内国株式）,小売業
331A,2026-09-29,479.0,0.0021,-0.0144,-0.0124,-0.0083,-0.0031,-0.0318,486.08,490.3467,True,-0.0146,0.8647,553.9634,445.0975,0.0077,0.0231,47900.0,1.2296,0.4031,メディックス,スタンダード（内国株式）,サービス業
3320,2026-09-29,1300.0,0.0,-0.0107,-0.0181,0.0383,-0.0088,0.0148,1310.4,1291.1938,True,-0.0079,0.9067,1433.81,1180.3368,0.0116,0.091,130000.0,0.6867,0.2443,クロスプラス,スタンダード（内国株式）,卸売業
3321,2026-09-29,1889.0,0.0053,0.0436,0.1231,0.077,0.1324,0.0534,1715.08,1680.9333,False,0.1014,0.7893,2393.2814,1320.8995,0.025,0.8543,188900.0,1.1789,0.6556,ミタチ産業,スタンダード（内国株式）,卸売業
3323,2026-09-29,93.0,0.0242,0.0,-0.0211,0.3099,-0.0117,0.2863,93.055,81.6317,True,-0.0006,0.4883,190.464,69.0,0.0292,0.3694,9300.0,0.2528,0.1745,レカム,スタンダード（内国株式）,卸売業
3326,2026-09-29,667.0,-0.0177,-0.0045,0.0341,0.097,0.0434,0.0735,658.56,636.76,True,0.0128,0.758,880.0,575.0,0.0151,0.0298,66700.0,1.4986,0.3773,ランシステム,スタンダード（内国株式）,サービス業
3329,2026-09-29,2133.0,-0.0051,-0.0047,0.0019,0.0255,0.0112,0.0019,2137.6,2107.3067,True,-0.0022,0.975,2187.6055,1992.0,0.0043,0.0885,213300.0,1.5283,0.3938,東和フードサービス,スタンダード（内国株式）,小売業
332A,2026-09-29,1252.0,-0.028,0.0521,0.1169,0.2203,0.1262,0.1967,1145.12,1061.9733,True,0.0933,0.7093,1765.0,761.0,0.0298,0.7213,125200.0,0.9504,0.5284,ミーク,グロース（内国株式）,情報・通信業
3333,2026-09-29,1274.0,-0.0132,-0.0363,-0.0514,0.005,-0.0421,-0.0185,1311.12,1302.523,True,-0.0283,0.8905,1430.6242,1201.8421,0.0175,1.613,127400.0,1.4396,0.322,あさひ,プライム（内国株式）,小売業
3349,2026-09-29,6135.0,-0.0119,-0.0765,-0.0661,-0.0082,-0.0568,-0.0318,6528.56,6392.6667,True,-0.0603,0.6911,8877.1087,5615.0,0.0287,31.3468,613500.0,1.0719,0.3678,コスモス薬品,プライム（内国株式）,小売業
334A,2026-09-29,1196.0,-0.0066,0.0912,0.1445,0.3186,0.1538,0.2951,1075.6,973.9467,True,0.1119,0.9601,1245.7015,687.5,0.0258,0.0522,119600.0,1.423,0.6579,ビジュアル・プロセッシング・ジャパン,グロース（内国株式）,情報・通信業
3350,2026-09-29,281.0,0.0,0.1807,-0.0757,0.405,-0.0663,0.3815,281.68,246.2133,False,-0.0024,0.4245,662.0,192.0,0.0669,91.4275,28100.0,0.8107,0.3779,メタプラネット,スタンダード（内国株式）,卸売業
3352,2026-09-29,1785.0,-0.0022,-0.0089,0.0039,0.1191,0.0133,0.0956,1791.1384,1731.3795,True,-0.0034,0.8599,2075.8597,1401.2053,0.0153,0.0234,178500.0,0.6944,0.482,バッファロー,スタンダード（内国株式）,小売業
3353,2026-09-29,2801.0,0.0047,0.0068,-0.005,0.0239,0.0043,0.0003,2804.1133,2761.7096,True,-0.0011,0.9015,3107.0579,2487.5673,0.0048,0.0582,280100.0,1.1449,0.3574,メディカル一光グループ,スタンダード（内国株式）,小売業
3355,2026-09-29,1832.0,-0.0016,0.0133,0.0011,0.1729,0.0104,0.1493,1813.08,1693.0367,True,0.0104,0.9243,1982.1101,1490.7508,0.017,0.4472,183200.0,0.8365,0.4441,クリヤマホールディングス,スタンダード（内国株式）,卸売業
3358,2026-09-29,92.0,-0.0213,-0.0108,-0.08,-0.0707,-0.0707,-0.0943,95.6817,94.7606,True,-0.0385,0.5287,174.0,82.0,0.024,0.0657,9200.0,0.3562,0.1357,Ｔｒａｉｌｈｅａｄ　Ｇｌｏｂａｌ　Ｈｏｌｄｉｎｇｓ,スタンダード（内国株式）,小売業
3359,2026-09-29,500.0,0.0142,-0.044,-0.0421,-0.0079,-0.0328,-0.0315,520.7465,518.0488,True,-0.0398,0.8571,583.3549,460.0,0.0152,0.2576,50000.0,2.0535,0.4464,ｃｏｔｔａ,グロース（内国株式）,卸売業
335A,2026-09-29,318.0,0.0,-0.0245,-0.1092,-0.0564,-0.0999,-0.0799,334.24,339.12,False,-0.0486,0.5171,615.0,311.0,0.0328,0.1565,31800.0,1.0714,0.5849,ミライロ,グロース（内国株式）,情報・通信業
3360,2026-09-29,2434.5,-0.0037,-0.0219,0.0375,0.124,0.0468,0.1004,2410.78,2334.42,True,0.0098,0.8793,2768.6262,1938.0,0.0208,6.5684,243450.0,0.9659,0.2571,シップヘルスケアホールディングス,プライム（内国株式）,卸売業
3361,2026-09-29,910.0,0.0078,0.0248,0.0225,0.0412,0.0318,0.0176,895.36,881.8133,True,0.0164,0.9654,942.6129,770.0767,0.0129,0.0328,91000.0,1.791,0.2732,トーエル,スタンダード（内国株式）,小売業
336A,2026-09-29,1286.0,-0.0331,-0.0403,0.4273,0.5916,0.4366,0.568,1271.56,969.1733,True,0.0114,0.6289,2045.0,532.0,0.135,121.5414,128600.0,0.8171,0.2143,ダイナミックマッププラットフォーム,グロース（内国株式）,情報・通信業
3370,2026-09-29,474.0,-0.0042,-0.0021,0.0128,-0.0227,0.0221,-0.0462,475.44,473.2533,False,-0.003,0.7556,627.3314,312.1744,0.0211,0.0556,47400.0,1.5752,0.28,フジタコーポレーション,スタンダード（内国株式）,小売業
3371,2026-09-29,2170.0,0.0112,-0.0028,0.0169,0.2522,0.0262,0.2286,2125.8087,1966.2562,True,0.0208,0.9175,2365.1862,1569.0,0.0214,1.4228,217000.0,1.5804,0.4283,ソフトクリエイトホールディングス,プライム（内国株式）,情報・通信業
3372,2026-09-29,218.0,0.0,-0.0136,-0.0091,-0.0136,0.0002,-0.0371,220.24,220.1467,True,-0.0102,0.8226,265.0,210.0,0.0082,0.0417,21800.0,2.0436,0.672,関門海,スタンダード（内国株式）,小売業
3374,2026-09-29,4795.0,0.0715,0.1913,0.11,0.4335,0.1193,0.4099,4154.8,3681.28,True,0.1541,0.9887,4850.0,1916.8404,0.0387,1.347,479500.0,0.8107,0.5934,内外テック,スタンダード（内国株式）,卸売業
3375,2026-09-29,1758.0,-0.0124,-0.0309,0.0156,0.0785,0.0249,0.055,1773.24,1728.1067,True,-0.0086,0.8833,1990.2106,1536.8421,0.015,0.0088,175800.0,0.8828,0.2428,ＺＯＡ,スタンダード（内国株式）,小売業
3377,2026-09-29,394.0,0.0051,0.0077,-0.0076,0.0314,0.0018,0.0079,389.56,380.0533,True,0.0114,0.73,539.7146,358.0,0.0098,0.0252,39400.0,0.3079,0.363,バイク王＆カンパニー,スタンダード（内国株式）,卸売業
3382,2026-09-29,1977.5,-0.0112,-0.0375,-0.0028,0.0258,0.0065,0.0022,2021.632,2001.8011,True,-0.0218,0.84,2354.0996,1784.0104,0.0165,185.4284,197750.0,0.8917,0.3224,セブン＆アイ・ホールディングス,プライム（内国株式）,小売業
3386,2026-09-29,1259.0,-0.0008,0.0088,0.0072,0.0252,0.0165,0.0017,1250.4,1243.2224,True,0.0069,0.881,1429.0872,1041.5219,0.0077,0.0602,125900.0,0.5127,0.28,コスモ・バイオ,スタンダード（内国株式）,卸売業
3387,2026-09-29,766.0,0.0013,0.0013,-0.0045,0.0441,0.0048,0.0206,767.4548,753.4283,True,-0.0019,0.9342,819.9224,682.7817,0.0181,10.4743,76600.0,0.5811,0.2237,クリエイト・レストランツ・ホールディングス,プライム（内国株式）,小売業
3388,2026-09-29,2103.0,-0.0005,-0.0168,-0.0159,-0.0028,-0.0066,-0.0264,2108.3477,2126.9292,True,-0.0025,0.8528,2466.0707,1891.6998,0.0144,0.6487,210300.0,0.9268,0.371,明治電機工業,プライム（内国株式）,卸売業
338A,2026-09-29,2810.0,-0.0695,-0.1094,0.2843,0.3808,0.2936,0.3573,2649.96,2274.52,True,0.0604,0.5879,4780.0,1890.0,0.1435,26.7016,281000.0,2.7442,0.2616,ＺｅｎｍｕＴｅｃｈ,グロース（内国株式）,情報・通信業
3391,2026-09-29,2114.0,-0.014,-0.0477,-0.1021,0.0377,-0.0928,0.0141,2275.4364,2251.6782,True,-0.0709,0.7196,2937.7922,1869.9392,0.0262,37.9939,211400.0,1.0993,0.4106,ツルハホールディングス,プライム（内国株式）,小売業
3392,2026-09-29,764.0,0.0,-0.0366,-0.0366,-0.0728,-0.0273,-0.0964,800.04,820.48,False,-0.045,0.7592,1006.3488,733.5727,0.0138,0.2284,76400.0,1.7033,0.6054,デリカフーズホールディングス,スタンダード（内国株式）,卸売業
3393,2026-09-29,3130.0,0.0071,-0.0219,0.0364,0.0347,0.0457,0.0112,3067.1787,3037.5929,True,0.0205,0.9557,3275.0,2460.9058,0.0195,1.2974,313000.0,1.6931,0.4587,スターティアホールディングス,プライム（内国株式）,卸売業
3395,2026-09-29,2457.0,-0.0117,-0.0077,-0.0172,-0.0215,-0.0079,-0.045,2482.2821,2490.4407,False,-0.0102,0.7756,3168.0293,2290.0,0.0168,2.967,245700.0,1.5031,0.4132,サンマルクホールディングス,プライム（内国株式）,小売業
3396,2026-09-29,859.0,-0.0035,-0.0149,-0.0239,0.0035,-0.0145,-0.02,867.8,862.7867,True,-0.0101,0.9174,936.3503,804.4011,0.0063,0.0265,85900.0,0.699,0.3132,フェリシモ,スタンダード（内国株式）,小売業
3397,2026-09-29,4140.0,-0.0247,-0.0461,-0.0426,0.0767,-0.0332,0.0532,4312.28,4116.3733,True,-0.04,0.8186,5057.2174,3492.0,0.0238,16.976,414000.0,1.2621,0.3221,トリドールホールディングス,プライム（内国株式）,小売業
3399,2026-09-29,3750.0,-0.0298,-0.0066,-0.0578,0.1078,-0.0485,0.0843,3906.2,3652.2667,True,-0.04,0.8824,4250.0,2576.6355,0.0444,4.4054,375000.0,1.272,0.2343,丸千代山岡家,スタンダード（内国株式）,小売業
339A,2026-09-29,927.0,0.0022,0.0065,-0.0086,0.0187,0.0008,-0.0049,918.24,910.72,False,0.0095,0.5948,1558.604,843.0,0.0186,0.1092,92700.0,0.6095,0.3369,プログレス・テクノロジーズ　グループ,グロース（内国株式）,サービス業
3401,2026-09-29,1659.5,-0.0033,-0.0449,-0.0408,0.0206,-0.0314,-0.0029,1709.8205,1689.3868,True,-0.0294,0.9093,1825.0,1183.816,0.0221,10.9159,165950.0,0.8573,0.3201,帝人,プライム（内国株式）,繊維製品
3402,2026-09-29,1241.0,0.002,-0.0251,-0.0278,0.1007,-0.0185,0.0771,1257.8796,1214.1865,True,-0.0134,0.8896,1395.0,905.5054,0.0211,51.0918,124100.0,0.8778,0.2908,東レ,プライム（内国株式）,繊維製品
3405,2026-09-29,1791.5,0.0003,-0.0154,-0.02,0.074,-0.0107,0.0505,1812.72,1783.2615,True,-0.0117,0.858,2088.0,1437.5979,0.02,29.9349,179150.0,0.9709,0.2517,クラレ,プライム（内国株式）,化学
3407,2026-09-29,1611.5,-0.0049,-0.0003,-0.0227,-0.1002,-0.0134,-0.1238,1611.2766,1723.9255,False,0.0001,0.8455,1906.0,1128.4572,0.019,76.1749,161150.0,0.9013,0.3968,旭化成,プライム（内国株式）,化学
3409,2026-09-29,77.0,-0.0128,-0.0941,-0.172,-0.1444,-0.1627,-0.168,88.68,91.0133,False,-0.1317,0.3348,230.0,70.0,0.0455,0.0606,7700.0,1.4344,0.5429,北紡,スタンダード（内国株式）,繊維製品
340A,2026-09-29,327.0,0.0219,0.0219,-0.0325,0.0093,-0.0232,-0.0143,323.52,319.8133,False,0.0108,0.5913,553.0,299.0,0.0262,0.029,32700.0,0.3593,0.1983,ジグザグ,グロース（内国株式）,情報・通信業
3415,2026-09-29,350.0,0.0,0.0,-0.0691,0.0234,-0.0598,-0.0002,359.04,371.5467,True,-0.0252,0.6775,516.6023,324.0,0.0271,1.2016,35000.0,0.661,0.2421,ＴＯＫＹＯ　ＢＡＳＥ,プライム（内国株式）,小売業
3416,2026-09-29,905.0,0.0308,0.0214,0.0056,0.1023,0.0149,0.0788,900.88,857.76,True,0.0046,0.8642,1047.1602,782.0,0.0144,0.0193,90500.0,0.8801,0.3,ピクスタ,スタンダード（内国株式）,小売業
3417,2026-09-29,996.0,0.001,-0.0119,-0.0586,-0.1155,-0.0493,-0.139,1020.04,1078.4933,False,-0.0236,0.6921,1439.1673,985.0,0.0123,0.0758,99600.0,0.4351,0.2374,大木ヘルスケアホールディングス,スタンダード（内国株式）,卸売業
3418,2026-09-29,1048.0,0.001,-0.0029,-0.0066,-0.0568,0.0027,-0.0803,1051.16,1082.3005,False,-0.003,0.9082,1153.8988,1001.2637,0.0081,0.1425,104800.0,0.5321,0.3412,バルニバービ,グロース（内国株式）,小売業
341A,2026-09-29,2245.0,-0.0422,-0.0218,0.1186,0.1092,0.1279,0.0856,2174.92,2055.5867,True,0.0322,0.7739,2901.0,1755.0,0.0382,1.3108,224500.0,1.1177,0.345,トヨコー,グロース（内国株式）,建設業
3420,2026-09-29,1580.0,0.0032,0.0161,-0.0069,0.0477,0.0024,0.0242,1578.08,1574.76,True,0.0012,0.924,1710.0,1410.6521,0.0076,0.045,158000.0,0.4537,0.4888,ケー・エフ・シー,スタンダード（内国株式）,金属製品
3421,2026-09-29,1607.0,-0.0135,-0.0117,-0.0743,-0.0813,-0.065,-0.1049,1692.56,1714.0699,True,-0.0506,0.8994,1786.8284,1517.9932,0.0165,0.4731,160700.0,0.8209,0.4667,稲葉製作所,スタンダード（内国株式）,金属製品
3422,2026-09-29,681.0,0.0896,0.1164,0.1127,0.3926,0.1221,0.3691,616.2443,550.1614,True,0.1051,0.9367,727.0,329.5407,0.0285,0.2384,68100.0,0.6831,0.5102,Ｊ－ＭＡＸ,スタンダード（内国株式）,金属製品
3423,2026-09-29,265.0,-0.0112,-0.0221,-0.0399,0.0038,-0.0305,-0.0198,273.04,270.4133,True,-0.0294,0.791,335.0,248.6956,0.0132,0.0473,26500.0,1.8699,0.3429,エスイー,スタンダード（内国株式）,金属製品
3426,2026-09-29,1302.0,0.0031,0.0023,0.0039,0.0015,0.0132,-0.022,1296.96,1294.5971,True,0.0039,0.916,1421.453,1256.8023,0.0036,0.0075,130200.0,1.1818,0.6246,アトムリビンテック,スタンダード（内国株式）,金属製品
3431,2026-09-29,1509.0,-0.0033,-0.0467,-0.0793,-0.015,-0.07,-0.0386,1581.1565,1566.9855,True,-0.0456,0.7374,2046.3725,1429.0,0.0145,1.2578,150900.0,1.0811,0.3609,宮地エンジニアリンググループ,プライム（内国株式）,金属製品
3433,2026-09-29,2859.0,0.0014,0.0156,0.0266,-0.119,0.0359,-0.1425,2783.1139,2968.9046,False,0.0273,0.8263,3460.0,1887.4984,0.0201,5.7087,285900.0,0.7218,0.433,トーカロ,プライム（内国株式）,金属製品
3434,2026-09-29,1235.0,0.0024,-0.0136,-0.0104,0.0156,-0.0011,-0.0079,1244.0867,1231.5889,True,-0.0073,0.8989,1373.9389,1116.7531,0.0075,0.0508,123500.0,0.6494,0.3978,アルファＣｏ,スタンダード（内国株式）,金属製品
3435,2026-09-29,1464.0,-0.0362,-0.0438,-0.0068,0.0027,0.0025,-0.0208,1507.48,1449.2533,True,-0.0288,0.9361,1564.0,1172.9051,0.02,0.0516,146400.0,0.9864,0.3415,サンコーテクノ,スタンダード（内国株式）,金属製品
3436,2026-09-29,3040.0,0.0066,0.0602,-0.1147,-0.2455,-0.1054,-0.269,3173.42,3719.7252,False,-0.042,0.5119,5939.0,1120.1769,0.0577,330.6876,304000.0,0.6286,0.269,ＳＵＭＣＯ,プライム（内国株式）,金属製品
3437,2026-09-29,2624.0,-0.015,-0.0183,-0.0371,-0.0194,-0.0277,-0.043,2691.24,2694.3867,False,-0.025,0.6828,3843.0838,2581.0584,0.008,0.0089,262400.0,0.9495,0.3,特殊電極,スタンダード（内国株式）,金属製品
343A,2026-09-29,1300.0,0.0015,-0.0084,-0.0015,-0.0377,0.0078,-0.0613,1309.84,1340.9467,True,-0.0075,0.7599,1710.6742,1100.6966,0.0202,0.0888,130000.0,1.1342,0.3357,ＩＡＣＥトラベル,スタンダード（内国株式）,サービス業
3440,2026-09-29,861.0,-0.0035,-0.0126,-0.06,-0.0317,-0.0507,-0.0553,876.0614,872.4215,False,-0.0172,0.7696,1118.7056,812.7349,0.0107,0.2087,86100.0,0.719,0.3256,日創グループ,スタンダード（内国株式）,金属製品
3441,2026-09-29,1721.0,-0.0321,-0.0423,-0.3696,-0.4905,-0.3603,-0.5141,2466.28,2729.2512,False,-0.3022,0.4082,4216.4509,922.7163,0.0914,2.3606,172100.0,2.5549,0.7073,山王,スタンダード（内国株式）,金属製品
3443,2026-09-29,1349.0,-0.0274,-0.0566,-0.0466,0.0377,-0.0373,0.0141,1386.4,1334.2933,True,-0.027,0.7439,1813.3374,1129.0,0.0228,2.9077,134900.0,0.7068,0.3222,川田テクノロジーズ,プライム（内国株式）,金属製品
3444,2026-09-29,1077.0,-0.0358,-0.0341,0.0346,-0.0289,0.0439,-0.0524,1058.32,1037.12,False,0.0177,0.5729,1880.0,297.1955,0.085,8.587,107700.0,3.875,0.3978,菊池製作所,スタンダード（内国株式）,金属製品
3445,2026-09-29,5990.0,0.0034,0.049,0.0399,-0.1772,0.0492,-0.2007,5656.4,6500.5333,False,0.059,0.6925,8650.0,3415.0,0.0468,10.9829,599000.0,0.7279,0.4334,ＲＳ　Ｔｅｃｈｎｏｌｏｇｉｅｓ,プライム（内国株式）,金属製品
3446,2026-09-29,1561.0,-0.0114,-0.0176,0.0013,-0.1562,0.0106,-0.1798,1589.2,1617.52,False,-0.0177,0.6209,2514.0,1120.0,0.031,0.2748,156100.0,0.4975,0.275,ジェイテックコーポレーション,スタンダード（内国株式）,金属製品
3447,2026-09-29,966.0,-0.0262,-0.0557,-0.0594,0.0222,-0.0501,-0.0013,1012.7479,983.1826,True,-0.0462,0.903,1069.8199,793.7691,0.013,0.305,96600.0,1.0401,0.4944,信和,スタンダード（内国株式）,金属製品
3449,2026-09-29,4275.0,-0.0058,0.024,0.0634,-0.5664,0.0727,-0.59,4027.6,5542.5787,False,0.0614,0.3994,10703.6131,1511.1504,0.0483,5.2996,427500.0,0.8036,0.4336,テクノフレックス,スタンダード（内国株式）,金属製品
3452,2026-09-29,1435.0,-0.0028,-0.0158,-0.0452,-0.0103,-0.0359,-0.0339,1462.88,1462.3733,True,-0.0191,0.7861,1825.5352,1330.0,0.0134,0.8203,143500.0,0.865,0.3526,ビーロット,スタンダード（内国株式）,不動産業
3454,2026-09-29,1264.0,0.0032,0.0064,-0.0094,0.0542,-0.0001,0.0307,1269.36,1245.7333,True,-0.0042,0.9723,1300.0,1092.9618,0.0132,0.0517,126400.0,0.8235,0.2513,ファーストブラザーズ,スタンダード（内国株式）,不動産業
3457,2026-09-29,897.0,-0.0154,-0.0313,-0.0427,-0.0508,-0.0334,-0.0743,925.04,942.6878,False,-0.0303,0.8223,1090.8989,897.0,0.01,0.7972,89700.0,0.871,0.3444,Ａｎｄ　Ｄｏホールディングス,プライム（内国株式）,不動産業
3461,2026-09-29,585.0,-0.0744,-0.0714,-0.041,0.0299,-0.0317,0.0064,618.6194,592.7265,True,-0.0543,0.9,650.0,497.0,0.0219,0.0627,58500.0,1.8846,0.5232,パルマ,スタンダード（内国株式）,不動産業
3465,2026-09-29,3130.0,-0.0173,-0.0501,-0.1653,-0.1529,-0.156,-0.1765,3409.9448,3606.6483,False,-0.0821,0.7631,4101.6702,2479.6238,0.0212,5.2182,313000.0,1.0116,0.2794,ケイアイスター不動産,プライム（内国株式）,不動産業
3467,2026-09-29,2828.0,0.0039,-0.0074,-0.0478,0.0927,-0.0385,0.0692,2849.88,2721.7467,True,-0.0077,0.9333,3030.0,2068.0518,0.025,0.1622,282800.0,0.7493,0.3117,アグレ都市デザイン,スタンダード（内国株式）,不動産業
3469,2026-09-29,890.0,0.0023,0.0091,-0.0078,-0.0011,0.0015,-0.0247,891.12,915.6101,False,-0.0013,0.8706,1022.341,844.5426,0.011,0.0299,89000.0,1.2645,0.3066,デュアルタップ,スタンダード（内国株式）,不動産業
3474,2026-09-29,595.0,-0.0017,-0.0083,0.0136,0.108,0.0229,0.0845,597.0,571.0267,True,-0.0034,0.8817,674.864,526.0,0.0053,0.0181,59500.0,0.8215,0.2545,Ｇ－ＦＡＣＴＯＲＹ,グロース（内国株式）,不動産業
3475,2026-09-29,1488.0,-0.0067,-0.0113,-0.0558,0.0122,-0.0465,-0.0113,1506.0,1490.1867,True,-0.012,0.8052,1848.0,1081.0,0.023,2.0781,148800.0,1.6429,0.315,グッドコムアセット,プライム（内国株式）,不動産業
3479,2026-09-29,1868.0,-0.0179,-0.0251,-0.0158,0.0873,-0.0065,0.0638,1883.56,1817.6933,True,-0.0083,0.7703,2425.0,1457.0,0.0199,0.8907,186800.0,0.4229,0.2504,ＴＫＰ,グロース（内国株式）,不動産業
3482,2026-09-29,2537.0,-0.0167,-0.0208,-0.0397,0.0071,-0.0304,-0.0164,2576.64,2674.44,False,-0.0154,0.6668,3805.0,2448.0,0.0161,2.1479,253700.0,0.7473,0.3934,ロードスターキャピタル,プライム（内国株式）,不動産業
3484,2026-09-29,1226.0,-0.0278,0.0008,0.1005,0.1125,0.1099,0.089,1162.0,1116.4,True,0.0551,0.9162,1338.1468,1020.3734,0.0254,0.0907,122600.0,1.6481,0.3885,イノベーションホールディングス,スタンダード（内国株式）,不動産業
3486,2026-09-29,2014.0,0.006,-0.0132,0.0229,0.1048,0.0322,0.0812,1983.0,1910.1733,True,0.0156,0.6902,2918.1123,1676.0,0.0201,1.1697,201400.0,1.2793,0.3951,グローバル・リンク・マネジメント,プライム（内国株式）,不動産業
3489,2026-09-29,761.0,-0.0091,-0.0404,-0.1333,0.0106,-0.1239,-0.0129,816.64,789.44,True,-0.0681,0.8345,911.9359,679.0,0.0178,0.3737,76100.0,0.6676,0.3021,フェイスネットワーク,スタンダード（内国株式）,不動産業
3490,2026-09-29,3100.0,0.0065,0.0164,-0.0549,0.0403,-0.0456,0.0167,3081.2,3041.9467,True,0.0061,0.938,3305.0,2683.8901,0.0099,0.0654,310000.0,0.4286,0.293,アズ企画設計,スタンダード（内国株式）,不動産業
3491,2026-09-29,1286.0,0.0094,-0.0606,-0.1783,-0.0417,-0.169,-0.0653,1468.96,1419.5867,False,-0.1246,0.5126,2508.8735,1214.0,0.0481,3.9922,128600.0,1.89,0.4058,ＧＡ　ｔｅｃｈｎｏｌｏｇｉｅｓ,グロース（内国株式）,不動産業
3494,2026-09-29,418.0,-0.0833,-0.0773,-0.0564,0.1875,-0.0471,0.164,447.0527,415.2976,True,-0.065,0.825,506.6926,317.0,0.0196,0.0399,41800.0,0.9039,0.6109,マリオン,スタンダード（内国株式）,不動産業
3496,2026-09-29,4705.0,-0.0057,-0.0388,-0.0427,0.1283,-0.0334,0.1048,4815.7769,4568.9256,True,-0.023,0.766,6142.683,3915.0,0.0275,1.8143,470500.0,0.6609,0.2435,アズーム,プライム（内国株式）,不動産業
3498,2026-09-29,7500.0,-0.0247,0.0417,-0.0536,0.1359,-0.0443,0.1124,7456.7953,7069.1022,True,0.0058,0.7037,10658.0958,5397.6202,0.0312,20.0117,750000.0,0.6768,0.3201,霞ヶ関キャピタル,プライム（内国株式）,不動産業
3501,2026-09-29,1174.0,-0.0118,-0.0126,-0.0151,0.0891,-0.0058,0.0655,1181.76,1136.4933,False,-0.0066,0.8233,1426.0209,1041.0,0.0127,0.201,117400.0,0.6601,0.4173,ＳＵＭＩＮＯＥ,プライム（内国株式）,繊維製品
350A,2026-09-29,662.0,-0.035,-0.0869,-0.1425,-0.1391,-0.1332,-0.1627,757.64,759.7733,False,-0.1262,0.5955,1111.6666,656.0,0.0597,5.6091,66200.0,2.2745,0.1797,デジタルグリッド,グロース（内国株式）,電気・ガス業
3512,2026-09-29,1026.0,0.0209,-0.0293,-0.0019,0.0632,0.0074,0.0397,1032.6399,966.2,True,-0.0064,0.9457,1084.8871,564.3835,0.0466,0.1993,102600.0,1.6885,0.2633,日本フエルト,スタンダード（内国株式）,繊維製品
3513,2026-09-29,3555.0,-0.0056,-0.0558,0.1023,0.1322,0.1116,0.1086,3471.749,3390.2497,True,0.024,0.8409,4227.4057,1886.069,0.0418,0.1343,355500.0,1.0973,0.3476,イチカワ,スタンダード（内国株式）,繊維製品
3521,2026-09-29,158.0,0.0064,0.0064,0.0128,0.0822,0.0221,0.0586,156.6,152.68,True,0.0089,0.8656,182.5349,141.0,0.0081,0.0279,15800.0,1.0857,0.1556,テルマー湯ホールディングス,スタンダード（内国株式）,サービス業
3524,2026-09-29,1481.0,-0.002,0.0007,-0.0013,0.0504,0.008,0.0268,1484.16,1458.6267,True,-0.0021,0.935,1583.963,1385.8469,0.0038,0.0389,148100.0,0.922,0.2513,日東製網,スタンダード（内国株式）,繊維製品
3529,2026-09-29,1129.0,-0.0044,0.0793,0.0551,0.0825,0.0645,0.0589,1039.92,1026.8267,True,0.0857,0.8841,1277.0,809.0,0.0344,0.5708,112900.0,1.3308,0.5157,アツギ,スタンダード（内国株式）,繊維製品
352A,2026-09-29,535.0,0.0094,0.0019,-0.0255,0.0594,-0.0162,0.0359,538.84,514.7333,True,-0.0071,0.4414,1212.0,430.0,0.0251,0.0199,53500.0,0.4056,0.216,ＬＯＩＶＥ,グロース（内国株式）,サービス業
3536,2026-09-29,127.0,0.0,0.0079,0.0,0.0,0.0093,-0.0235,127.5563,127.7893,False,-0.0044,0.7167,177.2093,123.062,0.0101,0.0163,12700.0,0.4763,0.1556,アクサスホールディングス,スタンダード（内国株式）,小売業
3537,2026-09-29,1727.0,-0.0411,0.0041,0.0088,0.0727,0.0181,0.0491,1749.56,1685.24,True,-0.0129,0.9089,1900.0,1456.0789,0.0227,0.1028,172700.0,2.9044,0.51,昭栄薬品,スタンダード（内国株式）,卸売業
3538,2026-09-29,1026.0,-0.0106,-0.0097,-0.0039,0.1528,0.0054,0.1293,1021.6,959.7618,True,0.0043,0.9732,1054.2261,866.2483,0.0141,0.1188,102600.0,0.7273,0.4207,ウイルプラスホールディングス,スタンダード（内国株式）,小売業
3539,2026-09-29,1447.0,-0.0103,-0.0021,-0.0385,0.196,-0.0292,0.1725,1435.6,1345.6278,True,0.0079,0.7993,1810.3093,1177.1469,0.0269,2.4821,144700.0,0.8034,0.4529,ＪＭホールディングス,プライム（内国株式）,小売業
3542,2026-09-29,1537.0,-0.0039,0.0357,0.0219,0.113,0.0313,0.0894,1499.96,1387.3733,True,0.0247,0.6712,2289.9345,1190.0,0.0357,0.2707,153700.0,0.6097,0.3354,ベガコーポレーション,グロース（内国株式）,小売業
3543,2026-09-29,2820.0,-0.0098,-0.0222,-0.0424,0.0262,-0.0331,0.0026,2896.26,2826.8922,True,-0.0263,0.8914,3163.6939,2644.1667,0.0113,6.2229,282000.0,0.683,0.3296,コメダホールディングス,プライム（内国株式）,卸売業
3544,2026-09-29,1249.0,0.0024,0.0,0.0,-0.0392,0.0093,-0.0628,1248.56,1198.8267,True,0.0004,0.9405,1328.0,791.0,0.0023,0.1308,124900.0,0.1221,0.239,サツドラホールディングス,スタンダード（内国株式）,小売業
3547,2026-09-29,1940.0,-0.0061,0.0131,0.0385,0.2738,0.0479,0.2503,1888.36,1735.7733,True,0.0273,0.7584,2558.053,1440.0,0.0137,0.4887,194000.0,0.7197,0.4253,ユニシアホールディングス,スタンダード（内国株式）,小売業
3548,2026-09-29,655.0,-0.0195,-0.0267,-0.1088,-0.1125,-0.0995,-0.136,694.16,720.8667,False,-0.0564,0.8399,779.8133,655.0,0.0112,1.1002,65500.0,1.4421,0.2718,バロックジャパンリミテッド,プライム（内国株式）,小売業
3549,2026-09-29,3732.0,-0.0251,-0.0898,-0.0891,0.0349,-0.0798,0.0114,4059.68,3905.64,True,-0.0807,0.7848,4755.1395,3351.0,0.0306,11.0122,373200.0,1.2152,0.3946,クスリのアオキホールディングス,スタンダード（内国株式）,小売業
3550,2026-09-29,219.0,0.0139,0.0139,0.0139,-0.0223,0.0232,-0.0459,216.4,219.2667,False,0.012,0.9217,237.6,180.8889,0.0098,0.0254,21900.0,1.509,0.3267,スタジオアタオ,グロース（内国株式）,小売業
3551,2026-09-29,1546.0,0.0151,-0.0277,-0.0504,0.2031,-0.0411,0.1796,1592.2,1451.1867,True,-0.029,0.9336,1656.0,897.728,0.0213,0.2579,154600.0,0.6224,0.28,ダイニック,スタンダード（内国株式）,繊維製品
3553,2026-09-29,883.0,-0.0101,-0.0596,-0.0586,0.0208,-0.0493,-0.0027,924.0185,896.4995,True,-0.0444,0.7482,1180.2339,813.1149,0.0161,0.3376,88300.0,0.8626,0.3929,共和レザー,スタンダード（内国株式）,化学
3556,2026-09-29,784.0,-0.0076,-0.0113,-0.0884,0.0481,-0.0791,0.0246,810.8,801.8533,False,-0.0331,0.5948,1318.0,718.0,0.0189,0.367,78400.0,0.6359,0.2841,リネットジャパングループ,グロース（内国株式）,小売業
3557,2026-09-29,503.0,0.004,-0.0079,-0.0616,-0.0455,-0.0523,-0.0691,519.32,537.3467,False,-0.0314,0.501,1004.0,499.0,0.006,0.0361,50300.0,0.712,0.4333,ユナイテッド＆コレクティブ,グロース（内国株式）,小売業
3558,2026-09-29,1856.0,-0.0133,-0.0232,0.0109,0.2091,0.0202,0.1856,1846.52,1702.9733,False,0.0051,0.7969,2329.0,1220.1228,0.0224,1.4674,185600.0,0.8052,0.3026,ジェイドグループ,グロース（内国株式）,小売業
3559,2026-09-29,446.0,-0.0155,-0.0325,-0.0262,0.1012,-0.0169,0.0777,454.64,428.8133,True,-0.019,0.7648,583.1237,375.0,0.0277,0.022,44600.0,0.3034,0.3399,ピーバンドットコム,スタンダード（内国株式）,卸売業
3560,2026-09-29,5210.0,0.0117,0.1527,0.1963,0.2196,0.2056,0.1961,4504.0,4311.5902,True,0.1567,0.9962,5230.0,2939.2577,0.0269,0.2541,521000.0,1.4846,0.7196,ほぼ日,スタンダード（内国株式）,小売業
3561,2026-09-29,1449.0,-0.0223,-0.0295,-0.1127,-0.056,-0.1034,-0.0796,1546.9958,1565.0119,True,-0.0633,0.8285,1749.0,1306.3315,0.0123,1.547,144900.0,1.9021,0.3266,力の源ホールディングス,プライム（内国株式）,小売業
3562,2026-09-29,1578.0,-0.0174,-0.0119,0.0257,0.0523,0.035,0.0288,1572.665,1531.8839,True,0.0034,0.6567,2402.8138,1385.43,0.011,0.3038,157800.0,0.5788,0.4016,Ｎｏ．１,スタンダード（内国株式）,卸売業
3563,2026-09-29,5051.0,0.0014,0.0598,-0.1294,0.0346,-0.1201,0.0111,5443.3296,5313.0699,True,-0.0721,0.8233,6135.0,3122.0,0.0419,155.8232,505100.0,1.385,0.3029,ＦＯＯＤ　＆　ＬＩＦＥ　ＣＯＭＰＡＮＩＥＳ,プライム（内国株式）,小売業
3565,2026-09-29,497.0,-0.0158,-0.0461,0.0899,0.2025,0.0992,0.1789,483.56,435.3637,True,0.0278,0.8586,578.8238,329.9985,0.0444,1.3053,49700.0,1.5195,0.3896,アセンテック,スタンダード（内国株式）,卸売業
3566,2026-09-29,732.0,0.0195,0.0083,-0.0444,-0.1518,-0.0351,-0.1753,734.64,811.6933,False,-0.0036,0.6906,1060.0,580.7362,0.0274,0.0581,73200.0,0.4775,0.1943,ユニフォームネクスト,グロース（内国株式）,小売業
3569,2026-09-29,3275.0,0.004,-0.003,-0.0507,-0.0015,-0.0414,-0.0251,3347.0285,3341.2762,True,-0.0215,0.9046,3620.5758,2915.2303,0.0209,4.9932,327500.0,0.8373,0.2489,セーレン,プライム（内国株式）,繊維製品
3571,2026-09-29,704.0,0.0072,-0.0249,-0.029,-0.0085,-0.0197,-0.032,722.7449,713.475,True,-0.0259,0.884,796.3689,678.0,0.0136,0.0392,70400.0,1.0256,0.366,ソトー,スタンダード（内国株式）,繊維製品
3577,2026-09-29,918.0,-0.0065,-0.0108,-0.0203,0.0011,-0.011,-0.0225,932.76,932.1733,False,-0.0158,0.8628,1064.0,857.1125,0.0081,0.0194,91800.0,0.7945,0.175,東海染工,スタンダード（内国株式）,繊維製品
3580,2026-09-29,740.0,-0.0173,-0.0339,-0.039,0.0452,-0.0296,0.0217,757.6475,733.2825,True,-0.0233,0.8099,913.7127,681.0,0.0147,0.3941,74000.0,0.7391,0.2937,小松マテーレ,プライム（内国株式）,繊維製品
3591,2026-09-29,3700.0,-0.041,-0.0835,-0.1415,-0.1591,-0.1322,-0.1826,4086.1827,4299.3942,False,-0.0945,0.6371,5807.4768,3698.0,0.02,5.1628,370000.0,1.4561,0.4794,ワコールホールディングス,プライム（内国株式）,繊維製品
3597,2026-09-29,8970.0,0.009,-0.0022,-0.0207,0.0193,-0.0114,-0.0042,9029.2,9120.4007,False,-0.0066,0.9046,9916.4297,8720.0,0.0115,0.1596,897000.0,0.5481,0.1847,自重堂,スタンダード（内国株式）,繊維製品
3598,2026-09-29,161.0,-0.0062,-0.0359,-0.0123,0.0592,-0.003,0.0357,164.96,161.24,True,-0.024,0.8656,186.0,152.0,0.0186,0.0333,16100.0,1.3842,0.3333,山喜,スタンダード（内国株式）,繊維製品
3607,2026-09-29,373.0,-0.0158,0.0332,0.0332,0.0743,0.0426,0.0508,358.8066,358.3225,True,0.0396,0.901,414.0,299.4648,0.0237,0.1511,37300.0,2.0276,0.7,クラウディアホールディングス,スタンダード（内国株式）,繊維製品
3608,2026-09-29,1210.0,-0.0082,-0.0328,-0.0472,0.0476,-0.0379,0.0241,1246.48,1219.0,True,-0.0293,0.7862,1539.0,906.5087,0.0172,2.8999,121000.0,0.9207,0.2541,ＴＳＩホールディングス,プライム（内国株式）,繊維製品
3611,2026-09-29,2396.0,-0.005,0.0,-0.0608,-0.0021,-0.0514,-0.0256,2439.96,2443.5733,True,-0.018,0.8777,2730.0,1906.6135,0.0154,0.6359,239600.0,0.6842,0.2229,マツオカコーポレーション,スタンダード（内国株式）,繊維製品
3612,2026-09-29,1562.0,-0.0114,-0.037,-0.0613,-0.0037,-0.052,-0.0272,1611.6466,1581.3502,True,-0.0308,0.9208,1696.3965,1276.6437,0.0155,5.1249,156200.0,0.6546,0.3065,ワールド,プライム（内国株式）,繊維製品
3622,2026-09-29,491.0,-0.0121,0.0041,-0.018,-0.0239,-0.0087,-0.0474,496.52,499.0933,False,-0.0111,0.7158,685.9573,478.0,0.0119,0.0137,49100.0,1.2542,0.2561,ネットイヤーグループ,スタンダード（内国株式）,情報・通信業
3623,2026-09-29,1278.0,0.0047,-0.0078,-0.0124,0.2171,-0.003,0.1936,1262.76,1112.2267,True,0.0121,0.9682,1320.0,945.8476,0.0249,0.2653,127800.0,0.6499,0.3484,ビリングシステム,グロース（内国株式）,情報・通信業
3624,2026-09-29,86.0,-0.0549,-0.0753,0.0238,0.1026,0.0331,0.079,87.6,76.44,True,-0.0183,0.637,135.0,48.0,0.0814,0.8383,8600.0,1.3064,0.2714,アクセルマーク,グロース（内国株式）,情報・通信業
3625,2026-09-29,730.0,0.0238,0.0704,0.0912,0.3346,0.1005,0.311,671.04,614.7952,True,0.0879,0.8765,832.8417,512.518,0.0307,0.0727,73000.0,0.3094,0.5038,テックファームホールディングス,グロース（内国株式）,情報・通信業
3626,2026-09-29,3950.0,0.012,-0.0314,0.0204,0.2472,0.0297,0.2237,3938.7035,3613.9278,True,0.0029,0.7408,5332.0308,2856.6214,0.0276,39.4516,395000.0,1.071,0.3096,ＴＩＳＩ,プライム（内国株式）,情報・通信業
3627,2026-09-29,276.0,0.0299,0.0415,0.0376,0.0376,0.0469,0.0141,265.8403,267.3099,False,0.0382,0.8301,332.5,241.1866,0.0142,0.0414,27600.0,0.8656,0.4327,テクミラホールディングス,スタンダード（内国株式）,情報・通信業
3628,2026-09-29,692.0,-0.0308,-0.0142,0.1729,0.4507,0.1822,0.4272,651.64,585.8533,True,0.0619,0.9264,747.0,422.0,0.0371,0.0915,69200.0,1.1517,0.4017,データホライゾン,グロース（内国株式）,情報・通信業
3632,2026-09-29,423.0,0.0071,-0.007,-0.0024,0.125,0.007,0.1015,419.92,400.7752,True,0.0073,0.9586,441.2571,336.6,0.0186,2.2744,42300.0,0.7031,0.3182,グリーホールディングス,プライム（内国株式）,情報・通信業
3633,2026-09-29,2584.0,-0.0119,-0.0004,-0.0062,0.568,0.0032,0.5444,2559.96,2025.0533,True,0.0094,0.94,2749.0,1556.0,0.0228,0.5618,258400.0,0.9029,0.3797,ＧＭＯペパボ,スタンダード（内国株式）,情報・通信業
3634,2026-09-29,591.0,-0.0101,0.0,-0.015,0.0442,-0.0057,0.0206,595.0,582.5867,False,-0.0067,0.5368,1101.0,536.0,0.0121,0.0118,59100.0,0.5884,0.336,ソケッツ,スタンダード（内国株式）,情報・通信業
3635,2026-09-29,1658.0,-0.0093,-0.0321,-0.0181,0.0948,-0.0087,0.0712,1680.14,1600.1933,True,-0.0132,0.7927,2091.686,1417.5,0.0216,14.7041,165800.0,0.8124,0.3148,コーエーテクモホールディングス,プライム（内国株式）,情報・通信業
3636,2026-09-29,4850.0,-0.0051,-0.0281,-0.029,0.0923,-0.0197,0.0688,4964.0171,4748.4724,True,-0.023,0.9203,5270.0,4375.0,0.0197,1.8997,485000.0,0.7917,0.3721,三菱総合研究所,プライム（内国株式）,情報・通信業
3639,2026-09-29,232.0,-0.0128,-0.0085,0.0131,0.0892,0.0224,0.0657,232.16,226.5333,True,-0.0007,0.725,320.0,198.0,0.0157,0.0111,23200.0,0.4428,0.2196,ボルテージ,スタンダード（内国株式）,情報・通信業
3640,2026-09-29,2730.0,-0.0119,-0.0408,-0.0326,0.1911,-0.0233,0.1676,2798.0632,2564.9277,True,-0.0243,0.7188,3797.8826,2200.0,0.0186,0.2359,273000.0,0.9312,0.3158,電算,スタンダード（内国株式）,情報・通信業
3641,2026-09-29,997.0,0.001,0.004,0.0194,0.0495,0.0287,0.0259,989.4,963.9333,True,0.0077,0.8978,1110.5135,875.7306,0.0065,0.0406,99700.0,1.0894,0.3077,パピレス,スタンダード（内国株式）,情報・通信業
3645,2026-09-29,262.0,-0.0038,0.0195,0.0694,0.1102,0.0787,0.0866,258.24,246.88,False,0.0146,0.8249,317.5972,225.0,0.0423,0.4977,26200.0,0.4113,0.1716,メディカルネット,グロース（内国株式）,情報・通信業
3646,2026-09-29,345.0,-0.0443,-0.0254,-0.0086,0.0714,0.0007,0.0479,351.76,338.1067,True,-0.0192,0.7966,433.0707,291.9798,0.017,0.0552,34500.0,0.8474,0.3927,駅探,スタンダード（内国株式）,情報・通信業
3647,2026-09-29,115.0,-0.0171,-0.0254,-0.1481,0.0088,-0.1388,-0.0148,120.04,117.36,True,-0.042,0.4812,239.0,106.0,0.0292,0.183,11500.0,0.213,0.2383,アスリナ,スタンダード（内国株式）,情報・通信業
3648,2026-09-29,1042.0,-0.0076,-0.0142,-0.0179,-0.0361,-0.0086,-0.0596,1063.158,1073.746,True,-0.0199,0.6634,1570.7721,996.0,0.0144,0.1017,104200.0,0.9375,0.1796,ＡＧＳ,スタンダード（内国株式）,情報・通信業
3649,2026-09-29,856.0,-0.0284,-0.0593,-0.007,0.0932,0.0024,0.0697,863.4,841.9185,True,-0.0086,0.8741,979.3388,705.2902,0.0282,0.5634,85600.0,0.9866,0.3521,ファインデックス,プライム（内国株式）,情報・通信業
3652,2026-09-29,3000.0,0.0,0.0121,0.1986,0.2937,0.2079,0.2701,2623.88,2513.0933,False,0.1433,0.7643,3925.0,1940.0,0.058,1.9637,300000.0,1.9363,0.5146,ディジタルメディアプロフェッショナル,グロース（内国株式）,情報・通信業
3653,2026-09-29,1010.0,-0.0793,-0.0525,0.2916,0.7003,0.3009,0.6768,1073.88,780.5333,True,-0.0595,0.6015,1679.0,557.0,0.1888,27.7976,101000.0,1.077,0.309,モルフォ,グロース（内国株式）,情報・通信業
3656,2026-09-29,182.0,0.0055,-0.0109,-0.0714,-0.1333,-0.0621,-0.1569,185.56,206.16,False,-0.0192,0.4081,446.0,171.0,0.0349,3.4993,18200.0,0.401,0.2831,ＫＬａｂ,プライム（内国株式）,情報・通信業
3657,2026-09-29,358.0,-0.0245,-0.0914,-0.0083,0.1351,0.001,0.1115,367.12,338.2524,True,-0.0248,0.904,396.0,274.3882,0.0313,1.1112,35800.0,1.9656,0.3924,ポールトゥウィンホールディングス,プライム（内国株式）,情報・通信業
3659,2026-09-29,2625.5,-0.0104,-0.1606,-0.1509,0.2237,-0.1416,0.2002,3054.4874,2592.9851,True,-0.1404,0.6006,4371.7393,2080.3721,0.0412,113.5588,262550.0,1.3586,0.5692,ネクソン,プライム（内国株式）,情報・通信業
365A,2026-09-29,788.0,-0.0088,-0.0113,0.0207,0.088,0.03,0.0644,784.8662,756.9352,True,0.004,0.9862,799.0,516.0946,0.0106,0.3273,78800.0,0.7344,0.3709,伊澤タオル,スタンダード（内国株式）,繊維製品
3660,2026-09-29,473.0,-0.0146,-0.0615,-0.1092,0.2613,-0.0999,0.2378,507.6,445.571,True,-0.0682,0.8313,569.0,354.0274,0.0337,5.297,47300.0,0.7063,0.2888,アイスタイル,プライム（内国株式）,情報・通信業
3661,2026-09-29,809.0,0.0025,0.0062,-0.0265,0.1299,-0.0172,0.1063,818.72,767.1867,True,-0.0119,0.7242,1117.038,590.0,0.0254,3.475,80900.0,0.6433,0.2722,エムアップホールディングス,プライム（内国株式）,情報・通信業
3662,2026-09-29,943.0,0.0032,-0.0032,-0.0167,-0.054,-0.0074,-0.0775,953.52,958.5476,True,-0.011,0.7494,1258.2649,872.5727,0.0174,0.7984,94300.0,0.5417,0.2374,エイチームホールディングス,プライム（内国株式）,情報・通信業
3663,2026-09-29,1799.0,-0.0066,-0.0586,-0.0741,-0.0426,-0.0648,-0.0661,1856.88,1858.678,True,-0.0312,0.851,2114.0,1228.2914,0.029,3.5287,179900.0,0.7547,0.3452,セルシス,プライム（内国株式）,情報・通信業
3664,2026-09-29,23.0,-0.0417,0.0,-0.1786,0.0,-0.1693,-0.0235,25.32,23.56,False,-0.0916,0.3067,75.0,20.0,0.0745,9.1134,2300.0,1.3736,0.2333,ＷＩＺＥ,グロース（内国株式）,情報・通信業
3665,2026-09-29,407.0,0.0,-0.0121,-0.0513,0.0682,-0.042,0.0447,419.16,402.8933,True,-0.029,0.8237,494.1176,340.0,0.0186,0.7003,40700.0,1.0775,0.3302,エニグモ,プライム（内国株式）,情報・通信業
3667,2026-09-29,27.0,0.0,-0.0357,0.0,-0.1,0.0093,-0.1235,27.64,28.36,False,-0.0232,0.2126,127.0,25.0,0.0529,0.0671,2700.0,0.1426,0.14,ｅｎｉｓｈ,スタンダード（内国株式）,情報・通信業
3668,2026-09-29,431.0,-0.0465,-0.0548,-0.0205,0.1744,-0.0111,0.1508,437.04,403.1867,True,-0.0138,0.8367,515.144,347.0,0.0239,2.1027,43100.0,1.0003,0.3889,コロプラ,プライム（内国株式）,情報・通信業
366A,2026-09-29,1170.0,-0.0307,0.0236,0.0192,0.0924,0.0285,0.0689,1159.96,1089.8,True,0.0087,0.711,1645.54,869.2692,0.0233,0.3652,117000.0,0.8038,0.4141,ウェルネス・コミュニケーションズ,グロース（内国株式）,サービス業
3671,2026-09-29,303.0,-0.0098,-0.0066,-0.0257,0.0484,-0.0164,0.0249,306.76,307.2933,True,-0.0123,0.749,404.54,270.0,0.02,0.0355,30300.0,0.3364,0.1976,ソフトマックス,スタンダード（内国株式）,情報・通信業
3672,2026-09-29,29.0,-0.0333,0.0,0.0,0.0741,0.0093,0.0505,28.92,27.9867,False,0.0028,0.3372,86.0,25.0,0.0419,0.0384,2900.0,0.4886,0.1647,オルトプラス,スタンダード（内国株式）,情報・通信業
3673,2026-09-29,477.0,-0.0042,-0.0245,-0.0062,0.2168,0.0031,0.1933,472.96,437.8469,True,0.0085,0.8923,534.5783,283.1285,0.034,3.7698,47700.0,0.7878,0.3824,ブロードリーフ,プライム（内国株式）,情報・通信業
3674,2026-09-29,334.0,-0.0205,-0.0089,-0.0147,0.057,-0.0054,0.0334,338.88,326.3333,True,-0.0144,0.9003,371.0,308.0,0.0145,0.0563,33400.0,2.2173,0.35,オークファン,グロース（内国株式）,情報・通信業
3675,2026-09-29,591.0,-0.0067,-0.0183,-0.0327,0.0155,-0.0234,-0.0081,602.52,593.4881,True,-0.0191,0.8511,694.3718,530.921,0.0135,0.1606,59100.0,0.8515,0.3375,クロス・マーケティンググループ,スタンダード（内国株式）,情報・通信業
3676,2026-09-29,1049.0,-0.001,-0.0085,-0.0085,0.4292,0.0008,0.4056,1056.48,874.5067,True,-0.0071,0.9896,1060.0,680.0,0.0025,2.8141,104900.0,1.1126,0.4541,デジタルハーツホールディングス,プライム（内国株式）,情報・通信業
3678,2026-09-29,1197.0,-0.0339,-0.0477,-0.0663,-0.0849,-0.057,-0.1084,1260.84,1283.72,False,-0.0506,0.6254,1913.9736,1189.0,0.0195,0.4574,119700.0,1.1837,0.3221,メディアドゥ,プライム（内国株式）,情報・通信業
3679,2026-09-29,435.0,-0.0136,-0.0419,-0.0333,0.1417,-0.024,0.1182,447.64,419.08,True,-0.0282,0.7685,566.0328,371.0,0.0209,2.1512,43500.0,1.5486,0.3307,じげん,プライム（内国株式）,情報・通信業
367A,2026-09-29,2877.0,-0.0031,0.0428,0.0312,0.0187,0.0405,-0.0049,2826.9507,2775.0108,True,0.0177,0.9511,3024.9473,1733.2589,0.0273,1.4897,287700.0,0.546,0.294,プリモグローバルホールディングス,スタンダード（内国株式）,小売業
3680,2026-09-29,205.0,0.0049,0.0099,-0.0238,-0.0144,-0.0145,-0.038,206.64,211.9053,False,-0.0079,0.6442,318.2377,189.1246,0.0139,0.0975,20500.0,1.5056,0.21,ホットリンク,グロース（内国株式）,情報・通信業
3682,2026-09-29,593.0,0.0017,0.0172,0.0,-0.0117,0.0093,-0.0352,585.44,592.8,True,0.0129,0.8428,703.5743,555.0,0.0119,0.0315,59300.0,0.5875,0.4525,エンカレッジ・テクノロジ,スタンダード（内国株式）,情報・通信業
3683,2026-09-29,1077.0,-0.0046,-0.0046,-0.0469,0.0507,-0.0376,0.0272,1107.68,1067.9333,True,-0.0277,0.6778,1588.9423,940.0,0.0193,0.1795,107700.0,0.5554,0.1876,サイバーリンクス,スタンダード（内国株式）,情報・通信業
3686,2026-09-29,62.0,0.0508,0.0164,0.0508,-0.1507,0.0602,-0.1742,60.36,65.8667,False,0.0272,0.3949,157.0,56.0,0.0576,0.2945,6200.0,2.6592,0.616,ディー・エル・イー,スタンダード（内国株式）,情報・通信業
3687,2026-09-29,2218.0,0.0123,0.0109,0.0105,-0.0513,0.0198,-0.0749,2196.5045,2261.7548,False,0.0098,0.6011,3690.0,1186.0,0.0436,12.6512,221800.0,0.5825,0.1573,フィックスターズ,プライム（内国株式）,情報・通信業
368A,2026-09-29,1427.0,-0.0042,-0.0286,-0.041,0.077,-0.0317,0.0534,1457.84,1393.92,True,-0.0212,0.8674,1645.147,1155.0,0.0221,1.2536,142700.0,0.7667,0.3048,北里,プライム（内国株式）,精密機器
3690,2026-09-29,543.0,-0.0127,-0.0557,-0.0372,0.0422,-0.0279,0.0187,572.0228,547.6209,True,-0.0507,0.8165,665.0,510.0,0.0174,0.0802,54300.0,1.5254,0.467,イルグルム,スタンダード（内国株式）,情報・通信業
3691,2026-09-29,1820.0,-0.0167,-0.0491,-0.0466,0.2754,-0.0373,0.2519,1874.04,1647.24,True,-0.0288,0.7368,2470.0,1081.0,0.0466,0.3008,182000.0,0.7815,0.2996,デジタルプラス,グロース（内国株式）,情報・通信業
3692,2026-09-29,7320.0,0.0339,-0.0579,0.3048,0.533,0.3141,0.5094,6311.2,5466.3333,True,0.1598,0.5319,13761.6083,4395.0,0.073,19.9176,732000.0,2.1869,0.3556,ＦＦＲＩセキュリティ,グロース（内国株式）,情報・通信業
3694,2026-09-29,459.0,-0.0171,-0.0296,0.06,0.162,0.0694,0.1385,450.76,425.0533,True,0.0183,0.7094,647.0,380.0,0.0307,0.8841,45900.0,1.448,0.4335,オプティム,プライム（内国株式）,情報・通信業
3695,2026-09-29,1647.0,-0.0408,0.0123,0.1485,0.1582,0.1579,0.1347,1559.64,1503.88,False,0.056,0.7406,2224.0,1403.0,0.0315,0.1743,164700.0,1.1241,0.3293,ＧＭＯプロダクトプラットフォーム,グロース（内国株式）,情報・通信業
3696,2026-09-29,2140.0,-0.0237,-0.0165,-0.0497,0.0234,-0.0404,-0.0001,2191.84,2084.9733,True,-0.0237,0.7806,2741.4287,1393.0,0.0246,1.9917,214000.0,0.5145,0.3291,セレス,プライム（内国株式）,情報・通信業
3697,2026-09-29,844.0,-0.0264,-0.04,-0.1233,0.2576,-0.114,0.234,893.1718,800.8957,True,-0.0551,0.6011,1404.0205,587.4979,0.0409,41.2361,84400.0,0.6238,0.2282,ＳＨＩＦＴ,プライム（内国株式）,情報・通信業
3698,2026-09-29,1200.0,-0.0066,-0.0228,-0.0091,-0.033,0.0002,-0.0566,1208.8818,1178.7473,True,-0.0073,0.8195,1464.3706,886.6719,0.0157,0.0778,120000.0,0.5517,0.2125,ＣＲＩ・ミドルウェア,スタンダード（内国株式）,情報・通信業
369A,2026-09-29,2699.0,-0.0074,-0.0055,0.1116,0.2611,0.1209,0.2376,2584.4158,2345.0278,True,0.0443,0.6934,3892.6007,1914.708,0.0275,0.2863,269900.0,0.8611,0.3837,エータイ,グロース（内国株式）,サービス業
3708,2026-09-29,2175.0,0.0,-0.022,-0.0055,0.1643,0.0038,0.1408,2167.767,2049.0957,True,0.0033,0.9762,2228.0,1410.1958,0.0171,1.3488,217500.0,1.0336,0.3518,特種東海製紙,プライム（内国株式）,パルプ・紙
3710,2026-09-29,643.0,0.0078,0.0063,0.0,0.0405,0.0093,0.0169,641.8012,626.7871,True,0.0019,0.8108,793.0,560.0,0.009,0.0267,64300.0,0.7943,0.2237,ジョルダン,スタンダード（内国株式）,情報・通信業
3712,2026-09-29,975.0,-0.0102,-0.0269,-0.058,0.1364,-0.0487,0.1128,1037.8304,984.7035,True,-0.0605,0.7247,1345.2973,827.0,0.0238,0.0735,97500.0,0.6466,0.4869,情報企画,スタンダード（内国株式）,情報・通信業
3719,2026-09-29,113.0,-0.0088,-0.0259,0.0089,-0.3506,0.0182,-0.3741,116.64,147.3067,False,-0.0312,0.2162,522.752,109.0,0.0278,0.2762,11300.0,0.4531,0.2545,ＡＩストーム,スタンダード（内国株式）,情報・通信業
3723,2026-09-29,2715.0,-0.0269,-0.0234,-0.0477,-0.0142,-0.0384,-0.0377,2770.9293,2692.3098,True,-0.0202,0.8916,3045.0,1301.0,0.0331,0.4562,271500.0,1.2645,0.4438,日本ファルコム,グロース（内国株式）,情報・通信業
3726,2026-09-29,338.0,-0.084,-0.1465,-0.1613,-0.0203,-0.152,-0.0438,396.08,375.32,True,-0.1466,0.5106,662.0,314.0,0.0226,0.1002,33800.0,2.175,0.8897,フォーシーズＨＤ,スタンダード（内国株式）,小売業
3727,2026-09-29,162.0,-0.0122,-0.0414,0.0452,0.218,0.0545,0.1945,163.28,146.8,True,-0.0078,0.6279,258.0,121.0,0.0331,0.1231,16200.0,0.6367,0.2427,アプリックス,グロース（内国株式）,情報・通信業
372A,2026-09-29,5600.0,-0.0088,0.0036,0.0018,0.1222,0.0111,0.0987,5578.0,5348.8,True,0.0039,0.8728,6416.4312,4765.0,0.0153,0.2278,560000.0,0.5165,0.28,レント,スタンダード（内国株式）,サービス業
3733,2026-09-29,11410.0,-0.0172,-0.0412,-0.0761,0.0704,-0.0668,0.0468,12140.0,11303.2,True,-0.0601,0.7715,14790.0,9720.0,0.0265,0.6697,1141000.0,0.3394,0.2642,ソフトウェア・サービス,スタンダード（内国株式）,情報・通信業
373A,2026-09-29,1520.0,0.0013,0.0333,0.0333,0.0066,0.0426,-0.0169,1471.48,1489.96,False,0.033,0.4114,3695.0,1455.0,0.0073,0.041,152000.0,0.7998,0.5419,リップス,グロース（内国株式）,化学
3741,2026-09-29,3190.0,-0.0047,0.0192,0.0111,-0.0062,0.0204,-0.0298,3204.8,3155.88,False,-0.0046,0.7317,4360.0,2202.5079,0.0302,2.2027,319000.0,0.67,0.4044,セック,プライム（内国株式）,情報・通信業
3744,2026-09-29,468.0,-0.0021,0.0065,0.0218,-0.064,0.0311,-0.0875,459.4,482.9467,False,0.0187,0.7393,633.0,405.0,0.013,0.0656,46800.0,0.3061,0.2471,サイオス,スタンダード（内国株式）,情報・通信業
3747,2026-09-29,407.0,-0.0049,0.0049,-0.0446,0.0201,-0.0353,-0.0035,421.32,410.92,False,-0.034,0.3748,1086.0,370.0,0.0263,0.1232,40700.0,0.6526,0.1493,インタートレード,スタンダード（内国株式）,情報・通信業
3750,2026-09-29,810.0,-0.0679,-0.0426,0.0385,0.0411,0.0478,0.0176,820.64,801.7733,True,-0.013,0.8535,949.0,759.0,0.02,0.0724,81000.0,1.2943,0.4872,ＡＤＲバイオメディカルホールディングス,スタンダード（内国株式）,情報・通信業
3753,2026-09-29,205.0,-0.0097,-0.0191,-0.1423,0.3576,-0.1329,0.3341,223.44,196.1467,True,-0.0825,0.7736,265.0,125.0,0.0394,0.2871,20500.0,0.3823,0.2478,フライトソリューションズ,スタンダード（内国株式）,情報・通信業
3758,2026-09-29,246.0,0.0,-0.016,-0.004,0.0837,0.0053,0.0602,246.8,240.0133,True,-0.0032,0.7826,314.3262,224.0,0.0122,0.039,24600.0,0.6579,0.2667,アエリア,スタンダード（内国株式）,情報・通信業
3760,2026-09-29,732.0,-0.0135,0.0339,0.0027,0.121,0.0121,0.0974,717.04,698.5067,True,0.0209,0.7641,958.0,591.0,0.0206,0.0673,73200.0,0.5869,0.4379,ケイブ,スタンダード（内国株式）,情報・通信業
3762,2026-09-29,2482.0,0.0016,-0.0244,0.0598,0.4506,0.0691,0.4271,2429.8592,2113.8064,True,0.0215,0.9703,2558.0,1610.748,0.0275,6.2407,248200.0,1.2206,0.3089,テクマトリックス,プライム（内国株式）,情報・通信業
3763,2026-09-29,2087.0,-0.0211,-0.0225,-0.0761,0.2565,-0.0668,0.2329,2139.64,1930.6267,True,-0.0246,0.8282,2520.0,1311.0081,0.0373,1.249,208700.0,1.1344,0.3211,プロシップ,プライム（内国株式）,情報・通信業
3765,2026-09-29,2452.0,-0.0133,-0.0324,0.0049,0.1196,0.0142,0.0961,2506.84,2388.44,True,-0.0219,0.8764,2797.6799,2125.0,0.0233,8.9876,245200.0,0.7602,0.266,ガンホー・オンライン・エンターテイメント,プライム（内国株式）,情報・通信業
3766,2026-09-29,1543.0,0.0287,0.0019,0.0905,0.1788,0.0998,0.1552,1448.6,1396.04,True,0.0652,0.9822,1571.0,1148.6999,0.0273,0.0458,154300.0,2.2926,0.3939,システムズ・デザイン,スタンダード（内国株式）,情報・通信業
3768,2026-09-29,567.0,-0.0087,-0.0035,-0.0053,0.029,0.0041,0.0055,562.08,559.9867,True,0.0088,0.9191,616.8895,478.9394,0.0144,0.018,56700.0,1.1815,0.2825,リスクモンスター,スタンダード（内国株式）,情報・通信業
3769,2026-09-29,8573.0,-0.0115,-0.0334,-0.1075,-0.0762,-0.0982,-0.0997,8922.9808,9204.3136,True,-0.0392,0.82,10455.0,6885.0,0.0289,27.6354,857300.0,1.0528,0.3143,ＧＭＯペイメントゲートウェイ,プライム（内国株式）,情報・通信業
3771,2026-09-29,1886.0,-0.0182,-0.0223,-0.0333,0.0858,-0.024,0.0622,1916.28,1844.3467,True,-0.0158,0.8619,2188.1703,1601.7791,0.0209,2.1265,188600.0,1.8311,0.3392,システムリサーチ,プライム（内国株式）,情報・通信業
3772,2026-09-29,1060.0,-0.0459,-0.0416,-0.0328,0.0183,-0.0235,-0.0053,1097.44,1070.6133,True,-0.0341,0.928,1142.2836,994.1007,0.012,0.2608,106000.0,1.4216,0.4955,ウェルス・マネジメント,スタンダード（内国株式）,不動産業
3773,2026-09-29,1033.0,0.0039,-0.031,-0.0019,0.0039,0.0074,-0.0197,1049.8,1067.0933,True,-0.016,0.8652,1194.0,889.0,0.0233,0.3449,103300.0,0.7586,0.2576,アドバンスト・メディア,グロース（内国株式）,情報・通信業
3774,2026-09-29,3391.0,-0.0083,-0.0131,0.0395,0.0607,0.0489,0.0371,3349.1735,3349.2712,True,0.0125,0.929,3650.0,2081.2743,0.0222,15.9893,339100.0,0.8381,0.2912,インターネットイニシアティブ,プライム（内国株式）,情報・通信業
3776,2026-09-29,252.0,0.0,0.0286,0.004,-0.1158,0.0133,-0.1393,247.88,258.8003,False,0.0166,0.84,300.0,154.7561,0.0227,0.3279,25200.0,0.3091,0.3325,ブロードバンドタワー,スタンダード（内国株式）,情報・通信業
3777,2026-09-29,46.0,0.0222,0.0222,-0.0213,-0.1321,-0.012,-0.1556,46.16,48.28,False,-0.0035,0.561,82.0,39.0,0.0435,0.3944,4600.0,1.0691,0.2,環境フレンドリーホールディングス,グロース（内国株式）,情報・通信業
3778,2026-09-29,3595.0,-0.0362,-0.0271,-0.0164,0.2162,-0.0071,0.1926,3671.8,3278.64,True,-0.0209,0.8264,4350.0,2448.0,0.0461,28.7738,359500.0,0.5802,0.2353,さくらインターネット,プライム（内国株式）,情報・通信業
3779,2026-09-29,121.0,-0.0163,-0.0082,-0.0902,-0.0833,-0.0809,-0.1069,127.92,130.4533,False,-0.0541,0.5602,216.0,117.0,0.0289,0.0328,12100.0,1.0464,0.3714,ジェイ・エスコムホールディングス,スタンダード（内国株式）,情報・通信業
3787,2026-09-29,678.0,0.0015,0.0015,0.7429,1.3706,0.7522,1.3471,449.88,340.6,True,0.5071,0.855,793.0,254.0,0.0479,0.3576,67800.0,3.3121,1.1077,テクノマセマティカル,スタンダード（内国株式）,情報・通信業
3788,2026-09-29,1991.0,-0.0153,-0.0025,-0.0432,0.0143,-0.0339,-0.0093,2013.84,2083.1733,True,-0.0113,0.8094,2459.9814,1830.0,0.0241,0.7969,199100.0,1.2605,0.4264,ＧＭＯグローバルサイン・ホールディングス,プライム（内国株式）,情報・通信業
378A,2026-09-29,900.0,-0.0055,0.0,-0.1194,-0.0891,-0.1101,-0.1126,947.8,1016.2352,False,-0.0504,0.6017,1495.7804,794.8166,0.0207,0.6115,90000.0,0.8229,0.2253,ヒット,グロース（内国株式）,サービス業
3791,2026-09-29,1083.0,-0.0234,0.0374,-0.0128,-0.1708,-0.0034,-0.1943,1068.32,1148.3333,False,0.0137,0.6903,1568.8706,930.0,0.0222,0.6259,108300.0,0.4619,0.403,ＩＧポート,スタンダード（内国株式）,情報・通信業
3793,2026-09-29,548.0,-0.0126,-0.0249,0.083,0.4015,0.0923,0.378,522.16,455.8933,True,0.0495,0.9465,579.0,372.0,0.0353,0.7041,54800.0,1.3123,0.4494,ドリコム,グロース（内国株式）,情報・通信業
3796,2026-09-29,301.0,-0.0795,-0.0879,-0.029,0.0488,-0.0197,0.0252,322.84,295.2667,True,-0.0676,0.7414,406.0,228.9653,0.0399,0.1249,30100.0,2.0689,0.4167,いい生活,スタンダード（内国株式）,情報・通信業
3798,2026-09-29,535.0,-0.0255,-0.0446,0.0113,0.0636,0.0207,0.0401,540.68,538.9333,True,-0.0105,0.6354,842.0112,465.3738,0.028,1.2485,53500.0,1.0436,0.42,ＵＬＳグループ,スタンダード（内国株式）,情報・通信業
3799,2026-09-29,1103.0,-0.0299,-0.0316,-0.009,0.0771,0.0003,0.0536,1127.2048,1082.5083,True,-0.0215,0.8667,1272.6994,959.0,0.0138,0.0762,110300.0,1.4796,0.3023,キーウェアソリューションズ,スタンダード（内国株式）,情報・通信業
3800,2026-09-29,1970.0,0.0239,-0.0025,-0.0025,0.0041,0.0068,-0.0195,1967.2921,1962.5774,True,0.0014,0.9633,2045.0,1844.8719,0.0079,0.043,197000.0,0.8799,0.3678,ユニリタ,スタンダード（内国株式）,情報・通信業
3802,2026-09-29,495.0,-0.0237,-0.0159,-0.012,0.0377,-0.0027,0.0142,501.84,489.8267,True,-0.0136,0.9472,522.6062,421.3938,0.0076,0.0102,49500.0,0.8827,0.5019,エコミック,スタンダード（内国株式）,情報・通信業
3803,2026-09-29,738.0,0.0774,0.2321,0.2403,0.5871,0.2497,0.5636,609.56,532.2267,True,0.2107,0.6368,1159.0,405.0,0.0511,0.2083,73800.0,1.4692,0.4508,イメージ情報開発,グロース（内国株式）,情報・通信業
3804,2026-09-29,447.0,0.0045,0.0205,-0.0366,0.0493,-0.0273,0.0258,457.52,445.7733,False,-0.023,0.6099,732.9268,407.0,0.0236,0.026,44700.0,1.7364,0.35,システム　ディ,スタンダード（内国株式）,情報・通信業
3807,2026-09-29,90.0,-0.0323,0.0,0.0345,0.0976,0.0438,0.074,88.84,87.36,False,0.0131,0.5625,160.0,79.0,0.0254,0.2683,9000.0,1.1073,0.35,フィスコ,グロース（内国株式）,情報・通信業
3810,2026-09-29,179.0,-0.0376,-0.0428,-0.096,0.0056,-0.0866,-0.0179,187.92,185.96,False,-0.0475,0.3969,451.0,146.0,0.0443,1.6947,17900.0,0.3483,0.2901,サイバーステップホールディングス,スタンダード（内国株式）,情報・通信業
3815,2026-09-29,431.0,-0.0023,-0.0069,-0.0671,-0.0336,-0.0578,-0.0572,436.12,443.0267,False,-0.0117,0.8102,532.0,421.0,0.0065,0.0533,43100.0,0.5502,0.4308,メディア工房,グロース（内国株式）,情報・通信業
3816,2026-09-29,1099.0,-0.024,-0.0027,-0.0317,0.0131,-0.0224,-0.0104,1120.84,1109.7299,True,-0.0195,0.9351,1175.2565,1061.173,0.0129,0.0125,109900.0,1.0252,0.2533,大和コンピューター,スタンダード（内国株式）,情報・通信業
3817,2026-09-29,4720.0,-0.0167,-0.0156,-0.0465,0.0643,-0.0371,0.0407,4816.1265,4667.1088,True,-0.02,0.8232,5733.776,4270.0,0.016,1.7568,472000.0,1.0036,0.2965,ＳＲＡホールディングス,プライム（内国株式）,情報・通信業
3823,2026-09-29,39.0,0.0,-0.1136,0.2581,0.3,0.2674,0.2765,35.44,32.5867,True,0.1005,0.4875,80.0,28.0,0.119,2.845,3900.0,4.8105,0.5169,ＴＨＥ　ＷＨＹ　ＨＯＷ　ＤＯ　ＣＯＭＰＡＮＹ,スタンダード（内国株式）,情報・通信業
3825,2026-09-29,252.0,0.0161,0.115,0.1101,0.4,0.1194,0.3765,234.44,213.6133,True,0.0749,0.704,357.9383,148.0,0.04,4.4013,25200.0,0.6819,0.427,リミックスポイント,スタンダード（内国株式）,小売業
3826,2026-09-29,495.0,0.0,-0.0179,-0.002,0.1301,0.0073,0.1066,497.24,469.0533,True,-0.0045,0.9369,528.3449,406.4942,0.0152,0.0608,49500.0,0.5745,0.2533,システムインテグレータ,スタンダード（内国株式）,情報・通信業
3834,2026-09-29,595.0,-0.0008,-0.0262,-0.0449,-0.0262,-0.0356,-0.0497,611.0592,618.0597,True,-0.0263,0.8446,704.4631,586.0,0.0108,0.3281,59500.0,1.1172,0.2708,朝日ネット,プライム（内国株式）,情報・通信業
3835,2026-09-29,425.0,-0.0056,-0.0297,-0.023,0.0625,-0.0137,0.039,431.655,419.9383,True,-0.0154,0.8581,495.2643,380.6019,0.0152,0.2636,42500.0,0.9453,0.3169,ｅＢＡＳＥ,プライム（内国株式）,情報・通信業
3836,2026-09-29,1202.0,-0.0041,-0.0172,0.0109,0.1048,0.0202,0.0812,1203.68,1173.6384,True,-0.0014,0.6491,1851.9339,1024.9698,0.0179,0.8977,120200.0,0.7584,0.2642,アバントグループ,プライム（内国株式）,情報・通信業
3837,2026-09-29,1327.0,-0.0119,-0.0426,-0.0701,-0.0521,-0.0608,-0.0757,1385.9277,1419.6559,False,-0.0425,0.692,1917.5496,1235.5144,0.0208,1.2581,132700.0,0.8415,0.3406,アドソル日進,プライム（内国株式）,情報・通信業
3839,2026-09-29,629.0,-0.0441,0.0064,-0.0233,0.0032,-0.014,-0.0204,635.0602,632.3134,True,-0.0095,0.898,700.4584,583.3846,0.0183,0.0353,62900.0,2.6839,0.4337,ＯＤＫソリューションズ,スタンダード（内国株式）,情報・通信業
3840,2026-09-29,64.0,0.0,0.0667,0.1228,0.0667,0.1321,0.0431,60.56,59.0,True,0.0568,0.5664,113.0,51.0,0.0357,0.0929,6400.0,0.9201,0.2188,パス,スタンダード（内国株式）,情報・通信業
3841,2026-09-29,1319.0,0.0107,0.0146,0.0321,0.0715,0.0414,0.0479,1330.6,1263.6133,True,-0.0087,0.9224,1430.0,992.6074,0.0214,0.0325,131900.0,0.2611,0.1737,ジーダット,スタンダード（内国株式）,情報・通信業
3842,2026-09-29,1303.0,0.0,0.0602,0.241,0.4163,0.2503,0.3928,1117.3969,1008.999,True,0.1661,0.9871,1320.0,877.0,0.0328,0.1002,130300.0,2.5522,0.618,ネクストジェン,スタンダード（内国株式）,情報・通信業
3843,2026-09-29,1667.0,-0.0206,-0.0375,-0.0656,0.1099,-0.0563,0.0863,1721.52,1608.4133,True,-0.0317,0.9159,1820.0,1317.0,0.0252,0.6533,166700.0,0.9253,0.2262,フリービット,プライム（内国株式）,情報・通信業
3844,2026-09-29,1294.0,-0.0115,-0.0408,-0.0422,0.0078,-0.0329,-0.0158,1332.0376,1340.2413,True,-0.0286,0.7539,1716.295,1215.1569,0.022,3.8302,129400.0,1.5907,0.432,コムチュア,プライム（内国株式）,情報・通信業
3845,2026-09-29,329.0,0.0,-0.0237,0.1835,0.6701,0.1928,0.6465,303.56,247.9333,True,0.0838,0.9536,345.0,177.0,0.0521,0.4092,32900.0,1.0887,0.2333,アイフリークモバイル,スタンダード（内国株式）,情報・通信業
3848,2026-09-29,821.0,-0.0168,-0.0156,-0.0273,0.0136,-0.0179,-0.01,839.76,824.5067,False,-0.0223,0.6701,1225.2353,764.8088,0.011,0.0193,82100.0,1.0588,0.2646,データ・アプリケーション,スタンダード（内国株式）,情報・通信業
3850,2026-09-29,4040.0,0.0075,0.0151,0.1744,0.3562,0.1837,0.3326,3743.6,3289.5333,True,0.0792,0.9836,4107.5385,2501.0,0.0311,1.7662,404000.0,0.9308,0.3778,エヌ・ティ・ティ・データ・イントラマート,スタンダード（内国株式）,情報・通信業
3851,2026-09-29,1312.0,-0.0143,-0.0832,0.0116,0.5903,0.0209,0.5668,1381.52,1083.2267,True,-0.0503,0.8405,1561.0,758.4583,0.0578,3.7659,131200.0,0.6768,0.2362,日本一ソフトウェア,スタンダード（内国株式）,情報・通信業
3853,2026-09-29,1069.0,-0.0229,-0.0093,-0.1259,-0.0824,-0.1166,-0.1059,1121.76,1165.4533,False,-0.047,0.3883,2753.0,929.6469,0.0311,1.7724,106900.0,0.5215,0.277,アステリア,プライム（内国株式）,情報・通信業
3854,2026-09-29,2074.0,-0.0129,-0.0416,-0.1454,-0.0478,-0.1361,-0.0714,2282.96,2276.2333,False,-0.0915,0.7251,2860.1462,2064.0,0.0318,3.5428,207400.0,0.8623,0.2215,アイル,プライム（内国株式）,情報・通信業
3858,2026-09-29,320.0,-0.0062,0.0492,0.0847,0.0738,0.0941,0.0503,304.6,298.04,False,0.0506,0.6312,507.0,280.0,0.0261,0.0823,32000.0,1.1567,0.2872,ユビキタスＡＩ,スタンダード（内国株式）,情報・通信業
3861,2026-09-29,835.7,-0.0088,-0.0598,-0.0467,0.0507,-0.0373,0.0271,869.912,846.7787,True,-0.0393,0.8613,970.231,737.638,0.0156,30.6116,83570.0012,0.965,0.4314,王子ホールディングス,プライム（内国株式）,パルプ・紙
3863,2026-09-29,1306.0,-0.0143,-0.021,-0.0705,0.0235,-0.0611,-0.0,1337.1214,1341.8938,False,-0.0233,0.8102,1612.0,1031.8303,0.0187,6.9333,130600.0,0.6577,0.2696,日本製紙,プライム（内国株式）,パルプ・紙
3864,2026-09-29,1217.0,-0.009,-0.0025,0.0201,0.2026,0.0294,0.179,1195.7236,1124.9479,True,0.0178,0.9831,1237.9433,575.2805,0.0217,1.6752,121700.0,0.6632,0.3323,三菱製紙,プライム（内国株式）,パルプ・紙
3865,2026-09-29,877.0,-0.0168,-0.0457,-0.0457,0.0,-0.0364,-0.0235,907.4233,906.9944,True,-0.0335,0.8427,1040.6443,797.236,0.0196,1.707,87700.0,0.9687,0.3433,北越コーポレーション,プライム（内国株式）,パルプ・紙
386A,2026-09-29,1252.0,-0.0032,0.0,-0.0056,-0.0234,0.0038,-0.0469,1254.36,1271.497,False,-0.0019,0.5746,2179.0231,1246.0,0.003,0.039,125200.0,1.0269,0.317,みのや,スタンダード（内国株式）,小売業
3877,2026-09-29,2164.0,-0.0018,-0.0442,-0.0335,0.0755,-0.0242,0.052,2220.9601,2134.16,True,-0.0256,0.9491,2280.0,1577.8345,0.013,1.0151,216400.0,1.1919,0.4024,中越パルプ工業,プライム（内国株式）,パルプ・紙
3878,2026-09-29,874.0,0.0046,0.0556,-0.0034,0.1205,0.0059,0.097,856.52,827.2533,False,0.0204,0.92,950.0,703.836,0.0232,0.3048,87400.0,0.6764,0.5472,巴川コーポレーション,スタンダード（内国株式）,化学
387A,2026-09-29,930.0,0.0131,-0.0064,0.0076,0.0449,0.0169,0.0214,922.92,925.52,True,0.0077,0.3676,2530.0,801.0,0.0104,0.02,93000.0,0.6361,0.3912,フラー,グロース（内国株式）,情報・通信業
3880,2026-09-29,964.0,-0.0292,-0.053,-0.0213,0.049,-0.012,0.0254,980.426,962.982,True,-0.0168,0.7802,1235.643,807.5384,0.0218,3.2011,96400.0,1.6733,0.4291,大王製紙,プライム（内国株式）,パルプ・紙
3891,2026-09-29,6740.0,0.0174,0.0614,0.0228,-0.3059,0.0321,-0.3294,6468.9045,7527.5015,False,0.0419,0.6067,11110.0,2035.2189,0.0458,7.9225,674000.0,0.6815,0.3218,ニッポン高度紙工業,スタンダード（内国株式）,パルプ・紙
3892,2026-09-29,1620.0,0.0056,0.026,0.0332,-0.0006,0.0425,-0.0242,1582.12,1613.6267,False,0.0239,0.7918,2046.1003,1463.4241,0.0149,0.0338,162000.0,0.6618,0.3107,岡山製紙,スタンダード（内国株式）,パルプ・紙
3895,2026-09-29,443.0,-0.0177,-0.0534,-0.0885,0.0938,-0.0792,0.0703,475.76,437.6133,True,-0.0689,0.7786,569.0,365.1868,0.0239,0.1093,44300.0,0.1601,0.3973,ハビックス,スタンダード（内国株式）,パルプ・紙
3896,2026-09-29,423.0,-0.0047,0.0217,0.0095,0.2051,0.0189,0.1816,410.4013,383.2404,True,0.0307,0.7306,579.0,320.0,0.0172,0.0479,42300.0,0.752,0.2337,阿波製紙,スタンダード（内国株式）,パルプ・紙
3900,2026-09-29,658.0,0.0154,-0.0295,-0.0281,0.1306,-0.0187,0.107,665.4,646.9467,True,-0.0111,0.6483,1015.0,546.0,0.0302,0.5662,65800.0,1.0879,0.2619,クラウドワークス,グロース（内国株式）,情報・通信業
3901,2026-09-29,1508.0,-0.0053,-0.015,-0.0346,0.229,-0.0253,0.2055,1529.72,1419.0933,True,-0.0142,0.7295,2067.2862,1212.0,0.0197,1.0815,150800.0,0.725,0.2894,マークラインズ,プライム（内国株式）,情報・通信業
3903,2026-09-29,202.0,0.0,0.0151,-0.276,-0.114,-0.2667,-0.1376,247.2,246.4267,False,-0.1828,0.3065,659.0,191.0,0.0658,1.8858,20200.0,1.9093,0.557,ｇｕｍｉ,プライム（内国株式）,情報・通信業
3904,2026-09-29,425.0,0.0047,0.0095,-0.007,0.0842,0.0023,0.0606,425.92,413.0,True,-0.0022,0.7067,601.393,374.0,0.0136,0.0361,42500.0,0.5768,0.1901,カヤック,グロース（内国株式）,情報・通信業
3905,2026-09-29,1953.0,-0.0482,0.3581,0.269,-0.4364,0.2783,-0.4599,1639.12,2566.4933,False,0.1915,0.3181,6140.0,1270.0,0.0752,96.8138,195300.0,1.6423,0.6424,データセクション,グロース（内国株式）,情報・通信業
3907,2026-09-29,1881.0,-0.06,-0.1296,-0.119,1.0947,-0.1097,1.0711,2082.16,1408.3067,True,-0.0966,0.6295,2988.0,568.0,0.1105,12.0169,188100.0,0.4479,0.2767,シリコンスタジオ,スタンダード（内国株式）,情報・通信業
3908,2026-09-29,357.0,-0.0351,-0.0246,0.0171,0.1226,0.0264,0.0991,356.2,340.64,True,0.0022,0.7294,489.4737,270.3947,0.0212,0.0211,35700.0,1.5037,0.3302,コラボス,スタンダード（内国株式）,情報・通信業
3909,2026-09-29,196.0,-0.0051,0.0,0.0262,0.0426,0.0355,0.019,191.12,195.52,False,0.0255,0.5748,341.0,181.0,0.0186,0.0151,19600.0,0.3975,0.4667,ショーケース,スタンダード（内国株式）,情報・通信業
3910,2026-09-29,292.0,0.0069,0.0246,0.0429,0.0696,0.0522,0.0461,285.44,278.5467,True,0.023,0.9098,320.9589,257.0,0.0122,0.0123,29200.0,0.7908,0.42,エムケイシステム,スタンダード（内国株式）,情報・通信業
3911,2026-09-29,171.0,-0.0229,-0.0284,-0.0707,-0.114,-0.0613,-0.1375,178.08,184.48,True,-0.0398,0.6085,281.0,156.0,0.0221,0.2728,17100.0,0.3841,0.2906,Ａｉｍｉｎｇ,グロース（内国株式）,情報・通信業
3912,2026-09-29,1092.0,0.0302,-0.0438,-0.0413,0.0168,-0.0319,-0.0068,1127.04,1098.2643,True,-0.0311,0.8608,1268.6335,937.7905,0.0175,0.1358,109200.0,2.0163,0.4701,モバイルファクトリー,スタンダード（内国株式）,情報・通信業
3913,2026-09-29,1105.0,-0.0169,-0.0539,-0.0366,0.1933,-0.0273,0.1698,1136.68,1028.5867,True,-0.0279,0.7138,1548.0,850.0,0.0315,0.0645,110500.0,0.3563,0.2467,ＧｒｅｅｎＢｅｅ,スタンダード（内国株式）,情報・通信業
3914,2026-09-29,2536.0,-0.0227,-0.031,0.0838,0.0655,0.0931,0.042,2451.24,2400.0933,False,0.0346,0.5911,4290.0,2208.0,0.0322,0.3458,253600.0,1.07,0.5238,ＪＩＧ－ＳＡＷ,グロース（内国株式）,情報・通信業
3915,2026-09-29,2203.0,-0.0126,-0.0392,-0.0557,-0.0231,-0.0464,-0.0466,2322.8,2311.1733,True,-0.0516,0.593,3715.0,1494.0,0.0333,2.5035,220300.0,0.5378,0.2628,テラスカイ,プライム（内国株式）,情報・通信業
3916,2026-09-29,950.0,-0.0125,0.0042,-0.0042,0.1515,0.0051,0.128,952.12,913.2767,True,-0.0022,0.6875,1381.8905,772.4914,0.0162,0.7401,95000.0,0.6761,0.3111,デジタル・インフォメーション・テクノロジー,プライム（内国株式）,情報・通信業
3917,2026-09-29,495.0,0.027,0.0206,0.0465,0.2073,0.0558,0.1838,478.88,456.8933,True,0.0337,0.6809,727.0,393.0,0.0281,0.0715,49500.0,0.8031,0.201,アイリッジ,グロース（内国株式）,情報・通信業
3918,2026-09-29,1167.0,-0.0043,-0.0168,-0.0102,-0.0611,-0.0009,-0.0847,1179.604,1197.0813,False,-0.0107,0.7389,1579.3898,990.2523,0.0157,0.1202,116700.0,0.6104,0.2622,ＰＣＩホールディングス,スタンダード（内国株式）,情報・通信業
3920,2026-09-29,981.0,0.0082,-0.018,-0.002,-0.0081,0.0073,-0.0316,988.4351,989.025,False,-0.0075,0.9323,1052.2136,760.4814,0.0094,0.017,98100.0,0.4429,0.3255,アイビーシー,スタンダード（内国株式）,情報・通信業
3921,2026-09-29,1630.0,-0.0274,-0.0303,-0.0115,0.0616,-0.0022,0.0381,1639.28,1590.1617,True,-0.0057,0.8378,1945.6874,1414.2972,0.0237,0.267,163000.0,1.1595,0.3889,ネオジャパン,プライム（内国株式）,情報・通信業
3922,2026-09-29,2159.0,-0.0124,-0.0301,-0.0142,-0.0539,-0.0048,-0.0774,2177.6,2194.9733,False,-0.0085,0.6621,3260.7469,1971.0,0.0173,0.7289,215900.0,0.5508,0.3132,ＰＲ　ＴＩＭＥＳ,プライム（内国株式）,情報・通信業
3923,2026-09-29,1025.0,-0.0106,-0.0588,-0.0985,0.0844,-0.0892,0.0609,1085.44,1031.496,True,-0.0557,0.7416,1382.0577,715.2025,0.0375,18.6292,102500.0,0.8613,0.2616,ラクス,プライム（内国株式）,情報・通信業
3925,2026-09-29,1292.0,-0.019,-0.0182,-0.0521,0.0921,-0.0428,0.0686,1323.68,1256.3733,True,-0.0239,0.7169,1802.2101,1140.0,0.0169,0.5485,129200.0,0.7409,0.3948,ダブルスタンダード,プライム（内国株式）,情報・通信業
3926,2026-09-29,416.0,-0.0393,-0.0588,-0.0326,0.2722,-0.0232,0.2486,427.48,375.3467,True,-0.0269,0.8404,495.0,225.0,0.0608,0.207,41600.0,0.731,0.352,オープンドア,スタンダード（内国株式）,情報・通信業
3927,2026-09-29,889.0,0.0,-0.0198,-0.0284,-0.0522,-0.0191,-0.0758,894.3139,928.3446,False,-0.0059,0.7028,1264.87,687.7731,0.0253,0.2061,88900.0,0.871,0.2168,フーバーブレイン,スタンダード（内国株式）,情報・通信業
3928,2026-09-29,241.0,0.0042,0.0,0.0212,0.1005,0.0305,0.0769,237.8,234.0667,False,0.0135,0.6945,347.0,211.0,0.0172,0.0169,24100.0,0.3193,0.1931,マイネット,スタンダード（内国株式）,情報・通信業
3929,2026-09-29,249.0,-0.0349,0.0289,0.0289,-0.0879,0.0382,-0.1115,243.72,258.24,False,0.0217,0.664,375.0,227.0,0.0224,0.0951,24900.0,0.8563,0.5385,ソーシャルワイヤー,グロース（内国株式）,情報・通信業
3930,2026-09-29,743.0,-0.0159,-0.0326,-0.0425,-0.35,-0.0332,-0.3735,770.72,903.0267,False,-0.036,0.5483,1355.0,716.0,0.0165,0.0791,74300.0,0.3505,0.5372,はてな,グロース（内国株式）,情報・通信業
3931,2026-09-29,1483.0,-0.006,-0.0087,-0.0307,-0.2548,-0.0214,-0.2783,1505.08,1673.2,False,-0.0147,0.7452,1990.0,1378.6768,0.0058,0.0176,148300.0,0.1887,0.2683,バリューゴルフ,グロース（内国株式）,情報・通信業
3932,2026-09-29,1238.0,-0.0016,-0.6826,-0.6784,-0.5709,-0.6691,-0.5944,3315.7118,3106.6239,True,-0.6266,0.3076,4025.0,1216.1538,0.2401,3.4066,123800.0,1.4753,0.9113,アカツキ,プライム（内国株式）,情報・通信業
3933,2026-09-29,539.0,-0.0074,-0.0164,-0.0544,0.1395,-0.0451,0.116,551.68,505.6667,False,-0.023,0.7255,742.9403,423.0,0.0174,0.0144,53900.0,0.3089,0.1389,チエル,スタンダード（内国株式）,情報・通信業
3934,2026-09-29,2325.0,-0.0106,0.0087,0.0135,0.0779,0.0228,0.0543,2299.04,2254.7467,True,0.0113,0.9186,2531.0,1625.5538,0.0122,0.0358,232500.0,1.248,0.2955,ベネフィットジャパン,スタンダード（内国株式）,情報・通信業
3935,2026-09-29,736.0,-0.0121,0.0014,0.0871,0.0,0.0965,-0.0235,714.92,705.3067,True,0.0295,0.5612,1311.4837,612.0,0.0193,0.2426,73600.0,0.7118,0.3377,エディア,スタンダード（内国株式）,情報・通信業
3936,2026-09-29,129.0,-0.0227,-0.0227,-0.1569,-0.1224,-0.1475,-0.146,140.56,152.8,False,-0.0822,0.4624,279.0,117.0,0.0299,0.4503,12900.0,0.5409,0.2074,グローバルウェイ,グロース（内国株式）,情報・通信業
3937,2026-09-29,1134.0,-0.0053,-0.0471,-0.0795,0.1899,-0.0702,0.1664,1196.52,1072.3333,True,-0.0523,0.863,1314.0,873.6256,0.025,0.6666,113400.0,0.9394,0.268,Ｕｂｉｃｏｍホールディングス,スタンダード（内国株式）,情報・通信業
3939,2026-09-29,484.0,0.0062,-0.0183,-0.0692,-0.0021,-0.0599,-0.0256,502.1563,498.9454,False,-0.0362,0.8302,583.0,445.0,0.0152,0.8744,48400.0,1.1453,0.3407,カナミックネットワーク,プライム（内国株式）,情報・通信業
3940,2026-09-29,129.0,-0.0077,-0.0515,-0.0077,0.1518,0.0016,0.1282,130.76,121.7333,True,-0.0135,0.8658,149.0,108.0,0.0266,0.271,12900.0,0.9343,0.4375,ノムラシステムコーポレーション,スタンダード（内国株式）,情報・通信業
3941,2026-09-29,1477.0,-0.013,-0.0505,-0.0725,0.042,-0.0632,0.0184,1551.2521,1498.544,True,-0.0479,0.8871,1665.0,883.0,0.0198,14.1095,147700.0,1.0063,0.3527,レンゴー,プライム（内国株式）,パルプ・紙
3943,2026-09-29,1319.0,0.0154,-0.003,-0.0038,0.0794,0.0055,0.0558,1321.3192,1285.1597,True,-0.0018,0.8956,1472.8078,1200.0,0.0101,0.031,131900.0,0.765,0.2863,大石産業,スタンダード（内国株式）,パルプ・紙
3945,2026-09-29,2201.0,0.0009,0.0134,0.011,0.0059,0.0203,-0.0176,2176.24,2191.3467,True,0.0114,0.7699,2858.9786,2081.0,0.009,0.0503,220100.0,0.7333,0.2468,スーパーバッグ,スタンダード（内国株式）,パルプ・紙
3946,2026-09-29,4370.0,-0.0147,-0.0147,-0.0572,0.1292,-0.0479,0.1057,4446.6226,4296.0075,True,-0.0172,0.9066,4820.0,3125.1661,0.0188,3.4734,437000.0,0.6297,0.2969,トーモク,プライム（内国株式）,パルプ・紙
3947,2026-09-29,2505.0,0.004,0.0162,0.0105,0.0996,0.0198,0.0761,2470.56,2317.6,True,0.0139,0.903,2774.0,1960.0,0.0189,0.0836,250500.0,1.483,0.2682,ダイナパック,スタンダード（内国株式）,パルプ・紙
3948,2026-09-29,1181.0,0.0,0.0008,0.0111,0.063,0.0204,0.0395,1173.52,1140.4842,True,0.0064,0.8691,1358.862,918.9426,0.0055,0.0199,118100.0,0.8598,0.7231,光ビジネスフォーム,スタンダード（内国株式）,パルプ・紙
3950,2026-09-29,1435.0,-0.0042,-0.0304,-0.0421,0.063,-0.0327,0.0394,1476.92,1421.3155,True,-0.0284,0.9282,1546.0,1144.0665,0.0171,1.3627,143500.0,0.7287,0.2816,ザ・パック,プライム（内国株式）,パルプ・紙
3951,2026-09-29,889.0,0.0034,-0.0241,-0.0155,0.0254,-0.0062,0.0018,903.7104,883.7701,True,-0.0163,0.9653,921.0,830.8989,0.0103,0.165,88900.0,0.8131,0.3155,朝日印刷,スタンダード（内国株式）,パルプ・紙
3953,2026-09-29,799.0,0.0038,0.0165,-0.0062,0.0725,0.0031,0.0489,791.68,778.2,True,0.0092,0.9429,847.374,712.7175,0.0077,0.0082,79900.0,0.4213,0.4395,大村紙業,スタンダード（内国株式）,パルプ・紙
3954,2026-09-29,3130.0,0.0,0.0347,-0.0295,0.1275,-0.0201,0.104,3124.4,2992.0667,True,0.0018,0.9111,3435.5866,2379.1686,0.0179,0.0178,313000.0,0.5726,0.3709,昭和パックス,スタンダード（内国株式）,パルプ・紙
3955,2026-09-29,865.0,-0.0023,0.0,0.0237,0.0786,0.033,0.055,853.64,830.2533,True,0.0133,0.7692,1124.5743,759.0,0.0142,0.033,86500.0,1.2618,0.3581,イムラ,スタンダード（内国株式）,パルプ・紙
3958,2026-09-29,534.0,-0.0037,-0.0255,-0.0361,-0.0291,-0.0268,-0.0526,546.44,547.1983,False,-0.0228,0.9189,581.1336,506.1162,0.0111,0.0716,53400.0,1.9501,0.3373,笹徳印刷,スタンダード（内国株式）,パルプ・紙
3962,2026-09-29,989.0,-0.009,-0.0159,-0.014,0.0952,-0.0046,0.0717,999.0,962.2133,True,-0.01,0.8378,1180.4565,885.8302,0.0168,1.672,98900.0,0.5907,0.3725,チェンジホールディングス,プライム（内国株式）,情報・通信業
3963,2026-09-29,324.0,0.0031,-0.0152,-0.069,0.1096,-0.0597,0.086,335.48,328.9733,False,-0.0342,0.4479,723.3948,275.0,0.0359,0.203,32400.0,0.8392,0.2663,シンクロ・フード,プライム（内国株式）,情報・通信業
3964,2026-09-29,1340.0,-0.0045,0.0136,-0.053,-0.0176,-0.0437,-0.0411,1359.84,1386.7864,False,-0.0146,0.8419,1591.6031,865.7256,0.0201,9.1561,134000.0,0.8914,0.4889,オークネット,プライム（内国株式）,情報・通信業
3965,2026-09-29,862.0,-0.0052,-0.0227,-0.061,0.0299,-0.0517,0.0063,891.6438,866.4813,True,-0.0332,0.9269,930.0,718.0719,0.0165,0.0795,86200.0,2.0283,0.4418,キャピタル・アセット・プランニング,スタンダード（内国株式）,情報・通信業
3967,2026-09-29,572.0,-0.0087,0.0124,-0.0654,0.0381,-0.056,0.0146,577.28,576.6933,False,-0.0091,0.823,695.0,540.0,0.0185,0.1041,57200.0,1.5704,0.3027,エルテス,グロース（内国株式）,情報・通信業
3968,2026-09-29,658.0,0.0061,0.0123,0.0249,0.1646,0.0342,0.1411,643.72,603.4198,True,0.0222,0.8352,787.8059,475.125,0.023,1.4501,65800.0,0.6356,0.4557,セグエグループ,プライム（内国株式）,情報・通信業
3969,2026-09-29,1387.0,-0.0022,-0.0114,-0.017,0.0289,-0.0077,0.0054,1403.3621,1389.8674,True,-0.0117,0.8819,1572.6677,1305.0,0.0068,0.0682,138700.0,1.0619,0.3175,エイトレッド,スタンダード（内国株式）,情報・通信業
3970,2026-09-29,836.0,-0.0012,-0.0083,-0.0234,0.1044,-0.014,0.0808,848.08,811.2133,True,-0.0142,0.8574,975.0,736.0,0.0131,0.0291,83600.0,0.7382,0.3935,イノベーション,スタンダード（内国株式）,情報・通信業
3974,2026-09-29,659.0,0.0061,-0.0015,-0.0179,0.1982,-0.0086,0.1746,666.28,623.0267,True,-0.0109,0.9635,684.0,490.0343,0.0141,0.0453,65900.0,2.2389,0.2692,ＳＣＡＴ,スタンダード（内国株式）,情報・通信業
3976,2026-09-29,527.0,-0.0436,-0.0835,-0.1514,-0.0882,-0.1421,-0.1118,605.64,579.7467,True,-0.1298,0.7055,747.0,351.0,0.0526,0.2107,52700.0,0.6744,0.3211,シャノン,グロース（内国株式）,情報・通信業
3979,2026-09-29,465.0,0.0175,-0.0064,0.0814,0.2078,0.0907,0.1842,445.48,415.7067,True,0.0438,0.9627,483.0,326.0,0.0269,0.0594,46500.0,0.6229,0.344,うるる,グロース（内国株式）,情報・通信業
3981,2026-09-29,1233.0,0.0082,0.0065,0.0335,0.0335,0.0428,0.01,1217.76,1214.3467,False,0.0125,0.9271,1330.0,1172.0,0.0101,0.0382,123300.0,0.8917,0.2414,ビーグリー,スタンダード（内国株式）,情報・通信業
3983,2026-09-29,1893.0,-0.0063,-0.0079,-0.093,-0.0307,-0.0836,-0.0543,1990.48,2072.8944,False,-0.049,0.7151,2647.275,1762.0919,0.0194,0.9714,189300.0,0.763,0.2669,オロ,プライム（内国株式）,情報・通信業
3984,2026-09-29,1554.0,-0.0171,0.0013,0.0124,-0.0547,0.0217,-0.0783,1549.72,1664.0358,False,0.0028,0.7382,2105.1672,1338.0982,0.0226,1.4243,155400.0,0.6677,0.3528,ユーザーローカル,プライム（内国株式）,情報・通信業
3985,2026-09-29,191.0,-0.0205,-0.0205,0.016,0.0791,0.0253,0.0556,191.24,182.5867,True,-0.0013,0.6102,313.0,168.0,0.0176,0.0194,19100.0,1.4991,0.417,テモナ,スタンダード（内国株式）,情報・通信業
3986,2026-09-29,498.0,0.0081,0.0484,0.0418,0.0596,0.0512,0.036,476.88,484.7851,False,0.0443,0.8857,562.2364,413.7334,0.0142,0.0241,49800.0,0.8613,0.4949,ビーブレイクシステムズ,スタンダード（内国株式）,情報・通信業
3987,2026-09-29,621.0,-0.0111,-0.022,-0.0548,0.1149,-0.0455,0.0914,651.0,613.08,True,-0.0461,0.8023,774.0,425.0,0.0251,0.1632,62100.0,0.3076,0.1927,エコモット,グロース（内国株式）,情報・通信業
3988,2026-09-29,559.0,0.0036,-0.0106,0.0164,0.0826,0.0257,0.059,558.48,541.7531,True,0.0009,0.8864,630.674,498.6266,0.0296,0.0494,55900.0,2.7049,0.2776,ＳＹＳホールディングス,スタンダード（内国株式）,情報・通信業
3989,2026-09-29,1546.0,0.0,0.0006,-0.0109,0.1059,-0.0016,0.0823,1543.64,1387.2667,True,0.0015,0.9502,1627.0,881.2726,0.0117,9.4098,154600.0,1.9641,0.0276,シェアリングテクノロジー,グロース（内国株式）,情報・通信業
3991,2026-09-29,964.0,0.0,0.0158,0.049,0.0932,0.0583,0.0697,958.6647,920.6859,True,0.0056,0.6883,1400.5208,851.4697,0.0193,0.052,96400.0,0.6456,0.3057,ウォンテッドリー,グロース（内国株式）,情報・通信業
3992,2026-09-29,436.0,-0.0246,-0.0723,-0.0723,0.0093,-0.063,-0.0143,467.1854,447.3818,True,-0.0668,0.7176,607.6,394.0,0.018,0.2852,43600.0,1.0165,0.5483,ニーズウェル,プライム（内国株式）,情報・通信業
3993,2026-09-29,3130.0,-0.0016,-0.0157,-0.0428,0.1745,-0.0335,0.1509,3181.5917,2935.9572,True,-0.0162,0.6932,4515.0,2484.0,0.0341,8.6206,313000.0,0.4932,0.1733,ＰＫＳＨＡ　Ｔｅｃｈｎｏｌｏｇｙ,プライム（内国株式）,情報・通信業
3994,2026-09-29,5858.0,-0.0269,-0.0333,-0.0887,0.3402,-0.0794,0.3167,6149.4,5339.4133,True,-0.0474,0.8309,7050.0,2750.5,0.0475,37.2696,585800.0,0.9873,0.3143,マネーフォワード,プライム（内国株式）,情報・通信業
3996,2026-09-29,222.0,0.0,0.0472,0.0936,0.2832,0.1029,0.2597,206.72,195.0667,True,0.0739,0.5441,408.0,165.0,0.0228,0.0835,22200.0,0.2404,0.5324,サインポスト,スタンダード（内国株式）,情報・通信業
3997,2026-09-29,437.0,0.0092,-0.0023,0.112,0.3446,0.1213,0.3211,401.12,375.7067,True,0.0894,0.6723,650.0,240.8975,0.0448,0.8717,43700.0,1.5054,0.6029,トレードワークス,スタンダード（内国株式）,情報・通信業
3998,2026-09-29,287.0,-0.0035,-0.0238,-0.0465,-0.086,-0.0372,-0.1095,293.44,302.88,False,-0.0219,0.6674,430.0,282.0,0.0152,0.0128,28700.0,0.9196,0.2984,すららネット,グロース（内国株式）,情報・通信業
4004,2026-09-29,13915.0,-0.0531,0.0262,-0.151,-0.2138,-0.1417,-0.2374,15225.6,15873.3333,False,-0.0861,0.6789,20495.0,4576.5969,0.0665,289.11,1391500.0,0.9451,0.2566,レゾナック・ホールディングス,プライム（内国株式）,化学
4005,2026-09-29,570.4,-0.0031,-0.0455,0.0219,0.1108,0.0312,0.0873,576.0603,546.7641,False,-0.0098,0.8929,638.8,412.9994,0.0305,72.7262,57040.0024,0.7355,0.3136,住友化学,プライム（内国株式）,化学
4008,2026-09-29,1461.0,-0.0162,-0.0305,-0.0676,0.1486,-0.0583,0.125,1494.9668,1386.4156,True,-0.0227,0.92,1588.0,900.9239,0.0219,2.6207,146100.0,0.8498,0.3761,住友精化,プライム（内国株式）,化学
4011,2026-09-29,2243.0,-0.0128,-0.0386,-0.0369,0.1132,-0.0276,0.0896,2377.56,2159.0133,True,-0.0566,0.5573,4025.0,1840.0,0.046,1.308,224300.0,0.7624,0.2523,ヘッドウォータース,グロース（内国株式）,情報・通信業
4012,2026-09-29,1790.0,-0.0056,0.048,0.0264,0.1118,0.0357,0.0883,1734.28,1700.32,True,0.0321,0.9879,1812.0,1417.0,0.0175,0.1369,179000.0,1.6909,0.4369,アクシス,スタンダード（内国株式）,情報・通信業
4013,2026-09-29,641.0,-0.0154,-0.0093,-0.0273,0.0094,-0.018,-0.0141,653.84,666.3867,True,-0.0196,0.4224,1517.5,555.0,0.0225,0.2299,64100.0,0.8688,0.3119,勤次郎,グロース（内国株式）,情報・通信業
4014,2026-09-29,464.0,0.0357,0.0131,-0.0866,-0.0333,-0.0773,-0.0569,493.36,497.8933,True,-0.0595,0.7759,598.0,385.0,0.0533,0.2372,46400.0,3.2838,0.4896,カラダノート,グロース（内国株式）,情報・通信業
4015,2026-09-29,516.0,-0.0039,-0.0077,-0.0409,0.0157,-0.0316,-0.0078,523.72,524.2933,True,-0.0147,0.7298,707.0,388.0,0.0227,0.114,51600.0,0.7931,0.3415,ペイクラウドホールディングス,グロース（内国株式）,情報・通信業
4016,2026-09-29,1082.0,0.0131,-0.0055,0.0831,0.2226,0.0924,0.1991,1045.6,958.9467,True,0.0348,0.8527,1268.9537,856.0,0.0144,0.0577,108200.0,1.1232,0.3018,ＭＩＴホールディングス,スタンダード（内国株式）,情報・通信業
4017,2026-09-29,212.0,0.0,-0.0093,-0.014,0.0341,-0.0046,0.0106,214.04,209.8533,True,-0.0095,0.6773,313.0,191.0,0.0243,0.0158,21200.0,0.9199,0.2917,クリーマ,グロース（内国株式）,情報・通信業
4019,2026-09-29,619.0,-0.0159,0.0081,-0.0343,0.0114,-0.025,-0.0121,635.04,620.12,True,-0.0253,0.476,1300.435,545.0,0.0238,0.267,61900.0,0.725,0.2447,スタメン,グロース（内国株式）,情報・通信業
4020,2026-09-29,828.0,0.0036,0.0073,-0.0166,0.2159,-0.0073,0.1923,827.48,739.0533,True,0.0006,0.8884,932.0,643.0,0.0096,0.0119,82800.0,1.0315,0.2775,ビートレンド,グロース（内国株式）,情報・通信業
4021,2026-09-29,8191.0,0.0043,-0.0007,0.0171,-0.0333,0.0265,-0.0568,8072.8988,7982.9129,True,0.0146,0.9407,8707.0,4760.1258,0.0217,41.3917,819100.0,0.8413,0.3746,日産化学,プライム（内国株式）,化学
4022,2026-09-29,1879.0,0.0129,0.0474,-0.1341,-0.0803,-0.1248,-0.1038,1960.0312,2032.2504,False,-0.0413,0.6687,2810.0,862.3756,0.042,12.5911,187900.0,0.6299,0.2034,ラサ工業,プライム（内国株式）,化学
4023,2026-09-29,3985.0,-0.0153,-0.0568,-0.1115,0.0337,-0.1022,0.0102,4386.0764,4224.5588,True,-0.0914,0.8328,4785.1001,3510.0,0.0268,13.6788,398500.0,1.3932,0.45,クレハ,プライム（内国株式）,化学
4025,2026-09-29,5530.0,-0.0383,-0.0349,-0.086,0.1842,-0.0766,0.1606,5793.6,5322.6,True,-0.0455,0.8668,6380.0,3414.9129,0.0356,1.3521,553000.0,0.7037,0.2739,多木化学,プライム（内国株式）,化学
4026,2026-09-29,1561.0,0.0,0.0019,-0.0534,-0.0534,-0.0441,-0.0769,1605.64,1611.52,False,-0.0278,0.7372,2117.5485,1331.5084,0.0263,1.2082,156100.0,0.9737,0.1854,神島化学工業,スタンダード（内国株式）,ガラス・土石製品
4027,2026-09-29,2297.0,-0.0009,-0.0283,-0.0171,-0.0267,-0.0078,-0.0502,2368.721,2339.547,True,-0.0303,0.9126,2517.0,1166.9356,0.0308,1.2699,229700.0,0.7285,0.2406,テイカ,プライム（内国株式）,化学
4028,2026-09-29,2822.0,-0.006,-0.0437,-0.1222,-0.0081,-0.1129,-0.0316,3019.3013,2979.1138,True,-0.0653,0.7214,3911.8984,2138.6983,0.0229,5.6331,282200.0,0.8485,0.271,石原産業,プライム（内国株式）,化学
402A,2026-09-29,521.0,-0.0352,-0.0316,-0.0057,0.0236,0.0036,0.0,526.88,524.9467,False,-0.0112,0.5133,1015.0,409.0,0.0414,6.3548,52100.0,0.5616,0.3199,アクセルスペースホールディングス,グロース（内国株式）,輸送用機器
4031,2026-09-29,1056.0,-0.0085,-0.0452,-0.0461,-0.0038,-0.0368,-0.0273,1100.72,1066.9867,False,-0.0406,0.5684,1858.0,840.2278,0.0201,0.1484,105600.0,0.6222,0.2923,片倉コープアグリ,スタンダード（内国株式）,化学
4040,2026-09-29,4020.0,0.0101,0.0442,0.0415,0.1535,0.0508,0.13,3898.4015,3714.3338,True,0.0312,0.9404,4275.0,2577.7837,0.023,0.2939,402000.0,0.7099,0.3248,南海化学,スタンダード（内国株式）,化学
4041,2026-09-29,3690.0,-0.0186,-0.0563,-0.0729,0.0438,-0.0635,0.0203,3890.5625,3772.5208,True,-0.0516,0.9008,4096.154,3208.6538,0.0186,5.202,369000.0,1.3886,0.3855,日本曹達,プライム（内国株式）,化学
4042,2026-09-29,2597.0,0.0004,-0.0178,-0.025,-0.1127,-0.0157,-0.1363,2625.0709,2740.2703,False,-0.0107,0.8415,3086.0,2094.7406,0.0172,27.0161,259700.0,0.8836,0.3427,東ソー,プライム（内国株式）,化学
4043,2026-09-29,4023.0,-0.0052,-0.0419,-0.0007,-0.1771,0.0086,-0.2007,4049.3721,4389.8574,False,-0.0065,0.6975,5768.0,3477.6096,0.0306,20.4528,402300.0,0.6735,0.2573,トクヤマ,プライム（内国株式）,化学
4044,2026-09-29,4440.0,-0.022,-0.0144,-0.0209,0.0045,-0.0116,-0.019,4445.8294,4324.8765,True,-0.0013,0.9269,4790.0,3070.0853,0.0313,4.469,444000.0,1.4245,0.4535,セントラル硝子,プライム（内国株式）,化学
4045,2026-09-29,1809.0,-0.0074,-0.0142,-0.0279,0.0394,-0.0186,0.0158,1833.58,1792.9597,True,-0.0134,0.9481,1908.0,1403.4094,0.0159,5.0033,180900.0,0.9175,0.2828,東亞合成,プライム（内国株式）,化学
4046,2026-09-29,1936.0,-0.0222,-0.0463,-0.0732,0.0276,-0.0639,0.0041,2023.4355,1924.1585,True,-0.0432,0.7708,2511.8085,1555.2595,0.0314,6.3549,193600.0,0.9467,0.2169,大阪ソーダ,プライム（内国株式）,化学
4047,2026-09-29,2328.0,0.0091,0.0894,-0.0272,-0.3451,-0.0178,-0.3687,2252.9532,2852.6911,False,0.0333,0.5285,4405.0,902.7868,0.0439,16.5221,232800.0,0.9884,0.3775,関東電化工業,プライム（内国株式）,化学
4051,2026-09-29,5980.0,-0.0153,-0.0308,-0.0685,-0.127,-0.0592,-0.1506,6178.7846,6436.6615,True,-0.0322,0.8411,7110.0,4760.0,0.027,1.9385,598000.0,0.9874,0.304,ＧＭＯフィナンシャルゲート,プライム（内国株式）,情報・通信業
4052,2026-09-29,999.0,-0.0741,0.1753,0.7465,3.4598,0.7558,3.4363,840.12,497.4667,True,0.1891,0.6167,1620.0,221.0,0.1951,46.7766,99900.0,1.9948,0.4285,フィーチャ,グロース（内国株式）,情報・通信業
4053,2026-09-29,524.0,0.0234,0.0672,0.1491,0.2329,0.1584,0.2094,471.32,453.3733,True,0.1118,0.9887,530.0,379.0,0.0315,0.6493,52400.0,1.6774,0.5212,Ｓｕｎ　Ａｓｔｅｒｉｓｋ,プライム（内国株式）,情報・通信業
4054,2026-09-29,522.0,-0.0019,0.0019,0.0097,0.0038,0.019,-0.0197,521.96,538.6147,True,0.0001,0.6778,770.1831,496.2596,0.0081,0.0736,52200.0,0.7897,0.1898,日本情報クリエイト,グロース（内国株式）,情報・通信業
4055,2026-09-29,1618.0,-0.0158,-0.0104,-0.0471,-0.0454,-0.0378,-0.069,1648.3557,1662.5052,False,-0.0184,0.5944,2722.0,1064.0,0.0261,0.5323,161800.0,0.4768,0.2888,ティアンドエスグループ,グロース（内国株式）,情報・通信業
4056,2026-09-29,203.0,-0.0098,-0.0146,-0.0731,-0.0049,-0.0637,-0.0284,225.52,217.5333,False,-0.0999,0.2613,777.0,200.0,0.064,3.0742,20300.0,0.5027,0.1923,ニューラルグループ,グロース（内国株式）,情報・通信業
4057,2026-09-29,349.0,0.0,0.0029,-0.0251,-0.0141,-0.0158,-0.0377,352.32,353.9467,False,-0.0094,0.6415,544.0,345.0,0.0137,0.0171,34900.0,1.1687,0.2507,インターファクトリー,グロース（内国株式）,情報・通信業
4058,2026-09-29,2143.0,-0.0188,-0.0846,-0.1188,0.0878,-0.1095,0.0643,2363.72,2219.5333,True,-0.0934,0.6745,3176.9867,1616.0,0.0343,0.7754,214300.0,0.7607,0.3673,トヨクモ,グロース（内国株式）,情報・通信業
4059,2026-09-29,387.0,-0.0077,0.0,-0.0786,-0.0077,-0.0693,-0.0312,395.64,399.12,True,-0.0218,0.5309,729.0,347.0,0.0133,0.0095,38700.0,0.7981,0.3889,まぐまぐ,スタンダード（内国株式）,情報・通信業
4060,2026-09-29,1220.0,0.0133,0.0108,0.0383,0.1349,0.0476,0.1113,1202.52,1145.4267,True,0.0145,0.8921,1367.58,979.108,0.0188,0.0776,122000.0,0.3253,0.1875,ｒａｋｕｍｏ,グロース（内国株式）,情報・通信業
4061,2026-09-29,3214.0,-0.0117,-0.0357,-0.0564,-0.2588,-0.0471,-0.2823,3311.4146,3691.5115,False,-0.0294,0.685,4692.0,2139.3177,0.029,21.1689,321400.0,0.797,0.2296,デンカ,プライム（内国株式）,化学
4062,2026-09-29,11020.0,-0.0108,-0.4035,-0.4636,-0.5373,-0.4543,-0.5608,18602.9696,19671.5899,False,-0.4076,0.401,27480.0,3899.2862,0.1626,1712.9363,1102000.0,1.3593,0.5173,イビデン,プライム（内国株式）,電気機器
4063,2026-09-29,5749.0,-0.0078,-0.0023,-0.0407,-0.1797,-0.0314,-0.2032,5859.0574,6481.2991,False,-0.0188,0.725,7930.0,4328.3129,0.0172,378.6264,574900.0,0.9185,0.2756,信越化学工業,プライム（内国株式）,化学
4064,2026-09-29,3605.0,0.0118,0.0042,0.0697,0.0042,0.079,-0.0194,3465.5637,3451.7212,True,0.0402,0.9173,3930.0,2016.1833,0.0272,2.925,360500.0,1.1454,0.327,日本カーバイド工業,プライム（内国株式）,化学
4068,2026-09-29,1818.0,0.0061,0.03,0.0389,0.1215,0.0482,0.098,1764.36,1705.0,True,0.0304,0.909,2000.0,1551.0,0.0143,0.0271,181800.0,1.0379,0.3538,ベイシス,グロース（内国株式）,情報・通信業
4069,2026-09-29,636.0,-0.0016,-0.0305,-0.0769,-0.0185,-0.0676,-0.0421,679.32,700.5067,False,-0.0638,0.2607,2440.0,611.0,0.0332,0.052,63600.0,0.754,0.2459,ＢｌｕｅＭｅｍｅ,グロース（内国株式）,情報・通信業
4071,2026-09-29,2040.0,0.0034,-0.0386,-0.071,-0.2368,-0.0617,-0.2604,2115.3881,2366.5827,False,-0.0356,0.6807,2997.0,1944.0,0.0243,5.2257,204000.0,0.8075,0.2482,プラスアルファ・コンサルティング,プライム（内国株式）,情報・通信業
4072,2026-09-29,3220.0,-0.0077,0.0031,0.0472,0.1521,0.0565,0.1285,3115.0,2968.1123,True,0.0337,0.785,4101.9754,2680.1458,0.0186,0.9893,322000.0,0.9759,0.4167,電算システムホールディングス,プライム（内国株式）,情報・通信業
4073,2026-09-29,683.0,-0.0733,0.2441,0.3798,0.6185,0.3891,0.5949,521.48,487.0667,True,0.3097,0.7806,875.0,414.0,0.0857,1.3253,68300.0,3.4458,0.7094,ジィ・シィ企画,グロース（内国株式）,情報・通信業
4074,2026-09-29,787.0,0.0208,0.0051,0.009,0.0493,0.0183,0.0258,785.52,803.8933,True,0.0019,0.6296,1250.0,633.0,0.0211,0.0272,78700.0,0.2287,0.1871,ラキール,グロース（内国株式）,情報・通信業
4075,2026-09-29,1348.0,-0.0989,0.0442,0.4879,0.5095,0.4972,0.486,1256.08,1005.6,True,0.0732,0.6419,2100.0,775.0,0.147,12.632,134800.0,4.0676,0.3516,ブレインズテクノロジー,グロース（内国株式）,情報・通信業
4076,2026-09-29,2019.0,0.0025,0.0161,0.0146,0.1677,0.0239,0.1442,1994.44,1853.2933,True,0.0123,0.997,2025.0,1484.9135,0.0108,0.0745,201900.0,1.9777,0.3316,シイエヌエス,グロース（内国株式）,情報・通信業
4078,2026-09-29,3620.0,-0.0028,-0.0028,-0.0847,-0.2198,-0.0754,-0.2434,3752.3741,4100.9247,False,-0.0353,0.5502,6580.0,2708.4754,0.0275,6.6578,362000.0,0.582,0.279,堺化学工業,プライム（内国株式）,化学
407A,2026-09-29,934.0,0.0119,0.0108,-0.0095,0.1014,-0.0002,0.0779,933.8,891.9385,True,0.0002,0.6999,1334.5038,814.2287,0.0157,0.1044,93400.0,0.5705,0.2185,ＵＮＩＣＯＮホールディングス,スタンダード（内国株式）,建設業
4082,2026-09-29,2300.0,-0.0086,-0.0662,-0.2333,0.1258,-0.224,0.1023,2451.8895,2111.6032,True,-0.0619,0.5257,4374.9082,673.1393,0.0415,28.5311,230000.0,0.3642,0.2429,第一稀元素化学工業,プライム（内国株式）,化学
4088,2026-09-29,2824.0,0.0021,-0.0485,0.1242,0.0206,0.1335,-0.0029,2808.92,2662.84,True,0.0054,0.8784,3215.0,1718.5,0.0378,42.7716,282400.0,1.0784,0.2519,エア・ウォーター,プライム（内国株式）,化学
4091,2026-09-29,5454.0,-0.0009,-0.0098,-0.041,-0.0904,-0.0317,-0.1139,5536.1881,5770.876,False,-0.0148,0.8379,6509.0,4439.9202,0.0229,37.6081,545400.0,1.4541,0.2617,日本酸素ホールディングス,プライム（内国株式）,化学
4092,2026-09-29,5380.0,-0.0055,-0.0019,0.0019,0.1545,0.0112,0.131,5382.5136,5186.7045,True,-0.0005,0.8459,6360.0,2394.8248,0.0428,6.5347,538000.0,0.5883,0.2733,日本化学工業,プライム（内国株式）,化学
4093,2026-09-29,431.0,0.0047,-0.0069,0.0189,0.0165,0.0282,-0.007,425.2795,421.3198,True,0.0135,0.8706,495.0547,336.2451,0.0121,0.0755,43100.0,0.6732,0.3458,東邦アセチレン,スタンダード（内国株式）,化学
4094,2026-09-29,2190.0,-0.0219,-0.0495,-0.0445,0.0554,-0.0352,0.0319,2273.6087,2165.3096,True,-0.0368,0.7965,2749.4698,1978.0,0.0147,0.3062,219000.0,1.1407,0.4564,日本化学産業,スタンダード（内国株式）,化学
4095,2026-09-29,1766.0,0.0028,-0.0129,0.0074,0.0419,0.0167,0.0183,1754.955,1721.4517,True,0.0063,0.9414,1876.0,1291.834,0.015,3.6141,176600.0,1.0289,0.3313,日本パーカライジング,プライム（内国株式）,化学
4097,2026-09-29,1191.0,-0.0181,-0.0141,-0.0222,0.0887,-0.0129,0.0651,1202.9639,1146.6013,True,-0.0099,0.9475,1257.0,981.3186,0.0172,0.6337,119100.0,0.8678,0.3799,高圧ガス工業,プライム（内国株式）,化学
4098,2026-09-29,999.0,-0.0177,-0.001,-0.0244,0.0132,-0.0151,-0.0104,1009.64,1022.7067,False,-0.0105,0.5834,1712.332,762.1362,0.0125,0.0424,99900.0,0.8052,0.256,チタン工業,スタンダード（内国株式）,化学
4099,2026-09-29,2214.0,-0.0107,0.0255,-0.1033,-0.3719,-0.094,-0.3955,2266.68,2759.7878,False,-0.0232,0.5897,3754.2039,1065.5399,0.036,17.4992,221400.0,1.2158,0.2863,四国化成ホールディングス,プライム（内国株式）,化学
409A,2026-09-29,1127.0,-0.0217,-0.0209,-0.0481,-0.0724,-0.0388,-0.096,1172.8876,1201.9092,True,-0.0391,0.5133,2195.7666,1100.0,0.0136,1.9914,112700.0,1.1526,0.399,オリオンビール,プライム（内国株式）,食料品
4100,2026-09-29,1890.0,0.0059,0.127,0.2084,0.127,0.2178,0.1035,1649.12,1594.5867,False,0.1461,0.8517,2219.0,1079.0,0.0437,1.012,189000.0,1.3404,0.4852,戸田工業,スタンダード（内国株式）,化学
4102,2026-09-29,1435.0,-0.0062,-0.0103,-0.0158,-0.0069,-0.0065,-0.0305,1448.6,1444.1067,True,-0.0094,0.9548,1502.8905,1293.118,0.0057,0.01,143500.0,0.8041,0.4544,丸尾カルシウム,スタンダード（内国株式）,化学
4107,2026-09-29,3835.0,-0.0065,-0.0204,-0.1254,-0.1392,-0.1161,-0.1627,4013.8,3848.1045,False,-0.0445,0.4559,8411.4596,2666.2814,0.0318,9.0803,383500.0,0.52,0.1848,伊勢化学工業,スタンダード（内国株式）,化学
4109,2026-09-29,5250.0,-0.0057,-0.0019,-0.0472,-0.2021,-0.0379,-0.2257,5351.9464,5799.9821,False,-0.019,0.6481,8100.0,3818.2427,0.0208,2.3626,525000.0,0.5301,0.1824,ステラ　ケミファ,プライム（内国株式）,化学
410A,2026-09-29,1289.0,-0.0062,0.1367,0.1228,0.1891,0.1321,0.1656,1153.68,1130.0,True,0.1173,0.5906,2182.698,986.0,0.0255,0.3015,128900.0,2.5032,0.6104,ＧＭＯコマース,グロース（内国株式）,サービス業
4112,2026-09-29,2064.0,-0.0067,-0.0176,-0.0802,-0.0091,-0.0709,-0.0327,2148.4716,2139.9705,False,-0.0393,0.7798,2647.0,1619.4054,0.0267,1.0424,206400.0,1.0343,0.2724,保土谷化学工業,プライム（内国株式）,化学
4113,2026-09-29,810.0,-0.011,0.0176,-0.0299,0.1859,-0.0206,0.1624,794.4025,749.0142,True,0.0196,0.5336,1517.9635,664.0,0.0174,0.1997,81000.0,0.3933,0.3113,田岡化学工業,スタンダード（内国株式）,化学
4114,2026-09-29,2491.5,-0.0091,-0.0443,-0.0607,0.1958,-0.0514,0.1723,2585.3275,2327.7758,True,-0.0363,0.9115,2733.5,1693.7468,0.0199,25.3066,249150.0,1.2987,0.3243,日本触媒,プライム（内国株式）,化学
4116,2026-09-29,1315.0,-0.0079,-0.0245,-0.0634,0.2536,-0.0541,0.23,1339.273,1197.4777,True,-0.0181,0.9287,1416.0,883.7298,0.0236,1.9908,131500.0,0.8755,0.2938,大日精化工業,プライム（内国株式）,化学
4118,2026-09-29,5978.0,-0.009,-0.0297,-0.0316,0.0493,-0.0223,0.0258,6081.4674,5885.8358,True,-0.017,0.9099,6570.0,4014.08,0.0182,13.1452,597800.0,0.836,0.3531,カネカ,プライム（内国株式）,化学
4119,2026-09-29,6300.0,0.0178,0.043,0.066,0.1372,0.0753,0.1136,5988.8,5738.9333,True,0.052,0.9844,6400.0,3059.9253,0.0203,0.1095,630000.0,0.5376,0.3207,日本ピグメントホールディングス,スタンダード（内国株式）,化学
4120,2026-09-29,3040.0,-0.0288,0.0443,-0.0303,0.0305,-0.021,0.007,3011.32,2962.2133,True,0.0095,0.9088,3345.0,2020.7999,0.0243,0.0219,304000.0,0.6378,0.4256,スガイ化学工業,スタンダード（内国株式）,化学
4124,2026-09-29,2961.0,-0.0361,-0.0195,-0.001,0.1635,0.0083,0.1399,2981.411,2773.9237,True,-0.0068,0.9552,3100.0,2317.4256,0.0207,0.058,296100.0,1.095,0.2796,大阪油化工業,スタンダード（内国株式）,化学
4125,2026-09-29,3570.0,0.0028,-0.0152,-0.048,0.1516,-0.0387,0.1281,3682.2,3440.12,True,-0.0305,0.8707,4100.0,1479.5486,0.0299,0.4405,357000.0,0.5416,0.2716,三和油化工業,スタンダード（内国株式）,化学
414A,2026-09-29,843.0,-0.0299,-0.0388,-0.0152,-0.0249,-0.0059,-0.0485,855.1863,849.7304,False,-0.0142,0.5574,1512.2667,740.9156,0.0184,0.8812,84300.0,0.5873,0.4,オーバーラップホールディングス,グロース（内国株式）,情報・通信業
4151,2026-09-29,2266.0,0.0089,0.0015,-0.1345,-0.1241,-0.1251,-0.1476,2389.32,2507.2596,False,-0.0516,0.789,2872.0079,2080.0359,0.0215,45.6887,226600.0,1.1735,0.2775,協和キリン,プライム（内国株式）,医薬品
415A,2026-09-29,5410.0,0.015,-0.0217,0.0798,0.1547,0.0892,0.1312,5217.6,4939.0,True,0.0369,0.8177,6616.3892,4482.2231,0.0267,0.0926,541000.0,1.8374,0.3881,ＧＭＯ　ＴＥＣＨホールディングス,グロース（内国株式）,サービス業
4165,2026-09-29,656.0,-0.0267,0.0,-0.0423,0.3443,-0.033,0.3207,682.32,596.0533,True,-0.0386,0.5889,1114.0,432.0,0.0409,2.4784,65600.0,0.573,0.283,プレイド,グロース（内国株式）,情報・通信業
4166,2026-09-29,649.0,-0.0015,0.0253,0.0237,-0.0061,0.033,-0.0297,633.08,646.0267,False,0.0251,0.5043,1287.0,616.0,0.014,0.023,64900.0,0.9556,0.5953,かっこ,グロース（内国株式）,情報・通信業
4167,2026-09-29,337.0,0.0597,0.009,0.0212,0.2344,0.0305,0.2109,330.8,307.2933,True,0.0187,0.7694,438.0,258.0,0.0509,0.0752,33700.0,0.8926,0.21,ココペリ,グロース（内国株式）,情報・通信業
4168,2026-09-29,785.0,-0.0051,-0.0051,0.0302,0.0248,0.0395,0.0013,775.32,767.7303,True,0.0125,0.7366,1065.6851,652.068,0.0191,0.4238,78500.0,0.6656,0.42,ヤプリ,グロース（内国株式）,情報・通信業
4169,2026-09-29,256.0,0.0119,-0.0116,-0.1203,0.3763,-0.111,0.3528,265.48,236.8267,True,-0.0357,0.6564,390.0,161.0,0.0449,1.0995,25600.0,0.3466,0.3043,ＥＮＥＣＨＡＮＧＥ,グロース（内国株式）,情報・通信業
416A,2026-09-29,1341.0,0.0015,-0.0176,0.0284,0.1722,0.0377,0.1487,1317.2583,1230.7528,True,0.018,0.9788,1370.0,1014.4127,0.0146,0.1853,134100.0,1.785,0.3462,富士ユナイトホールディングス,スタンダード（内国株式）,卸売業
4170,2026-09-29,113.0,-0.0342,-0.0342,-0.2517,0.0865,-0.2423,0.063,135.72,120.64,False,-0.1674,0.3742,302.0,97.0,0.0461,0.9472,11300.0,0.2569,0.2877,Ｋａｉｚｅｎ　Ｐｌａｔｆｏｒｍ,グロース（内国株式）,情報・通信業
4172,2026-09-29,2323.0,0.0039,0.0004,-0.0106,0.0705,-0.0013,0.047,2312.0758,2234.4386,True,0.0047,0.9548,2432.9958,2056.0,0.0158,0.028,232300.0,1.8225,0.2964,Ｈｉクラテス,スタンダード（内国株式）,情報・通信業
4174,2026-09-29,1153.0,0.0186,0.1542,0.3329,0.7343,0.3423,0.7108,942.28,794.9045,True,0.2236,0.9015,1279.0,593.2406,0.1067,4.4511,115300.0,3.6902,0.2901,アピリッツ,スタンダード（内国株式）,情報・通信業
4175,2026-09-29,2910.0,-0.0132,-0.0284,0.0714,0.2928,0.0807,0.2692,2888.08,2639.32,True,0.0076,0.9402,3095.0,1651.0,0.0285,0.1711,291000.0,0.6901,0.3723,ｃｏｌｙ,グロース（内国株式）,情報・通信業
4176,2026-09-29,273.0,-0.0073,-0.025,-0.0455,0.0581,-0.0361,0.0346,279.32,267.1467,True,-0.0226,0.4919,555.0,238.0,0.0217,0.198,27300.0,0.6038,0.2361,ココナラ,グロース（内国株式）,情報・通信業
4177,2026-09-29,1396.0,-0.0106,-0.07,-0.0779,-0.0092,-0.0686,-0.0328,1494.44,1478.44,True,-0.0659,0.7804,1788.8617,1085.8873,0.024,0.0959,139600.0,3.5002,0.4836,ｉ‐ｐｌｕｇ,グロース（内国株式）,情報・通信業
4178,2026-09-29,751.0,0.1536,0.3831,0.363,0.4223,0.3723,0.3988,547.6,522.24,True,0.3714,0.9506,790.0,476.0,0.0292,0.0473,75100.0,1.1669,1.0625,Ｓｈａｒｉｎｇ　Ｉｎｎｏｖａｔｉｏｎｓ,グロース（内国株式）,情報・通信業
4179,2026-09-29,337.0,-0.0203,0.006,-0.0792,-0.4383,-0.0699,-0.4619,354.68,406.12,True,-0.0498,0.321,1050.0,260.0,0.0492,0.1189,33700.0,0.2531,0.3017,ジーネクスト,グロース（内国株式）,情報・通信業
417A,2026-09-29,1830.0,-0.0119,-0.0494,-0.0137,0.0445,-0.0044,0.021,1883.1463,1805.7754,True,-0.0282,0.937,1953.0,1456.456,0.018,4.5562,183000.0,0.8478,0.3855,ブルーゾーンホールディングス,プライム（内国株式）,小売業
4180,2026-09-29,1382.0,-0.0178,-0.0955,0.0639,0.7125,0.0732,0.689,1419.76,1084.16,True,-0.0266,0.8028,1721.5002,660.0,0.0441,25.2721,138200.0,0.8288,0.3148,Ａｐｐｉｅｒ　Ｇｒｏｕｐ,プライム（内国株式）,情報・通信業
4182,2026-09-29,3772.0,0.0021,-0.01,-0.0328,-0.2557,-0.0235,-0.2793,3832.2178,4347.0193,False,-0.0157,0.6574,5738.0,2408.6052,0.0311,57.6911,377200.0,0.8745,0.2403,三菱瓦斯化学,プライム（内国株式）,化学
4183,2026-09-29,2036.0,-0.0085,-0.0866,-0.0466,-0.0455,-0.0373,-0.069,2158.2158,2150.3319,True,-0.0566,0.8378,2430.0381,1703.7241,0.028,59.6181,203600.0,1.3006,0.3853,三井化学,プライム（内国株式）,化学
4186,2026-09-29,8262.0,-0.0055,0.0403,-0.059,-0.2701,-0.0497,-0.2937,8338.56,9471.264,False,-0.0092,0.6415,12878.8594,4700.9834,0.037,61.5434,826200.0,0.9282,0.2632,東京応化工業,プライム（内国株式）,化学
4187,2026-09-29,4275.0,0.013,0.0595,-0.0717,-0.2827,-0.0623,-0.3063,4299.4,4931.2,False,-0.0057,0.6906,6190.0,2960.7213,0.0344,5.4804,427500.0,0.7627,0.3058,大阪有機化学工業,プライム（内国株式）,化学
4188,2026-09-29,1133.5,-0.01,-0.0686,-0.032,0.0044,-0.0227,-0.0191,1182.5487,1164.2962,True,-0.0415,0.8686,1305.0,782.7776,0.0309,76.3947,113350.0,0.9749,0.2869,三菱ケミカルグループ,プライム（内国株式）,化学
4189,2026-09-29,3300.0,0.0,0.0169,-0.0393,0.1126,-0.03,0.0891,3308.6,3129.6122,True,-0.0026,0.9244,3570.0,2225.1543,0.0228,3.8828,330000.0,0.8292,0.3649,ＫＨネオケム,プライム（内国株式）,化学
4192,2026-09-29,305.0,-0.0224,-0.0409,0.1051,0.1597,0.1144,0.1362,296.48,278.8533,True,0.0287,0.6793,449.0,234.0,0.0354,0.5047,30500.0,0.9383,0.4079,スパイダープラス,グロース（内国株式）,情報・通信業
4193,2026-09-29,2111.0,-0.0542,-0.0222,-0.0218,-0.0782,-0.0125,-0.1017,2159.3472,2243.1557,False,-0.0224,0.8616,2450.0,1856.5853,0.0121,0.1405,211100.0,1.1136,0.4748,ファブリカホールディングス,スタンダード（内国株式）,情報・通信業
4194,2026-09-29,8661.0,-0.0045,0.0127,-0.0661,0.1115,-0.0568,0.088,8875.24,8472.28,True,-0.0241,0.714,12130.0,6280.0,0.0346,24.033,866100.0,1.5614,0.2666,ビジョナル,プライム（内国株式）,情報・通信業
4196,2026-09-29,1299.0,0.0031,-0.1737,-0.3731,-0.235,-0.3638,-0.2585,1940.08,1830.4667,True,-0.3304,0.5905,2200.0,1058.0,0.085,0.8454,129900.0,3.7201,0.8572,ネオマーケティング,スタンダード（内国株式）,情報・通信業
4197,2026-09-29,2390.0,0.0046,0.0055,0.0063,0.0983,0.0156,0.0748,2366.88,2306.6667,True,0.0098,0.9419,2537.5088,2147.0,0.0077,0.0171,239000.0,1.2,0.2659,アスマーク,スタンダード（内国株式）,情報・通信業
4198,2026-09-29,510.0,-0.002,-0.0078,0.0303,0.0366,0.0396,0.013,502.36,497.48,False,0.0152,0.7306,698.0778,481.0,0.0113,0.0166,51000.0,1.0132,0.363,テンダ,スタンダード（内国株式）,情報・通信業
4199,2026-09-29,802.0,-0.0087,-0.016,-0.0609,0.1846,-0.0516,0.1611,822.84,788.2533,True,-0.0253,0.4171,1923.0,650.0,0.0215,0.0511,80200.0,0.146,0.2382,ワンダープラネット,グロース（内国株式）,情報・通信業
4202,2026-09-29,1385.5,-0.004,-0.0325,-0.0494,0.0106,-0.0401,-0.013,1436.2266,1421.2689,True,-0.0353,0.8556,1619.2769,1112.5,0.0177,14.1379,138550.0,0.9439,0.3418,ダイセル,プライム（内国株式）,化学
4203,2026-09-29,8212.0,0.0171,0.0604,0.09,0.1017,0.0993,0.0781,7552.3362,7317.4187,True,0.0873,0.9879,8312.2297,4696.0,0.0378,56.7194,821200.0,1.2082,0.3014,住友ベークライト,プライム（内国株式）,化学
4204,2026-09-29,2491.5,0.0036,-0.0181,-0.0584,-0.0386,-0.0491,-0.0621,2555.1819,2587.254,True,-0.0249,0.8253,3018.9013,2248.0,0.0153,34.6277,249150.0,0.8968,0.2944,積水化学工業,プライム（内国株式）,化学
4205,2026-09-29,2409.0,0.0128,-0.0002,-0.0048,0.0229,0.0046,-0.0006,2410.0635,2350.9945,True,-0.0004,0.9202,2618.0,1504.4009,0.0217,22.9457,240900.0,0.9575,0.3509,日本ゼオン,プライム（内国株式）,化学
4206,2026-09-29,4180.0,-0.0097,-0.0183,0.019,0.1316,0.0283,0.108,4162.8605,3888.8735,True,0.0041,0.9706,4306.5408,3306.5594,0.0183,10.3648,418000.0,0.8664,0.3602,アイカ工業,プライム（内国株式）,化学
4208,2026-09-29,3320.0,-0.0093,-0.0531,-0.0674,0.044,-0.0581,0.0205,3468.132,3329.4373,True,-0.0427,0.8942,3713.0,2137.9704,0.0192,27.649,332000.0,1.0038,0.3532,ＵＢＥ,プライム（内国株式）,化学
4212,2026-09-29,2904.0,0.009,-0.0416,-0.0095,0.1278,-0.0002,0.1042,2930.9069,2735.089,True,-0.0092,0.9338,3110.0,1986.0218,0.0197,1.5642,290400.0,0.8228,0.3806,積水樹脂,プライム（内国株式）,化学
4216,2026-09-29,6460.0,0.0704,0.0436,0.0839,-0.1003,0.0932,-0.1238,5981.0085,6407.2695,False,0.0801,0.8146,7930.0,4280.1037,0.0316,3.9032,646000.0,1.2695,0.3675,旭有機材,プライム（内国株式）,化学
4218,2026-09-29,1887.0,-0.0177,-0.0323,-0.0377,0.0075,-0.0284,-0.0161,1940.24,1914.28,True,-0.0274,0.9407,2006.0,1781.0,0.0098,0.5805,188700.0,1.8063,0.3581,ニチバン,プライム（内国株式）,化学
421A,2026-09-29,3940.0,-0.0051,0.0521,0.0103,0.1161,0.0196,0.0926,3893.8,3726.9333,True,0.0119,0.8854,4450.0,1758.0,0.0416,2.6581,394000.0,0.7412,0.366,ムービン・ストラテジック・キャリア,グロース（内国株式）,サービス業
4220,2026-09-29,2329.0,-0.0127,-0.0206,-0.1297,0.3822,-0.1204,0.3587,2467.9214,2164.6805,True,-0.0563,0.799,2915.0,1167.5388,0.0238,3.6763,232900.0,1.1458,0.2418,リケンテクノス,プライム（内国株式）,化学
4221,2026-09-29,5550.0,-0.0072,-0.0229,-0.0125,0.1635,-0.0031,0.14,5579.6,5264.597,True,-0.0053,0.9552,5810.0,4375.5555,0.0192,1.9356,555000.0,0.6688,0.5168,大倉工業,プライム（内国株式）,化学
4222,2026-09-29,652.0,-0.0181,-0.0326,-0.0752,0.0172,-0.0659,-0.0064,682.4,658.3333,False,-0.0445,0.4413,1477.3336,538.0,0.0358,2.9869,65200.0,0.8562,0.244,児玉化学工業,スタンダード（内国株式）,化学
4224,2026-09-29,2123.0,-0.0107,0.0062,-0.0126,0.0631,-0.0032,0.0396,2123.24,2080.9467,True,-0.0001,0.9594,2212.7334,1694.7374,0.0134,0.2035,212300.0,1.3634,0.402,ロンシール工業,スタンダード（内国株式）,化学
4228,2026-09-29,613.0,0.0016,0.0116,0.0303,0.161,0.0396,0.1374,597.0768,568.8256,True,0.0267,0.9177,668.0,326.7583,0.0298,1.484,61300.0,0.7516,0.4265,積水化成品工業,プライム（内国株式）,化学
4229,2026-09-29,4095.0,-0.0121,-0.0285,-0.0714,-0.099,-0.0621,-0.1226,4250.5784,4474.0595,False,-0.0366,0.6449,6350.0,3204.4234,0.0257,0.7535,409500.0,0.7495,0.3328,群栄化学工業,プライム（内国株式）,化学
4231,2026-09-29,1017.0,-0.0039,-0.0145,-0.0314,0.0388,-0.0221,0.0153,1035.0276,1013.7425,True,-0.0174,0.8051,1263.1328,840.1348,0.0188,0.1417,101700.0,0.531,0.1986,タイガースポリマー,スタンダード（内国株式）,化学
4234,2026-09-29,1013.0,0.0171,0.0,0.0607,0.4369,0.07,0.4133,1004.0707,826.5302,True,0.0089,0.9362,1082.0,559.2708,0.0256,0.3507,101300.0,0.7056,0.1646,サンエー化研,スタンダード（内国株式）,化学
4235,2026-09-29,668.0,-0.006,-0.0234,-0.0248,0.0277,-0.0155,0.0041,681.16,683.1867,True,-0.0193,0.8398,795.3889,640.0,0.0113,0.1137,66800.0,0.8704,0.4094,ウルトラファブリックス・ホールディングス,スタンダード（内国株式）,化学
4237,2026-09-29,334.0,-0.0089,0.0,-0.0773,-0.0319,-0.068,-0.0554,343.88,336.6533,True,-0.0287,0.6375,523.9394,291.5152,0.018,0.1219,33400.0,0.6521,0.2333,フジプレアム,スタンダード（内国株式）,化学
4238,2026-09-29,1958.0,0.0171,0.0426,0.0538,0.1603,0.0631,0.1368,1866.16,1775.467,True,0.0492,0.9546,2051.028,1052.4625,0.0574,1.8106,195800.0,0.9959,0.2848,ミライアル,スタンダード（内国株式）,化学
423A,2026-09-29,320.0,-0.0031,-0.0062,-0.0093,0.0667,0.0,0.0431,321.686,311.7087,True,-0.0052,0.6153,520.0788,270.2849,0.0124,0.0961,32000.0,0.8468,0.2512,ライオン事務器,スタンダード（内国株式）,卸売業
4240,2026-09-29,301.0,0.0,-0.029,-0.0738,-0.0414,-0.0645,-0.0649,315.44,315.72,False,-0.0458,0.6104,493.1515,285.4569,0.0187,0.0197,30100.0,0.7612,0.3544,クラスターテクノロジー,スタンダード（内国株式）,化学
4241,2026-09-29,731.0,-0.0095,0.0927,0.0927,0.144,0.102,0.1204,673.56,648.6267,False,0.0853,0.6258,1168.1196,404.1595,0.0321,0.1341,73100.0,1.8139,0.4951,アテクト,スタンダード（内国株式）,化学
4242,2026-09-29,1753.0,0.0133,-0.0017,-0.0315,0.0017,-0.0222,-0.0218,1775.7898,1791.8233,True,-0.0128,0.875,2003.4016,1327.3769,0.0109,0.0324,175300.0,1.1525,0.3285,タカギセイコー,スタンダード（内国株式）,化学
4243,2026-09-29,1088.0,0.0168,0.0751,0.0573,0.1393,0.0667,0.1157,1043.233,970.6377,True,0.0429,0.9469,1149.0,775.0,0.0277,0.0259,108800.0,0.8447,0.4376,ニックス,スタンダード（内国株式）,化学
4245,2026-09-29,721.0,-0.0014,0.0112,-0.0028,0.0777,0.0065,0.0542,715.16,687.5827,True,0.0082,0.9486,760.0331,633.3609,0.0136,0.0827,72100.0,0.8331,0.3066,ダイキアクシス,スタンダード（内国株式）,化学
4246,2026-09-29,1062.0,-0.0084,-0.0407,-0.0593,0.0609,-0.05,0.0374,1099.0263,1052.4754,True,-0.0337,0.9132,1163.0,678.0105,0.02,2.4556,106200.0,0.9067,0.376,ダイキョーニシカワ,プライム（内国株式）,化学
4247,2026-09-29,1424.0,0.0326,0.0252,0.0135,0.092,0.0228,0.0685,1395.9188,1353.3996,True,0.0201,0.8924,1595.6263,1204.1531,0.0065,0.0063,142400.0,0.5667,0.5917,ポバール興業,スタンダード（内国株式）,化学
4248,2026-09-29,881.0,-0.0045,-0.0034,0.0011,0.008,0.0105,-0.0155,881.92,873.0547,True,-0.001,0.9844,895.0,795.1023,0.0061,0.0389,88100.0,0.6704,0.3173,竹本容器,スタンダード（内国株式）,化学
4249,2026-09-29,2817.0,-0.0072,-0.0236,-0.0405,0.1972,-0.0312,0.1737,2894.0966,2636.9122,True,-0.0266,0.9328,3020.0,2202.2701,0.0229,0.8435,281700.0,0.9659,0.2026,森六,プライム（内国株式）,化学
4251,2026-09-29,1188.0,-0.0017,-0.01,-0.0008,-0.0149,0.0085,-0.0385,1177.32,1209.5867,False,0.0091,0.8438,1408.0,1069.3918,0.0129,1.0871,118800.0,1.0074,0.4688,恵和,プライム（内国株式）,化学
4255,2026-09-29,3450.0,-0.0115,-0.0363,-0.0282,0.3269,-0.0189,0.3034,3523.2,2919.8533,True,-0.0208,0.8869,3890.0,930.0,0.0248,0.1821,345000.0,0.9663,0.3208,ＴＨＥＣＯＯ,グロース（内国株式）,情報・通信業
4256,2026-09-29,1181.0,-0.0142,0.0535,0.1466,0.2768,0.1559,0.2532,1108.68,1009.6267,True,0.0652,0.7479,1579.0,898.0,0.0213,0.0659,118100.0,0.6732,0.4402,サインド,グロース（内国株式）,情報・通信業
4258,2026-09-29,5580.0,0.0295,-0.0106,0.2887,0.592,0.298,0.5685,4877.0,4365.4667,True,0.1441,0.9506,5870.0,2571.0,0.0584,4.078,558000.0,1.3275,0.3128,網屋,グロース（内国株式）,情報・通信業
4259,2026-09-29,870.0,-0.0057,-0.0461,0.0861,0.0875,0.0955,0.064,841.56,839.4,False,0.0338,0.6021,1445.0,504.0,0.0479,11.1709,87000.0,0.6716,0.4027,エクサウィザーズ,グロース（内国株式）,情報・通信業
4260,2026-09-29,203.0,-0.0049,0.0,-0.0514,-0.1212,-0.0421,-0.1448,209.8,222.3867,False,-0.0324,0.5232,388.0,194.0,0.0348,0.0469,20300.0,2.6265,0.5657,ハイブリッドテクノロジーズ,グロース（内国株式）,情報・通信業
4261,2026-09-29,3020.0,0.0206,0.022,0.0328,0.0017,0.0421,-0.0219,2952.2,3125.28,False,0.023,0.6138,4920.0,2699.0,0.011,0.0987,302000.0,0.5236,0.3358,アジアクエスト,グロース（内国株式）,情報・通信業
4262,2026-09-29,1400.0,0.0219,0.0065,0.0123,0.0695,0.0216,0.046,1386.3728,1352.1909,False,0.0098,0.953,1469.0,1255.0,0.011,0.0547,140000.0,0.7317,0.5324,ニフティライフスタイル,グロース（内国株式）,情報・通信業
4263,2026-09-29,433.0,-0.0226,0.0261,-0.0787,-0.5006,-0.0694,-0.5241,451.84,627.2133,False,-0.0417,0.3517,1231.0,392.0,0.0353,0.8369,43300.0,1.3114,0.386,サスメド,グロース（内国株式）,情報・通信業
4264,2026-09-29,1376.0,-0.0108,-0.0122,-0.051,-0.1111,-0.0417,-0.1347,1436.28,1512.88,False,-0.042,0.6918,1989.0,1340.0,0.0231,0.2722,137600.0,1.7408,0.2894,セキュア,グロース（内国株式）,情報・通信業
4265,2026-09-29,268.0,-0.053,-0.053,-0.0727,-0.4123,-0.0633,-0.4358,284.24,306.2,True,-0.0571,0.3641,736.0,208.0,0.0224,0.0685,26800.0,0.1659,0.3833,Ｉｎｓｔｉｔｕｔｉｏｎ　ｆｏｒ　ａ　Ｇｌｏｂａｌ　Ｓｏｃｉｅｔｙ,グロース（内国株式）,情報・通信業
4270,2026-09-29,1909.0,0.0,0.0187,-0.0052,0.0286,0.0041,0.005,1898.92,1863.6533,False,0.0053,0.7449,2562.8372,1735.0,0.0165,0.0958,190900.0,0.8866,0.1905,ＢｅｅＸ,グロース（内国株式）,情報・通信業
4272,2026-09-29,2058.5,-0.0031,-0.0267,-0.0177,0.0329,-0.0083,0.0093,2072.9191,2042.833,False,-0.007,0.9389,2192.5,1323.6393,0.0182,12.4979,205850.0,1.2463,0.3674,日本化薬,プライム（内国株式）,化学
4274,2026-09-29,1105.0,-0.0178,-0.0714,0.0009,0.0434,0.0102,0.0199,1113.92,1080.08,False,-0.008,0.5589,1977.1927,976.2327,0.0747,2.7358,110500.0,4.8939,0.3621,細谷火工,スタンダード（内国株式）,化学
4275,2026-09-29,1883.0,-0.0314,-0.0895,-0.1327,-0.1303,-0.1233,-0.1538,2025.56,2179.1467,False,-0.0704,0.6181,3046.3693,1238.2334,0.0399,3.9016,188300.0,0.877,0.305,カーリット,プライム（内国株式）,化学
4284,2026-09-29,452.0,-0.0066,-0.0153,0.0249,0.1078,0.0343,0.0843,449.44,437.0533,True,0.0057,0.8159,554.0,394.4472,0.0166,0.1523,45200.0,0.5275,0.2933,ソルクシーズ,スタンダード（内国株式）,情報・通信業
4286,2026-09-29,1332.0,-0.003,0.031,-0.0348,0.2076,-0.0255,0.1841,1307.68,1184.9333,True,0.0186,0.9199,1448.0,901.1459,0.0336,0.3448,133200.0,0.8845,0.5077,ＣＬホールディングス,スタンダード（内国株式）,サービス業
4287,2026-09-29,489.0,0.0082,0.0471,-0.0141,0.0654,-0.0048,0.0418,482.72,472.12,True,0.013,0.8382,583.4037,402.617,0.0346,0.1553,48900.0,0.9201,0.2304,ジャストプランニング,スタンダード（内国株式）,情報・通信業
4288,2026-09-29,435.0,-0.0068,-0.0333,-0.0745,0.0662,-0.0652,0.0426,458.0,428.0667,False,-0.0502,0.4443,979.0,338.0,0.0302,0.053,43500.0,0.5739,0.4109,アズジェント,スタンダード（内国株式）,情報・通信業
428A,2026-09-29,1934.0,0.0348,0.1051,0.4465,0.5777,0.4558,0.5542,1571.4864,1386.8803,True,0.2307,0.9928,1948.0,605.4715,0.0479,0.7012,193400.0,1.9154,0.4512,サイプレス・ホールディングス,スタンダード（内国株式）,小売業
4290,2026-09-29,683.0,-0.0087,-0.0367,-0.0695,0.0589,-0.0602,0.0354,704.2569,683.739,True,-0.0302,0.9119,749.0,595.5138,0.0182,5.4789,68300.0,1.4488,0.4136,プレステージ・インターナショナル,プライム（内国株式）,サービス業
4293,2026-09-29,504.0,-0.0059,-0.0195,-0.0175,0.1326,-0.0082,0.109,513.48,498.1991,True,-0.0185,0.8835,570.4879,371.5033,0.0196,2.1634,50400.0,0.8186,0.2536,セプテーニ・ホールディングス,スタンダード（内国株式）,サービス業
4299,2026-09-29,1204.0,0.0017,-0.0091,-0.0251,0.0203,-0.0158,-0.0032,1216.4619,1198.5673,True,-0.0102,0.8887,1354.7126,1111.0,0.0151,0.0677,120400.0,0.8792,0.2731,ハイマックス,スタンダード（内国株式）,情報・通信業
429A,2026-09-29,3870.0,-0.0039,0.0516,0.0334,-0.1062,0.0427,-0.1298,3754.4446,3972.5482,False,0.0308,0.7316,5290.0,2671.0,0.0394,21.6289,387000.0,0.538,0.2724,テクセンドフォトマスク,プライム（内国株式）,その他製品
4301,2026-09-29,1849.0,-0.0016,-0.0191,-0.034,0.0249,-0.0246,0.0014,1884.2386,1881.1329,True,-0.0187,0.8574,2156.626,1720.0,0.0161,0.4847,184900.0,0.8017,0.276,アミューズ,プライム（内国株式）,サービス業
4307,2026-09-29,4971.0,0.0012,-0.0357,-0.0149,0.0825,-0.0055,0.059,5082.0034,4911.2411,True,-0.0218,0.7753,6412.1068,3483.2909,0.0321,115.4335,497100.0,0.8315,0.3256,野村総合研究所,プライム（内国株式）,情報・通信業
4308,2026-09-29,356.0,-0.0028,0.0085,-0.0139,0.0,-0.0045,-0.0235,356.92,354.1867,True,-0.0026,0.8802,404.4444,322.5926,0.0092,0.0574,35600.0,0.5113,0.2739,Ｊストリーム,グロース（内国株式）,情報・通信業
4310,2026-09-29,2546.0,-0.0286,0.0091,0.0016,-0.0151,0.0109,-0.0386,2525.36,2566.6533,False,0.0082,0.8361,3045.0,2204.3053,0.0185,0.395,254600.0,0.7563,0.4194,ドリームインキュベータ,プライム（内国株式）,サービス業
4316,2026-09-29,40.0,-0.1304,-0.4521,-0.5294,-0.6875,-0.5201,-0.711,90.88,103.4533,False,-0.5599,0.0231,1728.0,40.0,0.4214,1.139,4000.0,1.36,0.528,ビーマップ,グロース（内国株式）,情報・通信業
4317,2026-09-29,572.0,0.0053,-0.0017,0.0106,0.2275,0.0199,0.2039,565.56,519.7067,True,0.0114,0.7784,734.7938,445.0,0.021,0.0327,57200.0,0.6287,0.2083,レイ,スタンダード（内国株式）,サービス業
4318,2026-09-29,838.0,-0.0106,-0.0256,-0.029,0.1655,-0.0197,0.142,846.0514,789.8705,True,-0.0095,0.8936,937.8035,695.0,0.0185,0.8559,83800.0,0.8409,0.3865,クイック,プライム（内国株式）,サービス業
431A,2026-09-29,2654.0,-0.0163,-0.017,0.1045,0.4671,0.1138,0.4436,2599.6,2181.2133,True,0.0209,0.7173,3700.0,1651.0,0.0458,1.0097,265400.0,0.8604,0.1878,ユーソナー,グロース（内国株式）,情報・通信業
4320,2026-09-29,1629.0,0.0,0.0012,-0.0139,-0.0776,-0.0046,-0.1011,1644.72,1696.6667,True,-0.0096,0.8763,1859.0,710.2666,0.002,3.115,162900.0,1.3946,0.8217,ＣＥホールディングス,スタンダード（内国株式）,情報・通信業
4323,2026-09-29,1872.0,-0.0079,-0.026,-0.023,0.1345,-0.0136,0.111,1904.6819,1814.2673,True,-0.0172,0.6969,2686.2297,1487.0,0.0236,0.9025,187200.0,0.8536,0.2532,日本システム技術,プライム（内国株式）,情報・通信業
4324,2026-09-29,3538.0,-0.0142,-0.0261,0.0008,0.1424,0.0102,0.1189,3618.76,3448.1333,True,-0.0223,0.9133,3874.0,2642.0,0.0218,36.4906,353800.0,0.7529,0.3065,電通グループ,プライム（内国株式）,サービス業
4326,2026-09-29,1960.0,-0.0244,-0.0066,-0.0249,0.1362,-0.0156,0.1127,1988.16,1884.5848,True,-0.0142,0.9091,2156.0,1561.7666,0.0204,0.5675,196000.0,0.7294,0.2479,インテージホールディングス,プライム（内国株式）,情報・通信業
4331,2026-09-29,740.0,-0.0107,-0.025,0.0151,0.1367,0.0244,0.1132,744.0,696.3813,True,-0.0054,0.9107,812.5291,632.1522,0.012,0.3501,74000.0,0.5613,0.3048,テイクアンドギヴ・ニーズ,プライム（内国株式）,サービス業
4334,2026-09-29,380.0,0.0,-0.0052,-0.013,0.027,-0.0037,0.0035,387.8,382.0133,False,-0.0201,0.8394,452.683,354.1464,0.0188,0.0658,38000.0,1.5558,0.336,ユークス,スタンダード（内国株式）,情報・通信業
4335,2026-09-29,1088.0,0.0009,0.0018,-0.0073,-0.0277,0.002,-0.0512,1090.76,1111.7924,False,-0.0025,0.8715,1248.3693,1077.0,0.0077,0.0213,108800.0,0.9123,0.2154,ＩＰＳホールディングス,スタンダード（内国株式）,情報・通信業
4337,2026-09-29,2507.0,-0.018,-0.054,-0.081,0.0012,-0.0717,-0.0223,2680.44,2678.8533,False,-0.0647,0.6993,3585.0,2323.0,0.0169,0.6079,250700.0,0.8395,0.3689,ぴあ,プライム（内国株式）,サービス業
4341,2026-09-29,908.0,0.0022,0.0022,0.0168,0.0342,0.0261,0.0106,906.7161,884.932,True,0.0014,0.909,998.8489,732.8093,0.0086,0.0177,90800.0,0.5771,0.3174,西菱電機,スタンダード（内国株式）,サービス業
4343,2026-09-29,2678.0,-0.0237,-0.0308,-0.054,0.0372,-0.0447,0.0137,2791.2161,2687.4921,True,-0.0406,0.7167,3736.3499,2265.9958,0.0235,2.1176,267800.0,0.678,0.1859,イオンファンタジー,プライム（内国株式）,サービス業
4344,2026-09-29,102.0,-0.0192,-0.0377,-0.1207,-0.0097,-0.1114,-0.0333,111.24,108.48,False,-0.0831,0.5368,190.0,99.0,0.0385,1.4581,10200.0,1.6687,0.3055,ソースネクスト,プライム（内国株式）,情報・通信業
4345,2026-09-29,830.0,-0.0095,-0.0131,-0.0166,-0.0036,-0.0073,-0.0271,837.7158,841.3319,True,-0.0092,0.7585,1094.2553,798.0,0.0108,0.4855,83000.0,0.7106,0.2676,シーティーエス,プライム（内国株式）,サービス業
4346,2026-09-29,956.0,-0.0245,-0.0718,0.0116,0.2713,0.021,0.2477,994.6689,869.9296,True,-0.0389,0.8536,1120.0,660.0,0.039,1.2934,95600.0,1.0978,0.3353,ＮＥＸＹＺ．Ｇｒｏｕｐ,スタンダード（内国株式）,その他金融業
4347,2026-09-29,1898.0,0.0016,0.0204,0.1365,0.0657,0.1458,0.0422,1744.36,1717.6533,False,0.0881,0.7626,2489.0,1532.6043,0.0311,0.2788,189800.0,1.4661,0.3525,ブロードメディア,スタンダード（内国株式）,サービス業
4350,2026-09-29,528.0,0.0173,0.0272,0.056,0.1163,0.0653,0.0927,503.7237,488.9079,True,0.0482,0.9462,558.0,433.0,0.0274,0.5139,52800.0,1.3802,0.311,メディカルシステムネットワーク,スタンダード（内国株式）,小売業
4351,2026-09-29,850.0,0.0,0.0119,0.0278,-0.0185,0.0371,-0.042,844.8,868.88,False,0.0062,0.5667,1500.0,819.0,0.0108,0.0346,85000.0,0.9041,0.4703,山田再生系債権回収総合事務所,スタンダード（内国株式）,その他金融業
4356,2026-09-29,1632.0,-0.0192,0.0271,-0.0037,0.0591,0.0057,0.0355,1630.76,1624.4533,True,0.0008,0.792,2060.5386,1500.0,0.0121,0.0117,163200.0,0.6061,0.4903,応用技術,スタンダード（内国株式）,情報・通信業
4360,2026-09-29,991.0,0.0128,0.0051,-0.009,0.225,0.0003,0.2014,970.5421,860.1807,True,0.0211,0.8459,1171.5971,545.621,0.0274,0.0696,99100.0,0.5938,0.2878,マナック・ケミカル・パートナーズ,スタンダード（内国株式）,化学
4361,2026-09-29,1627.0,0.0093,0.0074,0.0271,0.1045,0.0365,0.081,1588.36,1519.5467,True,0.0243,0.8518,1910.0,1400.0,0.0123,0.0415,162700.0,0.8,0.5779,川口化学工業,スタンダード（内国株式）,化学
4362,2026-09-29,2602.0,-0.0151,-0.0423,-0.0521,0.0216,-0.0428,-0.0019,2685.4331,2612.7577,True,-0.0311,0.8525,3052.2819,2326.0,0.0144,0.583,260200.0,0.901,0.4218,日本精化,プライム（内国株式）,化学
4366,2026-09-29,468.0,-0.0085,0.0196,0.0909,-0.0449,0.1002,-0.0684,444.24,457.9867,False,0.0535,0.7548,620.0,247.8499,0.0362,0.3771,46800.0,0.9129,0.4312,ダイトーケミックス,スタンダード（内国株式）,化学
4368,2026-09-29,3125.0,0.0143,0.0728,0.0229,-0.3056,0.0322,-0.3291,2952.0172,3645.6057,False,0.0586,0.6256,4995.0,1571.0834,0.031,21.1757,312500.0,0.8903,0.4804,扶桑化学工業,プライム（内国株式）,化学
4369,2026-09-29,3010.0,-0.0033,0.0347,-0.0696,-0.1363,-0.0602,-0.1598,3049.84,3297.8933,False,-0.0131,0.6756,4455.0,2461.0,0.035,18.8252,301000.0,0.957,0.2933,トリケミカル研究所,プライム（内国株式）,化学
436A,2026-09-29,1345.0,0.0267,0.0166,0.1312,0.3952,0.1405,0.3717,1219.04,1086.12,True,0.1033,0.6937,1938.8501,920.0,0.0373,0.8891,134500.0,1.8059,0.4048,サイバーソリューションズ,グロース（内国株式）,情報・通信業
4370,2026-09-29,411.0,-0.042,-0.0486,0.3131,0.37,0.3224,0.3465,389.6,334.8533,True,0.0549,0.6524,630.0,271.0,0.1025,1.1426,41100.0,1.8455,0.28,モビルス,グロース（内国株式）,情報・通信業
4371,2026-09-29,1494.0,0.0303,0.004,0.0233,0.0834,0.0326,0.0599,1435.52,1415.48,True,0.0407,0.9516,1570.0,893.0,0.0227,0.1868,149400.0,0.4388,0.224,コアコンセプト・テクノロジー,グロース（内国株式）,情報・通信業
4372,2026-09-29,1350.0,0.0,0.015,0.0313,0.1638,0.0406,0.1403,1316.0,1261.2533,True,0.0258,0.8228,1640.7799,1068.0,0.0096,0.0303,135000.0,0.3601,0.3154,ユミルリンク,グロース（内国株式）,情報・通信業
4373,2026-09-29,1129.0,-0.007,-0.0359,-0.0536,0.2049,-0.0443,0.1814,1169.84,1087.0267,True,-0.0349,0.882,1280.0,741.2383,0.0338,22.3399,112900.0,1.5495,0.2512,シンプレクス・ホールディングス,プライム（内国株式）,情報・通信業
4374,2026-09-29,1200.0,-0.0204,-0.5183,-0.5155,-0.483,-0.5062,-0.5065,2278.82,2331.2467,False,-0.4734,0.3471,3457.5888,1200.0,0.1126,0.1229,120000.0,0.9601,0.9886,ＲＯＢＯＴ　ＰＡＹＭＥＮＴ,グロース（内国株式）,情報・通信業
4375,2026-09-29,645.0,-0.0077,-0.0733,-0.0598,0.011,-0.0505,-0.0126,671.8,656.5067,False,-0.0399,0.6615,975.0,590.0,0.031,1.2358,64500.0,0.9754,0.3,セーフィー,グロース（内国株式）,情報・通信業
4376,2026-09-29,172.0,-0.0497,-0.0058,0.0488,0.1242,0.0581,0.1006,168.92,162.3333,True,0.0182,0.9053,190.0,148.0,0.0374,0.0695,17200.0,1.9703,0.3578,くふうカンパニーホールディングス,グロース（内国株式）,情報・通信業
4377,2026-09-29,2317.0,-0.0077,-0.0136,-0.0917,0.1864,-0.0824,0.1628,2393.8,2166.4533,True,-0.0321,0.8228,2815.8619,1667.0,0.0302,1.5733,231700.0,0.6501,0.3354,ワンキャリア,グロース（内国株式）,情報・通信業
4378,2026-09-29,468.0,0.0,-0.0043,-0.1186,-0.1269,-0.1093,-0.1504,507.52,528.0667,False,-0.0779,0.2907,1610.0,435.0,0.029,0.0925,46800.0,0.7363,0.5453,ＣＩＮＣ,グロース（内国株式）,情報・通信業
4379,2026-09-29,497.0,-0.01,0.0247,0.1169,0.2776,0.1262,0.2541,454.16,420.4667,True,0.0943,0.9238,538.0,325.0,0.0377,0.3351,49700.0,2.5232,0.5824,Ｐｈｏｔｏｓｙｎｔｈ,グロース（内国株式）,情報・通信業
4380,2026-09-29,700.0,-0.0196,-0.0014,0.0432,0.2601,0.0525,0.2366,693.48,627.32,True,0.0094,0.9602,729.0,512.5,0.0164,0.0499,70000.0,1.1436,0.3565,Ｍマート,グロース（内国株式）,情報・通信業
4381,2026-09-29,215.0,0.0238,-0.0046,-0.2535,0.2356,-0.2442,0.2121,262.4,303.92,False,-0.1806,0.3171,678.0,170.0,0.1017,0.7512,21500.0,0.7647,0.485,ビープラッツ,グロース（内国株式）,情報・通信業
4382,2026-09-29,840.0,-0.0187,0.0207,0.1082,0.1699,0.1175,0.1464,790.6,748.5467,True,0.0625,0.6688,1256.0,690.0,0.0401,1.1512,84000.0,2.7334,0.3856,ＨＥＲＯＺ,スタンダード（内国株式）,情報・通信業
4385,2026-09-29,3585.0,-0.0208,-0.0237,-0.2195,-0.1235,-0.2101,-0.147,4122.88,4272.5333,False,-0.1305,0.7014,5111.0,2069.0,0.0392,82.6411,358500.0,1.1558,0.284,メルカリ,プライム（内国株式）,情報・通信業
4386,2026-09-29,899.0,0.009,0.0158,0.0011,0.1004,0.0104,0.0768,891.2506,858.8569,True,0.0087,0.841,1069.0136,751.0657,0.0174,0.042,89900.0,1.0369,0.2362,ＳＩＧグループ,スタンダード（内国株式）,情報・通信業
4387,2026-09-29,545.0,-0.0285,-0.032,0.0835,0.172,0.0928,0.1485,534.28,498.1067,True,0.0201,0.7601,717.0,450.0,0.0579,0.1048,54500.0,2.4521,0.3326,ＺＵＵ,グロース（内国株式）,情報・通信業
4388,2026-09-29,360.0,0.0028,-0.0244,-0.0349,-0.011,-0.0255,-0.0345,370.72,366.3733,False,-0.0289,0.681,528.6332,351.0,0.0163,0.0489,36000.0,1.2062,0.461,エーアイ,スタンダード（内国株式）,情報・通信業
4389,2026-09-29,1172.0,0.0953,0.1205,0.1324,0.2893,0.1417,0.2658,1062.56,1020.2933,True,0.103,1.0,1172.0,714.24,0.0347,0.0699,117200.0,0.7096,0.3733,プロパティデータバンク,グロース（内国株式）,情報・通信業
438A,2026-09-29,1040.0,-0.0207,-0.0123,0.0634,0.3595,0.0727,0.3359,1010.28,881.9867,True,0.0294,0.6136,1695.0,674.0,0.0321,0.8784,104000.0,1.0075,0.3261,インフキュリオン,グロース（内国株式）,情報・通信業
4390,2026-09-29,3960.0,-0.0186,-0.0365,-0.0458,0.1751,-0.0365,0.1515,4072.1645,3747.1882,True,-0.0275,0.9167,4320.0,2762.9121,0.0305,2.3672,396000.0,0.6992,0.3216,ＩＰＳ,プライム（内国株式）,情報・通信業
4391,2026-09-29,1125.0,-0.0114,0.0027,0.0018,0.0199,0.0111,-0.0036,1140.68,1125.6457,True,-0.0137,0.8734,1288.0,992.4589,0.0111,0.0347,112500.0,0.431,0.264,ロジザード,グロース（内国株式）,情報・通信業
4392,2026-09-29,908.0,-0.0247,-0.0581,-0.2139,-0.1936,-0.2045,-0.2171,1026.48,1075.0267,False,-0.1154,0.2953,3075.0,282.0,0.0518,25.424,90800.0,0.2992,0.2379,ＦＩＧ,プライム（内国株式）,情報・通信業
4393,2026-09-29,6090.0,0.01,0.0287,0.034,0.2622,0.0433,0.2386,5718.0,5177.0667,True,0.0651,0.6499,9370.0,4225.0,0.0409,2.8402,609000.0,0.9883,0.3009,バンク・オブ・イノベーション,グロース（内国株式）,情報・通信業
4394,2026-09-29,718.0,-0.0069,0.0846,0.2844,0.6894,0.2938,0.6659,649.2,547.7067,True,0.106,0.9423,762.0,364.3961,0.0499,0.6407,71800.0,0.6279,0.2761,エクスモーション,グロース（内国株式）,情報・通信業
4395,2026-09-29,700.0,0.1667,0.2681,-0.0223,-0.1803,-0.013,-0.2039,658.4,700.9033,False,0.0632,0.4483,1561.522,545.0,0.0608,0.51,70000.0,0.8555,0.3523,アクリート,グロース（内国株式）,情報・通信業
4396,2026-09-29,1332.0,-0.0148,-0.0348,-0.0097,0.3704,-0.0004,0.3468,1366.48,1180.9151,True,-0.0252,0.7882,1689.9198,920.3348,0.0257,1.135,133200.0,0.682,0.3624,システムサポートホールディングス,プライム（内国株式）,情報・通信業
4397,2026-09-29,380.0,-0.0231,-0.0306,-0.108,0.0674,-0.0987,0.0439,405.64,390.7867,True,-0.0632,0.5714,665.0,350.0,0.0273,0.1624,38000.0,0.5509,0.251,チームスピリット,グロース（内国株式）,情報・通信業
4398,2026-09-29,1359.0,0.0187,0.0142,0.0559,0.0942,0.0653,0.0707,1306.44,1267.2558,True,0.0402,0.8542,1590.911,1185.7721,0.0213,0.0486,135900.0,1.2836,0.3042,ブロードバンドセキュリティ,スタンダード（内国株式）,情報・通信業
4401,2026-09-29,4531.0,0.0064,-0.0098,-0.0262,0.0798,-0.0169,0.0563,4551.8414,4325.5738,True,-0.0046,0.9019,5023.8118,3175.3167,0.0223,12.1743,453100.0,0.66,0.3532,ＡＤＥＫＡ,プライム（内国株式）,化学
4403,2026-09-29,2484.0,-0.01,-0.0492,-0.113,-0.0587,-0.1037,-0.0823,2651.1401,2704.1,False,-0.063,0.7306,3400.0,2484.0,0.0181,24.7899,248400.0,1.0753,0.3785,日油,プライム（内国株式）,化学
4404,2026-09-29,2190.0,-0.0104,-0.0241,0.0229,0.198,0.0322,0.1745,2200.52,2001.2533,True,-0.0048,0.8202,2670.0,1752.0,0.0131,0.3967,219000.0,0.8502,0.2501,ミヨシ油脂,スタンダード（内国株式）,食料品
4406,2026-09-29,241.0,0.0,0.0478,-0.0512,0.199,-0.0419,0.1755,243.28,221.76,True,-0.0094,0.8243,292.3719,188.0,0.0228,0.6472,24100.0,0.9615,0.2727,新日本理化,スタンダード（内国株式）,化学
4409,2026-09-29,892.0,0.0644,0.1081,0.1378,0.2186,0.1471,0.195,795.84,757.48,True,0.1208,1.0,892.0,695.2139,0.0173,0.0552,89200.0,0.9259,0.6935,東邦化学工業,スタンダード（内国株式）,化学
4410,2026-09-29,1116.0,-0.0106,-0.0071,-0.0141,0.0803,-0.0048,0.0568,1120.2778,1089.4926,True,-0.0038,0.9238,1208.0,821.3924,0.0211,0.738,111600.0,1.0358,0.4115,ハリマ化成グループ,プライム（内国株式）,化学
4412,2026-09-29,1462.0,0.0406,0.0854,0.1886,0.3099,0.1979,0.2864,1336.6392,1221.8086,False,0.0938,0.5511,2652.8433,1052.1446,0.0283,0.2624,146200.0,0.451,0.4079,サイエンスアーツ,グロース（内国株式）,情報・通信業
4413,2026-09-29,2965.0,-0.0003,0.0,-0.001,0.1248,0.0083,0.1013,2968.04,2859.8133,True,-0.001,0.8982,3301.048,1685.8746,0.0012,11.4719,296500.0,1.1035,0.2042,ボードルア,プライム（内国株式）,情報・通信業
4414,2026-09-29,1111.0,-0.0186,0.0174,-0.1161,0.085,-0.1068,0.0614,1116.64,1134.8667,True,-0.0051,0.5527,2010.0,950.0,0.026,0.229,111100.0,0.4688,0.3569,フレクト,グロース（内国株式）,情報・通信業
4415,2026-09-29,1491.0,0.0612,0.0742,0.0485,0.2102,0.0578,0.1867,1391.08,1335.6667,True,0.0718,0.9497,1570.0,958.0,0.0242,0.1672,149100.0,0.593,0.3659,ブロードエンタープライズ,グロース（内国株式）,情報・通信業
4416,2026-09-29,406.0,-0.0049,-0.0098,-0.0169,-0.0814,-0.0076,-0.105,411.8,417.9733,True,-0.0141,0.4582,886.0,364.0,0.025,0.0307,40600.0,0.339,0.1873,Ｔｒｕｅ　Ｄａｔａ,グロース（内国株式）,情報・通信業
4417,2026-09-29,5460.0,0.0045,-0.0233,0.1767,0.4182,0.186,0.3946,4845.6288,4294.2496,True,0.1268,0.9207,5930.0,2183.1112,0.0554,3.89,546000.0,1.4376,0.5442,グローバルセキュリティエキスパート,グロース（内国株式）,情報・通信業
4418,2026-09-29,1082.0,-0.0199,-0.05,0.0334,0.6394,0.0427,0.6159,1090.12,874.3867,True,-0.0074,0.556,1946.0,596.0,0.051,2.5988,108200.0,0.6746,0.364,ＪＤＳＣ,グロース（内国株式）,情報・通信業
4419,2026-09-29,1330.0,-0.0206,-0.0554,-0.0828,-0.0221,-0.0734,-0.0456,1387.56,1431.44,True,-0.0415,0.7609,1748.0,754.0,0.0408,4.9496,133000.0,0.5327,0.2911,Ｆｉｎａｔｅｘｔホールディングス,グロース（内国株式）,情報・通信業
441A,2026-09-29,267.0,-0.0148,-0.0148,-0.0291,0.1558,-0.0198,0.1323,270.32,255.2667,False,-0.0123,0.635,420.5,206.0,0.0516,0.1422,26700.0,1.6152,0.2104,ＮＥ,グロース（内国株式）,情報・通信業
4420,2026-09-29,818.0,-0.0012,-0.0073,0.1942,0.0381,0.2035,0.0145,803.64,786.4844,True,0.0179,0.8099,1010.0,460.5984,0.0051,4.7373,81800.0,1.1039,0.1931,イーソル,スタンダード（内国株式）,情報・通信業
4421,2026-09-29,908.0,-0.0141,-0.0452,-0.0422,-0.0639,-0.0329,-0.0875,941.64,933.84,True,-0.0357,0.8225,1104.0,881.0,0.0095,0.0394,90800.0,1.6482,0.7065,ディ・アイ・システム,スタンダード（内国株式）,情報・通信業
4422,2026-09-29,497.0,0.0081,-0.0119,-0.1675,-0.1386,-0.1582,-0.1622,549.72,564.0533,False,-0.0959,0.3049,1630.0,155.3333,0.0585,0.683,49700.0,0.942,0.1823,ＶＡＬＵＥＮＥＸ,グロース（内国株式）,情報・通信業
4424,2026-09-29,309.0,-0.0032,-0.019,-0.0965,0.5073,-0.0872,0.4838,332.04,311.04,True,-0.0694,0.4383,705.0,196.0,0.0432,0.2829,30900.0,0.0433,0.3294,Ａｍａｚｉａ,グロース（内国株式）,情報・通信業
4425,2026-09-29,1406.0,-0.0175,-0.027,-0.0481,-0.2392,-0.0388,-0.2627,1464.48,1684.6267,False,-0.0399,0.4478,3140.0,930.0,0.0432,3.7008,140600.0,0.6197,0.2388,Ｋｕｄａｎ,グロース（内国株式）,情報・通信業
4427,2026-09-29,228.0,0.0459,-0.0172,-0.0044,0.3571,0.0049,0.3336,226.68,206.12,False,0.0058,0.6032,378.0,165.0,0.0815,0.1789,22800.0,2.7502,0.4685,ＥｄｕＬａｂ,グロース（内国株式）,情報・通信業
4428,2026-09-29,704.0,0.0115,-0.0028,-0.0222,0.1246,-0.0129,0.1011,709.44,684.2222,True,-0.0077,0.7282,966.7766,603.1792,0.0173,0.0118,70400.0,0.3174,0.1965,シノプス,グロース（内国株式）,情報・通信業
4429,2026-09-29,739.0,0.0109,0.0068,0.0193,0.0453,0.0286,0.0217,728.36,714.7067,False,0.0146,0.6008,1230.0,685.0,0.0164,0.0173,73900.0,1.5623,0.5024,リックソフト,グロース（内国株式）,情報・通信業
442A,2026-09-29,808.0,-0.0025,0.0632,-0.1755,-0.2094,-0.1662,-0.2329,916.64,992.64,False,-0.1185,0.1995,4050.0,730.0,0.043,0.054,80800.0,2.6432,0.7202,クラシコ,グロース（内国株式）,繊維製品
4430,2026-09-29,1727.0,-0.0075,-0.0193,0.0141,0.0747,0.0234,0.0511,1741.44,1678.3333,True,-0.0083,0.8816,1959.0085,1500.5582,0.016,0.3846,172700.0,0.6854,0.2249,東海ソフト,スタンダード（内国株式）,情報・通信業
4431,2026-09-29,3375.0,0.0105,-0.0203,-0.0453,0.2495,-0.0359,0.226,3432.4,3092.4,True,-0.0167,0.8824,3825.0,1947.9974,0.0448,3.8433,337500.0,0.9823,0.4038,スマレジ,グロース（内国株式）,情報・通信業
4432,2026-09-29,3300.0,0.0,-0.0149,-0.0048,0.4308,0.0045,0.4072,3302.3122,2894.5988,True,-0.0007,0.8983,3673.6518,2180.4914,0.0267,5.1422,330000.0,0.3856,0.3117,ウイングアーク１ｓｔ,プライム（内国株式）,情報・通信業
4433,2026-09-29,846.0,-0.007,-0.0331,-0.05,0.01,-0.0407,-0.0136,865.3417,859.1109,True,-0.0224,0.7743,1092.6248,795.5785,0.0122,0.3954,84600.0,0.7438,0.309,ヒト・コミュニケーションズ・ホールディングス,プライム（内国株式）,サービス業
4434,2026-09-29,2444.0,0.0058,0.0252,0.0029,0.2708,0.0122,0.2473,2447.9793,2211.444,True,-0.0016,0.9113,2682.0,1710.8755,0.0268,1.107,244400.0,0.5354,0.2507,サーバーワークス,スタンダード（内国株式）,情報・通信業
4436,2026-09-29,704.0,0.0144,0.408,0.7087,0.6565,0.7181,0.6329,472.68,450.3333,True,0.4894,0.8341,844.0,402.0,0.0641,1.8098,70400.0,4.3052,0.957,ミンカブ・ジ・インフォノイド,グロース（内国株式）,情報・通信業
4437,2026-09-29,719.0,0.0014,-0.0042,-0.0758,-0.1178,-0.0665,-0.1413,748.4,789.8267,False,-0.0393,0.539,1334.0,581.6571,0.0271,0.0364,71900.0,1.0673,0.2256,ｇｏｏｄｄａｙｓホールディングス,グロース（内国株式）,情報・通信業
4438,2026-09-29,270.0,-0.0426,-0.1718,0.0506,0.1203,0.0599,0.0968,267.56,256.7467,False,0.0091,0.4839,558.0,231.0,0.0812,0.459,27000.0,5.2412,0.7388,Ｗｅｌｂｙ,グロース（内国株式）,情報・通信業
4439,2026-09-29,845.0,0.0096,0.0589,0.1192,0.1683,0.1285,0.1447,791.2304,771.2911,True,0.068,0.7331,1152.6214,671.7717,0.0152,0.0518,84500.0,0.6331,0.7778,東名,スタンダード（内国株式）,情報・通信業
4440,2026-09-29,2278.0,-0.1067,0.0796,0.9224,1.0393,0.9317,1.0158,1930.1577,1388.8228,True,0.1802,0.742,3070.0,984.0523,0.1754,56.9829,227800.0,2.0655,0.2677,ヴィッツ,スタンダード（内国株式）,情報・通信業
4441,2026-09-29,1515.0,-0.0098,0.004,0.0377,0.055,0.047,0.0315,1490.64,1481.0267,True,0.0163,0.8938,1695.0,905.0,0.0449,0.265,151500.0,0.8281,0.2176,トビラシステムズ,スタンダード（内国株式）,情報・通信業
4442,2026-09-29,407.0,0.0,0.0025,0.015,0.0571,0.0243,0.0336,405.08,398.4933,True,0.0047,0.8379,485.7112,366.0,0.0107,0.2167,40700.0,2.1784,0.2525,バルテス・ホールディングス,グロース（内国株式）,情報・通信業
4443,2026-09-29,2031.0,-0.0107,-0.0415,-0.0679,0.3078,-0.0586,0.2842,2120.2,1873.4267,True,-0.0421,0.8624,2355.0,992.4182,0.0402,27.503,203100.0,0.8767,0.2658,Ｓａｎｓａｎ,プライム（内国株式）,情報・通信業
4444,2026-09-29,937.0,-0.0583,-0.0168,-0.0137,0.0783,-0.0044,0.0547,954.92,910.9733,True,-0.0188,0.8162,1148.0,779.0,0.0228,0.0227,93700.0,1.2261,0.3184,インフォネット,グロース（内国株式）,情報・通信業
4445,2026-09-29,1676.0,-0.1574,-0.1514,-0.0891,0.1158,-0.0798,0.0923,1915.64,1745.9467,True,-0.1251,0.8422,1990.0,1435.0,0.0311,0.0675,167600.0,2.0454,0.6003,リビン・テクノロジーズ,グロース（内国株式）,情報・通信業
4446,2026-09-29,710.0,-0.0139,-0.0125,-0.1773,-0.1744,-0.168,-0.198,819.32,802.7733,True,-0.1334,0.3914,1814.0,384.0,0.0852,2.1095,71000.0,2.1109,0.4165,Ｌｉｎｋ－Ｕグループ,スタンダード（内国株式）,情報・通信業
4447,2026-09-29,480.0,-0.0031,-0.04,-0.0514,0.1189,-0.0421,0.0953,497.7638,469.3746,True,-0.0357,0.8271,580.3667,420.0,0.016,0.0886,48000.0,1.9516,0.326,ピー・ビーシステムズ,グロース（内国株式）,情報・通信業
4448,2026-09-29,360.0,-0.0191,-0.0083,0.0256,0.25,0.035,0.2265,357.52,313.8933,True,0.0069,0.7912,455.0,247.0,0.0345,0.3367,36000.0,0.7212,0.3057,ｋｕｂｅｌｌ,グロース（内国株式）,情報・通信業
4450,2026-09-29,2401.0,0.0025,0.0336,0.0354,0.2428,0.0447,0.2192,2330.4,2150.6095,True,0.0303,0.9247,2596.4976,1889.1353,0.0105,0.0653,240100.0,1.3369,0.4944,パワーソリューションズ,グロース（内国株式）,情報・通信業
4452,2026-09-29,3484.0,-0.0037,-0.0026,-0.0373,0.081,-0.028,0.0574,3515.56,3352.454,True,-0.009,0.9212,3782.0,2845.6722,0.0162,92.6003,348400.0,0.819,0.3323,花王,プライム（内国株式）,化学
4461,2026-09-29,14060.0,0.0018,0.1159,0.0144,0.145,0.0237,0.1214,13217.4766,12433.6922,True,0.0637,0.8843,15900.0,5558.5039,0.0544,22.1682,1406000.0,0.7375,0.3469,第一工業製薬,プライム（内国株式）,化学
4462,2026-09-29,2813.0,-0.0088,0.0029,-0.0535,-0.1578,-0.0442,-0.1813,2883.6023,3087.5608,True,-0.0245,0.7259,3875.0,1848.2051,0.0309,1.3171,281300.0,1.6978,0.2362,石原ケミカル,プライム（内国株式）,化学
4463,2026-09-29,1969.0,-0.0135,-0.0145,-0.016,0.1897,-0.0067,0.1662,1995.2,1866.4666,True,-0.0131,0.9188,2143.0,1353.1909,0.0208,0.3111,196900.0,0.942,0.3353,日華化学,スタンダード（内国株式）,化学
4465,2026-09-29,2431.0,-0.0158,-0.0126,-0.009,0.1249,0.0003,0.1014,2416.68,2282.8,True,0.0059,0.93,2613.9904,2042.0,0.0243,0.2219,243100.0,1.7145,0.2979,ニイタカ,スタンダード（内国株式）,化学
446A,2026-09-29,2334.0,0.0009,0.0509,0.1641,0.8509,0.1734,0.8274,2129.32,1684.0667,True,0.0961,0.9693,2408.0,976.0,0.0585,17.3409,233400.0,1.4,0.401,ノースサンド,グロース（内国株式）,サービス業
4471,2026-09-29,1596.0,0.0517,-0.7495,-0.7552,-0.673,-0.7459,-0.6965,5492.6462,5319.6821,True,-0.7094,0.2368,6740.0,1475.282,0.3123,7.5939,159600.0,1.789,1.0001,三洋化成工業,プライム（内国株式）,化学
4475,2026-09-29,1730.0,-0.0215,-0.008,0.0833,0.5189,0.0926,0.4953,1668.4791,1391.9864,True,0.0369,0.9526,1816.0,877.2034,0.0413,11.0488,173000.0,1.0142,0.2604,ＨＥＮＮＧＥ,グロース（内国株式）,情報・通信業
4476,2026-09-29,1088.0,0.0102,0.0102,-0.0645,0.1649,-0.0552,0.1413,1109.12,1045.2667,True,-0.019,0.5806,1874.0,920.0,0.0182,0.1669,108800.0,0.5103,0.2426,ＡＩ　ＣＲＯＳＳ,グロース（内国株式）,情報・通信業
4477,2026-09-29,336.0,0.0,-0.0088,0.0804,0.2632,0.0897,0.2396,335.32,303.04,True,0.002,0.8908,377.197,252.0,0.0098,4.6232,33600.0,0.9151,0.1826,ＢＡＳＥ,グロース（内国株式）,情報・通信業
4478,2026-09-29,3600.0,-0.0055,-0.0769,-0.1489,0.8036,-0.1396,0.7801,3906.8,2903.36,True,-0.0785,0.7852,4585.0,1831.0,0.0487,23.3964,360000.0,0.7465,0.3251,フリー,グロース（内国株式）,情報・通信業
4479,2026-09-29,945.0,-0.0426,-0.0217,0.0238,0.1144,0.0332,0.0908,956.44,903.2,True,-0.012,0.7159,1320.0,675.0,0.0331,0.8094,94500.0,0.3177,0.2014,マクアケ,グロース（内国株式）,情報・通信業
4480,2026-09-29,2308.0,-0.0253,-0.0229,-0.141,0.1414,-0.1317,0.1179,2520.24,2259.5867,True,-0.0842,0.7592,3040.0,1715.0,0.0346,6.9319,230800.0,0.9014,0.1989,メドレー,プライム（内国株式）,情報・通信業
4481,2026-09-29,3180.0,-0.0047,-0.0215,-0.0465,0.1103,-0.0372,0.0868,3287.6,3118.3585,True,-0.0327,0.9072,3505.1095,2742.0062,0.0152,2.0325,318000.0,0.6071,0.2489,ベース,プライム（内国株式）,情報・通信業
4482,2026-09-29,748.0,0.0027,0.0094,0.0177,0.0506,0.027,0.027,739.56,724.3024,True,0.0114,0.9161,816.5169,671.8216,0.0108,0.0616,74800.0,0.8252,0.1611,ウィルズ,グロース（内国株式）,情報・通信業
4483,2026-09-29,3525.0,-0.0167,-0.0167,0.0277,0.2252,0.037,0.2017,3515.8,3232.6267,True,0.0026,0.716,4923.0409,2369.0,0.0298,10.8763,352500.0,0.6857,0.2333,ＪＭＤＣ,プライム（内国株式）,情報・通信業
4484,2026-09-29,281.0,-0.0664,-0.0633,-0.0243,0.0293,-0.015,0.0058,295.24,284.2267,True,-0.0482,0.8677,323.8623,251.0,0.0153,0.0486,28100.0,1.2869,0.5133,ランサーズ,グロース（内国株式）,情報・通信業
4486,2026-09-29,687.0,-0.0043,0.0208,-0.0269,0.0836,-0.0176,0.0601,685.08,660.5333,False,0.0028,0.8908,771.2467,617.0,0.0141,0.0399,68700.0,0.7694,0.3809,ユナイトアンドグロウ,グロース（内国株式）,情報・通信業
4487,2026-09-29,222.0,-0.0177,-0.0348,-0.039,0.0374,-0.0296,0.0138,228.96,223.9467,False,-0.0304,0.5873,378.0,205.0,0.0222,0.0063,22200.0,0.5497,0.2841,スペースマーケット,グロース（内国株式）,情報・通信業
4488,2026-09-29,2065.0,-0.0105,-0.019,-0.0457,0.0044,-0.0364,-0.0192,2165.88,2119.8933,False,-0.0466,0.6091,3390.0,1903.0,0.0242,0.1803,206500.0,0.545,0.2476,ＡＩ　ｉｎｓｉｄｅ,グロース（内国株式）,情報・通信業
4490,2026-09-29,674.0,-0.0015,0.0212,0.0353,0.1424,0.0446,0.1188,659.44,638.2267,False,0.0221,0.8342,808.0,445.0,0.0249,0.0604,67400.0,0.4571,0.3813,ビザスク,グロース（内国株式）,情報・通信業
4491,2026-09-29,3050.0,-0.0963,-0.0673,-0.0658,-0.0129,-0.0565,-0.0365,3290.0,3163.64,True,-0.0729,0.8084,3773.0,2425.5,0.0201,0.1522,305000.0,2.0894,0.586,コンピューターマネージメント,スタンダード（内国株式）,情報・通信業
4492,2026-09-29,386.0,-0.0052,-0.0302,0.0212,-0.0446,0.0305,-0.0681,391.1631,396.4144,True,-0.0132,0.7822,493.4857,345.0,0.0255,0.1716,38600.0,0.4836,0.2431,ゼネテック,スタンダード（内国株式）,情報・通信業
4493,2026-09-29,1927.0,0.0142,-0.0268,0.0416,0.0949,0.0509,0.0713,1875.2,1836.7733,True,0.0276,0.9017,2137.09,1448.0,0.0416,4.3015,192700.0,1.6715,0.4459,サイバーセキュリティクラウド,グロース（内国株式）,情報・通信業
4495,2026-09-29,2050.0,-0.0139,-0.0049,-0.0034,0.1939,0.0059,0.1704,2036.48,1922.6914,True,0.0066,0.6998,2929.3356,1709.0,0.0198,0.173,205000.0,1.2325,0.4,アイキューブドシステムズ,グロース（内国株式）,情報・通信業
4496,2026-09-29,748.0,0.0013,-0.0336,-0.0386,0.0027,-0.0292,-0.0209,771.0422,787.5607,True,-0.0299,0.8749,855.0,675.0,0.0233,0.0351,74800.0,0.4955,0.3679,コマースＯｎｅホールディングス,グロース（内国株式）,情報・通信業
4498,2026-09-29,1123.0,-0.0201,-0.0402,-0.1368,0.0237,-0.1275,0.0002,1239.0,1206.7867,True,-0.0936,0.7101,1581.4849,1030.0,0.0419,0.8844,112300.0,1.7099,0.3803,サイバートラスト,グロース（内国株式）,情報・通信業
4499,2026-09-29,2166.0,-0.0226,-0.0243,-0.1627,-0.036,-0.1534,-0.0596,2396.32,2331.7067,False,-0.0961,0.587,3690.0,1983.0,0.0439,2.3208,216600.0,0.6914,0.2134,Ｓｐｅｅｅ,スタンダード（内国株式）,情報・通信業
4502,2026-09-29,5739.0,-0.0153,-0.0348,-0.0121,0.1133,-0.0027,0.0897,5799.0041,5511.4014,True,-0.0103,0.9513,6033.0,4031.7603,0.0192,252.3083,573900.0,1.1443,0.4134,武田薬品工業,プライム（内国株式）,医薬品
4503,2026-09-29,2294.0,-0.0086,-0.03,-0.0406,0.0547,-0.0313,0.0312,2343.246,2247.3487,True,-0.021,0.8443,2717.0,1534.2226,0.0203,144.2277,229400.0,0.9639,0.4386,アステラス製薬,プライム（内国株式）,医薬品
4506,2026-09-29,1563.0,-0.0126,-0.0219,0.0847,0.0413,0.094,0.0178,1552.08,1439.8267,True,0.007,0.4754,3288.0,1188.0,0.0356,60.4577,156300.0,0.8213,0.2344,住友ファーマ,プライム（内国株式）,医薬品
4507,2026-09-29,2838.5,-0.0144,-0.0483,-0.0244,0.0177,-0.0151,-0.0058,2906.8298,2862.1166,False,-0.0235,0.7553,3758.0,2366.6352,0.0209,80.1558,283850.0,1.0539,0.3322,塩野義製薬,プライム（内国株式）,医薬品
4512,2026-09-29,294.0,-0.0101,-0.0167,-0.0455,0.0929,-0.0361,0.0694,301.52,278.9333,True,-0.0249,0.7813,376.2953,240.0,0.0216,0.1251,29400.0,0.7027,0.2517,わかもと製薬,スタンダード（内国株式）,医薬品
4516,2026-09-29,3410.0,-0.0122,-0.0201,-0.0523,-0.1509,-0.0429,-0.1744,3480.6492,3743.4697,False,-0.0203,0.5284,6453.5764,3150.1834,0.0135,14.5629,341000.0,1.0671,0.3109,日本新薬,プライム（内国株式）,医薬品
4519,2026-09-29,6096.0,-0.0418,-0.088,-0.1225,-0.1909,-0.1132,-0.2144,6690.28,7051.5558,False,-0.0888,0.5748,10605.004,6086.0,0.0258,177.9051,609600.0,1.1116,0.4557,中外製薬,プライム（内国株式）,医薬品
4521,2026-09-29,3820.0,0.0,-0.0462,-0.0426,-0.0065,-0.0333,-0.03,3927.9029,3887.5676,False,-0.0275,0.879,4345.7582,3460.9636,0.0132,4.2408,382000.0,0.8675,0.4051,科研製薬,プライム（内国株式）,医薬品
4523,2026-09-29,4811.0,-0.0062,-0.0287,-0.0019,0.168,0.0074,0.1445,4782.7502,4516.7567,True,0.0059,0.9194,5233.0,3660.0,0.0186,59.0298,481100.0,0.8785,0.4248,エーザイ,プライム（内国株式）,医薬品
4524,2026-09-29,2243.0,-0.0097,-0.0009,-0.0004,0.0408,0.0089,0.0173,2243.64,2204.9733,True,-0.0003,0.9654,2323.3549,2041.4414,0.0039,0.0258,224300.0,1.2777,0.3301,森下仁丹,スタンダード（内国株式）,医薬品
4526,2026-09-29,3160.0,-0.0322,-0.0567,-0.0801,0.0327,-0.0707,0.0091,3325.3867,3192.5422,True,-0.0497,0.9107,3470.0,2662.0,0.0171,3.7236,316000.0,1.8937,0.4523,理研ビタミン,プライム（内国株式）,食料品
4527,2026-09-29,2782.5,-0.0004,-0.0235,-0.0972,0.1657,-0.0879,0.1421,2905.8453,2614.8218,True,-0.0424,0.8913,3122.0,2195.5057,0.0223,30.3568,278250.0,0.9023,0.3122,ロート製薬,プライム（内国株式）,医薬品
4528,2026-09-29,2333.5,-0.0152,-0.0238,-0.0499,-0.0228,-0.0406,-0.0464,2409.2597,2388.8399,True,-0.0314,0.8864,2632.5308,1609.4782,0.0195,34.5158,233350.0,1.0322,0.2791,小野薬品工業,プライム（内国株式）,医薬品
4531,2026-09-29,361.0,-0.0137,0.0169,-0.0082,0.0028,0.0011,-0.0208,360.12,356.4667,True,0.0024,0.5783,624.1975,267.2346,0.0182,0.1218,36100.0,0.4152,0.3804,有機合成薬品工業,スタンダード（内国株式）,化学
4534,2026-09-29,3185.0,-0.0101,-0.0435,-0.0319,-0.0016,-0.0226,-0.0251,3253.4687,3196.2229,False,-0.021,0.8121,3922.019,2897.2494,0.0157,1.3555,318500.0,0.7902,0.409,持田製薬,プライム（内国株式）,医薬品
4536,2026-09-29,1664.5,-0.0145,-0.0575,-0.1061,-0.2196,-0.0968,-0.2432,1793.3883,1935.5361,False,-0.0719,0.7385,2254.0,1442.4981,0.0233,25.9478,166450.0,1.2683,0.3016,参天製薬,プライム（内国株式）,医薬品
4538,2026-09-29,2199.0,-0.0108,-0.0326,-0.0476,0.0486,-0.0383,0.0251,2255.0757,2187.1052,True,-0.0249,0.8856,2483.0322,1990.0,0.0163,0.3132,219900.0,1.1818,0.3014,扶桑薬品工業,プライム（内国株式）,医薬品
4539,2026-09-29,1562.0,-0.0201,-0.012,-0.0076,-0.0019,0.0017,-0.0255,1568.92,1582.8,False,-0.0044,0.8649,1806.0,1460.4311,0.015,0.0571,156200.0,1.2333,0.2433,日本ケミファ,スタンダード（内国株式）,医薬品
4540,2026-09-29,3797.0,0.005,-0.0229,-0.0084,0.021,0.001,-0.0026,3770.2025,3779.6275,False,0.0071,0.8803,4313.1893,3373.7506,0.0143,21.8696,379700.0,1.324,0.4151,ツムラ,プライム（内国株式）,医薬品
4543,2026-09-29,2277.5,0.0026,-0.0061,-0.1104,0.0195,-0.101,-0.0041,2386.9025,2332.3075,True,-0.0458,0.847,2689.0,1886.6291,0.0226,108.0027,227750.0,1.0643,0.2317,テルモ,プライム（内国株式）,精密機器
4544,2026-09-29,3482.0,-0.0074,-0.0424,-0.0437,0.0568,-0.0344,0.0332,3544.6282,3437.0494,True,-0.0177,0.8673,4014.5518,2888.0645,0.0198,7.5521,348200.0,0.9053,0.438,Ｈ．Ｕ．グループホールディングス,プライム（内国株式）,サービス業
4547,2026-09-29,3735.0,-0.0132,-0.0709,-0.0901,-0.0868,-0.0808,-0.1103,4011.1625,4058.5208,True,-0.0688,0.7561,4940.0,3500.0,0.0179,2.6081,373500.0,1.109,0.5004,キッセイ薬品工業,プライム（内国株式）,医薬品
4548,2026-09-29,595.0,0.0,-0.1327,-0.1736,-0.1702,-0.1643,-0.1937,684.9944,709.8648,False,-0.1314,0.7256,820.0,591.0984,0.0313,2.9541,59500.0,3.0159,0.5255,生化学工業,プライム（内国株式）,医薬品
4549,2026-09-29,2251.0,-0.031,-0.0466,-0.0243,-0.1159,-0.015,-0.1394,2310.243,2425.041,False,-0.0256,0.6431,3500.0,2021.0,0.0226,4.6061,225100.0,0.6471,0.36,栄研化学,プライム（内国株式）,医薬品
4552,2026-09-29,497.0,-0.008,-0.035,-0.0658,0.0734,-0.0565,0.0499,520.1247,497.2949,True,-0.0445,0.6134,810.2895,444.0,0.0249,2.2134,49700.0,0.799,0.2489,ＪＣＲファーマ,プライム（内国株式）,医薬品
4553,2026-09-29,3595.0,-0.0137,-0.0515,-0.0852,-0.0577,-0.0759,-0.0812,3699.7826,3854.3942,False,-0.0283,0.8007,4490.0,2737.7389,0.0272,4.178,359500.0,0.9837,0.3786,東和薬品,プライム（内国株式）,医薬品
4554,2026-09-29,1765.0,-0.004,-0.0531,-0.0521,-0.1144,-0.0428,-0.1379,1795.0807,1919.8802,False,-0.0168,0.69,2558.0,1464.5423,0.0198,1.7221,176500.0,0.9241,0.4254,富士製薬工業,プライム（内国株式）,医薬品
4558,2026-09-29,199.0,0.0076,-0.005,-0.005,0.0102,0.0043,-0.0134,200.5,199.5267,True,-0.0075,0.8564,232.3624,196.5125,0.0061,0.022,19900.0,0.5775,0.3701,中京医薬品,スタンダード（内国株式）,医薬品
4559,2026-09-29,1967.0,-0.0111,-0.032,-0.0438,-0.0363,-0.0344,-0.0598,2019.1501,2058.41,False,-0.0258,0.8081,2434.0,1856.9932,0.0111,3.54,196700.0,1.4268,0.3199,ゼリア新薬工業,プライム（内国株式）,医薬品
4563,2026-09-29,36.0,0.0,0.0286,-0.0769,-0.234,-0.0676,-0.2576,37.72,44.28,False,-0.0456,0.3871,93.0,34.0,0.0417,0.5197,3600.0,0.9995,0.2667,アンジェス,グロース（内国株式）,医薬品
4564,2026-09-29,21.0,0.05,-0.0455,-0.0455,0.1667,-0.0361,0.1431,21.68,20.3733,True,-0.0314,0.6176,34.0,18.0,0.0578,33.7133,2100.0,0.8291,0.2471,オンコセラピー・サイエンス,グロース（内国株式）,医薬品
4565,2026-09-29,1199.0,-0.0212,-0.0529,0.0802,0.2111,0.0895,0.1876,1183.84,1031.3067,True,0.0128,0.909,1319.0,723.0,0.0482,16.0972,119900.0,1.1358,0.2457,ネクセラファーマ,プライム（内国株式）,医薬品
4568,2026-09-29,2784.5,0.0016,-0.0506,-0.0353,0.0675,-0.026,0.0439,2832.9947,2727.3649,True,-0.0171,0.6755,4122.3887,2390.0,0.0268,180.0277,278450.0,1.0726,0.3688,第一三共,プライム（内国株式）,医薬品
4569,2026-09-29,1108.0,-0.0142,-0.0332,-0.053,-0.0415,-0.0437,-0.0651,1140.0004,1144.4801,False,-0.0281,0.6427,1724.0,1052.0,0.0193,3.1087,110800.0,0.88,0.3038,杏林製薬,プライム（内国株式）,医薬品
456A,2026-09-29,1929.0,-0.0193,0.2071,0.2201,0.28,0.2294,0.2565,1604.96,1522.2667,True,0.2019,0.9554,2019.0,762.5,0.056,13.4007,192900.0,2.0584,0.6328,ＨＵＭＡＮ　ＭＡＤＥ,グロース（内国株式）,小売業
4570,2026-09-29,1155.0,-0.0103,0.0087,0.0616,0.1994,0.0709,0.1758,1118.76,1021.5733,True,0.0324,0.3037,3803.687,462.0185,0.0477,1.834,115500.0,1.1061,0.2394,免疫生物研究所,グロース（内国株式）,医薬品
4571,2026-09-29,96.0,-0.0204,-0.0303,-0.0769,-0.0495,-0.0676,-0.073,101.0,100.92,False,-0.0495,0.378,254.0,93.0,0.0283,0.3281,9600.0,0.7929,0.2211,ＮＡＮＯホールディングス,グロース（内国株式）,医薬品
4572,2026-09-29,433.0,-0.0463,-0.0356,0.0744,0.2735,0.0838,0.25,427.44,364.52,False,0.013,0.8457,512.0,200.0,0.0422,0.5125,43300.0,0.6888,0.2406,カルナバイオサイエンス,グロース（内国株式）,医薬品
4574,2026-09-29,256.0,-0.0303,-0.0078,-0.0303,-0.0954,-0.021,-0.1189,258.56,262.4133,False,-0.0099,0.8076,317.0,246.0,0.0193,0.2116,25600.0,0.7567,0.3449,大幸薬品,プライム（内国株式）,医薬品
4575,2026-09-29,707.0,-0.0167,-0.0433,-0.1663,0.1922,-0.157,0.1687,779.68,713.3867,True,-0.0932,0.5368,1317.0,506.0,0.0368,1.3302,70700.0,0.4254,0.2423,キャンバス,グロース（内国株式）,医薬品
4576,2026-09-29,74.0,0.0571,0.0882,-0.1591,0.0,-0.1498,-0.0235,82.08,78.5333,True,-0.0984,0.4088,181.0,66.0,0.0541,0.3129,7400.0,1.5021,0.55,デ・ウエスタン・セラピテクス研究所,グロース（内国株式）,医薬品
4577,2026-09-29,1315.0,-0.0259,-0.0083,-0.0471,0.0674,-0.0378,0.0438,1320.36,1279.1733,True,-0.0041,0.879,1496.0451,1106.0222,0.0197,0.9965,131500.0,1.0114,0.4782,ダイト,プライム（内国株式）,医薬品
4578,2026-09-29,11400.0,0.0289,0.0147,-0.064,0.0551,-0.0547,0.0315,11712.2,11392.1532,True,-0.0267,0.891,12795.0,7527.0221,0.027,155.3298,1140000.0,1.1113,0.2602,大塚ホールディングス,プライム（内国株式）,医薬品
4579,2026-09-29,594.0,-0.0034,0.0206,0.0385,0.2558,0.0478,0.2323,566.6,512.9867,True,0.0484,0.4055,1465.0,438.0,0.0303,0.6988,59400.0,1.0275,0.4222,ラクオリア創薬,グロース（内国株式）,医薬品
4582,2026-09-29,55.0,-0.0351,0.0,-0.127,-0.2029,-0.1177,-0.2264,59.4,66.4,False,-0.0741,0.2402,229.0,53.0,0.0481,0.4023,5500.0,1.0838,0.1892,シンバイオ製薬,グロース（内国株式）,医薬品
4583,2026-09-29,109.0,0.0381,0.1596,0.2824,0.3797,0.2917,0.3562,91.8,78.9333,True,0.1874,0.7676,142.0,65.0,0.0826,3.4486,10900.0,1.3083,0.3222,カイオム・バイオサイエンス,グロース（内国株式）,医薬品
4584,2026-09-29,161.0,-0.0301,0.0063,-0.0955,0.1338,-0.0862,0.1103,167.84,153.2,False,-0.0408,0.5031,320.0,125.0,0.0324,0.4684,16100.0,0.7692,0.1918,キッズウェル・バイオ,グロース（内国株式）,医薬品
4586,2026-09-29,60.0,0.0345,0.0169,-0.1045,0.0909,-0.0952,0.0674,61.64,60.1867,False,-0.0266,0.2667,225.0,48.0,0.0369,0.5075,6000.0,0.297,0.1806,メドレックス,グロース（内国株式）,医薬品
4587,2026-09-29,1053.5,-0.0117,0.0043,-0.0488,-0.0103,-0.0394,-0.0339,1080.3,1021.0907,False,-0.0248,0.5876,1793.0,906.4,0.0291,7.582,105350.0,0.7618,0.1842,ペプチドリーム,プライム（内国株式）,医薬品
4588,2026-09-29,5630.0,-0.0123,-0.1063,0.3698,0.904,0.3791,0.8804,5132.8,3531.4133,True,0.0969,0.8219,6850.0,601.0,0.1184,116.0014,563000.0,1.7098,0.2356,オンコリスバイオファーマ,グロース（内国株式）,医薬品
4591,2026-09-29,78.0,0.013,0.0,-0.1136,0.2787,-0.1043,0.2551,82.96,74.64,True,-0.0598,0.65,120.0,57.0,0.0357,0.6272,7800.0,0.2106,0.2872,リボミック,グロース（内国株式）,医薬品
4592,2026-09-29,917.0,-0.0265,0.0011,-0.0894,-0.0812,-0.0801,-0.1047,949.4,994.8533,False,-0.0341,0.2298,3990.0,858.0,0.0411,8.7706,91700.0,1.0329,0.3049,サンバイオ,グロース（内国株式）,医薬品
4593,2026-09-29,274.0,-0.042,-0.0774,-0.0486,0.083,-0.0393,0.0595,286.92,264.56,False,-0.045,0.4363,628.0,208.0,0.0503,5.3919,27400.0,0.9484,0.3047,ヘリオス,グロース（内国株式）,医薬品
4594,2026-09-29,49.0,0.0,-0.1404,-0.0926,0.0652,-0.0833,0.0417,54.36,50.1733,True,-0.0986,0.5104,96.0,43.0,0.086,1.0787,4900.0,1.2941,0.3322,ブライトパス・バイオ,グロース（内国株式）,医薬品
4595,2026-09-29,1725.0,-0.0115,-0.0069,-0.0029,0.0461,0.0064,0.0225,1725.48,1683.7026,True,-0.0003,0.921,1873.0006,1494.3165,0.009,1.1044,172500.0,0.7122,0.4323,ミズホメディー,スタンダード（内国株式）,医薬品
4596,2026-09-29,66.0,0.0,0.0,-0.0435,0.2,-0.0342,0.1765,66.24,64.5867,True,-0.0036,0.1886,350.0,41.0,0.0357,0.7622,6600.0,0.2368,0.1273,窪田製薬ホールディングス,グロース（内国株式）,医薬品
4597,2026-09-29,30.0,0.0,0.0345,0.0,0.1538,0.0093,0.1303,29.72,28.04,True,0.0094,0.7143,42.0,21.0,0.0548,18.8943,3000.0,0.772,0.2435,ソレイジア・ファーマ,グロース（内国株式）,医薬品
4598,2026-09-29,114.0,-0.0172,0.0364,0.0962,-0.1163,0.1055,-0.1398,114.68,117.6,False,-0.0059,0.1629,700.0,92.0,0.0915,4.3559,11400.0,0.5634,0.1534,Ｄｅｌｔａ－Ｆｌｙ　Ｐｈａｒｍａ,グロース（内国株式）,医薬品
4599,2026-09-29,166.0,-0.0349,-0.0292,-0.5271,-0.4877,-0.5178,-0.5112,268.6,295.24,False,-0.382,0.4511,368.0,165.0,0.1226,1.6574,16600.0,2.847,0.2211,ステムリム,グロース（内国株式）,医薬品
460A,2026-09-29,1216.0,-0.0016,0.0279,0.1783,0.3771,0.1876,0.3536,1105.12,972.88,True,0.1003,0.6997,1738.0,555.0,0.0639,0.5162,121600.0,2.8338,0.5525,ＢＲＡＮＵ,グロース（内国株式）,情報・通信業
4611,2026-09-29,1553.0,-0.0177,-0.0294,-0.0038,0.1633,0.0055,0.1398,1559.4,1441.52,True,-0.0041,0.9418,1649.0,1152.1525,0.0181,1.1485,155300.0,0.8752,0.398,大日本塗料,プライム（内国株式）,化学
4612,2026-09-29,1165.0,-0.0185,0.0082,-0.0218,0.1064,-0.0125,0.0828,1158.6,1135.5658,True,0.0055,0.9084,1282.5,935.2463,0.0212,38.9927,116500.0,0.9307,0.5133,日本ペイントホールディングス,プライム（内国株式）,化学
4613,2026-09-29,2770.0,-0.0109,-0.0435,-0.0357,0.0459,-0.0264,0.0223,2842.4592,2769.0264,True,-0.0255,0.8962,3091.0,2224.5,0.0159,23.7287,277000.0,1.102,0.3649,関西ペイント,プライム（内国株式）,化学
4615,2026-09-29,132.0,0.0,0.0154,-0.0149,0.0312,-0.0056,0.0077,131.8,129.5867,True,0.0015,0.9706,136.0,119.0,0.013,0.0279,13200.0,0.8417,0.175,神東塗料,スタンダード（内国株式）,化学
4616,2026-09-29,2598.0,0.007,0.0351,0.2169,0.4181,0.2262,0.3946,2386.6,2091.6533,True,0.0886,0.9665,2688.0,1765.0,0.0141,0.102,259800.0,0.7853,0.3466,川上塗料,スタンダード（内国株式）,化学
4617,2026-09-29,3510.0,-0.0085,-0.0196,-0.0384,0.0604,-0.029,0.0369,3536.8418,3551.6139,True,-0.0076,0.7422,4729.4303,2894.0,0.0274,5.8041,351000.0,0.8529,0.2807,中国塗料,プライム（内国株式）,化学
4619,2026-09-29,2618.0,-0.0128,-0.0354,-0.0336,0.115,-0.0243,0.0914,2671.3779,2518.4593,True,-0.02,0.9482,2761.0,1963.6023,0.0156,0.808,261800.0,0.9415,0.4032,日本特殊塗料,スタンダード（内国株式）,化学
4620,2026-09-29,1065.0,-0.0009,0.0431,0.1059,0.028,0.1152,0.0044,984.7963,987.5454,False,0.0814,0.808,1318.0,570.3327,0.0308,1.2693,106500.0,1.008,0.4686,藤倉化成,スタンダード（内国株式）,化学
4623,2026-09-29,1840.0,-0.0129,-0.0086,-0.0275,0.0817,-0.0182,0.0582,1861.0552,1773.5784,True,-0.0113,0.971,1895.0,1680.5172,0.0153,0.0404,184000.0,0.4182,0.2601,アサヒペン,スタンダード（内国株式）,化学
4624,2026-09-29,4000.0,0.0063,0.0063,-0.0256,0.1852,-0.0163,0.1616,4036.7712,3707.0571,True,-0.0091,0.9366,4270.788,3345.0,0.0163,0.0447,400000.0,0.6958,0.3445,イサム塗料,スタンダード（内国株式）,化学
4625,2026-09-29,919.0,0.0431,0.0326,0.1487,0.2555,0.1581,0.2319,846.72,781.84,True,0.0854,0.9051,1015.3864,643.0455,0.0271,0.1126,91900.0,1.6973,0.3169,アトミクス,スタンダード（内国株式）,化学
4626,2026-09-29,4777.0,-0.001,0.0099,0.0057,-0.0381,0.015,-0.0616,4739.96,4864.8,False,0.0078,0.7613,6275.0,3700.0,0.0048,13.8965,477700.0,0.8829,0.4378,太陽ホールディングス,プライム（内国株式）,化学
4627,2026-09-29,2045.0,0.0034,0.045,0.0907,0.1249,0.1,0.1013,1919.4,1816.6933,True,0.0654,0.9927,2060.0,1424.1755,0.0233,0.3007,204500.0,0.8071,0.3784,ナトコ,スタンダード（内国株式）,化学
4628,2026-09-29,10100.0,0.0,0.01,0.099,0.0779,0.1083,0.0544,9651.2,9309.2,False,0.0465,0.8783,11500.0,8575.4946,0.0221,1.3547,1010000.0,0.9901,0.3578,エスケー化研,スタンダード（内国株式）,化学
462A,2026-09-29,250.0,-0.004,-0.004,-0.3369,0.0121,-0.3276,-0.0114,283.6,261.0267,False,-0.1185,0.1723,1451.0,202.0,0.0669,2.14,25000.0,0.3914,0.2333,ＦＵＮＤＩＮＮＯ,グロース（内国株式）,証券、商品先物取引業
4631,2026-09-29,4805.0,0.0002,-0.0078,-0.0438,-0.0015,-0.0345,-0.025,4874.08,4849.1376,True,-0.0142,0.8177,5876.0,3321.4199,0.026,30.5783,480500.0,0.8313,0.3156,ＤＩＣ,プライム（内国株式）,化学
4633,2026-09-29,2636.0,-0.0064,-0.0153,-0.006,0.1122,0.0033,0.0887,2627.12,2516.837,True,0.0034,0.9705,2716.0,2086.2987,0.0201,3.3511,263600.0,0.8091,0.3897,サカタインクス,プライム（内国株式）,化学
4634,2026-09-29,5090.0,0.002,-0.0155,-0.0078,0.1796,0.0015,0.1561,5074.8,4668.9606,True,0.003,0.9751,5220.0,2930.3146,0.0225,6.66,509000.0,0.9413,0.2537,ａｒｔｉｅｎｃｅ,プライム（内国株式）,化学
4635,2026-09-29,2012.0,0.0162,-0.0355,-0.0455,0.4993,-0.0362,0.4757,2091.4298,1698.5566,True,-0.038,0.9104,2210.0,1192.0,0.0242,0.6615,201200.0,0.7049,0.2751,東京インキ,スタンダード（内国株式）,化学
463A,2026-09-29,1006.0,-0.0214,-0.0137,0.0111,0.1316,0.0204,0.1081,1005.68,946.76,True,0.0003,0.8771,1146.949,852.0,0.016,0.1374,100600.0,0.8607,0.2489,インテリックスホールディングス,スタンダード（内国株式）,不動産業
4641,2026-09-29,874.0,-0.0102,-0.0057,0.0116,0.1485,0.0209,0.1249,867.16,820.0975,True,0.0079,0.9475,922.4118,730.2641,0.0141,0.8073,87400.0,0.8457,0.407,アルプス技研,プライム（内国株式）,サービス業
4642,2026-09-29,1400.0,-0.0028,-0.0036,-0.0071,-0.0162,0.0022,-0.0397,1409.8,1418.7333,False,-0.007,0.6671,2098.5507,1373.2947,0.0094,0.0214,140000.0,0.8297,0.2739,オリジナル設計,スタンダード（内国株式）,サービス業
4644,2026-09-29,1026.0,0.0088,-0.0302,-0.0411,-0.0039,-0.0318,-0.0274,1052.864,1045.8213,True,-0.0255,0.9553,1074.0,991.3777,0.0081,0.3855,102600.0,3.3304,0.5505,イマジニア,スタンダード（内国株式）,情報・通信業
4645,2026-09-29,445.0,0.0091,0.0183,0.0183,0.0446,0.0276,0.0211,436.52,432.56,True,0.0194,0.9582,464.421,414.0,0.0074,0.0056,44500.0,1.2527,0.3043,市進ホールディングス,スタンダード（内国株式）,サービス業
464A,2026-09-29,1691.0,-0.0076,0.0,-0.0923,-0.1319,-0.083,-0.1555,1740.28,1826.8133,False,-0.0283,0.377,4485.0,1351.0,0.0423,20.4211,169100.0,0.6819,0.3357,ＱＰＳホールディングス,グロース（内国株式）,情報・通信業
4650,2026-09-29,271.0,0.0037,0.0074,0.0188,0.0383,0.0281,0.0148,269.64,267.44,True,0.005,0.8549,317.0,260.0,0.009,0.0088,27100.0,1.4554,0.1647,ＳＤエンターテイメント,スタンダード（内国株式）,サービス業
4651,2026-09-29,245.0,-0.0239,-0.0081,-0.1219,0.0746,-0.1125,0.051,264.2,253.3467,True,-0.0727,0.7704,318.0,190.1538,0.0268,0.6147,24500.0,1.008,0.3804,サニックスホールディングス,スタンダード（内国株式）,サービス業
4657,2026-09-29,462.0,0.0022,0.0199,-0.0191,-0.0022,-0.0098,-0.0257,465.24,460.5045,True,-0.007,0.8415,549.0179,398.75,0.0145,0.0237,46200.0,0.5284,0.3128,環境管理センター,スタンダード（内国株式）,サービス業
4658,2026-09-29,1581.0,-0.0116,-0.0561,0.0128,-0.0013,0.0221,-0.0248,1575.9548,1576.4916,True,0.0032,0.93,1700.0747,1109.213,0.0234,3.0921,158100.0,2.0379,0.4841,日本空調サービス,プライム（内国株式）,サービス業
4661,2026-09-29,2889.0,-0.0017,-0.0583,-0.0415,0.1602,-0.0322,0.1367,3041.2067,2787.5689,True,-0.05,0.7842,3683.7888,2103.0,0.0287,162.8072,288900.0,0.9461,0.3774,オリエンタルランド,プライム（内国株式）,サービス業
4662,2026-09-29,1597.0,-0.0111,-0.0244,-0.0443,-0.0056,-0.035,-0.0291,1646.0729,1666.7976,True,-0.0298,0.7332,2178.1225,1491.4667,0.014,0.5967,159700.0,0.7073,0.2813,フォーカスシステムズ,プライム（内国株式）,情報・通信業
4664,2026-09-29,1133.0,0.0125,0.0071,0.1609,0.0281,0.1702,0.0046,1079.2854,975.7485,True,0.0498,0.6279,1804.4765,585.1028,0.0676,1.0522,113300.0,0.8327,0.3046,アール・エス・シー,スタンダード（内国株式）,サービス業
4665,2026-09-29,4642.0,-0.0054,-0.0221,-0.009,0.0649,0.0003,0.0414,4667.5721,4496.964,True,-0.0055,0.9746,4763.0,3602.5086,0.013,5.7167,464200.0,1.3816,0.344,ダスキン,プライム（内国株式）,サービス業
4666,2026-09-29,1859.0,-0.0481,-0.0842,-0.0639,-0.0765,-0.0546,-0.1,1995.58,1996.6133,True,-0.0684,0.7975,2331.0,1694.0,0.0237,25.1066,185900.0,1.3771,0.4391,パーク２４,プライム（内国株式）,不動産業
4667,2026-09-29,1032.0,-0.0604,-0.677,-0.5309,-0.4843,-0.5216,-0.5078,2677.2133,2196.8978,True,-0.6145,0.2517,4100.0,1005.0,0.4874,34.9078,103200.0,1.6603,0.5855,アイサンテクノロジー,スタンダード（内国株式）,情報・通信業
4668,2026-09-29,751.0,-0.0092,-0.0157,-0.0409,0.1077,-0.0316,0.0841,767.3871,736.5983,True,-0.0214,0.9473,792.812,657.406,0.0119,0.8108,75100.0,0.5209,0.1904,明光ネットワークジャパン,プライム（内国株式）,サービス業
4671,2026-09-29,2700.0,-0.015,-0.0838,-0.0651,0.0473,-0.0558,0.0238,2869.8762,2727.9321,True,-0.0592,0.9109,2964.0,2405.965,0.0192,0.4242,270000.0,1.0693,0.4755,ファルコホールディングス,スタンダード（内国株式）,サービス業
4673,2026-09-29,4945.0,-0.001,0.0196,-0.005,0.0477,0.0043,0.0241,4858.8,4715.7333,True,0.0177,0.7802,6337.8931,3720.6501,0.0165,0.1099,494500.0,0.3496,0.4053,川崎地質,スタンダード（内国株式）,サービス業
4674,2026-09-29,1852.0,0.0093,0.0016,-0.0791,0.2825,-0.0697,0.259,1894.8144,1697.2981,True,-0.0226,0.8786,2108.0,1347.0,0.0285,3.3291,185200.0,0.9131,0.3065,クレスコ,プライム（内国株式）,情報・通信業
4676,2026-09-29,3892.0,-0.026,-0.0631,-0.0463,0.0165,-0.037,-0.0071,4093.92,4068.36,True,-0.0493,0.8715,4466.0,3046.1559,0.021,22.9541,389200.0,1.0822,0.3481,フジ・メディア・ホールディングス,プライム（内国株式）,情報・通信業
4678,2026-09-29,330.0,-0.003,-0.012,0.0,0.068,0.0093,0.0444,331.76,321.4533,True,-0.0053,0.9296,355.0,264.9942,0.0123,0.0133,33000.0,1.0234,0.1965,秀英予備校,スタンダード（内国株式）,サービス業
4679,2026-09-29,263.0,-0.0075,-0.0075,0.0038,0.0735,0.0131,0.0499,263.68,256.36,True,-0.0026,0.6675,394.0,216.0,0.0125,0.0103,26300.0,1.6347,0.2739,田谷,スタンダード（内国株式）,サービス業
4680,2026-09-29,1222.5,0.0037,0.0343,-0.0735,0.0521,-0.0642,0.0285,1253.651,1218.536,True,-0.0248,0.8676,1409.0,784.9836,0.0407,28.917,122250.0,0.8066,0.224,ラウンドワン,プライム（内国株式）,サービス業
4681,2026-09-29,1750.5,-0.0079,-0.0237,-0.0686,0.0063,-0.0593,-0.0172,1813.4566,1775.1322,True,-0.0347,0.8517,2055.3942,1590.5,0.0171,7.6552,175050.0,0.8527,0.2628,リゾートトラスト,プライム（内国株式）,サービス業
4684,2026-09-29,4988.0,0.0097,-0.0241,0.0353,0.3047,0.0446,0.2812,4957.2257,4444.9019,True,0.0062,0.9168,5440.6669,3643.0,0.0256,101.1624,498800.0,0.89,0.283,オービック,プライム（内国株式）,情報・通信業
4685,2026-09-29,2717.0,-0.0029,0.0059,-0.0004,0.0108,0.0089,-0.0128,2695.9178,2746.6526,False,0.0078,0.6264,4337.1715,2467.0,0.0148,0.5453,271700.0,0.5974,0.3774,菱友システムズ,スタンダード（内国株式）,情報・通信業
4686,2026-09-29,4410.0,0.0,0.0057,0.0652,0.2049,0.0745,0.1814,4250.6054,3993.4018,True,0.0375,0.8279,5327.0058,3305.7306,0.0233,4.7543,441000.0,1.454,0.2966,ジャストシステム,プライム（内国株式）,情報・通信業
4687,2026-09-29,1068.0,-0.0028,0.0133,0.044,0.184,0.0533,0.1605,1044.72,993.8667,True,0.0223,0.7459,1431.9154,846.0,0.0207,0.8798,106800.0,0.7892,0.2845,ＴＤＣソフト,プライム（内国株式）,情報・通信業
4689,2026-09-29,516.9,0.0021,-0.0666,-0.0602,0.1916,-0.0509,0.168,537.832,476.576,True,-0.0389,0.9054,570.9,358.1809,0.0307,107.7191,51690.0024,1.1506,0.3993,ＬＩＮＥヤフー,プライム（内国株式）,情報・通信業
4691,2026-09-29,1980.0,-0.0169,-0.0304,-0.1578,-0.2311,-0.1485,-0.2546,2171.8,2297.0267,True,-0.0883,0.6336,3125.0,1210.8023,0.0354,1.2206,198000.0,1.0461,0.3029,ワシントンホテル,スタンダード（内国株式）,サービス業
4694,2026-09-29,3625.0,-0.0048,-0.0216,0.0028,0.0069,0.0121,-0.0166,3638.3169,3616.5723,True,-0.0037,0.8398,4316.4844,3370.0,0.0165,2.1473,362500.0,0.8641,0.3521,ビー・エム・エル,プライム（内国株式）,サービス業
469A,2026-09-29,1611.0,-0.0177,-0.0524,-0.0117,-0.0183,-0.0023,-0.0418,1657.04,1573.44,True,-0.0278,0.478,3370.0,1372.0,0.0227,0.0733,161100.0,1.6192,0.3384,フィットクルー,グロース（内国株式）,サービス業
4704,2026-09-29,6530.0,0.0141,0.0118,0.1434,0.0916,0.1527,0.0681,6011.92,6119.8133,True,0.0862,0.7781,8392.0881,4789.0,0.0315,71.4223,653000.0,1.2352,0.5218,トレンドマイクロ,プライム（内国株式）,情報・通信業
4705,2026-09-29,780.0,0.0,-0.0051,-0.0201,-0.0026,-0.0108,-0.0261,790.36,782.3067,False,-0.0131,0.9091,858.0,755.0,0.0073,0.0072,78000.0,1.1457,0.2975,クリップコーポレーション,スタンダード（内国株式）,サービス業
4707,2026-09-29,370.0,0.0221,0.0725,0.0694,0.1212,0.0787,0.0977,343.6,333.4133,True,0.0768,0.9367,395.0,309.0,0.0145,0.1425,37000.0,0.8707,0.8213,キタック,スタンダード（内国株式）,サービス業
4709,2026-09-29,1087.0,0.0074,0.0018,0.0065,0.0149,0.0158,-0.0086,1075.5663,1076.3488,True,0.0106,0.9363,1161.0,881.0,0.0174,0.5599,108700.0,0.9179,0.3374,ＩＤホールディングス,プライム（内国株式）,情報・通信業
4712,2026-09-29,810.0,-0.0037,-0.0037,0.0214,0.1005,0.0308,0.077,811.0,778.04,True,-0.0012,0.9541,849.0,690.1547,0.0109,0.1191,81000.0,0.7406,0.271,ＫｅｙＨｏｌｄｅｒ,スタンダード（内国株式）,サービス業
4714,2026-09-29,208.0,-0.0142,-0.028,-0.0048,0.04,0.0045,0.0165,210.04,202.8933,True,-0.0097,0.9544,217.9372,184.628,0.0155,1.5653,20800.0,1.3301,0.28,リソー教育グループ,プライム（内国株式）,サービス業
4716,2026-09-29,9527.0,-0.0108,0.0194,0.0278,0.1478,0.0372,0.1243,9270.24,8907.2933,True,0.0277,0.6339,15028.1228,7489.1725,0.029,26.9206,952700.0,1.2047,0.443,日本オラクル,スタンダード（内国株式）,情報・通信業
4718,2026-09-29,2492.0,0.0221,-0.0139,-0.0193,0.0732,-0.01,0.0497,2531.601,2458.187,True,-0.0156,0.8637,2885.2783,1911.0668,0.0261,1.5077,249200.0,2.0573,0.269,早稲田アカデミー,プライム（内国株式）,サービス業
4719,2026-09-29,3240.0,-0.0152,-0.0167,-0.04,-0.0182,-0.0307,-0.0417,3334.2458,3329.3486,True,-0.0283,0.7813,4147.0176,3055.0,0.0157,0.4837,324000.0,1.5086,0.1935,アルファシステムズ,プライム（内国株式）,情報・通信業
471A,2026-09-29,1540.0,0.0013,-0.0153,-0.0435,0.0519,-0.0342,0.0284,1564.64,1510.2873,True,-0.0157,0.8787,1752.4953,1209.5217,0.0123,3.2978,154000.0,1.022,0.3368,ＮＳグループ,プライム（内国株式）,その他金融業
4720,2026-09-29,241.0,-0.0123,-0.0123,-0.0041,0.0255,0.0052,0.002,243.36,239.5733,True,-0.0097,0.6797,354.5861,220.7616,0.0142,0.0075,24100.0,1.3356,0.2917,城南進学研究社,スタンダード（内国株式）,サービス業
4722,2026-09-29,2426.0,0.0,0.0008,-0.0098,0.5836,-0.0005,0.56,2436.4,2123.7818,True,-0.0043,0.9814,2472.0,1406.136,0.0026,18.4883,242600.0,0.8417,0.2674,フューチャー,プライム（内国株式）,情報・通信業
4725,2026-09-29,1915.0,-0.0129,-0.0124,-0.019,0.0974,-0.0096,0.0739,1940.84,1851.9677,True,-0.0133,0.9041,2118.073,1702.6201,0.0112,0.8375,191500.0,0.742,0.2903,ＣＡＣ　Ｈｏｌｄｉｎｇｓ,プライム（内国株式）,情報・通信業
4728,2026-09-29,647.0,0.0015,-0.0046,0.0229,0.0277,0.0322,0.0042,647.5929,636.7334,True,-0.0009,0.962,672.5496,588.8417,0.0104,0.0465,64700.0,1.254,0.3277,トーセ,スタンダード（内国株式）,情報・通信業
472A,2026-09-29,545.0,-0.0285,-0.032,-0.0522,0.3391,-0.0429,0.3155,554.96,512.0267,True,-0.0179,0.719,758.0,378.0,0.0326,0.8488,54500.0,0.5102,0.3598,ミラティブ,グロース（内国株式）,情報・通信業
4732,2026-09-29,1798.0,-0.0133,-0.0682,-0.0921,-0.0549,-0.0828,-0.0785,1934.3655,1948.2485,True,-0.0705,0.8435,2131.5,1595.4594,0.0171,27.0287,179800.0,1.4742,0.4935,ユー・エス・エス,プライム（内国株式）,サービス業
4733,2026-09-29,8058.0,-0.0078,-0.0382,-0.052,0.3249,-0.0427,0.3014,8334.8101,7380.8567,True,-0.0332,0.8721,9239.2857,5505.5215,0.023,15.3339,805800.0,0.7566,0.2777,オービックビジネスコンサルタント,プライム（内国株式）,情報・通信業
4735,2026-09-29,280.0,0.0036,-0.0541,-0.0789,-0.1489,-0.0696,-0.1725,297.56,305.2267,False,-0.059,0.7179,390.0,274.627,0.0179,0.0207,28000.0,1.2985,0.62,京進,スタンダード（内国株式）,サービス業
4736,2026-09-29,585.0,-0.0085,0.0017,0.0,-0.0282,0.0093,-0.0518,584.92,589.9467,True,0.0001,0.7833,746.8512,539.0,0.0106,0.0134,58500.0,0.5192,0.2736,日本ラッド,スタンダード（内国株式）,情報・通信業
4743,2026-09-29,1610.0,-0.0037,-0.033,-0.0325,0.005,-0.0231,-0.0185,1643.8578,1654.1126,False,-0.0206,0.9055,1778.0,1416.4592,0.0135,1.5517,161000.0,1.13,0.3852,アイティフォー,プライム（内国株式）,情報・通信業
4746,2026-09-29,1950.0,0.0442,-0.7303,-0.7111,-0.5583,-0.7018,-0.5819,6187.6,5400.2682,True,-0.6849,0.2635,7400.0,1795.0,0.2586,3.3947,195000.0,1.6804,1.1114,東計電算,スタンダード（内国株式）,情報・通信業
4750,2026-09-29,562.0,0.0054,0.0293,-0.0175,0.0466,-0.0082,0.023,559.84,555.3067,True,0.0039,0.9103,617.3518,526.0,0.0108,0.0483,56200.0,1.4025,0.3459,ダイサン,スタンダード（内国株式）,サービス業
4751,2026-09-29,1210.0,-0.0029,-0.0487,-0.0885,-0.1116,-0.0792,-0.1351,1274.8815,1358.9338,False,-0.0509,0.6723,1799.9096,1203.5,0.0199,57.4445,121000.0,0.7832,0.3026,サイバーエージェント,プライム（内国株式）,サービス業
4752,2026-09-29,1614.0,0.0031,0.0088,0.0106,0.0556,0.02,0.032,1585.0,1547.2,True,0.0183,0.901,1791.3283,1450.8993,0.0097,0.0151,161400.0,0.9776,0.4264,昭和システムエンジニアリング,スタンダード（内国株式）,情報・通信業
4754,2026-09-29,1500.0,0.0281,0.0,0.0,0.0309,0.0093,0.0074,1494.1131,1503.3577,False,0.0039,0.7983,1879.0,1373.0,0.0087,0.0127,150000.0,1.0151,0.4591,トスネット,スタンダード（内国株式）,サービス業
4755,2026-09-29,676.1,-0.017,-0.0535,-0.1313,-0.1026,-0.122,-0.1261,735.544,764.3013,False,-0.0808,0.6328,1068.5,676.0,0.0227,126.2551,67609.9976,1.0626,0.4284,楽天グループ,プライム（内国株式）,サービス業
475A,2026-09-29,711.0,0.0114,0.0201,0.0905,0.1162,0.0998,0.0926,683.32,639.48,False,0.0405,0.5693,1249.0,558.0,0.0366,0.0801,71100.0,0.9222,0.2,ギミック,スタンダード（内国株式）,サービス業
4760,2026-09-29,1187.0,-0.0092,-0.0206,-0.2892,-0.227,-0.2799,-0.2506,1469.154,1530.1216,False,-0.1921,0.6123,1938.7355,1180.0,0.0277,0.0842,118700.0,1.8712,0.9739,アルファ,スタンダード（内国株式）,サービス業
4761,2026-09-29,1485.0,0.0241,-0.0047,0.0213,0.0615,0.0306,0.0379,1454.9116,1436.8905,True,0.0207,0.977,1520.0,1146.3616,0.017,0.1012,148500.0,1.7793,0.305,さくらケーシーエス,スタンダード（内国株式）,情報・通信業
4762,2026-09-29,1114.0,0.0559,-0.5329,-0.4748,-0.3447,-0.4655,-0.3682,1979.8458,1864.2153,True,-0.4373,0.4569,2438.0,1042.9566,0.1463,0.0869,111400.0,1.363,0.8558,エックスネット,スタンダード（内国株式）,情報・通信業
4763,2026-09-29,1520.0,0.0073,0.0147,-0.0123,0.1515,-0.003,0.128,1498.68,1427.04,True,0.0142,0.9718,1564.1559,1213.0,0.0141,0.5672,152000.0,0.7036,0.35,クリーク・アンド・リバー社,プライム（内国株式）,サービス業
4765,2026-09-29,616.0,-0.004,-0.0253,-0.0494,0.0807,-0.0401,0.0572,628.3406,599.8869,True,-0.0196,0.9433,653.0,551.0,0.0149,1.6276,61600.0,0.7319,0.3371,ＳＢＩグローバルアセットマネジメント,プライム（内国株式）,サービス業
4766,2026-09-29,207.0,0.0,0.0248,-0.0048,0.15,0.0045,0.1265,207.96,194.76,True,-0.0046,0.7138,290.0,177.0,0.0173,0.021,20700.0,1.3598,0.364,ピーエイ,スタンダード（内国株式）,サービス業
4767,2026-09-29,393.0,-0.0025,0.0026,0.0,0.232,0.0093,0.2084,390.16,356.7213,True,0.0073,0.9609,409.0,314.8782,0.0158,0.5135,39300.0,0.9318,0.3701,テー・オー・ダブリュー,スタンダード（内国株式）,サービス業
4768,2026-09-29,3651.0,0.0063,0.0014,0.0256,0.3164,0.0349,0.2928,3587.6,3224.5106,True,0.0177,0.9894,3690.0,2643.3234,0.0196,43.1985,365100.0,0.8637,0.3207,大塚商会,プライム（内国株式）,情報・通信業
4769,2026-09-29,1126.0,0.0181,-0.0166,0.0218,0.0246,0.0311,0.001,1136.5107,1120.8769,True,-0.0092,0.9321,1208.0,1000.0,0.0189,0.012,112600.0,0.7628,0.4003,ＩＣ,スタンダード（内国株式）,情報・通信業
476A,2026-09-29,1660.0,-0.0206,0.003,0.0343,0.13,0.0436,0.1065,1643.68,1569.68,True,0.0099,0.4992,3325.0,1390.0,0.0154,0.0442,166000.0,0.7621,0.3559,辻・本郷ＩＴコンサルティング,スタンダード（内国株式）,情報・通信業
4771,2026-09-29,2732.0,0.0029,-0.0243,0.0055,0.1364,0.0148,0.1129,2717.2521,2555.3907,True,0.0054,0.9026,3026.9424,2015.0,0.0276,0.3942,273200.0,1.2672,0.3087,エフアンドエム,スタンダード（内国株式）,サービス業
4772,2026-09-29,72.0,-0.0137,0.0141,0.0141,0.0286,0.0234,0.005,71.8,72.68,False,0.0028,0.5601,128.5514,63.0,0.0278,0.0661,7200.0,0.3497,0.25,ＳＭ　ＥＮＴＥＲＴＡＩＮＭＥＮＴ　ＪＡＰＡＮ,グロース（内国株式）,情報・通信業
4776,2026-09-29,2995.0,-0.0116,-0.0148,-0.037,0.3258,-0.0277,0.3023,3055.84,2723.0,True,-0.0199,0.8389,3570.2233,1948.0,0.0338,7.3489,299500.0,0.6245,0.2419,サイボウズ,プライム（内国株式）,情報・通信業
4777,2026-09-29,196.0,-0.0101,-0.0051,-0.02,-0.0249,-0.0107,-0.0484,199.44,200.2533,False,-0.0172,0.6469,303.0,173.0,0.0131,0.0524,19600.0,0.9213,0.1944,ガーラ,スタンダード（内国株式）,情報・通信業
477A,2026-09-29,852.0,-0.007,-0.0207,0.2511,0.4224,0.2604,0.3988,796.76,671.0667,True,0.0693,0.7047,1209.0,485.0,0.0696,0.3512,85200.0,1.4292,0.1704,スタートライン,グロース（内国株式）,サービス業
4783,2026-09-29,2510.0,0.0052,-0.0431,-0.0514,0.0291,-0.0421,0.0056,2620.502,2504.394,True,-0.0422,0.7223,3474.9208,2259.0,0.023,0.3963,251000.0,1.7097,0.3187,ＮＣＤ,スタンダード（内国株式）,情報・通信業
4784,2026-09-29,534.0,-0.0361,-0.0037,-0.0934,0.1711,-0.0841,0.1475,550.76,521.2414,False,-0.0304,0.4076,1310.1894,435.2996,0.0349,10.7401,53400.0,0.9779,0.2467,ＧＭＯインターネット,プライム（内国株式）,サービス業
478A,2026-09-29,736.0,-0.0213,-0.0187,-0.0624,0.0469,-0.0531,0.0234,779.0,756.2267,True,-0.0552,0.5299,1389.0,660.0,0.0386,0.6588,73600.0,1.1683,0.2075,フツパー,グロース（内国株式）,情報・通信業
4792,2026-09-29,1711.0,-0.0178,-0.0452,-0.035,0.0332,-0.0257,0.0097,1766.7889,1706.143,True,-0.0316,0.9308,1838.1803,1589.1176,0.0115,0.4081,171100.0,1.0099,0.4154,山田コンサルティンググループ,プライム（内国株式）,サービス業
479A,2026-09-29,2091.0,-0.0399,-0.0224,0.0696,0.5386,0.0789,0.5151,1992.36,1587.5867,True,0.0495,0.9224,2267.0,1181.0,0.0432,1.4005,209100.0,1.3902,0.4556,ＰＲＯＮＩ,グロース（内国株式）,情報・通信業
4801,2026-09-29,2382.0,0.0038,-0.0202,-0.0297,0.0093,-0.0204,-0.0142,2428.5133,2404.8111,True,-0.0192,0.9341,2550.1109,2235.0,0.0097,0.6614,238200.0,1.9671,0.3001,セントラルスポーツ,プライム（内国株式）,サービス業
4809,2026-09-29,1980.0,0.0046,-0.0304,-0.0356,-0.005,-0.0262,-0.0286,2023.4626,2035.7275,True,-0.0215,0.9283,2133.0,1911.0,0.0134,0.3634,198000.0,1.1171,0.4151,パラカ,プライム（内国株式）,不動産業
480A,2026-09-29,996.0,0.0091,0.0451,0.1216,0.0462,0.1309,0.0227,934.64,947.4267,False,0.0657,0.6822,1460.0,841.0,0.0294,0.2306,99600.0,0.7606,0.3312,リブ・コンサルティング,グロース（内国株式）,サービス業
4811,2026-09-29,899.0,0.0056,0.0251,0.0677,0.2265,0.077,0.2029,882.4,828.0267,True,0.0188,0.6443,1395.2561,698.0,0.0296,0.159,89900.0,0.865,0.2409,ドリーム・アーツ,グロース（内国株式）,情報・通信業
4812,2026-09-29,2862.0,-0.0003,-0.0007,0.0449,0.3368,0.0542,0.3132,2834.96,2593.5712,True,0.0095,0.9768,2930.0,1708.7238,0.0022,39.8476,286200.0,0.771,0.2386,電通総研,プライム（内国株式）,情報・通信業
4813,2026-09-29,419.0,0.0195,0.1173,-0.0989,0.2145,-0.0896,0.1909,421.44,389.36,False,-0.0058,0.6064,691.0,318.0,0.0493,2.3449,41900.0,0.662,0.2955,ＡＣＣＥＳＳ,プライム（内国株式）,情報・通信業
4814,2026-09-29,162.0,-0.0182,-0.0526,-0.0299,0.1096,-0.0206,0.086,167.28,157.8,False,-0.0316,0.5159,314.0,145.0,0.0463,0.3154,16200.0,3.5685,0.44,ネクストウェア,スタンダード（内国株式）,情報・通信業
4816,2026-09-29,2979.0,-0.004,-0.0406,0.0044,0.2239,0.0137,0.2004,3022.2,2770.7867,True,-0.0143,0.9397,3170.0,2201.5416,0.0251,11.4211,297900.0,0.9602,0.2768,東映アニメーション,スタンダード（内国株式）,情報・通信業
4819,2026-09-29,2442.0,0.0188,0.0256,0.1,0.2866,0.1093,0.2631,2286.44,2172.2,True,0.068,0.6442,3790.4763,1690.0,0.0288,6.3504,244200.0,1.0523,0.3805,デジタルガレージ,プライム（内国株式）,情報・通信業
4820,2026-09-29,584.0,-0.0267,-0.0234,-0.0315,0.1918,-0.0222,0.1683,594.64,546.1195,True,-0.0179,0.716,815.5978,477.0716,0.0175,0.5149,58400.0,0.7681,0.3035,イーエムシステムズ,プライム（内国株式）,情報・通信業
4825,2026-09-29,1981.0,-0.0159,-0.0149,-0.0682,-0.01,-0.0589,-0.0335,2039.32,2018.04,False,-0.0286,0.8472,2338.3343,1767.3866,0.014,3.72,198100.0,0.7544,0.2411,ウェザーニューズ,プライム（内国株式）,情報・通信業
4826,2026-09-29,538.0,-0.0092,-0.0074,-0.0128,0.098,-0.0035,0.0744,540.0,515.6882,True,-0.0037,0.9076,592.8024,439.4165,0.0159,1.0679,53800.0,0.641,0.3383,ＣＩＪ,プライム（内国株式）,情報・通信業
4828,2026-09-29,1349.0,-0.0059,-0.0302,-0.0295,0.3654,-0.0202,0.3418,1393.1805,1224.5935,True,-0.0317,0.7836,1721.4336,950.0,0.0251,1.644,134900.0,0.6948,0.2691,ビジネスエンジニアリング,プライム（内国株式）,情報・通信業
4829,2026-09-29,108.0,0.0093,0.0093,-0.0357,0.0485,-0.0264,0.025,108.96,106.4,True,-0.0088,0.7757,139.2368,99.0,0.0172,0.1691,10800.0,0.6983,0.2154,日本エンタープライズ,スタンダード（内国株式）,情報・通信業
4832,2026-09-29,1930.0,0.0057,0.0089,-0.0253,0.011,-0.0159,-0.0125,1938.0613,1944.7004,True,-0.0042,0.7971,2421.2207,1790.6638,0.0163,0.2783,193000.0,0.7479,0.2053,ＪＦＥシステムズ,スタンダード（内国株式）,情報・通信業
4833,2026-09-29,57.0,0.0364,0.1633,-0.0172,0.5405,-0.0079,0.517,56.84,48.9333,True,0.0028,0.2365,241.0,32.0,0.0764,1.6733,5700.0,0.6162,0.2984,Ｄｅｆ　ｃｏｎｓｕｌｔｉｎｇ,グロース（内国株式）,サービス業
4838,2026-09-29,698.0,0.0087,-0.0183,0.0043,0.1079,0.0136,0.0844,701.5115,670.7305,True,-0.005,0.7612,916.9937,608.0,0.0199,0.27,69800.0,1.2072,0.3529,スペースシャワーＳＫＩＹＡＫＩホールディングス,スタンダード（内国株式）,情報・通信業
4839,2026-09-29,976.0,-0.0161,-0.0289,-0.0375,-0.0191,-0.0282,-0.0426,1005.44,1003.7733,False,-0.0293,0.628,1554.0543,965.0,0.008,0.7592,97600.0,1.0915,0.4239,ＷＯＷＯＷ,プライム（内国株式）,情報・通信業
483A,2026-09-29,2136.0,0.0123,-0.0157,-0.0202,0.0114,-0.0109,-0.0122,2162.315,2165.2783,True,-0.0122,0.7246,2947.8278,1918.2449,0.0083,0.0354,213600.0,1.0,0.4127,テラテクノロジー,スタンダード（内国株式）,情報・通信業
4840,2026-09-29,721.0,-0.0137,-0.0217,0.1178,0.1724,0.1271,0.1488,701.32,642.1067,False,0.0281,0.5381,1340.0,380.0,0.0845,4.1289,72100.0,1.511,0.3676,トライアイズ,スタンダード（内国株式）,サービス業
4845,2026-09-29,346.0,-0.017,-0.0114,-0.0198,0.0613,-0.0105,0.0378,351.08,339.4193,True,-0.0145,0.858,403.2646,318.6532,0.0126,0.1592,34600.0,0.9443,0.2754,スカラ,スタンダード（内国株式）,情報・通信業
4847,2026-09-29,1479.0,-0.0199,0.0048,0.0923,0.5852,0.1016,0.5617,1404.08,1145.9004,True,0.0534,0.9499,1557.0,884.7864,0.0242,1.2891,147900.0,0.7254,0.5449,インテリジェント　ウェイブ,プライム（内国株式）,情報・通信業
4848,2026-09-29,1832.0,-0.0156,-0.0508,-0.0187,0.214,-0.0094,0.1905,1859.68,1705.951,True,-0.0149,0.9453,1938.0,1449.821,0.021,1.2512,183200.0,0.7642,0.3877,フルキャストホールディングス,プライム（内国株式）,サービス業
4849,2026-09-29,1761.0,0.0063,0.0132,0.0608,0.5502,0.0702,0.5266,1662.52,1390.8933,True,0.0592,0.9949,1770.0,1056.9549,0.0303,5.8252,176100.0,1.4696,0.3922,エン,プライム（内国株式）,サービス業
485A,2026-09-29,2035.0,0.002,-0.0387,0.0871,0.0824,0.0964,0.0589,1986.56,1951.8667,False,0.0244,0.3649,5576.6665,353.3333,0.107,209.4217,203500.0,2.0732,0.2255,パワーエックス,グロース（内国株式）,電気機器
4880,2026-09-29,312.0,-0.025,-0.0574,-0.0904,0.0,-0.0811,-0.0235,335.64,327.04,False,-0.0704,0.5305,588.0954,294.0,0.043,0.2626,31200.0,1.2361,0.2011,セルソース,スタンダード（内国株式）,医薬品
4881,2026-09-29,48.0,0.0,-0.0204,-0.04,-0.2131,-0.0307,-0.2367,50.48,56.4267,False,-0.0491,0.3692,130.0,45.0,0.0312,0.0987,4800.0,0.4126,0.3333,ファンペップ,グロース（内国株式）,医薬品
4882,2026-09-29,164.0,-0.0409,-0.1183,0.1007,0.0314,0.11,0.0079,158.76,152.6533,False,0.033,0.4568,359.0,134.0,0.071,1.7317,16400.0,0.9734,0.3264,ペルセウスプロテオミクス,グロース（内国株式）,医薬品
4883,2026-09-29,31.0,-0.0312,-0.0606,-0.0606,-0.0606,-0.0513,-0.0841,34.04,33.1733,False,-0.0893,0.369,84.0,29.0,0.106,1.2498,3100.0,1.5554,0.5783,モダリス,グロース（内国株式）,医薬品
4884,2026-09-29,485.0,-0.0319,0.059,0.0899,0.4653,0.0992,0.4417,449.96,374.4267,True,0.0779,0.807,601.0,287.0,0.0473,0.5838,48500.0,1.2498,0.4536,クリングルファーマ,グロース（内国株式）,医薬品
4885,2026-09-29,912.0,0.0022,0.0556,0.0077,0.0044,0.0171,-0.0191,892.04,903.44,False,0.0224,0.6705,1360.1439,683.5089,0.0161,0.0706,91200.0,0.9504,0.4417,室町ケミカル,スタンダード（内国株式）,医薬品
4886,2026-09-29,2047.0,-0.022,-0.0435,-0.0426,-0.1108,-0.0332,-0.1343,2104.2541,2192.8847,False,-0.0272,0.6722,3045.0,1893.2546,0.0199,1.0878,204700.0,0.6944,0.365,あすか製薬ホールディングス,プライム（内国株式）,医薬品
4887,2026-09-29,1636.0,-0.0037,-0.0153,0.0155,-0.0291,0.0248,-0.0526,1612.864,1646.8747,False,0.0143,0.6767,2417.5307,1550.5,0.0184,11.5491,163600.0,1.4008,0.3201,サワイグループホールディングス,プライム（内国株式）,医薬品
4888,2026-09-29,415.0,0.0024,-0.0371,0.169,0.3344,0.1783,0.3109,387.88,342.84,True,0.0699,0.4171,995.0,200.0,0.0627,1.5536,41500.0,1.7243,0.2231,ステラファーマ,グロース（内国株式）,医薬品
4889,2026-09-29,1171.0,-0.0338,0.0165,-0.0922,-0.2484,-0.0829,-0.2719,1219.04,1404.2667,False,-0.0394,0.5,2342.0,1101.0,0.0484,3.1145,117100.0,0.6211,0.3632,レナサイエンス,グロース（内国株式）,医薬品
4890,2026-09-29,246.0,-0.0391,-0.0538,-0.1517,0.0742,-0.1424,0.0507,275.72,253.48,True,-0.1078,0.5146,478.0,210.0,0.0497,0.1151,24600.0,0.5179,0.2374,坪田ラボ,グロース（内国株式）,医薬品
4891,2026-09-29,128.0,-0.0078,0.0,0.1636,0.1743,0.173,0.1508,117.24,108.6133,False,0.0918,0.7711,166.0,92.0,0.053,0.6188,12800.0,1.3903,0.3684,ティムス,グロース（内国株式）,医薬品
4892,2026-09-29,657.0,-0.0381,-0.0165,0.1526,0.1945,0.1619,0.171,615.76,562.1867,True,0.067,0.8599,764.0,487.0,0.045,0.5278,65700.0,2.7767,0.4464,サイフューズ,グロース（内国株式）,医薬品
4893,2026-09-29,115.0,-0.0254,-0.1544,-0.223,-0.0496,-0.2137,-0.0731,140.4,134.3467,True,-0.1809,0.53,217.0,114.0,0.0404,0.248,11500.0,1.3129,0.56,ノイルイミューン・バイオテック,グロース（内国株式）,医薬品
4894,2026-09-29,5640.0,-0.0157,-0.0242,-0.0342,0.304,-0.0249,0.2805,5580.4,4846.7333,True,0.0107,0.4548,12400.0,3610.0,0.0415,4.7724,564000.0,0.7401,0.3585,クオリプス,グロース（内国株式）,医薬品
4896,2026-09-29,789.0,-0.015,-0.0162,0.0382,0.1501,0.0475,0.1266,797.4,738.68,True,-0.0105,0.8314,949.0,604.0,0.0282,0.1482,78900.0,0.8663,0.2154,ケイファーマ,グロース（内国株式）,医薬品
4901,2026-09-29,3319.0,0.0005,-0.0066,0.007,-0.0471,0.0163,-0.0706,3296.7317,3443.4306,True,0.0068,0.8493,3908.0,2836.156,0.02,128.9092,331900.0,0.7739,0.3493,富士フイルムホールディングス,プライム（内国株式）,化学
4902,2026-09-29,646.1,-0.0134,-0.0116,-0.0194,0.1762,-0.0101,0.1527,641.9938,620.2259,True,0.0064,0.8898,726.1419,476.398,0.0398,28.8382,64609.9976,1.2216,0.364,コニカミノルタ,プライム（内国株式）,電気機器
4911,2026-09-29,3415.0,-0.0318,-0.0282,-0.0768,0.3044,-0.0675,0.2809,3528.64,3159.8104,True,-0.0322,0.8937,3821.0,2092.1839,0.03,86.8263,341500.0,0.7818,0.2872,資生堂,プライム（内国株式）,化学
4912,2026-09-29,1734.5,-0.0026,-0.0046,-0.082,0.0117,-0.0727,-0.0119,1807.08,1749.7513,True,-0.0402,0.8913,1946.0,1460.1962,0.0162,20.6219,173450.0,0.8715,0.291,ライオン,プライム（内国株式）,化学
4914,2026-09-29,1278.0,-0.0124,-0.0413,-0.0463,0.1421,-0.037,0.1185,1311.985,1222.8083,True,-0.0259,0.7932,1611.1541,1065.0,0.0158,2.1037,127800.0,0.9605,0.415,高砂香料工業,プライム（内国株式）,化学
4918,2026-09-29,295.0,-0.0199,-0.0034,-0.0167,0.0208,-0.0074,-0.0028,298.08,304.2533,True,-0.0103,0.6698,440.3977,248.0,0.0119,0.0368,29500.0,0.2686,0.3429,アイビー化粧品,スタンダード（内国株式）,化学
4919,2026-09-29,3255.0,-0.0106,0.0109,-0.0015,0.2228,0.0078,0.1992,3215.6,2942.7543,True,0.0123,0.9688,3360.0,2226.1668,0.0178,6.1786,325500.0,0.8909,0.4062,ミルボン,プライム（内国株式）,化学
4920,2026-09-29,1148.0,0.0159,0.007,0.0195,0.0026,0.0289,-0.0209,1133.64,1127.12,True,0.0127,0.892,1287.0,1020.0,0.0089,0.0079,114800.0,0.5252,0.2741,日本色材工業研究所,スタンダード（内国株式）,化学
4922,2026-09-29,5527.0,-0.0247,-0.0388,-0.0507,0.1003,-0.0414,0.0768,5736.44,5527.0822,True,-0.0365,0.8623,6409.4347,4778.6991,0.021,16.1829,552700.0,0.8793,0.3388,コーセーホールディングス,プライム（内国株式）,化学
4923,2026-09-29,1183.0,-0.0452,-0.0359,-0.0663,0.0146,-0.057,-0.009,1233.8,1199.9733,True,-0.0412,0.8693,1360.9267,1036.8966,0.0164,0.3614,118300.0,1.1593,0.31,コタ,プライム（内国株式）,化学
4925,2026-09-29,1679.0,-0.0124,-0.0289,-0.0278,-0.0164,-0.0185,-0.0399,1727.4,1729.12,True,-0.028,0.9287,1807.9111,1614.3112,0.0086,0.0407,167900.0,1.7009,0.6,ハーバー研究所,スタンダード（内国株式）,化学
4926,2026-09-29,1231.0,-0.0089,-0.0152,-0.0152,0.009,-0.0059,-0.0145,1245.7613,1236.2004,True,-0.0118,0.9052,1359.8518,1178.2074,0.0039,0.0118,123100.0,0.997,0.4391,シーボン,スタンダード（内国株式）,化学
4927,2026-09-29,1365.0,-0.0155,-0.0144,-0.018,0.0786,-0.0087,0.0551,1374.64,1335.2028,True,-0.007,0.9516,1434.5,1212.6598,0.015,7.4297,136500.0,1.0631,0.3512,ポーラ・オルビスホールディングス,プライム（内国株式）,化学
4928,2026-09-29,4470.0,-0.0187,-0.0755,-0.0878,0.0182,-0.0784,-0.0053,4795.7039,4645.368,True,-0.0679,0.8817,5070.0,4190.0,0.0151,4.7718,447000.0,1.1689,0.5849,ノエビアホールディングス,プライム（内国株式）,化学
4929,2026-09-29,743.0,0.0027,0.0027,0.0054,0.0262,0.0147,0.0027,740.6,735.2,True,0.0032,0.9118,814.868,717.0,0.0046,0.0147,74300.0,0.6422,0.2333,アジュバンホールディングス,スタンダード（内国株式）,化学
4931,2026-09-29,1978.0,-0.0208,-0.0454,-0.0558,0.0154,-0.0465,-0.0081,2048.6538,2015.0579,True,-0.0345,0.8417,2350.0,1855.0,0.0142,1.3896,197800.0,1.796,0.3959,新日本製薬,プライム（内国株式）,化学
4932,2026-09-29,807.0,0.0025,-0.0182,0.0618,0.2551,0.0712,0.2315,792.96,721.7067,True,0.0177,0.7072,1141.1215,612.0,0.0266,0.1891,80700.0,1.0774,0.1913,アルマード,スタンダード（内国株式）,化学
4933,2026-09-29,2215.0,0.0161,-0.0216,0.4956,0.9111,0.5049,0.8876,1687.0,1412.0084,True,0.313,0.9097,2435.0,1013.2289,0.0663,5.048,221500.0,3.387,0.7146,Ｉ－ｎｅ,プライム（内国株式）,化学
4934,2026-09-29,583.0,0.0087,-0.0169,-0.0235,-0.0458,-0.0141,-0.0694,595.8,604.8933,False,-0.0215,0.6867,849.0,576.0,0.0206,0.0709,58300.0,1.4412,0.325,プレミアアンチエイジング,グロース（内国株式）,化学
4935,2026-09-29,193.0,-0.0896,0.4296,-0.0981,-0.2878,-0.0888,-0.3114,192.0,237.3333,False,0.0052,0.3979,485.1005,127.0,0.1025,2.7817,19300.0,1.0506,0.465,リベルタ,スタンダード（内国株式）,化学
4936,2026-09-29,298.0,-0.0261,-0.0261,-0.0831,-0.0867,-0.0738,-0.1103,315.24,324.7161,False,-0.0547,0.6472,460.4234,298.0,0.0185,0.1401,29800.0,1.2922,0.3455,アクシージア,スタンダード（内国株式）,化学
4937,2026-09-29,2373.0,0.0004,-0.0112,0.039,0.5622,0.0483,0.5387,2385.88,1870.0,True,-0.0054,0.9462,2508.0,1113.0,0.025,0.1097,237300.0,0.3776,0.1716,Ｗａｑｏｏ,グロース（内国株式）,化学
4951,2026-09-29,1491.0,-0.0093,-0.0312,-0.0312,0.0007,-0.0219,-0.0229,1522.9104,1510.5568,True,-0.021,0.9359,1593.1249,1426.0,0.0098,0.6457,149100.0,1.8575,0.3301,エステー,プライム（内国株式）,化学
4956,2026-09-29,1481.0,-0.0107,-0.0224,0.0047,0.002,0.0141,-0.0215,1475.8015,1459.0938,True,0.0035,0.9737,1521.0,1181.4938,0.0161,1.0314,148100.0,0.8333,0.398,コニシ,プライム（内国株式）,化学
4958,2026-09-29,3345.0,-0.0133,-0.0429,0.003,0.0486,0.0123,0.025,3345.7709,3282.9236,True,-0.0002,0.9476,3530.0,2604.3602,0.0193,3.7066,334500.0,2.3683,0.5426,長谷川香料,プライム（内国株式）,化学
4960,2026-09-29,581.0,-0.0349,0.0283,0.1238,-0.0153,0.1331,-0.0388,572.32,549.76,False,0.0152,0.3705,1568.2089,278.903,0.0663,0.7554,58100.0,1.8908,0.4,ケミプロ化成,スタンダード（内国株式）,化学
4966,2026-09-29,20510.0,0.0229,0.0677,0.0327,-0.2526,0.042,-0.2761,19503.2,22581.2,False,0.0516,0.7214,28430.0,10666.7882,0.035,10.1615,2051000.0,0.6751,0.3535,上村工業,スタンダード（内国株式）,化学
4967,2026-09-29,6849.0,-0.0103,0.1684,0.2058,0.2567,0.2151,0.2332,5879.28,5640.2129,True,0.1649,0.9554,7169.0,4933.521,0.0282,18.9071,684900.0,1.4765,0.7409,小林製薬,プライム（内国株式）,化学
4968,2026-09-29,2305.0,0.0037,0.0501,0.0607,0.0971,0.0701,0.0736,2178.5005,2137.9802,True,0.0581,0.8623,2673.0,1020.2282,0.0438,4.022,230500.0,0.6454,0.45,荒川化学工業,プライム（内国株式）,化学
4970,2026-09-29,9960.0,0.0015,0.0506,-0.1714,-0.3986,-0.1621,-0.4221,10509.38,13325.1267,False,-0.0523,0.5158,19310.0,5830.2948,0.0466,7.1672,996000.0,0.6399,0.2657,東洋合成工業,スタンダード（内国株式）,化学
4971,2026-09-29,6670.0,0.0,0.0775,-0.0249,-0.3858,-0.0155,-0.4094,6452.0,8303.1288,False,0.0338,0.5483,12165.3848,3224.4407,0.0409,21.2288,667000.0,1.0174,0.4178,メック,プライム（内国株式）,化学
4972,2026-09-29,4425.0,0.0243,0.0846,0.2697,0.2939,0.279,0.2703,3869.2,3548.0133,True,0.1436,0.9768,4530.0,1869.3907,0.0406,2.7847,442500.0,0.5744,0.4815,綜研化学,スタンダード（内国株式）,化学
4973,2026-09-29,4820.0,0.0094,0.001,0.0063,-0.0854,0.0156,-0.1089,4766.8235,4960.6078,False,0.0112,0.7036,6850.0,2898.2448,0.0204,2.8588,482000.0,0.5873,0.2546,日本高純度化学,プライム（内国株式）,化学
4975,2026-09-29,5810.0,0.0069,0.014,0.0431,-0.2405,0.0524,-0.2641,5625.6123,6290.9374,False,0.0328,0.7182,8090.0,4155.2579,0.0256,5.8158,581000.0,0.6536,0.2538,ＪＣＵ,プライム（内国株式）,化学
4977,2026-09-29,1182.0,0.0017,-0.0092,-0.0256,-0.1052,-0.0162,-0.1288,1196.2827,1261.1476,False,-0.0119,0.8065,1465.6386,950.1517,0.0096,0.3733,118200.0,0.8284,0.3178,新田ゼラチン,スタンダード（内国株式）,化学
4978,2026-09-29,137.0,0.0,0.0,-0.0805,0.1048,-0.0712,0.0813,143.4,134.3467,True,-0.0446,0.6402,214.0,117.0,0.0355,0.6987,13700.0,0.6993,0.2059,リプロセル,グロース（内国株式）,化学
4979,2026-09-29,2817.0,-0.0346,-0.0392,0.0326,0.135,0.0419,0.1114,2870.56,2642.5709,True,-0.0187,0.8506,3311.7434,2014.0652,0.0279,0.7447,281700.0,0.9635,0.238,ＯＡＴアグリオ,スタンダード（内国株式）,化学
4980,2026-09-29,3153.0,0.0531,0.0584,0.0244,-0.2588,0.0337,-0.2824,2958.4645,3536.2215,False,0.0658,0.6031,5228.0,2025.0745,0.0349,39.7858,315300.0,0.9189,0.4624,デクセリアルズ,プライム（内国株式）,化学
4985,2026-09-29,4670.0,-0.0127,-0.023,-0.0527,-0.0043,-0.0434,-0.0278,4792.4,4741.3333,True,-0.0255,0.8815,5297.9477,4475.0,0.012,2.3594,467000.0,0.8001,0.2854,アース製薬,プライム（内国株式）,化学
4990,2026-09-29,531.0,-0.0112,0.0212,0.0515,0.0859,0.0608,0.0623,522.1258,504.7086,True,0.017,0.9116,582.4772,446.2368,0.0259,0.0211,53100.0,0.6682,0.2101,昭和化学工業,スタンダード（内国株式）,化学
4992,2026-09-29,1922.0,-0.0194,0.0079,-0.0438,-0.0998,-0.0345,-0.1233,1955.2,1993.9867,True,-0.017,0.84,2288.0,1507.1471,0.0234,1.3094,192200.0,0.6838,0.3867,北興化学工業,スタンダード（内国株式）,化学
4994,2026-09-29,2691.0,-0.0074,-0.0389,-0.0501,0.1138,-0.0408,0.0903,2798.2458,2586.8153,True,-0.0383,0.9162,2937.0,2135.0,0.0193,0.4692,269100.0,0.8178,0.2506,大成ラミックグループ,スタンダード（内国株式）,化学
4996,2026-09-29,670.0,-0.0118,-0.0262,-0.1443,-0.0656,-0.135,-0.0891,736.0,735.5867,False,-0.0897,0.8141,823.0407,644.0,0.0291,4.9226,67000.0,2.0728,0.5949,クミアイ化学工業,プライム（内国株式）,化学
4997,2026-09-29,1117.0,-0.0337,-0.0502,-0.0911,0.1159,-0.0818,0.0923,1209.2889,1106.5496,True,-0.0763,0.8424,1326.0,815.4297,0.0291,5.239,111700.0,1.7759,0.3089,日本農薬,プライム（内国株式）,化学
4998,2026-09-29,1156.0,-0.0069,-0.017,-0.0423,-0.0103,-0.0329,-0.0338,1182.84,1180.6133,True,-0.0227,0.9362,1234.7519,1086.895,0.0101,0.167,115600.0,0.6496,0.222,フマキラー,スタンダード（内国株式）,化学
500A,2026-09-29,3420.0,0.0,-0.0732,0.0459,0.1966,0.0552,0.1731,3463.2,3133.36,True,-0.0125,0.8999,3800.3027,2756.0,0.0319,0.4595,342000.0,2.2813,0.4085,ＴＯブックス,スタンダード（内国株式）,情報・通信業
5010,2026-09-29,292.0,0.0104,-0.0034,0.0069,0.2641,0.0162,0.2405,291.68,257.6933,True,0.0011,0.7892,370.0,180.0,0.0306,0.3467,29200.0,0.6264,0.3248,日本精蝋,スタンダード（内国株式）,石油・石炭製品
5011,2026-09-29,2262.0,-0.0242,-0.0242,0.0009,0.0807,0.0102,0.0572,2299.7417,2208.4872,True,-0.0164,0.8253,2740.7787,1934.0,0.0192,1.6003,226200.0,1.2971,0.2511,ニチレキグループ,プライム（内国株式）,石油・石炭製品
5013,2026-09-29,3055.0,-0.0097,0.0441,0.0349,0.0795,0.0442,0.056,2944.1302,2985.0301,False,0.0377,0.8581,3560.0,2019.2182,0.023,1.2712,305500.0,0.7954,0.4812,ユシロ,スタンダード（内国株式）,石油・石炭製品
5015,2026-09-29,996.0,0.001,-0.003,-0.005,0.004,0.0043,-0.0195,1000.64,993.5137,True,-0.0046,0.9813,1015.0,827.3139,0.0038,0.0713,99600.0,0.8191,0.2642,ビーピー・カストロール,スタンダード（内国株式）,石油・石炭製品
5016,2026-09-29,3486.0,-0.0155,-0.004,-0.0807,-0.2074,-0.0714,-0.2309,3681.2774,3886.4791,False,-0.053,0.5981,5828.0,1540.4547,0.0443,607.0565,348600.0,0.7808,0.1605,ＪＸ金属,プライム（内国株式）,非鉄金属
5018,2026-09-29,2304.0,-0.0103,-0.0237,0.0263,0.221,0.0356,0.1975,2329.2497,2124.933,True,-0.0108,0.9443,2440.0,1282.1659,0.0238,0.4253,230400.0,0.3601,0.2373,ＭＯＲＥＳＣＯ,スタンダード（内国株式）,石油・石炭製品
5019,2026-09-29,1586.0,-0.0388,-0.052,0.1577,0.3239,0.167,0.3003,1532.7497,1361.7166,True,0.0347,0.9283,1708.5,976.0581,0.0386,88.9856,158600.0,1.2836,0.2024,出光興産,プライム（内国株式）,石油・石炭製品
5020,2026-09-29,1373.5,-0.0269,-0.0589,0.0319,0.1475,0.0412,0.1239,1388.8795,1306.7198,True,-0.0111,0.8953,1534.1015,885.1989,0.0299,141.6325,137350.0,1.3433,0.2741,ＥＮＥＯＳホールディングス,プライム（内国株式）,石油・石炭製品
5021,2026-09-29,4261.0,-0.0338,-0.0785,0.0145,0.1249,0.0238,0.1013,4389.5413,4042.9671,True,-0.0293,0.8634,4935.1866,3337.182,0.0283,30.7958,426100.0,1.2216,0.3762,コスモエネルギーホールディングス,プライム（内国株式）,石油・石炭製品
5025,2026-09-29,586.0,-0.0217,0.0069,-0.0184,0.1205,-0.0091,0.0969,587.72,562.56,False,-0.0029,0.7418,790.0,502.0,0.0243,0.0061,58600.0,1.5876,0.2392,マーキュリー,グロース（内国株式）,情報・通信業
5026,2026-09-29,623.0,0.0147,0.0349,0.0349,0.1558,0.0442,0.1323,606.8,582.68,False,0.0267,0.5928,1051.0,514.0,0.0342,0.1726,62300.0,0.4043,0.2161,トリプルアイズ,グロース（内国株式）,情報・通信業
5027,2026-09-29,788.0,0.0025,-0.0013,-0.0495,0.7511,-0.0401,0.7276,774.4,614.3467,True,0.0176,0.9206,856.0,375.0,0.0399,2.3485,78800.0,0.7523,0.3086,ＡｎｙＭｉｎｄ　Ｇｒｏｕｐ,グロース（内国株式）,情報・通信業
5028,2026-09-29,355.0,-0.0056,-0.0193,-0.0193,-0.0405,-0.01,-0.0641,357.88,367.9867,False,-0.008,0.6455,550.0,318.0,0.0183,0.0266,35500.0,0.3815,0.1846,セカンドサイトアナリティカ,グロース（内国株式）,情報・通信業
5029,2026-09-29,940.0,0.0075,-0.0229,0.0,0.471,0.0093,0.4475,903.52,787.9333,True,0.0404,0.7899,1190.0,540.0,0.0453,0.2763,94000.0,0.7242,0.2983,サークレイス,グロース（内国株式）,情報・通信業
5031,2026-09-29,376.0,-0.0105,0.0053,0.1257,0.1091,0.1351,0.0856,359.72,347.5733,False,0.0453,0.4043,930.0,242.0,0.1005,2.9602,37600.0,5.381,0.389,モイ,グロース（内国株式）,情報・通信業
5032,2026-09-29,2989.0,-0.0103,-0.0983,0.0003,0.3344,0.0096,0.3108,3028.8,2660.4267,True,-0.0131,0.4465,6694.062,2007.0,0.0437,22.7751,298900.0,1.1086,0.31,ＡＮＹＣＯＬＯＲ,プライム（内国株式）,情報・通信業
5033,2026-09-29,1252.0,-0.0048,0.0212,0.3683,0.3491,0.3776,0.3256,1104.64,937.6267,True,0.1334,0.9804,1277.0,660.0,0.0431,1.101,125200.0,1.1568,0.2448,ヌーラボ,グロース（内国株式）,情報・通信業
5034,2026-09-29,2473.0,-0.0016,0.0559,0.1236,0.1354,0.1329,0.1119,2297.0,2216.8667,True,0.0766,0.6398,3865.0,1909.0,0.0321,0.3321,247300.0,0.7553,0.4473,ｕｎｅｒｒｙ,グロース（内国株式）,情報・通信業
5035,2026-09-29,371.0,0.0164,0.0,0.0306,0.0164,0.0399,-0.0071,366.04,362.2933,False,0.0136,0.7507,494.1985,349.0,0.0175,0.01,37100.0,0.9952,0.2769,ＨＯＵＳＥＩ,グロース（内国株式）,情報・通信業
5036,2026-09-29,1554.0,-0.007,-0.0108,-0.0294,0.0867,-0.02,0.0632,1571.5902,1549.3967,False,-0.0112,0.8077,1924.0,1336.8891,0.0228,2.2146,155400.0,1.6161,0.3609,日本ビジネスシステムズ,プライム（内国株式）,情報・通信業
5038,2026-09-29,2100.0,-0.0196,-0.0094,-0.0094,0.137,-0.0001,0.1134,2140.24,2043.4667,True,-0.0188,0.7008,2996.5878,1695.0,0.0262,0.987,210000.0,0.9187,0.2294,ｅＷｅＬＬ,グロース（内国株式）,情報・通信業
504A,2026-09-29,602.0,0.0101,0.0866,0.0617,0.4683,0.071,0.4447,569.44,524.9867,False,0.0572,0.4824,1248.0,377.0,0.0535,0.5417,60200.0,0.7665,0.3259,イノバセル,グロース（内国株式）,医薬品
505A,2026-09-29,1371.0,-0.0151,-0.0338,-0.0311,0.2532,-0.0218,0.2297,1394.76,1294.8,True,-0.017,0.8007,1712.2307,1036.0,0.0245,0.324,137100.0,0.4746,0.3485,ギークリー,スタンダード（内国株式）,サービス業
5071,2026-09-29,1373.0,-0.0007,-0.0785,0.0073,0.0022,0.0167,-0.0214,1395.76,1387.2133,True,-0.0163,0.8408,1632.9321,1261.4594,0.0278,0.8215,137300.0,5.209,0.5007,ヴィス,スタンダード（内国株式）,サービス業
5074,2026-09-29,553.0,-0.0195,-0.0416,-0.1346,-0.4067,-0.1253,-0.4302,602.12,739.4215,False,-0.0816,0.3878,1425.8667,301.0163,0.0349,5.6199,55300.0,0.5139,0.223,テスホールディングス,プライム（内国株式）,建設業
5076,2026-09-29,2731.5,-0.0286,-0.0464,-0.0385,0.0205,-0.0292,-0.003,2811.0494,2749.3231,True,-0.0283,0.9219,2963.0,1402.6177,0.0238,42.6637,273150.0,0.962,0.2902,インフロニア・ホールディングス,プライム（内国株式）,建設業
50765,2026-09-29,4612.0,0.0092,-0.0045,-0.0035,-0.0039,0.0059,-0.0274,4623.9623,4629.1474,False,-0.0026,0.9899,4659.0,4497.0441,0.0033,0.2244,461200.0,1.1692,0.4996,インフロニア・ホールディングス第１回社債型種類株式,プライム（内国株式）,建設業
5078,2026-09-29,4700.0,-0.0011,-0.0053,-0.0188,-0.0147,-0.0095,-0.0382,4751.6,4776.3333,False,-0.0109,0.7454,6305.3892,4252.2456,0.005,0.0126,470000.0,0.9722,0.2333,セレコーポレーション,スタンダード（内国株式）,建設業
5079,2026-09-29,2595.0,-0.0031,-0.0038,-0.0167,0.0519,-0.0074,0.0283,2611.2,2559.3733,True,-0.0062,0.9016,2878.2136,2390.0,0.0103,0.1352,259500.0,1.0343,0.3388,ノバック,スタンダード（内国株式）,建設業
5101,2026-09-29,6800.0,-0.004,-0.0113,-0.087,-0.0612,-0.0777,-0.0847,7067.32,7387.9853,True,-0.0378,0.8202,8291.0,4969.7613,0.0278,63.9112,680000.0,0.8749,0.2587,横浜ゴム,プライム（内国株式）,ゴム製品
5105,2026-09-29,3789.0,-0.0285,-0.0045,-0.0058,0.0164,0.0035,-0.0072,3751.96,3848.0008,True,0.0099,0.7938,4773.2871,3367.355,0.028,61.7676,378900.0,1.0486,0.3375,ＴＯＹＯ　ＴＩＲＥ,プライム（内国株式）,ゴム製品
5108,2026-09-29,3810.0,-0.0057,0.0055,-0.0788,0.1173,-0.0695,0.0938,3929.08,3780.7515,True,-0.0303,0.8673,4393.0,3109.3037,0.0187,151.8762,381000.0,1.0881,0.2786,ブリヂストン,プライム（内国株式）,ゴム製品
5110,2026-09-29,1996.5,-0.0116,-0.0116,-0.1099,-0.0415,-0.1006,-0.0651,2113.04,2191.0265,True,-0.0552,0.7275,2744.4725,1658.4444,0.0214,43.2806,199650.0,0.8573,0.2008,住友ゴム工業,プライム（内国株式）,ゴム製品
5121,2026-09-29,2910.0,-0.0112,0.0265,0.1002,0.1412,0.1095,0.1176,2741.1644,2641.5481,True,0.0616,0.9696,3001.1504,1734.0982,0.0227,2.6859,291000.0,1.4469,0.5772,藤倉コンポジット,プライム（内国株式）,ゴム製品
5122,2026-09-29,6180.0,-0.0088,-0.0237,-0.0175,0.1749,-0.0082,0.1514,6279.3752,5912.0584,True,-0.0158,0.9183,6730.0,4935.1499,0.0218,1.6539,618000.0,0.6397,0.2098,オカモト,プライム（内国株式）,ゴム製品
5125,2026-09-29,563.0,0.0144,0.1351,0.2004,0.1979,0.2097,0.1743,486.24,475.9467,True,0.1579,0.4268,1319.0,450.0,0.0206,0.0263,56300.0,1.4426,0.7778,ファインズ,グロース（内国株式）,情報・通信業
5126,2026-09-29,1426.0,-0.0014,0.0186,0.0149,-0.0159,0.0243,-0.0394,1414.16,1485.04,False,0.0084,0.7184,1985.0,1300.0,0.0059,0.0073,142600.0,0.4777,0.7593,ポーターズ,グロース（内国株式）,情報・通信業
5129,2026-09-29,250.0,-0.0119,-0.0347,-0.0458,-0.1319,-0.0365,-0.1555,277.28,259.4133,False,-0.0984,0.3759,665.0,227.0,0.0451,1.5971,25000.0,0.4395,0.2304,ＦＩＸＥＲ,グロース（内国株式）,情報・通信業
5131,2026-09-29,160.0,-0.0805,-0.1534,0.2403,0.1348,0.2496,0.1112,144.32,132.2533,True,0.1086,0.5461,293.0,110.0,0.1616,8.4137,16000.0,5.2356,0.7,リンカーズ,グロース（内国株式）,情報・通信業
5132,2026-09-29,1827.0,-0.0098,-0.0435,-0.1027,-0.1079,-0.0933,-0.1315,1983.12,1934.8,True,-0.0787,0.4065,4495.0,1275.0,0.0522,0.815,182700.0,0.8459,0.2769,ｐｌｕｓｚｅｒｏ,グロース（内国株式）,情報・通信業
5133,2026-09-29,312.0,0.0032,0.0759,-0.028,0.1345,-0.0187,0.111,304.24,300.2,False,0.0255,0.8447,369.3804,267.0,0.024,0.1588,31200.0,0.7836,0.3867,テリロジーホールディングス,スタンダード（内国株式）,情報・通信業
5134,2026-09-29,457.0,-0.0022,0.0022,-0.0558,-0.0654,-0.0465,-0.089,475.08,491.8133,False,-0.0381,0.3991,1145.0,431.0,0.0195,0.0215,45700.0,1.4825,0.4928,ＰＯＰＥＲ,グロース（内国株式）,情報・通信業
5136,2026-09-29,2445.0,0.023,0.0747,0.2721,0.3892,0.2814,0.3657,2096.96,1874.2933,True,0.166,0.9863,2479.0,1246.0,0.0444,1.8345,244500.0,2.6889,0.5195,ｔｒｉｐｌａ,グロース（内国株式）,情報・通信業
5137,2026-09-29,294.0,-0.02,-0.0577,-0.0265,0.4067,-0.0172,0.3832,304.4,249.2533,True,-0.0342,0.5158,570.0,175.0,0.0515,2.0273,29400.0,0.7264,0.1981,スマートドライブ,グロース（内国株式）,情報・通信業
5138,2026-09-29,439.0,-0.0068,-0.0352,-0.0518,0.1462,-0.0425,0.1227,459.04,431.6267,True,-0.0437,0.339,1295.0,365.0,0.0176,0.0043,43900.0,0.5484,0.4278,Ｒｅｂａｓｅ,グロース（内国株式）,情報・通信業
5139,2026-09-29,939.0,-0.0053,0.0251,-0.0042,0.0054,0.0051,-0.0182,936.64,937.3277,True,0.0025,0.7663,1225.3989,834.1871,0.0195,0.1104,93900.0,0.6,0.3172,オープンワーク,グロース（内国株式）,情報・通信業
5142,2026-09-29,1885.0,-0.0084,0.0466,-0.0402,0.6306,-0.0309,0.6071,1855.48,1510.1867,True,0.0159,0.9277,2032.0,1089.0,0.0358,1.4994,188500.0,0.835,0.3881,アキレス,プライム（内国株式）,化学
5161,2026-09-29,3460.0,-0.0066,-0.0267,-0.0649,0.1514,-0.0555,0.1279,3573.0725,3313.0108,True,-0.0316,0.7796,4438.1953,2719.5542,0.0217,4.5747,346000.0,0.9854,0.2328,西川ゴム工業,スタンダード（内国株式）,ゴム製品
5162,2026-09-29,797.0,0.0297,-0.0013,-0.0038,-0.0025,0.0056,-0.026,794.1453,792.2351,True,0.0036,0.7506,1061.826,598.0,0.016,0.0214,79700.0,0.7486,0.258,朝日ラバー,スタンダード（内国株式）,ゴム製品
5184,2026-09-29,4145.0,0.0061,0.0012,0.0036,0.0235,0.0129,-0.0001,4121.6,4096.7377,True,0.0057,0.9692,4276.5107,3368.1064,0.009,0.4964,414500.0,0.8002,0.3904,ニチリン,スタンダード（内国株式）,ゴム製品
5185,2026-09-29,1970.0,-0.015,-0.0199,-0.046,0.0969,-0.0367,0.0733,2009.4878,1913.4826,True,-0.0197,0.9363,2104.0,1712.0,0.0147,0.9413,197000.0,0.8619,0.2993,フコク,プライム（内国株式）,ゴム製品
5186,2026-09-29,6680.0,-0.014,-0.0291,-0.0262,0.1322,-0.0169,0.1087,6707.7752,6492.3251,True,-0.0041,0.9188,7270.0,3838.0123,0.0223,2.8556,668000.0,0.6691,0.39,ニッタ,プライム（内国株式）,ゴム製品
5187,2026-09-29,1158.0,-0.0103,-0.0186,0.0185,0.0527,0.0278,0.0292,1146.52,1127.5783,True,0.01,0.9481,1221.4433,931.8651,0.0208,0.0507,115800.0,0.8055,0.3199,クリエートメディック,スタンダード（内国株式）,精密機器
5189,2026-09-29,3465.0,0.0146,-0.0057,-0.0156,0.155,-0.0063,0.1315,3515.1567,3398.7589,True,-0.0143,0.8349,4150.0,2033.0672,0.0181,0.0422,346500.0,0.1873,0.2626,櫻護謨,スタンダード（内国株式）,ゴム製品
5192,2026-09-29,4180.0,-0.0031,-0.0335,-0.0522,0.0582,-0.0428,0.0347,4320.8999,4163.6333,True,-0.0326,0.8999,4645.0,3496.794,0.0169,2.9503,418000.0,1.0455,0.2971,三ツ星ベルト,プライム（内国株式）,ゴム製品
5194,2026-09-29,632.0,0.0,-0.011,-0.0016,0.0161,0.0077,-0.0075,636.8,638.0133,False,-0.0075,0.6653,949.9454,600.0,0.008,0.0281,63200.0,0.6143,0.2366,相模ゴム工業,スタンダード（内国株式）,ゴム製品
5195,2026-09-29,2486.0,0.0061,0.0061,-0.002,0.1285,0.0073,0.1049,2454.6813,2355.1204,True,0.0128,0.9711,2560.0,1823.423,0.0202,1.597,248600.0,1.337,0.3632,バンドー化学,プライム（内国株式）,ゴム製品
5199,2026-09-29,1990.0,-0.005,0.001,-0.0109,0.0408,-0.0016,0.0173,1995.28,1973.6667,True,-0.0026,0.9299,2140.0,1824.5957,0.0047,0.0064,199000.0,0.5707,0.2439,不二ラテックス,スタンダード（内国株式）,ゴム製品
519A,2026-09-29,470.0,-0.0084,-0.0428,-0.0524,-0.0693,-0.0431,-0.0928,498.16,507.2533,False,-0.0565,0.5629,835.0,465.0,0.0233,0.044,47000.0,0.9559,0.3203,ベーシック,グロース（内国株式）,情報・通信業
5201,2026-09-29,5618.0,-0.0074,-0.0171,-0.024,-0.1934,-0.0147,-0.2169,5661.0,6204.7524,False,-0.0076,0.6857,8192.8229,4546.5563,0.021,69.097,561800.0,0.8274,0.3265,ＡＧＣ,プライム（内国株式）,ガラス・土石製品
5204,2026-09-29,3075.0,0.0065,0.0065,0.0115,0.0115,0.0208,-0.012,3044.8,3010.0667,True,0.0099,0.7589,4052.1817,2710.0,0.012,0.1628,307500.0,0.7657,0.3351,石塚硝子,スタンダード（内国株式）,ガラス・土石製品
5208,2026-09-29,2685.0,-0.0011,0.0144,0.0132,0.0272,0.0225,0.0036,2611.5048,2578.3016,True,0.0281,0.9016,2978.0,1473.0852,0.0291,5.0864,268500.0,0.8606,0.3719,有沢製作所,プライム（内国株式）,化学
520A,2026-09-29,388.0,0.0211,-0.0102,0.3662,0.2721,0.3755,0.2486,378.72,330.2267,False,0.0245,0.4796,809.0,260.0,0.1359,3.6513,38800.0,1.2419,0.332,ジェイファーマ,グロース（内国株式）,医薬品
5210,2026-09-29,2795.0,0.0,-0.0322,-0.0589,-0.0046,-0.0496,-0.0282,2898.8685,2828.5162,True,-0.0358,0.7131,3919.6672,2475.0,0.0146,0.8683,279500.0,0.7547,0.3501,日本山村硝子,スタンダード（内国株式）,ガラス・土石製品
5214,2026-09-29,4886.0,0.0049,-0.0087,0.0175,-0.2537,0.0268,-0.2772,4794.08,5423.2398,False,0.0192,0.5906,8273.4206,4323.0,0.0246,31.5907,488600.0,0.8254,0.28,日本電気硝子,プライム（内国株式）,ガラス・土石製品
5216,2026-09-29,133.0,0.0153,-0.0567,-0.1474,-0.1192,-0.1381,-0.1427,148.16,151.3867,True,-0.1023,0.4667,285.0,116.0,0.0328,0.1989,13300.0,0.455,0.5049,倉元製作所,スタンダード（内国株式）,ガラス・土石製品
5218,2026-09-29,1676.0,0.022,0.0257,0.0514,0.0813,0.0608,0.0577,1623.36,1554.2,True,0.0324,0.9496,1765.0,1019.0,0.0462,1.5378,167600.0,1.0177,0.2661,オハラ,スタンダード（内国株式）,ガラス・土石製品
5232,2026-09-29,1824.0,-0.0016,-0.6839,-0.6838,-0.6996,-0.6745,-0.7231,5007.1095,5496.8098,False,-0.6357,0.2799,6517.0,1786.0,0.2232,9.8642,182400.0,1.0856,0.9938,住友大阪セメント,プライム（内国株式）,ガラス・土石製品
5233,2026-09-29,4037.0,-0.0146,-0.057,-0.0499,0.0166,-0.0406,-0.0069,4159.7885,4135.3028,False,-0.0295,0.8242,4898.028,3219.014,0.0243,18.59,403700.0,0.8931,0.334,太平洋セメント,プライム（内国株式）,ガラス・土石製品
5237,2026-09-29,1239.0,-0.0159,0.0223,0.0325,0.0057,0.0418,-0.0179,1217.48,1210.3733,True,0.0177,0.9553,1297.0,944.4586,0.0168,0.0495,123900.0,1.0862,0.326,ノザワ,スタンダード（内国株式）,ガラス・土石製品
523A,2026-09-29,1900.0,0.0011,0.0451,0.1223,0.1059,0.1316,0.0824,1783.04,1708.24,False,0.0656,0.7364,2580.0,1220.0,0.0504,2.2122,190000.0,0.7347,0.3247,セイワホールディングス,グロース（内国株式）,金属製品
5240,2026-09-29,176.0,0.0,-0.0383,-0.2511,0.3858,-0.2417,0.3623,199.48,179.88,True,-0.1177,0.4632,380.0,113.0,0.0511,0.6144,17600.0,0.0796,0.3,ｍｏｎｏＡＩ　ｔｅｃｈｎｏｌｏｇｙ,グロース（内国株式）,情報・通信業
5242,2026-09-29,2301.0,-0.0082,-0.0627,-0.149,1.8443,-0.1397,1.8207,2344.36,1728.52,True,-0.0185,0.7168,3210.0,804.0,0.0691,0.3354,230100.0,0.1365,0.2328,アイズ,グロース（内国株式）,情報・通信業
5243,2026-09-29,3190.0,0.0095,0.0528,0.1426,0.6615,0.1519,0.6379,2904.48,2349.3467,True,0.0983,0.9369,3405.0,1152.0,0.0498,8.6179,319000.0,0.5308,0.3176,ｎｏｔｅ,グロース（内国株式）,情報・通信業
5244,2026-09-29,177.0,0.0114,0.0172,-0.0328,0.0473,-0.0235,0.0238,176.72,173.5733,False,0.0016,0.5938,298.1019,152.0,0.023,0.3289,17700.0,0.6038,0.2211,ｊｉｇ．ｊｐ,グロース（内国株式）,情報・通信業
5246,2026-09-29,826.0,-0.0143,-0.0317,-0.0873,0.363,-0.078,0.3395,846.76,747.96,True,-0.0245,0.7388,1118.0,498.0,0.0382,3.6006,82600.0,0.6876,0.3484,ＥＬＥＭＥＮＴＳ,グロース（内国株式）,情報・通信業
5247,2026-09-29,559.0,0.0,0.0127,-0.0395,0.0547,-0.0302,0.0312,564.28,548.6533,False,-0.0094,0.5811,962.0,508.0,0.022,0.0152,55900.0,0.5982,0.2605,ＢＴＭ,グロース（内国株式）,情報・通信業
5248,2026-09-29,505.0,-0.0175,-0.0213,0.008,0.006,0.0173,-0.0176,509.48,502.4133,True,-0.0088,0.7183,703.0,420.0,0.0221,0.1069,50500.0,0.5178,0.2692,テクノロジーズ,グロース（内国株式）,情報・通信業
5250,2026-09-29,1098.0,0.011,-0.0452,0.066,-0.0266,0.0753,-0.0501,1082.68,1076.12,False,0.0142,0.7066,1554.0,813.4549,0.04,0.0264,109800.0,1.3941,0.3073,ＧＭＯプライム・ストラテジー,スタンダード（内国株式）,情報・通信業
5252,2026-09-29,1012.0,-0.0098,0.0777,0.3143,0.2267,0.3236,0.2031,857.76,804.3467,True,0.1798,0.9638,1050.0,469.7745,0.0446,0.1753,101200.0,1.762,0.4364,日本ナレッジ,グロース（内国株式）,情報・通信業
5253,2026-09-29,1505.0,-0.0033,-0.089,-0.1052,0.0977,-0.0959,0.0742,1620.56,1542.32,True,-0.0713,0.7436,2024.0,1141.0,0.0485,24.8293,150500.0,0.9386,0.3099,カバー,グロース（内国株式）,情報・通信業
5254,2026-09-29,4255.0,0.0253,0.0403,0.0442,0.111,0.0535,0.0874,4096.0,4048.1333,True,0.0388,0.8442,5040.0,2454.0,0.0269,0.5379,425500.0,0.6063,0.1963,Ａｒｅｎｔ,グロース（内国株式）,情報・通信業
5255,2026-09-29,79.0,-0.0125,-0.0595,-0.1413,0.0972,-0.132,0.0737,87.92,87.08,False,-0.1015,0.3465,228.0,69.0,0.0416,0.2253,7900.0,0.6815,0.3348,モンスターラボ,グロース（内国株式）,情報・通信業
5256,2026-09-29,3395.0,-0.0029,0.1466,0.3169,0.5279,0.3262,0.5044,2815.44,2511.3333,True,0.2059,0.8606,3945.0,2040.0,0.0477,0.2675,339500.0,2.5827,0.6306,Ｆｕｓｉｃ,グロース（内国株式）,情報・通信業
5257,2026-09-29,2823.0,-0.0105,-0.0296,0.0265,0.1036,0.0359,0.0801,2839.48,2659.4133,True,-0.0058,0.9579,2947.0,2264.0,0.0134,0.0724,282300.0,1.1977,0.3275,ノバシステム,スタンダード（内国株式）,情報・通信業
5258,2026-09-29,427.0,-0.0116,-0.0206,-0.0116,0.2131,-0.0023,0.1895,429.12,407.0267,True,-0.0049,0.8041,531.0,291.0,0.0256,0.2502,42700.0,0.4711,0.3203,トランザクション・メディア・ネットワークス,グロース（内国株式）,情報・通信業
5261,2026-09-29,7540.0,0.0013,-0.0182,-0.0333,0.0217,-0.024,-0.0019,7662.0,7593.3333,True,-0.0159,0.8558,8810.6436,5248.8941,0.0116,0.2453,754000.0,0.8956,0.2754,リソルホールディングス,プライム（内国株式）,サービス業
5262,2026-09-29,1100.0,-0.0187,-0.03,-0.0558,0.0407,-0.0465,0.0171,1137.5696,1081.5899,True,-0.033,0.5215,2109.4027,987.0,0.0215,2.2272,110000.0,0.9056,0.2585,日本ヒューム,プライム（内国株式）,ガラス・土石製品
5268,2026-09-29,834.0,-0.0071,-0.0257,-0.0142,-0.0048,-0.0049,-0.0283,860.12,847.2933,False,-0.0304,0.7262,1148.3804,761.6609,0.0276,0.0826,83400.0,0.6867,0.2348,旭コンクリート工業,スタンダード（内国株式）,ガラス・土石製品
5269,2026-09-29,353.0,-0.014,-0.0329,-0.0711,0.0895,-0.0617,0.066,368.7994,349.3865,True,-0.0428,0.8937,395.0,306.1846,0.0166,0.5828,35300.0,0.712,0.2735,日本コンクリート工業,プライム（内国株式）,ガラス・土石製品
5271,2026-09-29,2240.0,0.0173,0.0186,0.009,0.0592,0.0183,0.0356,2230.6212,2194.4119,True,0.0042,0.8804,2544.1592,2054.9734,0.0138,0.0151,224000.0,0.8,0.2194,トーヨーアサノ,スタンダード（内国株式）,ガラス・土石製品
5273,2026-09-29,2016.0,-0.0177,-0.0662,-0.0418,0.3176,-0.0325,0.2941,2054.058,1819.6993,True,-0.0185,0.9193,2192.9887,1362.0,0.0323,1.1503,201600.0,1.1227,0.4228,三谷セキサン,スタンダード（内国株式）,ガラス・土石製品
5279,2026-09-29,1216.0,0.0016,0.0142,0.0,0.0091,0.0093,-0.0144,1205.16,1199.16,True,0.009,0.819,1484.6743,1089.0,0.0105,0.0339,121600.0,0.9508,0.4145,日本興業,スタンダード（内国株式）,ガラス・土石製品
5280,2026-09-29,2175.0,-0.0238,-0.0212,-0.0149,-0.0005,-0.0056,-0.024,2212.32,2212.9067,True,-0.0169,0.7083,3070.5186,2072.0,0.0126,0.1891,217500.0,0.5984,0.3875,ヨシコン,スタンダード（内国株式）,不動産業
5282,2026-09-29,398.0,-0.0173,-0.0293,-0.0766,-0.0245,-0.0673,-0.0481,414.2024,414.7341,True,-0.0391,0.8002,497.3674,318.1977,0.0215,0.2017,39800.0,0.8314,0.1989,ジオスター,スタンダード（内国株式）,ガラス・土石製品
5283,2026-09-29,3170.0,-0.0078,0.0177,-0.0094,0.0905,-0.0001,0.0669,3157.2,3035.165,True,0.0041,0.8554,3705.7958,2833.7865,0.0137,0.0202,317000.0,0.9223,0.4131,高見澤,スタンダード（内国株式）,卸売業
5284,2026-09-29,2224.0,-0.0004,0.0004,-0.0203,-0.0116,-0.0109,-0.0351,2239.56,2237.4267,True,-0.0069,0.9047,2458.3606,2101.0,0.0094,0.1399,222400.0,0.5987,0.2724,ヤマウホールディングス,スタンダード（内国株式）,ガラス・土石製品
5285,2026-09-29,1333.0,-0.0015,-0.0052,-0.0613,0.003,-0.052,-0.0205,1366.16,1355.8667,True,-0.0243,0.6257,2130.4011,1185.0,0.0124,0.3345,133300.0,0.4455,0.2112,ヤマックス,スタンダード（内国株式）,ガラス・土石製品
5287,2026-09-29,909.0,0.0089,0.0055,0.0669,0.125,0.0762,0.1015,892.4,850.0933,False,0.0186,0.4487,2026.0408,787.0,0.0695,1.0871,90900.0,1.3626,0.1708,イトーヨーギョー,スタンダード（内国株式）,ガラス・土石製品
5288,2026-09-29,1450.0,-0.0055,-0.0203,-0.0663,-0.0034,-0.057,-0.027,1502.5916,1508.6505,False,-0.035,0.8239,1760.0,1122.1349,0.0167,3.0128,145000.0,1.094,0.2847,アジアパイルホールディングス,プライム（内国株式）,ガラス・土石製品
5290,2026-09-29,1269.0,0.0063,0.0185,0.0745,-0.0372,0.0838,-0.0607,1201.52,1279.6933,False,0.0562,0.5992,2118.0,1127.0,0.0235,1.0725,126900.0,1.2902,0.4062,ベルテクスコーポレーション,スタンダード（内国株式）,ガラス・土石製品
5301,2026-09-29,2337.5,0.0475,0.1238,0.3993,0.3634,0.4086,0.3398,1925.0,1773.7175,True,0.2143,0.9886,2364.5,867.8439,0.0454,51.3011,233750.0,1.4895,0.4758,東海カーボン,プライム（内国株式）,ガラス・土石製品
5302,2026-09-29,5050.0,-0.0059,-0.0079,0.006,0.0907,0.0153,0.0672,5041.0,4851.181,True,0.0018,0.9283,5440.0,4030.2583,0.0202,2.503,505000.0,0.5978,0.2301,日本カーボン,プライム（内国株式）,ガラス・土石製品
5304,2026-09-29,2450.0,-0.0008,-0.0239,-0.0519,0.0213,-0.0425,-0.0023,2546.2512,2508.4037,False,-0.0378,0.8099,3025.004,2059.1599,0.016,0.4377,245000.0,0.7066,0.2348,ＳＥＣカーボン,スタンダード（内国株式）,ガラス・土石製品
5310,2026-09-29,7430.0,-0.0107,0.022,0.0629,0.0095,0.0723,-0.014,7051.6,7214.6667,False,0.0537,0.8265,8990.0,3989.3623,0.0363,6.8236,743000.0,0.948,0.437,東洋炭素,プライム（内国株式）,ガラス・土石製品
5331,2026-09-29,3615.0,0.0,0.0042,-0.0203,-0.114,-0.011,-0.1375,3581.9641,3714.788,False,0.0092,0.7799,4635.0,2268.18,0.0262,6.3398,361500.0,0.7235,0.3627,ノリタケ,プライム（内国株式）,ガラス・土石製品
5332,2026-09-29,5782.0,-0.0009,0.0112,-0.1072,-0.3285,-0.0978,-0.3521,5986.9668,7061.6023,False,-0.0342,0.6086,9500.0,3724.379,0.0218,61.157,578200.0,0.9159,0.2924,ＴＯＴＯ,プライム（内国株式）,ガラス・土石製品
5333,2026-09-29,5328.0,-0.0028,0.0294,-0.0132,-0.2926,-0.0038,-0.3162,5247.6843,6063.9881,False,0.0153,0.6749,7894.0,2364.0957,0.0304,74.72,532800.0,0.8498,0.3872,ＮＧＫ,プライム（内国株式）,ガラス・土石製品
5334,2026-09-29,3737.0,0.0035,-0.4823,-0.559,-0.6509,-0.5497,-0.6745,7213.6725,9106.1308,False,-0.482,0.3317,11265.0,3546.0183,0.1242,99.8899,373700.0,1.4153,0.8169,日本特殊陶業,プライム（内国株式）,ガラス・土石製品
5337,2026-09-29,864.0,-0.0012,0.0286,0.0225,0.0473,0.0318,0.0237,834.48,833.7067,True,0.0354,0.9341,925.0,492.0,0.0227,0.0892,86400.0,0.8363,0.3066,ダントーホールディングス,スタンダード（内国株式）,ガラス・土石製品
5341,2026-09-29,136.0,0.0,-0.0145,-0.0811,-0.2229,-0.0718,-0.2464,143.0,158.9067,False,-0.049,0.2969,458.0,135.0,0.0226,0.0361,13600.0,0.3678,0.1628,ＡＳＡＨＩ　ＥＩＴＯホールディングス,スタンダード（内国株式）,ガラス・土石製品
5344,2026-09-29,54120.0,-0.0227,-0.0039,0.0013,-0.2356,0.0106,-0.2591,54313.7778,59568.5926,False,-0.0036,0.6319,85650.0,35948.4484,0.0445,52.097,5412000.0,0.7066,0.2341,ＭＡＲＵＷＡ,プライム（内国株式）,ガラス・土石製品
5351,2026-09-29,2013.0,-0.0103,-0.028,-0.0336,0.0457,-0.0243,0.0222,2052.071,2011.237,True,-0.019,0.8201,2454.528,1756.4511,0.0157,2.049,201300.0,0.9614,0.3126,品川リフラ,プライム（内国株式）,ガラス・土石製品
5355,2026-09-29,666.0,0.0015,0.0091,-0.0119,-0.0235,-0.0026,-0.047,667.2,673.2533,True,-0.0018,0.9694,687.0,583.8565,0.0055,0.0282,66600.0,0.8875,0.2745,日本坩堝,スタンダード（内国株式）,ガラス・土石製品
5356,2026-09-29,1254.0,-0.0048,-0.0016,-0.0579,-0.0978,-0.0485,-0.1214,1280.7786,1308.0062,True,-0.0209,0.8394,1494.0,1130.3818,0.0172,0.0511,125400.0,0.8276,0.222,美濃窯業,スタンダード（内国株式）,ガラス・土石製品
5357,2026-09-29,1709.0,-0.0006,-0.0234,-0.0521,-0.0223,-0.0428,-0.0459,1753.5221,1751.5474,True,-0.0254,0.8682,1968.3279,1629.5333,0.0096,0.6534,170900.0,1.0007,0.3343,ヨータイ,プライム（内国株式）,ガラス・土石製品
5363,2026-09-29,724.0,0.0173,0.0478,0.0417,0.0523,0.051,0.0288,690.7692,690.6697,True,0.0481,0.9904,731.0,490.7746,0.0146,0.4338,72400.0,1.4671,0.571,東京窯業,スタンダード（内国株式）,ガラス・土石製品
5367,2026-09-29,1433.0,0.0332,0.0452,0.1794,-0.0192,0.1887,-0.0427,1334.4839,1329.148,True,0.0738,0.6827,2099.0,530.1093,0.0467,2.82,143300.0,0.5818,0.2671,ニッカトー,スタンダード（内国株式）,ガラス・土石製品
5368,2026-09-29,1031.0,-0.0153,0.031,0.0238,0.1158,0.0331,0.0923,1013.12,985.4933,True,0.0176,0.7865,1310.8043,901.0,0.0185,0.1195,103100.0,1.681,0.4614,日本インシュレーション,スタンダード（内国株式）,ガラス・土石製品
5380,2026-09-29,1253.0,-0.0663,-0.1225,0.0381,0.1339,0.0474,0.1104,1319.48,1175.1391,True,-0.0504,0.6639,1887.3931,1000.0,0.0962,0.0771,125300.0,2.674,0.3699,新東,スタンダード（内国株式）,ガラス・土石製品
5381,2026-09-29,1003.0,-0.0157,0.0224,0.0287,-0.0635,0.038,-0.087,971.16,956.1467,False,0.0328,0.7284,1377.0,409.8559,0.0503,2.122,100300.0,1.0174,0.4204,マイポックス,スタンダード（内国株式）,ガラス・土石製品
5384,2026-09-29,3460.0,0.0217,0.0712,-0.0442,-0.2437,-0.0349,-0.2673,3402.3688,3917.1229,False,0.0169,0.6798,5090.0,2080.9116,0.0352,10.2438,346000.0,0.8358,0.3535,フジミインコーポレーテッド,プライム（内国株式）,ガラス・土石製品
5388,2026-09-29,1398.0,0.0101,-0.0014,0.0279,0.0922,0.0373,0.0686,1354.4379,1287.266,True,0.0322,0.9648,1449.0,1076.6713,0.0265,0.1382,139800.0,1.9961,0.4018,クニミネ工業,スタンダード（内国株式）,ガラス・土石製品
5391,2026-09-29,1488.0,-0.0073,-0.0053,-0.0198,0.0355,-0.0104,0.0119,1498.8592,1486.4197,True,-0.0072,0.9127,1630.3366,1168.163,0.0125,0.1072,148800.0,0.6111,0.255,エーアンドエーマテリアル,スタンダード（内国株式）,ガラス・土石製品
5393,2026-09-29,3430.0,0.013,0.0306,0.0044,-0.1316,0.0137,-0.1552,3345.0511,3527.617,False,0.0254,0.8273,4146.0,1780.8854,0.0256,16.6247,343000.0,0.9196,0.3331,ニチアス,プライム（内国株式）,ガラス・土石製品
5401,2026-09-29,650.8,-0.03,-0.0737,-0.0301,0.214,-0.0208,0.1904,680.6275,627.3505,True,-0.0438,0.9058,718.5,530.5,0.0241,254.1532,65079.9988,0.718,0.3551,日本製鉄,プライム（内国株式）,鉄鋼
5406,2026-09-29,2022.5,-0.0071,-0.03,0.0002,0.0801,0.0096,0.0566,2035.0935,1984.2578,True,-0.0062,0.8676,2331.0623,1663.4351,0.0181,36.6012,202250.0,0.8966,0.3191,神戸製鋼所,プライム（内国株式）,鉄鋼
5408,2026-09-29,619.0,-0.0128,-0.0492,-0.0313,0.03,-0.022,0.0064,640.6759,633.3186,False,-0.0338,0.9103,680.0,545.7272,0.016,1.1857,61900.0,0.6921,0.3633,中山製鋼所,プライム（内国株式）,鉄鋼
5410,2026-09-29,2887.0,-0.0296,-0.0747,-0.0534,0.1203,-0.0441,0.0968,3050.888,2841.216,True,-0.0537,0.6893,4188.3268,2489.0,0.0234,2.6451,288700.0,1.1603,0.3921,合同製鐵,プライム（内国株式）,鉄鋼
5411,2026-09-29,1737.0,-0.0274,-0.0834,-0.0555,0.1135,-0.0461,0.0899,1841.125,1745.8617,True,-0.0566,0.7522,2309.127,1535.0,0.0233,144.5946,173700.0,0.7677,0.3932,ＪＦＥホールディングス,プライム（内国株式）,鉄鋼
5423,2026-09-29,1680.0,0.0042,-0.0651,-0.0295,-0.003,-0.0201,-0.0265,1723.6202,1729.2601,False,-0.0253,0.8515,1973.0,1307.9517,0.0229,6.9295,168000.0,1.2329,0.3535,東京製鐵,プライム（内国株式）,鉄鋼
542A,2026-09-29,1095.0,-0.0171,0.0499,-0.0206,0.1502,-0.0113,0.1267,1075.6,1040.6,True,0.018,0.7878,1390.0,925.0,0.0249,0.0956,109500.0,0.7482,0.4446,ビタブリッドジャパン,グロース（内国株式）,化学
543A,2026-09-29,281.0,-0.014,-0.0035,0.0255,-0.0277,0.0349,-0.0512,277.1189,284.613,False,0.014,0.5,562.0,257.0,0.0268,59.937,28100.0,1.0462,0.3832,ＡＲＣＨＩＯＮ,プライム（内国株式）,輸送用機器
5440,2026-09-29,1923.0,-0.0209,-0.0606,-0.055,0.1052,-0.0457,0.0816,2015.6195,1898.4332,True,-0.046,0.7315,2628.9909,1692.0,0.0182,2.84,192300.0,0.8777,0.3542,共英製鋼,プライム（内国株式）,鉄鋼
5444,2026-09-29,12190.0,-0.0053,-0.0271,-0.0093,0.0045,-0.0,-0.019,12315.7101,12565.37,True,-0.0102,0.853,14290.0,8826.3648,0.0208,19.0743,1219000.0,1.0252,0.2754,大和工業,プライム（内国株式）,鉄鋼
5445,2026-09-29,2001.0,-0.0123,-0.0347,-0.0177,0.0976,-0.0084,0.0741,2040.367,1950.349,True,-0.0193,0.9245,2164.4033,1728.2923,0.0144,1.8183,200100.0,0.8728,0.3127,東京鐵鋼,プライム（内国株式）,鉄鋼
5446,2026-09-29,1073.0,-0.0065,-0.0219,-0.0065,-0.0513,0.0028,-0.0748,1087.2,1122.96,False,-0.0131,0.8062,1331.0,1060.0,0.016,0.2596,107300.0,3.0241,0.1808,北越メタル,スタンダード（内国株式）,鉄鋼
5449,2026-09-29,2464.0,-0.0527,-0.0383,-0.1556,0.0817,-0.1463,0.0581,2650.56,2559.4267,True,-0.0704,0.6262,3935.0,2221.0,0.0303,0.6861,246400.0,0.8286,0.3446,大阪製鐵,スタンダード（内国株式）,鉄鋼
544A,2026-09-29,326.0,0.0062,-0.0031,-0.0632,-0.0944,-0.0539,-0.118,338.5236,352.1745,False,-0.037,0.7599,429.0,319.076,0.0197,1.1733,32600.0,0.8597,0.2327,ＧＭＳグループ,プライム（内国株式）,機械
5451,2026-09-29,1401.0,-0.0085,-0.0237,-0.0189,0.0894,-0.0096,0.0659,1422.35,1367.93,True,-0.015,0.8858,1581.5836,1176.0,0.0137,3.5918,140100.0,1.0436,0.3184,ヨドコウ,プライム（内国株式）,鉄鋼
5458,2026-09-29,1325.0,-0.0257,0.0053,-0.0229,0.0685,-0.0135,0.045,1354.68,1303.5333,True,-0.0219,0.9063,1462.0,904.6949,0.0171,0.0601,132500.0,1.0138,0.371,高砂鐵工,スタンダード（内国株式）,鉄鋼
545A,2026-09-29,920.0,-0.0735,-0.0744,-0.0641,0.0314,-0.0548,0.0078,988.68,932.1333,True,-0.0695,0.902,1020.0,808.0,0.0154,0.7774,92000.0,1.4474,0.6293,トランヴィア,プライム（内国株式）,情報・通信業
5461,2026-09-29,2046.0,-0.0078,-0.0771,-0.0317,0.0312,-0.0224,0.0077,2129.9189,2078.0663,True,-0.0394,0.7946,2575.0,1871.997,0.0196,2.504,204600.0,1.3073,0.4668,中部鋼鈑,プライム（内国株式）,鉄鋼
5463,2026-09-29,1679.5,-0.0118,-0.0419,-0.0417,-0.1047,-0.0323,-0.1283,1735.7806,1759.2869,False,-0.0324,0.8452,1987.0,1223.942,0.0165,13.0739,167950.0,0.8724,0.3168,丸一鋼管,プライム（内国株式）,鉄鋼
5464,2026-09-29,910.0,-0.0162,-0.0319,-0.0401,-0.0267,-0.0308,-0.0503,935.9254,941.9885,False,-0.0277,0.8739,1041.3282,884.5902,0.012,0.2373,91000.0,1.2361,0.2845,モリ工業,スタンダード（内国株式）,鉄鋼
546A,2026-09-29,2517.0,0.0016,0.0232,0.0697,0.1227,0.079,0.0991,2409.1613,2264.8271,True,0.0448,0.9189,2739.0,1768.0,0.0317,4.7069,251700.0,0.4146,0.4808,ＭＩＲＡＩＮＩホールディングス,プライム（内国株式）,卸売業
5471,2026-09-29,2478.5,0.0185,0.0191,0.0981,-0.1012,0.1075,-0.1247,2339.5338,2429.9579,True,0.0594,0.8248,3005.0,1229.8787,0.0333,21.536,247850.0,0.8396,0.3162,大同特殊鋼,プライム（内国株式）,鉄鋼
547A,2026-09-29,431.0,-0.0115,-0.0249,-0.0465,-0.016,-0.0371,-0.0395,438.52,441.92,False,-0.0171,0.7341,587.1192,406.0,0.0181,7.7173,43100.0,0.9588,0.3083,ムニノバホールディングス,プライム（内国株式）,その他金融業
5480,2026-09-29,5270.0,-0.0113,-0.0487,-0.0556,0.1285,-0.0462,0.1049,5411.9434,5113.7145,True,-0.0262,0.9102,5790.0,3928.8247,0.0193,3.245,527000.0,0.7608,0.3435,日本冶金工業,プライム（内国株式）,鉄鋼
5482,2026-09-29,3080.0,-0.016,-0.0595,-0.0405,0.0267,-0.0312,0.0031,3199.3579,3125.1993,True,-0.0373,0.8989,3426.2492,2466.1197,0.0227,5.1497,308000.0,0.9584,0.3583,愛知製鋼,プライム（内国株式）,鉄鋼
548A,2026-09-29,930.0,-0.02,-0.0241,-0.0169,-0.0138,-0.0076,-0.0373,946.36,951.5067,True,-0.0173,0.7782,1195.0,878.0,0.0199,0.2124,93000.0,0.8205,0.2865,システムエグゼ,スタンダード（内国株式）,情報・通信業
5491,2026-09-29,893.0,-0.0111,-0.0449,-0.0418,0.0618,-0.0325,0.0383,919.76,895.7733,True,-0.0291,0.7551,1182.6281,763.8842,0.021,0.3018,89300.0,1.2979,0.3354,日本金属,スタンダード（内国株式）,鉄鋼
549A,2026-09-29,465.0,-0.0006,-0.0568,-0.1075,0.0153,-0.0982,-0.0083,501.5732,480.6311,True,-0.0729,0.6818,682.0,413.0,0.0297,0.2835,46500.0,1.5858,0.3763,ヒトトヒトホールディングス,スタンダード（内国株式）,サービス業
550A,2026-09-29,2243.0,0.0289,0.037,0.0126,0.063,0.022,0.0395,2188.595,2174.625,True,0.0249,0.4297,5220.0,1922.0,0.0289,0.0584,224300.0,0.2091,0.1802,ソフトテックス,スタンダード（内国株式）,情報・通信業
5527,2026-09-29,756.0,0.008,0.023,0.0529,0.1831,0.0622,0.1596,732.24,682.04,True,0.0324,0.8597,879.3809,577.0,0.0134,0.1286,75600.0,0.8236,0.4535,ｐｒｏｐｅｒｔｙ　ｔｅｃｈｎｏｌｏｇｉｅｓ,グロース（内国株式）,不動産業
5532,2026-09-29,3595.0,-0.031,0.0345,0.0877,0.0228,0.0971,-0.0008,3476.8,3434.9333,False,0.034,0.8189,4390.0,2135.0,0.0297,0.6636,359500.0,0.6175,0.3512,リアルゲイト,グロース（内国株式）,不動産業
5533,2026-09-29,2200.0,0.0005,0.0338,0.0984,0.1282,0.1077,0.1047,2091.9333,2017.6711,True,0.0517,0.9565,2300.0,1841.0,0.0405,0.0302,220000.0,1.976,0.2801,エリッツホールディングス,スタンダード（内国株式）,不動産業
5535,2026-09-29,279.0,-0.0106,-0.0445,-0.0071,0.0731,0.0022,0.0495,287.8337,274.9179,True,-0.0307,0.3021,923.4391,243.0,0.0286,0.5473,27900.0,0.7843,0.2113,ミガロホールディングス,プライム（内国株式）,不動産業
5537,2026-09-29,3810.0,0.0187,0.0598,0.1598,0.3941,0.1691,0.3705,3420.6,2992.7867,True,0.1138,0.9549,3990.0,264.75,0.0494,2.3273,381000.0,0.8215,0.5154,ＡｌｂａＬｉｎｋ,グロース（内国株式）,不動産業
5541,2026-09-29,2581.0,-0.0104,-0.0326,-0.0427,0.1927,-0.0333,0.1692,2643.1737,2451.6712,True,-0.0235,0.6859,3763.0389,1834.299,0.0343,6.0818,258100.0,0.9431,0.2439,大平洋金属,プライム（内国株式）,鉄鋼
5542,2026-09-29,1259.0,-0.0722,0.0957,0.3183,0.5448,0.3276,0.5212,1001.64,886.8167,True,0.2569,0.886,1421.0,686.912,0.0683,1.4734,125900.0,4.4438,0.6261,新報国マテリアル,スタンダード（内国株式）,鉄鋼
554A,2026-09-29,1377.0,-0.0227,-0.0802,-0.0664,-0.0881,-0.0571,-0.1116,1513.96,1460.24,True,-0.0905,0.4886,2818.0,1020.0,0.0339,0.2209,137700.0,0.7085,0.3896,バトンズ,グロース（内国株式）,情報・通信業
5563,2026-09-29,442.0,-0.0045,0.0161,-0.0243,0.0184,-0.015,-0.0051,438.52,438.2703,False,0.0079,0.8002,552.3308,290.4924,0.0226,2.5802,44200.0,0.7631,0.45,新日本電工,プライム（内国株式）,鉄鋼
556A,2026-09-29,2956.0,0.0089,0.156,0.2982,0.2379,0.3075,0.2143,2393.2,2287.8,False,0.2352,0.5474,5400.0,1810.0,0.0444,1.4082,295600.0,1.8634,0.6459,犬猫生活,グロース（内国株式）,小売業
5570,2026-09-29,613.0,0.0016,-0.0081,-0.0081,0.0049,0.0012,-0.0186,627.8436,620.2945,False,-0.0236,0.7017,873.5373,596.0,0.0185,0.1148,61300.0,0.8417,0.3258,ジェノバ,グロース（内国株式）,情報・通信業
5571,2026-09-29,1021.0,0.0029,0.001,-0.0039,0.0387,0.0054,0.0151,1020.4,999.7733,False,0.0006,0.7315,1395.792,900.0,0.0128,0.0158,102100.0,0.2071,0.5432,エキサイトホールディングス,スタンダード（内国株式）,情報・通信業
5572,2026-09-29,3025.0,-0.0114,0.054,0.0185,0.1675,0.0278,0.144,2937.8,2755.9867,True,0.0297,0.7396,4090.0,1851.0,0.0609,2.779,302500.0,2.3455,0.2874,Ｒｉｄｇｅ－ｉ,グロース（内国株式）,情報・通信業
5574,2026-09-29,3035.0,-0.0365,-0.0662,0.0209,0.4103,0.0302,0.3868,3015.76,2620.3067,True,0.0064,0.8431,3600.0,2041.0,0.057,6.533,303500.0,1.2025,0.3674,ＡＢＥＪＡ,グロース（内国株式）,情報・通信業
5575,2026-09-29,1225.0,-0.0137,0.0746,-0.0309,0.8421,-0.0215,0.8186,1178.04,965.6667,True,0.0399,0.9088,1348.0,582.0,0.0387,0.1743,122500.0,0.2275,0.4111,Ｇｌｏｂｅｅ,グロース（内国株式）,情報・通信業
5576,2026-09-29,3035.0,0.0017,0.01,0.0212,0.0582,0.0305,0.0347,2996.5483,2918.7694,True,0.0128,0.9567,3172.3719,2450.0,0.0133,0.0496,303500.0,0.8073,0.414,オービーシステム,スタンダード（内国株式）,情報・通信業
5578,2026-09-29,911.0,-0.0022,0.0066,0.1016,0.0796,0.1109,0.0561,878.3337,854.769,False,0.0372,0.6701,1359.5603,746.9678,0.0214,0.2804,91100.0,0.2786,0.2667,ＡＲアドバンストテクノロジ,グロース（内国株式）,情報・通信業
5580,2026-09-29,1617.0,0.0254,0.0319,-0.076,0.0709,-0.0667,0.0473,1613.52,1601.7467,True,0.0022,0.847,1909.0,1400.0,0.0364,0.0342,161700.0,0.5912,0.2956,プロディライト,グロース（内国株式）,情報・通信業
5582,2026-09-29,2087.0,-0.0024,0.018,0.0774,0.1054,0.0868,0.0819,2050.32,1953.1733,False,0.0179,0.6512,3205.0,1671.0,0.0371,0.4293,208700.0,0.8879,0.1861,グリッド,グロース（内国株式）,情報・通信業
5586,2026-09-29,930.0,-0.0064,0.0186,0.0508,0.1567,0.0602,0.1332,914.36,856.4133,True,0.0171,0.8749,1063.0,744.0,0.0276,0.58,93000.0,0.7557,0.2067,Ｌａｂｏｒｏ．ＡＩ,グロース（内国株式）,情報・通信業
5587,2026-09-29,819.0,0.025,0.0225,-0.0133,0.092,-0.0039,0.0685,808.28,822.68,False,0.0133,0.6752,1213.0,618.0,0.0324,0.1715,81900.0,1.183,0.2566,インバウンドプラットフォーム,グロース（内国株式）,情報・通信業
5588,2026-09-29,818.0,-0.1099,-0.0673,-0.0156,0.1537,-0.0063,0.1302,851.52,795.4267,True,-0.0394,0.5773,1416.8266,650.0,0.0421,0.2282,81800.0,1.7778,0.4909,ファーストアカウンティング,グロース（内国株式）,情報・通信業
5589,2026-09-29,2986.0,0.0122,0.0419,0.0195,0.1319,0.0288,0.1084,2911.6,2793.12,True,0.0256,0.996,2998.0,2429.2896,0.0171,0.0731,298600.0,0.5281,0.4562,オートサーバー,スタンダード（内国株式）,情報・通信業
558A,2026-09-29,6510.0,0.0015,0.1836,0.0923,0.5336,0.1016,0.51,5850.8,4948.0,True,0.1127,0.9702,6710.0,2951.0,0.0506,1.7302,651000.0,0.8651,0.3978,ＳＱＵＥＥＺＥ,グロース（内国株式）,サービス業
5590,2026-09-29,711.0,-0.0139,-0.03,0.0245,0.0533,0.0338,0.0298,714.0,690.4667,False,-0.0042,0.5216,1363.0,598.0,0.0258,0.6309,71100.0,0.4777,0.1961,ネットスターズ,グロース（内国株式）,情報・通信業
5591,2026-09-29,862.0,-0.0193,0.0058,0.0117,0.1744,0.0211,0.1508,871.28,810.5733,True,-0.0107,0.5709,1510.0,678.0,0.0317,0.1722,86200.0,0.7402,0.2932,ＡＶＩＬＥＮ,グロース（内国株式）,情報・通信業
5592,2026-09-29,2536.0,-0.0335,-0.092,-0.0683,0.1538,-0.059,0.1302,2682.36,2527.44,False,-0.0546,0.5495,4615.0199,2065.0,0.0297,1.0257,253600.0,0.6329,0.4038,くすりの窓口,グロース（内国株式）,情報・通信業
5597,2026-09-29,1338.0,-0.0262,-0.0381,-0.0611,0.0183,-0.0517,-0.0053,1379.28,1350.6533,False,-0.0299,0.4394,3045.0,1117.0,0.0531,0.9245,133800.0,0.8325,0.2434,ブルーイノベーション,グロース（内国株式）,情報・通信業
5599,2026-09-29,1051.0,-0.0131,-0.0085,0.0531,-0.0196,0.0624,-0.0431,1023.28,1040.48,True,0.0271,0.4218,2491.8849,835.0,0.0315,0.1278,105100.0,0.604,0.4526,Ｓ＆Ｊ,グロース（内国株式）,情報・通信業
559A,2026-09-29,1156.0,-0.0137,-0.0253,-0.0128,0.0794,-0.0035,0.0558,1169.12,1136.5313,True,-0.0112,0.8731,1324.0645,882.7097,0.0239,0.1497,115600.0,0.4648,0.2605,梅乃宿酒造,スタンダード（内国株式）,食料品
5602,2026-09-29,1609.0,-0.0153,-0.0348,-0.0899,0.1693,-0.0806,0.1458,1682.3978,1562.8259,True,-0.0436,0.8019,2006.5527,1329.0,0.0224,5.1322,160900.0,1.1935,0.2579,栗本鐵工所,プライム（内国株式）,鉄鋼
5603,2026-09-29,1291.0,-0.0107,-0.0107,-0.0242,0.0513,-0.0149,0.0278,1310.28,1281.4267,True,-0.0147,0.8105,1592.9116,1167.0,0.0137,0.0439,129100.0,0.8911,0.2484,虹技,スタンダード（内国株式）,鉄鋼
5609,2026-09-29,925.0,-0.0064,0.0076,-0.0054,0.0165,0.0039,-0.0071,917.72,921.8267,True,0.0079,0.9241,1001.0,785.8789,0.0083,0.0484,92500.0,0.5486,0.4537,日本鋳造,スタンダード（内国株式）,鉄鋼
5612,2026-09-29,1557.0,-0.0177,-0.0323,-0.0569,-0.0006,-0.0476,-0.0242,1606.68,1577.16,True,-0.0309,0.7026,2216.1966,1491.0,0.0176,0.1152,155700.0,0.7906,0.2997,日本鋳鉄管,スタンダード（内国株式）,鉄鋼
5616,2026-09-29,647.0,0.0062,0.0109,-0.0122,0.0783,-0.0029,0.0548,648.12,632.1467,False,-0.0017,0.553,1170.0,586.0,0.0167,0.0166,64700.0,0.8659,0.306,雨風太陽,グロース（内国株式）,情報・通信業
5618,2026-09-29,300.0,0.0204,0.0309,0.0638,0.0345,0.0731,0.0109,287.36,289.9467,False,0.044,0.6818,440.0,274.0,0.0157,0.0065,30000.0,0.7487,0.5091,ナイル,グロース（内国株式）,情報・通信業
5619,2026-09-29,870.0,0.0259,0.0407,-0.0387,0.0584,-0.0294,0.0349,854.72,840.6667,False,0.0179,0.7775,1119.0,790.0,0.012,0.0076,87000.0,1.3147,0.6137,マーソ,グロース（内国株式）,情報・通信業
5621,2026-09-29,1558.0,-0.0177,-0.0038,-0.0442,0.1057,-0.0349,0.0822,1596.52,1561.4533,True,-0.0241,0.6001,2596.3515,1263.0,0.0377,0.3519,155800.0,0.9852,0.2827,ヒューマンテクノロジーズ,グロース（内国株式）,情報・通信業
5631,2026-09-29,7226.0,-0.0033,-0.0305,-0.0623,-0.0587,-0.053,-0.0823,7333.3131,7625.7177,False,-0.0146,0.684,10564.5795,6694.0,0.0411,69.0108,722600.0,1.1361,0.2971,日本製鋼所,プライム（内国株式）,機械
5632,2026-09-29,2473.0,-0.0248,-0.0422,0.0016,0.1492,0.0109,0.1256,2427.5305,2287.3768,True,0.0187,0.953,2595.0,1603.3507,0.0324,3.1268,247300.0,1.4166,0.3956,三菱製鋼,プライム（内国株式）,鉄鋼
5644,2026-09-29,7300.0,0.0139,0.0041,-0.0241,-0.042,-0.0147,-0.0655,7325.6176,7462.5392,False,-0.0035,0.9419,7750.0,3630.8088,0.0106,0.2529,730000.0,0.1546,0.244,メタルアート,スタンダード（内国株式）,鉄鋼
5658,2026-09-29,401.0,-0.0099,-0.0074,-0.0147,0.1392,-0.0054,0.1157,404.32,378.1067,True,-0.0082,0.9657,415.248,331.608,0.0133,0.1045,40100.0,0.619,0.2804,日亜鋼業,スタンダード（内国株式）,鉄鋼
5659,2026-09-29,1403.0,-0.012,-0.0134,-0.0297,-0.0085,-0.0204,-0.032,1407.146,1425.262,True,-0.0029,0.8741,1605.0,1040.1204,0.0214,0.6751,140300.0,0.6951,0.3855,日本精線,プライム（内国株式）,鉄鋼
5695,2026-09-29,2920.0,0.0034,-0.0263,-0.0102,-0.0017,-0.0009,-0.0253,2976.0197,2983.3266,True,-0.0188,0.8916,3275.0,2124.2879,0.0103,0.0107,292000.0,0.4755,0.2997,パウダーテック,スタンダード（内国株式）,鉄鋼
5697,2026-09-29,819.0,-0.0109,0.0161,-0.0024,0.1956,0.0069,0.1721,819.96,762.68,True,-0.0012,0.9647,849.0,566.1455,0.0155,0.0311,81900.0,0.423,0.2674,サンユウ,スタンダード（内国株式）,鉄鋼
5698,2026-09-29,728.0,-0.0175,-0.0175,-0.0877,-0.1239,-0.0784,-0.1475,757.08,790.1692,False,-0.0384,0.599,1215.3044,456.8303,0.0251,1.0203,72800.0,0.604,0.3008,エンビプロ・ホールディングス,スタンダード（内国株式）,鉄鋼
5699,2026-09-29,1560.0,-0.0076,-0.0238,-0.0183,0.0766,-0.0089,0.0531,1599.24,1520.3467,False,-0.0245,0.5927,2632.0,1300.75,0.0163,0.0752,156000.0,0.5308,0.2958,イボキン,スタンダード（内国株式）,鉄鋼
5702,2026-09-29,1763.0,-0.0023,-0.0233,-0.0627,0.1888,-0.0534,0.1653,1832.2112,1687.2171,False,-0.0378,0.85,2074.0,1040.7587,0.0267,4.7231,176300.0,0.8041,0.2886,大紀アルミニウム工業所,プライム（内国株式）,非鉄金属
5703,2026-09-29,2877.0,-0.0161,-0.0458,-0.0521,0.0573,-0.0427,0.0338,2993.0585,2885.2595,False,-0.0388,0.864,3330.0,1978.354,0.0234,7.0564,287700.0,0.8233,0.2878,日本軽金属ホールディングス,プライム（内国株式）,非鉄金属
5704,2026-09-29,382.0,-0.0104,-0.0155,-0.0052,-0.0305,0.0041,-0.054,387.72,388.9467,False,-0.0148,0.811,471.0,362.0,0.0219,0.0361,38200.0,0.5028,0.1915,ＪＭＣ,スタンダード（内国株式）,非鉄金属
5706,2026-09-29,2272.0,0.048,-0.893,-0.9212,-0.9466,-0.9119,-0.9701,22142.4388,31509.6796,False,-0.8974,0.0394,57700.0,2087.2168,1.1094,353.08,227200.0,2.5639,0.8531,三井金属,プライム（内国株式）,非鉄金属
5707,2026-09-29,936.0,-0.0106,-0.029,-0.2277,0.2046,-0.2184,0.1811,1039.68,931.4933,False,-0.0997,0.3729,2510.0,625.0,0.0468,6.4622,93600.0,0.6271,0.1896,東邦亜鉛,プライム（内国株式）,非鉄金属
5711,2026-09-29,5030.0,-0.0034,0.0022,-0.1538,0.1657,-0.1445,0.1422,5360.1164,4801.3988,True,-0.0616,0.8194,6139.0,2501.1895,0.0318,118.1495,503000.0,0.7464,0.2034,三菱マテリアル,プライム（内国株式）,非鉄金属
5713,2026-09-29,9489.0,0.0118,0.0173,-0.1676,0.2705,-0.1583,0.2469,10235.6892,8887.6031,True,-0.0729,0.7259,13071.2699,4002.5141,0.0403,248.8684,948900.0,0.7156,0.1343,住友金属鉱山,プライム（内国株式）,非鉄金属
5714,2026-09-29,8768.0,-0.0159,-0.0177,-0.1557,0.0118,-0.1464,-0.0118,9458.56,9050.8267,False,-0.073,0.7082,12380.0,5020.229,0.0293,41.3353,876800.0,0.7616,0.1827,ＤＯＷＡホールディングス,プライム（内国株式）,非鉄金属
5715,2026-09-29,4000.0,-0.0208,-0.0232,-0.1031,0.1299,-0.0938,0.1064,4231.7864,3921.3288,True,-0.0548,0.5665,7060.4901,2657.0779,0.0349,9.8871,400000.0,0.6972,0.2508,古河機械金属,プライム（内国株式）,非鉄金属
5721,2026-09-29,51.0,-0.0192,-0.0377,-0.1053,-0.2031,-0.0959,-0.2267,56.48,58.9333,False,-0.097,0.1741,293.0,49.0,0.1008,1.3511,5100.0,2.1402,0.4667,エスクリプトエナジー,スタンダード（内国株式）,非鉄金属
5724,2026-09-29,2977.0,-0.0149,-0.035,-0.1506,0.2201,-0.1413,0.1965,3173.461,2721.6337,True,-0.0619,0.5419,5493.4716,1178.5993,0.0497,2.9488,297700.0,0.3827,0.2462,アサカ理研,スタンダード（内国株式）,非鉄金属
5726,2026-09-29,2475.0,-0.01,0.0295,-0.0579,-0.0901,-0.0485,-0.1136,2610.08,2707.8533,False,-0.0518,0.7239,3418.8206,1741.7572,0.0355,16.4574,247500.0,1.0089,0.2049,大阪チタニウムテクノロジーズ,プライム（内国株式）,非鉄金属
5729,2026-09-29,1655.0,-0.0207,0.0024,-0.128,0.1461,-0.1187,0.1226,1753.64,1614.9067,True,-0.0562,0.4053,4083.6348,1357.0,0.0257,0.2637,165500.0,0.585,0.1835,日本精鉱,スタンダード（内国株式）,非鉄金属
5741,2026-09-29,2111.0,-0.0254,-0.0512,-0.1032,-0.1725,-0.0939,-0.196,2255.9301,2428.67,False,-0.0642,0.5888,3585.0,1487.7296,0.0282,19.1292,211100.0,0.9582,0.3077,ＵＡＣＪ,プライム（内国株式）,非鉄金属
5742,2026-09-29,731.0,-0.0054,-0.0162,-0.024,0.0369,-0.0147,0.0133,746.8538,726.3513,True,-0.0212,0.9098,803.4515,679.0,0.0143,0.0165,73100.0,1.4469,0.3224,エヌアイシ・オートテック,スタンダード（内国株式）,非鉄金属
5753,2026-09-29,2561.0,-0.0019,-0.0062,-0.0321,0.1015,-0.0228,0.078,2559.3573,2428.5724,True,0.0006,0.8294,3087.7326,2142.4878,0.0183,0.0722,256100.0,0.9147,0.3971,日本伸銅,スタンダード（内国株式）,非鉄金属
5757,2026-09-29,4995.0,-0.0109,0.0071,-0.0784,-0.0558,-0.0691,-0.0793,5098.0941,5182.898,True,-0.0202,0.8568,5830.0,3699.7368,0.0247,0.4483,499500.0,1.0841,0.2678,ＣＫサンエツ,プライム（内国株式）,非鉄金属
575A,2026-09-29,1916.0,-0.0073,0.0,-0.0149,0.3608,-0.0056,0.3373,1911.32,1725.2667,False,0.0024,0.9614,1993.0,1353.0,0.0181,1.5836,191600.0,0.7686,0.3926,前澤ホールディングス,プライム（内国株式）,機械
5801,2026-09-29,3684.0,-0.0238,-0.021,-0.099,-0.2211,-0.0897,-0.2447,3847.0327,3929.2109,False,-0.0424,0.5903,6241.0,857.1331,0.0618,803.782,368400.0,0.8252,0.1915,古河電気工業,プライム（内国株式）,非鉄金属
5802,2026-09-29,2173.5,-0.0034,0.059,-0.0361,-0.2574,-0.0268,-0.281,2142.336,2415.292,False,0.0145,0.5855,3712.5,1003.7948,0.0412,367.8144,217350.0,0.8165,0.3055,住友電気工業,プライム（内国株式）,非鉄金属
5803,2026-09-29,4931.0,-0.0014,0.0131,-0.1035,-0.2095,-0.0941,-0.2331,5104.0426,5084.9742,False,-0.0339,0.6216,7933.0,2197.9631,0.0491,1794.3614,493100.0,0.6654,0.1692,フジクラ,プライム（内国株式）,非鉄金属
5805,2026-09-29,2596.0,0.022,-0.7991,-0.8222,-0.8073,-0.8129,-0.8308,12005.7773,12381.9258,False,-0.7838,0.1327,19570.0,2492.6119,0.492,37.5228,259600.0,1.3145,0.8697,ＳＷＣＣ,プライム（内国株式）,非鉄金属
5816,2026-09-29,1441.0,0.0056,0.0056,-0.027,-0.1392,-0.0177,-0.1627,1450.44,1563.2414,False,-0.0065,0.6398,2252.2452,1023.6682,0.0128,0.2137,144100.0,0.5589,0.1953,オーナンバ,スタンダード（内国株式）,非鉄金属
5817,2026-09-29,1175.0,0.0009,0.0682,0.1364,0.3041,0.1457,0.2806,1067.32,985.52,True,0.1009,0.456,2577.0,431.354,0.0363,0.5104,117500.0,0.4775,0.4432,ＪＭＡＣＳ,スタンダード（内国株式）,非鉄金属
5819,2026-09-29,1725.0,-0.0006,-0.0143,-0.0254,-0.021,-0.0161,-0.0445,1751.04,1749.8434,True,-0.0149,0.8181,2108.4443,1672.6206,0.0104,0.097,172500.0,1.0917,0.2677,カナレ電気,スタンダード（内国株式）,非鉄金属
5820,2026-09-29,887.0,-0.0144,-0.0199,0.1143,0.197,0.1236,0.1735,848.32,772.68,True,0.0456,0.6963,1273.8198,598.1756,0.0387,0.4798,88700.0,2.1651,0.3646,三ッ星,スタンダード（内国株式）,非鉄金属
5821,2026-09-29,3100.0,-0.0181,-0.0064,-0.0358,-0.1842,-0.0265,-0.2078,3133.0277,3329.6892,False,-0.0105,0.6623,4680.6771,1926.7255,0.0297,1.4326,310000.0,0.7661,0.2789,平河ヒューテック,プライム（内国株式）,非鉄金属
5830,2026-09-29,3884.0,-0.0125,0.0101,-0.0109,0.2338,-0.0016,0.2103,3884.636,3576.572,True,-0.0002,0.9434,4117.0,1981.7062,0.031,39.5696,388400.0,1.0389,0.2542,いよぎんホールディングス,プライム（内国株式）,銀行業
5831,2026-09-29,3544.0,-0.0114,0.0117,-0.0205,0.1716,-0.0111,0.148,3559.3952,3340.2051,True,-0.0043,0.9547,3712.0,1863.985,0.0273,67.1123,354400.0,0.9662,0.2466,しずおかフィナンシャルグループ,プライム（内国株式）,銀行業
5832,2026-09-29,3680.0,-0.02,0.0135,0.0535,0.1952,0.0629,0.1717,3552.729,3356.5097,True,0.0358,0.9734,3780.6516,1988.2636,0.0263,15.0083,368000.0,1.3591,0.3697,ちゅうぎんフィナンシャルグループ,プライム（内国株式）,銀行業
5834,2026-09-29,2814.0,-0.0109,-0.0028,0.0403,0.0527,0.0496,0.0292,2773.0746,2705.8382,True,0.0148,0.8145,3455.0449,2155.0,0.0185,1.1822,281400.0,0.5953,0.3224,ＳＢＩリーシングサービス,グロース（内国株式）,証券、商品先物取引業
5838,2026-09-29,6135.0,-0.0346,-0.0068,-0.0566,0.1867,-0.0473,0.1631,6366.4,5770.2267,True,-0.0363,0.6585,9317.0,4342.0,0.0348,67.6762,613500.0,0.9101,0.242,楽天銀行,プライム（内国株式）,銀行業
5842,2026-09-29,2894.0,-0.0166,-0.0385,-0.0196,0.0543,-0.0103,0.0307,2993.16,2929.629,False,-0.0331,0.7104,4073.776,2686.0,0.0252,3.0612,289400.0,0.8321,0.2125,インテグラル,グロース（内国株式）,証券、商品先物取引業
5843,2026-09-29,2285.0,-0.0009,-0.0151,-0.0379,0.0251,-0.0286,0.0016,2344.2357,2318.3852,True,-0.0253,0.7254,3150.0,1976.0,0.0168,0.1553,228500.0,0.4565,0.2427,ニッポンインシュア,スタンダード（内国株式）,その他金融業
5844,2026-09-29,4782.0,-0.0195,-0.0205,-0.0169,0.0641,-0.0075,0.0405,4865.2194,4724.5798,True,-0.0171,0.926,5164.0,2820.8487,0.0284,42.3184,478200.0,0.9637,0.2401,京都フィナンシャルグループ,プライム（内国株式）,銀行業
5845,2026-09-29,1214.0,-0.0016,-0.0049,-0.0178,0.2128,-0.0085,0.1892,1217.04,1119.1467,True,-0.0025,0.9567,1269.0,845.6893,0.0156,0.3549,121400.0,0.5257,0.3434,全保連,スタンダード（内国株式）,その他金融業
5851,2026-09-29,2694.0,-0.0146,-0.0285,-0.0257,0.0382,-0.0164,0.0146,2744.08,2664.6396,True,-0.0183,0.896,3006.7472,2314.1653,0.0228,3.7311,269400.0,1.0681,0.3565,リョービ,プライム（内国株式）,非鉄金属
5852,2026-09-29,656.0,-0.0046,-0.0209,-0.0423,-0.0493,-0.033,-0.0728,676.2812,691.7737,False,-0.03,0.7052,930.2857,638.0,0.0151,0.6297,65600.0,0.8345,0.3429,アーレスティ,プライム（内国株式）,非鉄金属
5857,2026-09-29,3525.0,-0.0154,-0.0289,-0.1242,0.2043,-0.1149,0.1808,3779.9715,3369.4972,True,-0.0675,0.7607,4634.0616,2027.4224,0.03,23.2869,352500.0,0.7141,0.2415,ＡＲＥホールディングス,プライム（内国株式）,非鉄金属
5858,2026-09-29,1195.0,0.011,0.0101,0.0311,-0.0906,0.0404,-0.1141,1179.96,1255.1333,True,0.0127,0.4867,2455.5157,994.0,0.0202,0.0726,119500.0,0.8125,0.2237,ＳＴＧ,グロース（内国株式）,非鉄金属
5867,2026-09-29,1368.0,0.0015,0.0443,0.0806,0.2106,0.0899,0.1871,1292.8,1217.3867,True,0.0582,0.9723,1407.0,1100.0,0.0196,0.0235,136800.0,1.2251,0.5413,エスネットワークス,グロース（内国株式）,サービス業
5868,2026-09-29,1043.0,-0.0123,0.001,0.0368,0.0514,0.0461,0.0279,1040.24,1000.0933,True,0.0027,0.8703,1198.4171,795.6784,0.0207,0.0922,104300.0,2.2426,0.2735,ロココ,スタンダード（内国株式）,サービス業
5869,2026-09-29,1267.0,-0.0024,0.0088,0.0064,0.0629,0.0157,0.0394,1258.2,1228.6667,False,0.007,0.9606,1319.0,1135.7627,0.0078,0.0755,126700.0,0.7705,0.1928,早稲田学習研究会,スタンダード（内国株式）,サービス業
5870,2026-09-29,900.0,-0.0142,0.0,-0.0044,0.2179,0.0049,0.1943,898.24,827.1333,True,0.002,0.769,1170.4009,705.0,0.016,0.0697,90000.0,0.5483,0.3831,ナルネットコミュニケーションズ,グロース（内国株式）,サービス業
5871,2026-09-29,1338.0,-0.0169,-0.036,-0.0198,-0.0015,-0.0105,-0.025,1387.88,1359.1733,True,-0.0359,0.7729,1731.25,1242.6528,0.0299,0.2766,133800.0,0.8797,0.3425,ＳＯＬＩＺＥ　Ｈｏｌｄｉｎｇｓ,スタンダード（内国株式）,サービス業
5884,2026-09-29,600.0,-0.0017,0.0169,-0.0551,0.1429,-0.0458,0.1193,616.2,581.3467,True,-0.0263,0.8955,670.0,376.0,0.032,0.0965,60000.0,0.6113,0.1874,クラダシ,グロース（内国株式）,小売業
5885,2026-09-29,3070.0,-0.0207,-0.0269,-0.0683,0.0945,-0.059,0.0709,3230.6,2977.3867,True,-0.0497,0.8457,3630.0,2366.0449,0.0402,1.4175,307000.0,0.5559,0.2907,ジーデップ・アドバンス,スタンダード（内国株式）,卸売業
5888,2026-09-29,2783.0,0.0153,0.0168,-0.018,-0.08,-0.0087,-0.1035,2821.28,2853.1333,False,-0.0136,0.6397,4350.5613,2644.0,0.0155,0.1192,278300.0,1.3495,0.3291,ＤＡＩＷＡ　ＣＹＣＬＥ,グロース（内国株式）,小売業
5889,2026-09-29,2249.0,-0.011,-0.0097,-0.1409,-0.0173,-0.1316,-0.0408,2491.36,2413.5287,True,-0.0973,0.8229,2733.0,1753.517,0.0414,5.1606,224900.0,1.9217,0.4008,Ｊａｐａｎ　Ｅｙｅｗｅａｒ　Ｈｏｌｄｉｎｇｓ,プライム（内国株式）,小売業
5891,2026-09-29,1692.0,-0.0041,0.0083,0.0138,0.0588,0.0231,0.0353,1684.16,1637.5867,True,0.0047,0.9072,1865.0804,1261.0,0.0106,0.0707,169200.0,0.7014,0.2333,ＳＡＫＩＧＡＫＥホールディングス,スタンダード（内国株式）,小売業
5892,2026-09-29,2975.0,-0.0077,0.0512,0.1671,0.4533,0.1764,0.4298,2660.0,2301.2933,True,0.1184,0.5645,5270.0,1863.0,0.0548,2.9542,297500.0,1.5517,0.3215,ｙｕｔｏｒｉ,グロース（内国株式）,小売業
5900,2026-09-29,851.0,-0.0241,-0.0351,-0.0534,0.0,-0.0441,-0.0235,878.84,859.16,True,-0.0317,0.929,916.0,767.6997,0.0186,0.016,85100.0,0.8456,0.4099,ダイケン,スタンダード（内国株式）,金属製品
5901,2026-09-29,4379.0,-0.0151,-0.0597,-0.0282,0.0725,-0.0189,0.049,4504.7747,4252.6182,True,-0.0279,0.9395,4661.0,3116.0,0.0203,16.9434,437900.0,1.6427,0.4609,東洋製罐グループホールディングス,プライム（内国株式）,金属製品
5902,2026-09-29,2665.0,-0.0152,-0.0414,-0.0669,0.1428,-0.0576,0.1193,2735.5503,2509.2768,True,-0.0258,0.9244,2883.0,2072.8404,0.0151,0.5887,266500.0,1.1037,0.3729,ホッカンホールディングス,プライム（内国株式）,金属製品
5905,2026-09-29,1367.0,-0.0022,0.0051,0.0037,0.0022,0.013,-0.0213,1365.68,1354.9067,True,0.001,0.9695,1410.0,1152.0963,0.0109,0.0119,136700.0,1.0802,0.3885,日本製罐,スタンダード（内国株式）,金属製品
5906,2026-09-29,780.0,0.0078,0.0,0.0345,-0.0026,0.0438,-0.0261,770.32,775.8667,True,0.0126,0.786,992.4228,489.8182,0.0131,0.034,78000.0,0.5118,0.2448,エムケー精工,スタンダード（内国株式）,金属製品
5909,2026-09-29,932.0,-0.0271,-0.0509,-0.0421,-0.0332,-0.0328,-0.0567,964.0029,977.321,True,-0.0332,0.8518,1094.1104,882.1881,0.0149,0.1438,93200.0,1.0945,0.3673,コロナ,スタンダード（内国株式）,金属製品
590A,2026-09-29,1137.0,-0.0215,-0.1117,-0.1327,0.1427,-0.1234,0.1192,1282.48,1142.7467,True,-0.1134,0.7852,1448.0,942.0,0.0372,2.3392,113700.0,0.678,0.4139,ギフティグループ,プライム（内国株式）,情報・通信業
5911,2026-09-29,2935.0,-0.0068,-0.0345,-0.0298,0.0335,-0.0204,0.0099,2979.4443,2916.9748,True,-0.0149,0.9171,3200.1325,2641.457,0.0143,2.7929,293500.0,0.9033,0.3018,横河ブリッジホールディングス,プライム（内国株式）,金属製品
5915,2026-09-29,2421.0,0.0033,-0.0025,-0.0277,0.0395,-0.0184,0.016,2439.4492,2328.5364,True,-0.0076,0.8366,2894.0,1575.1863,0.0199,0.0719,242100.0,0.3158,0.1692,駒井ハルテック,スタンダード（内国株式）,金属製品
5918,2026-09-29,7660.0,-0.0167,-0.0353,-0.0179,0.0774,-0.0086,0.0538,7896.4,7445.2,True,-0.0299,0.9433,8120.0,6830.0,0.0046,0.013,766000.0,0.5152,0.9714,瀧上工業,スタンダード（内国株式）,金属製品
5921,2026-09-29,4360.0,0.0211,-0.0091,0.0023,0.108,0.0116,0.0845,4371.6766,4172.4255,True,-0.0027,0.9417,4630.0,3900.0,0.0138,0.0696,436000.0,2.2746,0.3788,川岸工業,スタンダード（内国株式）,金属製品
5922,2026-09-29,20010.0,0.002,0.005,-0.0094,0.1395,-0.0001,0.116,20136.8,19193.6,True,-0.0063,0.9718,20590.0,13540.5127,0.0106,0.0676,2001000.0,0.4605,0.363,那須電機鉄工,スタンダード（内国株式）,金属製品
5923,2026-09-29,1182.0,0.0017,-0.0142,0.0111,0.0678,0.0204,0.0442,1177.1258,1143.6553,True,0.0041,0.8788,1345.0,1008.0,0.0114,0.0247,118200.0,1.2911,0.2935,高田機工,スタンダード（内国株式）,金属製品
5928,2026-09-29,287.0,-0.0035,-0.0137,-0.0035,0.0513,0.0058,0.0277,289.2811,283.227,True,-0.0079,0.8845,324.4777,246.5636,0.0094,0.0153,28700.0,0.3477,0.2585,アルメタックス,スタンダード（内国株式）,金属製品
5929,2026-09-29,3445.0,-0.0014,-0.0185,-0.0483,-0.0908,-0.039,-0.1143,3525.8147,3647.8182,True,-0.0229,0.7758,4440.6903,3258.0,0.0183,23.0166,344500.0,1.1162,0.3385,三和ホールディングス,プライム（内国株式）,金属製品
5930,2026-09-29,1848.0,-0.0186,-0.0385,-0.0238,-0.0365,-0.0145,-0.06,1892.0831,1890.4277,True,-0.0233,0.7924,2332.1616,1768.0,0.0166,1.9195,184800.0,0.9108,0.2973,文化シヤッター,プライム（内国株式）,金属製品
5932,2026-09-29,654.0,-0.0106,-0.0106,-0.0239,0.0447,-0.0146,0.0212,659.2,647.0267,True,-0.0079,0.906,721.8462,566.7962,0.014,0.4893,65400.0,0.9848,0.35,三協立山,プライム（内国株式）,金属製品
5933,2026-09-29,1087.0,-0.0225,-0.0207,-0.0473,0.0333,-0.038,0.0097,1116.5725,1092.6042,True,-0.0265,0.921,1180.2226,1000.0,0.0138,0.4331,108700.0,1.0604,0.3236,アルインコ,プライム（内国株式）,金属製品
5936,2026-09-29,907.0,0.0033,-0.0077,0.0078,-0.0098,0.0171,-0.0334,908.16,905.4533,True,-0.0013,0.9486,956.1128,823.2132,0.0106,0.0698,90700.0,0.9351,0.2507,東洋シヤッター,スタンダード（内国株式）,金属製品
5938,2026-09-29,1675.0,-0.0048,-0.0467,-0.0547,-0.0715,-0.0454,-0.0951,1741.0031,1779.1077,True,-0.0379,0.8665,1933.0,1571.5,0.0121,35.8491,167500.0,1.0916,0.4329,ＬＩＸＩＬ,プライム（内国株式）,金属製品
5939,2026-09-29,4630.0,-0.0043,-0.0022,-0.0444,-0.0731,-0.0351,-0.0966,4743.2,4857.9333,False,-0.0239,0.438,10570.8353,4630.0,0.0066,0.0595,463000.0,1.9596,0.2306,大谷工業,スタンダード（内国株式）,金属製品
5940,2026-09-29,749.0,-0.004,0.0013,-0.0222,0.0594,-0.0129,0.0359,754.72,731.04,True,-0.0076,0.7157,1046.5634,662.0,0.0141,0.1251,74900.0,0.7971,0.3027,不二サッシ,スタンダード（内国株式）,金属製品
5941,2026-09-29,2688.0,-0.0096,-0.0114,-0.041,0.0726,-0.0317,0.0491,2735.6,2649.6533,True,-0.0174,0.9356,2873.0,2249.9805,0.0127,0.0477,268800.0,0.6977,0.3105,中西製作所,スタンダード（内国株式）,金属製品
5942,2026-09-29,686.0,0.0239,0.0786,0.0702,0.1154,0.0795,0.0919,643.76,637.12,True,0.0656,0.9594,715.0,500.8065,0.0159,0.2787,68600.0,0.7111,0.5673,日本フイルコン,スタンダード（内国株式）,金属製品
5943,2026-09-29,2203.0,-0.0103,-0.017,-0.0949,-0.0355,-0.0856,-0.059,2314.32,2314.6299,True,-0.0481,0.8645,2548.2862,1750.012,0.014,1.9559,220300.0,1.0541,0.2425,ノーリツ,プライム（内国株式）,金属製品
5945,2026-09-29,2300.0,0.0044,0.02,-0.0043,-0.0793,0.005,-0.1028,2300.32,2411.0,False,-0.0001,0.8812,2610.1761,1941.1976,0.0129,0.0405,230000.0,0.8325,0.2705,天龍製鋸,スタンダード（内国株式）,金属製品
5946,2026-09-29,1978.0,-0.0025,-0.0149,-0.0412,-0.0045,-0.0319,-0.0281,2048.84,2029.2869,True,-0.0346,0.9004,2196.6876,1818.1304,0.0144,1.1693,197800.0,0.8401,0.1895,長府製作所,プライム（内国株式）,金属製品
5947,2026-09-29,3388.0,0.0012,-0.032,-0.0576,-0.048,-0.0483,-0.0716,3514.7514,3554.6638,True,-0.0361,0.7706,4396.6023,3211.0,0.0181,11.5089,338800.0,1.0715,0.3264,リンナイ,プライム（内国株式）,金属製品
5949,2026-09-29,1286.0,-0.0039,-0.0396,-0.0338,0.0646,-0.0245,0.041,1325.0199,1286.98,True,-0.0294,0.8741,1471.2051,1101.6931,0.0187,2.2135,128600.0,1.0952,0.3499,ユニプレス,プライム（内国株式）,輸送用機器
5950,2026-09-29,149.0,-0.0132,-0.0197,-0.057,0.0567,-0.0476,0.0332,153.8,147.72,True,-0.0312,0.6341,234.995,136.0,0.0192,0.0194,14900.0,0.6114,0.14,日本パワーファスニング,スタンダード（内国株式）,金属製品
5951,2026-09-29,1130.0,-0.0062,-0.0096,-0.07,-0.056,-0.0606,-0.0795,1176.36,1125.8933,True,-0.0394,0.8206,1377.0,817.5143,0.025,0.1117,113000.0,0.3407,0.1914,ダイニチ工業,スタンダード（内国株式）,金属製品
5952,2026-09-29,188.0,-0.0105,-0.0157,-0.0259,0.0621,-0.0166,0.0386,190.36,185.4933,True,-0.0124,0.6775,277.5,163.5789,0.0182,0.0302,18800.0,1.1301,0.2042,アマテイ,スタンダード（内国株式）,金属製品
5955,2026-09-29,81.0,-0.0122,-0.0122,-0.0471,0.0125,-0.0377,-0.011,83.0,82.0267,False,-0.0241,0.527,153.6975,74.3697,0.0229,0.6018,8100.0,0.6534,0.2154,ワイズホールディングス,スタンダード（内国株式）,金属製品
5956,2026-09-29,577.0,0.007,-0.0052,0.0141,-0.012,0.0234,-0.0355,575.5179,580.1593,True,0.0026,0.6966,828.3142,521.3854,0.0069,0.0274,57700.0,1.4052,0.3754,トーソー,スタンダード（内国株式）,金属製品
5957,2026-09-29,762.0,-0.0193,-0.0091,-0.0168,-0.0052,-0.0075,-0.0288,769.32,773.2845,True,-0.0095,0.9407,810.0,588.795,0.0151,0.6672,76200.0,0.8802,0.4348,日東精工,プライム（内国株式）,金属製品
5958,2026-09-29,4290.0,-0.0012,-0.0283,-0.0744,-0.0228,-0.0651,-0.0463,4480.2137,4532.2046,True,-0.0425,0.8149,5264.5767,3826.5674,0.0153,0.1096,429000.0,0.5921,0.2963,三洋工業,スタンダード（内国株式）,金属製品
5959,2026-09-29,928.0,-0.018,-0.0273,-0.0242,0.0415,-0.0149,0.018,946.44,918.5173,True,-0.0195,0.8893,1043.4885,850.0029,0.011,0.7104,92800.0,0.866,0.3524,岡部,プライム（内国株式）,金属製品
5962,2026-09-29,2160.0,0.0,0.0405,0.0537,0.1077,0.063,0.0841,2072.24,1979.8267,True,0.0424,1.0,2160.0,1535.2164,0.012,0.0148,216000.0,0.6795,0.3326,浅香工業,スタンダード（内国株式）,その他製品
5965,2026-09-29,1196.0,-0.0033,-0.0099,0.0076,0.0641,0.0169,0.0405,1201.16,1167.2501,True,-0.0043,0.9269,1290.3445,983.4603,0.0169,0.1253,119600.0,1.0568,0.2424,フジマック,スタンダード（内国株式）,金属製品
5966,2026-09-29,2838.0,0.01,0.0511,0.0669,0.1249,0.0762,0.1013,2684.9767,2591.6856,True,0.057,0.9961,2849.0,2336.5165,0.0212,0.017,283800.0,1.5429,0.3598,京都機械工具,スタンダード（内国株式）,金属製品
5967,2026-09-29,440.0,0.0115,-0.0068,-0.0351,0.0577,-0.0258,0.0341,455.84,462.36,True,-0.0347,0.7027,626.1492,404.0,0.0239,0.1272,44000.0,1.0011,0.3333,ＴＯＮＥ,スタンダード（内国株式）,金属製品
5970,2026-09-29,2215.0,-0.0173,-0.0294,-0.0432,0.0721,-0.0339,0.0486,2271.2562,2180.4721,True,-0.0248,0.926,2392.0,1736.4221,0.0189,2.3142,221500.0,0.9366,0.3445,ジーテクト,プライム（内国株式）,金属製品
5971,2026-09-29,8800.0,0.0023,0.0173,0.0514,0.0732,0.0607,0.0496,8536.4,8162.4,True,0.0309,0.9854,8930.0,6116.8579,0.0188,0.0871,880000.0,1.4165,0.3212,共和工業所,スタンダード（内国株式）,金属製品
5973,2026-09-29,610.0,0.0066,0.0016,-0.0033,0.0016,0.006,-0.0219,612.3194,608.5198,False,-0.0038,0.8985,678.9171,497.6098,0.0129,0.0126,61000.0,0.6999,0.2678,トーアミ,スタンダード（内国株式）,金属製品
5974,2026-09-29,845.0,-0.0117,0.0096,-0.0082,-0.0105,0.0011,-0.0341,845.8,845.6533,True,-0.0009,0.897,941.9907,530.3563,0.0075,0.0114,84500.0,0.8544,0.4247,中国工業,スタンダード（内国株式）,金属製品
5975,2026-09-29,3310.0,-0.025,-0.0293,0.0425,0.2524,0.0518,0.2288,3304.6058,2952.3353,True,0.0016,0.9169,3610.0,2097.8789,0.0265,3.9088,331000.0,0.8616,0.3358,東プレ,プライム（内国株式）,金属製品
5976,2026-09-29,1427.0,-0.0131,-0.0448,-0.0698,0.1122,-0.0604,0.0887,1492.1991,1400.333,True,-0.0437,0.9043,1578.0,1130.7178,0.0147,1.2103,142700.0,1.1454,0.4186,高周波熱錬,プライム（内国株式）,金属製品
5981,2026-09-29,1860.0,-0.019,-0.0368,-0.0466,-0.0338,-0.0373,-0.0573,1893.1737,1952.3646,True,-0.0175,0.8603,2162.0,1379.9732,0.0261,1.5217,186000.0,0.8823,0.3398,東京製綱,プライム（内国株式）,金属製品
5982,2026-09-29,4050.0,-0.0061,-0.0194,-0.0276,0.0699,-0.0183,0.0463,4129.3335,3972.3157,True,-0.0192,0.9521,4253.7219,3296.3159,0.0105,0.1106,405000.0,0.6189,0.3059,マルゼン,スタンダード（内国株式）,金属製品
5983,2026-09-29,13890.0,0.0098,-0.0007,0.0304,0.0102,0.0397,-0.0134,13638.9194,13849.1065,True,0.0184,0.8595,16160.0,8879.6069,0.016,0.2742,1389000.0,1.3063,0.3951,イワブチ,スタンダード（内国株式）,金属製品
5984,2026-09-29,764.0,-0.002,-0.0255,-0.0142,0.0538,-0.0049,0.0303,776.1695,748.1632,True,-0.0157,0.8321,918.1532,644.3019,0.0156,0.0302,76400.0,0.5324,0.3704,兼房,スタンダード（内国株式）,金属製品
5985,2026-09-29,2316.0,-0.0394,0.0697,0.0026,0.352,0.0119,0.3285,2203.8003,1807.0134,True,0.0509,0.9062,2555.799,861.3862,0.0613,17.0164,231600.0,0.5852,0.4669,サンコール,スタンダード（内国株式）,金属製品
5986,2026-09-29,286.0,-0.0272,0.1042,0.1172,0.2489,0.1265,0.2254,260.92,246.3333,True,0.0961,0.9316,307.0,177.3691,0.027,0.2966,28600.0,3.0255,0.6741,モリテック　スチール,スタンダード（内国株式）,金属製品
5987,2026-09-29,1650.0,-0.009,0.0217,-0.0196,-0.073,-0.0103,-0.0966,1659.12,1739.9295,False,-0.0055,0.582,2835.1829,1536.0,0.0252,0.0692,165000.0,3.4133,0.9846,オーネックス,スタンダード（内国株式）,金属製品
5988,2026-09-29,1664.0,-0.0048,-0.0286,-0.0359,0.0639,-0.0266,0.0404,1696.1746,1664.2315,True,-0.019,0.9302,1788.8194,1505.0,0.0143,1.3018,166400.0,0.8623,0.3262,パイオラックス,プライム（内国株式）,金属製品
5989,2026-09-29,1443.0,-0.0137,-0.0328,-0.0494,-0.0538,-0.0401,-0.0773,1489.4763,1517.0121,False,-0.0312,0.7907,1825.0,1139.6596,0.0191,1.9032,144300.0,0.7482,0.3769,エイチワン,プライム（内国株式）,金属製品
5991,2026-09-29,3386.0,-0.0035,0.0251,-0.0082,-0.1284,0.0011,-0.152,3362.0319,3622.0373,False,0.0071,0.7802,4340.0,1959.0335,0.0243,21.6061,338600.0,0.8746,0.317,日本発條,プライム（内国株式）,金属製品
5992,2026-09-29,3680.0,-0.0041,-0.0147,-0.0067,-0.0303,0.0026,-0.0538,3694.6313,3736.8771,False,-0.004,0.8762,4200.0,3044.9047,0.0116,0.7525,368000.0,0.4386,0.2558,中央発條,スタンダード（内国株式）,金属製品
5994,2026-09-29,987.0,0.002,-0.013,-0.0285,0.0281,-0.0192,0.0046,1012.3544,994.7715,False,-0.025,0.4595,2148.1545,906.0,0.019,0.0532,98700.0,0.2896,0.1818,ファインシンター,スタンダード（内国株式）,金属製品
5997,2026-09-29,908.0,-0.0022,0.0145,-0.0055,-0.0066,0.0038,-0.0301,901.2,896.84,True,0.0075,0.9458,960.0,663.7606,0.023,0.0328,90800.0,0.6923,0.3308,協立エアテック,スタンダード（内国株式）,金属製品
5998,2026-09-29,2846.0,0.0081,0.0274,0.0297,-0.0203,0.039,-0.0439,2712.12,2717.2267,True,0.0494,0.8051,3535.0,1087.3474,0.0387,0.3051,284600.0,0.4944,0.3023,アドバネクス,スタンダード（内国株式）,金属製品
6005,2026-09-29,3043.0,-0.0321,-0.0434,-0.0556,-0.0321,-0.0462,-0.0557,3152.7401,3165.34,False,-0.0348,0.8631,3525.7201,2729.8923,0.0234,11.2955,304300.0,0.9542,0.3389,三浦工業,プライム（内国株式）,機械
6013,2026-09-29,2943.0,-0.0027,-0.0429,-0.0506,-0.187,-0.0413,-0.2106,3010.4184,3305.0728,False,-0.0224,0.7806,3770.0,2129.0409,0.0206,5.8108,294300.0,0.9939,0.3349,タクマ,プライム（内国株式）,機械
6016,2026-09-29,11580.0,-0.0034,-0.0631,0.0575,0.4846,0.0668,0.4611,11189.1197,9598.9066,True,0.0349,0.681,17005.0495,6910.0,0.0524,13.9672,1158000.0,0.8943,0.3493,ジャパンエンジンコーポレーション,スタンダード（内国株式）,輸送用機器
6018,2026-09-29,6480.0,0.0327,0.1231,0.1039,0.0927,0.1132,0.0692,6025.9198,5980.6399,True,0.0754,0.9657,6710.0,3040.8672,0.025,0.0586,648000.0,0.9614,0.5557,阪神内燃機工業,スタンダード（内国株式）,輸送用機器
6022,2026-09-29,2841.0,-0.0059,-0.0396,0.0601,0.1319,0.0694,0.1083,2849.4,2647.96,True,-0.0029,0.4677,6073.8473,2250.0,0.0134,0.0599,284100.0,1.051,0.3665,赤阪鐵工所,スタンダード（内国株式）,機械
6023,2026-09-29,3255.0,-0.0052,-0.0269,0.0857,0.271,0.095,0.2474,3166.0821,2883.5874,True,0.0281,0.9247,3520.0,1974.0,0.036,5.0966,325500.0,0.9543,0.3666,ダイハツインフィニアース,スタンダード（内国株式）,輸送用機器
6027,2026-09-29,5050.0,0.013,-0.0901,-0.0175,1.2306,-0.0082,1.207,5179.8,3369.4,True,-0.0251,0.832,6070.0,1998.0,0.0705,17.5515,505000.0,0.9257,0.3398,弁護士ドットコム,プライム（内国株式）,サービス業
6029,2026-09-29,191.0,0.0,-0.0052,0.0053,0.0214,0.0146,-0.0022,187.32,190.08,False,0.0196,0.752,254.0,134.0,0.0251,0.0467,19100.0,0.9095,0.3343,アトラグループ,スタンダード（内国株式）,サービス業
6030,2026-09-29,1667.0,0.0146,-0.048,0.1158,0.2141,0.1251,0.1906,1647.36,1483.5445,True,0.0119,0.5448,3059.9358,1127.0846,0.0419,0.2736,166700.0,1.357,0.3364,アドベンチャー,グロース（内国株式）,サービス業
6031,2026-09-29,277.0,-0.0107,-0.0072,0.0297,-0.0382,0.0391,-0.0617,280.48,268.04,True,-0.0124,0.6821,406.0758,218.0,0.0395,0.1952,27700.0,0.517,0.3569,ＺＥＴＡ,グロース（内国株式）,サービス業
6033,2026-09-29,1673.0,-0.0262,-0.0527,0.0115,0.2001,0.0208,0.1766,1698.68,1582.28,True,-0.0151,0.9315,1796.0,1185.3543,0.0259,0.4439,167300.0,0.8686,0.2837,エクストリーム,グロース（内国株式）,サービス業
6034,2026-09-29,630.0,0.0277,0.0751,-0.0094,0.0032,-0.0001,-0.0204,613.84,624.7733,False,0.0263,0.8774,718.0,571.0,0.0338,0.0492,63000.0,1.9496,0.2772,ＭＲＴ,グロース（内国株式）,サービス業
6035,2026-09-29,737.0,-0.0107,0.0124,-0.0094,0.0439,-0.0001,0.0204,734.1259,720.4686,False,0.0039,0.8358,881.8059,693.0,0.0186,0.266,73700.0,1.2863,0.4754,アイ・アールジャパンホールディングス,スタンダード（内国株式）,サービス業
6036,2026-09-29,3420.0,-0.0243,-0.0591,0.0621,0.2592,0.0714,0.2357,3462.0,3046.6644,True,-0.0121,0.906,3775.0,2423.4784,0.0326,5.0839,342000.0,0.7696,0.3006,ＫｅｅＰｅｒ技研,プライム（内国株式）,サービス業
6037,2026-09-29,1063.0,-0.0093,-0.0019,-0.0148,-0.0086,-0.0055,-0.0321,1068.0,1051.3153,True,-0.0047,0.7288,1458.488,875.4295,0.0302,0.5626,106300.0,1.5849,0.2837,楽待,スタンダード（内国株式）,サービス業
6038,2026-09-29,841.0,0.0,0.0084,0.0108,0.0473,0.0201,0.0238,829.2,832.9768,False,0.0142,0.8338,1008.667,790.0,0.0105,0.037,84100.0,0.4416,0.4177,イード,グロース（内国株式）,サービス業
6039,2026-09-29,991.0,-0.0139,-0.0188,-0.048,-0.0544,-0.0387,-0.0779,1017.24,1030.6,False,-0.0258,0.6174,1605.0,866.358,0.0197,0.4168,99100.0,0.5707,0.3077,日本動物高度医療センター,グロース（内国株式）,サービス業
6040,2026-09-29,453.0,-0.0088,-0.0174,-0.0258,-0.075,-0.0165,-0.0985,463.4,476.6941,True,-0.0224,0.7674,590.2997,425.1521,0.0189,0.108,45300.0,0.6151,0.2683,日本スキー場開発,グロース（内国株式）,サービス業
6042,2026-09-29,3795.0,-0.0078,-0.0104,-0.0392,-0.038,-0.0299,-0.0616,3889.8,3935.3333,False,-0.0244,0.7107,5340.0,2857.1295,0.0123,0.0219,379500.0,1.0272,0.3954,ニッキ,スタンダード（内国株式）,輸送用機器
6044,2026-09-29,1892.0,0.0005,0.0053,-0.0197,0.1544,-0.0104,0.1308,1896.68,1803.6267,True,-0.0025,0.7869,2404.3373,1441.0,0.0153,0.0938,189200.0,0.4228,0.3111,三機サービス,スタンダード（内国株式）,サービス業
6045,2026-09-29,2384.0,0.2016,0.1407,-0.0042,0.6318,0.0051,0.6082,2208.9601,1795.24,True,0.0792,0.946,2520.0,1359.0,0.038,0.7337,238400.0,1.5022,0.4525,レントラックス,グロース（内国株式）,サービス業
6046,2026-09-29,144.0,-0.04,-0.0769,-0.0069,0.2743,0.0024,0.2508,151.72,133.4667,True,-0.0509,0.64,225.0,108.0,0.0317,0.8427,14400.0,0.2678,0.3062,リンクバル,スタンダード（内国株式）,サービス業
6047,2026-09-29,384.0,-0.0129,0.0026,-0.1007,-0.1542,-0.0914,-0.1777,398.92,408.5067,False,-0.0374,0.5442,705.5775,345.0,0.0227,0.3699,38400.0,0.4185,0.2754,Ｇｕｎｏｓｙ,スタンダード（内国株式）,サービス業
6049,2026-09-29,251.0,0.008,0.0121,0.0162,0.0287,0.0255,0.0051,249.44,247.8533,False,0.0063,0.8203,306.0,239.0,0.0196,0.0447,25100.0,2.4928,0.3043,イトクロ,グロース（内国株式）,サービス業
6050,2026-09-29,1705.0,-0.0421,-0.0559,-0.0507,0.0119,-0.0414,-0.0117,1788.69,1739.9633,True,-0.0468,0.8139,2094.9506,1594.0,0.0123,0.4385,170500.0,1.5857,0.5675,イー・ガーディアン,プライム（内国株式）,サービス業
6054,2026-09-29,110.0,-0.0179,0.0092,-0.0517,0.028,-0.0424,0.0045,112.2,111.8,False,-0.0196,0.6322,174.0,103.0,0.0214,0.021,11000.0,0.4075,0.1697,リブセンス,スタンダード（内国株式）,サービス業
6055,2026-09-29,2351.0,0.033,0.11,0.0614,-0.0852,0.0707,-0.1088,2158.36,2304.0,True,0.0893,0.8487,2770.0,1471.4164,0.044,12.6951,235100.0,0.7817,0.3648,ジャパンマテリアル,プライム（内国株式）,サービス業
6058,2026-09-29,1975.0,0.0144,0.0015,-0.0394,0.1292,-0.0301,0.1057,1980.0,1825.3867,True,-0.0025,0.8872,2226.0,1026.6598,0.0356,10.5317,197500.0,0.8318,0.2678,ベクトル,プライム（内国株式）,サービス業
6059,2026-09-29,372.0,0.0248,0.0,0.022,0.0941,0.0313,0.0706,364.56,351.92,True,0.0204,0.9,413.3531,320.679,0.0165,0.0358,37200.0,1.533,0.2762,ウチヤマホールディングス,スタンダード（内国株式）,サービス業
6061,2026-09-29,3190.0,0.0208,0.0016,-0.0534,0.2369,-0.0441,0.2134,3189.0,2928.1173,True,0.0003,0.9186,3472.6831,2498.5407,0.0247,0.1303,319000.0,0.5589,0.3728,ユニバーサル園芸社,スタンダード（内国株式）,サービス業
6062,2026-09-29,1418.0,-0.0112,-0.0241,0.0129,0.0678,0.0222,0.0442,1412.48,1370.7276,True,0.0039,0.9485,1495.0,1030.5349,0.0228,1.3492,141800.0,1.0999,0.374,チャーム・ケア・コーポレーション,プライム（内国株式）,サービス業
6063,2026-09-29,985.0,-0.0081,-0.016,-0.0238,-0.0101,-0.0145,-0.0336,998.76,992.36,True,-0.0138,0.7412,1329.0,835.0,0.0186,0.0153,98500.0,0.6151,0.1586,日本エマージェンシーアシスタンス,スタンダード（内国株式）,サービス業
6069,2026-09-29,658.0,-0.0194,-0.0223,-0.0653,0.0461,-0.056,0.0226,682.52,660.9067,True,-0.0359,0.6338,1038.2222,578.0,0.0181,0.1201,65800.0,0.5285,0.2599,トレンダーズ,グロース（内国株式）,サービス業
6070,2026-09-29,2572.0,0.0102,0.0182,-0.0134,0.1539,-0.0041,0.1303,2565.4,2399.96,True,0.0026,0.9565,2689.0,2086.0,0.0145,1.2315,257200.0,1.7257,0.4479,キャリアリンク,プライム（内国株式）,サービス業
6071,2026-09-29,868.0,-0.0103,-0.0545,-0.0677,0.1157,-0.0584,0.0921,906.28,851.2667,True,-0.0422,0.8893,976.0,659.0,0.0296,2.2928,86800.0,0.8074,0.3344,ＩＢＪ,プライム（内国株式）,サービス業
6072,2026-09-29,1018.0,-0.0669,-0.0378,-0.0068,0.0272,0.0025,0.0037,1067.56,1042.2933,False,-0.0464,0.5199,1958.0,149.0,0.051,5.1924,101800.0,0.8795,0.2927,地盤ネットホールディングス,スタンダード（内国株式）,サービス業
6073,2026-09-29,1409.0,-0.046,-0.0749,-0.0767,-0.0195,-0.0674,-0.043,1512.183,1481.9277,True,-0.0682,0.8467,1664.1206,1306.0,0.0155,0.302,140900.0,1.8878,0.6421,アサンテ,プライム（内国株式）,サービス業
6074,2026-09-29,503.0,-0.003,-0.0214,-0.0271,0.0141,-0.0178,-0.0094,514.3392,506.5264,True,-0.022,0.8425,597.0,468.0,0.0103,0.0431,50300.0,2.8991,0.3872,ジェイエスエス,スタンダード（内国株式）,サービス業
6078,2026-09-29,1541.0,-0.0141,-0.0185,-0.0558,0.0462,-0.0464,0.0226,1577.44,1511.9945,True,-0.0231,0.826,1865.6893,1307.9431,0.0145,0.4916,154100.0,1.1243,0.3712,バリューＨＲ,プライム（内国株式）,サービス業
6080,2026-09-29,4200.0,0.009,-0.0289,-0.0129,0.2299,-0.0036,0.2063,4176.4626,3868.3542,True,0.0056,0.9545,4400.0,2894.0,0.0264,3.576,420000.0,1.0286,0.3881,Ｍ＆Ａキャピタルパートナーズ,プライム（内国株式）,サービス業
6081,2026-09-29,141.0,-0.014,-0.0276,-0.1607,-0.0962,-0.1514,-0.1197,154.92,157.6933,False,-0.0899,0.3026,466.0,136.0,0.0735,1.9924,14100.0,4.7242,0.6372,アライドアーキテクツ,グロース（内国株式）,サービス業
6082,2026-09-29,981.0,-0.0131,-0.0121,-0.0363,0.001,-0.027,-0.0225,1005.52,994.48,True,-0.0244,0.9379,1046.0,962.0,0.0097,0.2274,98100.0,1.3246,0.2316,ライドオンエクスプレスホールディングス,スタンダード（内国株式）,サービス業
6083,2026-09-29,1758.0,0.018,0.0687,0.0508,0.2813,0.0601,0.2578,1639.48,1535.56,True,0.0723,0.9921,1772.0,898.9353,0.0249,0.5969,175800.0,0.598,0.5641,ＥＲＩホールディングス,スタンダード（内国株式）,サービス業
6085,2026-09-29,101.0,-0.0648,-0.2348,-0.4975,-0.6245,-0.4882,-0.6481,160.8,183.6133,False,-0.3719,0.1403,720.0,24.4,0.2023,12.539,10100.0,0.7643,0.328,アーキテクツ・スタジオ・ジャパン,グロース（内国株式）,サービス業
6086,2026-09-29,1014.0,-0.0059,0.0,-0.025,0.0305,-0.0157,0.0069,1026.28,1029.88,False,-0.012,0.7984,1270.0,962.0,0.0227,0.2621,101400.0,1.1994,0.2522,シンメンテホールディングス,グロース（内国株式）,サービス業
6087,2026-09-29,3350.0,-0.0228,-0.0629,-0.051,-0.0074,-0.0417,-0.031,3528.9369,3454.6456,True,-0.0507,0.9318,3595.0,3075.0,0.0123,0.127,335000.0,2.0456,0.7137,アビスト,スタンダード（内国株式）,サービス業
6088,2026-09-29,578.0,-0.012,0.0035,0.0377,0.0743,0.047,0.0508,564.24,557.9867,True,0.0244,0.6357,909.2362,501.0,0.0227,2.4847,57800.0,0.8892,0.3652,シグマクシス・ホールディングス,プライム（内国株式）,サービス業
6089,2026-09-29,1153.0,-0.0137,-0.0171,-0.0229,0.1119,-0.0136,0.0883,1165.96,1104.56,True,-0.0111,0.9061,1272.4222,940.5698,0.0128,0.4867,115300.0,0.7262,0.4464,ウィルグループ,プライム（内国株式）,サービス業
6090,2026-09-29,618.0,0.0065,0.0082,-0.0112,0.0065,-0.0019,-0.017,616.32,606.6557,False,0.0027,0.8304,744.218,564.4787,0.0177,0.0215,61800.0,0.5375,0.2471,ヒューマン・メタボローム・テクノロジーズ,スタンダード（内国株式）,サービス業
6091,2026-09-29,973.0,-0.0192,0.0188,0.0775,0.1038,0.0868,0.0802,919.76,897.5848,True,0.0579,0.9577,1016.0,764.5746,0.0247,0.3072,97300.0,0.9465,0.5816,ウエスコホールディングス,スタンダード（内国株式）,サービス業
6092,2026-09-29,776.0,0.0039,-0.042,-0.0795,0.0689,-0.0702,0.0453,829.44,766.4667,True,-0.0644,0.7691,1009.0,543.7103,0.0205,0.2002,77600.0,0.8925,0.4457,エンバイオ・ホールディングス,スタンダード（内国株式）,サービス業
6093,2026-09-29,162.0,0.0,-0.0122,0.0,0.0185,0.0093,-0.005,161.32,158.5661,True,0.0042,0.8088,200.2909,122.3612,0.0163,0.116,16200.0,0.9893,0.3405,ミトラグループ,スタンダード（内国株式）,サービス業
6094,2026-09-29,521.0,-0.0076,-0.0038,-0.1094,0.0156,-0.1001,-0.0079,550.48,544.0,False,-0.0536,0.6545,796.0,490.0,0.0208,0.3462,52100.0,2.7132,0.1842,フリークアウト・ホールディングス,グロース（内国株式）,サービス業
6098,2026-09-29,16700.0,0.0163,-0.0427,-0.0159,0.474,-0.0066,0.4504,16595.4575,13959.2192,True,0.0063,0.9168,18215.0,6028.4183,0.0349,783.983,1670000.0,1.0786,0.3894,リクルートホールディングス,プライム（内国株式）,サービス業
6099,2026-09-29,718.0,-0.0191,-0.0349,-0.0452,-0.0349,-0.0359,-0.0585,735.16,746.9467,True,-0.0233,0.8829,813.221,654.0,0.0157,0.5993,71800.0,0.9327,0.3633,エラン,プライム（内国株式）,サービス業
6101,2026-09-29,5190.0,0.0076,0.057,-0.0335,-0.3537,-0.0242,-0.3772,5129.9162,6299.9721,False,0.0117,0.6014,8630.0,2225.2244,0.0429,15.2429,519000.0,0.6704,0.3338,ツガミ,プライム（内国株式）,機械
6103,2026-09-29,4725.0,0.0096,0.0547,-0.0288,0.0216,-0.0195,-0.0019,4608.5291,4774.5764,True,0.0253,0.8275,5710.0,3220.6386,0.03,18.8268,472500.0,0.8212,0.4195,オークマ,プライム（内国株式）,機械
6104,2026-09-29,4825.0,0.0255,0.0651,0.0991,0.0722,0.1084,0.0487,4432.3349,4396.445,True,0.0886,0.9333,5170.0,3608.9539,0.0263,7.0743,482500.0,1.2049,0.6113,芝浦機械,プライム（内国株式）,機械
6113,2026-09-29,2493.0,0.0101,0.023,-0.0393,-0.1553,-0.03,-0.1789,2479.9451,2757.6817,False,0.0053,0.7733,3224.0,1717.2921,0.0292,53.4434,249300.0,1.0267,0.3413,アマダ,プライム（内国株式）,機械
6118,2026-09-29,1209.0,0.0083,-0.0258,-0.0547,0.0504,-0.0454,0.0268,1239.76,1203.9867,True,-0.0248,0.8877,1362.0,864.5189,0.0263,4.1163,120900.0,1.2555,0.2417,アイダエンジニアリング,プライム（内国株式）,機械
6125,2026-09-29,4870.0,0.0114,0.0633,0.0072,-0.1288,0.0166,-0.1523,4705.3177,5078.1059,False,0.035,0.8171,5960.0,3690.0,0.0305,1.5387,487000.0,0.4882,0.3502,岡本工作機械製作所,スタンダード（内国株式）,機械
6134,2026-09-29,7481.0,0.0224,0.0894,0.0346,-0.1092,0.0439,-0.1327,7054.6652,7616.1151,False,0.0604,0.8365,8943.0,2598.7814,0.0379,52.5166,748100.0,0.9613,0.4039,ＦＵＪＩ,プライム（内国株式）,機械
6135,2026-09-29,3055.0,0.0252,-0.7986,-0.8016,-0.799,-0.7923,-0.8226,13237.5575,14255.8525,False,-0.7692,0.1852,16500.0,2894.5859,0.3897,17.7433,305500.0,1.2842,1.043,牧野フライス製作所,プライム（内国株式）,機械
6136,2026-09-29,3555.0,0.0003,0.0281,-0.0469,-0.0212,-0.0376,-0.0447,3572.04,3689.2933,True,-0.0048,0.8418,4223.0,1952.2458,0.0266,11.8802,355500.0,0.7861,0.3474,オーエスジー,プライム（内国株式）,機械
6137,2026-09-29,1520.0,-0.0065,0.006,0.01,0.0181,0.0193,-0.0055,1513.24,1498.56,False,0.0045,0.6408,2371.9801,1289.3742,0.0203,0.3368,152000.0,0.548,0.363,小池酸素工業,スタンダード（内国株式）,機械
6138,2026-09-29,2052.0,0.0338,0.0632,0.0069,0.852,0.0162,0.8284,2010.0,1511.2267,True,0.0209,0.9327,2200.0,814.111,0.0337,0.2338,205200.0,0.5848,0.282,ダイジェット工業,スタンダード（内国株式）,機械
6140,2026-09-29,1112.0,-0.0045,-0.0009,-0.1097,-0.0833,-0.1004,-0.1068,1153.6096,1189.6165,False,-0.0361,0.6485,1714.652,776.7818,0.0267,5.0637,111200.0,0.6543,0.2444,旭ダイヤモンド工業,プライム（内国株式）,機械
6141,2026-09-29,2888.5,-0.011,0.0173,-0.0495,-0.1695,-0.0402,-0.193,2894.96,3330.2038,False,-0.0022,0.7258,3980.0,2270.6758,0.025,45.1418,288850.0,0.7693,0.4127,ＤＭＧ森精機,プライム（内国株式）,機械
6143,2026-09-29,1715.0,0.0,0.0547,-0.0064,-0.11,0.0029,-0.1336,1687.72,1787.0341,False,0.0162,0.8111,2114.5218,838.9688,0.0352,6.4027,171500.0,0.6445,0.2866,ソディック,プライム（内国株式）,機械
6144,2026-09-29,2745.0,-0.0122,-0.0242,-0.0603,-0.0362,-0.0509,-0.0597,2857.8736,2902.1845,False,-0.0395,0.7934,3460.0,1985.7663,0.015,0.1309,274500.0,1.1479,0.275,西部電機,スタンダード（内国株式）,機械
6145,2026-09-29,2653.0,0.0049,0.0134,0.0745,-0.0871,0.0838,-0.1106,2506.2128,2695.4576,False,0.0586,0.7668,3460.0,2053.2701,0.0274,2.2649,265300.0,0.7725,0.4609,ＮＩＴＴＯＫＵ,スタンダード（内国株式）,機械
6146,2026-09-29,56680.0,0.0452,0.1204,-0.0519,-0.3025,-0.0425,-0.326,55469.6384,65477.6128,False,0.0218,0.6182,91680.0,42130.542,0.0401,748.867,5668000.0,0.8529,0.3137,ディスコ,プライム（内国株式）,機械
6147,2026-09-29,166.0,-0.0292,-0.1027,-0.1531,-0.0119,-0.1437,-0.0354,188.76,181.0667,False,-0.1206,0.4646,357.2711,159.0,0.0977,0.1041,16600.0,1.0571,0.2344,ヤマザキ,スタンダード（内国株式）,機械
6149,2026-09-29,2211.0,-0.0067,0.0091,-0.0366,0.0444,-0.0273,0.0209,2241.56,2172.7867,True,-0.0136,0.7731,2859.9041,1835.0,0.0174,0.1958,221100.0,0.5942,0.3137,小田原エンジニアリング,スタンダード（内国株式）,機械
6150,2026-09-29,2793.0,0.0,0.0007,0.0047,0.0383,0.014,0.0147,2791.04,2769.7467,False,0.0007,0.826,3381.168,2666.0,0.0048,0.0366,279300.0,1.4757,0.216,タケダ機械,スタンダード（内国株式）,機械
6151,2026-09-29,1724.0,0.0047,-0.0149,-0.0271,0.0213,-0.0178,-0.0022,1734.4608,1713.1136,True,-0.006,0.8994,1916.8772,1536.466,0.0155,0.2524,172400.0,1.0525,0.326,日東工器,プライム（内国株式）,機械
6155,2026-09-29,539.0,0.0019,0.0,-0.0055,0.0911,0.0038,0.0676,538.8004,516.2135,True,0.0004,0.9694,556.0,440.296,0.0165,0.0335,53900.0,0.8216,0.3232,高松機械工業,スタンダード（内国株式）,機械
6156,2026-09-29,1843.0,-0.0005,0.0016,-0.0181,0.0348,-0.0088,0.0113,1849.12,1836.1113,False,-0.0033,0.9299,1981.9082,1636.0719,0.0129,0.1934,184300.0,0.7783,0.2943,エーワン精密,スタンダード（内国株式）,機械
6157,2026-09-29,804.0,0.0012,-0.0171,-0.0552,-0.1308,-0.0459,-0.1544,825.8393,883.4131,False,-0.0264,0.7829,1027.0,735.1772,0.0143,0.6365,80400.0,0.7962,0.2789,日進工具,スタンダード（内国株式）,機械
6158,2026-09-29,1014.0,0.0222,-0.0155,-0.0127,0.0508,-0.0033,0.0272,1022.94,993.2067,True,-0.0087,0.7669,1322.2389,821.242,0.0164,0.0359,101400.0,0.8714,0.3782,和井田製作所,スタンダード（内国株式）,機械
6159,2026-09-29,1815.0,-0.0247,-0.1103,-0.0125,-0.0622,-0.0032,-0.0857,1910.6375,1891.1039,False,-0.0501,0.6265,2897.0855,1652.213,0.058,0.0667,181500.0,2.6531,0.4616,ミクロン精密,スタンダード（内国株式）,機械
6161,2026-09-29,1042.0,0.0029,0.0087,-0.0188,0.001,-0.0095,-0.0226,1052.76,1052.2133,True,-0.0102,0.9213,1131.0,948.5253,0.0158,0.0501,104200.0,0.6148,0.1636,エスティック,スタンダード（内国株式）,機械
6165,2026-09-29,542.0,-0.0054,0.0056,-0.0199,0.0862,-0.0106,0.0626,541.9198,519.6133,True,0.0001,0.9361,579.0,392.6351,0.0184,0.311,54200.0,0.6792,0.3812,パンチ工業,スタンダード（内国株式）,機械
6166,2026-09-29,620.0,-0.0174,-0.052,-0.0988,-0.1906,-0.0895,-0.2141,658.04,657.12,True,-0.0578,0.5166,1200.1354,245.3919,0.0303,0.7064,62000.0,0.208,0.3141,中村超硬,グロース（内国株式）,機械
6167,2026-09-29,1003.0,-0.0089,0.0111,-0.0429,0.0372,-0.0336,0.0137,1007.44,997.0133,True,-0.0044,0.6427,1560.7143,788.5714,0.0206,0.5451,100300.0,0.6287,0.373,冨士ダイス,プライム（内国株式）,機械
6171,2026-09-29,373.0,0.0027,0.0,0.0027,-0.0158,0.012,-0.0394,372.8,377.8627,False,0.0005,0.6988,533.7706,370.0,0.0088,0.0696,37300.0,0.5573,0.2739,土木管理総合試験所,スタンダード（内国株式）,サービス業
6176,2026-09-29,982.0,-0.0051,-0.041,-0.015,0.0948,-0.0057,0.0712,1037.9901,957.6767,True,-0.0539,0.7508,1308.0,655.0674,0.043,2.3427,98200.0,1.2475,0.271,ブランジスタ,スタンダード（内国株式）,サービス業
6177,2026-09-29,85.0,0.0,0.0241,0.0,0.0759,0.0093,0.0524,84.68,81.8533,False,0.0038,0.3244,262.0,72.0,0.0378,0.3854,8500.0,0.8252,0.3422,ＡｐｐＢａｎｋ,グロース（内国株式）,サービス業
6178,2026-09-29,2495.5,-0.0233,-0.0173,0.0291,0.1505,0.0384,0.127,2471.8892,2374.5364,True,0.0096,0.9587,2603.0,1373.25,0.0244,145.9767,249550.0,0.9933,0.2993,日本郵政,プライム（内国株式）,サービス業
6180,2026-09-29,3730.0,-0.0106,-0.0013,-0.0312,0.0361,-0.0219,0.0126,3814.6,3746.1333,True,-0.0222,0.63,5920.5081,3440.0,0.0134,0.0458,373000.0,1.145,0.32,ＧＭＯメディア,グロース（内国株式）,サービス業
6181,2026-09-29,88.0,-0.0112,-0.0222,0.0233,0.1282,0.0326,0.1047,89.08,81.8267,True,-0.0121,0.6069,145.0,68.0,0.0292,0.0828,8800.0,0.9226,0.2722,タメニー,グロース（内国株式）,サービス業
6182,2026-09-29,539.0,0.0037,0.0306,0.0911,0.0228,0.1004,-0.0008,512.76,502.3067,True,0.0512,0.7926,680.0,378.0,0.0193,0.1239,53900.0,0.5134,0.3644,メタリアル,グロース（内国株式）,サービス業
6183,2026-09-29,1319.0,-0.0193,-0.04,-0.0572,-0.0042,-0.0479,-0.0278,1372.8168,1350.9293,False,-0.0392,0.8664,1522.3548,1203.8983,0.0162,3.8474,131900.0,0.94,0.3605,ベルシステム２４ホールディングス,プライム（内国株式）,サービス業
6184,2026-09-29,590.0,-0.015,-0.0468,-0.0167,0.2395,-0.0074,0.216,594.0,541.04,True,-0.0067,0.9425,625.9966,444.0,0.0277,1.0519,59000.0,1.481,0.2568,鎌倉新書,プライム（内国株式）,サービス業
6185,2026-09-29,368.0,-0.0027,0.0138,-0.0054,-0.0442,0.0039,-0.0677,367.16,375.5867,False,0.0023,0.7077,520.0,344.0,0.0101,0.0238,36800.0,0.7972,0.2154,ＳＭＮ,スタンダード（内国株式）,サービス業
6186,2026-09-29,372.0,0.0054,-0.0106,-0.0388,-0.0159,-0.0294,-0.0394,377.563,377.9743,True,-0.0147,0.93,400.0,354.4777,0.0117,0.0091,37200.0,1.253,0.3199,一蔵,スタンダード（内国株式）,サービス業
6189,2026-09-29,988.0,-0.007,-0.0218,-0.0323,0.001,-0.023,-0.0225,1012.4063,997.5621,True,-0.0241,0.8967,1101.7914,696.5911,0.0139,0.1709,98800.0,2.1877,0.3345,グローバルキッズＣＯＭＰＡＮＹ,スタンダード（内国株式）,サービス業
6190,2026-09-29,309.0,0.0065,0.0065,-0.0858,-0.0636,-0.0765,-0.0872,324.04,339.7733,False,-0.0464,0.4268,724.0,296.0,0.0291,0.0242,30900.0,1.367,0.3111,フェニックスバイオ,グロース（内国株式）,サービス業
6191,2026-09-29,1358.0,0.0609,-0.1814,0.6128,0.7845,0.6221,0.761,1074.6311,917.8504,True,0.2637,0.7681,1768.0,660.0,0.0975,15.9646,135800.0,4.6245,0.5251,エアトリ,プライム（内国株式）,サービス業
6193,2026-09-29,1115.0,-0.0677,-0.0575,-0.0486,0.1106,-0.0393,0.087,1186.4,1077.32,True,-0.0602,0.8941,1247.0,916.0,0.0312,0.1462,111500.0,2.054,0.3306,バーチャレクス・ホールディングス,グロース（内国株式）,サービス業
6194,2026-09-29,913.0,0.027,0.0316,0.034,0.2895,0.0433,0.266,876.52,817.9733,True,0.0416,0.986,926.0,618.0,0.0173,1.7787,91300.0,1.3523,0.4688,アトラエ,プライム（内国株式）,サービス業
6195,2026-09-29,201.0,0.0042,-0.005,-0.0147,-0.0429,-0.0054,-0.0664,201.9757,208.0852,False,-0.0048,0.7528,267.0,184.0,0.0138,0.0391,20100.0,0.8311,0.2108,ホープ,グロース（内国株式）,サービス業
6196,2026-09-29,1374.0,0.0238,-0.0432,0.0261,0.0931,0.0355,0.0695,1389.979,1336.953,True,-0.0115,0.8865,1550.0,1166.0,0.0237,6.8949,137400.0,1.101,0.4102,ストライクグループ,プライム（内国株式）,サービス業
6198,2026-09-29,200.0,-0.005,0.0101,-0.0291,-0.1379,-0.0198,-0.1615,202.56,218.16,False,-0.0126,0.6645,301.0,196.0,0.0154,0.015,20000.0,0.8414,0.2279,キャリア,グロース（内国株式）,サービス業
6199,2026-09-29,1361.0,-0.0066,-0.0522,-0.012,0.163,-0.0027,0.1395,1377.0645,1287.1879,True,-0.0117,0.7831,1738.0474,1077.3918,0.0332,0.2717,136100.0,1.0416,0.2835,セラク,スタンダード（内国株式）,情報・通信業
6200,2026-09-29,661.0,0.0,-0.0982,-0.0995,0.0783,-0.0901,0.0548,715.6619,675.6473,True,-0.0764,0.6663,992.0,564.0,0.0271,3.5412,66100.0,1.0786,0.5351,インソース,プライム（内国株式）,サービス業
6203,2026-09-29,2347.0,-0.0346,-0.0257,0.533,0.5564,0.5423,0.5328,1978.08,1678.1867,True,0.1865,0.762,3080.0,1046.189,0.1686,185.3897,234700.0,2.9294,0.2451,豊和工業,スタンダード（内国株式）,機械
6208,2026-09-29,1839.0,0.0093,0.0132,0.094,0.0599,0.1033,0.0364,1711.76,1707.4267,False,0.0743,0.592,3106.629,1394.267,0.0711,6.7542,183900.0,4.4852,0.3098,石川製作所,スタンダード（内国株式）,機械
6209,2026-09-29,3890.0,-0.0026,-0.0152,-0.0238,0.0052,-0.0145,-0.0184,3912.0,3938.0,True,-0.0056,0.8881,4380.3242,2875.4864,0.0168,3.4057,389000.0,1.0242,0.3818,リケンＮＰＲ,プライム（内国株式）,機械
6217,2026-09-29,800.0,0.0,0.0256,-0.0453,-0.1845,-0.036,-0.208,795.08,837.84,False,0.0062,0.2952,2710.0,331.0,0.0387,0.5054,80000.0,0.4483,0.3686,津田駒工業,スタンダード（内国株式）,機械
6218,2026-09-29,639.0,-0.0169,-0.0318,-0.0093,0.0812,0.0,0.0577,647.8,630.52,True,-0.0136,0.9207,694.0,471.4591,0.0151,0.0281,63900.0,0.2475,0.2904,エンシュウ,スタンダード（内国株式）,機械
6222,2026-09-29,913.0,-0.013,-0.0318,-0.0731,0.0629,-0.0638,0.0393,945.4064,920.9621,True,-0.0343,0.8396,1087.4485,848.2941,0.0219,1.441,91300.0,0.682,0.2645,島精機製作所,プライム（内国株式）,機械
6223,2026-09-29,1956.0,0.0,-0.0056,-0.0031,-0.1349,0.0063,-0.1584,1936.76,2061.1067,False,0.0099,0.7381,2650.0,1548.6936,0.0203,0.5415,195600.0,0.6249,0.2598,西部技研,スタンダード（内国株式）,機械
6224,2026-09-29,1176.0,-0.0233,-0.0376,0.0094,-0.1051,0.0188,-0.1286,1193.9036,1211.9672,False,-0.015,0.661,1779.2303,1068.2457,0.0203,0.331,117600.0,0.478,0.2641,ＪＲＣ,グロース（内国株式）,機械
6226,2026-09-29,2188.0,-0.0104,-0.0276,-0.0245,-0.021,-0.0152,-0.0446,2210.6225,2277.3008,True,-0.0102,0.684,3198.8963,1817.0,0.0335,2.3102,218800.0,0.4827,0.2582,守谷輸送機工業,スタンダード（内国株式）,機械
6227,2026-09-29,7090.0,0.0335,0.2417,0.1254,0.0187,0.1347,-0.0049,6211.6,6653.6898,False,0.1414,0.7622,9301.9944,1433.766,0.0642,63.0064,709000.0,1.053,0.4879,ＡＩメカテック,スタンダード（内国株式）,機械
6228,2026-09-29,621.0,0.1109,0.1629,0.2622,0.1651,0.2715,0.1416,524.04,538.4667,False,0.185,0.557,1115.0,473.0,0.0427,0.3264,62100.0,1.0685,0.4717,ジェイ・イー・ティ,スタンダード（内国株式）,機械
6229,2026-09-29,1461.0,-0.0155,-0.0075,-0.0266,-0.0254,-0.0173,-0.0489,1490.4,1520.2267,False,-0.0197,0.6263,2332.8655,1395.0,0.0179,0.1721,146100.0,0.6386,0.2563,オーケーエム,スタンダード（内国株式）,機械
6230,2026-09-29,2180.0,0.0173,0.0005,0.0144,-0.0202,0.0237,-0.0438,2157.5552,2180.6251,True,0.0104,0.9277,2350.0,1971.7964,0.0093,0.0227,218000.0,0.572,0.2279,ＳＡＮＥＩ,スタンダード（内国株式）,機械
6231,2026-09-29,12500.0,0.0271,0.0549,-0.0609,0.0513,-0.0515,0.0278,12402.0,12306.8,True,0.0079,0.7441,16799.5534,10150.0,0.0274,1.5023,1250000.0,0.9736,0.3588,木村工機,スタンダード（内国株式）,機械
6232,2026-09-29,1295.0,-0.0241,-0.0471,-0.1778,-0.2471,-0.1685,-0.2706,1415.6,1641.6533,False,-0.0852,0.3136,4130.0,836.0,0.0554,13.3898,129500.0,1.3236,0.304,ＡＣＳＬ,グロース（内国株式）,機械
6233,2026-09-29,400.0,0.0152,-0.0148,0.0127,0.0309,0.022,0.0074,399.438,391.9727,True,0.0014,0.8743,457.5067,373.0,0.0146,0.0337,40000.0,1.8059,0.4097,ＫＬＡＳＳ,スタンダード（内国株式）,機械
6235,2026-09-29,2611.0,0.0341,0.0948,-0.0425,-0.3019,-0.0332,-0.3254,2539.28,3141.6122,False,0.0282,0.5356,4875.2826,1509.8863,0.0385,7.5179,261100.0,0.7486,0.3411,オプトラン,プライム（内国株式）,機械
6237,2026-09-29,4060.0,0.005,0.0397,-0.0169,0.0827,-0.0076,0.0591,4015.3912,4221.5704,True,0.0111,0.6733,6030.0,2280.4158,0.031,2.5583,406000.0,0.343,0.3371,イワキポンプ,プライム（内国株式）,機械
6238,2026-09-29,1429.0,0.0085,-0.0286,0.0135,0.0477,0.0228,0.0241,1429.68,1392.8667,True,-0.0005,0.9629,1484.0,972.8199,0.0249,1.5451,142900.0,1.1029,0.3507,フリュー,プライム（内国株式）,機械
6239,2026-09-29,1466.0,0.0076,0.0288,0.0166,0.1131,0.026,0.0896,1439.68,1371.569,True,0.0183,0.8027,1826.2577,1236.3258,0.0302,0.0698,146600.0,0.7234,0.3483,ナガオカ,スタンダード（内国株式）,機械
6240,2026-09-29,516.0,0.0058,-0.0209,-0.0515,0.0341,-0.0422,0.0105,528.4762,525.9587,False,-0.0236,0.6202,831.9518,462.5221,0.0215,1.5589,51600.0,1.1074,0.2609,ヤマシンフィルタ,プライム（内国株式）,機械
6245,2026-09-29,1794.0,0.009,-0.005,-0.0313,-0.0239,-0.022,-0.0475,1816.7034,1777.4611,False,-0.0125,0.6832,2626.0,1493.53,0.0291,0.9591,179400.0,0.5678,0.1974,ヒラノテクシード,スタンダード（内国株式）,機械
6246,2026-09-29,1795.0,0.0045,-0.0218,-0.0297,-0.0523,-0.0204,-0.0758,1831.0179,1842.0593,True,-0.0197,0.8732,2055.7227,1651.0,0.0134,0.1096,179500.0,0.711,0.3316,テクノスマート,スタンダード（内国株式）,機械
6247,2026-09-29,1648.0,-0.0277,-0.0626,-0.088,-0.0424,-0.0787,-0.066,1730.6838,1709.9613,True,-0.0478,0.8803,1872.0,1279.5793,0.0269,1.1063,164800.0,1.2695,0.3134,日阪製作所,プライム（内国株式）,機械
6248,2026-09-29,1772.0,-0.0205,-0.0117,0.0267,0.0243,0.036,0.0007,1750.1574,1759.6525,True,0.0125,0.7605,2330.0,1552.5205,0.0162,0.0164,177200.0,1.1174,0.3731,横田製作所,スタンダード（内国株式）,機械
6249,2026-09-29,2805.0,-0.0099,-0.0267,-0.0134,0.1375,-0.0041,0.1139,2834.4312,2641.0637,True,-0.0104,0.9037,3103.9915,2231.0,0.0187,0.1997,280500.0,1.2493,0.3402,ゲームカードホールディングス,スタンダード（内国株式）,機械
6250,2026-09-29,4270.0,-0.035,-0.0415,0.0179,0.1311,0.0272,0.1076,4343.6,4037.9715,True,-0.0169,0.9262,4610.0,2379.5263,0.0325,5.7854,427000.0,1.0369,0.3428,やまびこ,プライム（内国株式）,機械
6254,2026-09-29,3435.0,0.0073,0.0734,-0.0511,-0.3018,-0.0418,-0.3254,3417.2296,4025.0099,False,0.0052,0.6245,5500.0,2470.1501,0.0344,15.4459,343500.0,0.6664,0.2958,野村マイクロ・サイエンス,プライム（内国株式）,機械
6255,2026-09-29,701.0,0.0447,0.0249,0.0309,-0.0107,0.0402,-0.0342,670.3258,676.657,False,0.0458,0.7992,877.1015,556.8116,0.0294,1.236,70100.0,0.6344,0.3149,エヌ・ピー・シー,グロース（内国株式）,機械
6257,2026-09-29,1001.0,0.0111,-0.0148,-0.0157,0.006,-0.0064,-0.0175,1012.9121,1010.144,True,-0.0118,0.9297,1076.6732,951.0,0.0113,0.278,100100.0,1.4499,0.4171,藤商事,スタンダード（内国株式）,機械
6258,2026-09-29,3805.0,0.0053,0.0614,0.1045,0.2696,0.1138,0.2461,3556.2,3237.96,True,0.07,0.9465,4020.0,1816.2139,0.0372,10.0583,380500.0,0.7996,0.3535,平田機工,プライム（内国株式）,機械
6262,2026-09-29,526.0,0.0038,-0.0038,-0.0295,0.0395,-0.0202,0.016,528.4945,530.4715,False,-0.0047,0.5092,1033.0,500.0,0.0192,0.2676,52600.0,1.129,0.327,ＰＥＧＡＳＵＳ,スタンダード（内国株式）,機械
6264,2026-09-29,1950.0,0.0072,0.0839,-0.0665,-0.2994,-0.0572,-0.323,1936.0921,2155.5283,False,0.0072,0.6131,3180.416,838.5443,0.0406,8.89,195000.0,0.541,0.3424,マルマエ,プライム（内国株式）,機械
6265,2026-09-29,3245.0,-0.0076,0.0417,0.057,-0.1549,0.0663,-0.1785,3119.4,3294.7133,False,0.0403,0.781,4155.0,2215.4117,0.0189,0.0407,324500.0,0.3078,0.4884,コンバム,スタンダード（内国株式）,機械
6266,2026-09-29,3795.0,0.0229,0.0937,0.0675,-0.1943,0.0768,-0.2178,3515.8,4077.4,False,0.0794,0.6913,5490.0,1840.1081,0.045,7.4498,379500.0,0.5904,0.413,タツモ,プライム（内国株式）,機械
6267,2026-09-29,4110.0,0.0,0.0061,0.0161,0.1208,0.0254,0.0973,4043.6,3894.7653,True,0.0164,0.9454,4347.5,3292.4929,0.0072,0.0286,411000.0,0.8852,0.5566,ゼネラルパッカー,スタンダード（内国株式）,機械
6268,2026-09-29,4794.0,0.0025,0.0465,0.0465,-0.0675,0.0558,-0.091,4560.8,4865.1214,False,0.0511,0.7906,6063.8753,3136.3096,0.0327,45.0499,479400.0,0.8545,0.3666,ナブテスコ,プライム（内国株式）,機械
6269,2026-09-29,8824.0,-0.0168,-0.0414,-0.0956,-0.0496,-0.0863,-0.0732,9403.08,9743.8357,False,-0.0616,0.5366,16443.6757,7519.6134,0.0344,57.7609,882400.0,0.9692,0.247,三井海洋開発,プライム（内国株式）,機械
6272,2026-09-29,1487.0,-0.0007,-0.0406,-0.0517,0.0143,-0.0423,-0.0092,1530.5521,1508.3174,True,-0.0285,0.9029,1647.0,1314.2865,0.017,0.8732,148700.0,0.8466,0.3331,レオン自動機,プライム（内国株式）,機械
6273,2026-09-29,70570.0,0.0173,0.0607,-0.0063,-0.01,0.003,-0.0335,68762.4609,70937.887,True,0.0263,0.813,86800.0,42242.0959,0.03,186.2968,7057000.0,1.0136,0.2943,ＳＭＣ,プライム（内国株式）,機械
6276,2026-09-29,353.0,-0.014,-0.0222,0.0,0.0963,0.0093,0.0727,364.36,332.0267,True,-0.0312,0.4903,720.0,230.0,0.0364,0.2125,35300.0,0.225,0.2022,シリウスビジョン,スタンダード（内国株式）,電気機器
6277,2026-09-29,6370.0,-0.0086,0.0599,0.1667,0.2987,0.176,0.2751,5685.0877,5246.2959,True,0.1205,0.9267,6874.2029,4705.0,0.0354,3.7752,637000.0,2.0772,0.6303,ホソカワミクロン,プライム（内国株式）,機械
6278,2026-09-29,14680.0,0.0159,0.1433,-0.0034,-0.3481,0.0059,-0.3717,13729.2,17742.7084,False,0.0693,0.5425,27059.014,6404.4652,0.046,26.8431,1468000.0,0.7399,0.4336,ユニオンツール,プライム（内国株式）,機械
6279,2026-09-29,940.0,-0.0105,0.0064,0.0151,0.0769,0.0244,0.0534,924.56,908.1746,True,0.0167,0.9217,1019.8149,838.2983,0.0119,0.1796,94000.0,1.0926,0.4637,瑞光,プライム（内国株式）,機械
6282,2026-09-29,2861.0,-0.0179,-0.0334,-0.0265,0.0351,-0.0172,0.0116,2906.4114,2856.9505,True,-0.0156,0.9543,2998.0,2005.8526,0.0172,5.1979,286100.0,2.2917,0.3775,オイレス工業,プライム（内国株式）,機械
6284,2026-09-29,8460.0,0.0168,-0.0082,-0.0494,-0.0662,-0.0401,-0.0898,8574.0224,9058.0075,False,-0.0133,0.823,10280.0,5970.0,0.0239,2.7864,846000.0,0.96,0.2175,日精エー・エス・ビー機械,プライム（内国株式）,機械
6286,2026-09-29,1520.0,0.0127,-0.0033,0.0093,0.1136,0.0186,0.09,1500.4907,1432.3236,True,0.013,0.8073,1882.7295,955.7405,0.0135,0.0443,152000.0,0.5756,0.3554,靜甲,スタンダード（内国株式）,機械
6287,2026-09-29,2672.0,-0.0104,-0.0056,-0.0611,0.1246,-0.0518,0.101,2736.7393,2548.9798,True,-0.0237,0.9058,2950.0,2053.0,0.0181,2.6896,267200.0,0.7169,0.2656,サトー,プライム（内国株式）,機械
6289,2026-09-29,2027.0,0.0115,0.0475,0.0326,0.1722,0.0419,0.1487,1915.7082,1847.7774,True,0.0581,0.8083,2507.7732,1341.7073,0.0202,1.3543,202700.0,0.9264,0.5115,技研製作所,プライム（内国株式）,機械
6291,2026-09-29,1320.0,-0.0105,-0.0142,-0.0592,0.0193,-0.0498,-0.0042,1348.24,1321.6133,True,-0.0209,0.9296,1420.0,1136.7291,0.0147,0.2835,132000.0,0.5326,0.2996,日本エアーテック,スタンダード（内国株式）,機械
6292,2026-09-29,847.0,0.0024,0.0036,-0.0117,0.0393,-0.0024,0.0157,847.1794,832.5265,True,-0.0002,0.9533,888.495,717.6306,0.0135,0.0311,84700.0,0.6008,0.3097,カワタ,スタンダード（内国株式）,機械
6294,2026-09-29,1924.0,-0.0062,-0.0174,-0.0263,-0.0437,-0.017,-0.0673,1958.1331,1978.391,False,-0.0174,0.7796,2468.0316,1894.3183,0.0095,0.3667,192400.0,0.6036,0.2731,オカダアイヨン,プライム（内国株式）,機械
6298,2026-09-29,1236.0,-0.0048,-0.012,-0.0608,-0.1121,-0.0515,-0.1356,1281.3096,1286.2765,False,-0.0354,0.7764,1592.0,796.935,0.0306,1.5882,123600.0,0.4246,0.1823,ワイエイシイホールディングス,プライム（内国株式）,機械
6301,2026-09-29,7398.0,0.005,0.048,-0.0216,0.1777,-0.0122,0.1541,7337.1921,6923.6107,True,0.0083,0.9577,7724.7949,4841.791,0.0282,226.2477,739800.0,1.1763,0.3545,小松製作所,プライム（内国株式）,機械
6302,2026-09-29,5923.0,-0.0122,0.0147,0.0186,0.171,0.0279,0.1475,5767.16,5506.7186,True,0.027,0.9437,6276.5875,3291.8181,0.0314,48.0586,592300.0,0.9986,0.416,住友重機械工業,プライム（内国株式）,機械
6305,2026-09-29,5536.0,-0.0102,-0.0235,-0.0486,0.0537,-0.0393,0.0301,5764.4642,5510.8081,True,-0.0396,0.7803,7094.6083,4234.1801,0.0264,73.0433,553600.0,0.6329,0.1919,日立建機,プライム（内国株式）,機械
6306,2026-09-29,1001.0,0.0,-0.0118,-0.0272,0.0706,-0.0179,0.047,1007.3715,965.8305,True,-0.0063,0.9506,1053.0,714.8664,0.0135,0.9208,100100.0,0.7919,0.3776,日工,プライム（内国株式）,機械
6307,2026-09-29,470.0,-0.0249,0.0151,-0.0309,0.1298,-0.0216,0.1063,479.52,455.7467,True,-0.0199,0.6194,758.8336,365.1887,0.0199,0.0443,47000.0,0.4467,0.2458,サンセイ,スタンダード（内国株式）,機械
6309,2026-09-29,1963.0,-0.0121,-0.0282,-0.0448,0.096,-0.0355,0.0725,2019.72,1920.9733,True,-0.0281,0.8945,2194.5902,1514.3735,0.0189,2.2294,196300.0,1.2013,0.2644,巴工業,プライム（内国株式）,機械
6310,2026-09-29,1919.0,-0.0209,-0.0224,0.0585,0.1067,0.0678,0.0831,1908.52,1850.32,True,0.0055,0.8005,2397.2789,1503.0,0.0339,2.5752,191900.0,0.6258,0.3086,井関農機,プライム（内国株式）,機械
6315,2026-09-29,2236.0,0.0122,0.0627,-0.0412,-0.3305,-0.0319,-0.3541,2223.56,2689.3867,False,0.0056,0.5987,3735.0,1856.3739,0.0378,63.3345,223600.0,0.6665,0.3041,ＴＯＷＡ,プライム（内国株式）,機械
6316,2026-09-29,2874.0,-0.0147,-0.0515,-0.0436,0.0886,-0.0343,0.0651,2980.0075,2776.7892,True,-0.0356,0.9109,3155.0,2075.0,0.0256,0.3231,287400.0,1.9445,0.4348,丸山製作所,スタンダード（内国株式）,機械
6317,2026-09-29,2552.0,0.0204,0.0171,0.3735,0.5647,0.3828,0.5411,2039.6659,1817.7686,True,0.2512,0.9969,2559.8241,1455.1758,0.0429,2.5113,255200.0,3.5111,0.7975,北川鉄工所,スタンダード（内国株式）,機械
6322,2026-09-29,1602.0,0.0107,-0.0019,0.0139,-0.0044,0.0232,-0.0279,1587.8867,1601.5622,True,0.0089,0.8499,1884.8707,1492.1893,0.009,0.021,160200.0,0.9061,0.2752,タクミナ,スタンダード（内国株式）,機械
6323,2026-09-29,3880.0,0.0458,0.153,-0.0548,-0.1983,-0.0455,-0.2219,3764.96,4181.6,False,0.0306,0.7463,5199.0,1777.6791,0.045,45.9024,388000.0,0.6001,0.3582,ローツェ,プライム（内国株式）,機械
6324,2026-09-29,6450.0,0.0094,0.0804,0.1159,-0.172,0.1252,-0.1956,5876.0094,6656.4031,False,0.0977,0.7049,9150.0,2414.0469,0.0451,59.0496,645000.0,0.7016,0.3544,ハーモニック・ドライブ・システムズ,プライム（内国株式）,機械
6325,2026-09-29,421.0,0.0268,0.0072,0.0145,0.0605,0.0238,0.0369,417.0366,406.1855,True,0.0095,0.904,465.7241,374.2267,0.011,0.0269,42100.0,1.2519,0.2802,タカキタ,スタンダード（内国株式）,機械
6326,2026-09-29,2707.5,-0.016,-0.0273,-0.0463,0.0082,-0.037,-0.0154,2827.7,2765.3131,True,-0.0425,0.8364,3237.1196,1770.7431,0.0297,141.7224,270750.0,0.997,0.2418,クボタ,プライム（内国株式）,機械
6327,2026-09-29,3215.0,-0.0138,0.1397,0.0094,-0.593,0.0187,-0.6166,3088.08,4120.9716,False,0.0411,0.3391,9480.0,769.1816,0.0464,6.3642,321500.0,0.3796,0.4045,北川精機,スタンダード（内国株式）,機械
6328,2026-09-29,2435.0,0.0142,0.018,0.0095,-0.0045,0.0189,-0.028,2382.88,2385.0053,True,0.0219,0.828,2940.7734,1954.8875,0.0195,1.6345,243500.0,0.7559,0.3847,荏原実業,プライム（内国株式）,機械
6330,2026-09-29,2671.0,0.006,-0.0471,0.0053,0.3242,0.0146,0.3007,2657.44,2252.0533,True,0.0051,0.3049,8760.0,1437.0,0.0705,212.4577,267100.0,1.4668,0.2188,東洋エンジニアリング,プライム（内国株式）,建設業
6331,2026-09-29,3265.0,-0.0166,-0.0383,-0.0046,-0.1055,0.0047,-0.129,3271.4604,3431.1535,False,-0.002,0.7811,4180.0,2538.8424,0.0288,4.1645,326500.0,0.6583,0.2923,三菱化工機,プライム（内国株式）,機械
6332,2026-09-29,2571.0,-0.0247,-0.0582,-0.0772,-0.0142,-0.0679,-0.0377,2730.7377,2688.8992,True,-0.0585,0.7416,3467.0584,2345.1893,0.0284,4.0344,257100.0,1.6709,0.252,月島ホールディングス,プライム（内国株式）,機械
6333,2026-09-29,3585.0,-0.0011,0.007,0.0452,0.149,0.0545,0.1255,3444.9775,3275.4192,True,0.0406,0.9894,3623.368,2691.0,0.0228,1.3535,358500.0,1.032,0.3222,ＴＥＩＫＯＫＵ,プライム（内国株式）,機械
6334,2026-09-29,471.0,-0.0208,0.0129,-0.0942,-0.0063,-0.0849,-0.0299,489.52,478.8,True,-0.0378,0.892,528.0,296.485,0.0238,0.0211,47100.0,0.339,0.3299,明治機械,スタンダード（内国株式）,機械
6335,2026-09-29,581.0,-0.0136,-0.0102,-0.0219,-0.1367,-0.0126,-0.1602,587.84,629.5733,False,-0.0116,0.7262,800.0,446.0,0.0195,0.133,58100.0,0.3394,0.2818,東京機械製作所,スタンダード（内国株式）,機械
6336,2026-09-29,1468.0,-0.0088,0.0478,-0.1415,-0.1858,-0.1322,-0.2093,1653.64,1721.3867,True,-0.1123,0.6416,2288.0,613.4582,0.0702,2.3025,146800.0,1.9583,0.6612,石井表記,スタンダード（内国株式）,機械
6337,2026-09-29,3615.0,0.0212,0.1192,0.135,0.4636,0.1443,0.44,3363.3721,2913.884,True,0.0748,0.9614,3760.0,1827.7292,0.0467,1.3236,361500.0,0.3633,0.3338,テセック,スタンダード（内国株式）,機械
6338,2026-09-29,1664.0,0.0097,0.0146,-0.006,0.0116,0.0033,-0.012,1654.3371,1629.059,False,0.0058,0.8425,1975.0,1197.0,0.0244,0.1733,166400.0,0.5197,0.2514,タカトリ,スタンダード（内国株式）,機械
6339,2026-09-29,1167.0,-0.0185,-0.0395,-0.0339,-0.0251,-0.0246,-0.0486,1191.036,1190.892,False,-0.0202,0.8908,1310.0,895.0,0.0234,2.4052,116700.0,1.951,0.391,新東工業,プライム（内国株式）,機械
6340,2026-09-29,5510.0,-0.0125,0.011,0.0377,0.2438,0.047,0.2202,5316.0,4715.4735,True,0.0365,0.9752,5650.0,3016.3558,0.029,3.4991,551000.0,0.8335,0.35,澁谷工業,プライム（内国株式）,機械
6342,2026-09-29,2850.0,-0.0118,-0.0206,-0.0213,0.016,-0.012,-0.0075,2930.3579,2859.0926,True,-0.0274,0.663,4298.542,2600.0,0.0114,0.0164,285000.0,0.3944,0.281,太平製作所,スタンダード（内国株式）,機械
6343,2026-09-29,147.0,0.0,0.0,-0.0265,-0.0329,-0.0172,-0.0564,148.96,147.2933,True,-0.0132,0.6413,229.2159,123.5773,0.0175,0.0665,14700.0,0.6035,0.2333,フリージア・マクロス,スタンダード（内国株式）,機械
6345,2026-09-29,1430.0,-0.0124,-0.0265,-0.0076,0.0577,0.0017,0.0341,1452.5271,1412.3357,True,-0.0155,0.961,1488.0,1243.5224,0.0156,2.7608,143000.0,0.9047,0.2382,アイチ　コーポレーション,プライム（内国株式）,機械
6346,2026-09-29,5550.0,-0.0036,-0.0142,-0.0561,0.0054,-0.0468,-0.0181,5680.4,5709.6,False,-0.023,0.7872,7050.4569,5470.3578,0.0063,0.0146,555000.0,1.7561,0.5423,キクカワエンタープライズ,スタンダード（内国株式）,機械
6347,2026-09-29,250.0,-0.0119,0.0,-0.0566,0.004,-0.0473,-0.0195,252.48,255.7067,False,-0.0098,0.5337,468.4717,228.3555,0.0171,0.0264,25000.0,0.349,0.2567,プラコー,スタンダード（内国株式）,機械
6349,2026-09-29,1945.0,-0.0051,-0.0294,-0.0419,0.2993,-0.0326,0.2757,1993.1391,1771.433,True,-0.0242,0.9392,2071.0,1387.0,0.0194,3.0357,194500.0,0.8312,0.3338,小森コーポレーション,プライム（内国株式）,機械
6351,2026-09-29,2608.0,-0.0011,0.0284,0.0772,0.1266,0.0866,0.103,2525.1127,2362.5309,True,0.0328,0.9651,2702.4397,1863.5746,0.033,1.747,260800.0,1.0731,0.2795,鶴見製作所,プライム（内国株式）,機械
6356,2026-09-29,1370.0,-0.0007,-0.0137,0.0262,-0.0805,0.0355,-0.1041,1343.0031,1405.9344,False,0.0201,0.6015,2277.5692,657.2784,0.0753,13.0949,137000.0,4.0158,0.4791,日本ギア工業,スタンダード（内国株式）,機械
6357,2026-09-29,2699.0,-0.0177,-0.034,-0.0114,0.1171,-0.002,0.0936,2703.6865,2533.6288,True,-0.0017,0.9473,2849.0,1937.2847,0.0289,1.1515,269900.0,0.9304,0.2588,三精テクノロジーズ,スタンダード（内国株式）,機械
6358,2026-09-29,2088.0,-0.0114,-0.0387,-0.0324,0.0082,-0.0231,-0.0153,2151.5341,2134.338,True,-0.0295,0.9016,2315.9664,1932.3996,0.0129,0.4722,208800.0,1.0024,0.3611,酒井重工業,プライム（内国株式）,機械
6360,2026-09-29,4890.0,0.0,0.0241,0.0438,0.0927,0.0531,0.0692,4721.6,4590.4667,True,0.0357,0.9919,4930.0,3148.7999,0.0127,0.0484,489000.0,1.1504,0.4989,東京自働機械製作所,スタンダード（内国株式）,機械
6361,2026-09-29,4556.0,-0.002,0.072,-0.055,-0.2717,-0.0457,-0.2953,4524.4,5394.3813,False,0.007,0.6648,6853.6091,3013.1816,0.0368,139.3328,455600.0,0.8689,0.3831,荏原製作所,プライム（内国株式）,機械
6363,2026-09-29,2931.0,-0.0034,0.0181,-0.0437,0.0479,-0.0344,0.0244,2954.6183,2944.4994,True,-0.008,0.8063,3635.0,1794.4349,0.0265,5.4747,293100.0,0.9046,0.2818,酉島製作所,プライム（内国株式）,機械
6364,2026-09-29,2497.0,-0.0072,-0.0083,-0.0231,0.3675,-0.0138,0.3439,2515.7414,2229.1005,True,-0.0074,0.8956,2788.0,1586.0,0.0229,1.5836,249700.0,0.7815,0.388,ＡＩＲＭＡＮ,プライム（内国株式）,機械
6365,2026-09-29,5650.0,0.0053,0.0236,0.0,0.0541,0.0093,0.0306,5613.6617,5498.8206,True,0.0065,0.9054,6240.0,4798.7253,0.0129,0.033,565000.0,0.6075,0.3258,電業社機械製作所,スタンダード（内国株式）,機械
6366,2026-09-29,660.0,-0.006,-0.0544,-0.0846,-0.0149,-0.0753,-0.0385,703.2,699.9867,False,-0.0614,0.3607,1830.0,369.0,0.033,12.0715,66000.0,0.6906,0.257,千代田化工建設,スタンダード（内国株式）,建設業
6367,2026-09-29,20705.0,-0.0017,0.0002,-0.0065,-0.1612,0.0028,-0.1848,20743.8895,22689.3632,False,-0.0019,0.7831,26440.0,16604.3262,0.0166,237.9743,2070500.0,0.8712,0.2187,ダイキン工業,プライム（内国株式）,機械
6368,2026-09-29,2522.0,0.0469,-0.7904,-0.8088,-0.8453,-0.7995,-0.8688,11026.6989,13905.033,False,-0.7713,0.1252,20145.0,2385.0916,0.4147,32.6855,252200.0,2.1333,0.9572,オルガノ,プライム（内国株式）,機械
6369,2026-09-29,2386.0,-0.0013,-0.0193,-0.0543,-0.0209,-0.045,-0.0445,2433.8907,2420.6836,True,-0.0197,0.7575,3150.0,2105.0,0.0206,2.0385,238600.0,1.0096,0.2954,トーヨーカネツ,プライム（内国株式）,機械
6370,2026-09-29,7726.0,0.0023,0.0294,-0.0612,-0.1557,-0.0519,-0.1793,7759.0128,8496.3909,False,-0.0043,0.7789,9919.0,4898.9873,0.0225,42.4813,772600.0,1.0243,0.3463,栗田工業,プライム（内国株式）,機械
6371,2026-09-29,2650.0,-0.0034,-0.036,-0.0211,0.0376,-0.0117,0.014,2688.7893,2647.5831,True,-0.0144,0.9424,2812.0,1970.5163,0.0194,4.9241,265000.0,1.0781,0.3837,椿本チエイン,プライム（内国株式）,機械
6376,2026-09-29,3540.0,-0.0315,0.0321,-0.0696,-0.1259,-0.0603,-0.1495,3517.0,3744.7698,True,0.0065,0.7815,4530.0,1401.2408,0.0409,16.9593,354000.0,0.8204,0.4356,日機装,プライム（内国株式）,精密機器
6378,2026-09-29,1169.0,-0.0168,-0.0209,-0.0442,-0.0102,-0.0348,-0.0337,1193.84,1213.3067,False,-0.0208,0.6149,1901.1904,940.8455,0.0265,1.8308,116900.0,1.4238,0.3677,木村化工機,スタンダード（内国株式）,機械
6379,2026-09-29,960.0,0.0102,-0.6948,-0.6903,-0.5735,-0.681,-0.5971,2698.091,2585.0437,True,-0.6442,0.2986,3215.0,926.7713,0.2162,6.8947,96000.0,2.3568,1.0954,レイズネクスト,プライム（内国株式）,建設業
6380,2026-09-29,3590.0,-0.0151,-0.0362,-0.0712,-0.2345,-0.0618,-0.2581,3874.8126,4101.2042,False,-0.0735,0.6563,5470.0,2015.1745,0.0407,0.5512,359000.0,0.5505,0.2842,オリエンタルチエン工業,スタンダード（内国株式）,機械
6381,2026-09-29,1879.0,-0.0005,-0.0244,-0.0389,0.1125,-0.0296,0.0889,1935.183,1822.861,True,-0.029,0.9302,2020.0,1434.0772,0.0174,1.4768,187900.0,0.7347,0.2511,アネスト岩田,プライム（内国株式）,機械
6382,2026-09-29,1223.0,0.0025,-0.0033,-0.027,-0.0137,-0.0177,-0.0373,1234.5059,1231.4886,False,-0.0093,0.8599,1422.2046,1083.5844,0.0126,0.1811,122300.0,0.8025,0.3347,トリニティ工業,スタンダード（内国株式）,機械
6383,2026-09-29,5490.0,-0.0036,0.0174,-0.0531,-0.2295,-0.0438,-0.253,5621.88,6243.5275,False,-0.0235,0.7027,7813.1246,4434.892,0.0251,93.3013,549000.0,0.9121,0.2116,ダイフク,プライム（内国株式）,機械
6384,2026-09-29,1729.0,-0.0035,0.0082,0.0249,-0.0598,0.0342,-0.0834,1709.04,1692.0267,True,0.0117,0.8912,1940.0,1297.1476,0.0164,0.1519,172900.0,0.5296,0.1874,昭和真空,スタンダード（内国株式）,機械
6387,2026-09-29,8550.0,0.0401,0.157,-0.0447,-0.377,-0.0354,-0.4005,8368.0,10422.5447,False,0.0217,0.51,16763.1472,3267.4769,0.0606,11.4919,855000.0,1.7348,0.251,サムコ,プライム（内国株式）,機械
6390,2026-09-29,1284.0,-0.0085,-0.0425,-0.0587,0.0372,-0.0493,0.0136,1334.6832,1306.3611,True,-0.038,0.7375,1741.0894,1172.0,0.0155,0.7796,128400.0,0.9805,0.3422,加藤製作所,プライム（内国株式）,機械
6391,2026-09-29,4820.0,-0.0243,-0.0113,0.0234,0.117,0.0327,0.0935,4757.2,4495.6,True,0.0132,0.9181,5250.0001,3207.2368,0.0182,0.0957,482000.0,0.8178,0.4041,加地テック,スタンダード（内国株式）,機械
6392,2026-09-29,7960.0,0.0,0.0114,0.0298,0.1259,0.0391,0.1023,7854.9538,7535.9179,True,0.0134,0.9595,8295.7816,5006.4218,0.0164,0.0981,796000.0,0.6944,0.5559,ヤマダコーポレーション,スタンダード（内国株式）,機械
6393,2026-09-29,3050.0,0.0049,0.0,-0.0049,0.0576,0.0044,0.034,3044.0194,2997.6865,True,0.002,0.9262,3292.989,2709.1876,0.0116,0.0645,305000.0,0.6537,0.236,油研工業,スタンダード（内国株式）,機械
6395,2026-09-29,1335.0,-0.0184,-0.034,-0.034,0.0545,-0.0247,0.031,1377.0,1339.4928,True,-0.0305,0.8721,1530.7488,955.4123,0.0269,4.5014,133500.0,0.7363,0.2454,タダノ,プライム（内国株式）,機械
6400,2026-09-29,304.0,-0.044,0.0236,0.0556,0.1783,0.0649,0.1548,292.28,274.76,True,0.0401,0.8808,345.15,250.575,0.0244,0.0814,30400.0,1.808,0.5519,不二精機,スタンダード（内国株式）,機械
6402,2026-09-29,1625.0,-0.0018,0.0068,0.0068,0.1002,0.0161,0.0767,1610.12,1528.0533,True,0.0092,0.7908,2054.8144,1298.0,0.0129,0.0415,162500.0,0.3852,0.3154,兼松エンジニアリング,スタンダード（内国株式）,機械
6405,2026-09-29,1267.0,0.0088,0.021,0.0259,0.2067,0.0352,0.1831,1220.2975,1112.8458,True,0.0383,0.8133,1557.8828,983.0,0.0182,0.3144,126700.0,0.8749,0.3468,鈴茂器工,スタンダード（内国株式）,機械
6407,2026-09-29,5350.0,0.0308,0.0863,-0.0378,-0.2838,-0.0285,-0.3073,5273.4,6243.5333,False,0.0145,0.6423,8330.0,2423.2636,0.0465,26.3598,535000.0,0.7086,0.2451,ＣＫＤ,プライム（内国株式）,機械
6412,2026-09-29,2127.0,-0.0176,-0.047,-0.0453,0.0651,-0.036,0.0416,2198.8378,2114.1193,True,-0.0327,0.9424,2257.0,1750.0,0.0164,7.799,212700.0,1.6286,0.3583,平和,プライム（内国株式）,機械
6413,2026-09-29,1033.0,-0.0255,-0.0171,-0.1049,0.0606,-0.0955,0.037,1086.84,1048.28,True,-0.0495,0.831,1243.1394,945.0,0.0203,1.0378,103300.0,0.8835,0.3727,理想科学工業,プライム（内国株式）,機械
6417,2026-09-29,2059.5,-0.001,-0.0414,0.0412,0.3051,0.0505,0.2816,2033.9839,1822.2146,True,0.0125,0.7128,2889.3268,1526.0,0.0231,25.3765,205950.0,1.4242,0.3451,ＳＡＮＫＹＯ,プライム（内国株式）,機械
6418,2026-09-29,1238.0,-0.0128,-0.0182,-0.0104,0.2518,-0.0011,0.2282,1236.6342,1130.9447,True,0.0011,0.9336,1326.0,890.0,0.0228,1.6392,123800.0,1.0478,0.4591,日本金銭機械,プライム（内国株式）,機械
6419,2026-09-29,3035.0,-0.021,-0.053,-0.056,0.0306,-0.0467,0.007,3174.0283,3109.1161,True,-0.0438,0.9308,3260.728,2771.0,0.0158,2.0508,303500.0,1.1417,0.4788,マースグループホールディングス,プライム（内国株式）,機械
6420,2026-09-29,3475.0,-0.0128,-0.0086,-0.0239,0.0546,-0.0146,0.0311,3502.0,3416.1333,True,-0.0077,0.886,3922.2591,3150.5072,0.0168,1.533,347500.0,1.0273,0.4294,ガリレイホールディングス,プライム（内国株式）,機械
6424,2026-09-29,885.0,-0.0134,-0.0045,-0.0145,0.0184,-0.0052,-0.0051,896.28,888.9467,True,-0.0126,0.9164,965.699,856.0,0.0077,0.0135,88500.0,0.7339,0.3646,高見沢サイバネティックス,スタンダード（内国株式）,機械
6425,2026-09-29,696.0,-0.0142,-0.0582,-0.0306,0.1048,-0.0213,0.0812,727.56,691.4667,False,-0.0434,0.6648,1047.0,612.0,0.0341,1.294,69600.0,0.6753,0.2699,ユニバーサルエンターテインメント,スタンダード（内国株式）,機械
6428,2026-09-29,328.0,0.0031,-0.003,-0.003,0.0649,0.0063,0.0414,326.92,318.8533,True,0.0033,0.9308,352.3775,300.245,0.0133,0.0329,32800.0,0.8627,0.2525,オーイズミ,スタンダード（内国株式）,機械
6430,2026-09-29,2414.0,-0.0179,-0.0348,-0.0443,0.083,-0.035,0.0595,2482.8986,2367.3662,True,-0.0277,0.809,2983.8679,2034.0,0.0148,1.1202,241400.0,1.2376,0.35,ダイコク電機,プライム（内国株式）,機械
6432,2026-09-29,7210.0,-0.011,-0.023,-0.0563,0.0345,-0.047,0.0109,7382.5564,7327.0557,True,-0.0234,0.92,7837.1614,4793.5481,0.0263,14.9475,721000.0,0.7124,0.2166,竹内製作所,プライム（内国株式）,機械
6433,2026-09-29,1344.0,-0.0601,0.0143,0.2376,0.2667,0.2469,0.2432,1173.0,1076.24,False,0.1458,0.5072,2650.0,325.0,0.0821,4.308,134400.0,2.6269,0.3697,ヒーハイスト,スタンダード（内国株式）,機械
6436,2026-09-29,3799.0,-0.0071,-0.0291,-0.0411,0.0437,-0.0318,0.0201,3909.6275,3808.2358,True,-0.0283,0.8809,4312.849,3453.0,0.0135,10.5652,379900.0,1.2037,0.307,アマノ,プライム（内国株式）,機械
6440,2026-09-29,843.0,0.0524,0.1092,0.2343,0.6306,0.2436,0.607,723.56,612.8667,True,0.1651,0.9515,886.0,401.7505,0.0368,2.7793,84300.0,1.0009,0.5613,ＪＵＫＩ,プライム（内国株式）,機械
6444,2026-09-29,189.0,-0.0258,-0.0156,-0.0455,0.1812,-0.0361,0.1577,190.04,173.0667,True,-0.0055,0.8957,211.0,118.0,0.0382,0.2198,18900.0,1.1145,0.3604,サンデン,スタンダード（内国株式）,機械
6445,2026-09-29,1381.0,0.0015,0.0147,-0.0403,0.0722,-0.031,0.0487,1384.1955,1351.7985,True,-0.0023,0.9395,1470.0,1049.1984,0.0189,0.4839,138100.0,0.9339,0.3137,ジャノメ,プライム（内国株式）,機械
6448,2026-09-29,4682.0,0.0088,0.0145,-0.0089,0.2754,0.0004,0.2519,4658.5923,4204.8641,True,0.005,0.9251,5061.0,2383.1575,0.0266,55.3559,468200.0,1.2615,0.3848,ブラザー工業,プライム（内国株式）,電気機器
6454,2026-09-29,1841.0,-0.0213,-0.0406,-0.0022,0.0829,0.0071,0.0594,1866.56,1782.4533,True,-0.0137,0.9379,1963.0,1315.5097,0.0218,5.1153,184100.0,1.0694,0.277,マックス,プライム（内国株式）,機械
6455,2026-09-29,2459.0,-0.0073,-0.0417,-0.0211,0.0149,-0.0118,-0.0087,2487.3867,2440.7689,True,-0.0114,0.8307,2960.2012,2166.338,0.0162,1.7554,245900.0,1.0579,0.3788,モリタホールディングス,プライム（内国株式）,輸送用機器
6457,2026-09-29,4354.0,-0.0174,-0.0281,-0.1063,0.1138,-0.097,0.0903,4575.1265,4389.5355,True,-0.0483,0.8734,4985.0,3458.2531,0.0246,9.2219,435400.0,0.9463,0.3304,グローリー,プライム（内国株式）,機械
6458,2026-09-29,1203.0,-0.0091,-0.0414,-0.0422,-0.0399,-0.0329,-0.0634,1238.7903,1241.0901,False,-0.0289,0.7604,1582.096,1166.0,0.0151,3.4449,120300.0,0.8507,0.3258,新晃工業,プライム（内国株式）,機械
6459,2026-09-29,1666.0,-0.0077,-0.0036,-0.013,0.019,-0.0037,-0.0046,1671.2,1679.0395,False,-0.0031,0.8157,2042.3598,1427.6398,0.0168,2.0774,166600.0,0.8101,0.4346,だいわ,プライム（内国株式）,機械
6460,2026-09-29,3269.0,0.0025,-0.0139,0.0839,0.4809,0.0932,0.4573,3155.2568,2695.5856,True,0.036,0.9553,3422.0,2078.0,0.0282,34.0777,326900.0,1.1023,0.335,セガサミーホールディングス,プライム（内国株式）,機械
6463,2026-09-29,1520.0,-0.025,-0.0325,-0.0434,0.0904,-0.0341,0.0668,1568.2883,1488.5894,True,-0.0308,0.9195,1653.0,1114.8562,0.0222,2.3117,152000.0,1.0724,0.3235,ＴＰＲ,プライム（内国株式）,機械
6464,2026-09-29,337.0,-0.0175,-0.0203,0.012,-0.1381,0.0213,-0.1617,342.12,368.7333,False,-0.015,0.6754,499.0,281.0,0.0305,1.1205,33700.0,0.4944,0.2139,ツバキ・ナカシマ,プライム（内国株式）,機械
6465,2026-09-29,5239.0,-0.0083,-0.0237,-0.0817,-0.0106,-0.0724,-0.0341,5479.08,5482.7564,True,-0.0438,0.8874,5904.0,4718.521,0.0187,18.4294,523900.0,0.9175,0.1926,ホシザキ,プライム（内国株式）,機械
6466,2026-09-29,4260.0,0.0155,0.0826,0.1051,-0.0173,0.1144,-0.0408,3899.8579,4109.3526,False,0.0923,0.6729,6330.5898,2448.9637,0.043,0.9438,426000.0,2.0533,0.3962,ＴＶＥ,スタンダード（内国株式）,機械
6467,2026-09-29,350.0,-0.0057,0.0145,0.0029,0.0671,0.0122,0.0435,345.2823,334.8274,True,0.0137,0.9289,376.7901,312.0,0.0118,0.0178,35000.0,0.9644,0.3625,ニチダイ,スタンダード（内国株式）,機械
6469,2026-09-29,2864.0,-0.0038,0.0321,-0.0579,0.1258,-0.0486,0.1022,2849.8,2735.84,True,0.005,0.5653,5066.4777,1665.2685,0.044,1.4969,286400.0,0.564,0.3331,放電精密加工研究所,スタンダード（内国株式）,機械
6470,2026-09-29,1144.0,-0.0087,0.0381,0.0124,0.0712,0.0217,0.0476,1113.72,1105.4933,False,0.0272,0.9079,1260.0,636.0648,0.0257,0.8722,114400.0,0.9713,0.4859,大豊工業,スタンダード（内国株式）,機械
6471,2026-09-29,1075.0,-0.0074,-0.0019,-0.0293,-0.0537,-0.02,-0.0772,1088.0009,1132.0736,False,-0.0119,0.7651,1405.0,722.779,0.0226,27.3965,107500.0,1.0343,0.3126,日本精工,プライム（内国株式）,機械
6472,2026-09-29,374.2,-0.015,-0.0227,0.0016,-0.0589,0.0109,-0.0824,377.3203,391.2054,False,-0.0083,0.7684,487.0,308.3805,0.0259,11.5874,37420.0012,0.8774,0.3255,ＮＴＮ,プライム（内国株式）,機械
6473,2026-09-29,2058.5,-0.0137,-0.0113,-0.001,0.0336,0.0083,0.0101,2081.8752,2082.2917,True,-0.0112,0.909,2264.5,1366.7107,0.0289,27.1201,205850.0,0.9493,0.2859,ジェイテクト,プライム（内国株式）,機械
6474,2026-09-29,5530.0,0.0,0.0336,-0.0349,-0.0675,-0.0256,-0.091,5469.6,5727.3333,False,0.011,0.8097,6830.0,3549.9009,0.0267,3.1313,553000.0,0.5015,0.4058,不二越,プライム（内国株式）,機械
6479,2026-09-29,3575.0,0.0107,0.0377,0.0512,-0.2483,0.0605,-0.2719,3406.5775,3932.4325,False,0.0494,0.6736,5307.0,2494.8736,0.0297,83.7314,357500.0,0.8154,0.3305,ミネベアミツミ,プライム（内国株式）,電気機器
6480,2026-09-29,1830.0,-0.0087,0.0765,0.0235,-0.1547,0.0328,-0.1783,1728.8472,1900.7357,False,0.0585,0.7093,2580.0,636.5491,0.0412,11.7576,183000.0,0.7093,0.4662,日本トムソン,プライム（内国株式）,機械
6481,2026-09-29,6526.0,0.0148,0.0878,-0.0409,-0.1087,-0.0315,-0.1323,6376.96,6942.8048,False,0.0234,0.8018,8139.2173,3602.315,0.0352,65.7616,652600.0,0.9807,0.3861,ＴＨＫ,プライム（内国株式）,機械
6482,2026-09-29,711.0,-0.0234,-0.007,-0.018,0.0334,-0.0086,0.0099,718.96,704.3333,True,-0.0111,0.8713,815.9826,567.6401,0.0227,0.7135,71100.0,1.731,0.3531,ＹＵＳＨＩＮ,スタンダード（内国株式）,機械
6484,2026-09-29,2229.0,0.0068,-0.0202,-0.0054,-0.0413,0.004,-0.0648,2239.3236,2298.4279,False,-0.0046,0.8164,2730.1943,2055.6999,0.0124,0.0353,222900.0,0.4938,0.38,ＫＶＫ,スタンダード（内国株式）,機械
6485,2026-09-29,1655.0,0.0088,-0.0018,-0.0288,0.1063,-0.0194,0.0827,1655.7882,1579.7561,True,-0.0005,0.9455,1750.4175,1360.0,0.0165,0.5157,165500.0,1.2677,0.3885,前澤給装工業,スタンダード（内国株式）,機械
6488,2026-09-29,1044.0,-0.001,0.0,0.0116,0.1106,0.0209,0.0871,1042.32,995.5067,True,0.0016,0.9511,1097.7319,860.6449,0.0134,0.0529,104400.0,0.6612,0.2,ヨシタケ,スタンダード（内国株式）,機械
6490,2026-09-29,10780.0,0.0084,0.1846,0.0631,0.0009,0.0724,-0.0226,9704.8,9943.7333,True,0.1108,0.8924,12080.0,3972.1162,0.0408,10.0275,1078000.0,0.8071,0.4985,ＰＩＬＬＡＲ,プライム（内国株式）,機械
6492,2026-09-29,15570.0,0.0237,0.065,0.0911,-0.0932,0.1004,-0.1167,14316.8252,15129.4751,False,0.0875,0.708,21990.0,6566.3803,0.0612,2.7719,1557000.0,1.0495,0.3632,岡野バルブ製造,スタンダード（内国株式）,機械
6493,2026-09-29,472.0,-0.0207,-0.0484,-0.0817,0.0374,-0.0724,0.0138,494.9273,481.9891,False,-0.0463,0.5908,798.8627,436.0,0.0228,0.3052,47200.0,0.8793,0.3255,ＮＩＴＴＡＮ,スタンダード（内国株式）,輸送用機器
6494,2026-09-29,98.0,-0.02,-0.0101,0.0103,0.0103,0.0196,-0.0132,97.56,96.9867,False,0.0045,0.5414,181.0,83.0,0.0182,0.1588,9800.0,0.5821,0.224,ＮＦＫホールディングス,スタンダード（内国株式）,機械
6495,2026-09-29,109.0,-0.0091,-0.0091,-0.0917,-0.1742,-0.0824,-0.1978,113.84,125.0533,False,-0.0425,0.3236,336.8664,108.0,0.0282,0.3429,10900.0,1.3568,0.2605,宮入バルブ製作所,スタンダード（内国株式）,機械
6496,2026-09-29,5480.0,-0.009,0.0055,-0.0179,0.1381,-0.0086,0.1146,5534.8,5294.4,True,-0.0099,0.6477,8460.5989,4430.0,0.0309,0.1943,548000.0,0.4502,0.3603,中北製作所,スタンダード（内国株式）,機械
6497,2026-09-29,1474.0,0.0048,0.0366,0.0166,0.1041,0.0259,0.0806,1451.92,1387.9085,True,0.0152,0.9237,1595.7121,1120.9499,0.0258,0.1231,147400.0,2.1616,0.3047,ハマイ,スタンダード（内国株式）,機械
6498,2026-09-29,2002.0,0.0015,0.0199,0.0261,-0.2071,0.0355,-0.2307,1937.48,2196.7556,False,0.0333,0.7415,2699.978,1531.5482,0.0239,8.0156,200200.0,0.916,0.3803,キッツ,プライム（内国株式）,機械
6501,2026-09-29,5465.0,-0.0046,-0.0018,0.0059,0.2223,0.0152,0.1988,5361.7206,5095.1869,True,0.0193,0.9102,6004.4257,3787.8138,0.0243,530.5713,546500.0,0.9346,0.4154,日立製作所,プライム（内国株式）,電気機器
6503,2026-09-29,5131.0,-0.01,-0.0064,-0.0777,-0.1268,-0.0683,-0.1503,5309.34,5628.9533,False,-0.0336,0.7674,6686.0,3647.374,0.0265,316.4041,513100.0,1.0201,0.2549,三菱電機,プライム（内国株式）,電気機器
6504,2026-09-29,13665.0,0.0049,0.0609,-0.0397,0.0111,-0.0304,-0.0124,13325.6927,13583.7642,False,0.0255,0.7677,17800.0,9523.8424,0.0301,87.1014,1366500.0,0.758,0.4058,富士電機,プライム（内国株式）,電気機器
6505,2026-09-29,2449.0,-0.018,0.0103,0.0037,0.2565,0.013,0.233,2426.16,2261.5067,True,0.0094,0.9658,2535.6741,1706.6854,0.0167,0.8581,244900.0,0.5859,0.4413,東洋電機製造,スタンダード（内国株式）,電気機器
6506,2026-09-29,4528.0,0.0168,0.0533,-0.0658,-0.3508,-0.0565,-0.3744,4573.548,5498.2951,False,-0.01,0.5763,7856.6466,2962.1023,0.0304,151.4129,452800.0,0.571,0.271,安川電機,プライム（内国株式）,電気機器
6507,2026-09-29,13450.0,0.0426,0.0734,0.098,-0.1557,0.1073,-0.1792,12160.8,13588.2667,False,0.106,0.7959,16900.0,7665.0915,0.0392,21.297,1345000.0,1.0763,0.5058,シンフォニアテクノロジー,プライム（内国株式）,電気機器
6508,2026-09-29,11440.0,-0.0032,0.0652,-0.0435,0.1709,-0.0342,0.1474,11080.6123,10285.0041,True,0.0324,0.8966,12760.0,5298.0514,0.0366,27.1245,1144000.0,0.7822,0.4146,明電舎,プライム（内国株式）,電気機器
6513,2026-09-29,1293.0,0.0109,-0.0008,0.0303,0.1862,0.0396,0.1627,1273.1015,1151.9405,True,0.0156,0.9302,1390.0,1020.8864,0.0217,0.3186,129300.0,0.6515,0.2824,オリジン,スタンダード（内国株式）,電気機器
6516,2026-09-29,5450.0,0.0074,0.0361,-0.0091,-0.1641,0.0002,-0.1877,5315.2758,5836.6919,False,0.0253,0.6916,7880.0,3160.0666,0.0285,4.8634,545000.0,0.7447,0.4,山洋電気,プライム（内国株式）,電気機器
6517,2026-09-29,3975.0,-0.0062,-0.0173,-0.0399,0.1011,-0.0305,0.0776,4036.8,3864.4,True,-0.0153,0.8404,4730.0,2721.7135,0.0203,1.9003,397500.0,0.7791,0.2166,デンヨー,プライム（内国株式）,電気機器
6518,2026-09-29,1694.0,-0.0065,-0.0168,-0.0359,-0.1047,-0.0265,-0.1282,1717.24,1868.28,False,-0.0135,0.6354,2666.0,902.0025,0.0292,0.1789,169400.0,0.7792,0.3071,三相電機,スタンダード（内国株式）,電気機器
6521,2026-09-29,3250.0,0.0015,0.0638,-0.0181,-0.31,-0.0088,-0.3335,3198.08,3671.04,False,0.0162,0.438,7420.0,1394.0,0.0461,4.0997,325000.0,0.5818,0.3101,オキサイド,グロース（内国株式）,電気機器
6522,2026-09-29,1254.0,-0.0134,-0.0913,-0.5115,-0.0571,-0.5022,-0.0807,1659.0,1570.0533,True,-0.2441,0.486,2580.0,338.0,0.0793,29.8432,125400.0,0.2317,0.3118,アスタリスク,グロース（内国株式）,電気機器
6523,2026-09-29,1444.0,0.0,0.0673,-0.0544,0.4047,-0.045,0.3811,1414.0602,1219.4334,True,0.0212,0.8958,1612.0,924.5556,0.037,11.5082,144400.0,1.294,0.5317,ＰＨＣホールディングス,プライム（内国株式）,電気機器
6524,2026-09-29,5260.0,0.0,0.0958,0.0214,-0.0113,0.0307,-0.0348,4935.6,4939.7119,False,0.0657,0.6821,7711.7518,2764.6722,0.0463,12.5095,526000.0,0.975,0.3695,湖北工業,スタンダード（内国株式）,電気機器
6525,2026-09-29,9331.0,0.0212,0.1264,0.0698,-0.1404,0.0791,-0.1639,8622.0729,9033.7976,True,0.0822,0.7636,12220.0,3529.4977,0.0595,734.5208,933100.0,0.9442,0.3379,ＫＯＫＵＳＡＩ　ＥＬＥＣＴＲＩＣ,プライム（内国株式）,電気機器
6526,2026-09-29,2102.5,-0.0005,0.07,0.0209,-0.176,0.0302,-0.1995,1983.1252,2240.1617,False,0.0602,0.6097,3448.155,1657.8999,0.0491,129.0802,210250.0,0.9482,0.4771,ソシオネクスト,プライム（内国株式）,電気機器
6532,2026-09-29,7596.0,-0.005,-0.0311,-0.0379,0.2688,-0.0286,0.2453,7700.8798,6894.4778,True,-0.0136,0.8544,8890.0742,3702.9728,0.0316,86.3448,759600.0,0.8109,0.3418,ベイカレント,プライム（内国株式）,サービス業
6533,2026-09-29,1919.0,0.2559,0.6194,0.6374,0.6515,0.6467,0.6279,1215.76,1177.0933,True,0.5784,0.9953,1928.0,734.4092,0.0363,1.0559,191900.0,3.3636,1.1762,Ｏｒｃｈｅｓｔｒａ　Ｈｏｌｄｉｎｇｓ,プライム（内国株式）,サービス業
6535,2026-09-29,497.0,-0.0158,-0.0139,-0.0158,0.0096,-0.0065,-0.014,507.84,495.5366,True,-0.0213,0.7623,651.9522,421.9632,0.0241,1.7383,49700.0,0.6237,0.175,アイモバイル,プライム（内国株式）,サービス業
6537,2026-09-29,318.0,0.0743,0.1003,0.0853,0.0291,0.0946,0.0056,295.76,308.0133,False,0.0752,0.6437,494.0,288.0,0.0254,0.321,31800.0,3.9709,0.7186,ＷＡＳＨハウス,グロース（内国株式）,サービス業
6538,2026-09-29,244.0,-0.0317,-0.024,0.0167,0.0517,0.026,0.0282,246.72,240.3867,True,-0.011,0.64,381.251,208.0,0.0214,0.1242,24400.0,1.1499,0.2685,ディスラプターズ,スタンダード（内国株式）,サービス業
6539,2026-09-29,981.0,-0.0121,-0.0268,-0.0373,0.0348,-0.028,0.0113,1001.92,981.28,True,-0.0209,0.9547,1027.523,907.0,0.0103,0.3635,98100.0,0.7346,0.278,ＭＳ－Ｊａｐａｎ,プライム（内国株式）,サービス業
6540,2026-09-29,1511.0,0.0013,0.0168,-0.0188,0.0175,-0.0095,-0.006,1518.44,1505.0267,True,-0.0049,0.7582,1993.0,1451.0,0.0121,0.2349,151100.0,1.4765,0.1914,船場,スタンダード（内国株式）,サービス業
6543,2026-09-29,1199.0,0.0178,0.0076,-0.0662,0.0167,-0.0569,-0.0068,1215.035,1185.0383,True,-0.0132,0.8372,1432.1538,1098.7498,0.0209,0.0384,119900.0,0.5127,0.2393,日宣,スタンダード（内国株式）,サービス業
6544,2026-09-29,1449.0,-0.0311,-0.0526,-0.0706,-0.1668,-0.0612,-0.1903,1509.8,1618.3867,False,-0.0403,0.7265,1994.3686,1413.0,0.0259,10.3565,144900.0,1.0675,0.3407,ジャパンエレベーターサービスホールディングス,プライム（内国株式）,サービス業
6545,2026-09-29,794.0,0.0206,-0.0038,-0.0258,0.0601,-0.0165,0.0365,803.36,792.4933,True,-0.0117,0.8754,907.0,581.8842,0.0202,0.051,79400.0,0.8328,0.2489,インターネットインフィニティー,グロース（内国株式）,サービス業
6546,2026-09-29,1180.0,-0.0025,-0.0008,0.0225,0.0583,0.0318,0.0348,1169.52,1140.9656,True,0.009,0.956,1234.2487,1074.639,0.0067,0.0185,118000.0,1.1078,0.3055,フルテック,スタンダード（内国株式）,サービス業
6547,2026-09-29,2048.0,-0.0087,-0.054,-0.0303,-0.0466,-0.021,-0.0701,2126.64,2107.323,True,-0.037,0.7741,2645.6235,1831.4354,0.0239,0.9342,204800.0,0.6262,0.298,グリーンズ,スタンダード（内国株式）,サービス業
6548,2026-09-29,125.0,-0.0157,-0.0157,0.0965,0.4045,0.1058,0.381,122.68,108.9867,True,0.0189,0.5734,218.0,86.0,0.0731,0.1711,12500.0,0.3643,0.1859,旅工房,グロース（内国株式）,サービス業
6549,2026-09-29,1130.0,0.0076,0.0162,0.0918,0.0089,0.1011,-0.0146,1094.9545,1110.3048,True,0.032,0.9004,1255.0,699.4121,0.0207,0.0627,113000.0,0.6619,0.1889,ディーエムソリューションズ,スタンダード（内国株式）,サービス業
6551,2026-09-29,602.0,0.0291,-0.0147,-0.0322,0.1087,-0.0228,0.0851,614.8721,582.6107,True,-0.0209,0.7201,836.0,510.0,0.0208,0.1594,60200.0,1.4421,0.3648,ツナググループ・ホールディングス,スタンダード（内国株式）,サービス業
6552,2026-09-29,171.0,0.0118,0.0118,-0.0229,-0.05,-0.0135,-0.0735,173.04,178.0133,False,-0.0118,0.5797,295.0,158.0,0.0163,0.0278,17100.0,0.3272,0.1795,ＧａｍｅＷｉｔｈ,スタンダード（内国株式）,サービス業
6554,2026-09-29,1081.0,-0.0191,-0.0391,-0.0137,0.0919,-0.0044,0.0684,1109.0453,1054.1884,True,-0.0253,0.8579,1260.0,946.0,0.019,0.1602,108100.0,1.5423,0.3015,エスユーエス,グロース（内国株式）,サービス業
6555,2026-09-29,421.0,-0.0209,-0.0186,-0.0186,-0.0094,-0.0093,-0.033,427.48,423.7067,False,-0.0152,0.8698,484.0,380.0,0.0107,0.004,42100.0,0.3901,0.3556,ＭＳ＆Ｃｏｎｓｕｌｔｉｎｇ,スタンダード（内国株式）,サービス業
6557,2026-09-29,670.0,0.003,-0.0847,-0.1508,0.0841,-0.1415,0.0606,747.28,698.36,True,-0.1034,0.4227,1585.0,580.0,0.0339,0.1907,67000.0,1.1552,0.6031,ＡＩＡＩグループ,グロース（内国株式）,サービス業
6560,2026-09-29,1770.0,-0.0078,-0.0296,0.0255,0.0011,0.0348,-0.0224,1787.48,1755.96,True,-0.0098,0.676,2618.3818,1560.0,0.0212,0.4643,177000.0,0.683,0.344,エル・ティー・エス,プライム（内国株式）,サービス業
6561,2026-09-29,819.0,0.0024,0.0024,-0.0073,0.0393,0.002,0.0158,824.72,813.84,True,-0.0069,0.7774,1053.4928,749.0,0.0145,0.077,81900.0,0.7351,0.2108,ＨＡＮＡＴＯＵＲ　ＪＡＰＡＮ,グロース（内国株式）,サービス業
6562,2026-09-29,992.0,-0.0188,-0.0188,0.1159,0.0853,0.1252,0.0618,958.64,961.0133,True,0.0348,0.6923,1433.0,853.0,0.0264,0.4092,99200.0,0.4499,0.2792,ジーニー,グロース（内国株式）,サービス業
6563,2026-09-29,463.0,0.0131,0.0109,-0.017,-0.0294,-0.0077,-0.0529,461.8,481.0,False,0.0026,0.6759,685.0,440.0,0.041,0.113,46300.0,2.0077,0.4263,みらいワークス,グロース（内国株式）,サービス業
6564,2026-09-29,1933.0,-0.0286,-0.0529,-0.0795,-0.0483,-0.0702,-0.0718,2008.24,2072.32,False,-0.0375,0.8243,2345.0,1719.0337,0.0275,1.1039,193300.0,1.019,0.2484,ミダックホールディングス,プライム（内国株式）,サービス業
6568,2026-09-29,1235.0,0.0073,0.0106,0.0016,-0.0573,0.0109,-0.0808,1237.4005,1268.8268,True,-0.0019,0.8827,1399.0636,1045.8444,0.0122,0.0337,123500.0,0.9694,0.3312,神戸天然物化学,グロース（内国株式）,サービス業
6570,2026-09-29,3885.0,0.0374,0.1376,0.0458,1.1583,0.0551,1.1348,3773.1788,2674.7262,True,0.0296,0.8701,4465.0,1037.3496,0.0699,2.9331,388500.0,0.9652,0.2376,共和コーポレーション,スタンダード（内国株式）,サービス業
6571,2026-09-29,1275.0,-0.0078,-0.007,-0.02,0.0184,-0.0107,-0.0052,1290.36,1274.4048,True,-0.0119,0.9193,1386.8857,1195.2575,0.0097,0.6006,127500.0,1.103,0.2736,キュービーネットホールディングス,プライム（内国株式）,サービス業
6572,2026-09-29,268.0,-0.0111,0.0075,-0.0325,0.3467,-0.0232,0.3232,272.32,241.92,True,-0.0159,0.6756,396.6967,193.0,0.0224,0.5609,26800.0,0.3782,0.25,オープングループ,プライム（内国株式）,サービス業
6573,2026-09-29,26.0,0.0,-0.037,-0.1333,0.04,-0.124,0.0165,28.0,26.32,False,-0.0714,0.2063,126.0,21.0,0.0604,0.1304,2600.0,0.3881,0.1273,ＣＲＡＶＩＡ,グロース（内国株式）,サービス業
6574,2026-09-29,120.0,0.0,0.0256,0.0811,0.3636,0.0904,0.3401,117.84,99.52,True,0.0183,0.4401,272.6496,78.0,0.0357,0.7647,12000.0,0.4511,0.4667,コンヴァノ,グロース（内国株式）,サービス業
6577,2026-09-29,1372.0,-0.0065,-0.0087,-0.3036,-0.3769,-0.2942,-0.4005,1714.64,1979.7519,False,-0.1998,0.5806,2362.9498,1360.0,0.0474,0.2185,137200.0,1.8057,0.1568,ベストワンドットコム,グロース（内国株式）,サービス業
6578,2026-09-29,481.0,0.0,0.0479,-0.0569,0.0191,-0.0475,-0.0045,477.04,479.6533,True,0.0083,0.9431,510.0,256.43,0.0168,0.0396,48100.0,0.674,0.4088,コレックホールディングス,スタンダード（内国株式）,サービス業
6579,2026-09-29,336.0,-0.0147,-0.0372,-0.0175,-0.0204,-0.0082,-0.044,349.64,348.68,True,-0.039,0.7796,431.0,271.0,0.0183,0.0082,33600.0,0.6356,0.3093,ログリー,グロース（内国株式）,サービス業
6580,2026-09-29,861.0,0.0035,0.0,-0.0956,0.0682,-0.0863,0.0447,887.56,838.2,True,-0.0299,0.2519,3417.8196,716.0,0.034,0.1383,86100.0,0.5156,0.3551,ライトアップ,グロース（内国株式）,サービス業
6584,2026-09-29,786.0,0.0077,0.0077,0.0051,-0.1674,0.0144,-0.1909,780.1214,853.7471,False,0.0075,0.6448,1219.0,635.9641,0.0199,2.4375,78600.0,0.4877,0.2475,三櫻工業,プライム（内国株式）,輸送用機器
6586,2026-09-29,5257.0,-0.0019,-0.0174,-0.0081,-0.0922,0.0012,-0.1158,5277.6516,5501.3239,False,-0.0039,0.8678,6058.0,4070.8052,0.018,39.0045,525700.0,0.891,0.3665,マキタ,プライム（内国株式）,機械
6588,2026-09-29,2936.0,0.0082,0.001,-0.065,0.0349,-0.0557,0.0114,2962.9236,3018.6012,False,-0.0091,0.851,3450.0,2502.2596,0.0245,4.0462,293600.0,0.8963,0.3768,東芝テック,プライム（内国株式）,電気機器
6590,2026-09-29,3770.0,0.0272,0.0487,-0.0827,-0.184,-0.0734,-0.2075,3887.8,4534.1333,False,-0.0303,0.5965,6320.0,2208.5203,0.0489,48.6149,377000.0,0.6423,0.2198,芝浦メカトロニクス,プライム（内国株式）,電気機器
6592,2026-09-29,1713.5,-0.0012,-0.0081,-0.0186,0.0917,-0.0093,0.0682,1723.86,1656.7857,True,-0.006,0.9185,1865.5177,1192.4958,0.0204,19.6278,171350.0,0.774,0.3343,マブチモーター,プライム（内国株式）,電気機器
6594,2026-09-29,2250.0,-0.0385,-0.174,-0.1356,-0.1493,-0.1263,-0.1729,2626.92,2649.16,False,-0.1435,0.765,2941.0,1797.0,0.0647,180.9057,225000.0,1.7189,0.5294,ニデック,プライム（内国株式）,電気機器
6597,2026-09-29,3925.0,-0.0088,0.0315,0.1103,-0.0677,0.1196,-0.0912,3640.2,3819.7908,False,0.0782,0.5269,7449.0989,1574.2428,0.0439,3.3903,392500.0,1.0448,0.5693,ＨＰＣシステムズ,グロース（内国株式）,電気機器
6599,2026-09-29,4550.0,0.0412,0.1248,0.3501,0.4725,0.3595,0.4489,3751.6,3319.4133,True,0.2128,0.9838,4625.0,2238.8442,0.0436,0.471,455000.0,2.2016,0.5095,エブレン,スタンダード（内国株式）,電気機器
6612,2026-09-29,587.0,0.0069,-0.0084,-0.0051,0.0069,0.0042,-0.0167,594.92,600.48,True,-0.0133,0.6486,905.0,561.0,0.0136,0.0178,58700.0,0.7876,0.2875,バルミューダ,グロース（内国株式）,電気機器
6613,2026-09-29,2243.0,0.0242,0.1432,-0.0747,-0.1995,-0.0654,-0.223,2100.2,2169.2267,False,0.068,0.6196,3620.0,293.0,0.0581,44.8672,224300.0,0.5412,0.3561,ＱＤレーザ,グロース（内国株式）,電気機器
6614,2026-09-29,879.0,0.0046,0.0185,0.0378,0.0069,0.0471,-0.0167,865.04,873.3867,False,0.0161,0.6584,1335.0306,643.9559,0.0255,0.0649,87900.0,0.4677,0.3076,シキノハイテック,スタンダード（内国株式）,電気機器
6615,2026-09-29,237.0,-0.0247,-0.0247,0.0128,0.0441,0.0221,0.0205,238.72,234.1867,False,-0.0072,0.5536,428.0732,220.0,0.0202,0.1256,23700.0,0.5746,0.1672,ユー・エム・シー・エレクトロニクス,プライム（内国株式）,電気機器
6616,2026-09-29,1929.0,0.0021,0.0669,-0.0292,-0.252,-0.0199,-0.2756,1898.7131,2058.491,False,0.016,0.6452,2990.0,1352.5641,0.0365,1.809,192900.0,0.8465,0.3387,トレックス・セミコンダクター,プライム（内国株式）,電気機器
6617,2026-09-29,7140.0,0.008,0.0439,-0.0097,-0.048,-0.0004,-0.0715,6882.1287,7369.5096,False,0.0375,0.8068,8850.0,2917.058,0.0354,5.508,714000.0,0.5761,0.3605,東光高岳,プライム（内国株式）,電気機器
6619,2026-09-29,147.0,-0.0134,0.0208,-0.0516,-0.1648,-0.0423,-0.1883,154.04,166.08,False,-0.0457,0.4061,362.0,138.0,0.0471,3.5195,14700.0,0.9888,0.2598,ダブル・スコープ,プライム（内国株式）,電気機器
6620,2026-09-29,646.0,-0.0092,-0.043,-0.0811,-0.3193,-0.0718,-0.3428,690.72,702.16,True,-0.0647,0.6152,1050.0,547.0,0.0242,0.304,64600.0,0.4622,0.2877,宮越ホールディングス,プライム（内国株式）,不動産業
6622,2026-09-29,2543.0,0.0217,-0.7912,-0.8062,-0.8591,-0.7969,-0.8827,10905.895,13925.0317,False,-0.7668,0.1285,19790.0,2425.6715,0.4628,19.726,254300.0,1.4015,0.8824,ダイヘン,プライム（内国株式）,電気機器
6625,2026-09-29,359.0,0.0,-0.0218,-0.0675,0.0716,-0.0582,0.0481,375.0,353.9467,True,-0.0427,0.8417,426.496,313.0,0.0175,1.2261,35900.0,1.7438,0.3977,ＪＡＬＣＯホールディングス,スタンダード（内国株式）,不動産業
6626,2026-09-29,2483.0,0.0028,0.0424,0.139,0.2124,0.1483,0.1889,2317.24,2140.24,True,0.0715,0.8424,2947.4469,1936.0,0.0333,0.342,248300.0,0.8911,0.3727,ＳＥＭＩＴＥＣ,スタンダード（内国株式）,電気機器
6627,2026-09-29,2331.0,-0.0206,-0.7784,-0.7971,-0.8266,-0.7878,-0.8501,9453.32,10969.9067,False,-0.7534,0.1558,14960.0,2315.0,0.5251,9.9612,233100.0,1.4821,0.7635,テラプローブ,スタンダード（内国株式）,電気機器
6629,2026-09-29,1023.0,-0.0248,0.0312,0.0271,0.0251,0.0364,0.0015,989.72,989.1333,False,0.0336,0.652,1569.0,379.0769,0.0323,1.3621,102300.0,0.7309,0.4354,テクノホライゾン,スタンダード（内国株式）,電気機器
6630,2026-09-29,776.0,-0.0127,-0.0165,-0.0239,0.0305,-0.0146,0.007,794.8,759.3108,True,-0.0237,0.9194,844.0,657.2037,0.0161,0.8843,77600.0,0.9451,0.224,ヤーマン,プライム（内国株式）,電気機器
6632,2026-09-29,995.6,-0.0059,-0.0157,-0.0357,-0.1142,-0.0264,-0.1378,1003.4682,1061.9934,False,-0.0078,0.6907,1441.4652,875.7,0.0215,13.0206,99559.9976,1.0775,0.3107,ＪＶＣケンウッド,プライム（内国株式）,電気機器
6633,2026-09-29,313.0,-0.0032,-0.0063,-0.028,-0.0457,-0.0186,-0.0693,317.2,324.7867,False,-0.0132,0.7488,418.0,310.0,0.0071,0.0191,31300.0,1.0075,0.3613,ＣＧＳホールディングス,スタンダード（内国株式）,電気機器
6634,2026-09-29,70.0,0.0294,0.0145,-0.0141,0.0938,-0.0048,0.0702,71.12,70.48,True,-0.0157,0.4268,164.0,50.0,0.0439,0.1157,7000.0,0.1735,0.0977,ＪＮグループ,スタンダード（内国株式）,電気機器
6635,2026-09-29,671.0,-0.0204,0.0,0.0339,-0.0615,0.0432,-0.0851,667.0,678.1503,False,0.006,0.5688,1179.5955,469.8857,0.0232,0.1473,67100.0,0.441,0.2633,大日光・エンジニアリング,スタンダード（内国株式）,電気機器
6637,2026-09-29,4170.0,-0.0123,-0.0447,-0.0587,0.2411,-0.0494,0.2175,4246.5715,3937.1238,True,-0.018,0.7828,5326.7783,3180.0,0.0403,1.179,417000.0,0.6042,0.3008,寺崎電気産業,スタンダード（内国株式）,電気機器
6638,2026-09-29,2151.0,-0.0099,0.0488,0.0842,0.205,0.0935,0.1815,1992.343,1980.901,True,0.0796,0.9492,2266.0,1423.1315,0.0371,2.5455,215100.0,1.1141,0.4594,ミマキエンジニアリング,プライム（内国株式）,電気機器
6643,2026-09-29,5450.0,-0.0268,-0.0285,-0.0489,-0.0073,-0.0396,-0.0308,5637.5951,5475.065,True,-0.0333,0.7624,7148.6016,3628.5315,0.0325,0.2302,545000.0,0.6364,0.2486,戸上電機製作所,スタンダード（内国株式）,電気機器
6644,2026-09-29,1452.0,-0.0068,-0.0314,-0.0722,-0.0229,-0.0629,-0.0464,1489.6691,1494.823,False,-0.0253,0.6561,2213.0,1092.8689,0.0233,5.6608,145200.0,1.5854,0.3047,大崎電気工業,プライム（内国株式）,電気機器
6645,2026-09-29,6374.0,0.015,0.0454,-0.0234,0.099,-0.0141,0.0754,6259.08,6014.9333,True,0.0184,0.8798,7245.0,3647.0641,0.0287,76.1079,637400.0,0.8428,0.353,オムロン,プライム（内国株式）,電気機器
6647,2026-09-29,3850.0,0.0,0.0534,0.1441,0.4259,0.1534,0.4024,3549.8,3049.5333,True,0.0846,0.9923,3880.0,1889.4941,0.0166,0.046,385000.0,0.7685,0.5318,森尾電機,スタンダード（内国株式）,電気機器
6648,2026-09-29,1640.0,0.0,-0.0079,-0.0553,-0.0934,-0.046,-0.117,1667.4361,1744.4254,False,-0.0165,0.6002,2732.3429,1410.1218,0.0206,0.5164,164000.0,0.6178,0.2075,かわでん,スタンダード（内国株式）,電気機器
6651,2026-09-29,4340.0,0.0005,-0.0302,-0.0192,-0.0892,-0.0099,-0.1127,4369.5391,4461.7797,False,-0.0068,0.8527,5090.0,3341.4956,0.0214,2.9783,434000.0,0.8264,0.2907,日東工業,プライム（内国株式）,電気機器
6652,2026-09-29,3740.0,-0.0066,-0.0066,0.055,0.1472,0.0643,0.1237,3649.2,3466.3333,True,0.0249,0.9409,3975.0,2206.1375,0.0211,3.8647,374000.0,0.8714,0.4379,ＩＤＥＣ,プライム（内国株式）,電気機器
6653,2026-09-29,2084.0,-0.01,-0.0119,-0.0617,-0.1188,-0.0524,-0.1424,2131.44,2223.4832,False,-0.0223,0.7391,2819.5928,1602.7685,0.0244,1.5051,208400.0,0.5145,0.2875,正興電機製作所,プライム（内国株式）,電気機器
6654,2026-09-29,1090.0,0.0046,0.0111,0.0046,-0.0178,0.0139,-0.0413,1082.6,1089.3014,True,0.0068,0.9651,1129.4363,1024.9684,0.0045,0.1052,109000.0,0.3059,0.3652,不二電機工業,スタンダード（内国株式）,電気機器
6656,2026-09-29,817.0,0.0174,0.0666,-0.0262,-0.3237,-0.0169,-0.3472,803.52,997.8533,False,0.0168,0.5145,1588.0,499.0,0.0323,0.2977,81700.0,0.3729,0.3822,インスペック,スタンダード（内国株式）,電気機器
6658,2026-09-29,446.0,-0.0045,-0.0241,-0.0346,-0.0089,-0.0253,-0.0324,452.12,447.1067,False,-0.0135,0.5535,805.7238,415.0,0.0144,0.1621,44600.0,0.4424,0.3422,シライ電子工業,スタンダード（内国株式）,電気機器
6659,2026-09-29,42.0,-0.0455,-0.125,-0.1765,-0.3538,-0.1672,-0.3774,48.68,52.0267,False,-0.1372,0.3652,115.0,32.0,0.0578,1.9126,4200.0,1.0083,0.3294,メディアリンクス,スタンダード（内国株式）,電気機器
6662,2026-09-29,230.0,0.0088,0.0222,0.0222,0.055,0.0315,0.0315,226.72,220.6,True,0.0145,0.7667,300.0,195.0,0.0186,0.0322,23000.0,0.4511,0.3033,ユビテック,スタンダード（内国株式）,電気機器
6663,2026-09-29,309.0,-0.0096,0.0131,-0.0252,-0.0064,-0.0159,-0.03,310.32,309.5867,False,-0.0043,0.6674,463.0,240.0,0.0176,0.0513,30900.0,0.3377,0.2211,太洋テクノレックス,スタンダード（内国株式）,電気機器
6664,2026-09-29,260.0,0.0078,0.0039,0.0196,0.1207,0.0289,0.0971,258.28,246.96,False,0.0067,0.5765,451.0,229.0,0.0266,0.0192,26000.0,1.1363,0.2742,オプトエレクトロニクス,スタンダード（内国株式）,電気機器
6666,2026-09-29,838.0,0.0295,0.0475,0.0384,-0.1085,0.0477,-0.1321,798.042,825.7073,False,0.0501,0.5685,1474.0,355.5941,0.0404,0.2883,83800.0,0.2874,0.2388,リバーエレテック,スタンダード（内国株式）,電気機器
6668,2026-09-29,4410.0,0.0115,0.1264,0.1061,0.1075,0.1154,0.0839,3981.8589,3646.5489,True,0.1075,0.9735,4530.0,1146.9437,0.0594,3.306,441000.0,0.6351,0.4126,アドテック　プラズマ　テクノロジー,スタンダード（内国株式）,電気機器
6674,2026-09-29,5339.0,-0.0054,-0.0115,-0.0065,-0.1743,0.0028,-0.1978,5247.1418,5811.5406,False,0.0175,0.6759,7899.0,3177.7772,0.0329,40.2283,533900.0,0.9938,0.3722,ジーエス・ユアサ　コーポレーション,プライム（内国株式）,電気機器
6675,2026-09-29,2111.0,-0.0014,-0.0457,-0.0231,0.1163,-0.0138,0.0928,2161.5506,2041.4769,True,-0.0234,0.7822,2698.9692,1561.7084,0.0176,0.7142,211100.0,0.8904,0.472,サクサ,スタンダード（内国株式）,電気機器
6676,2026-09-29,3450.0,0.0088,0.0,0.1443,0.407,0.1536,0.3835,3156.6017,2830.1872,True,0.0929,0.9694,3558.7825,1686.782,0.0312,2.5916,345000.0,2.015,0.5556,ＢＵＦＦＡＬＯ,スタンダード（内国株式）,電気機器
6677,2026-09-29,3120.0,-0.0057,-0.037,-0.0459,-0.1009,-0.0366,-0.1244,3203.2524,3357.3508,False,-0.026,0.8104,3850.0,2660.0,0.0207,3.0912,312000.0,1.0551,0.3175,エスケーエレクトロニクス,スタンダード（内国株式）,電気機器
6678,2026-09-29,2024.0,-0.0189,-0.026,-0.0444,0.0285,-0.0351,0.0049,2054.64,2038.3867,False,-0.0149,0.7668,2639.6546,1752.1927,0.0132,0.2352,202400.0,1.1377,0.3584,テクノメディカ,スタンダード（内国株式）,電気機器
6694,2026-09-29,852.0,0.0315,0.0191,0.1916,0.346,0.2009,0.3224,784.36,694.0,True,0.0862,0.9704,878.0,572.2096,0.0476,0.0971,85200.0,0.9436,0.2292,ズーム,スタンダード（内国株式）,電気機器
6696,2026-09-29,301.0,-0.0383,-0.0767,-0.0475,-0.0851,-0.0382,-0.1086,317.24,294.1733,False,-0.0512,0.613,491.0,236.0,0.0494,0.0919,30100.0,0.4833,0.249,トラース・オン・プロダクト,グロース（内国株式）,電気機器
6699,2026-09-29,480.0,-0.0113,-0.0323,-0.0822,0.0435,-0.0729,0.0199,506.626,490.9953,True,-0.0526,0.6463,742.6434,451.0,0.0159,0.3898,48000.0,0.7381,0.2614,ダイヤモンドエレクトリックホールディングス,スタンダード（内国株式）,電気機器
6701,2026-09-29,4785.0,0.0057,-0.0227,0.0106,0.2191,0.0199,0.1956,4747.5915,4473.1705,True,0.0079,0.7768,6159.8474,3586.1172,0.0315,281.2806,478500.0,0.8163,0.3367,日本電気,プライム（内国株式）,電気機器
6702,2026-09-29,3945.0,-0.002,-0.0157,0.0512,0.215,0.0605,0.1914,3856.3036,3566.2612,True,0.023,0.8543,4617.9754,3016.0,0.0287,273.0065,394500.0,1.036,0.3017,富士通,プライム（内国株式）,電気機器
6703,2026-09-29,2574.0,-0.0558,-0.0876,-0.0863,-0.2635,-0.0769,-0.2871,2727.04,3026.92,False,-0.0561,0.6484,3970.0,1490.9265,0.0433,18.2144,257400.0,0.963,0.363,沖電気工業,プライム（内国株式）,電気機器
6706,2026-09-29,3290.0,-0.009,-0.012,-0.006,0.0822,0.0033,0.0587,3299.8208,3181.8469,False,-0.003,0.9076,3625.0,1822.0388,0.0197,0.9373,329000.0,0.9288,0.239,電気興業,プライム（内国株式）,電気機器
6707,2026-09-29,7000.0,0.0084,0.0556,-0.0659,-0.3846,-0.0566,-0.4082,6985.4,8589.9067,False,0.0021,0.5915,11835.0,4883.0,0.0345,9.7069,700000.0,0.9279,0.2991,サンケン電気,プライム（内国株式）,電気機器
6718,2026-09-29,2745.0,-0.0051,-0.0452,-0.0495,0.0216,-0.0402,-0.002,2841.3895,2788.6498,True,-0.0339,0.9025,3041.5506,2620.0,0.0117,0.6835,274500.0,1.0077,0.4508,アイホン,プライム（内国株式）,電気機器
6721,2026-09-29,73.0,0.0,-0.0267,0.0,-0.1412,0.0093,-0.1647,73.36,78.0533,False,-0.0049,0.4899,149.0,69.0,0.0401,0.1971,7300.0,0.9667,0.2049,ウインテスト,スタンダード（内国株式）,電気機器
6723,2026-09-29,3458.0,-0.0003,0.0915,0.0231,-0.2806,0.0324,-0.3042,3334.28,3930.2667,False,0.0371,0.6544,5284.0,1654.2992,0.0405,347.7371,345800.0,0.7739,0.3814,ルネサスエレクトロニクス,プライム（内国株式）,電気機器
6724,2026-09-29,3261.0,0.0184,0.0284,0.0392,0.2091,0.0485,0.1856,3148.6015,2980.1938,True,0.0357,0.9787,3332.0,1809.8861,0.0276,46.8918,326100.0,0.8645,0.3638,セイコーエプソン,プライム（内国株式）,電気機器
6727,2026-09-29,869.0,-0.0125,0.0308,0.0663,0.1271,0.0756,0.1036,828.0285,804.0362,False,0.0495,0.9157,949.0,705.752,0.0265,5.0342,86900.0,0.9936,0.5453,ワコム,プライム（内国株式）,電気機器
6728,2026-09-29,7662.0,0.016,0.0922,0.0135,-0.2594,0.0228,-0.2829,7307.16,8642.3617,False,0.0486,0.6811,11250.0696,6159.9549,0.0327,33.8404,766200.0,0.8119,0.4369,アルバック,プライム（内国株式）,電気機器
6730,2026-09-29,1526.0,0.2447,0.2845,0.2976,0.3481,0.3069,0.3245,1202.2,1158.8667,True,0.2693,1.0,1526.0,1010.0,0.0379,10.3642,152600.0,0.3061,0.7691,アクセル,スタンダード（内国株式）,電気機器
6731,2026-09-29,99.0,-0.0388,-0.0198,-0.0748,-0.0198,-0.0655,-0.0433,104.36,108.6933,False,-0.0514,0.1456,680.0,96.0,0.0317,0.075,9900.0,0.4378,0.2227,ピクセラ,スタンダード（内国株式）,電気機器
6736,2026-09-29,9600.0,-0.0194,-0.04,0.1429,0.1189,0.1522,0.0953,9155.6,9267.6,True,0.0485,0.7471,12850.0,6034.8727,0.0504,3.5631,960000.0,0.9025,0.3019,サン電子,スタンダード（内国株式）,電気機器
6737,2026-09-29,3025.0,-0.0122,-0.0547,-0.0163,0.2158,-0.0069,0.1923,3081.511,2816.0103,True,-0.0183,0.9409,3215.0,2022.0,0.0247,4.8918,302500.0,0.7613,0.3481,ＥＩＺＯ,プライム（内国株式）,電気機器
6740,2026-09-29,50.0,0.0204,-0.0196,0.0638,-0.1071,0.0731,-0.1307,47.52,49.56,False,0.0522,0.3049,164.0,17.0,0.0457,4.8383,5000.0,0.7611,0.2625,ジャパンディスプレイ,プライム（内国株式）,電気機器
6741,2026-09-29,1773.0,-0.0123,-0.029,-0.0447,0.1322,-0.0354,0.1086,1814.1782,1693.9394,True,-0.0227,0.9283,1910.0,1159.596,0.0243,2.5621,177300.0,0.7102,0.3679,日本信号,プライム（内国株式）,電気機器
6742,2026-09-29,1074.0,-0.012,-0.0028,0.0347,0.1487,0.044,0.1251,1033.9916,972.3039,True,0.0387,0.9498,1130.7986,480.1574,0.0368,2.8039,107400.0,1.012,0.4118,京三製作所,プライム（内国株式）,電気機器
6743,2026-09-29,1025.0,-0.0201,-0.0412,-0.0135,0.2909,-0.0042,0.2674,1040.56,935.0133,True,-0.015,0.9103,1126.0,538.6272,0.0229,0.1804,102500.0,0.7805,0.3532,大同信号,スタンダード（内国株式）,電気機器
6744,2026-09-29,3960.0,0.0008,-0.0341,-0.0748,-0.0318,-0.0655,-0.0553,4134.7909,4256.197,False,-0.0423,0.7888,5020.0,3347.9352,0.0197,3.3075,396000.0,0.8735,0.2885,能美防災,プライム（内国株式）,電気機器
6745,2026-09-29,1897.0,-0.0032,-0.0222,-0.052,-0.0212,-0.0427,-0.0447,1936.6975,1966.0725,False,-0.0205,0.8048,2357.0,1228.2664,0.0268,3.2723,189700.0,0.8079,0.3447,ホーチキ,プライム（内国株式）,電気機器
6748,2026-09-29,773.0,-0.0051,0.0211,-0.0228,0.1059,-0.0134,0.0823,773.76,742.5333,True,-0.001,0.8052,960.0,667.0,0.0181,0.0889,77300.0,0.6531,0.3786,星和電機,スタンダード（内国株式）,電気機器
6750,2026-09-29,1977.0,-0.0193,-0.0251,0.0071,0.1045,0.0164,0.0809,1997.0513,1884.0438,True,-0.01,0.9578,2064.0,1548.0,0.022,3.7274,197700.0,1.0047,0.3223,エレコム,プライム（内国株式）,電気機器
6752,2026-09-29,4389.0,-0.0119,0.0298,0.0032,-0.0251,0.0125,-0.0486,4325.4018,4291.4939,True,0.0147,0.881,4982.0,1501.7642,0.0415,349.5114,438900.0,0.9076,0.2841,パナソニック　ホールディングス,プライム（内国株式）,電気機器
6753,2026-09-29,641.9,-0.0119,-0.051,-0.0019,-0.0144,0.0074,-0.038,651.924,634.9973,True,-0.0154,0.7093,905.0,534.4,0.0367,24.1906,64190.0024,1.2189,0.2654,シャープ,プライム（内国株式）,電気機器
6754,2026-09-29,3377.0,-0.0024,0.0796,-0.0097,-0.2318,-0.0004,-0.2553,3268.9855,3720.3818,False,0.033,0.6956,4855.0,1727.8673,0.0317,29.6455,337700.0,0.7489,0.4407,アンリツ,プライム（内国株式）,電気機器
6757,2026-09-29,903.0,0.0,0.0112,0.0261,0.1053,0.0355,0.0817,886.88,866.04,True,0.0182,0.9265,974.6809,788.0,0.0103,0.0386,90300.0,1.5641,0.3769,ＯＳＧコーポレーション,スタンダード（内国株式）,電気機器
6758,2026-09-29,3732.0,0.019,-0.0059,-0.0357,0.1378,-0.0263,0.1143,3786.0575,3576.2058,True,-0.0143,0.7845,4757.3962,3043.0,0.0237,560.0661,373200.0,0.8464,0.2847,ソニーグループ,プライム（内国株式）,電気機器
6762,2026-09-29,2919.0,-0.0055,0.0403,-0.0513,-0.1824,-0.042,-0.2059,2931.1739,3207.9646,False,-0.0042,0.6765,4315.0,1875.0612,0.0361,268.2793,291900.0,0.8379,0.288,ＴＤＫ,プライム（内国株式）,電気機器
6763,2026-09-29,2711.0,-0.012,-0.0434,-0.0652,-0.0709,-0.0559,-0.0945,2812.7546,2871.8915,False,-0.0362,0.8265,3280.0,2274.7952,0.0186,0.476,271100.0,1.0948,0.3882,帝国通信工業,プライム（内国株式）,電気機器
6768,2026-09-29,894.0,-0.0089,0.0916,0.0863,-0.0459,0.0956,-0.0694,807.1481,865.356,False,0.1076,0.7877,1135.0,471.102,0.0413,9.0283,89400.0,1.2198,0.5022,タムラ製作所,プライム（内国株式）,電気機器
6769,2026-09-29,1287.0,0.0174,0.142,0.1289,0.1595,0.1383,0.1359,1160.2,1098.72,False,0.1093,0.9239,1393.0,760.4688,0.0432,1.4942,128700.0,0.5974,0.4193,ザインエレクトロニクス,スタンダード（内国株式）,電気機器
6770,2026-09-29,2196.0,0.02,-0.0281,-0.007,0.0738,0.0023,0.0503,2212.1542,2152.9847,True,-0.0073,0.919,2389.5,1774.6401,0.0298,36.6055,219600.0,0.8677,0.2667,アルプスアルパイン,プライム（内国株式）,電気機器
6771,2026-09-29,657.0,0.0015,0.0155,-0.0179,0.0429,-0.0086,0.0193,664.8,654.52,False,-0.0117,0.7517,874.0,568.2114,0.0153,0.0527,65700.0,0.6443,0.2482,池上通信機,スタンダード（内国株式）,電気機器
6772,2026-09-29,1030.0,0.0098,0.0218,-0.041,-0.0721,-0.0317,-0.0956,1044.88,1078.2133,False,-0.0142,0.567,1816.7004,965.0,0.0263,0.0265,103000.0,1.1668,0.3066,東京コスモス電機,スタンダード（内国株式）,電気機器
6775,2026-09-29,131.0,0.0234,0.0077,0.0234,0.0917,0.0328,0.0681,126.72,121.2533,False,0.0338,0.5622,233.0,110.0,0.0491,0.601,13100.0,1.4787,0.6067,ＴＢグループ,スタンダード（内国株式）,電気機器
6776,2026-09-29,301.0,0.0101,0.0524,0.0599,0.1231,0.0692,0.0996,286.6,273.4133,True,0.0502,0.9768,308.1636,245.3532,0.019,0.0493,30100.0,1.1684,0.385,天昇電気工業,スタンダード（内国株式）,化学
6777,2026-09-29,22070.0,0.0369,0.1192,0.1318,-0.17,0.1411,-0.1935,19640.4732,21074.2911,False,0.1237,0.636,34700.0,7336.0733,0.0456,20.4538,2207000.0,0.7871,0.4111,ｓａｎｔｅｃ　Ｈｏｌｄｉｎｇｓ,スタンダード（内国株式）,電気機器
6778,2026-09-29,630.0,-0.0079,0.0145,-0.0411,-0.0369,-0.0318,-0.0605,646.76,639.223,True,-0.0259,0.879,716.6945,532.9514,0.0228,0.1081,63000.0,0.6119,0.2507,アルチザネットワークス,スタンダード（内国株式）,電気機器
6779,2026-09-29,3300.0,0.0123,0.082,0.1665,-0.0365,0.1758,-0.06,2881.92,3168.28,False,0.1451,0.6587,5010.0,898.4221,0.0632,25.9977,330000.0,0.9956,0.3353,日本電波工業,プライム（内国株式）,電気機器
6785,2026-09-29,3220.0,0.0142,0.019,0.0956,-0.0108,0.1049,-0.0343,3060.16,3111.3177,False,0.0522,0.9306,3460.0,1972.027,0.0323,2.4506,322000.0,0.7042,0.255,鈴木,プライム（内国株式）,電気機器
6786,2026-09-29,48.0,0.0,-0.0204,0.0,-0.0588,0.0093,-0.0824,48.48,49.1467,False,-0.0099,0.5647,85.0,46.0,0.0253,0.012,4800.0,0.4338,0.1647,ＲＶＨ,スタンダード（内国株式）,サービス業
6787,2026-09-29,22540.0,-0.0234,0.0264,0.174,-0.2729,0.1833,-0.2964,19906.6163,23865.6721,False,0.1323,0.4976,45300.0,8269.7027,0.0619,112.6575,2254000.0,1.27,0.4919,メイコー,プライム（内国株式）,電気機器
6788,2026-09-29,5160.0,-0.0039,0.0157,0.0424,0.1531,0.0517,0.1295,5017.6,4767.4667,True,0.0284,0.9866,5230.0,4005.0,0.0162,0.5603,516000.0,0.9562,0.3231,日本トリム,プライム（内国株式）,電気機器
6794,2026-09-29,3235.0,0.0078,0.0141,0.0848,0.0572,0.0942,0.0336,3054.9533,2956.5044,True,0.0589,0.9243,3500.0,2167.358,0.0268,4.3079,323500.0,0.9489,0.4637,フォスター電機,プライム（内国株式）,電気機器
6797,2026-09-29,1193.0,-0.005,-0.014,-0.0033,0.0329,0.006,0.0094,1203.56,1175.68,True,-0.0088,0.9314,1280.8217,1023.6944,0.0114,0.0459,119300.0,0.6747,0.2358,名古屋電機工業,スタンダード（内国株式）,電気機器
6798,2026-09-29,3285.0,-0.0076,-0.012,-0.0223,0.0462,-0.013,0.0226,3296.1881,3193.276,False,-0.0034,0.8795,3735.0,2174.5149,0.0263,0.4188,328500.0,0.852,0.3166,ＳＭＫ,プライム（内国株式）,電気機器
6800,2026-09-29,4360.0,-0.0075,0.0531,0.101,-0.2864,0.1103,-0.31,4000.9368,4611.1123,False,0.0897,0.6697,6510.0,1389.9145,0.0401,5.4148,436000.0,0.8278,0.4392,ヨコオ,プライム（内国株式）,電気機器
6803,2026-09-29,98.0,-0.0297,-0.02,-0.02,0.0103,-0.0107,-0.0132,99.2,98.0667,True,-0.0121,0.7112,137.7913,89.2174,0.0168,0.2974,9800.0,1.0245,0.1826,ティアック,スタンダード（内国株式）,電気機器
6804,2026-09-29,2445.0,-0.0053,-0.0412,-0.0958,-0.0934,-0.0865,-0.117,2594.2825,2735.3608,False,-0.0575,0.7762,3150.0,2195.6366,0.0175,6.2389,244500.0,1.0905,0.3435,ホシデン,プライム（内国株式）,電気機器
6806,2026-09-29,24685.0,0.0106,0.0179,-0.046,-0.1439,-0.0367,-0.1675,24844.1555,26826.2518,False,-0.0064,0.7664,32210.0,16081.6495,0.0223,34.3911,2468500.0,0.7579,0.2682,ヒロセ電機,プライム（内国株式）,電気機器
6807,2026-09-29,2556.0,0.0055,0.0095,0.039,0.106,0.0483,0.0825,2479.9122,2403.1174,True,0.0307,0.8842,2890.6689,2161.091,0.0208,5.9075,255600.0,0.9229,0.2369,日本航空電子工業,プライム（内国株式）,電気機器
6809,2026-09-29,1717.0,-0.0029,-0.0359,0.0082,0.0971,0.0175,0.0736,1732.4609,1654.5536,True,-0.0089,0.9156,1875.2623,1096.9047,0.0161,1.5691,171700.0,0.9951,0.3223,ＴＯＡ,プライム（内国株式）,電気機器
6810,2026-09-29,2585.0,0.0004,0.0189,0.056,0.2136,0.0653,0.1901,2512.7737,2309.7646,True,0.0287,0.9682,2670.0,1871.0,0.0292,6.7924,258500.0,0.6282,0.2813,マクセル,プライム（内国株式）,電気機器
6814,2026-09-29,7530.0,-0.0131,0.0,-0.017,0.3372,-0.0077,0.3137,7528.1612,7008.136,True,0.0002,0.7675,9810.9403,5062.1315,0.0363,18.3699,753000.0,0.6013,0.3509,古野電気,プライム（内国株式）,電気機器
6817,2026-09-29,1225.0,-0.0065,-0.0113,0.0025,-0.1052,0.0118,-0.1287,1212.48,1288.5919,False,0.0103,0.7675,1596.1018,996.5982,0.0215,1.905,122500.0,0.6208,0.369,スミダコーポレーション,プライム（内国株式）,電気機器
6819,2026-09-29,474.0,-0.0042,-0.0063,-0.0021,0.0304,0.0072,0.0069,476.68,472.0533,True,-0.0056,0.9713,488.0,422.2222,0.0057,0.0506,47400.0,0.8757,0.2579,伊豆シャボテンリゾート,スタンダード（内国株式）,サービス業
6820,2026-09-29,3610.0,-0.0204,-0.011,-0.036,0.1797,-0.0267,0.1562,3610.3879,3351.8093,True,-0.0001,0.9413,3835.0,2608.6479,0.0271,0.5487,361000.0,1.0571,0.4138,アイコム,プライム（内国株式）,電気機器
6822,2026-09-29,5000.0,0.004,0.005,0.004,-0.0958,0.0133,-0.1194,4995.1936,5189.2645,False,0.001,0.7849,6370.0,3347.1845,0.0164,0.1527,500000.0,0.5803,0.268,大井電気,スタンダード（内国株式）,電気機器
6823,2026-09-29,3345.0,-0.0045,0.0324,-0.0015,-0.1379,0.0078,-0.1614,3286.274,3471.8247,False,0.0179,0.8041,4160.0,2436.384,0.0191,1.2977,334500.0,0.6978,0.4151,リオン,プライム（内国株式）,電気機器
6824,2026-09-29,4040.0,0.0062,-0.0194,-0.0539,-0.214,-0.0445,-0.2376,4212.4,4599.5333,False,-0.0409,0.6612,6110.0,3145.3235,0.03,0.4771,404000.0,0.9856,0.413,新コスモス電機,スタンダード（内国株式）,電気機器
6832,2026-09-29,2513.0,-0.0067,0.0363,0.1003,-0.0703,0.1096,-0.0938,2356.7309,2467.6836,False,0.0663,0.785,3201.2376,2025.4744,0.0329,0.6562,251300.0,0.6005,0.3178,アオイ電子,スタンダード（内国株式）,電気機器
6834,2026-09-29,6180.0,0.0257,0.2023,0.1196,0.0032,0.1289,-0.0203,5361.355,5003.8917,False,0.1527,0.81,7630.0,1641.708,0.0573,47.6148,618000.0,0.7014,0.4409,精工技研,スタンダード（内国株式）,電気機器
6835,2026-09-29,268.0,0.0,-0.0183,0.0037,0.1356,0.0131,0.1121,261.68,249.9764,False,0.0242,0.7153,374.65,184.7345,0.0272,0.5036,26800.0,0.7311,0.4118,アライドテレシスホールディングス,スタンダード（内国株式）,電気機器
6836,2026-09-29,905.0,0.0748,0.1145,0.1037,0.3309,0.113,0.3073,825.92,771.92,False,0.0957,0.681,1329.0,659.0,0.0384,0.0853,90500.0,0.4299,0.414,ぷらっとホーム,スタンダード（内国株式）,電気機器
6837,2026-09-29,426.0,0.0216,0.1608,0.136,0.1482,0.1453,0.1247,376.12,367.2,True,0.1326,0.9726,438.0,279.1864,0.0272,0.1711,42600.0,0.7685,0.6136,京写,スタンダード（内国株式）,電気機器
6838,2026-09-29,1450.0,-0.0203,0.0394,0.0028,-0.178,0.0121,-0.2015,1462.88,1567.5333,False,-0.0088,0.5809,2496.0,657.0,0.0538,3.8566,145000.0,1.2779,0.3151,多摩川ホールディングス,スタンダード（内国株式）,電気機器
6840,2026-09-29,859.0,-0.0115,0.1185,0.0887,0.0957,0.098,0.0721,790.64,762.4,False,0.0865,0.5848,1469.0,303.0,0.0555,3.0219,85900.0,0.8343,0.4254,ＡＫＩＢＡホールディングス,スタンダード（内国株式）,電気機器
6841,2026-09-29,4679.0,0.0052,-0.0011,-0.0906,-0.1697,-0.0813,-0.1932,4802.7879,5273.1826,False,-0.0258,0.7475,6259.652,4134.1251,0.0234,50.9406,467900.0,0.8169,0.2599,横河電機,プライム（内国株式）,電気機器
6844,2026-09-29,3045.0,-0.0162,0.0187,-0.0193,-0.1923,-0.01,-0.2159,3029.4,3372.8667,False,0.0051,0.714,4265.0,2815.1875,0.0271,2.6367,304500.0,0.6661,0.4182,新電元工業,プライム（内国株式）,電気機器
6845,2026-09-29,1436.0,0.0031,-0.0191,-0.0559,-0.1649,-0.0466,-0.1884,1473.8443,1584.8948,False,-0.0257,0.8159,1760.0,1224.8473,0.0202,22.2571,143600.0,1.1286,0.4052,アズビル,プライム（内国株式）,電気機器
6848,2026-09-29,840.0,-0.0141,-0.03,-0.0356,-0.0378,-0.0263,-0.0613,865.28,860.8933,True,-0.0292,0.7971,1053.8614,798.2024,0.0081,0.1356,84000.0,3.4271,0.5453,東亜ディーケーケー,スタンダード（内国株式）,電気機器
6849,2026-09-29,1605.0,0.0034,0.0072,0.0794,0.1239,0.0887,0.1004,1535.5992,1502.1064,True,0.0452,0.8605,1865.2667,1323.0,0.0208,12.8712,160500.0,1.1912,0.4724,日本光電工業,プライム（内国株式）,電気機器
6850,2026-09-29,1745.0,-0.004,-0.0108,0.0217,0.0752,0.031,0.0516,1712.3204,1664.1068,True,0.0191,0.9496,1837.6821,1215.969,0.0206,0.5217,174500.0,0.6485,0.3166,チノー,プライム（内国株式）,電気機器
6853,2026-09-29,773.0,-0.0013,0.0131,0.0105,-0.0077,0.0198,-0.0312,764.16,783.8978,False,0.0116,0.774,998.7175,632.098,0.0163,0.1455,77300.0,0.6443,0.358,共和電業,スタンダード（内国株式）,電気機器
6855,2026-09-29,7630.0,0.0297,0.1439,0.1596,-0.0129,0.1689,-0.0365,6643.155,6949.7183,False,0.1486,0.7493,10182.3727,3179.2214,0.047,33.8357,763000.0,0.7482,0.4598,日本電子材料,スタンダード（内国株式）,電気機器
6856,2026-09-29,24295.0,0.0214,0.1036,0.0262,-0.1136,0.0355,-0.1372,22823.0,25260.8499,False,0.0645,0.8115,29939.4954,11796.5554,0.0305,53.4999,2429500.0,1.1596,0.4543,堀場製作所,プライム（内国株式）,電気機器
6857,2026-09-29,33910.0,0.0053,0.1214,-0.0202,0.0485,-0.0109,0.025,33244.0,31679.0667,True,0.02,0.8755,38730.0,13723.7228,0.0485,2898.8066,3391000.0,0.9806,0.3413,アドバンテスト,プライム（内国株式）,電気機器
6858,2026-09-29,852.0,-0.0023,0.0179,0.0315,-0.0351,0.0408,-0.0587,834.68,856.6909,True,0.0208,0.8495,1002.905,545.259,0.0227,0.3203,85200.0,0.3521,0.3358,小野測器,スタンダード（内国株式）,電気機器
6859,2026-09-29,3985.0,0.005,0.0025,0.0063,-0.0579,0.0156,-0.0815,3927.3865,4087.5288,True,0.0147,0.8319,4790.0,2893.0,0.0268,2.4069,398500.0,0.6113,0.3216,エスペック,プライム（内国株式）,電気機器
6861,2026-09-29,79480.0,0.0125,0.0444,-0.0325,-0.0195,-0.0232,-0.043,78685.8697,78434.6232,True,0.0101,0.904,87920.0,51271.969,0.0239,444.8652,7948000.0,0.9788,0.3629,キーエンス,プライム（内国株式）,電気機器
6862,2026-09-29,5080.0,-0.0166,0.1339,0.5232,1.4087,0.5326,1.3852,4217.7535,2924.8912,True,0.2044,0.8636,5882.6707,773.0281,0.0771,14.794,508000.0,0.9012,0.5153,ミナトホールディングス,スタンダード（内国株式）,電気機器
6863,2026-09-29,1142.0,0.0288,0.0907,0.1617,0.1996,0.1711,0.176,1011.6715,950.3305,True,0.1288,1.0,1142.0,579.4477,0.0306,1.0405,114200.0,1.8748,0.5432,ニレコ,スタンダード（内国株式）,電気機器
6864,2026-09-29,1598.0,-0.0105,-0.0056,0.0101,-0.0962,0.0194,-0.1197,1583.4,1642.84,False,0.0092,0.6196,2579.0,1033.5997,0.0266,0.4649,159800.0,0.4478,0.304,エヌエフホールディングス,スタンダード（内国株式）,電気機器
6866,2026-09-29,10560.0,0.0144,0.0613,-0.0213,-0.133,-0.012,-0.1565,10393.6,11336.9884,False,0.016,0.7725,13669.4008,5438.188,0.0285,3.2687,1056000.0,0.6414,0.3059,日置電機,プライム（内国株式）,電気機器
6867,2026-09-29,410.0,-0.0024,0.0,-0.0024,-0.0284,0.0069,-0.052,409.2,415.28,False,0.002,0.8011,511.8078,385.0,0.0143,0.0346,41000.0,0.8097,0.222,リーダー電子,スタンダード（内国株式）,電気機器
6869,2026-09-29,1859.0,-0.0114,-0.0075,-0.0318,0.2642,-0.0225,0.2407,1889.6194,1686.6331,True,-0.0162,0.9237,2012.5,1246.0,0.0242,49.187,185900.0,0.9396,0.3627,シスメックス,プライム（内国株式）,電気機器
6870,2026-09-29,2131.0,0.0038,0.0275,-0.0261,-0.252,-0.0167,-0.2756,2147.64,2354.0225,False,-0.0077,0.748,2849.0,1641.5399,0.0169,0.0507,213100.0,0.403,0.28,日本フェンオール,スタンダード（内国株式）,電気機器
6871,2026-09-29,13810.0,0.0383,0.0943,0.0399,-0.1701,0.0492,-0.1936,12970.4,14434.9333,False,0.0647,0.7596,18180.0,5310.4626,0.0627,147.5704,1381000.0,0.9327,0.2735,日本マイクロニクス,プライム（内国株式）,電気機器
6874,2026-09-29,2351.0,-0.0047,-0.0025,-0.0093,-0.0838,0.0,-0.1073,2349.84,2461.3687,False,0.0005,0.8304,2831.2361,2270.7866,0.0087,0.0766,235100.0,0.4783,0.2683,協立電機,スタンダード（内国株式）,電気機器
6875,2026-09-29,11250.0,0.0045,0.0475,0.0446,0.0694,0.0539,0.0458,10762.0,10489.6,False,0.0453,0.8383,13420.0,6161.2366,0.0309,10.7673,1125000.0,0.8143,0.3601,メガチップス,プライム（内国株式）,電気機器
6877,2026-09-29,5860.0,0.0034,0.1098,0.0174,-0.0362,0.0267,-0.0597,5541.1764,5817.9921,False,0.0575,0.853,6870.0,3672.052,0.0277,2.3759,586000.0,1.2156,0.5212,ＯＢＡＲＡ　ＧＲＯＵＰ,スタンダード（内国株式）,電気機器
6882,2026-09-29,1184.0,0.0068,0.0386,-0.0191,-0.0611,-0.0097,-0.0846,1153.2034,1200.9078,False,0.0267,0.7619,1554.0,829.4012,0.0235,0.4349,118400.0,0.4506,0.3555,三社電機製作所,スタンダード（内国株式）,電気機器
6888,2026-09-29,501.0,0.002,0.0,-0.004,0.0774,0.0053,0.0539,500.28,488.1072,False,0.0014,0.9082,551.6243,462.0,0.0091,0.0407,50100.0,0.6755,0.1969,アクモス,スタンダード（内国株式）,情報・通信業
6890,2026-09-29,10470.0,0.0165,0.1595,0.1033,0.0986,0.1126,0.0751,9262.4,8973.7908,True,0.1304,0.9044,11576.3216,3800.1707,0.0531,95.1434,1047000.0,0.7116,0.478,フェローテック,スタンダード（内国株式）,電気機器
6894,2026-09-29,2164.0,0.0014,-0.0159,0.0042,0.0056,0.0135,-0.018,2165.16,2146.6667,True,-0.0005,0.8711,2484.3303,1871.4134,0.0143,0.0206,216400.0,0.8914,0.2134,パルステック工業,スタンダード（内国株式）,電気機器
6897,2026-09-29,603.0,-0.0195,-0.029,-0.1184,-0.0552,-0.1091,-0.0787,658.2061,633.9439,True,-0.0839,0.7628,790.5327,388.2969,0.0435,2.1491,60300.0,0.3064,0.2747,ツインバード,スタンダード（内国株式）,電気機器
6898,2026-09-29,4880.0,0.0021,-0.024,0.3083,0.3388,0.3176,0.3153,4607.4,3993.3333,True,0.0592,0.7439,6560.0,2913.0,0.0916,0.5221,488000.0,1.5902,0.2773,トミタ電機,スタンダード（内国株式）,電気機器
6899,2026-09-29,2220.0,-0.0168,-0.0406,-0.0331,-0.039,-0.0238,-0.0625,2300.52,2319.7867,True,-0.035,0.8197,2708.3809,1933.3136,0.0206,0.1415,222000.0,1.2247,0.4084,ＡＳＴＩ,スタンダード（内国株式）,電気機器
6902,2026-09-29,1847.0,-0.0189,-0.0482,-0.0297,-0.0155,-0.0204,-0.039,1912.8627,1931.5742,True,-0.0344,0.7925,2330.4841,1789.356,0.0172,136.5767,184700.0,0.9264,0.32,デンソー,プライム（内国株式）,輸送用機器
6904,2026-09-29,1004.0,-0.03,0.4874,0.8156,1.2613,0.8249,1.2377,652.08,522.92,True,0.5397,0.8077,1243.0,440.0,0.0679,3.0752,100400.0,4.6273,0.9558,原田工業,スタンダード（内国株式）,電気機器
6905,2026-09-29,1448.0,-0.0082,0.097,0.0822,-0.0366,0.0915,-0.0601,1337.4,1363.6533,False,0.0827,0.8739,1657.0,1041.4645,0.0357,3.7817,144800.0,1.9449,0.5144,コーセル,プライム（内国株式）,電気機器
6907,2026-09-29,783.0,-0.0051,0.0129,0.0316,0.1864,0.0409,0.1628,774.28,701.8,True,0.0113,0.5468,1432.0,583.0,0.0313,0.1339,78300.0,0.5776,0.2694,ジオマテック,スタンダード（内国株式）,電気機器
6908,2026-09-29,2896.0,-0.001,0.0122,0.0425,-0.0062,0.0518,-0.0297,2806.08,2848.2,False,0.032,0.7512,3855.0,2686.0,0.0171,3.3184,289600.0,0.9038,0.4384,イリソ電子工業,プライム（内国株式）,電気機器
6912,2026-09-29,2730.0,-0.019,0.0565,0.1347,0.3705,0.144,0.3469,2523.04,2237.32,True,0.082,0.9586,2848.0,1473.0062,0.0313,0.3272,273000.0,0.9594,0.5146,菊水ホールディングス,スタンダード（内国株式）,電気機器
6914,2026-09-29,3210.0,-0.0077,0.019,-0.0153,-0.2311,-0.006,-0.2547,3166.6,3593.0852,False,0.0137,0.6812,4712.2839,1981.8836,0.0265,5.0992,321000.0,0.879,0.3988,オプテックスグループ,プライム（内国株式）,電気機器
6915,2026-09-29,3560.0,-0.0042,0.0259,0.0201,0.116,0.0294,0.0924,3458.8,3335.5333,True,0.0293,0.9903,3595.0,2831.0503,0.0182,0.3718,356000.0,1.4423,0.4486,千代田インテグレ,スタンダード（内国株式）,電気機器
6918,2026-09-29,4185.0,0.0518,0.1723,0.1434,0.2682,0.1528,0.2446,3652.2952,3413.3651,True,0.1459,1.0,4185.0,2166.2611,0.0374,1.6855,418500.0,0.9587,0.5083,アバールデータ,スタンダード（内国株式）,電気機器
6919,2026-09-29,1400.0,0.0029,-0.0223,-0.005,0.0212,0.0043,-0.0024,1419.9066,1397.2222,True,-0.014,0.8802,1590.6003,1312.1965,0.0119,0.1524,140000.0,1.0549,0.3042,ケル,スタンダード（内国株式）,電気機器
6920,2026-09-29,41000.0,0.025,0.1402,0.1846,-0.1751,0.1939,-0.1986,35756.8,41461.4646,False,0.1466,0.7027,58349.1951,16407.3022,0.0509,1229.1997,4100000.0,1.0591,0.4019,レーザーテック,プライム（内国株式）,電気機器
6923,2026-09-29,3450.0,-0.0043,-0.029,-0.0425,-0.0185,-0.0331,-0.042,3548.0862,3561.7754,False,-0.0276,0.9074,3802.0,2718.8918,0.0234,16.769,345000.0,0.897,0.2766,スタンレー電気,プライム（内国株式）,電気機器
6925,2026-09-29,4069.0,0.0165,0.1253,0.0273,-0.0934,0.0366,-0.1169,3776.2,4071.0533,False,0.0775,0.788,5164.0,2174.6984,0.0332,15.6693,406900.0,0.9628,0.511,ウシオ電機,プライム（内国株式）,電気機器
6926,2026-09-29,190.0,-0.0104,-0.0052,0.0106,0.016,0.02,-0.0075,190.96,187.4267,False,-0.005,0.7983,238.0,177.0,0.0165,0.0283,19000.0,0.7473,0.2227,岡谷電機産業,スタンダード（内国株式）,電気機器
6927,2026-09-29,993.0,-0.005,0.0248,0.0,0.0598,0.0093,0.0362,982.44,949.64,True,0.0107,0.7653,1297.5103,773.6937,0.0157,0.4484,99300.0,0.7643,0.3725,ヘリオス　テクノ　ホールディング,スタンダード（内国株式）,電気機器
6928,2026-09-29,3155.0,0.0194,0.1035,0.0447,0.0145,0.054,-0.0091,2979.8119,2944.1106,False,0.0588,0.7927,3980.0,1577.77,0.0353,1.3852,315500.0,0.7899,0.3923,エノモト,スタンダード（内国株式）,電気機器
6929,2026-09-29,3650.0,0.0014,-0.0041,-0.0228,-0.0267,-0.0134,-0.0502,3688.8,3732.4,False,-0.0105,0.8528,4280.0,3230.3571,0.0143,3.2488,365000.0,0.6831,0.2493,日本セラミック,プライム（内国株式）,電気機器
6932,2026-09-29,2535.0,0.004,-0.0254,-0.0178,0.0783,-0.0085,0.0547,2548.3638,2504.4013,True,-0.0052,0.8329,3043.6364,1984.2546,0.0189,0.8058,253500.0,0.7991,0.3406,遠藤照明,スタンダード（内国株式）,電気機器
6941,2026-09-29,8500.0,0.0101,0.1082,0.0442,-0.1071,0.0535,-0.1307,7837.3816,8686.3272,False,0.0845,0.7443,11420.0,3358.0775,0.0442,20.815,850000.0,0.7925,0.3868,山一電機,プライム（内国株式）,電気機器
6942,2026-09-29,1406.0,-0.031,-0.0256,0.0,0.0579,0.0093,0.0344,1432.2,1376.5867,True,-0.0183,0.9565,1470.0,1150.0,0.0103,0.0875,140600.0,1.6583,0.6307,ソフィアホールディングス,スタンダード（内国株式）,情報・通信業
6943,2026-09-29,6050.0,-0.0547,0.0881,0.0862,0.21,0.0955,0.1865,5640.3101,5243.7034,True,0.0726,0.9438,6410.0,4298.8707,0.021,0.0406,605000.0,1.5316,0.7551,ＮＫＫスイッチズ,スタンダード（内国株式）,電気機器
6946,2026-09-29,6890.0,-0.0337,-0.0364,0.2003,0.3891,0.2097,0.3656,6285.6,5590.8,True,0.0962,0.7667,8986.2168,4128.6675,0.0582,14.1025,689000.0,1.0736,0.4592,日本アビオニクス,スタンダード（内国株式）,電気機器
6947,2026-09-29,5120.0,0.0169,0.022,0.022,0.1143,0.0313,0.0907,4943.9765,4776.6588,True,0.0356,0.9808,5220.0,4115.3391,0.0223,3.5015,512000.0,1.6725,0.4505,図研,プライム（内国株式）,電気機器
6951,2026-09-29,7536.0,-0.0148,0.0592,0.0559,0.0115,0.0652,-0.012,7133.7006,7491.4202,True,0.0564,0.8143,9255.0,4376.1546,0.0358,19.9452,753600.0,0.7778,0.4186,日本電子,プライム（内国株式）,電気機器
6952,2026-09-29,2148.5,0.0037,-0.0007,-0.1059,0.1199,-0.0966,0.0963,2246.42,2057.3067,True,-0.0436,0.8472,2536.0,1167.7538,0.0355,39.7384,214850.0,0.9856,0.3397,カシオ計算機,プライム（内国株式）,電気機器
6954,2026-09-29,5911.0,-0.0054,0.0202,-0.0186,-0.1963,-0.0093,-0.2199,5908.56,6564.72,False,0.0004,0.6657,8880.0,4052.7733,0.026,268.7847,591100.0,0.7548,0.2985,ファナック,プライム（内国株式）,電気機器
6955,2026-09-29,402.0,-0.0171,-0.0123,-0.0474,-0.1846,-0.0381,-0.2081,408.72,433.8533,False,-0.0164,0.5964,674.0,340.0,0.0185,0.2212,40200.0,0.4123,0.2288,ＦＤＫ,スタンダード（内国株式）,電気機器
6958,2026-09-29,784.0,-0.0076,0.0129,0.0013,0.2006,0.0106,0.1771,758.48,707.52,True,0.0336,0.9526,823.0,323.3478,0.0384,6.0046,78400.0,0.6875,0.4157,日本シイエムケイ,プライム（内国株式）,電気機器
6960,2026-09-29,11700.0,-0.0038,-0.0378,-0.0282,0.0391,-0.0189,0.0155,11902.0409,11572.8136,True,-0.017,0.9367,12490.0,6467.1386,0.0236,7.761,1170000.0,1.2661,0.2928,フクダ電子,スタンダード（内国株式）,電気機器
6961,2026-09-29,9850.0,0.0066,0.0379,-0.0646,-0.2232,-0.0553,-0.2467,9928.1195,11397.2398,False,-0.0079,0.5475,17990.0,5370.735,0.0504,13.0953,985000.0,0.731,0.2804,エンプラス,プライム（内国株式）,電気機器
6962,2026-09-29,857.0,0.013,0.062,0.0931,-0.0261,0.1024,-0.0497,788.6313,830.1304,False,0.0867,0.7007,1223.0,519.1246,0.0472,2.7577,85700.0,0.7476,0.3894,大真空,プライム（内国株式）,電気機器
6963,2026-09-29,4872.0,0.0081,0.0894,0.0087,-0.0951,0.018,-0.1186,4754.2,4921.1867,False,0.0248,0.7988,6099.0,1934.9397,0.0463,143.5699,487200.0,0.724,0.2988,ローム,プライム（内国株式）,電気機器
6964,2026-09-29,692.0,0.0058,0.0058,-0.0184,0.0485,-0.0091,0.0249,693.6,682.8933,True,-0.0023,0.9389,737.0,544.7391,0.0078,0.0316,69200.0,0.6584,0.35,サンコー,スタンダード（内国株式）,電気機器
6965,2026-09-29,2302.0,0.007,0.0348,-0.0311,-0.1382,-0.0218,-0.1617,2290.084,2429.6813,False,0.0052,0.7426,3100.0,1473.9257,0.0284,47.6596,230200.0,0.6683,0.3139,浜松ホトニクス,プライム（内国株式）,電気機器
6966,2026-09-29,884.0,-0.0045,0.022,-0.0576,-0.0658,-0.0483,-0.0894,909.2,948.5315,True,-0.0277,0.6556,1348.459,556.0656,0.0472,29.9265,88400.0,1.1664,0.2445,三井ハイテック,プライム（内国株式）,電気機器
6969,2026-09-29,1023.0,0.0179,0.0261,0.002,-0.2538,0.0113,-0.2774,1005.12,1177.52,False,0.0178,0.4318,2369.0,715.0,0.0286,0.2377,102300.0,0.3669,0.2493,松尾電機,スタンダード（内国株式）,電気機器
6971,2026-09-29,3685.0,0.0027,0.0354,0.0099,0.0348,0.0192,0.0113,3578.0376,3659.5992,True,0.0299,0.9169,4019.0,1915.5132,0.0275,166.1304,368500.0,0.9257,0.4222,京セラ,プライム（内国株式）,電気機器
6976,2026-09-29,9117.0,0.0076,0.013,0.0244,-0.5475,0.0337,-0.5711,9152.218,12476.1927,False,-0.0038,0.3788,24065.0,3005.2942,0.0617,2484.8409,911700.0,1.0787,0.2274,太陽誘電,プライム（内国株式）,電気機器
6977,2026-09-29,1893.0,0.0,0.4847,0.2722,-0.0232,0.2815,-0.0468,1500.88,1485.6397,True,0.2613,0.8347,2268.0,819.1633,0.0349,0.6909,189300.0,3.2725,0.9676,日本抵抗器製作所,スタンダード（内国株式）,電気機器
6981,2026-09-29,8089.0,0.0151,0.0885,0.1067,-0.2901,0.116,-0.3137,7381.8685,8488.6362,False,0.0958,0.6273,12895.0,2538.3675,0.0497,1537.2548,808900.0,0.7951,0.3603,村田製作所,プライム（内国株式）,電気機器
6982,2026-09-29,575.0,-0.0069,-0.0035,-0.0017,-0.0336,0.0076,-0.0572,578.84,587.76,False,-0.0066,0.8603,668.3406,526.6013,0.0093,0.0064,57500.0,0.8514,0.1867,リード,スタンダード（内国株式）,輸送用機器
6986,2026-09-29,732.0,-0.0567,-0.0781,-0.0627,0.3285,-0.0534,0.305,758.68,651.88,True,-0.0352,0.8841,828.0,527.0,0.0541,4.2702,73200.0,1.4172,0.3791,双葉電子工業,プライム（内国株式）,電気機器
6988,2026-09-29,3502.0,0.0165,0.0285,0.0237,0.1047,0.033,0.0812,3384.5606,3319.3335,True,0.0347,0.8692,4029.208,2882.5,0.0257,100.7853,350200.0,1.0016,0.4596,日東電工,プライム（内国株式）,化学
6989,2026-09-29,2365.0,-0.0086,0.0238,-0.0498,-0.0623,-0.0405,-0.0858,2402.7429,2442.7276,False,-0.0157,0.7972,2966.7609,2042.9098,0.0235,0.2768,236500.0,1.3947,0.2562,北陸電気工業,スタンダード（内国株式）,電気機器
6993,2026-09-29,91.0,-0.0109,0.0225,0.046,0.0,0.0553,-0.0235,87.88,89.8267,False,0.0355,0.4715,193.0,30.0,0.0314,1.5267,9100.0,0.3523,0.315,大黒屋ホールディングス,スタンダード（内国株式）,小売業
6994,2026-09-29,1228.0,0.0324,0.046,-0.02,-0.0739,-0.0106,-0.0974,1179.3184,1166.4661,True,0.0413,0.799,1537.0,486.5794,0.0362,1.1835,122800.0,0.3846,0.2968,指月電機製作所,スタンダード（内国株式）,電気機器
6995,2026-09-29,3065.0,-0.0145,-0.0511,-0.0223,0.0362,-0.013,0.0126,3139.5735,3082.4578,True,-0.0238,0.8897,3445.0,2481.7785,0.0214,4.2377,306500.0,1.0206,0.3886,東海理化電機製作所,プライム（内国株式）,輸送用機器
6996,2026-09-29,2590.0,0.0117,0.0113,-0.0204,-0.3759,-0.0111,-0.3994,2613.535,3220.2317,False,-0.009,0.5217,4965.0,1200.6158,0.0446,23.0239,259000.0,0.5854,0.2343,ニチコン,プライム（内国株式）,電気機器
6997,2026-09-29,2511.0,0.0187,-0.0812,-0.0703,-0.5426,-0.061,-0.5662,2729.72,3581.32,False,-0.0801,0.4057,6190.0,1129.2504,0.0722,27.4967,251100.0,0.9429,0.2521,日本ケミコン,プライム（内国株式）,電気機器
6998,2026-09-29,3975.0,-0.0038,0.0419,0.2422,1.0076,0.2515,0.984,3568.7571,2687.159,True,0.1138,0.9351,4251.0743,1295.5182,0.0561,4.4776,397500.0,1.2074,0.4127,日本タングステン,スタンダード（内国株式）,電気機器
6999,2026-09-29,2284.0,0.024,0.0396,-0.0048,-0.2119,0.0045,-0.2354,2222.5921,2469.3574,False,0.0276,0.6974,3275.0,1102.7867,0.0373,8.8709,228400.0,0.4073,0.3246,ＫＯＡ,プライム（内国株式）,電気機器
7003,2026-09-29,4153.0,-0.0095,-0.0564,-0.0553,0.0132,-0.046,-0.0104,4282.6944,4371.8981,False,-0.0303,0.4956,8380.4496,3751.0,0.0397,84.5007,415300.0,0.706,0.3026,三井Ｅ＆Ｓ,プライム（内国株式）,機械
7004,2026-09-29,1154.0,-0.0179,-0.0262,-0.0286,-0.0906,-0.0193,-0.1142,1172.36,1233.8267,False,-0.0157,0.7617,1515.0,887.0435,0.0244,10.7906,115400.0,0.8408,0.2736,カナデビア,プライム（内国株式）,機械
7011,2026-09-29,3793.0,-0.0204,-0.0242,-0.0482,0.0346,-0.0389,0.0111,3839.4722,3858.5307,False,-0.0121,0.7304,5193.2077,3404.0,0.0312,624.4645,379300.0,0.9885,0.3204,三菱重工業,プライム（内国株式）,機械
7012,2026-09-29,2354.5,-0.0107,-0.0275,-0.1036,-0.1944,-0.0942,-0.2179,2457.7773,2710.7324,False,-0.042,0.6292,3742.207,1771.0841,0.0334,266.6487,235450.0,0.784,0.2845,川崎重工業,プライム（内国株式）,輸送用機器
7013,2026-09-29,2674.0,-0.0324,-0.0593,-0.0169,-0.0138,-0.0076,-0.0374,2717.2107,2764.9769,True,-0.0159,0.5708,4684.5774,2172.8772,0.0439,317.3925,267400.0,0.8446,0.309,ＩＨＩ,プライム（内国株式）,機械
7014,2026-09-29,4760.0,0.0011,-0.0593,-0.0031,0.3427,0.0062,0.3192,4745.3461,4249.7154,True,0.0031,0.792,6009.7562,2957.5514,0.0498,76.8399,476000.0,0.9364,0.3156,名村造船所,スタンダード（内国株式）,輸送用機器
7018,2026-09-29,13160.0,-0.0045,-0.06,0.0217,0.4509,0.0311,0.4274,12938.0,11148.0,True,0.0172,0.6452,20397.3611,7219.5142,0.0528,4.0815,1316000.0,1.0301,0.2633,内海造船,スタンダード（内国株式）,輸送用機器
7021,2026-09-29,2470.0,-0.006,0.0413,0.1207,0.376,0.13,0.3525,2273.8267,2031.9156,True,0.0863,0.765,3228.9598,1746.0,0.0229,0.034,247000.0,1.1434,0.5,ニッチツ,スタンダード（内国株式）,機械
7022,2026-09-29,354.0,0.0,-0.0056,0.1346,0.439,0.1439,0.4155,338.0,301.2267,True,0.0473,0.6335,558.7795,233.0,0.0287,0.2324,35400.0,0.7489,0.2563,サノヤスホールディングス,スタンダード（内国株式）,機械
7030,2026-09-29,951.0,0.0011,-0.0145,-0.0316,-0.0812,-0.0223,-0.1047,970.6345,1017.9848,False,-0.0202,0.6626,1435.2,942.1568,0.0133,0.1284,95100.0,1.273,0.2123,スプリックス,スタンダード（内国株式）,サービス業
7031,2026-09-29,719.0,0.0684,0.0558,0.0,0.1079,0.0093,0.0843,690.88,682.0533,True,0.0407,0.7715,932.0,552.0,0.0417,0.0092,71900.0,1.039,0.33,インバウンドテック,グロース（内国株式）,サービス業
7033,2026-09-29,1545.0,-0.0083,-0.0203,-0.0743,0.1903,-0.065,0.1667,1608.44,1470.32,True,-0.0394,0.8859,1744.0,1209.0,0.0241,1.2797,154500.0,1.0604,0.2682,マネジメントソリューションズ,プライム（内国株式）,サービス業
7034,2026-09-29,312.0,-0.0219,0.0163,-0.1381,-0.0659,-0.1288,-0.0894,338.24,353.8933,False,-0.0776,0.4438,703.0,305.0,0.0293,0.1054,31200.0,0.8812,0.3172,プロレド・パートナーズ,プライム（内国株式）,サービス業
7035,2026-09-29,239.0,0.0913,0.1274,-0.1049,-0.0324,-0.0956,-0.0559,236.16,242.7733,False,0.012,0.705,339.0,201.0,0.046,0.2886,23900.0,1.2243,0.3818,ａｎｄ　ｆａｃｔｏｒｙ,スタンダード（内国株式）,サービス業
7036,2026-09-29,661.0,-0.003,-0.009,-0.012,0.0926,-0.0026,0.069,668.08,644.48,False,-0.0106,0.5205,1270.0,585.0,0.0068,0.0101,66100.0,0.8419,0.2667,イーエムネットジャパン,グロース（内国株式）,サービス業
7037,2026-09-29,798.0,0.0076,0.0013,-0.0292,-0.05,-0.0199,-0.0735,807.36,840.4133,False,-0.0116,0.6152,1297.2434,550.1658,0.0113,0.1016,79800.0,1.8111,0.2111,テノ．ホールディングス,スタンダード（内国株式）,サービス業
7038,2026-09-29,572.0,-0.0222,-0.0272,-0.0155,0.0495,-0.0062,0.026,582.28,575.0533,True,-0.0177,0.7719,741.0,526.0,0.0139,0.1065,57200.0,0.9858,0.2523,フロンティア・マネジメント,プライム（内国株式）,サービス業
7039,2026-09-29,1330.0,-0.0075,-0.0292,-0.0271,-0.1998,-0.0178,-0.2233,1363.52,1567.4012,False,-0.0246,0.6555,2028.8843,1320.0,0.0095,0.1788,133000.0,0.5663,0.4057,ブリッジインターナショナルグループ,グロース（内国株式）,サービス業
7040,2026-09-29,966.0,0.0073,-0.0072,-0.0072,-0.0143,0.0021,-0.0378,970.1691,969.9497,False,-0.0043,0.7569,1276.3031,909.6154,0.0055,0.0086,96600.0,0.7759,0.4343,サン・ライフホールディング,スタンダード（内国株式）,サービス業
7041,2026-09-29,333.0,0.0152,-0.0431,-0.0348,0.2472,-0.0255,0.2236,346.185,330.995,True,-0.0381,0.8517,391.0,240.0,0.025,0.029,33300.0,1.1089,0.3959,ＣＲＧホールディングス,グロース（内国株式）,サービス業
7042,2026-09-29,679.0,0.0104,0.0165,-0.0258,0.1023,-0.0165,0.0787,685.52,659.64,True,-0.0095,0.7327,926.7626,536.5467,0.0264,0.0235,67900.0,1.6268,0.4629,アクセスグループ・ホールディングス,スタンダード（内国株式）,サービス業
7043,2026-09-29,946.0,0.015,0.0085,0.0032,0.0064,0.0125,-0.0172,942.52,917.9067,True,0.0037,0.7693,1229.6754,777.0,0.0166,0.017,94600.0,0.8699,0.1845,アルー,グロース（内国株式）,サービス業
7044,2026-09-29,550.0,0.0516,0.0577,0.0476,0.1677,0.0569,0.1442,517.84,508.44,False,0.0621,0.8246,667.0,462.0,0.0168,0.0621,55000.0,1.0979,0.4667,ピアラ,スタンダード（内国株式）,サービス業
7046,2026-09-29,1320.0,-0.0068,-0.0244,0.0146,-0.0222,0.0239,-0.0458,1335.8,1313.4133,True,-0.0118,0.7484,1763.6891,1200.0,0.0249,0.0333,132000.0,1.5455,0.3189,ＴＤＳＥ,グロース（内国株式）,サービス業
7047,2026-09-29,2120.0,-0.0235,-0.0098,-0.0811,-0.0208,-0.0717,-0.0443,2196.0,2297.2933,False,-0.0346,0.7656,2769.0,1750.7693,0.0286,2.825,212000.0,0.7301,0.3417,ポート,グロース（内国株式）,サービス業
7048,2026-09-29,149.0,0.0,-0.0449,-0.0325,-0.0915,-0.0232,-0.115,155.28,157.2133,True,-0.0404,0.5265,283.0,115.0,0.0393,0.25,14900.0,0.8313,0.3585,ベルトラ,グロース（内国株式）,サービス業
7049,2026-09-29,772.0,-0.0039,-0.0039,-0.1287,-0.0939,-0.1194,-0.1174,805.4,836.24,False,-0.0415,0.7591,1017.0,744.0,0.0077,0.1797,77200.0,0.7879,0.2193,識学,グロース（内国株式）,サービス業
7050,2026-09-29,1496.0,-0.0027,-0.026,0.0382,0.1464,0.0475,0.1228,1458.84,1378.5733,True,0.0255,0.9031,1656.5752,1047.3706,0.0308,0.2434,149600.0,2.0689,0.5115,フロンティアインターナショナル,グロース（内国株式）,サービス業
7057,2026-09-29,905.0,-0.03,-0.0195,-0.0269,-0.0044,-0.0176,-0.0279,922.6,915.96,True,-0.0191,0.786,1151.428,856.0,0.0119,0.0102,90500.0,0.3812,0.3709,エヌ・シー・エヌ,スタンダード（内国株式）,サービス業
7058,2026-09-29,3030.0,-0.0049,-0.0257,0.0324,0.0182,0.0417,-0.0054,3000.56,2984.1198,True,0.0098,0.9534,3178.1538,2559.8586,0.0164,0.0379,303000.0,0.9415,0.2921,共栄セキュリティーサービス,スタンダード（内国株式）,サービス業
7059,2026-09-29,925.0,-0.0263,-0.0484,0.0022,0.2029,0.0115,0.1793,929.8746,844.3715,True,-0.0052,0.7932,1166.1016,716.0,0.0201,1.0247,92500.0,1.0152,0.5013,コプロ・ホールディングス,プライム（内国株式）,サービス業
7060,2026-09-29,588.0,0.0034,0.0051,-0.0118,0.0051,-0.0024,-0.0184,591.749,593.3963,True,-0.0063,0.9117,644.9257,471.1433,0.0195,0.074,58800.0,1.1608,0.2664,ギークス,スタンダード（内国株式）,サービス業
7061,2026-09-29,489.0,-0.002,0.002,0.0103,-0.065,0.0196,-0.0886,486.28,532.0533,False,0.0056,0.3172,1541.8405,465.0,0.0324,0.462,48900.0,0.9531,0.3468,日本ホスピスホールディングス,グロース（内国株式）,サービス業
7062,2026-09-29,691.0,-0.0072,0.0058,-0.0129,-0.056,-0.0035,-0.0796,691.12,739.76,False,-0.0002,0.7491,922.4263,670.0,0.0102,0.0215,69100.0,0.4202,0.4242,フレアス,グロース（内国株式）,サービス業
7063,2026-09-29,60.0,-0.0164,-0.1045,-0.3023,-0.0625,-0.293,-0.086,78.2,85.0933,False,-0.2327,0.2182,275.0,59.0,0.1048,0.6806,6000.0,1.0047,0.4136,Ｂｉｒｄｍａｎ,グロース（内国株式）,サービス業
7064,2026-09-29,1031.0,0.03,-0.0162,0.1571,0.2201,0.1664,0.1966,969.12,895.84,True,0.0639,0.6873,1500.0,752.0,0.0445,0.0758,103100.0,0.9193,0.2961,ハウテレビジョン,スタンダード（内国株式）,サービス業
7065,2026-09-29,950.0,0.0106,0.0032,-0.0176,-0.0205,-0.0083,-0.044,965.6269,963.1135,True,-0.0162,0.8317,1142.2928,666.498,0.0143,0.1162,95000.0,0.4606,0.2358,ユーピーアール,スタンダード（内国株式）,サービス業
7066,2026-09-29,442.0,0.0023,-0.0328,0.0068,0.1362,0.0161,0.1127,446.5674,431.6025,True,-0.0102,0.5293,835.0,363.0,0.0256,0.1083,44200.0,0.5808,0.2289,ピアズ,グロース（内国株式）,サービス業
7068,2026-09-29,602.0,-0.0163,-0.0163,-0.0195,0.1874,-0.0102,0.1638,605.64,555.8133,True,-0.006,0.7587,793.4356,447.0,0.0203,0.2957,60200.0,0.9589,0.2947,フィードフォースグループ,グロース（内国株式）,サービス業
7069,2026-09-29,480.0,-0.0342,-0.0283,-0.1289,-0.3003,-0.1195,-0.3238,523.88,607.7067,False,-0.0838,0.6084,789.0,350.0,0.0397,0.1042,48000.0,0.7363,0.2097,サイバー・バズ,グロース（内国株式）,サービス業
7071,2026-09-29,393.0,0.0026,-0.0126,-0.0461,0.1802,-0.0368,0.1566,402.002,378.2273,True,-0.0224,0.5831,674.0,319.0,0.0285,1.0001,39300.0,0.8328,0.1953,アンビスホールディングス,プライム（内国株式）,サービス業
7072,2026-09-29,1105.0,-0.0143,0.0213,-0.0307,0.1427,-0.0214,0.1192,1116.0,1063.2667,True,-0.0099,0.6354,1739.0,823.0,0.0222,0.0561,110500.0,0.5953,0.2849,インティメート・マージャー,グロース（内国株式）,サービス業
7073,2026-09-29,2379.0,0.0076,0.0407,0.0569,0.021,0.0662,-0.0025,2321.4,2330.1733,True,0.0248,0.8512,2794.7285,1915.0,0.0184,0.0299,237900.0,1.0179,0.2923,ジェイック,グロース（内国株式）,サービス業
7074,2026-09-29,193.0,0.0052,0.0321,0.0321,0.1697,0.0414,0.1462,188.48,182.3733,True,0.024,0.6127,315.0,163.0,0.0241,0.0087,19300.0,0.7617,0.3015,トゥエンティーフォーセブンホールディングス,グロース（内国株式）,サービス業
7075,2026-09-29,1035.0,0.0781,0.0217,0.1897,0.2937,0.199,0.2702,961.08,861.1067,True,0.0769,0.9249,1119.0,713.0754,0.0565,0.2502,103500.0,1.5865,0.1863,ＱＬＳホールディングス,グロース（内国株式）,サービス業
7077,2026-09-29,989.0,-0.003,-0.006,-0.009,-0.01,0.0003,-0.0336,992.24,998.5467,False,-0.0033,0.891,1110.0,939.0,0.0097,0.0202,98900.0,0.606,0.209,ＡＬｉＮＫインターネット,グロース（内国株式）,サービス業
7078,2026-09-29,341.0,-0.034,0.0059,-0.0734,-0.0683,-0.0641,-0.0918,346.92,347.6,False,-0.0171,0.6686,510.0,330.0,0.0209,0.0675,34100.0,0.5899,0.252,ＩＮＣＬＵＳＩＶＥ　Ｈｏｌｄｉｎｇｓ,グロース（内国株式）,サービス業
7079,2026-09-29,2620.0,0.0061,0.025,0.0128,0.0214,0.0221,-0.0021,2571.08,2578.04,False,0.019,0.9621,2723.2271,2460.0623,0.0102,0.0565,262000.0,0.846,0.3265,ＷＤＢココ,グロース（内国株式）,サービス業
7080,2026-09-29,900.0,0.009,0.0045,0.0702,0.1152,0.0795,0.0917,878.32,832.6667,True,0.0247,0.9288,969.0,731.5776,0.0209,0.1477,90000.0,0.9481,0.3673,スポーツフィールド,グロース（内国株式）,サービス業
7081,2026-09-29,1281.0,-0.0031,-0.0008,-0.0191,-0.0161,-0.0098,-0.0397,1294.44,1308.5779,False,-0.0104,0.8868,1444.579,1105.0786,0.0112,0.0568,128100.0,1.1505,0.1741,コーユーレンティア,スタンダード（内国株式）,サービス業
7083,2026-09-29,1234.0,0.0344,0.073,0.1384,0.2402,0.1477,0.2167,1122.68,1040.9067,True,0.0992,1.0,1234.0,700.0,0.019,0.0399,123400.0,0.946,0.5574,ＡＨＣグループ,グロース（内国株式）,サービス業
7084,2026-09-29,2748.0,-0.0081,-0.0327,-0.0036,-0.0076,0.0057,-0.0311,2837.94,2751.8867,True,-0.0317,0.7757,3542.4579,1856.0,0.0326,0.1866,274800.0,1.9156,0.2323,Ｓｍｉｌｅ　Ｈｏｌｄｉｎｇｓ,グロース（内国株式）,サービス業
7085,2026-09-29,889.0,-0.0045,0.0011,-0.0543,-0.011,-0.0449,-0.0345,911.7983,909.6322,True,-0.025,0.9061,981.125,692.141,0.0167,3.4711,88900.0,0.5043,0.2558,カーブスホールディングス,プライム（内国株式）,サービス業
7087,2026-09-29,1361.0,-0.0011,-0.0469,-0.0313,0.0089,-0.022,-0.0146,1412.744,1365.3813,True,-0.0366,0.9202,1478.9932,1179.2638,0.0133,0.1056,136100.0,2.3413,0.4974,ウイルテック,スタンダード（内国株式）,サービス業
7089,2026-09-29,1403.0,0.0057,0.0174,-0.0733,-0.0824,-0.064,-0.1059,1447.32,1537.3333,False,-0.0306,0.8008,1752.0,857.0,0.0295,0.2688,140300.0,0.5404,0.3047,フォースタートアップス,グロース（内国株式）,サービス業
7090,2026-09-29,900.0,-0.0556,-0.075,-0.0207,0.2535,-0.0114,0.2299,940.92,861.3733,True,-0.0435,0.5279,1705.0,703.0,0.0194,0.0185,90000.0,1.494,0.5714,リグア,グロース（内国株式）,サービス業
7091,2026-09-29,1215.0,-0.0967,-0.0618,-0.0456,0.0066,-0.0362,-0.0169,1278.16,1234.8133,True,-0.0494,0.8934,1360.0,923.1083,0.0267,0.3375,121500.0,3.054,0.4471,リビングプラットフォーム,グロース（内国株式）,サービス業
7093,2026-09-29,605.0,0.0134,0.022,0.0431,0.2297,0.0524,0.2061,591.88,542.5333,True,0.0222,0.6612,915.0,464.0,0.0254,0.0294,60500.0,1.2962,0.5535,アディッシュ,グロース（内国株式）,サービス業
7094,2026-09-29,1808.0,-0.0147,-0.0259,-0.0414,0.3687,-0.032,0.3451,1843.0007,1578.5736,True,-0.019,0.7669,2357.5797,1244.0,0.0272,1.2726,180800.0,0.5945,0.2648,ＮｅｘＴｏｎｅ,グロース（内国株式）,サービス業
7095,2026-09-29,1135.0,-0.0061,-0.0207,-0.1105,0.0637,-0.1012,0.0402,1217.12,1170.2,True,-0.0675,0.5054,2245.6575,976.0,0.0297,0.7776,113500.0,1.0437,0.2432,Ｍａｃｂｅｅ　Ｐｌａｎｅｔ,プライム（内国株式）,サービス業
7096,2026-09-29,723.0,-0.0082,-0.0177,-0.0524,-0.0014,-0.0431,-0.0249,753.6,735.36,True,-0.0406,0.7408,976.0,627.0,0.0124,0.0184,72300.0,0.5777,0.3556,ステムセル研究所,グロース（内国株式）,サービス業
7097,2026-09-29,2784.0,0.0025,0.0124,0.0109,-0.0753,0.0202,-0.0989,2749.84,2839.4696,False,0.0124,0.8387,3319.3712,2368.1486,0.01,0.134,278400.0,0.9271,0.3969,さくらさくプラス,グロース（内国株式）,サービス業
7102,2026-09-29,3590.0,-0.0245,-0.0097,-0.0477,0.1397,-0.0384,0.1161,3638.0216,3489.1405,True,-0.0132,0.8169,4394.3985,2635.6459,0.0207,1.2359,359000.0,0.766,0.3232,日本車輌製造,プライム（内国株式）,輸送用機器
7110,2026-09-29,1886.0,-0.0058,-0.0047,-0.0663,-0.0383,-0.057,-0.0619,1992.84,1989.4051,True,-0.0536,0.7909,2384.5239,1860.0,0.0205,0.1396,188600.0,2.4176,0.576,クラシコム,グロース（内国株式）,小売業
7111,2026-09-29,570.0,0.0233,0.0962,0.1111,0.3256,0.1204,0.302,523.6,484.2133,True,0.0886,0.6552,870.0,404.0,0.0211,0.0502,57000.0,0.9824,0.6333,ＩＮＥＳＴ,スタンダード（内国株式）,卸売業
7112,2026-09-29,560.0,-0.0175,-0.1111,-0.1989,-0.2113,-0.1895,-0.2348,669.44,692.1467,False,-0.1635,0.5651,991.0,550.0,0.0255,0.0669,56000.0,3.9056,1.036,キューブ,グロース（内国株式）,小売業
7114,2026-09-29,803.0,-0.0706,-0.0037,0.0388,0.1358,0.0481,0.1122,791.08,763.72,True,0.0151,0.8046,998.0,680.0,0.0197,0.0227,80300.0,1.5,0.6462,フーディソン,グロース（内国株式）,卸売業
7115,2026-09-29,1468.0,-0.0061,-0.0007,-0.0246,-0.0405,-0.0153,-0.0641,1481.28,1537.0667,False,-0.009,0.4271,3436.8024,1380.0,0.02,0.0882,146800.0,0.7008,0.2589,アルファパーチェス,スタンダード（内国株式）,卸売業
7119,2026-09-29,2031.0,-0.0054,-0.1108,0.1699,0.2025,0.1792,0.1789,1953.4311,1765.9837,True,0.0397,0.8823,2302.0,1215.5831,0.0404,0.6283,203100.0,3.1778,0.3836,ハルメクホールディングス,グロース（内国株式）,小売業
7120,2026-09-29,1000.0,0.006,-0.006,-0.007,-0.001,0.0024,-0.0245,999.8,1022.6,False,0.0002,0.8913,1122.0,745.423,0.0106,0.1476,100000.0,0.9325,0.2459,ＳＨＩＮＫＯ,スタンダード（内国株式）,卸売業
7122,2026-09-29,2366.0,-0.0421,-0.0339,-0.0382,-0.0158,-0.0289,-0.0393,2418.8,2378.7333,True,-0.0218,0.9426,2510.0,2075.0,0.0178,0.0825,236600.0,1.2821,0.3298,近畿車輛,スタンダード（内国株式）,輸送用機器
7126,2026-09-29,1451.0,0.0007,0.0035,0.0342,-0.0105,0.0435,-0.0341,1436.8,1448.1617,False,0.0099,0.9562,1517.4888,1265.0557,0.0126,0.0354,145100.0,0.5251,0.4047,グローバルスタイル,スタンダード（内国株式）,小売業
7127,2026-09-29,695.0,-0.0347,-0.0184,-0.0114,-0.0043,-0.0021,-0.0278,707.4,701.2267,True,-0.0175,0.9599,724.0,650.0,0.0097,0.0726,69500.0,1.9454,0.5064,一家ホールディングス,スタンダード（内国株式）,小売業
7128,2026-09-29,2926.0,0.0107,0.0076,0.0354,0.3609,0.0447,0.3374,2819.24,2598.4379,True,0.0379,0.9609,3045.0,1966.9672,0.0187,2.4321,292600.0,0.6612,0.3482,ユニソルホールディングス,プライム（内国株式）,卸売業
7129,2026-09-29,1130.0,-0.0191,-0.044,-0.0242,0.0036,-0.0149,-0.02,1170.0004,1152.8801,True,-0.0342,0.9425,1199.0,1070.3675,0.0138,0.032,113000.0,2.0451,0.4929,ミアヘルサホールディングス,スタンダード（内国株式）,小売業
7130,2026-09-29,2726.0,-0.034,-0.0408,-0.0597,-0.0435,-0.0504,-0.0671,2840.12,2888.6933,False,-0.0402,0.8627,3160.0,2251.9209,0.0145,2.0066,272600.0,1.0033,0.3165,ヤマエグループホールディングス,プライム（内国株式）,卸売業
7131,2026-09-29,3830.0,0.0186,0.0186,0.0669,0.1053,0.0762,0.0818,3710.8,3625.8667,True,0.0321,0.8607,4450.0,2562.0,0.027,0.1907,383000.0,2.3707,0.4634,のむら産業,スタンダード（内国株式）,卸売業
7133,2026-09-29,2041.0,0.2438,0.5404,0.5592,0.8811,0.5685,0.8576,1357.0,1228.2667,True,0.5041,1.0,2041.0,836.0,0.0317,0.0481,204100.0,1.1454,1.1361,ＨＹＵＧＡ　ＰＲＩＭＡＲＹ　ＣＡＲＥ,グロース（内国株式）,小売業
7134,2026-09-29,1431.0,-0.0069,0.0085,0.04,0.1797,0.0493,0.1562,1403.96,1348.2133,True,0.0193,0.9439,1516.0,956.8807,0.032,0.1351,143100.0,0.9691,0.2617,アップガレージグループ,スタンダード（内国株式）,小売業
7135,2026-09-29,170.0,-0.0058,-0.0286,-0.0659,-0.2056,-0.0566,-0.2292,178.68,202.0544,False,-0.0486,0.718,236.7568,170.0,0.0122,0.0551,17000.0,1.2093,0.6276,ジャパンクラフトホールディングス,スタンダード（内国株式）,小売業
7138,2026-09-29,144.0,-0.027,0.0511,-0.1628,0.1803,-0.1535,0.1568,159.2,139.64,False,-0.0955,0.254,567.0,119.0,0.0784,1.7132,14400.0,0.6869,0.3722,ＴＯＲＩＣＯ,グロース（内国株式）,小売業
7140,2026-09-29,809.0,0.0075,0.0125,0.0112,-0.1694,0.0206,-0.1929,800.64,812.4,False,0.0104,0.8255,980.0,735.0,0.0053,0.0102,80900.0,0.1602,0.3967,ペットゴー,グロース（内国株式）,小売業
7148,2026-09-29,1603.0,-0.0347,-0.0782,-0.0361,0.0375,-0.0268,0.014,1686.6726,1612.4242,True,-0.0496,0.6751,2374.3942,1467.0,0.0231,10.2017,160300.0,1.2418,0.3812,ＦＰＧ,プライム（内国株式）,証券、商品先物取引業
7150,2026-09-29,512.0,-0.0058,-0.0078,-0.0376,0.0756,-0.0283,0.0521,522.9638,498.2413,True,-0.021,0.718,713.0902,459.0,0.0267,0.1132,51200.0,0.5474,0.1826,島根銀行,スタンダード（内国株式）,銀行業
7157,2026-09-29,1429.0,-0.0042,-0.0226,-0.0435,-0.0804,-0.0342,-0.104,1444.56,1569.04,False,-0.0108,0.6042,2365.0,1362.0,0.0257,3.7392,142900.0,1.0055,0.2342,ライフネット生命保険,プライム（内国株式）,保険業
7161,2026-09-29,671.0,-0.019,0.0484,0.167,0.3583,0.1763,0.3348,608.2,545.48,True,0.1033,0.9627,697.0,361.2831,0.0339,1.0186,67100.0,1.6283,0.5371,じもとホールディングス,スタンダード（内国株式）,銀行業
7162,2026-09-29,293.0,0.0103,0.0103,0.0974,0.1445,0.1067,0.121,285.68,271.84,False,0.0256,0.5645,519.0,191.0526,0.0322,0.3864,29300.0,0.2966,0.2652,アストマックス,スタンダード（内国株式）,電気・ガス業
7164,2026-09-29,3069.0,-0.0045,-0.0379,-0.0445,0.0085,-0.0352,-0.015,3162.2304,3084.3435,True,-0.0295,0.8988,3414.5194,2780.0,0.012,9.1054,306900.0,0.8294,0.3574,全国保証,プライム（内国株式）,その他金融業
7167,2026-09-29,1675.0,-0.0219,-0.0062,-0.005,0.1863,0.0043,0.1627,1681.5988,1560.8263,True,-0.0039,0.9702,1726.5,860.6614,0.0265,49.1738,167500.0,1.1267,0.2385,めぶきフィナンシャルグループ,プライム（内国株式）,銀行業
7172,2026-09-29,2134.0,-0.012,-0.0005,0.0109,0.0497,0.0202,0.0261,2110.92,2074.005,True,0.0109,0.8779,2430.7608,1686.232,0.0145,2.9332,213400.0,0.6048,0.3759,ジャパンインベストメントアドバイザー,プライム（内国株式）,証券、商品先物取引業
7173,2026-09-29,1707.0,-0.0318,0.0018,-0.0006,-0.0517,0.0087,-0.0752,1701.2626,1699.8509,True,0.0034,0.8891,1920.0,857.1744,0.0269,20.1752,170700.0,0.9699,0.3107,東京きらぼしフィナンシャルグループ,プライム（内国株式）,銀行業
7175,2026-09-29,2101.0,-0.0066,-0.0269,0.0638,0.5426,0.0731,0.519,1992.6296,1682.1165,True,0.0544,0.9464,2220.0,1024.3921,0.0369,0.3449,210100.0,1.503,0.3968,今村証券,スタンダード（内国株式）,証券、商品先物取引業
7177,2026-09-29,1171.0,-0.023,0.0069,-0.0101,0.19,-0.0008,0.1665,1170.0175,1081.7867,True,0.0008,0.9421,1243.0,829.6733,0.0199,2.7737,117100.0,0.9183,0.2855,ＧＭＯフィナンシャルホールディングス,スタンダード（内国株式）,証券、商品先物取引業
7180,2026-09-29,1683.0,-0.0229,0.0357,0.0855,0.1712,0.0948,0.1476,1605.1406,1536.3402,True,0.0485,0.969,1736.8418,804.1911,0.0282,21.7662,168300.0,1.238,0.3621,九州フィナンシャルグループ,プライム（内国株式）,銀行業
7181,2026-09-29,1776.0,-0.0188,-0.0207,0.0641,0.1634,0.0734,0.1399,1731.9524,1668.1508,True,0.0254,0.9684,1834.0,1276.0347,0.0235,41.4535,177600.0,0.9715,0.295,かんぽ生命保険,プライム（内国株式）,保険業
7182,2026-09-29,3359.0,-0.0207,0.0222,0.0176,0.0966,0.0269,0.0731,3299.68,3243.1867,True,0.018,0.9694,3465.0,1612.48,0.0278,203.133,335900.0,1.0162,0.2644,ゆうちょ銀行,プライム（内国株式）,銀行業
7183,2026-09-29,254.0,0.0,0.0,0.0,-0.0078,0.0093,-0.0314,254.08,254.3867,False,-0.0003,0.9883,257.0,142.0,0.0022,0.0801,25400.0,0.7926,0.175,あんしん保証,スタンダード（内国株式）,その他金融業
7184,2026-09-29,3670.0,-0.0128,0.0456,0.0794,0.4449,0.0887,0.4213,3404.4438,3001.7746,True,0.078,0.9781,3752.1505,1202.7935,0.038,6.5564,367000.0,1.0779,0.3532,富山第一銀行,プライム（内国株式）,銀行業
7185,2026-09-29,3680.0,-0.0564,-0.0528,-0.0648,-0.0239,-0.0555,-0.0474,3908.8,3869.6667,True,-0.0585,0.9059,4062.4216,3379.5784,0.0111,0.4321,368000.0,2.7035,0.7246,ヒロセ通商,スタンダード（内国株式）,証券、商品先物取引業
7186,2026-09-29,1868.5,-0.0135,-0.0155,-0.0228,0.0785,-0.0134,0.055,1904.8426,1857.2142,True,-0.0191,0.9364,1995.5,1039.6625,0.0281,78.5664,186850.0,1.1911,0.2346,横浜フィナンシャルグループ,プライム（内国株式）,銀行業
7187,2026-09-29,1308.0,-0.0038,-0.029,-0.0515,-0.0046,-0.0422,-0.0281,1347.9937,1342.4512,True,-0.0297,0.8025,1629.8216,1195.0,0.0141,0.7647,130800.0,1.0513,0.3195,ジェイリース,プライム（内国株式）,その他金融業
7189,2026-09-29,4957.0,-0.0114,-0.0048,0.0416,0.1982,0.0509,0.1747,4873.42,4516.8867,True,0.0172,0.9731,5094.0,2275.5932,0.0279,23.4465,495700.0,1.1979,0.2991,西日本フィナンシャルホールディングス,プライム（内国株式）,銀行業
7191,2026-09-29,1177.0,-0.0013,-0.0352,0.0077,0.1,0.017,0.0765,1172.807,1127.0557,True,0.0036,0.9632,1222.0,991.5956,0.018,0.2519,117700.0,1.4337,0.4351,イントラスト,スタンダード（内国株式）,その他金融業
7192,2026-09-29,707.0,-0.0181,-0.007,0.124,0.2716,0.1333,0.248,675.08,618.1333,True,0.0473,0.9698,729.0,414.1524,0.0239,0.5403,70700.0,1.0971,0.2186,日本モーゲージサービス,スタンダード（内国株式）,その他金融業
7196,2026-09-29,751.0,-0.004,-0.004,0.0108,-0.0445,0.0201,-0.0681,746.32,760.8133,False,0.0063,0.9447,795.0,691.8233,0.0097,0.0702,75100.0,0.6103,0.4255,Ｃａｓａ,スタンダード（内国株式）,その他金融業
7198,2026-09-29,815.0,-0.0121,-0.0321,-0.0332,0.0409,-0.0239,0.0173,835.2876,814.7492,True,-0.0243,0.8783,927.9582,767.0,0.0113,0.843,81500.0,0.7719,0.3158,ＳＢＩアルヒ,プライム（内国株式）,その他金融業
7199,2026-09-29,2067.0,-0.0048,-0.012,-0.0305,-0.0062,-0.0212,-0.0298,2095.7909,2069.6903,True,-0.0137,0.9126,2265.0,1604.0507,0.0215,3.9855,206700.0,0.9281,0.3418,プレミアグループ,プライム（内国株式）,その他金融業
7201,2026-09-29,296.9,-0.0166,-0.0505,-0.0484,-0.0103,-0.0391,-0.0339,315.064,322.228,False,-0.0577,0.6371,466.0,290.8,0.0227,117.5672,29689.9994,0.9074,0.3203,日産自動車,プライム（内国株式）,輸送用機器
7202,2026-09-29,2080.5,-0.023,-0.067,-0.0599,-0.0326,-0.0506,-0.0561,2202.2072,2252.4557,False,-0.0553,0.7247,2871.0251,1786.4265,0.0214,62.4437,208050.0,0.9479,0.3692,いすゞ自動車,プライム（内国株式）,輸送用機器
7203,2026-09-29,2881.5,-0.0187,-0.0503,-0.0635,0.0574,-0.0542,0.0339,3047.6097,2943.2566,True,-0.0545,0.7311,3941.3143,2686.0,0.02,781.279,288150.0,0.9415,0.3244,トヨタ自動車,プライム（内国株式）,輸送用機器
7208,2026-09-29,1298.0,0.0285,-0.0015,-0.0031,0.0579,0.0062,0.0343,1298.0232,1270.7011,True,-0.0,0.9502,1366.0,933.6791,0.0138,0.0181,129800.0,0.3623,0.2447,カネミツ,スタンダード（内国株式）,輸送用機器
7211,2026-09-29,354.6,-0.0364,-0.0519,-0.0524,0.1362,-0.0431,0.1126,368.8497,352.9032,True,-0.0386,0.786,451.1519,300.7,0.0293,36.6169,35460.0006,0.6308,0.2669,三菱自動車工業,プライム（内国株式）,輸送用機器
7212,2026-09-29,726.0,0.0028,-0.0136,-0.0176,0.1256,-0.0083,0.102,736.3929,696.811,True,-0.0141,0.856,848.1337,605.0,0.0183,0.1968,72600.0,0.9671,0.1949,エフテック,スタンダード（内国株式）,輸送用機器
7213,2026-09-29,650.0,-0.0031,-0.0299,-0.0469,0.1246,-0.0376,0.101,671.28,631.9867,True,-0.0317,0.938,693.0,412.3,0.0199,0.156,65000.0,1.1524,0.379,レシップホールディングス,スタンダード（内国株式）,輸送用機器
7214,2026-09-29,1125.0,-0.0088,0.0,0.0153,0.1646,0.0247,0.1411,1113.8987,1054.1529,True,0.01,0.9494,1185.0,805.9783,0.0178,0.0739,112500.0,0.8444,0.3594,ＧＭＢ,スタンダード（内国株式）,輸送用機器
7215,2026-09-29,415.0,-0.0095,-0.0143,-0.059,0.0,-0.0496,-0.0235,429.52,425.88,False,-0.0338,0.9022,460.0,337.0,0.011,0.0117,41500.0,0.5112,0.2844,ファルテック,スタンダード（内国株式）,輸送用機器
7217,2026-09-29,456.0,0.0022,0.0507,0.0066,0.058,0.0159,0.0345,450.08,435.2667,True,0.0132,0.9764,467.0,345.3886,0.0183,0.0321,45600.0,1.2669,0.4308,テイン,スタンダード（内国株式）,輸送用機器
7218,2026-09-29,1159.0,0.0078,0.0404,0.0302,0.1144,0.0395,0.0909,1130.3369,1062.619,True,0.0254,0.9085,1275.7102,925.0,0.0281,0.0405,115900.0,0.4712,0.3418,田中精密工業,スタンダード（内国株式）,輸送用機器
7219,2026-09-29,2467.0,0.0008,0.0069,-0.0475,0.0812,-0.0382,0.0577,2503.6016,2429.3495,True,-0.0146,0.9206,2679.7477,2068.0978,0.011,0.0468,246700.0,0.879,0.3969,エッチ・ケー・エス,スタンダード（内国株式）,輸送用機器
7220,2026-09-29,2965.0,-0.0279,0.0774,-0.082,-0.2407,-0.0727,-0.2643,2950.4218,3497.3406,False,0.0049,0.281,10550.0,2198.7627,0.0477,31.4473,296500.0,0.9695,0.4062,武蔵精密工業,プライム（内国株式）,輸送用機器
7222,2026-09-29,919.0,-0.0129,-0.0182,-0.0223,-0.0296,-0.013,-0.0531,930.6,943.4933,False,-0.0125,0.7067,1300.4457,887.0,0.0174,0.9468,91900.0,1.141,0.2562,日産車体,スタンダード（内国株式）,輸送用機器
7224,2026-09-29,1909.0,-0.0129,-0.0315,-0.0344,-0.0479,-0.0251,-0.0714,1946.4335,2001.7712,False,-0.0192,0.6998,2728.0,1715.7489,0.0192,2.9526,190900.0,0.8544,0.3717,新明和工業,プライム（内国株式）,輸送用機器
7226,2026-09-29,2203.0,-0.0165,-0.0533,-0.0626,0.0401,-0.0532,0.0166,2301.2908,2267.6303,True,-0.0427,0.6352,3468.3907,2041.0,0.0143,5.6267,220300.0,1.122,0.4185,極東開発工業,プライム（内国株式）,輸送用機器
7228,2026-09-29,4015.0,-0.0037,0.0113,-0.0062,0.0566,0.0031,0.033,4016.0,3880.2,True,-0.0002,0.9592,4185.6666,3550.0,0.0083,0.0713,401500.0,1.1356,0.4215,デイトナ,スタンダード（内国株式）,輸送用機器
7231,2026-09-29,3065.0,-0.0129,-0.0392,0.0033,0.131,0.0126,0.1075,3086.2369,2924.319,True,-0.0069,0.8508,3602.6366,2615.0,0.0183,1.7275,306500.0,1.0977,0.3992,トピー工業,プライム（内国株式）,輸送用機器
7235,2026-09-29,1539.0,-0.0065,-0.0345,-0.0247,0.0614,-0.0154,0.0378,1562.2239,1527.9946,True,-0.0149,0.8582,1793.3849,1180.3202,0.019,0.3516,153900.0,0.6703,0.4005,東京ラヂエーター製造,スタンダード（内国株式）,輸送用機器
7236,2026-09-29,1460.0,-0.0048,-0.0299,-0.0665,0.0132,-0.0572,-0.0104,1510.3241,1499.4414,True,-0.0333,0.9063,1611.0,626.4033,0.0258,4.8039,146000.0,1.0834,0.2867,ティラド,プライム（内国株式）,輸送用機器
7238,2026-09-29,105.0,-0.0094,-0.0278,-0.0187,-0.0094,-0.0094,-0.033,106.64,108.64,False,-0.0154,0.5738,183.0,102.0,0.0252,3.846,10500.0,1.3149,0.2649,曙ブレーキ工業,プライム（内国株式）,輸送用機器
7239,2026-09-29,2311.0,-0.0079,-0.029,-0.022,0.0886,-0.0127,0.065,2344.501,2245.727,True,-0.0143,0.9609,2405.0,1846.4934,0.0171,2.1653,231100.0,1.1936,0.3093,タチエス,プライム（内国株式）,輸送用機器
7241,2026-09-29,1085.0,-0.0073,-0.026,-0.0234,0.1543,-0.0141,0.1307,1103.2816,1034.4672,True,-0.0166,0.942,1151.8286,888.0511,0.0172,4.4874,108500.0,1.5708,0.3912,フタバ産業,プライム（内国株式）,輸送用機器
7242,2026-09-29,1512.0,0.0132,-0.6824,-0.6766,-0.6083,-0.6673,-0.6318,4207.0129,4211.8043,True,-0.6406,0.2895,5222.5068,1484.429,0.2031,5.3469,151200.0,1.7104,1.0782,カヤバ,プライム（内国株式）,輸送用機器
7244,2026-09-29,560.0,-0.0193,-0.0106,-0.0036,0.1178,0.0058,0.0942,567.88,539.8507,True,-0.0139,0.9241,606.0,414.7657,0.0249,0.8196,56000.0,0.6823,0.2728,市光工業,プライム（内国株式）,電気機器
7245,2026-09-29,1156.0,0.0017,0.0239,-0.0737,-0.3103,-0.0644,-0.3338,1173.2172,1342.4857,True,-0.0147,0.6225,1857.0,837.2459,0.0283,3.8662,115600.0,0.532,0.3321,大同メタル工業,プライム（内国株式）,輸送用機器
7246,2026-09-29,985.0,-0.003,-0.0324,-0.012,0.2628,-0.0027,0.2393,1001.082,897.8673,True,-0.0161,0.9328,1056.0,603.671,0.019,3.8399,98500.0,0.9197,0.3043,プレス工業,プライム（内国株式）,輸送用機器
7247,2026-09-29,361.0,0.0,-0.027,-0.0322,0.0169,-0.0229,-0.0066,369.6777,364.7459,True,-0.0235,0.8466,426.4074,323.0,0.019,0.1845,36100.0,0.8937,0.263,ミクニ,スタンダード（内国株式）,輸送用機器
7254,2026-09-29,831.0,-0.0036,0.0,-0.0036,0.1622,0.0057,0.1387,823.2866,786.0289,True,0.0094,0.9194,903.8415,534.7729,0.0186,0.0311,83100.0,0.4886,0.1872,ユニバンス,スタンダード（内国株式）,輸送用機器
7255,2026-09-29,510.0,-0.002,0.0159,0.002,0.0921,0.0113,0.0685,508.6,501.56,True,0.0028,0.735,693.9124,429.0,0.0176,0.0482,51000.0,1.7997,0.2222,桜井製作所,スタンダード（内国株式）,輸送用機器
7256,2026-09-29,563.0,-0.0409,0.2004,0.331,0.3599,0.3403,0.3364,452.2,435.2,True,0.245,0.923,610.0,75.0,0.0534,1.673,56300.0,1.4796,0.6684,河西工業,スタンダード（内国株式）,輸送用機器
7259,2026-09-29,2167.5,-0.0177,-0.0508,-0.028,-0.0087,-0.0187,-0.0322,2233.5506,2264.1635,False,-0.0296,0.6993,3099.6734,2080.3671,0.0218,56.7788,216750.0,1.0201,0.2782,アイシン,プライム（内国株式）,輸送用機器
7261,2026-09-29,1107.5,-0.0221,-0.0546,-0.0752,0.0175,-0.0658,-0.0061,1170.6678,1149.0626,True,-0.054,0.8157,1357.7338,975.2324,0.0244,80.7809,110750.0,0.8218,0.2848,マツダ,プライム（内国株式）,輸送用機器
7264,2026-09-29,1358.0,0.0172,-0.0007,0.0067,0.0446,0.016,0.0211,1343.4786,1331.7462,True,0.0108,0.9459,1435.6138,1201.589,0.0104,0.0199,135800.0,0.6022,0.2901,ムロコーポレーション,スタンダード（内国株式）,輸送用機器
7265,2026-09-29,3520.0,0.0014,-0.0085,-0.0881,-0.0749,-0.0788,-0.0984,3716.8,3785.2,False,-0.0529,0.7956,4424.5186,3280.0,0.0156,0.0499,352000.0,1.9828,0.4545,エイケン工業,スタンダード（内国株式）,輸送用機器
7266,2026-09-29,964.0,-0.0092,-0.0302,-0.0558,0.0559,-0.0465,0.0323,995.5561,941.132,True,-0.0317,0.9079,1061.7567,712.7534,0.0166,0.2278,96400.0,0.7211,0.3242,今仙電機製作所,スタンダード（内国株式）,輸送用機器
7267,2026-09-29,1669.0,-0.0083,-0.0231,0.0039,0.1277,0.0132,0.1042,1687.7935,1592.6245,True,-0.0111,0.947,1762.5,1225.1418,0.0218,243.6196,166900.0,0.8311,0.3312,本田技研工業,プライム（内国株式）,輸送用機器
7269,2026-09-29,1932.0,-0.0135,-0.0562,-0.0947,-0.012,-0.0853,-0.0356,2066.5132,2023.8244,True,-0.0651,0.7911,2442.2953,1670.0,0.0236,136.4498,193200.0,0.9029,0.3189,スズキ,プライム（内国株式）,輸送用機器
7270,2026-09-29,2534.0,-0.0148,-0.0568,-0.0197,0.0603,-0.0104,0.0367,2622.0553,2568.4651,True,-0.0336,0.7118,3560.0865,2247.5,0.0216,99.0917,253400.0,0.8756,0.2927,ＳＵＢＡＲＵ,プライム（内国株式）,輸送用機器
7271,2026-09-29,799.0,0.0063,-0.0037,-0.016,-0.178,-0.0067,-0.2015,806.2049,902.5883,False,-0.0089,0.5945,1344.0,628.837,0.0128,0.3887,79900.0,0.6069,0.2151,安永,スタンダード（内国株式）,輸送用機器
7272,2026-09-29,1787.0,-0.0072,-0.0246,-0.0627,0.4552,-0.0534,0.4317,1848.56,1550.0028,True,-0.0333,0.8993,1987.0,1012.504,0.027,108.8123,178700.0,0.6993,0.3228,ヤマハ発動機,プライム（内国株式）,輸送用機器
7273,2026-09-29,612.0,-0.0316,-0.0224,0.0217,-0.0286,0.031,-0.0521,607.76,613.88,False,0.007,0.5589,1095.0805,498.0,0.0326,0.9251,61200.0,0.9968,0.1756,イクヨ,スタンダード（内国株式）,輸送用機器
7276,2026-09-29,2623.0,-0.007,-0.0194,-0.0163,0.0288,-0.007,0.0053,2658.2922,2647.4774,False,-0.0133,0.8823,2973.0,2157.3904,0.0197,20.9988,262300.0,0.8978,0.3024,小糸製作所,プライム（内国株式）,電気機器
7277,2026-09-29,327.0,-0.0061,-0.0325,-0.0815,0.0315,-0.0721,0.008,345.1957,333.7986,True,-0.0527,0.7796,419.4286,305.0,0.0155,0.0808,32700.0,0.8237,0.2567,ＴＢＫ,スタンダード（内国株式）,輸送用機器
7278,2026-09-29,5720.0,-0.0078,-0.0451,-0.0714,-0.0138,-0.0621,-0.0373,6011.6822,5983.0941,False,-0.0485,0.9094,6290.0,4900.5833,0.0179,17.7993,572000.0,1.4812,0.2839,エクセディ,プライム（内国株式）,輸送用機器
7279,2026-09-29,2431.0,-0.0217,-0.0482,-0.0672,0.2155,-0.0578,0.192,2541.48,2337.44,True,-0.0435,0.6165,3943.1618,1970.0,0.0312,2.6592,243100.0,0.7377,0.2362,ハイレックスコーポレーション,スタンダード（内国株式）,輸送用機器
7280,2026-09-29,1347.0,-0.0168,-0.0253,0.0181,0.1503,0.0275,0.1268,1334.24,1227.0133,True,0.0096,0.6389,2108.4725,855.3422,0.0262,2.5613,134700.0,0.8852,0.461,ミツバ,プライム（内国株式）,電気機器
7282,2026-09-29,1017.5,0.0514,-0.8075,-0.8108,-0.801,-0.8015,-0.8245,4608.5081,4926.6627,False,-0.7792,0.1779,5720.0,958.4235,0.4051,24.9878,101750.0,1.9687,1.058,豊田合成,プライム（内国株式）,輸送用機器
7283,2026-09-29,2250.0,0.0283,0.0455,-0.0127,0.1861,-0.0034,0.1625,2233.774,2181.418,True,0.0073,0.8904,2527.0,1683.0,0.0235,3.7679,225000.0,0.7759,0.3861,愛三工業,プライム（内国株式）,輸送用機器
7284,2026-09-29,1178.0,0.0034,0.0026,-0.0208,-0.0643,-0.0115,-0.0879,1173.695,1201.005,False,0.0037,0.8694,1355.0,1119.6162,0.0086,0.0187,117800.0,1.9301,0.4638,盟和産業,スタンダード（内国株式）,輸送用機器
7287,2026-09-29,2724.0,-0.0077,-0.0145,0.0059,0.1073,0.0152,0.0838,2693.0032,2561.3744,True,0.0115,0.9524,2860.0,1644.0266,0.0338,5.5217,272400.0,1.2421,0.3672,日本精機,スタンダード（内国株式）,輸送用機器
7291,2026-09-29,453.0,-0.0077,-0.0174,-0.0152,0.0203,-0.0059,-0.0033,460.4189,460.8196,False,-0.0161,0.9189,493.0,369.9535,0.0158,0.1488,45300.0,0.8943,0.2656,日本プラスト,スタンダード（内国株式）,輸送用機器
7292,2026-09-29,6760.0,0.0,0.0015,-0.0117,0.003,-0.0024,-0.0206,6789.6767,6724.8256,True,-0.0044,0.9415,7180.0,6089.8141,0.0241,0.2828,676000.0,0.6822,0.2022,村上開明堂,スタンダード（内国株式）,輸送用機器
7294,2026-09-29,859.0,-0.0172,-0.0445,-0.0744,0.0337,-0.065,0.0102,903.4706,886.1035,True,-0.0492,0.7679,1118.5804,815.0,0.016,0.7316,85900.0,2.2673,0.3497,ヨロズ,プライム（内国株式）,輸送用機器
7296,2026-09-29,4105.0,-0.0061,-0.0249,-0.0073,0.2109,0.0021,0.1874,4150.9616,3814.5872,True,-0.0111,0.948,4330.0,2828.7093,0.0185,5.7593,410500.0,1.0417,0.3226,エフ・シー・シー,プライム（内国株式）,輸送用機器
7297,2026-09-29,865.0,0.0,-0.0057,0.007,0.0093,0.0163,-0.0142,863.1655,862.6952,True,0.0021,0.8926,969.027,787.027,0.0115,0.0176,86500.0,1.3436,0.2706,カーメイト,スタンダード（内国株式）,輸送用機器
7299,2026-09-29,1790.0,0.0051,-0.0011,-0.0539,0.0975,-0.0446,0.0739,1828.7755,1790.3118,True,-0.0212,0.8089,2212.8099,1544.0496,0.0208,0.0754,179000.0,0.6238,0.2744,フジオーゼックス,スタンダード（内国株式）,輸送用機器
7305,2026-09-29,2723.0,0.0041,-0.0272,-0.0109,0.0888,-0.0016,0.0652,2752.5689,2642.683,True,-0.0107,0.9687,2811.0,2215.8889,0.0131,0.7017,272300.0,1.3687,0.3486,新家工業,スタンダード（内国株式）,鉄鋼
7309,2026-09-29,17870.0,-0.0017,-0.0277,-0.1007,0.0303,-0.0913,0.0067,18858.6,18449.3468,True,-0.0524,0.83,21530.0,14592.6328,0.0199,52.3869,1787000.0,0.8963,0.2528,シマノ,プライム（内国株式）,輸送用機器
7313,2026-09-29,1766.5,-0.0079,-0.0457,-0.0415,0.017,-0.0322,-0.0066,1827.3173,1794.5724,True,-0.0333,0.8979,1967.4269,1673.5556,0.0148,6.1029,176650.0,1.1304,0.3758,テイ・エス　テック,プライム（内国株式）,輸送用機器
7314,2026-09-29,1327.0,0.0138,0.0263,0.0091,0.1332,0.0184,0.1097,1315.0,1262.5733,True,0.0091,0.8847,1500.0,1120.0,0.0066,0.0226,132700.0,0.5197,0.4098,小田原機器,スタンダード（内国株式）,輸送用機器
7318,2026-09-29,1338.0,-0.0443,0.0253,-0.081,-0.3879,-0.0717,-0.4115,1381.96,1806.7733,False,-0.0318,0.5146,2600.0,950.0,0.0413,1.3635,133800.0,0.5927,0.3351,セレンディップ・ホールディングス,グロース（内国株式）,輸送用機器
7320,2026-09-29,1420.0,-0.0153,-0.0281,-0.0234,0.0327,-0.0141,0.0092,1448.6,1448.2454,False,-0.0197,0.5897,2407.8911,1317.0375,0.0227,0.4213,142000.0,0.5557,0.3903,Ｓｏｌｖｖｙ,グロース（内国株式）,その他金融業
7322,2026-09-29,2253.0,-0.0162,0.091,0.0739,0.3099,0.0832,0.2863,2110.8052,1930.9751,True,0.0674,0.9767,2306.8382,824.3223,0.0419,10.7777,225300.0,1.502,0.4381,三十三フィナンシャルグループ,プライム（内国株式）,銀行業
7325,2026-09-29,694.0,-0.0043,-0.0014,-0.0043,0.0531,0.005,0.0296,696.84,688.5325,False,-0.0041,0.7178,966.7923,636.0733,0.0181,0.0536,69400.0,1.3118,0.3261,アイリックコーポレーション,グロース（内国株式）,保険業
7326,2026-09-29,2399.0,0.0222,0.0399,0.1354,0.1484,0.1447,0.1249,2196.36,2134.1867,False,0.0923,0.9651,2485.8198,1348.523,0.0199,0.5634,239900.0,1.4897,0.5415,ＳＢＩインシュアランスグループ,グロース（内国株式）,保険業
7327,2026-09-29,2791.0,-0.0124,0.0516,0.0962,0.3103,0.1055,0.2868,2621.7433,2382.0344,True,0.0646,0.9804,2846.7069,1281.4594,0.0264,26.0064,279100.0,1.3354,0.4319,第四北越フィナンシャルグループ,プライム（内国株式）,銀行業
7337,2026-09-29,2394.0,-0.0164,0.0017,0.0161,0.1411,0.0254,0.1175,2371.0685,2256.1628,True,0.0097,0.9766,2451.2519,1324.0755,0.0225,14.8848,239400.0,0.9994,0.3044,ひろぎんホールディングス,プライム（内国株式）,銀行業
7343,2026-09-29,1326.0,0.0271,0.013,0.0457,0.1218,0.0551,0.0983,1285.8042,1234.5614,True,0.0313,0.997,1330.0,1115.0,0.0167,0.0562,132600.0,1.6414,0.3603,ブロードマインド,グロース（内国株式）,保険業
7345,2026-09-29,929.0,0.0011,-0.019,-0.0169,-0.0021,-0.0076,-0.0257,939.16,949.4667,False,-0.0108,0.7341,1265.4804,559.0036,0.0156,0.0327,92900.0,1.4603,0.4,アイ・パートナーズフィナンシャル,グロース（内国株式）,その他金融業
7347,2026-09-29,801.0,-0.0025,0.0,0.0012,0.0723,0.0106,0.0487,797.68,777.0533,True,0.0042,0.9216,869.1015,691.0,0.0089,0.0645,80100.0,0.7036,0.308,マーキュリアホールディングス,プライム（内国株式）,証券、商品先物取引業
7350,2026-09-29,8050.0,-0.0111,0.0242,0.0321,0.2677,0.0414,0.2442,7806.9311,7259.377,True,0.0311,0.9722,8280.0,3423.8353,0.028,8.9402,805000.0,0.9426,0.3405,おきなわフィナンシャルグループ,プライム（内国株式）,銀行業
7351,2026-09-29,472.0,0.0,-0.0745,0.0489,0.0651,0.0582,0.0416,474.1278,451.5339,True,-0.0045,0.516,914.6739,422.6087,0.0303,0.0837,47200.0,1.258,0.322,グッドパッチ,グロース（内国株式）,サービス業
7352,2026-09-29,318.0,0.0032,0.0063,-0.0619,-0.2912,-0.0526,-0.3148,327.914,348.1335,False,-0.0302,0.3532,900.3441,303.1059,0.0272,0.1621,31800.0,0.4206,0.2545,ＴＷＯＳＴＯＮＥ＆Ｓｏｎｓ,グロース（内国株式）,サービス業
7353,2026-09-29,509.0,0.0059,0.0059,-0.0745,-0.0927,-0.0652,-0.1162,525.6,549.7733,False,-0.0316,0.6207,820.0,496.0,0.0166,0.0598,50900.0,1.6255,0.3085,ＫＩＹＯラーニング,グロース（内国株式）,サービス業
7354,2026-09-29,365.0,-0.0188,-0.047,-0.0108,0.1265,-0.0015,0.103,384.52,352.3333,True,-0.0508,0.843,433.0,247.0967,0.0571,1.8157,36500.0,1.1005,0.2685,ダイレクトマーケティングミックス,スタンダード（内国株式）,サービス業
7356,2026-09-29,116.0,-0.0169,-0.0085,-0.0085,0.045,0.0008,0.0215,116.72,116.7733,False,-0.0062,0.5088,228.0,110.0,0.032,0.0397,11600.0,0.3092,0.2692,Ｒｅｔｔｙ,グロース（内国株式）,サービス業
7357,2026-09-29,1731.0,-0.0063,0.0255,-0.1091,0.062,-0.0998,0.0385,1748.8518,1678.5707,True,-0.0102,0.8796,1967.8466,1181.3221,0.0176,0.1153,173100.0,0.621,0.3836,ジオコード,スタンダード（内国株式）,サービス業
7358,2026-09-29,1782.0,-0.0144,-0.0182,-0.0352,0.2719,-0.0259,0.2484,1825.36,1602.52,True,-0.0238,0.9291,1918.0,1280.9724,0.0247,0.3243,178200.0,0.6111,0.2345,ポピンズ,スタンダード（内国株式）,サービス業
7359,2026-09-29,266.0,-0.0185,-0.0037,0.0857,0.243,0.095,0.2194,270.84,240.92,True,-0.0179,0.6073,438.0,207.0,0.0427,0.2273,26600.0,0.4757,0.273,東京通信グループ,グロース（内国株式）,サービス業
7360,2026-09-29,608.0,-0.0303,-0.0559,-0.0732,0.0133,-0.0639,-0.0102,644.28,633.6133,False,-0.0563,0.4728,1286.0,572.0,0.017,0.0085,60800.0,0.6372,0.6083,オンデック,グロース（内国株式）,サービス業
7361,2026-09-29,1191.0,-0.0025,-0.0017,0.0008,0.0267,0.0102,0.0032,1193.4181,1186.7527,True,-0.002,0.8329,1430.0,1120.0,0.0138,0.0607,119100.0,0.8812,0.2805,ヒューマンクリエイションホールディングス,グロース（内国株式）,サービス業
7362,2026-09-29,878.0,-0.0079,-0.0034,0.0023,0.0403,0.0116,0.0167,874.24,862.4933,True,0.0043,0.8616,1019.0,741.0,0.0106,0.0076,87800.0,0.4256,0.42,Ｔ．Ｓ．Ｉ,グロース（内国株式）,サービス業
7363,2026-09-29,1375.0,-0.0269,0.0193,0.0448,0.1833,0.0541,0.1598,1328.16,1191.76,True,0.0353,0.6875,2000.0,987.0,0.0631,0.3446,137500.0,3.5331,0.537,ベビーカレンダー,グロース（内国株式）,サービス業
7366,2026-09-29,1902.0,-0.0104,0.0149,0.0016,0.2038,0.0109,0.1803,1857.16,1720.9067,True,0.0241,0.9769,1947.0,1123.0,0.0241,1.6362,190200.0,0.7854,0.4062,ＬＩＴＡＬＩＣＯ,プライム（内国株式）,サービス業
7367,2026-09-29,326.0,-0.0015,-0.021,-0.0298,-0.0121,-0.0204,-0.0357,331.38,334.7133,True,-0.0162,0.9282,351.2195,307.0,0.0124,0.0204,32600.0,0.8078,0.2352,セルム,スタンダード（内国株式）,サービス業
7368,2026-09-29,1730.0,0.017,0.0058,0.0141,0.0453,0.0234,0.0218,1706.257,1687.419,True,0.0139,0.9849,1756.5782,1575.8118,0.0126,0.0257,173000.0,0.8669,0.373,表示灯,スタンダード（内国株式）,サービス業
7369,2026-09-29,389.0,-0.0077,0.0346,0.102,0.1612,0.1113,0.1377,369.76,365.5867,False,0.052,0.5187,750.0,311.0,0.0481,0.072,38900.0,0.5702,0.1229,メイホーホールディングス,グロース（内国株式）,サービス業
7370,2026-09-29,719.0,0.0028,0.0113,0.0042,0.039,0.0135,0.0155,715.28,711.0,False,0.0052,0.8091,888.6793,677.0,0.0054,0.024,71900.0,0.9045,0.337,Ｅｎｊｉｎ,グロース（内国株式）,サービス業
7371,2026-09-29,800.0,-0.0037,-0.005,0.0376,0.1348,0.0469,0.1112,794.76,750.8012,True,0.0066,0.9709,824.0,601.2938,0.0192,0.1677,80000.0,0.5111,0.2149,Ｚｅｎｋｅｎ,グロース（内国株式）,サービス業
7372,2026-09-29,425.0,0.0241,0.087,0.0925,0.1333,0.1019,0.1098,395.08,384.9867,True,0.0757,0.8656,491.0,344.0,0.0156,0.0268,42500.0,0.905,0.557,デコルテ・ホールディングス,グロース（内国株式）,サービス業
7373,2026-09-29,892.0,-0.0273,-0.0219,-0.0591,-0.2234,-0.0498,-0.247,927.8145,997.8154,False,-0.0386,0.2827,3155.1532,883.0552,0.0191,0.5477,89200.0,0.416,0.246,アイドマ・ホールディングス,グロース（内国株式）,サービス業
7374,2026-09-29,1501.0,0.0121,-0.0118,-0.0125,-0.0221,-0.0032,-0.0457,1518.9231,1525.6277,False,-0.0118,0.8852,1695.584,1476.1838,0.0119,0.211,150100.0,1.5455,0.3583,コンフィデンス・インターワークス,グロース（内国株式）,サービス業
7375,2026-09-29,1251.0,-0.0355,-0.0219,0.0539,0.0048,0.0632,-0.0187,1215.76,1229.9867,False,0.029,0.4703,2660.0,752.0,0.049,0.7943,125100.0,2.1056,0.3732,リファインバースグループ,グロース（内国株式）,サービス業
7376,2026-09-29,736.0,-0.0515,-0.0588,-0.1013,-0.2861,-0.092,-0.3097,795.08,966.44,False,-0.0743,0.5618,1310.0,560.0,0.068,0.3965,73600.0,0.6188,0.2836,ＢＣＣ,グロース（内国株式）,サービス業
7377,2026-09-29,1748.0,-0.0006,0.0282,0.0181,-0.0218,0.0274,-0.0454,1711.16,1732.4458,False,0.0215,0.8295,2107.1736,1646.0,0.0078,0.1528,174800.0,1.9884,0.4911,ＤＮホールディングス,スタンダード（内国株式）,サービス業
7378,2026-09-29,1544.0,-0.0277,-0.0134,-0.0071,0.0411,0.0022,0.0176,1553.4,1528.4133,True,-0.0061,0.7201,2144.1422,1146.6371,0.0258,0.2597,154400.0,0.9855,0.2715,アシロ,グロース（内国株式）,サービス業
7380,2026-09-29,2821.0,-0.0174,0.069,0.0943,0.2097,0.1036,0.1861,2642.4135,2478.8845,True,0.0676,0.9718,2902.9444,1020.5043,0.0317,13.8197,282100.0,1.3085,0.4097,十六フィナンシャルグループ,プライム（内国株式）,銀行業
7381,2026-09-29,1367.0,-0.0257,0.0263,0.0858,0.3402,0.0951,0.3167,1288.6601,1157.5,True,0.0608,0.9682,1411.9048,596.5769,0.0324,6.0608,136700.0,1.1508,0.3342,ＣＣＩグループ,プライム（内国株式）,銀行業
7383,2026-09-29,390.0,-0.0201,0.0104,-0.154,0.137,-0.1447,0.1135,411.84,400.7067,True,-0.053,0.4097,952.0,322.0,0.03,2.9253,39000.0,0.7292,0.2732,ネットプロテクションズホールディングス,プライム（内国株式）,その他金融業
7384,2026-09-29,5660.0,0.0071,0.0699,0.2358,0.5215,0.2451,0.498,4963.9094,4328.3698,True,0.1402,0.9826,5760.0,1587.2814,0.0363,5.9805,566000.0,1.2397,0.4554,プロクレアホールディングス,プライム（内国株式）,銀行業
7388,2026-09-29,2326.0,-0.0132,-0.006,0.0048,0.0829,0.0141,0.0593,2315.52,2204.6933,True,0.0045,0.9442,2463.3971,1989.1391,0.0131,0.7269,232600.0,0.7297,0.2866,ＦＰパートナー,プライム（内国株式）,保険業
7389,2026-09-29,2086.0,-0.0188,0.0504,0.095,0.5061,0.1043,0.4826,1938.9272,1698.6157,True,0.0759,0.9744,2140.8949,579.1332,0.0418,22.8003,208600.0,1.3134,0.3862,あいちフィナンシャルグループ,プライム（内国株式）,銀行業
7399,2026-09-29,614.0,-0.0016,-0.0016,0.0082,0.0478,0.0175,0.0242,613.3238,599.6279,True,0.0011,0.9746,630.0,541.9225,0.0096,0.0152,61400.0,0.6708,0.2367,ナンシン,スタンダード（内国株式）,輸送用機器
7409,2026-09-29,1426.0,-0.0166,-0.0462,-0.1394,-0.2087,-0.1301,-0.2322,1494.48,1594.8533,False,-0.0458,0.5021,2840.0,762.5,0.04,1.7508,142600.0,0.5049,0.3382,ＡｅｒｏＥｄｇｅ,グロース（内国株式）,輸送用機器
7412,2026-09-29,334.0,-0.0319,-0.0484,-0.1022,-0.1046,-0.0928,-0.1281,368.52,389.08,False,-0.0937,0.4765,701.0,320.0,0.0205,2.5215,33400.0,1.0217,0.5396,アトム,スタンダード（内国株式）,小売業
7414,2026-09-29,1393.0,-0.0128,-0.0306,-0.0498,0.0442,-0.0405,0.0207,1431.6922,1401.1241,True,-0.027,0.9444,1475.0,1289.0,0.0121,0.7158,139300.0,1.0547,0.3013,小野建,プライム（内国株式）,卸売業
7416,2026-09-29,677.0,-0.0174,-0.016,-0.0188,0.015,-0.0095,-0.0086,685.36,680.0,True,-0.0122,0.7675,882.0463,650.0,0.007,0.0404,67700.0,2.8302,0.297,はるやまホールディングス,スタンダード（内国株式）,小売業
7417,2026-09-29,1800.0,-0.026,-0.0546,-0.0466,0.204,-0.0373,0.1805,1882.311,1772.0237,True,-0.0437,0.9091,1980.0,1245.9213,0.0169,0.0603,180000.0,0.3968,0.42,南陽,スタンダード（内国株式）,卸売業
7419,2026-09-29,1237.0,-0.0229,-0.0448,-0.0313,-0.0664,-0.022,-0.09,1263.314,1331.4913,False,-0.0208,0.7698,1607.0,1048.4253,0.0169,8.6068,123700.0,0.9598,0.3779,ノジマ,プライム（内国株式）,小売業
7421,2026-09-29,1553.0,-0.0525,-0.0519,-0.0507,0.05,-0.0414,0.0265,1621.92,1551.68,True,-0.0425,0.9141,1699.0,1352.0,0.0142,1.474,155300.0,1.1459,0.3987,カッパ・クリエイト,プライム（内国株式）,小売業
7422,2026-09-29,485.0,0.1253,0.1975,0.3361,0.3435,0.3454,0.3199,395.56,379.0861,True,0.2261,0.8285,585.4276,351.0,0.0377,0.0939,48500.0,3.2772,0.6508,東邦レマック,スタンダード（内国株式）,卸売業
7425,2026-09-29,1099.0,-0.0009,0.0018,-0.0443,-0.0526,-0.035,-0.0761,1118.08,1180.3133,False,-0.0171,0.8007,1372.5,959.0718,0.0127,0.048,109900.0,0.1088,0.2154,初穂商事,スタンダード（内国株式）,卸売業
7427,2026-09-29,832.0,0.0,-0.0024,0.0134,0.0134,0.0227,-0.0101,830.5085,819.7306,True,0.0018,0.8986,925.9248,796.4485,0.0116,0.0712,83200.0,1.5453,0.3526,エコートレーディング,スタンダード（内国株式）,卸売業
7433,2026-09-29,1829.0,0.0491,-0.6699,-0.6543,-0.5985,-0.6449,-0.622,4765.1817,4749.4606,True,-0.6162,0.329,5560.0,1709.028,0.2028,4.9464,182900.0,1.885,1.0382,伯東,プライム（内国株式）,卸売業
7434,2026-09-29,1775.0,0.0034,-0.04,-0.0247,-0.0269,-0.0154,-0.0504,1824.4,1805.7333,False,-0.0271,0.8642,2054.0293,1707.0,0.0167,0.0498,177500.0,2.7931,0.3803,オータケ,スタンダード（内国株式）,卸売業
7435,2026-09-29,1422.0,0.0064,0.1066,0.0596,0.0692,0.0689,0.0456,1314.88,1267.2933,True,0.0815,0.9944,1430.0,919.0,0.0312,0.3184,142200.0,0.8093,0.4937,ナ・デックス,スタンダード（内国株式）,卸売業
7438,2026-09-29,1782.0,0.0022,-0.0028,0.036,0.177,0.0454,0.1535,1718.6638,1593.3279,True,0.0369,0.9862,1807.0,1395.0,0.0191,0.7783,178200.0,1.0122,0.3137,コンドーテック,プライム（内国株式）,卸売業
7442,2026-09-29,479.0,-0.0021,-0.0021,-0.0103,0.017,-0.001,-0.0066,480.68,481.7333,True,-0.0035,0.9618,498.0,392.1751,0.0088,0.051,47900.0,1.4218,0.3322,中山福,スタンダード（内国株式）,卸売業
7443,2026-09-29,670.0,0.003,0.006,0.006,0.0469,0.0153,0.0233,665.7631,648.5477,True,0.0064,0.9351,716.4956,593.9502,0.0117,0.0165,67000.0,0.8461,0.2931,横浜魚類,スタンダード（内国株式）,卸売業
7444,2026-09-29,1983.0,-0.0095,-0.0025,-0.003,0.0159,0.0063,-0.0077,1986.56,1977.2,True,-0.0018,0.929,2134.5132,1811.2786,0.0079,0.0247,198300.0,1.2334,0.3132,ハリマ共和物産,スタンダード（内国株式）,卸売業
7446,2026-09-29,4340.0,0.0058,-0.0291,-0.0269,-0.0626,-0.0176,-0.0862,4481.2765,4581.2922,False,-0.0315,0.8346,5200.0,3650.0,0.0093,0.0186,434000.0,0.9096,0.5828,東北化学薬品,スタンダード（内国株式）,卸売業
7447,2026-09-29,1639.0,-0.0115,-0.0144,-0.0426,-0.0246,-0.0333,-0.0481,1676.0117,1667.0577,True,-0.0221,0.8254,1985.8046,1535.2278,0.0107,1.5666,163900.0,0.8711,0.2618,ナガイレーベン,プライム（内国株式）,卸売業
7453,2026-09-29,4057.0,0.006,0.024,-0.0523,0.1507,-0.043,0.1271,4136.2985,4023.8005,True,-0.0192,0.8805,4607.7786,2601.606,0.0253,112.2606,405700.0,0.7052,0.2491,良品計画,プライム（内国株式）,小売業
7456,2026-09-29,6690.0,-0.0332,-0.0484,-0.0643,0.1696,-0.055,0.146,7028.7381,6304.646,True,-0.0482,0.7609,8791.9512,3922.193,0.0444,8.2732,669000.0,0.8418,0.266,松田産業,プライム（内国株式）,卸売業
7458,2026-09-29,1824.5,-0.0124,-0.0395,-0.0321,0.0657,-0.0228,0.0422,1866.9583,1791.0194,True,-0.0227,0.953,1914.5,1502.0579,0.019,9.0813,182450.0,2.2313,0.2801,第一興商,プライム（内国株式）,卸売業
7459,2026-09-29,2950.0,-0.0245,-0.0147,0.0197,0.1251,0.029,0.1016,2935.1757,2811.6719,True,0.0051,0.9406,3136.3651,2428.1061,0.0241,18.7781,295000.0,1.4098,0.3867,メディパルホールディングス,プライム（内国株式）,卸売業
7460,2026-09-29,1647.0,0.0061,0.0055,-0.0357,-0.0413,-0.0264,-0.0649,1666.4685,1672.7962,True,-0.0117,0.8751,1882.0,928.207,0.0214,0.2148,164700.0,0.5332,0.2269,ヤギ,スタンダード（内国株式）,卸売業
7461,2026-09-29,467.0,-0.0043,0.0,-0.0469,0.0,-0.0376,-0.0235,475.8,471.88,True,-0.0185,0.8991,519.3959,442.0,0.0138,0.0134,46700.0,1.0008,0.3578,キムラ,スタンダード（内国株式）,卸売業
7462,2026-09-29,370.0,-0.0909,-0.0931,-0.0439,0.0725,-0.0346,0.0489,397.6853,379.0151,True,-0.0696,0.8706,425.0,213.9009,0.0294,0.0958,37000.0,1.4312,0.4682,ＣＡＰＩＴＡ,スタンダード（内国株式）,小売業
7463,2026-09-29,962.0,-0.0214,-0.0341,-0.0052,0.0821,0.0041,0.0586,963.5312,934.8837,True,-0.0016,0.9525,1010.0,767.1332,0.0158,0.3068,96200.0,1.2278,0.2957,アドヴァングループ,スタンダード（内国株式）,小売業
7464,2026-09-29,1530.0,-0.002,-0.002,-0.0026,0.0,0.0067,-0.0235,1524.44,1539.5467,False,0.0036,0.9022,1695.7664,1501.0,0.0115,0.0172,153000.0,1.0673,0.4081,セフテック,スタンダード（内国株式）,卸売業
7466,2026-09-29,1470.0,-0.0014,0.002,0.0048,0.136,0.0141,0.1125,1454.0043,1372.0548,True,0.011,0.98,1500.0,1093.0275,0.0147,0.5166,147000.0,1.1076,0.3964,ＳＰＫ,プライム（内国株式）,卸売業
7472,2026-09-29,3895.0,-0.0089,-0.0038,-0.0152,0.0456,-0.0059,0.0221,3915.6,3836.8,True,-0.0053,0.9408,4140.0,3500.0,0.0096,0.0249,389500.0,0.7951,0.2,鳥羽洋行,スタンダード（内国株式）,卸売業
7475,2026-09-29,3765.0,0.0,0.0,0.4846,0.5243,0.4939,0.5007,3086.96,2708.0533,True,0.2196,0.9974,3775.0,2360.0,0.0261,3.7609,376500.0,4.4845,0.0102,アルビス,プライム（内国株式）,小売業
7476,2026-09-29,2475.5,-0.0026,-0.0229,0.0014,0.0929,0.0107,0.0694,2487.5266,2392.7489,True,-0.0048,0.9486,2609.5,1959.0,0.0212,3.3563,247550.0,0.9171,0.2228,アズワン,プライム（内国株式）,卸売業
7477,2026-09-29,1629.0,-0.024,0.0213,0.0188,-0.1293,0.0281,-0.1529,1590.9276,1706.4292,False,0.0239,0.6194,2630.0,1111.0685,0.0358,0.022,162900.0,1.1507,0.504,ムラキ,スタンダード（内国株式）,卸売業
7480,2026-09-29,3565.0,0.0174,0.0113,0.0259,0.5602,0.0352,0.5366,3483.7746,2882.0582,True,0.0233,0.9794,3640.0,1558.1443,0.0291,2.1305,356500.0,0.7566,0.3184,スズデン,スタンダード（内国株式）,卸売業
7481,2026-09-29,2587.0,-0.0035,0.0086,-0.016,-0.0216,-0.0067,-0.0451,2599.5703,2571.6968,True,-0.0048,0.9191,2814.8079,2061.9079,0.0104,0.0605,258700.0,1.2857,0.2442,尾家産業,スタンダード（内国株式）,卸売業
7482,2026-09-29,1471.0,-0.0094,-0.0448,-0.0473,0.1035,-0.038,0.08,1517.2323,1421.6374,True,-0.0305,0.9316,1579.0,1223.8257,0.0255,0.6487,147100.0,1.5012,0.3946,シモジマ,プライム（内国株式）,卸売業
7483,2026-09-29,3015.0,-0.0115,-0.0367,-0.0099,0.0616,-0.0005,0.0381,3054.9839,2971.928,True,-0.0131,0.8171,3689.7902,2655.0768,0.0164,1.6988,301500.0,0.8105,0.3445,ドウシシャ,プライム（内国株式）,卸売業
7486,2026-09-29,847.0,-0.0059,0.0522,0.0418,0.1043,0.0511,0.0808,811.0,790.8,True,0.0444,0.8102,1045.3689,666.5558,0.0292,0.026,84700.0,1.7503,0.4208,サンリン,スタンダード（内国株式）,卸売業
7487,2026-09-29,1861.0,-0.0043,0.0043,0.0316,0.0502,0.0409,0.0267,1821.08,1787.52,True,0.0219,0.9366,1987.0077,1655.8397,0.0073,0.108,186100.0,1.0843,0.5526,小津産業,スタンダード（内国株式）,卸売業
7490,2026-09-29,2190.0,0.0005,0.0014,0.0,0.0027,0.0093,-0.0208,2188.44,2189.7067,False,0.0007,0.979,2237.0,1150.1771,0.0007,0.0714,219000.0,0.9946,0.3182,日新商事,スタンダード（内国株式）,卸売業
7494,2026-09-29,235.0,0.0,-0.0289,-0.0447,0.0633,-0.0354,0.0398,242.56,233.7333,True,-0.0312,0.8956,262.3982,215.0,0.0097,0.0855,23500.0,1.0987,0.4386,コナカ,スタンダード（内国株式）,小売業
7500,2026-09-29,10860.0,-0.0127,0.0849,0.1161,0.0544,0.1255,0.0308,9995.6,9846.6467,True,0.0865,0.8062,13469.8758,8549.8565,0.0113,0.0301,1086000.0,1.1361,0.8628,西川計測,スタンダード（内国株式）,卸売業
7501,2026-09-29,1410.0,-0.0229,-0.0105,-0.0309,-0.0656,-0.0216,-0.0891,1447.6,1500.72,False,-0.026,0.662,2130.0,1012.9501,0.0126,0.0032,141000.0,0.2571,0.3669,ティムコ,スタンダード（内国株式）,卸売業
7502,2026-09-29,1669.0,-0.0101,-0.02,-0.006,0.0315,0.0034,0.008,1691.28,1656.9333,True,-0.0132,0.8678,1923.1895,1585.0,0.0071,0.0149,166900.0,1.4334,0.4497,プラザホールディングス,スタンダード（内国株式）,サービス業
7504,2026-09-29,4440.0,-0.0133,0.0254,-0.0731,0.3078,-0.0638,0.2843,4595.1605,4086.7202,True,-0.0338,0.8538,5200.0,2728.0,0.0357,2.5807,444000.0,0.6429,0.1954,高速,プライム（内国株式）,卸売業
7505,2026-09-29,1995.0,0.0083,-0.0607,-0.0695,-0.0691,-0.0602,-0.0926,2125.9425,2162.3008,True,-0.0616,0.8143,2450.0,1438.2055,0.0224,0.4587,199500.0,1.5666,0.4073,扶桑電通,スタンダード（内国株式）,卸売業
7506,2026-09-29,1372.0,0.0018,-0.0058,-0.0094,0.0073,-0.0001,-0.0162,1381.6996,1376.4332,True,-0.007,0.8907,1540.3204,1348.0,0.0044,0.0142,137200.0,0.6407,0.3872,ハウス　オブ　ローゼ,スタンダード（内国株式）,小売業
7508,2026-09-29,1396.0,-0.0099,-0.0432,-0.0352,0.0205,-0.0259,-0.0031,1432.9922,1409.8641,True,-0.0258,0.9271,1505.7319,1135.5648,0.014,0.8135,139600.0,1.1189,0.3422,Ｇ‐７ホールディングス,プライム（内国株式）,小売業
7509,2026-09-29,4645.0,-0.0054,-0.0252,-0.0221,0.0153,-0.0128,-0.0082,4726.2471,4712.4824,False,-0.0172,0.9327,4980.0,3650.1404,0.0053,0.0169,464500.0,0.6746,0.7398,アイエーグループ,スタンダード（内国株式）,小売業
7510,2026-09-29,2823.0,0.0079,0.0158,0.0129,0.2431,0.0222,0.2195,2744.8751,2571.5184,True,0.0285,0.9563,2952.0,1851.2156,0.0199,1.5658,282300.0,1.7176,0.488,たけびし,プライム（内国株式）,卸売業
7512,2026-09-29,854.0,-0.0104,-0.0104,-0.0093,0.0252,0.0,0.0017,860.76,847.64,True,-0.0079,0.9059,942.7285,809.0,0.011,1.1109,85400.0,0.7835,0.1803,イオン北海道,スタンダード（内国株式）,小売業
7513,2026-09-29,1485.0,-0.004,0.0263,0.0377,0.1683,0.0471,0.1447,1439.0694,1359.3445,True,0.0319,0.9907,1499.0,1043.5805,0.0207,3.9331,148500.0,0.6042,0.3321,コジマ,プライム（内国株式）,小売業
7514,2026-09-29,855.0,0.0023,0.0035,-0.015,0.0138,-0.0057,-0.0098,856.0818,854.9367,True,-0.0013,0.9773,874.8967,815.6241,0.0036,0.0638,85500.0,0.6716,0.1628,ヒマラヤ,スタンダード（内国株式）,小売業
7516,2026-09-29,4460.0,-0.023,-0.0315,0.0034,0.0773,0.0127,0.0538,4482.2682,4220.356,True,-0.005,0.9591,4650.0,3592.3565,0.0194,3.7506,446000.0,0.9314,0.3645,コーナン商事,プライム（内国株式）,小売業
7520,2026-09-29,2547.0,-0.0158,-0.026,-0.0352,0.1122,-0.0259,0.0887,2576.6,2448.72,True,-0.0115,0.7899,3224.5725,2194.0,0.014,0.4488,254700.0,0.8486,0.3591,エコス,プライム（内国株式）,小売業
7521,2026-09-29,2647.0,-0.025,-0.0343,-0.0243,0.0181,-0.015,-0.0055,2756.2813,2711.4404,True,-0.0396,0.8736,3030.0,2101.6512,0.0167,0.0291,264700.0,0.6444,0.353,ムサシ,スタンダード（内国株式）,卸売業
7522,2026-09-29,885.0,-0.0045,-0.0317,-0.0848,-0.0535,-0.0755,-0.077,933.24,937.7733,True,-0.0517,0.8429,1050.0,881.0,0.0128,1.7977,88500.0,2.403,0.3522,ワタミ,プライム（内国株式）,小売業
7524,2026-09-29,179.0,0.0113,0.0407,0.0113,-0.0056,0.0206,-0.0291,176.32,179.9467,True,0.0152,0.7817,229.0,150.0,0.0263,0.0396,17900.0,1.963,0.3606,マルシェ,スタンダード（内国株式）,小売業
7525,2026-09-29,3530.0,-0.0129,-0.0208,-0.0408,-0.0056,-0.0314,-0.0292,3600.1762,3574.9254,True,-0.0195,0.9107,3876.174,3126.2611,0.0126,0.5291,353000.0,0.964,0.3495,リックス,プライム（内国株式）,卸売業
7527,2026-09-29,47.0,-0.0208,-0.06,-0.1132,0.0,-0.1039,-0.0235,51.72,49.6267,True,-0.0913,0.4747,99.0,44.0,0.041,0.6097,4700.0,1.0597,0.2593,システムソフト,スタンダード（内国株式）,情報・通信業
7531,2026-09-29,1320.0,0.0,-0.0068,0.0169,0.0435,0.0263,0.0199,1307.92,1300.3333,False,0.0092,0.7841,1683.4551,1252.0,0.0058,0.0031,132000.0,0.5957,0.4579,清和中央ホールディングス,スタンダード（内国株式）,卸売業
7532,2026-09-29,712.6,-0.0086,-0.0194,-0.1233,-0.1341,-0.114,-0.1577,761.424,830.24,False,-0.0641,0.6732,1058.5729,702.0,0.0263,134.9772,71259.9976,1.2503,0.2382,パン・パシフィック・インターナショナルホールディングス,プライム（内国株式）,小売業
7537,2026-09-29,1878.0,0.0113,0.0223,0.0146,0.1347,0.0239,0.1112,1821.3448,1741.1683,True,0.0311,0.9761,1924.0,1002.9285,0.0276,1.4647,187800.0,0.687,0.3512,丸文,プライム（内国株式）,卸売業
7538,2026-09-29,386.0,-0.0103,-0.0153,-0.0103,0.0752,-0.0009,0.0517,390.2,377.2267,True,-0.0108,0.8477,455.3381,324.539,0.015,0.0166,38600.0,1.3579,0.3457,大水,スタンダード（内国株式）,卸売業
7539,2026-09-29,781.0,0.013,-0.0476,-0.0298,-0.0358,-0.0205,-0.0593,806.9142,799.5714,True,-0.0321,0.9278,841.7363,672.4045,0.0111,0.2245,78100.0,2.6642,0.5857,アイナボホールディングス,スタンダード（内国株式）,卸売業
7544,2026-09-29,556.0,-0.0036,0.0018,0.0128,0.0073,0.0221,-0.0162,554.6413,551.9955,True,0.0024,0.9412,590.729,516.4053,0.0117,0.0234,55600.0,0.9846,0.2154,スリーエフ,スタンダード（内国株式）,小売業
7545,2026-09-29,1949.0,-0.0046,-0.0041,-0.039,0.008,-0.0296,-0.0155,1986.28,1969.5571,True,-0.0188,0.8675,2246.735,1815.4835,0.0147,3.5893,194900.0,0.5505,0.2275,西松屋チェーン,プライム（内国株式）,小売業
7550,2026-09-29,10595.0,0.011,0.0188,-0.0956,0.3137,-0.0863,0.2902,11328.0586,9940.2062,True,-0.0647,0.8778,12070.0,7381.0,0.0332,66.2391,1059500.0,1.1627,0.4188,ゼンショーホールディングス,プライム（内国株式）,小売業
75505,2026-09-29,4900.0,0.0127,-0.0026,-0.0039,-0.0012,0.0055,-0.0248,4914.836,4932.5187,False,-0.003,0.9087,5392.459,4820.1156,0.005,0.1359,490000.0,2.2694,0.4901,ゼンショーホールディングス第１回社債型種類株式,プライム（内国株式）,小売業
7551,2026-09-29,671.0,-0.0147,-0.0455,-0.0796,-0.0317,-0.0702,-0.0553,713.8759,703.5186,True,-0.0601,0.8669,774.0,598.0488,0.0147,0.2522,67100.0,2.1938,0.5078,ウェッズ,スタンダード（内国株式）,輸送用機器
7552,2026-09-29,4825.0,0.1287,0.1884,0.3041,0.603,0.3134,0.5794,3891.614,3358.058,True,0.2398,0.9948,4850.0,2485.0,0.0325,10.3242,482500.0,1.4401,0.7736,ハピネット,プライム（内国株式）,卸売業
7554,2026-09-29,1148.0,-0.0175,-0.0263,-0.0433,0.061,-0.034,0.0375,1180.5808,1136.1269,True,-0.0276,0.9268,1238.6777,1014.5454,0.0139,0.6107,114800.0,0.9231,0.2508,幸楽苑,プライム（内国株式）,小売業
7555,2026-09-29,738.0,-0.0134,-0.0054,-0.0081,0.0068,0.0013,-0.0167,746.12,745.0,False,-0.0109,0.8902,829.0,728.315,0.0046,0.0084,73800.0,1.0011,0.3792,大田花き,スタンダード（内国株式）,卸売業
7561,2026-09-29,696.0,0.0014,-0.0211,-0.0197,0.0807,-0.0104,0.0572,707.4417,677.1606,True,-0.0162,0.867,802.7592,598.8838,0.0127,0.0962,69600.0,0.7505,0.2822,ハークスレイホールディングス,スタンダード（内国株式）,小売業
7562,2026-09-29,3715.0,-0.0093,-0.0313,-0.0313,-0.0067,-0.022,-0.0302,3829.2,3787.1333,True,-0.0298,0.96,3869.7845,3590.8812,0.0053,0.1835,371500.0,2.3455,0.8655,安楽亭,スタンダード（内国株式）,小売業
7564,2026-09-29,5260.0,0.0077,-0.0187,-0.173,-0.2287,-0.1636,-0.2523,5820.0,6154.1333,False,-0.0962,0.6315,8330.0,5170.0,0.0265,25.1468,526000.0,0.9738,0.4021,ワークマン,スタンダード（内国株式）,小売業
7567,2026-09-29,637.0,0.0031,0.0494,0.0477,0.2133,0.057,0.1898,611.84,569.8,True,0.0411,0.9313,684.0,430.6564,0.0186,0.074,63700.0,0.823,0.388,栄電子,スタンダード（内国株式）,卸売業
7570,2026-09-29,1369.0,-0.0144,-0.0447,-0.0386,-0.0094,-0.0293,-0.0329,1405.9534,1402.9845,True,-0.0263,0.8994,1522.1449,1138.9064,0.0153,0.1407,136900.0,1.0035,0.3332,橋本総業ホールディングス,スタンダード（内国株式）,卸売業
7571,2026-09-29,84.0,-0.0233,-0.0118,-0.087,0.0,-0.0776,-0.0235,87.28,84.88,False,-0.0376,0.6457,130.0962,78.0,0.023,0.2489,8400.0,1.0425,0.2074,ヤマノホールディングス,スタンダード（内国株式）,小売業
7575,2026-09-29,1499.0,-0.0119,-0.0483,-0.0428,0.1575,-0.0335,0.134,1549.8489,1446.5363,True,-0.0328,0.9242,1622.0,1239.0,0.0192,4.1823,149900.0,1.6987,0.3093,日本ライフライン,プライム（内国株式）,卸売業
7578,2026-09-29,74.0,-0.0133,-0.0263,-0.0133,-0.0263,-0.004,-0.0499,77.04,73.6667,False,-0.0395,0.4933,150.0,64.0,0.0521,0.074,7400.0,0.9623,0.4926,ニチリョク,スタンダード（内国株式）,小売業
7581,2026-09-29,6380.0,-0.0078,-0.0169,-0.112,0.1829,-0.1027,0.1593,6901.7418,6593.0044,True,-0.0756,0.7614,8379.1826,4662.2888,0.0354,29.1454,638000.0,0.6253,0.319,サイゼリヤ,プライム（内国株式）,小売業
7585,2026-09-29,409.0,0.0025,0.0099,0.0049,0.0124,0.0142,-0.0112,407.04,408.76,False,0.0048,0.8263,495.0,398.0,0.0037,0.0118,40900.0,1.0735,0.2667,かんなん丸,スタンダード（内国株式）,小売業
7590,2026-09-29,409.0,-0.0931,0.0276,0.0025,0.0302,0.0118,0.0067,400.76,397.92,True,0.0206,0.8574,477.0,375.0,0.0309,0.9737,40900.0,4.1831,0.6802,タカショー,スタンダード（内国株式）,卸売業
7593,2026-09-29,509.0,-0.0078,-0.0342,-0.0396,0.1336,-0.0303,0.1101,527.1154,491.4518,True,-0.0344,0.9065,561.4706,428.0,0.0172,2.6346,50900.0,1.1842,0.3196,ＶＴホールディングス,プライム（内国株式）,小売業
7595,2026-09-29,1232.0,-0.0128,-0.0412,-0.0737,0.0182,-0.0644,-0.0054,1291.814,1279.9913,False,-0.0463,0.7505,1641.5396,1161.2763,0.0159,2.593,123200.0,0.9063,0.3168,アルゴグラフィックス,プライム（内国株式）,情報・通信業
7596,2026-09-29,2241.0,-0.018,-0.0464,-0.0552,0.0013,-0.0459,-0.0222,2336.4242,2296.3681,True,-0.0408,0.885,2532.0798,2115.0,0.0098,0.7815,224100.0,1.7465,0.5276,魚力,プライム（内国株式）,小売業
7599,2026-09-29,1169.0,-0.0209,-0.0534,-0.0824,-0.1262,-0.0731,-0.1498,1233.6166,1285.5645,False,-0.0524,0.7689,1520.4227,951.8409,0.0153,10.9998,116900.0,0.68,0.3808,ＩＤＯＭ,プライム（内国株式）,卸売業
7600,2026-09-29,637.0,-0.0304,-0.0591,-0.2107,-0.2761,-0.2013,-0.2997,698.8,827.6533,False,-0.0884,0.6338,1005.0,445.0,0.0452,2.4589,63700.0,0.6729,0.271,日本エム・ディ・エム,プライム（内国株式）,精密機器
7601,2026-09-29,163.0,-0.0061,0.0,-0.0121,-0.0061,-0.0028,-0.0296,163.6,164.9867,False,-0.0037,0.7799,209.0,160.0,0.0131,0.0516,16300.0,1.4638,0.2333,ポプラ,スタンダード（内国株式）,小売業
7602,2026-09-29,168.0,-0.0118,-0.0769,0.012,0.1831,0.0214,0.1596,174.2,163.9467,True,-0.0356,0.435,386.1698,125.4057,0.0778,0.4329,16800.0,1.7149,0.4055,レダックス,スタンダード（内国株式）,卸売業
7603,2026-09-29,34.0,0.0,-0.0286,-0.15,-0.2917,-0.1407,-0.3152,38.72,47.0267,False,-0.1219,0.096,354.0,33.0,0.0651,0.2394,3400.0,0.5014,0.1806,ジーイエット,スタンダード（内国株式）,小売業
7604,2026-09-29,920.0,-0.0022,0.0066,0.0256,0.0443,0.035,0.0207,906.88,890.4533,True,0.0145,0.9967,923.0,796.6038,0.006,0.0633,92000.0,1.0341,0.4545,梅の花グループ,スタンダード（内国株式）,小売業
7606,2026-09-29,2355.0,-0.003,-0.0244,-0.0554,-0.0113,-0.046,-0.0349,2409.8485,2447.2962,False,-0.0228,0.8545,2756.0,1847.4339,0.0182,4.9094,235500.0,0.9019,0.3243,ユナイテッドアローズ,プライム（内国株式）,小売業
7607,2026-09-29,3035.0,-0.0162,-0.0049,-0.014,-0.0325,-0.0047,-0.056,3047.6084,3078.5869,True,-0.0041,0.9105,3333.438,2796.6668,0.0112,0.974,303500.0,0.9415,0.4215,進和,プライム（内国株式）,卸売業
7608,2026-09-29,964.0,0.0084,0.0893,0.1756,0.2819,0.1849,0.2584,875.2719,804.5596,True,0.1014,0.9877,976.0,523.6596,0.0316,0.848,96400.0,1.2045,0.4009,エスケイジャパン,スタンダード（内国株式）,卸売業
7609,2026-09-29,4160.0,0.0,0.0297,0.0171,0.132,0.0264,0.1084,4024.6,3834.9473,True,0.0336,0.8473,4910.0,2008.6903,0.038,3.4816,416000.0,0.5506,0.3634,ダイトロン,プライム（内国株式）,卸売業
7610,2026-09-29,137.0,0.0,0.0074,-0.042,-0.042,-0.0326,-0.0655,139.04,142.4533,True,-0.0147,0.8303,165.0,126.5743,0.0198,0.7543,13700.0,0.77,0.3316,テイツー,スタンダード（内国株式）,小売業
7611,2026-09-29,2887.0,0.0052,-0.0174,-0.027,0.1425,-0.0176,0.119,2975.6817,2796.5066,True,-0.0298,0.7816,3693.8717,2434.6647,0.0199,5.1655,288700.0,0.6412,0.3993,ハイデイ日高,プライム（内国株式）,小売業
7613,2026-09-29,1597.0,-0.0044,0.014,0.0127,0.2247,0.022,0.2012,1574.84,1469.3589,True,0.0141,0.9433,1693.0,1123.8277,0.0256,3.2993,159700.0,0.7506,0.3916,シークス,プライム（内国株式）,卸売業
7614,2026-09-29,1543.0,0.0,-0.0032,0.0019,0.0052,0.0113,-0.0183,1543.92,1541.5067,True,-0.0006,0.7706,2002.4319,1437.5683,0.0072,0.053,154300.0,0.878,0.2872,オーエムツーネットワーク,スタンダード（内国株式）,小売業
7615,2026-09-29,94.0,-0.0309,-0.0309,-0.0962,0.0,-0.0868,-0.0235,98.56,96.76,True,-0.0463,0.4462,210.6848,91.0,0.0266,0.2236,9400.0,0.3522,0.28,京都きもの友禅ホールディングス,スタンダード（内国株式）,小売業
7616,2026-09-29,1974.0,-0.0452,-0.0179,-0.0604,0.0714,-0.0511,0.0478,2064.6,1970.1533,True,-0.0439,0.9105,2168.0,1651.783,0.0204,12.5598,197400.0,1.7733,0.3081,コロワイド,プライム（内国株式）,小売業
7619,2026-09-29,1022.0,0.001,0.0397,0.0569,0.1548,0.0662,0.1313,979.8046,931.9349,True,0.0431,0.9924,1029.8526,766.4715,0.0133,0.0897,102200.0,2.1404,0.4754,田中商事,スタンダード（内国株式）,卸売業
7621,2026-09-29,3325.0,-0.0404,-0.0292,-0.0473,0.0076,-0.038,-0.016,3446.0,3390.8667,True,-0.0351,0.8608,3862.5747,3205.0,0.0116,0.1361,332500.0,2.5579,0.6741,うかい,スタンダード（内国株式）,小売業
7624,2026-09-29,194.0,0.0838,0.2125,0.268,0.3472,0.2773,0.3237,159.64,146.8667,True,0.2152,0.9372,207.0,128.3333,0.0306,0.4753,19400.0,3.9161,0.9277,ＮａＩＴＯ,スタンダード（内国株式）,卸売業
7625,2026-09-29,460.0,-0.0022,0.0066,-0.0295,-0.0129,-0.0202,-0.0364,467.52,467.16,False,-0.0161,0.8679,530.0,358.7986,0.0112,0.0256,46000.0,0.9545,0.2528,グローバルダイニング,スタンダード（内国株式）,小売業
7628,2026-09-29,1129.0,-0.0229,-0.0416,-0.0662,0.0153,-0.0569,-0.0083,1172.3346,1149.8315,True,-0.037,0.8868,1273.0926,989.7458,0.0182,0.6383,112900.0,2.3424,0.3692,オーハシテクニカ,プライム（内国株式）,卸売業
7630,2026-09-29,1118.0,0.0108,0.0333,0.1932,0.2872,0.2025,0.2636,1055.3193,950.2633,True,0.0594,0.9387,1191.0,832.8889,0.0214,9.5571,111800.0,1.0078,0.3803,壱番屋,プライム（内国株式）,小売業
7634,2026-09-29,5500.0,0.012,0.07,0.0377,0.1494,0.0471,0.1259,5179.892,5084.8307,True,0.0618,0.9242,5951.3516,4617.2569,0.0123,0.0167,550000.0,1.3364,0.9025,星医療酸器,スタンダード（内国株式）,卸売業
7636,2026-09-29,796.0,0.0013,0.0,-0.0038,0.0271,0.0056,0.0036,796.2,786.7803,True,-0.0003,0.8927,891.6613,756.8529,0.0054,0.0446,79600.0,0.6471,0.2567,ハンズマン,スタンダード（内国株式）,小売業
7637,2026-09-29,3590.0,0.0,0.0028,-0.0439,0.0621,-0.0346,0.0386,3631.1673,3542.7891,True,-0.0113,0.8788,4085.0,2121.9434,0.0282,1.0855,359000.0,0.8644,0.3546,白銅,プライム（内国株式）,卸売業
7638,2026-09-29,1402.0,-0.0127,-0.0043,-0.0057,0.0502,0.0036,0.0266,1404.84,1378.8933,True,-0.002,0.8685,1614.2476,1301.0,0.0113,0.1992,140200.0,0.9578,0.3738,ＮＥＷ　ＡＲＴ　ＨＯＬＤＩＮＧＳ,スタンダード（内国株式）,小売業
7640,2026-09-29,200.0,0.0152,0.0471,0.0309,0.25,0.0402,0.2265,191.72,178.72,True,0.0432,0.7194,278.0,153.0,0.0214,0.0547,20000.0,0.7317,0.35,トップカルチャー,スタンダード（内国株式）,小売業
7643,2026-09-29,1637.0,-0.0376,-0.0483,-0.0672,-0.0325,-0.0579,-0.056,1727.8763,1714.7988,True,-0.0526,0.8818,1856.3295,1542.799,0.0113,0.0827,163700.0,1.8052,0.6553,ダイイチ,スタンダード（内国株式）,小売業
7646,2026-09-29,1799.0,-0.0169,-0.0249,-0.0369,0.0399,-0.0276,0.0163,1869.1629,1815.681,True,-0.0375,0.847,2123.9534,1472.7643,0.0185,0.2145,179900.0,2.8536,0.397,ＰＬＡＮＴ,スタンダード（内国株式）,小売業
7649,2026-09-29,1238.0,-0.01,-0.0256,-0.065,-0.2051,-0.0556,-0.2286,1299.6498,1408.9159,False,-0.0474,0.6324,1957.6762,1227.5,0.0255,31.6173,123800.0,1.1659,0.2727,スギホールディングス,プライム（内国株式）,小売業
7670,2026-09-29,1225.0,0.0166,0.0251,-0.0065,0.2117,0.0028,0.1881,1220.6756,1120.9585,True,0.0035,0.9526,1286.0,910.914,0.0145,0.0618,122500.0,0.6609,0.3379,オーウエル,スタンダード（内国株式）,卸売業
7673,2026-09-29,1709.0,0.0167,0.0071,0.0351,0.0823,0.0444,0.0588,1673.64,1644.7733,False,0.0211,0.9168,1864.0525,1422.7941,0.0117,0.0276,170900.0,0.6601,0.3563,ダイコー通産,スタンダード（内国株式）,卸売業
7674,2026-09-29,2745.0,0.0018,0.0022,0.0473,-0.0317,0.0566,-0.0553,2661.04,2698.1867,True,0.0316,0.8812,3115.0,2373.0,0.0118,0.1096,274500.0,1.5339,0.5754,ＮＡＴＴＹ　ＳＷＡＮＫＹホールディングス,グロース（内国株式）,小売業
7677,2026-09-29,2697.0,0.0,-0.0253,-0.0092,0.0576,0.0001,0.0341,2739.04,2686.2,True,-0.0153,0.8933,3019.3035,2415.4428,0.0081,0.0059,269700.0,1.2188,0.6248,ヤシマキザイ,スタンダード（内国株式）,卸売業
7678,2026-09-29,3785.0,0.0093,-0.0013,0.1791,0.161,0.1884,0.1375,3398.6,3225.3067,True,0.1137,0.9718,3895.0,2087.5,0.0326,0.5677,378500.0,0.9602,0.5478,あさくま,スタンダード（内国株式）,小売業
7679,2026-09-29,1616.0,-0.0092,-0.0253,-0.0352,-0.0306,-0.0259,-0.0541,1654.6,1685.48,False,-0.0233,0.7028,2299.4081,1603.0,0.0164,0.9353,161600.0,1.047,0.2415,薬王堂ホールディングス,プライム（内国株式）,小売業
7681,2026-09-29,994.0,0.0122,0.0091,-0.0226,0.1044,-0.0133,0.0809,1003.24,958.9333,True,-0.0092,0.8353,1190.0,725.0,0.0231,0.0196,99400.0,1.8081,0.4352,レオクラン,スタンダード（内国株式）,卸売業
7682,2026-09-29,3725.0,0.0,-0.0485,-0.0473,-0.0753,-0.038,-0.0988,3899.0,3969.573,False,-0.0446,0.9057,4112.9382,3705.0,0.0131,0.1529,372500.0,2.3389,0.5007,浜木綿,スタンダード（内国株式）,小売業
7683,2026-09-29,1416.0,-0.0007,-0.0021,0.0,-0.0229,0.0093,-0.0465,1410.68,1406.0876,True,0.0038,0.9737,1454.2055,1268.5491,0.0072,0.2948,141600.0,0.6999,0.2958,ダブルエー,プライム（内国株式）,小売業
7685,2026-09-29,2747.0,-0.0147,-0.0573,-0.1612,-0.1663,-0.1519,-0.1899,3038.16,3255.92,False,-0.0958,0.6611,4155.0,1539.5233,0.0422,12.5552,274700.0,1.2966,0.3621,ＢｕｙＳｅｌｌ　Ｔｅｃｈｎｏｌｏｇｉｅｓ,グロース（内国株式）,卸売業
7686,2026-09-29,432.0,0.0023,-0.0248,-0.0182,0.0485,-0.0089,0.025,439.7473,425.3291,True,-0.0176,0.9019,479.0,394.6697,0.0102,0.1161,43200.0,1.3753,0.2951,ひとまいる,スタンダード（内国株式）,小売業
7687,2026-09-29,448.0,0.0079,-0.0282,-0.0282,0.0874,-0.0189,0.0638,450.5376,431.2325,True,-0.0056,0.7883,568.339,400.0,0.0224,0.0301,44800.0,0.947,0.2395,ミクリード,グロース（内国株式）,卸売業
7689,2026-09-29,399.0,0.0,-0.0785,0.3082,0.3389,0.3175,0.3154,370.72,329.4,False,0.0763,0.7202,554.0,283.0,0.1869,0.8628,39900.0,4.5647,0.3031,コパ・コーポレーション,グロース（内国株式）,卸売業
7692,2026-09-29,76.0,0.0,-0.013,-0.05,0.0305,-0.0407,0.007,79.28,77.822,False,-0.0414,0.5887,129.1,71.7833,0.0263,0.2175,7600.0,1.63,0.45,アースインフィニティ,スタンダード（内国株式）,電気・ガス業
7694,2026-09-29,550.0,-0.0418,-0.0072,-0.0072,0.2821,0.0021,0.2585,570.72,488.1333,True,-0.0363,0.6024,913.0,408.0,0.0652,0.963,55000.0,0.3859,0.2761,いつも,グロース（内国株式）,小売業
7695,2026-09-29,892.0,-0.0315,-0.066,-0.0241,0.2087,-0.0148,0.1851,916.04,797.88,True,-0.0262,0.9311,958.0,669.0,0.0263,0.0832,89200.0,0.5636,0.2988,交換できるくん,グロース（内国株式）,小売業
7698,2026-09-29,2671.0,-0.0248,-0.0693,0.0091,0.0688,0.0184,0.0453,2745.1958,2625.4786,True,-0.027,0.9054,2950.0,1882.4094,0.021,0.1082,267100.0,2.2926,0.498,アイスコ,スタンダード（内国株式）,卸売業
7701,2026-09-29,4018.0,0.0088,0.0353,-0.02,-0.0238,-0.0107,-0.0474,3944.2465,4012.1222,True,0.0187,0.8948,4490.5367,3388.0,0.0189,40.1332,401800.0,1.2207,0.4858,島津製作所,プライム（内国株式）,精密機器
7702,2026-09-29,450.0,-0.0099,-0.0196,-0.0175,0.0112,-0.0082,-0.0123,456.3044,453.9815,True,-0.0138,0.9414,478.0,416.8454,0.0137,0.1102,45000.0,0.7832,0.2493,ＪＭＳ,スタンダード（内国株式）,精密機器
7707,2026-09-29,206.0,-0.0096,-0.0144,-0.0594,0.0619,-0.05,0.0383,211.8,205.3232,False,-0.0274,0.6964,295.8022,173.1284,0.0194,0.1633,20600.0,0.4272,0.275,プレシジョン・システム・サイエンス,グロース（内国株式）,精密機器
7709,2026-09-29,41.0,0.0,-0.4143,-0.1458,-0.2115,-0.1365,-0.2351,55.76,51.4267,False,-0.2647,0.1881,218.0,36.0,0.3902,1.3378,4100.0,1.7544,0.3688,クボテック,スタンダード（内国株式）,精密機器
7711,2026-09-29,5010.0,0.0154,-0.0253,-0.06,0.0204,-0.0507,-0.0032,5083.2486,4891.9495,False,-0.0144,0.4106,12202.2493,3939.5835,0.0508,4.3503,501000.0,1.5766,0.3596,助川電気工業,スタンダード（内国株式）,精密機器
7713,2026-09-29,2470.0,-0.0056,0.0094,0.0758,0.1398,0.0851,0.1163,2368.04,2200.3733,True,0.0431,0.9522,2594.0,1422.1898,0.0309,0.5538,247000.0,0.4521,0.4204,シグマ光機,スタンダード（内国株式）,精密機器
7715,2026-09-29,4285.0,0.0477,0.0739,0.0959,-0.052,0.1052,-0.0755,3970.7869,4029.8623,True,0.0791,0.8844,4845.0,1971.8521,0.0393,3.6359,428500.0,0.7681,0.3979,長野計器,プライム（内国株式）,精密機器
7716,2026-09-29,1455.0,-0.0281,-0.5268,-0.5403,-0.5134,-0.531,-0.5369,2836.56,2980.7037,False,-0.4871,0.4298,3385.0,1454.0,0.1143,8.1781,145500.0,1.1292,0.9841,ナカニシ,スタンダード（内国株式）,精密機器
7717,2026-09-29,6020.0,0.0101,0.0655,0.0965,-0.3385,0.1059,-0.362,5639.1813,6372.5938,True,0.0675,0.5914,10180.0,2748.5143,0.0441,8.9782,602000.0,0.5008,0.3424,ブイ・テクノロジー,プライム（内国株式）,精密機器
7719,2026-09-29,508.0,0.002,-0.0078,-0.0505,0.2067,-0.0412,0.1831,510.56,460.8533,True,-0.005,0.5168,983.0,242.0,0.0576,2.1843,50800.0,1.2711,0.4098,東京衡機,スタンダード（内国株式）,精密機器
7721,2026-09-29,7300.0,-0.0162,-0.0122,-0.0135,0.1717,-0.0042,0.1482,7085.2,6738.6667,True,0.0303,0.7696,9485.4076,4364.8783,0.0445,19.27,730000.0,0.9202,0.4431,東京計器,プライム（内国株式）,精密機器
7722,2026-09-29,756.0,-0.0013,-0.0283,-0.0406,-0.0245,-0.0313,-0.0481,777.6563,779.4588,True,-0.0278,0.6792,1113.0651,609.4201,0.0174,0.2077,75600.0,0.7051,0.2276,国際計測器,スタンダード（内国株式）,精密機器
7723,2026-09-29,2833.0,-0.0018,-0.0265,-0.0163,-0.0471,-0.007,-0.0706,2869.6441,2912.868,False,-0.0128,0.8678,3264.6699,2463.1641,0.0126,0.655,283300.0,0.7608,0.3223,愛知時計電機,プライム（内国株式）,精密機器
7725,2026-09-29,1818.0,0.0265,0.0271,-0.0283,-0.0082,-0.019,-0.0317,1780.56,1805.3867,False,0.021,0.8079,2250.2186,1247.0617,0.0312,1.3406,181800.0,0.4737,0.399,インターアクション,プライム（内国株式）,精密機器
7726,2026-09-29,1409.0,-0.0181,0.0071,0.0507,-0.0021,0.06,-0.0257,1378.7206,1369.7202,True,0.022,0.8773,1606.0,899.1501,0.0307,0.0996,140900.0,0.3762,0.2704,黒田精工,スタンダード（内国株式）,機械
7727,2026-09-29,927.0,0.0404,0.0534,0.1036,0.2055,0.1129,0.1819,854.3105,792.1302,True,0.0851,0.9758,950.0,538.9549,0.039,1.1369,92700.0,1.0596,0.404,オーバル,スタンダード（内国株式）,精密機器
7729,2026-09-29,18405.0,0.0456,0.1302,0.0063,-0.0857,0.0156,-0.1092,17206.9466,18015.7155,False,0.0696,0.8637,21310.0,8883.6619,0.0394,52.756,1840500.0,0.7317,0.3992,東京精密,プライム（内国株式）,精密機器
7730,2026-09-29,1461.0,-0.0048,0.0,-0.0811,-0.1398,-0.0718,-0.1633,1500.1283,1574.7803,False,-0.0261,0.7586,1925.9295,1207.1088,0.0151,4.2675,146100.0,0.706,0.3818,マニー,プライム（内国株式）,精密機器
7731,2026-09-29,1887.0,0.014,0.0882,-0.0358,-0.1687,-0.0265,-0.1923,1852.1621,2019.9807,False,0.0188,0.7895,2390.0,1617.5,0.032,31.7501,188700.0,1.0382,0.3953,ニコン,プライム（内国株式）,精密機器
7733,2026-09-29,2026.5,0.0032,0.0012,-0.0537,0.1928,-0.0444,0.1692,2048.48,1885.0133,True,-0.0107,0.9168,2210.5,1276.9608,0.0224,84.3741,202650.0,0.8648,0.2917,オリンパス,プライム（内国株式）,精密機器
7734,2026-09-29,3545.0,0.0071,0.0129,0.0614,-0.0406,0.0707,-0.0641,3403.5797,3472.9932,False,0.0416,0.902,3930.0,2905.0,0.0247,3.2297,354500.0,1.0174,0.3758,理研計器,プライム（内国株式）,精密機器
7735,2026-09-29,14530.0,0.0453,0.1794,0.0735,-0.1839,0.0828,-0.2075,13143.5513,14764.5171,True,0.1055,0.735,19770.0,5773.0999,0.0431,239.0589,1453000.0,0.6873,0.4578,ＳＣＲＥＥＮホールディングス,プライム（内国株式）,電気機器
7740,2026-09-29,1359.0,0.0037,0.0015,0.0007,0.1766,0.0101,0.1531,1359.48,1265.7327,True,-0.0004,0.9289,1463.0,935.8499,0.0153,5.3992,135900.0,0.6492,0.2357,タムロン,プライム（内国株式）,精密機器
7741,2026-09-29,23225.0,-0.0155,0.0252,-0.0507,-0.105,-0.0414,-0.1286,23739.4,25042.0,False,-0.0217,0.764,30400.0,19805.8025,0.0237,299.9537,2322500.0,1.1776,0.3645,ＨＯＹＡ,プライム（内国株式）,精密機器
7743,2026-09-29,793.0,0.0,0.0013,0.2488,0.5488,0.2581,0.5253,742.56,589.7733,True,0.0679,0.9987,794.0,468.0,0.0013,5.1343,79300.0,2.0603,0.2,シード,スタンダード（内国株式）,精密機器
7744,2026-09-29,2003.0,-0.0104,-0.0138,0.0015,-0.0064,0.0108,-0.03,2013.4,2010.761,True,-0.0052,0.8641,2317.9788,1534.9357,0.0206,5.9201,200300.0,0.7543,0.3125,ノーリツ鋼機,プライム（内国株式）,精密機器
7745,2026-09-29,2953.0,0.0082,0.0197,0.0169,0.0278,0.0262,0.0043,2862.7058,2872.6086,True,0.0315,0.866,3410.0,1671.7183,0.029,2.4003,295300.0,0.8957,0.3237,Ａ＆Ｄホロンホールディングス,プライム（内国株式）,精密機器
7746,2026-09-29,888.0,0.0091,0.1198,0.1473,-0.0503,0.1566,-0.0738,799.0,784.6667,False,0.1114,0.5421,1638.0,218.0,0.0447,7.3482,88800.0,1.8286,0.423,岡本硝子,スタンダード（内国株式）,精密機器
7747,2026-09-29,3330.0,0.0199,0.0146,-0.1378,-0.1237,-0.1284,-0.1472,3522.52,3617.421,False,-0.0547,0.7777,4282.0,2242.9055,0.0287,48.9687,333000.0,1.1008,0.2888,朝日インテック,プライム（内国株式）,精密機器
7749,2026-09-29,2760.0,-0.0174,-0.0373,-0.035,-0.0029,-0.0256,-0.0264,2881.7909,2834.4636,False,-0.0423,0.9068,3043.5026,2557.7221,0.0199,0.1102,276000.0,2.3363,0.3946,メディキット,スタンダード（内国株式）,精密機器
7751,2026-09-29,4587.0,0.0,0.0117,-0.0218,0.1061,-0.0124,0.0826,4553.08,4438.0917,True,0.0074,0.9288,4938.4391,3912.0917,0.0166,137.9303,458700.0,0.7625,0.4234,キヤノン,プライム（内国株式）,電気機器
7752,2026-09-29,1651.0,0.0067,-0.0184,-0.0234,0.1743,-0.0141,0.1507,1652.4705,1566.0502,True,-0.0009,0.9448,1747.5,1236.6655,0.0256,31.3551,165100.0,0.7863,0.3557,リコー,プライム（内国株式）,電気機器
7760,2026-09-29,2070.0,-0.0341,0.0058,-0.0143,-0.1537,-0.005,-0.1773,2043.5454,2248.2351,False,0.0129,0.4865,4255.0,1736.0,0.0347,1.4256,207000.0,0.5176,0.2683,ＩＭＶ,スタンダード（内国株式）,精密機器
7762,2026-09-29,2365.0,0.0087,0.0216,-0.1302,-0.0227,-0.1209,-0.0463,2492.6314,2401.0238,True,-0.0512,0.8099,2920.0,973.9548,0.04,39.749,236500.0,0.8836,0.297,シチズン時計,プライム（内国株式）,精密機器
7769,2026-09-29,3775.0,0.004,-0.0233,-0.0539,-0.0053,-0.0446,-0.0288,3884.9625,3849.1208,True,-0.0283,0.9051,4170.6909,3124.4351,0.012,0.7729,377500.0,0.8371,0.2873,リズム,プライム（内国株式）,精密機器
7771,2026-09-29,259.0,-0.0038,-0.0038,-0.0717,-0.1804,-0.0624,-0.2039,266.12,289.5867,False,-0.0268,0.2755,940.0,83.0,0.0292,0.3693,25900.0,1.1591,0.4094,日本精密,スタンダード（内国株式）,精密機器
7774,2026-09-29,837.0,0.0036,0.0182,-0.013,0.3413,-0.0037,0.3178,850.08,732.4133,True,-0.0154,0.9029,927.0,448.0,0.0462,0.8457,83700.0,0.7803,0.3261,ジャパン・ティッシュエンジニアリング,グロース（内国株式）,精密機器
7775,2026-09-29,418.0,0.0072,-0.0142,-0.0211,0.0097,-0.0118,-0.0139,423.9192,422.8797,False,-0.014,0.8756,477.4073,409.0,0.0078,0.0826,41800.0,1.0465,0.3952,大研医器,スタンダード（内国株式）,精密機器
7776,2026-09-29,217.0,-0.0225,-0.0269,-0.0606,0.0046,-0.0513,-0.0189,225.92,222.0667,False,-0.0395,0.4189,518.0,200.0,0.03,0.3241,21700.0,0.6626,0.2,セルシード,グロース（内国株式）,精密機器
7777,2026-09-29,410.0,-0.0261,-0.0531,0.1326,0.1111,0.1419,0.0876,383.4,363.3867,False,0.0694,0.517,793.0,264.0,0.0624,12.6345,41000.0,2.2464,0.4145,スリー・ディー・マトリックス,グロース（内国株式）,精密機器
7779,2026-09-29,237.0,0.0,0.0441,0.026,0.0085,0.0353,-0.015,229.72,235.04,False,0.0317,0.5643,420.0,164.0,0.0244,2.2929,23700.0,0.6424,0.3284,ＣＹＢＥＲＤＹＮＥ,グロース（内国株式）,精密機器
7780,2026-09-29,1717.0,-0.0239,-0.0354,-0.0823,0.035,-0.073,0.0114,1815.6,1765.44,True,-0.0543,0.8231,2086.0,1072.8732,0.0265,4.7459,171700.0,1.1501,0.3445,メニコン,プライム（内国株式）,精密機器
7781,2026-09-29,876.0,-0.0034,-0.0045,0.0011,0.1918,0.0105,0.1683,879.88,811.9682,True,-0.0044,0.9574,915.0,517.7037,0.0201,0.1566,87600.0,0.668,0.2947,平山ホールディングス,スタンダード（内国株式）,精密機器
7782,2026-09-29,500.0,0.0246,0.0246,0.0638,0.1013,0.0731,0.0778,484.2,470.9333,True,0.0326,0.8585,582.4321,420.0,0.0134,0.0187,50000.0,1.1319,0.2979,シンシア,スタンダード（内国株式）,精密機器
7791,2026-09-29,828.0,0.0222,0.0,0.0012,0.0311,0.0105,0.0076,826.6009,819.9203,True,0.0017,0.9156,904.2992,767.4323,0.0114,0.0203,82800.0,0.9974,0.3058,ドリームベッド,スタンダード（内国株式）,その他製品
7792,2026-09-29,1457.0,0.0182,-0.0241,-0.0189,0.0083,-0.0095,-0.0152,1473.0062,1457.4021,True,-0.0109,0.9129,1596.0,1350.0,0.015,0.2106,145700.0,1.7268,0.419,コラントッテ,グロース（内国株式）,その他製品
7793,2026-09-29,1593.0,-0.0142,0.0337,0.0412,0.1756,0.0505,0.1521,1534.8,1434.72,False,0.0379,0.8433,1888.9932,1324.0,0.0168,0.0269,159300.0,1.1914,0.6235,イメージ・マジック,グロース（内国株式）,その他製品
7794,2026-09-29,1005.0,-0.002,0.0318,-0.0059,-0.1836,0.0034,-0.2071,989.28,1004.3333,False,0.0159,0.3242,3100.0,360.0,0.0434,3.0853,100500.0,0.5759,0.2383,イーディーピー,グロース（内国株式）,その他製品
7795,2026-09-29,213.0,-0.0184,-0.0274,-0.0533,0.065,-0.044,0.0415,221.2014,209.5871,True,-0.0371,0.818,260.3913,179.8174,0.0231,0.1135,21300.0,0.6545,0.2035,ＫＹＯＲＩＴＳＵ,スタンダード（内国株式）,その他製品
7800,2026-09-29,978.0,0.0349,0.0051,-0.022,0.0819,-0.0127,0.0583,988.5778,948.4859,True,-0.0107,0.5605,1745.0,576.0,0.0196,0.0978,97800.0,0.5753,0.251,アミファ,スタンダード（内国株式）,その他製品
7803,2026-09-29,428.0,-0.0047,-0.1301,0.0594,0.5451,0.0687,0.5216,442.24,375.2481,True,-0.0322,0.8492,504.0,234.7299,0.0471,6.8729,42800.0,1.0412,0.3922,ブシロード,グロース（内国株式）,その他製品
7804,2026-09-29,2468.0,0.0094,0.0249,0.0565,0.1057,0.0658,0.0822,2384.4,2286.5067,True,0.0351,0.8955,2755.9767,2091.0,0.0101,0.0856,246800.0,1.8508,0.436,ビーアンドピー,スタンダード（内国株式）,その他製品
7805,2026-09-29,703.0,-0.0042,-0.0154,-0.0209,-0.0354,-0.0116,-0.0589,714.693,729.9415,False,-0.0164,0.9106,772.0219,622.725,0.0085,0.1006,70300.0,0.4295,0.2833,プリントネット,スタンダード（内国株式）,その他製品
7806,2026-09-29,8040.0,-0.0004,0.0229,-0.1007,0.0777,-0.0914,0.0542,8356.2849,7890.895,True,-0.0378,0.8553,9400.0,3500.0,0.0435,13.8743,804000.0,1.0868,0.3091,ＭＴＧ,グロース（内国株式）,その他製品
7807,2026-09-29,882.0,-0.0056,0.0376,-0.0045,0.0902,0.0048,0.0667,866.44,848.24,True,0.018,0.9855,895.0,777.4603,0.0134,0.015,88200.0,0.9414,0.4892,幸和製作所,スタンダード（内国株式）,その他製品
7808,2026-09-29,2624.0,-0.0172,-0.0274,-0.0321,0.0413,-0.0228,0.0177,2720.84,2652.48,True,-0.0356,0.7901,3320.9773,2490.0,0.0066,0.0341,262400.0,1.5182,0.9353,シー・エス・ランバー,スタンダード（内国株式）,その他製品
7809,2026-09-29,1327.0,0.0053,0.003,0.0038,0.0038,0.0131,-0.0198,1323.08,1318.8745,True,0.003,0.7494,1770.8577,1261.168,0.0046,0.0474,132700.0,0.669,0.1812,壽屋,スタンダード（内国株式）,その他製品
7810,2026-09-29,152.0,-0.013,0.0,-0.1264,-0.0279,-0.1171,-0.0514,159.88,155.9009,False,-0.0493,0.3732,407.3376,140.4269,0.0428,0.58,15200.0,0.3495,0.5077,クロスフォー,スタンダード（内国株式）,その他製品
7811,2026-09-29,2280.0,-0.0256,0.0,0.185,0.216,0.1943,0.1924,2058.5417,1936.3008,True,0.1076,0.9702,2350.0,1634.0855,0.0247,0.7451,228000.0,2.3117,0.7337,中本パックス,スタンダード（内国株式）,その他製品
7813,2026-09-29,881.0,-0.0034,-0.035,0.0069,-0.0101,0.0162,-0.0337,892.96,869.274,True,-0.0134,0.9251,952.2919,749.5522,0.0254,0.0309,88100.0,0.9932,0.3086,プラッツ,スタンダード（内国株式）,その他製品
7814,2026-09-29,602.0,0.0147,0.0033,-0.0322,-0.071,-0.0228,-0.0945,615.3905,619.4404,True,-0.0218,0.6805,884.5948,528.8131,0.0111,0.0826,60200.0,0.4237,0.2207,日本創発グループ,スタンダード（内国株式）,その他製品
7815,2026-09-29,349.0,-0.0057,-0.0029,-0.0593,-0.0959,-0.05,-0.1194,351.56,335.68,True,-0.0073,0.495,705.0,221.0,0.0411,0.0159,34900.0,0.0806,0.3343,東京ボード工業,スタンダード（内国株式）,その他製品
7818,2026-09-29,1203.0,-0.018,-0.0235,0.0,-0.1198,0.0093,-0.1434,1193.6726,1240.1598,False,0.0078,0.8581,1401.8752,971.9538,0.0193,1.8941,120300.0,0.7602,0.4265,トランザクション,プライム（内国株式）,その他製品
7819,2026-09-29,955.0,0.0016,-0.0354,-0.045,0.0803,-0.0357,0.0568,994.3507,935.1569,True,-0.0396,0.724,1318.9845,779.7584,0.0231,0.3196,95500.0,1.1668,0.4214,粧美堂,スタンダード（内国株式）,その他製品
7820,2026-09-29,697.0,-0.0014,-0.0197,-0.0346,-0.036,-0.0253,-0.0595,707.681,712.8137,False,-0.0151,0.8192,850.7852,691.176,0.0085,0.3058,69700.0,0.8025,0.3529,ニホンフラッシュ,プライム（内国株式）,その他製品
7821,2026-09-29,1919.0,-0.0139,-0.0391,-0.0625,0.0903,-0.0532,0.0668,1987.24,1906.5406,True,-0.0343,0.8642,2220.6504,1698.4359,0.0194,2.3401,191900.0,0.8738,0.2816,前田工繊,プライム（内国株式）,その他製品
7822,2026-09-29,256.0,0.0079,-0.0078,0.0,0.0711,0.0093,0.0476,256.0385,247.6395,True,-0.0002,0.9612,266.3333,218.3542,0.0134,0.0754,25600.0,0.8106,0.2924,永大産業,スタンダード（内国株式）,その他製品
7823,2026-09-29,798.0,-0.0136,-0.0351,-0.0849,-0.0753,-0.0755,-0.0989,840.2807,851.5469,True,-0.0503,0.8769,910.0,769.7758,0.0168,0.7578,79800.0,1.6137,0.3283,アートネイチャー,スタンダード（内国株式）,その他製品
7826,2026-09-29,11010.0,-0.0291,0.1076,0.2046,0.3593,0.2139,0.3357,10102.0,8529.6852,True,0.0899,0.9268,11880.0,2619.4543,0.0655,63.5535,1101000.0,1.0015,0.2842,フルヤ金属,プライム（内国株式）,その他製品
7827,2026-09-29,1806.0,-0.0044,0.0256,0.0356,0.1128,0.0449,0.0892,1751.72,1673.4933,True,0.031,0.9767,1849.0,1431.0,0.0137,0.0667,180600.0,2.3475,0.468,オービス,スタンダード（内国株式）,その他製品
7831,2026-09-29,66.0,0.0,0.0,-0.0149,0.0,-0.0056,-0.0235,66.72,67.2133,False,-0.0108,0.55,120.0,62.0,0.0216,0.0149,6600.0,0.7073,0.14,ウイルコホールディングス,スタンダード（内国株式）,その他製品
7832,2026-09-29,5631.0,0.0183,-0.0035,0.0034,0.4881,0.0127,0.4646,5542.4544,4697.3781,True,0.016,0.9626,5850.0,3530.0,0.0304,148.5883,563100.0,0.8943,0.2827,バンダイナムコホールディングス,プライム（内国株式）,その他製品
7833,2026-09-29,684.0,0.0,0.0103,0.0507,0.0823,0.06,0.0587,671.12,649.0667,True,0.0192,0.948,721.5502,604.0,0.0135,0.0392,68400.0,1.09,0.2822,アイフィスジャパン,スタンダード（内国株式）,その他製品
7836,2026-09-29,74.0,0.0137,0.0137,-0.039,-0.0864,-0.0296,-0.11,76.0,78.92,False,-0.0263,0.6789,109.0,72.0,0.0193,0.0477,7400.0,1.2224,0.28,アビックス,スタンダード（内国株式）,その他製品
7837,2026-09-29,347.0,0.0058,-0.0114,0.0389,0.1605,0.0482,0.137,341.36,333.28,True,0.0165,0.4035,860.0,291.0,0.0218,0.0071,34700.0,0.4273,0.4094,アールシーコア,スタンダード（内国株式）,その他製品
7839,2026-09-29,2087.0,-0.0029,-0.0179,-0.0048,0.1771,0.0045,0.1536,2086.7334,1959.0045,True,0.0001,0.9739,2143.0,1551.0,0.018,4.6885,208700.0,1.1842,0.2848,ＳＨＯＥＩ,プライム（内国株式）,その他製品
7840,2026-09-29,1264.0,-0.0209,-0.0373,-0.0277,0.0268,-0.0184,0.0033,1297.1216,1268.4672,True,-0.0255,0.924,1368.0,1175.0,0.0117,0.4051,126400.0,1.0158,0.3439,フランスベッドホールディングス,プライム（内国株式）,その他製品
7841,2026-09-29,1083.0,-0.0082,-0.0018,-0.0137,0.0037,-0.0043,-0.0198,1087.52,1090.72,True,-0.0042,0.8046,1346.0,1040.0,0.0145,0.1411,108300.0,0.3806,0.3564,遠藤製作所,スタンダード（内国株式）,その他製品
7844,2026-09-29,535.0,-0.0037,-0.0111,0.047,0.2678,0.0563,0.2442,521.56,477.04,True,0.0258,0.8851,604.4351,407.0,0.0239,0.9536,53500.0,1.1812,0.3441,マーベラス,プライム（内国株式）,情報・通信業
7846,2026-09-29,2127.0,-0.0012,-0.0091,0.0444,0.259,0.0538,0.2354,2083.84,1875.6966,True,0.0207,0.9802,2170.0,1458.9318,0.0213,8.4998,212700.0,1.1812,0.4284,パイロットコーポレーション,プライム（内国株式）,その他製品
7847,2026-09-29,687.0,-0.0043,0.0635,0.0238,0.1402,0.0332,0.1166,652.042,629.6374,True,0.0536,0.9857,697.0,581.0116,0.0171,0.046,68700.0,1.2978,0.6232,グラファイトデザイン,スタンダード（内国株式）,その他製品
7849,2026-09-29,3020.0,0.0067,0.01,-0.0274,-0.075,-0.0181,-0.0986,3033.0,3189.0709,False,-0.0043,0.7014,4305.8749,2911.0,0.0101,0.0577,302000.0,0.8822,0.3107,スターツ出版,スタンダード（内国株式）,情報・通信業
7850,2026-09-29,800.0,0.0025,0.0101,-0.0123,-0.072,-0.003,-0.0956,806.68,832.9139,False,-0.0083,0.9011,887.8186,791.0,0.0095,0.0218,80000.0,0.802,0.3302,総合商研,スタンダード（内国株式）,その他製品
7856,2026-09-29,2058.0,-0.0134,0.0024,0.0889,0.1965,0.0982,0.173,1957.92,1832.6133,True,0.0511,0.9754,2110.0,1510.9115,0.0259,2.4987,205800.0,1.0945,0.2158,萩原工業,プライム（内国株式）,その他製品
7859,2026-09-29,256.0,-0.0519,-0.1172,0.0579,0.0894,0.0672,0.0658,265.44,244.2667,False,-0.0356,0.6938,369.0,149.2308,0.0502,0.3318,25600.0,0.769,0.3344,アルメディオ,スタンダード（内国株式）,その他製品
7860,2026-09-29,1226.0,-0.0113,-0.0414,-0.0437,0.0217,-0.0344,-0.0019,1267.7121,1249.0774,True,-0.0329,0.9008,1361.0,1132.2725,0.0159,1.3577,122600.0,0.719,0.3382,エイベックス,プライム（内国株式）,情報・通信業
7863,2026-09-29,946.0,0.0064,0.015,0.0021,0.0021,0.0114,-0.0214,941.76,953.12,False,0.0045,0.7574,1249.0732,860.0,0.0087,0.0068,94600.0,1.4831,0.2313,平賀,スタンダード（内国株式）,その他製品
7864,2026-09-29,3310.0,-0.0081,-0.025,0.0015,0.1692,0.0108,0.1457,3308.0324,3093.3175,True,0.0006,0.9682,3418.8309,2460.0,0.0177,4.3521,331000.0,1.0468,0.4091,フジシールインターナショナル,プライム（内国株式）,その他製品
7865,2026-09-29,331.0,-0.0119,-0.003,-0.0434,-0.0119,-0.034,-0.0355,337.92,338.5467,False,-0.0205,0.6341,522.0,324.0,0.0101,0.0164,33100.0,0.9313,0.3574,ピープル,スタンダード（内国株式）,その他製品
7867,2026-09-29,4152.0,0.0217,0.0295,0.1329,0.3032,0.1422,0.2797,3775.8205,3490.5602,True,0.0996,0.9947,4174.0,2496.0,0.0271,25.7786,415200.0,1.4287,0.5766,タカラトミー,プライム（内国株式）,その他製品
7868,2026-09-29,536.0,0.0031,0.0056,-0.0394,-0.048,-0.0301,-0.0715,541.6776,533.5192,False,-0.0105,0.7118,753.0,404.3146,0.0268,1.7702,53600.0,0.6587,0.348,広済堂ホールディングス,プライム（内国株式）,その他製品
7871,2026-09-29,1010.0,0.0075,0.007,-0.0049,0.1185,0.0044,0.095,1010.1727,961.9376,True,-0.0002,0.7498,1347.0,836.8711,0.0164,0.0562,101000.0,0.6414,0.1823,フクビ化学工業,スタンダード（内国株式）,化学
7872,2026-09-29,615.0,-0.0016,-0.0049,-0.0065,0.0319,0.0029,0.0083,617.16,608.08,True,-0.0035,0.9857,623.9235,552.1531,0.0053,0.022,61500.0,1.0613,0.4261,エステールホールディングス,スタンダード（内国株式）,その他製品
7874,2026-09-29,948.0,-0.0115,-0.0277,-0.0084,0.0249,0.0009,0.0013,961.0394,955.0265,True,-0.0136,0.771,1229.5031,857.0,0.0174,0.6943,94800.0,1.1046,0.3506,レック,プライム（内国株式）,化学
7875,2026-09-29,866.0,0.0141,0.0446,0.0665,-0.0248,0.0758,-0.0483,818.0039,828.9213,True,0.0587,0.7746,1118.0,488.9815,0.0227,0.1807,86600.0,0.987,0.4059,竹田ｉＰホールディングス,スタンダード（内国株式）,その他製品
7878,2026-09-29,1148.0,-0.0078,-0.0188,-0.2169,-0.2148,-0.2076,-0.2383,1367.6,1386.1867,True,-0.1606,0.6064,1893.0,841.0,0.0706,0.1508,114800.0,2.2657,0.5945,光・彩,スタンダード（内国株式）,その他製品
7879,2026-09-29,670.0,-0.0089,-0.0074,-0.0089,0.0568,0.0004,0.0332,674.32,656.7867,True,-0.0064,0.9466,707.795,634.0,0.0088,0.0434,67000.0,0.733,0.2024,ノダ,スタンダード（内国株式）,その他製品
7883,2026-09-29,487.0,-0.047,0.2175,0.2084,0.2584,0.2178,0.2349,412.0435,398.2812,True,0.1819,0.8687,560.6117,337.3658,0.0362,0.3873,48700.0,5.0278,0.9397,サンメッセ,スタンダード（内国株式）,その他製品
7885,2026-09-29,1075.0,-0.028,-0.052,-0.047,-0.0009,-0.0377,-0.0245,1132.88,1104.4667,False,-0.0511,0.6266,1715.4941,726.6547,0.0207,0.1487,107500.0,1.0629,0.4622,タカノ,スタンダード（内国株式）,その他製品
7886,2026-09-29,568.0,-0.0373,-0.0087,-0.1235,-0.1839,-0.1141,-0.2075,617.4,671.9467,True,-0.08,0.5145,1104.0,504.0,0.037,0.029,56800.0,0.4995,0.2286,ヤマト　モビリティ　＆　Ｍｆｇ．,スタンダード（内国株式）,化学
7887,2026-09-29,1531.0,-0.0058,-0.0173,-0.0007,0.0537,0.0087,0.0301,1560.16,1530.5067,False,-0.0187,0.5819,2631.0949,1399.9781,0.011,0.0414,153100.0,1.0296,0.3085,南海プライウッド,スタンダード（内国株式）,その他製品
7888,2026-09-29,921.0,0.0132,0.0199,0.0121,0.2199,0.0214,0.1963,896.96,866.88,True,0.0268,0.8612,1069.4017,746.0,0.0187,0.8895,92100.0,0.6369,0.4705,三光合成,プライム（内国株式）,化学
7893,2026-09-29,1072.0,-0.0183,-0.0429,-0.058,-0.0201,-0.0487,-0.0437,1114.0353,1115.4384,True,-0.0377,0.878,1221.0,1019.0,0.0142,0.5773,107200.0,1.199,0.3542,プロネクサス,プライム（内国株式）,その他製品
7896,2026-09-29,505.0,0.0285,0.002,-0.0098,-0.0059,-0.0005,-0.0294,505.4376,503.5725,True,-0.0009,0.8908,566.9126,484.3811,0.0079,0.0063,50500.0,1.0253,0.4762,セブン工業,スタンダード（内国株式）,その他製品
7897,2026-09-29,118.0,-0.1324,0.1028,0.0826,0.1919,0.0919,0.1684,108.28,103.52,True,0.0898,0.7973,148.0,96.0,0.0478,1.0567,11800.0,4.1287,0.7797,ホクシン,スタンダード（内国株式）,その他製品
7898,2026-09-29,937.0,0.0108,0.0119,-0.0095,0.1063,-0.0002,0.0827,927.482,899.1073,True,0.0103,0.8468,1106.5599,815.1,0.0187,0.0534,93700.0,1.0945,0.2566,ウッドワン,スタンダード（内国株式）,その他製品
7901,2026-09-29,802.0,0.0,0.0456,-0.0718,0.0152,-0.0624,-0.0084,833.8,811.4133,False,-0.0381,0.2841,2823.0,647.0,0.0359,0.0317,80200.0,1.5439,0.4968,マツモト,スタンダード（内国株式）,その他製品
7902,2026-09-29,1102.0,-0.0282,0.0064,-0.0299,0.0495,-0.0206,0.026,1113.16,1098.4267,True,-0.01,0.7793,1414.0,840.3155,0.0122,0.0169,110200.0,1.0816,0.35,ソノコム,スタンダード（内国株式）,その他製品
7906,2026-09-29,2313.0,-0.0166,-0.0286,-0.168,0.0009,-0.1587,-0.0227,2546.3813,2514.8071,True,-0.0917,0.5543,4172.844,2181.0,0.0344,10.5281,231300.0,0.8073,0.2011,ヨネックス,スタンダード（内国株式）,その他製品
7908,2026-09-29,244.0,0.0124,0.0041,0.0209,0.0609,0.0302,0.0373,239.7575,236.3458,True,0.0177,0.8228,296.5572,219.0,0.0164,0.2273,24400.0,1.0475,0.3256,きもと,スタンダード（内国株式）,化学
7911,2026-09-29,2339.5,-0.0222,-0.4974,-0.5322,-0.5417,-0.5229,-0.5653,4528.8633,4755.1544,False,-0.4834,0.3973,5888.9399,2312.5,0.1279,74.2543,233950.0,1.2308,0.8832,ＴＯＰＰＡＮホールディングス,プライム（内国株式）,その他製品
7912,2026-09-29,2912.0,-0.0164,-0.0288,-0.0613,-0.0152,-0.0519,-0.0388,3049.6321,3021.2307,True,-0.0451,0.8656,3364.0,2417.0652,0.0221,43.1695,291200.0,1.0038,0.2627,大日本印刷,プライム（内国株式）,その他製品
7914,2026-09-29,1714.0,-0.0155,-0.0441,-0.0155,0.0876,-0.0062,0.064,1748.4499,1660.7633,True,-0.0197,0.9522,1800.0,1366.7457,0.0166,1.222,171400.0,1.1091,0.3135,共同印刷,プライム（内国株式）,その他製品
7915,2026-09-29,1158.0,-0.0128,-0.05,-0.1079,-0.151,-0.0985,-0.1746,1226.2,1302.366,False,-0.0556,0.6894,1679.7666,1075.6176,0.0212,3.1276,115800.0,1.0262,0.351,ＮＩＳＳＨＡ,プライム（内国株式）,その他製品
7916,2026-09-29,1865.0,-0.0337,-0.021,-0.0184,0.0275,-0.0091,0.004,1899.08,1860.8533,True,-0.0179,0.9325,2000.0,1415.4619,0.016,0.0379,186500.0,1.9675,0.4277,光村印刷,スタンダード（内国株式）,その他製品
7917,2026-09-29,1225.0,-0.0024,-0.0247,-0.0331,-0.1104,-0.0238,-0.1339,1251.0261,1307.9954,False,-0.0208,0.8021,1527.1593,997.6861,0.0176,1.516,122500.0,0.7751,0.3299,ＺＡＣＲＯＳ,プライム（内国株式）,化学
7918,2026-09-29,105.0,-0.0094,-0.0094,-0.0094,-0.0455,-0.0001,-0.069,106.48,106.56,True,-0.0139,0.8015,131.0,95.0,0.0136,0.0441,10500.0,0.6564,0.21,ヴィア・ホールディングス,スタンダード（内国株式）,小売業
7919,2026-09-29,224.0,-0.0188,-0.0088,-0.0132,0.1915,-0.0039,0.1679,226.2416,208.2939,True,-0.0099,0.9697,231.0,181.5714,0.0157,0.0248,22400.0,0.6507,0.2252,野崎印刷紙業,スタンダード（内国株式）,その他製品
7921,2026-09-29,4225.0,0.033,0.012,-0.0197,0.3162,-0.0104,0.2927,4185.0,3945.2,True,0.0096,0.8984,4702.7882,2783.0,0.0191,0.9722,422500.0,0.6667,0.4584,ＴＡＫＡＲＡ　＆　ＣＯＭＰＡＮＹ,プライム（内国株式）,その他製品
7927,2026-09-29,2350.0,0.0073,-0.0047,0.0298,0.0692,0.0391,0.0456,2298.1678,2258.8293,True,0.0226,0.9873,2380.3308,1570.2506,0.0158,0.4124,235000.0,1.2521,0.2877,ムトー精工,スタンダード（内国株式）,化学
7928,2026-09-29,615.0,0.0033,-0.0016,-0.0639,0.0011,-0.0546,-0.0224,623.2888,621.6266,True,-0.0133,0.9361,657.0,564.0413,0.0055,0.0273,61500.0,0.3752,0.2383,旭化学工業,スタンダード（内国株式）,化学
7931,2026-09-29,3565.0,-0.0299,-0.0219,-0.0339,0.1556,-0.0246,0.132,3651.1161,3399.4654,True,-0.0236,0.9308,3830.0,2800.0,0.0251,0.9106,356500.0,1.0317,0.2604,未来工業,プライム（内国株式）,化学
7932,2026-09-29,11310.0,-0.0148,-0.0157,-0.052,-0.0543,-0.0427,-0.0779,11659.2,11812.5333,False,-0.03,0.8139,13895.8287,11021.8105,0.0113,0.6586,1131000.0,0.9342,0.2425,ニッピ,スタンダード（内国株式）,その他製品
7936,2026-09-29,4101.0,-0.0161,0.001,-0.0819,-0.0626,-0.0726,-0.0862,4260.24,4544.9971,False,-0.0374,0.7539,5440.0,3474.8869,0.0296,237.6695,410100.0,0.988,0.2385,アシックス,プライム（内国株式）,その他製品
7937,2026-09-29,2491.0,-0.0158,-0.0266,-0.0774,-0.0258,-0.0681,-0.0494,2601.2666,2610.0355,False,-0.0424,0.7379,3375.705,2145.5999,0.0147,0.3601,249100.0,0.9554,0.2161,ツツミ,スタンダード（内国株式）,その他製品
7938,2026-09-29,2123.0,-0.0047,0.0066,-0.0176,0.0246,-0.0083,0.0011,2138.2,2142.5733,True,-0.0071,0.8797,2413.2113,2040.0,0.008,0.0515,212300.0,1.3349,0.3163,リーガルコーポレーション,スタンダード（内国株式）,その他製品
7939,2026-09-29,594.0,-0.01,-0.01,-0.0133,0.0102,-0.004,-0.0133,602.28,594.76,True,-0.0137,0.9504,625.0,515.2332,0.007,0.0064,59400.0,0.6844,0.3138,研創,スタンダード（内国株式）,その他製品
7942,2026-09-29,2984.0,0.003,-0.0152,-0.0451,0.1979,-0.0358,0.1744,3002.5633,2762.0278,True,-0.0062,0.921,3240.0,1809.58,0.0229,1.7999,298400.0,0.9667,0.3743,ＪＳＰ,プライム（内国株式）,化学
7943,2026-09-29,2916.0,-0.0169,-0.0502,-0.0654,-0.0424,-0.0561,-0.0659,3033.6504,3044.1235,True,-0.0388,0.7943,3671.1635,2619.4512,0.0203,1.8147,291600.0,1.0083,0.3266,ニチハ,プライム（内国株式）,ガラス・土石製品
7944,2026-09-29,3675.0,-0.0161,-0.0278,-0.0392,-0.1102,-0.0299,-0.1337,3773.0,4043.0994,False,-0.026,0.7963,4615.0,3082.9721,0.0191,3.2021,367500.0,0.5634,0.3127,ローランド,プライム（内国株式）,その他製品
7946,2026-09-29,327.0,-0.0411,-0.0992,0.0031,-0.0763,0.0124,-0.0998,359.32,354.0667,False,-0.0899,0.0701,4661.6529,312.0,0.0441,0.0968,32700.0,0.4857,0.4366,光陽社,スタンダード（内国株式）,その他製品
7947,2026-09-29,2765.0,-0.0056,-0.0369,-0.0129,0.0655,-0.0035,0.042,2810.3301,2671.4567,True,-0.0161,0.9551,2895.0,2243.0,0.0196,5.3435,276500.0,0.8106,0.3023,エフピコ,プライム（内国株式）,化学
7949,2026-09-29,2744.0,-0.0083,-0.0402,-0.0389,0.0795,-0.0296,0.0559,2815.8345,2688.5848,True,-0.0255,0.9186,2987.0359,2373.0341,0.0142,1.4628,274400.0,1.0994,0.3291,小松ウオール工業,プライム（内国株式）,その他製品
7951,2026-09-29,1219.5,-0.0145,-0.0506,-0.0782,0.0674,-0.0689,0.0439,1281.8558,1235.9919,True,-0.0486,0.8516,1432.0,951.9051,0.0236,28.2708,121950.0,0.9502,0.3041,ヤマハ,プライム（内国株式）,その他製品
7952,2026-09-29,3365.0,0.0,0.006,-0.033,0.0467,-0.0237,0.0231,3387.8,3347.2667,True,-0.0067,0.9132,3685.0,2311.6895,0.0295,0.5343,336500.0,0.8712,0.2871,河合楽器製作所,プライム（内国株式）,その他製品
7953,2026-09-29,403.0,0.01,0.005,0.0075,0.0413,0.0168,0.0178,400.5607,392.0136,True,0.0061,0.9951,405.0,362.7,0.009,0.0424,40300.0,1.2424,0.2737,菊水化学工業,スタンダード（内国株式）,その他製品
7955,2026-09-29,932.0,-0.0231,-0.0362,-0.0548,0.0242,-0.0455,0.0006,972.2059,939.1353,True,-0.0414,0.8621,1081.1429,731.5342,0.017,0.3968,93200.0,0.7902,0.2769,クリナップ,プライム（内国株式）,その他製品
7956,2026-09-29,2023.5,-0.0078,0.0102,-0.0466,-0.0227,-0.0373,-0.0462,2045.28,2030.95,True,-0.0106,0.9208,2197.5,1503.5092,0.0223,20.137,202350.0,1.0034,0.4076,ピジョン,プライム（内国株式）,その他製品
7957,2026-09-29,2377.0,-0.0262,-0.0762,-0.0623,0.3982,-0.053,0.3747,2558.12,2124.64,True,-0.0708,0.834,2850.0,1374.0,0.021,0.8354,237700.0,3.4046,0.576,フジコピアン,スタンダード（内国株式）,その他製品
7962,2026-09-29,786.0,-0.0224,-0.0212,-0.0308,0.0329,-0.0215,0.0093,800.4,793.3368,True,-0.018,0.934,841.5332,759.0,0.0115,0.2047,78600.0,0.8267,0.2315,キングジム,プライム（内国株式）,その他製品
7963,2026-09-29,1807.0,0.0056,0.0061,-0.0071,0.0549,0.0022,0.0313,1811.76,1786.2133,False,-0.0026,0.7918,2282.0,1671.0,0.0113,0.0462,180700.0,0.8494,0.2634,興研,スタンダード（内国株式）,その他製品
7965,2026-09-29,1446.0,-0.0103,-0.0203,-0.0328,0.084,-0.0235,0.0604,1464.88,1435.24,False,-0.0129,0.8362,1729.3259,1322.0,0.0129,1.534,144600.0,0.5816,0.2575,象印マホービン,プライム（内国株式）,電気機器
7966,2026-09-29,5890.0,0.0226,0.0632,0.0575,-0.1693,0.0668,-0.1928,5474.4742,6096.0247,False,0.0759,0.8003,7360.0,3460.8474,0.035,89.7079,589000.0,1.3066,0.432,リンテック,プライム（内国株式）,その他製品
7970,2026-09-29,2355.0,0.0094,0.0457,0.0495,-0.0192,0.0588,-0.0427,2238.509,2302.4497,False,0.052,0.9246,2547.0,1786.3186,0.0187,2.4797,235500.0,0.5903,0.48,信越ポリマー,プライム（内国株式）,化学
7971,2026-09-29,675.0,-0.0088,-0.0343,-0.0426,0.0015,-0.0332,-0.0221,701.3171,673.2124,True,-0.0375,0.8507,793.4501,531.8625,0.0146,0.5816,67500.0,0.7142,0.3542,東リ,スタンダード（内国株式）,化学
7972,2026-09-29,2450.0,-0.0097,-0.032,-0.0559,-0.073,-0.0466,-0.0966,2528.84,2641.12,False,-0.0312,0.6631,3695.0,2136.01,0.0196,4.319,245000.0,0.9185,0.363,イトーキ,プライム（内国株式）,その他製品
7974,2026-09-29,7896.0,-0.0129,-0.0683,-0.0953,0.1586,-0.086,0.1351,8521.4,7794.36,True,-0.0734,0.5503,14348.9891,6544.0,0.0338,677.2018,789600.0,0.8062,0.2442,任天堂,プライム（内国株式）,その他製品
7975,2026-09-29,1178.0,-0.0183,0.0217,0.0173,0.0887,0.0266,0.0652,1162.68,1119.5467,True,0.0132,0.8911,1322.0,1057.0,0.0119,0.0265,117800.0,1.1296,0.4264,リヒトラブ,スタンダード（内国株式）,その他製品
7976,2026-09-29,3445.0,0.0192,0.0439,0.1314,0.2764,0.1407,0.2529,3175.72,2850.7978,True,0.0848,0.9957,3460.0,1961.5361,0.0216,3.258,344500.0,0.9466,0.4779,三菱鉛筆,プライム（内国株式）,その他製品
7979,2026-09-29,2215.0,-0.0199,-0.0268,-0.044,0.0949,-0.0347,0.0714,2268.6231,2177.5944,True,-0.0236,0.9153,2420.0,1618.1381,0.0208,1.5151,221500.0,0.7807,0.3339,松風,プライム（内国株式）,精密機器
7980,2026-09-29,842.0,-0.0221,-0.0333,-0.0106,0.0591,-0.0013,0.0356,854.16,829.8,False,-0.0142,0.6349,1326.1271,754.1301,0.0294,0.2209,84200.0,2.2371,0.3561,重松製作所,スタンダード（内国株式）,その他製品
7981,2026-09-29,3030.0,-0.0156,-0.0257,-0.0273,-0.0226,-0.018,-0.0461,3097.1837,3073.8079,True,-0.0217,0.9099,3330.0,2360.1484,0.0171,3.2449,303000.0,0.8181,0.2224,タカラスタンダード,プライム（内国株式）,その他製品
7983,2026-09-29,1158.0,-0.0077,-0.0269,-0.1037,0.0873,-0.0944,0.0638,1196.32,1097.7067,True,-0.032,0.7361,1573.0701,1010.0,0.0171,0.047,115800.0,0.3778,0.4381,ミロク,スタンダード（内国株式）,その他製品
7984,2026-09-29,874.2,-0.0184,-0.0387,-0.0242,0.0976,-0.0149,0.074,904.348,864.3488,True,-0.0333,0.91,960.6979,755.1578,0.0184,8.3315,87420.0012,0.899,0.2858,コクヨ,プライム（内国株式）,その他製品
7986,2026-09-29,1900.0,-0.0155,-0.014,-0.0161,0.0326,-0.0067,0.0091,1916.28,1878.96,True,-0.0085,0.9183,2069.0,1622.2222,0.0053,0.0118,190000.0,0.9123,0.55,日本アイ・エス・ケイ,スタンダード（内国株式）,その他製品
7987,2026-09-29,556.0,-0.0071,-0.0297,-0.0263,-0.0107,-0.017,-0.0342,563.9221,565.894,True,-0.014,0.8822,630.2252,522.4106,0.0127,0.2798,55600.0,0.9078,0.3687,ナカバヤシ,スタンダード（内国株式）,その他製品
7988,2026-09-29,2367.0,-0.0084,-0.5226,-0.5323,-0.5103,-0.523,-0.5339,4596.065,4822.2483,True,-0.485,0.4304,5500.0,2350.0,0.1122,14.3145,236700.0,1.1373,1.0112,ニフコ,プライム（内国株式）,化学
7989,2026-09-29,2660.0,-0.0089,-0.0195,-0.0231,0.0752,-0.0138,0.0516,2683.36,2585.7706,True,-0.0087,0.9697,2743.0,1767.3458,0.0112,0.9018,266000.0,0.9802,0.4308,立川ブラインド工業,プライム（内国株式）,金属製品
7990,2026-09-29,2370.0,-0.017,-0.0342,-0.0455,0.0159,-0.0362,-0.0077,2431.5844,2440.1815,False,-0.0253,0.8634,2745.0,2027.0,0.0165,1.8519,237000.0,0.8685,0.3648,グローブライド,プライム（内国株式）,その他製品
7991,2026-09-29,1058.0,-0.0056,-0.0019,-0.024,0.0193,-0.0147,-0.0043,1070.84,1072.5467,False,-0.012,0.5544,1908.2319,1011.0,0.0091,0.0658,105800.0,0.476,0.2281,マミヤ・オーピー,スタンダード（内国株式）,機械
7992,2026-09-29,102.0,-0.0097,-0.0192,-0.0192,0.0,-0.0099,-0.0235,103.6,102.72,False,-0.0154,0.6623,154.0,99.0,0.0189,0.0261,10200.0,0.7035,0.1556,セーラー万年筆,スタンダード（内国株式）,その他製品
7994,2026-09-29,2262.0,-0.0111,-0.048,-0.0411,-0.0105,-0.0318,-0.034,2351.9576,2310.0259,True,-0.0382,0.8362,2705.0483,2104.4708,0.0144,5.0842,226200.0,1.044,0.3869,オカムラ,プライム（内国株式）,その他製品
7995,2026-09-29,6660.0,0.0083,0.023,-0.0277,-0.0724,-0.0184,-0.096,6560.5594,6858.5865,False,0.0152,0.7691,8660.0,3490.4057,0.0304,3.187,666000.0,0.5357,0.2684,バルカー,プライム（内国株式）,化学
7997,2026-09-29,1145.0,0.0334,0.0563,0.0419,0.1182,0.0512,0.0946,1087.88,1047.9867,True,0.0525,0.9923,1153.8655,883.0,0.0073,0.031,114500.0,1.4365,0.8017,くろがね工作所,スタンダード（内国株式）,その他製品
8001,2026-09-29,2158.0,-0.0209,-0.0895,0.0252,0.164,0.0345,0.1404,2213.2881,2026.3094,True,-0.025,0.8995,2399.0,1632.5979,0.0279,425.5954,215800.0,1.4038,0.403,伊藤忠商事,プライム（内国株式）,卸売業
8002,2026-09-29,4719.0,-0.0131,-0.06,-0.0385,0.0062,-0.0292,-0.0174,4984.6049,4972.9216,False,-0.0533,0.7533,6264.731,3445.8188,0.0271,265.6719,471900.0,1.2771,0.4025,丸紅,プライム（内国株式）,卸売業
8005,2026-09-29,1729.0,-0.008,-0.0314,-0.0644,0.062,-0.0551,0.0385,1784.455,1744.1517,True,-0.0311,0.9029,1915.0,1047.3514,0.0139,4.5458,172900.0,0.8893,0.3006,スクロール,プライム（内国株式）,小売業
8006,2026-09-29,1464.0,-0.0027,0.0027,-0.0381,0.0238,-0.0288,0.0002,1505.6836,1535.8279,True,-0.0277,0.7499,1952.2369,1338.0,0.0206,0.0382,146400.0,0.5834,0.1722,ユアサ・フナショク,スタンダード（内国株式）,卸売業
8007,2026-09-29,774.0,-0.0039,-0.0433,-0.0675,0.0118,-0.0582,-0.0118,803.8297,786.1566,True,-0.0371,0.8458,915.1176,680.0,0.0112,1.0715,77400.0,1.2789,0.4256,高島,プライム（内国株式）,卸売業
8008,2026-09-29,2074.0,-0.018,-0.0157,-0.0224,0.0877,-0.0131,0.0641,2107.7634,2019.0289,True,-0.016,0.9553,2171.0,1618.5502,0.0141,1.6826,207400.0,0.6182,0.2704,ヨンドシーホールディングス,プライム（内国株式）,小売業
8011,2026-09-29,1338.0,-0.0125,-0.0219,-0.2023,0.0172,-0.193,-0.0064,1469.2777,1439.6104,True,-0.0893,0.7005,1910.1192,976.6068,0.0318,2.573,133800.0,0.9172,0.2654,三陽商会,プライム（内国株式）,繊維製品
8012,2026-09-29,1152.0,-0.0095,-0.0103,-0.015,-0.0112,-0.0056,-0.0347,1158.6154,1178.5185,True,-0.0057,0.8817,1306.5,767.946,0.0202,10.4481,115200.0,0.9444,0.2906,長瀬産業,プライム（内国株式）,卸売業
8013,2026-09-29,380.0,0.0,0.0215,0.0556,0.1079,0.0649,0.0843,366.8,356.8133,True,0.036,0.8444,450.0,260.0,0.0137,0.018,38000.0,0.7796,0.6137,ナイガイ,スタンダード（内国株式）,繊維製品
8014,2026-09-29,4130.0,-0.006,-0.0384,-0.0339,0.0741,-0.0246,0.0506,4243.188,4043.796,True,-0.0267,0.8857,4662.812,3346.0221,0.0175,1.4271,413000.0,0.7294,0.2766,蝶理,プライム（内国株式）,卸売業
8015,2026-09-29,7104.0,-0.0306,-0.0572,-0.0591,0.1884,-0.0498,0.1648,7469.5899,6817.17,True,-0.0489,0.911,7798.0,3940.2728,0.0298,167.8933,710400.0,0.9216,0.2962,豊田通商,プライム（内国株式）,卸売業
8016,2026-09-29,712.0,-0.0056,-0.0247,-0.0681,0.0026,-0.0587,-0.0209,730.1356,728.7732,True,-0.0248,0.88,809.0564,613.9563,0.0141,5.7192,71200.0,0.8516,0.3574,オンワードホールディングス,プライム（内国株式）,繊維製品
8018,2026-09-29,819.0,-0.0279,-0.0575,-0.0859,0.0678,-0.0766,0.0443,858.2301,834.5834,False,-0.0457,0.854,959.0,627.1495,0.02,0.2844,81900.0,0.9406,0.3786,三共生興,スタンダード（内国株式）,卸売業
8020,2026-09-29,2232.0,-0.026,-0.053,-0.0013,0.0827,0.008,0.0592,2265.4985,2159.7595,True,-0.0148,0.9179,2431.6904,1464.6303,0.0219,14.3423,223200.0,1.2838,0.3101,兼松,プライム（内国株式）,卸売業
8022,2026-09-29,4040.0,-0.0199,-0.011,-0.0025,0.206,0.0068,0.1824,4057.0463,3778.1488,True,-0.0042,0.9058,4460.0,2512.9138,0.0314,9.3378,404000.0,0.871,0.3083,美津濃,プライム（内国株式）,その他製品
8023,2026-09-29,1000.0,-0.0196,-0.0431,-0.0449,0.0384,-0.0356,0.0149,1041.4232,998.3677,True,-0.0398,0.8338,1199.3948,871.0,0.0197,0.2231,100000.0,2.5141,0.3707,ＤＡＩＫＯ　ＸＴＥＣＨ,スタンダード（内国株式）,情報・通信業
8025,2026-09-29,1335.0,0.0098,0.0222,-0.0227,0.0277,-0.0134,0.0042,1321.68,1293.2133,True,0.0101,0.9539,1399.457,1181.0,0.0092,0.0127,133500.0,0.468,0.3826,ツカモトコーポレーション,スタンダード（内国株式）,卸売業
8029,2026-09-29,2714.0,-0.0048,0.0015,0.0218,0.0089,0.0312,-0.0146,2670.28,2660.9067,True,0.0164,0.9816,2765.0,2399.0,0.01,0.277,271400.0,0.8994,0.4753,ルックホールディングス,スタンダード（内国株式）,繊維製品
8030,2026-09-29,3920.0,0.0,0.0051,0.0329,0.098,0.0423,0.0745,3879.2,3684.8667,True,0.0105,0.9067,4323.3096,3264.3417,0.0119,0.0874,392000.0,0.6443,0.3206,中央魚類,スタンダード（内国株式）,卸売業
8031,2026-09-29,4829.0,-0.0246,-0.0756,-0.0199,0.0738,-0.0106,0.0503,5049.4454,4851.6685,False,-0.0437,0.7234,6675.0,3527.2803,0.0254,344.5068,482900.0,1.0361,0.3592,三井物産,プライム（内国株式）,卸売業
8032,2026-09-29,1235.0,-0.0191,-0.0352,0.0165,0.1564,0.0258,0.1328,1230.809,1163.2963,True,0.0034,0.9581,1289.0,659.1878,0.0197,2.7934,123500.0,1.1105,0.35,日本紙パルプ商事,プライム（内国株式）,卸売業
8035,2026-09-29,11505.0,0.0574,-0.7743,-0.7946,-0.8509,-0.7852,-0.8744,46904.4,59486.0,False,-0.7547,0.1416,81260.0,10221.2497,0.4187,1656.1729,1150500.0,1.895,0.9005,東京エレクトロン,プライム（内国株式）,電気機器
8037,2026-09-29,4835.0,-0.0411,-0.0482,0.0626,0.42,0.072,0.3964,4682.9602,4052.0534,True,0.0325,0.9263,5219.6049,2630.8639,0.0315,3.8214,483500.0,1.6648,0.4991,カメイ,プライム（内国株式）,卸売業
8039,2026-09-29,3495.0,0.0072,0.0087,-0.0085,0.019,0.0008,-0.0046,3502.8,3536.5333,False,-0.0022,0.8435,4143.2411,3370.0,0.0076,0.0731,349500.0,1.2899,0.2649,築地魚市場,スタンダード（内国株式）,卸売業
8040,2026-09-29,1056.0,0.0019,0.0144,0.0028,0.0343,0.0122,0.0107,1046.72,1034.8,True,0.0089,0.8444,1250.5537,871.4526,0.0074,0.011,105600.0,0.9048,0.2418,東京ソワール,スタンダード（内国株式）,繊維製品
8041,2026-09-29,4410.0,-0.0134,-0.0577,-0.0392,0.0328,-0.0299,0.0092,4606.8,4452.2,True,-0.0427,0.9274,4755.0,3539.6998,0.0133,0.1861,441000.0,1.1405,0.5293,ＯＵＧホールディングス,スタンダード（内国株式）,卸売業
8043,2026-09-29,1495.0,-0.0119,-0.0447,-0.0367,0.2458,-0.0274,0.2223,1532.9723,1374.3374,True,-0.0248,0.9268,1613.0,1080.0,0.0205,3.8001,149500.0,1.7295,0.3094,スターゼン,プライム（内国株式）,卸売業
8045,2026-09-29,2050.0,-0.0252,0.0049,0.0348,0.1093,0.0441,0.0858,2041.1415,1964.6605,True,0.0043,0.9469,2165.0,1037.7231,0.0215,0.0293,205000.0,0.8967,0.3203,横浜丸魚,スタンダード（内国株式）,卸売業
8046,2026-09-29,985.0,-0.002,-0.002,-0.0257,0.1547,-0.0164,0.1312,995.52,929.3067,True,-0.0106,0.8383,1175.0645,685.7753,0.016,0.1611,98500.0,0.9017,0.2851,丸藤シートパイル,スタンダード（内国株式）,卸売業
8050,2026-09-29,9920.0,-0.0018,0.0259,-0.1103,0.2308,-0.101,0.2072,10253.5676,8930.6559,True,-0.0325,0.8322,11920.0,3097.4265,0.0593,58.5813,992000.0,1.2657,0.3117,セイコーグループ,プライム（内国株式）,精密機器
8051,2026-09-29,1934.0,-0.0369,-0.0589,-0.0218,0.1505,-0.0124,0.127,1957.7706,1839.0035,True,-0.0121,0.9361,2066.0,1313.8398,0.0226,4.2716,193400.0,0.9996,0.4149,山善,プライム（内国株式）,卸売業
8052,2026-09-29,2940.0,0.0044,-0.0167,0.0027,0.0901,0.012,0.0666,2907.8045,2811.1082,True,0.0111,0.9584,3067.6187,2486.283,0.0164,2.5006,294000.0,1.604,0.332,椿本興業,プライム（内国株式）,卸売業
8053,2026-09-29,1734.5,-0.0189,-0.0596,-0.0089,0.1198,0.0005,0.0962,1793.9042,1681.7814,True,-0.0331,0.8923,1943.75,1027.8392,0.0273,202.0576,173450.0,0.9705,0.2695,住友商事,プライム（内国株式）,卸売業
8056,2026-09-29,4669.0,-0.0024,-0.0367,0.0028,0.0937,0.0121,0.0702,4727.3475,4579.5025,True,-0.0123,0.7394,6314.9643,4036.0,0.0231,21.015,466900.0,1.0542,0.274,ＢＩＰＲＯＧＹ,プライム（内国株式）,情報・通信業
8057,2026-09-29,2229.0,-0.0067,-0.0155,-0.0168,0.1629,-0.0074,0.1394,2247.44,2100.35,True,-0.0082,0.8949,2490.7294,1848.2716,0.0292,4.8978,222900.0,0.8418,0.4441,内田洋行,プライム（内国株式）,卸売業
8058,2026-09-29,4637.0,-0.025,-0.0687,-0.0211,0.0667,-0.0118,0.0432,4873.2225,4711.2742,False,-0.0485,0.7713,6012.0,3340.667,0.0255,416.0227,463700.0,1.0303,0.3996,三菱商事,プライム（内国株式）,卸売業
8059,2026-09-29,3525.0,-0.0051,-0.0421,-0.065,0.1557,-0.0557,0.1322,3659.4431,3408.9344,True,-0.0367,0.918,3840.0,2483.6401,0.0223,4.808,352500.0,1.2632,0.2421,第一実業,プライム（内国株式）,卸売業
8060,2026-09-29,3685.0,-0.0022,-0.0163,0.0299,0.0706,0.0392,0.0471,3654.0,3551.9295,True,0.0085,0.9463,3894.2363,2819.5705,0.0194,12.4341,368500.0,0.9191,0.2786,キヤノンマーケティングジャパン,プライム（内国株式）,卸売業
8061,2026-09-29,3015.0,-0.003,-0.0258,-0.0413,0.1048,-0.032,0.0813,3053.634,2888.9313,False,-0.0127,0.8294,3635.0,1811.2543,0.0308,3.9418,301500.0,0.621,0.3011,西華産業,プライム（内国株式）,卸売業
8065,2026-09-29,2950.0,-0.0199,-0.0359,-0.2016,0.0487,-0.1923,0.0252,3375.3281,3245.6027,True,-0.126,0.7204,4095.0,1638.5652,0.0457,5.0678,295000.0,2.3368,0.3028,佐藤商事,プライム（内国株式）,卸売業
8066,2026-09-29,3575.0,-0.005,-0.0192,0.0185,0.4164,0.0278,0.3929,3511.9785,3019.3795,True,0.0179,0.9715,3680.0,2028.7088,0.0261,0.9642,357500.0,1.0305,0.2893,三谷商事,スタンダード（内国株式）,卸売業
8070,2026-09-29,1011.0,-0.003,-0.026,0.038,0.259,0.0473,0.2355,983.8924,886.1241,True,0.0276,0.9108,1110.001,765.0,0.0225,1.0665,101100.0,1.0817,0.449,東京産業,プライム（内国株式）,卸売業
8074,2026-09-29,6250.0,-0.0153,-0.0355,-0.0234,0.1815,-0.0141,0.1579,6370.4491,5829.883,True,-0.0189,0.9484,6590.0,4753.7055,0.0249,2.2891,625000.0,1.1683,0.283,ＹＵＡＳＡ,プライム（内国株式）,卸売業
8075,2026-09-29,3135.0,-0.0035,-0.0188,0.0113,0.309,0.0206,0.2854,3109.3372,2751.7524,True,0.0083,0.9766,3210.0,2100.4859,0.0184,1.6339,313500.0,0.949,0.3647,神鋼商事,プライム（内国株式）,卸売業
8076,2026-09-29,2085.0,0.0014,-0.0197,-0.0067,0.0568,0.0026,0.0332,2106.193,2057.731,True,-0.0101,0.9553,2182.5827,1833.4476,0.016,0.1187,208500.0,1.453,0.2265,カノークス,スタンダード（内国株式）,卸売業
8077,2026-09-29,210.0,-0.0094,-0.0141,-0.0233,0.0096,-0.0139,-0.0139,213.32,209.7733,True,-0.0156,0.7866,266.9756,197.1564,0.0129,0.0252,21000.0,0.9463,0.4053,トルク,スタンダード（内国株式）,卸売業
8078,2026-09-29,1846.0,-0.0248,-0.0425,-0.0186,0.0897,-0.0093,0.0662,1901.5627,1787.4276,True,-0.0292,0.929,1987.0,1200.1977,0.0218,9.5712,184600.0,0.9673,0.2491,阪和興業,プライム（内国株式）,卸売業
8079,2026-09-29,4395.0,-0.0135,-0.019,-0.0341,0.0655,-0.0248,0.0419,4487.6,4357.2,True,-0.0206,0.9513,4620.0,3841.5654,0.0156,2.078,439500.0,1.1256,0.299,正栄食品工業,プライム（内国株式）,卸売業
8081,2026-09-29,2594.0,0.0,-0.0141,0.0035,0.0306,0.0128,0.007,2545.9231,2512.881,True,0.0189,0.9199,2820.0,1903.8226,0.0175,1.3874,259400.0,1.2141,0.4418,カナデン,プライム（内国株式）,卸売業
8084,2026-09-29,2346.0,-0.0028,-0.5173,-0.5051,-0.412,-0.4957,-0.4356,4373.926,4208.1087,True,-0.4636,0.4793,4895.0,2301.8308,0.1173,1.9159,234600.0,1.1066,0.939,ＲＹＯＤＥＮ,プライム（内国株式）,卸売業
8085,2026-09-29,4400.0,0.0103,0.0304,0.0476,0.0602,0.0569,0.0367,4236.2,4191.6,True,0.0387,0.9412,4675.0,3207.6426,0.0175,0.0977,440000.0,1.0568,0.4233,ナラサキ産業,スタンダード（内国株式）,卸売業
8086,2026-09-29,1371.0,-0.0365,-0.0692,-0.1051,-0.1304,-0.0958,-0.1539,1485.4928,1567.3176,False,-0.0771,0.7788,1760.5,1370.0,0.0194,11.5813,137100.0,1.2406,0.4054,ニプロ,プライム（内国株式）,精密機器
8088,2026-09-29,2011.5,-0.0353,-0.06,-0.0919,0.0592,-0.0826,0.0357,2153.0811,2051.267,True,-0.0658,0.8774,2292.5,1546.2143,0.0234,15.3995,201150.0,0.8307,0.3207,岩谷産業,プライム（内国株式）,卸売業
8089,2026-09-29,1930.0,-0.0052,-0.0345,-0.0233,0.0337,-0.014,0.0102,1982.9818,1921.3806,True,-0.0267,0.8023,2405.6019,1703.723,0.0131,0.0849,193000.0,2.1526,0.5042,ナイス,スタンダード（内国株式）,卸売業
8091,2026-09-29,2354.0,0.0,-0.0297,-0.0349,0.0329,-0.0255,0.0094,2407.7901,2345.81,True,-0.0223,0.8794,2676.8872,2092.0,0.0153,0.2628,235400.0,1.1052,0.2327,ニチモウ,プライム（内国株式）,卸売業
8093,2026-09-29,1761.0,-0.0123,-0.0319,-0.0419,0.0383,-0.0326,0.0148,1801.5681,1772.816,False,-0.0225,0.8071,2181.9751,1662.6905,0.0133,0.6463,176100.0,0.8929,0.3531,極東貿易,プライム（内国株式）,卸売業
8095,2026-09-29,522.0,-0.0151,-0.0057,-0.0333,0.0461,-0.024,0.0225,529.28,517.72,True,-0.0138,0.9457,552.0,441.0711,0.0137,0.452,52200.0,0.6426,0.392,アステナホールディングス,プライム（内国株式）,卸売業
8097,2026-09-29,2402.0,-0.0152,-0.0322,-0.0074,0.1493,0.0019,0.1257,2433.5576,2283.2925,True,-0.013,0.9189,2614.0,1961.3421,0.0183,2.8581,240200.0,1.2107,0.2942,三愛オブリ,プライム（内国株式）,卸売業
8098,2026-09-29,4405.0,-0.0101,-0.0403,0.0244,0.1353,0.0337,0.1118,4429.8093,4120.8031,True,-0.0056,0.9587,4595.0,3306.3389,0.0189,5.7691,440500.0,1.2781,0.2939,稲畑産業,プライム（内国株式）,卸売業
8101,2026-09-29,2551.0,-0.0188,-0.0348,-0.0714,0.0851,-0.062,0.0615,2657.84,2571.8667,True,-0.0402,0.9078,2810.0,2148.929,0.0143,0.9128,255100.0,0.9879,0.3102,ＧＳＩクレオス,プライム（内国株式）,卸売業
8103,2026-09-29,987.0,-0.0228,-0.009,0.0113,0.1254,0.0206,0.1019,978.52,928.64,True,0.0087,0.9629,1025.0,705.2204,0.0175,1.5846,98700.0,1.0117,0.4455,明和産業,プライム（内国株式）,卸売業
8104,2026-09-29,815.0,0.0,0.1415,0.1164,0.2405,0.1258,0.2169,730.08,691.4133,True,0.1163,0.9691,841.0,526.2707,0.0244,0.1163,81500.0,1.5763,0.6849,クワザワホールディングス,スタンダード（内国株式）,卸売業
8105,2026-09-29,75.0,0.0135,0.0,-0.1477,-0.5312,-0.1384,-0.5548,81.88,115.04,False,-0.084,0.0749,1001.0,73.0,0.0495,1.0755,7500.0,0.629,0.2154,Ｂｉｔｃｏｉｎ　Ｊａｐａｎ,スタンダード（内国株式）,卸売業
8107,2026-09-29,30.0,0.0,-0.0323,-0.0323,-0.0909,-0.0229,-0.1145,30.68,31.5867,False,-0.0222,0.6667,45.0,29.0,0.0333,0.0461,3000.0,1.4048,0.1,キムラタン,スタンダード（内国株式）,繊維製品
8111,2026-09-29,2099.0,-0.0182,-0.0325,-0.0327,-0.0345,-0.0234,-0.058,2131.92,2190.56,False,-0.0154,0.6648,3157.3682,2031.0,0.0169,12.7713,209900.0,1.1536,0.3221,ゴールドウイン,プライム（内国株式）,繊維製品
8113,2026-09-29,942.9,-0.0108,-0.0294,-0.0404,-0.0007,-0.0311,-0.0243,970.884,965.9496,True,-0.0288,0.8641,1091.1912,861.5989,0.0169,45.8474,94290.0024,0.8699,0.2791,ユニ・チャーム,プライム（内国株式）,化学
8115,2026-09-29,1315.0,-0.0023,-0.006,-0.003,-0.203,0.0063,-0.2266,1318.0346,1500.3182,False,-0.0023,0.7104,1851.0,1099.9138,0.011,0.022,131500.0,0.4277,0.2818,ムーンバット,スタンダード（内国株式）,卸売業
8117,2026-09-29,2120.0,0.0024,-0.032,-0.0702,0.049,-0.0609,0.0254,2175.1136,2118.6112,True,-0.0253,0.9103,2329.0,1660.5773,0.024,12.8524,212000.0,2.2545,0.3129,中央自動車工業,スタンダード（内国株式）,卸売業
8118,2026-09-29,1230.0,0.0441,0.0513,0.0259,-0.0089,0.0352,-0.0324,1189.2,1212.88,True,0.0343,0.9685,1270.0,831.8766,0.0109,0.0181,123000.0,1.2622,0.5241,キング,スタンダード（内国株式）,繊維製品
8119,2026-09-29,785.0,0.0175,-0.0063,0.0168,0.0302,0.0262,0.0066,784.6937,776.2046,True,0.0004,0.8351,940.0,750.0,0.0061,0.0175,78500.0,0.4538,0.4704,三栄コーポレーション,スタンダード（内国株式）,卸売業
8123,2026-09-29,1390.0,0.0,0.0072,-0.0266,0.0546,-0.0173,0.0311,1406.88,1363.8667,True,-0.012,0.9295,1495.4225,1262.9085,0.0081,0.0147,139000.0,1.5824,0.3745,川辺,スタンダード（内国株式）,卸売業
8125,2026-09-29,1924.0,-0.0184,-0.0263,-0.0108,0.1414,-0.0015,0.1178,1952.8722,1835.9482,True,-0.0148,0.9636,1996.6716,1568.6741,0.0134,3.0697,192400.0,0.8574,0.2986,ワキタ,プライム（内国株式）,卸売業
8127,2026-09-29,525.0,0.0038,0.0116,-0.0757,-0.0899,-0.0664,-0.1135,540.3183,567.9633,False,-0.0284,0.8178,641.9583,455.1444,0.0148,0.0828,52500.0,1.2235,0.3339,ヤマトインターナショナル,スタンダード（内国株式）,繊維製品
8129,2026-09-29,3923.0,0.0,-0.0309,0.001,0.0046,0.0103,-0.0189,3970.3121,3955.4374,False,-0.0119,0.721,5440.9985,3574.0,0.0155,5.3368,392300.0,0.9861,0.2795,東邦ホールディングス,プライム（内国株式）,卸売業
8130,2026-09-29,3125.0,-0.004,-0.0325,-0.0265,0.0533,-0.0172,0.0297,3187.2759,3070.172,True,-0.0195,0.9507,3287.2187,2818.0,0.0113,3.8014,312500.0,0.8753,0.3247,サンゲツ,プライム（内国株式）,卸売業
8131,2026-09-29,2464.0,-0.0148,-0.0479,0.1054,0.2584,0.1147,0.2349,2418.24,2159.7067,True,0.0189,0.9059,2720.0,1695.0,0.0362,1.7594,246400.0,1.2351,0.3758,ミツウロコグループホールディングス,スタンダード（内国株式）,卸売業
8132,2026-09-29,7640.0,-0.0268,0.0241,-0.0052,0.1302,0.0041,0.1066,7632.4,7351.3333,False,0.001,0.8242,9270.0,5791.8002,0.029,0.5781,764000.0,0.6193,0.2619,シナネンホールディングス,プライム（内国株式）,卸売業
8133,2026-09-29,2252.0,-0.0166,-0.049,0.0121,0.1288,0.0215,0.1053,2291.9631,2134.1477,True,-0.0174,0.9434,2387.0,1729.3532,0.0248,2.8562,225200.0,0.951,0.2985,伊藤忠エネクス,プライム（内国株式）,卸売業
8135,2026-09-29,432.0,-0.0046,0.0047,-0.027,-0.0092,-0.0177,-0.0327,436.8,430.3067,True,-0.011,0.7319,590.2322,402.0,0.0122,0.0534,43200.0,0.9654,0.1703,ゼット,スタンダード（内国株式）,卸売業
8136,2026-09-29,1178.0,0.0073,-0.0488,-0.0565,0.0709,-0.0472,0.0474,1228.2218,1166.1006,True,-0.0409,0.7444,1582.5778,818.8,0.0352,208.9247,117800.0,0.6317,0.2388,サンリオ,プライム（内国株式）,卸売業
8137,2026-09-29,4715.0,0.0053,0.0206,0.1307,0.2936,0.14,0.27,4328.3781,3980.1927,True,0.0893,0.9756,4833.0179,2521.1227,0.0282,2.1086,471500.0,0.8684,0.4867,サンワテクノス,プライム（内国株式）,卸売業
8138,2026-09-29,4125.0,0.0198,0.0049,-0.0451,0.0312,-0.0358,0.0077,4227.3756,4136.7919,True,-0.0242,0.8383,4920.8552,3835.0,0.0072,0.0115,412500.0,1.4286,0.677,三京化成,スタンダード（内国株式）,卸売業
8139,2026-09-29,2184.0,0.0051,-0.0267,-0.0387,0.0092,-0.0294,-0.0143,2224.6,2175.9467,False,-0.0183,0.7336,2977.0,1527.8429,0.0217,0.22,218400.0,0.1065,0.3532,ナガホリ,スタンダード（内国株式）,卸売業
8141,2026-09-29,1571.0,0.0,0.0019,0.0013,-0.0119,0.0106,-0.0355,1567.44,1575.6533,False,0.0023,0.8866,1772.0,939.4441,0.0016,1.9156,157100.0,0.6756,0.28,新光商事,プライム（内国株式）,卸売業
8142,2026-09-29,1379.0,-0.0051,-0.0051,-0.0248,0.0435,-0.0154,0.02,1412.72,1361.104,True,-0.0239,0.9439,1461.0,1043.121,0.0166,1.2763,137900.0,0.7801,0.2573,トーホー,プライム（内国株式）,卸売業
8143,2026-09-29,155.0,-0.0127,-0.1436,0.0915,0.0616,0.1009,0.0381,151.84,148.2533,False,0.0208,0.5236,296.0,135.0,0.1083,0.4299,15500.0,5.5089,0.4111,ラピーヌ,スタンダード（内国株式）,繊維製品
8144,2026-09-29,1253.0,0.0024,-0.011,-0.0032,-0.0173,0.0061,-0.0408,1257.9569,1273.1323,False,-0.0039,0.8976,1396.0,1179.646,0.0099,0.108,125300.0,2.7212,0.7644,デンキョーグループホールディングス,スタンダード（内国株式）,卸売業
8147,2026-09-29,1466.0,0.0007,0.0237,0.0554,0.0554,0.0648,0.0319,1420.52,1372.4133,True,0.032,0.9597,1527.4931,1128.9313,0.0173,0.0198,146600.0,0.8293,0.3983,トミタ,スタンダード（内国株式）,卸売業
8150,2026-09-29,3300.0,-0.0015,-0.0135,0.0138,0.2075,0.0231,0.1839,3249.6359,2994.3453,True,0.0155,0.9607,3435.0,2516.6018,0.0198,1.5179,330000.0,0.7362,0.3755,三信電気,プライム（内国株式）,卸売業
8151,2026-09-29,1853.0,-0.0144,0.0038,-0.0541,-0.0473,-0.0448,-0.0708,1891.6158,1954.2586,False,-0.0204,0.8302,2232.0,1519.8999,0.0187,3.4275,185300.0,1.0386,0.3277,東陽テクニカ,プライム（内国株式）,卸売業
8152,2026-09-29,7190.0,-0.0014,0.0098,-0.0244,0.0028,-0.0151,-0.0208,7249.2,7410.9333,False,-0.0082,0.8429,8530.0,5139.2017,0.0164,0.1418,719000.0,0.6046,0.2715,ソマール,スタンダード（内国株式）,卸売業
8153,2026-09-29,3815.0,-0.0111,-0.0486,-0.0354,0.0466,-0.0261,0.0231,3931.1486,3795.4495,True,-0.0295,0.8612,4430.0,3420.0,0.0163,9.1956,381500.0,2.3704,0.4105,モスフードサービス,プライム（内国株式）,卸売業
8154,2026-09-29,5600.0,0.0072,0.0959,0.1155,0.3317,0.1249,0.3082,5007.9581,4661.0527,True,0.1182,0.9777,5727.8863,3281.1939,0.0296,7.5044,560000.0,1.1718,0.6597,加賀電子,プライム（内国株式）,卸売業
8157,2026-09-29,4165.0,-0.0024,-0.0425,-0.0107,0.0666,-0.0014,0.043,4195.1199,4058.1066,True,-0.0072,0.9542,4365.0,2927.4856,0.021,2.1818,416500.0,1.5274,0.3662,都築電気,プライム（内国株式）,情報・通信業
8158,2026-09-29,1308.0,-0.0068,-0.0195,-0.0173,0.1658,-0.008,0.1422,1329.4958,1232.2319,True,-0.0162,0.9296,1407.0,953.3933,0.0221,0.7649,130800.0,0.7226,0.1872,ソーダニッカ,プライム（内国株式）,卸売業
8159,2026-09-29,4310.0,0.0023,0.0274,0.0668,0.3364,0.0761,0.3129,4102.411,3669.2703,True,0.0506,0.9755,4418.3487,2621.9949,0.0263,1.5201,431000.0,0.7839,0.4744,立花エレテック,プライム（内国株式）,卸売業
8160,2026-09-29,2356.0,0.0026,-0.0281,-0.0462,0.0129,-0.0368,-0.0106,2443.8676,2398.2892,True,-0.036,0.893,2638.3635,2228.0,0.011,3.3456,235600.0,1.7477,0.6018,木曽路,プライム（内国株式）,小売業
8163,2026-09-29,1460.0,-0.0519,-0.0357,-0.0489,0.1851,-0.0395,0.1615,1535.24,1395.0667,True,-0.049,0.908,1608.0,1117.0,0.0182,2.5855,146000.0,1.2998,0.4742,ＳＲＳホールディングス,プライム（内国株式）,小売業
8165,2026-09-29,101.0,-0.0098,0.01,-0.0381,-0.0561,-0.0288,-0.0796,103.76,108.4267,False,-0.0266,0.4122,245.0,100.0,0.017,0.1722,10100.0,1.4563,0.2333,千趣会,スタンダード（内国株式）,小売業
8166,2026-09-29,78.0,0.0,0.0,0.0,-0.0127,0.0093,-0.0362,78.36,78.3867,False,-0.0046,0.6842,114.0,76.0,0.0128,0.0267,7800.0,0.8433,0.1,タカキュー,スタンダード（内国株式）,小売業
8167,2026-09-29,1417.0,-0.018,-0.0201,0.0007,0.0684,0.01,0.0449,1410.4461,1365.8312,True,0.0046,0.9542,1485.0251,1203.0084,0.0194,1.4094,141700.0,0.6264,0.3354,リテールパートナーズ,プライム（内国株式）,小売業
8173,2026-09-29,4445.0,0.0218,0.0386,0.0471,0.131,0.0564,0.1075,4290.3659,3991.3886,True,0.036,0.958,4640.0,2435.5831,0.0265,9.646,444500.0,1.4179,0.304,Ｊｏｓｈｉｎ,プライム（内国株式）,小売業
8174,2026-09-29,948.0,-0.0159,-0.6957,-0.6824,-0.6697,-0.6731,-0.6932,2711.2461,2795.2554,False,-0.6503,0.3016,3143.0,947.1,0.2069,8.5603,94800.0,2.0525,1.118,日本瓦斯,プライム（内国株式）,小売業
8179,2026-09-29,1299.0,-0.0038,-0.0226,-0.0573,0.0639,-0.048,0.0403,1347.2,1293.4533,True,-0.0358,0.8359,1554.0,1184.0,0.0185,3.5249,129900.0,0.8659,0.3448,ロイヤルホールディングス,プライム（内国株式）,小売業
8181,2026-09-29,1014.0,0.007,0.0242,0.0181,-0.0287,0.0274,-0.0523,991.56,1010.4133,True,0.0226,0.7973,1271.7366,950.0,0.0124,0.0502,101400.0,0.7506,0.3341,東天紅,スタンダード（内国株式）,小売業
8185,2026-09-29,990.0,-0.0139,-0.013,-0.0499,0.0396,-0.0406,0.016,1002.684,979.7807,True,-0.0127,0.8326,1189.0294,905.536,0.0135,1.9708,99000.0,0.666,0.2171,チヨダ,プライム（内国株式）,小売業
8194,2026-09-29,2642.0,-0.0164,-0.034,-0.0097,0.015,-0.0004,-0.0085,2697.2426,2577.3183,True,-0.0205,0.9336,2830.0,2255.5633,0.0229,6.329,264200.0,1.0232,0.2083,ライフコーポレーション,プライム（内国株式）,小売業
8198,2026-09-29,3305.0,-0.0164,-0.0178,-0.0134,0.0426,-0.0041,0.019,3346.6,3255.5333,False,-0.0124,0.8559,3861.2947,3070.0,0.0159,1.0315,330500.0,0.5361,0.2571,マックスバリュ東海,スタンダード（内国株式）,小売業
8200,2026-09-29,2261.0,-0.0062,-0.0195,-0.0395,0.0408,-0.0302,0.0172,2316.4419,2259.8088,True,-0.0239,0.9222,2451.7509,2022.8441,0.0143,2.4954,226100.0,0.5117,0.3183,リンガーハット,プライム（内国株式）,小売業
8202,2026-09-29,149.0,0.0068,0.0068,0.0136,0.0,0.0229,-0.0235,148.0,147.2667,True,0.0068,0.8531,174.6625,141.0,0.0101,0.087,14900.0,1.1073,0.2,ラオックスホールディングス,スタンダード（内国株式）,小売業
8203,2026-09-29,741.0,-0.0172,-0.0211,-0.0668,-0.0314,-0.0574,-0.0549,768.2,771.3467,True,-0.0354,0.8545,867.2104,693.0,0.012,0.4263,74100.0,0.6063,0.2352,ＭｒＭａｘＨＤ,プライム（内国株式）,小売業
8207,2026-09-29,290.0,-0.0492,-0.0333,-0.0301,0.0069,-0.0208,-0.0166,300.4,293.52,True,-0.0346,0.9508,305.0,275.0,0.0099,0.1294,29000.0,1.9828,0.595,テンアライド,スタンダード（内国株式）,小売業
8214,2026-09-29,1680.0,-0.0106,-0.0317,-0.0556,0.0244,-0.0463,0.0008,1731.6661,1694.8354,True,-0.0298,0.9145,1837.0048,1481.0,0.0136,3.585,168000.0,1.3256,0.2617,ＡＯＫＩホールディングス,プライム（内国株式）,小売業
8217,2026-09-29,761.0,-0.0193,-0.0547,-0.0593,0.0134,-0.05,-0.0101,798.96,785.1757,True,-0.0475,0.7941,958.2761,738.1098,0.0157,0.7638,76100.0,1.247,0.4778,オークワ,プライム（内国株式）,小売業
8218,2026-09-29,3750.0,-0.0237,-0.0554,-0.0335,0.0549,-0.0242,0.0313,3879.49,3713.23,True,-0.0334,0.895,4190.0,3016.1568,0.0172,3.5861,375000.0,0.8804,0.3873,コメリ,プライム（内国株式）,小売業
8219,2026-09-29,719.0,-0.0204,-0.0638,-0.0746,0.0451,-0.0653,0.0215,760.9879,731.5693,True,-0.0552,0.8038,894.528,662.0,0.0175,4.8821,71900.0,1.1486,0.428,青山商事,プライム（内国株式）,小売業
8225,2026-09-29,3680.0,-0.0054,-0.0027,0.0194,0.1152,0.0287,0.0916,3612.0,3501.3333,True,0.0188,0.8434,4363.4848,3160.0,0.0154,0.0094,368000.0,0.875,0.5459,タカチホ,スタンダード（内国株式）,卸売業
8226,2026-09-29,395.0,-0.01,0.0,0.0102,0.0533,0.0195,0.0298,391.16,381.0667,False,0.0098,0.6432,614.1182,341.0,0.0271,0.5631,39500.0,0.9582,0.3453,理経,スタンダード（内国株式）,卸売業
8227,2026-09-29,3240.0,0.0276,0.0012,-0.022,-0.0183,-0.0127,-0.0419,3252.0,3293.9315,True,-0.0037,0.292,11095.5198,3079.1895,0.0199,23.8697,324000.0,1.1303,0.1987,しまむら,プライム（内国株式）,小売業
8230,2026-09-29,301.0,0.005,-0.0227,-0.0383,-0.0195,-0.029,-0.0431,308.58,310.6867,False,-0.0246,0.9054,332.4332,297.5488,0.0095,0.0569,30100.0,1.8424,0.4374,はせがわ,スタンダード（内国株式）,小売業
8233,2026-09-29,2104.5,-0.0082,-0.0168,-0.1389,-0.1525,-0.1296,-0.176,2221.3466,2273.1199,True,-0.0526,0.8134,2587.3271,1424.6614,0.0218,37.4132,210450.0,0.8062,0.1723,高島屋,プライム（内国株式）,小売業
8237,2026-09-29,2241.0,-0.0197,-0.0018,-0.2602,0.2883,-0.2508,0.2647,2365.2568,1978.1955,True,-0.0525,0.7312,3065.0,1340.345,0.0448,11.3132,224100.0,0.5771,0.2209,松屋,プライム（内国株式）,小売業
8242,2026-09-29,2784.5,-0.0147,-0.0412,-0.0777,-0.0245,-0.0684,-0.0481,2904.4405,2831.4535,True,-0.0413,0.907,3070.0,1953.8019,0.0171,11.1951,278450.0,0.9672,0.3121,エイチ・ツー・オー　リテイリング,プライム（内国株式）,小売業
8244,2026-09-29,1868.0,-0.009,-0.0168,-0.0599,0.023,-0.0506,-0.0005,1912.4,1860.24,True,-0.0232,0.9041,2066.1694,1609.0,0.0158,0.8872,186800.0,0.5424,0.2339,近鉄百貨店,スタンダード（内国株式）,小売業
8247,2026-09-29,357.0,-0.0325,0.0818,0.1333,0.1743,0.1426,0.1508,327.44,305.04,True,0.0903,0.875,408.0,222.0,0.0312,0.0915,35700.0,1.2993,0.5654,大和,スタンダード（内国株式）,小売業
8252,2026-09-29,2773.0,-0.0109,-0.0534,-0.0611,-0.0319,-0.0518,-0.0555,2899.4483,2906.2028,True,-0.0436,0.8665,3200.135,2663.0,0.0158,29.5691,277300.0,1.0371,0.3635,丸井グループ,プライム（内国株式）,小売業
8253,2026-09-29,4481.0,-0.0252,-0.0448,-0.05,0.0175,-0.0407,-0.0061,4647.8,4573.7333,True,-0.0359,0.9171,4886.0,3451.0665,0.0204,32.8451,448100.0,0.9346,0.2721,クレディセゾン,プライム（内国株式）,その他金融業
8254,2026-09-29,299.0,0.0034,0.0067,0.0528,0.1024,0.0621,0.0789,286.4184,285.2647,True,0.0439,0.4645,643.6678,203.4187,0.0686,0.7458,29900.0,0.8638,0.2146,さいか屋,スタンダード（内国株式）,小売業
8255,2026-09-29,1285.0,-0.0191,-0.0481,0.0158,0.1525,0.0251,0.1289,1295.9549,1211.825,True,-0.0085,0.9428,1363.0,982.0,0.0236,2.7851,128500.0,1.3919,0.3325,アクシアル　リテイリング,プライム（内国株式）,小売業
8260,2026-09-29,377.0,-0.0233,-0.0053,0.0107,-0.0053,0.02,-0.0288,382.8,380.0533,False,-0.0152,0.706,534.0,352.0,0.0292,0.0565,37700.0,1.313,0.2,井筒屋,スタンダード（内国株式）,小売業
8267,2026-09-29,1263.5,-0.0012,-0.0627,-0.0616,-0.0525,-0.0523,-0.0761,1352.314,1359.8014,False,-0.0657,0.4365,2894.9243,1259.0,0.0262,147.7188,126350.0,1.1328,0.4013,イオン,プライム（内国株式）,小売業
8273,2026-09-29,966.0,-0.0072,-0.0378,-0.0947,0.0193,-0.0853,-0.0042,1011.9572,982.3183,True,-0.0454,0.8906,1084.7063,850.0499,0.0167,4.8339,96600.0,0.6197,0.2973,イズミ,プライム（内国株式）,小売業
8275,2026-09-29,1012.0,-0.003,0.003,0.012,-0.0078,0.0213,-0.0314,1003.32,1004.2667,False,0.0087,0.7063,1432.7683,976.0,0.0102,0.5247,101200.0,2.3034,0.2236,フォーバル,スタンダード（内国株式）,卸売業
8276,2026-09-29,2603.0,-0.0148,-0.0434,-0.0374,0.0422,-0.028,0.0186,2690.72,2609.1908,True,-0.0326,0.8191,3177.9241,2337.5977,0.0162,2.6334,260300.0,0.5119,0.3713,平和堂,プライム（内国株式）,小売業
8278,2026-09-29,2012.0,-0.0132,-0.0228,-0.0387,0.0193,-0.0294,-0.0042,2060.676,2002.4504,True,-0.0236,0.8791,2288.5984,1859.6723,0.0158,2.2961,201200.0,0.7712,0.3422,フジ,プライム（内国株式）,小売業
8281,2026-09-29,1111.0,0.0005,-0.028,-0.0504,0.0561,-0.0411,0.0325,1140.4513,1111.1504,True,-0.0258,0.8881,1251.0,951.0,0.016,2.0397,111100.0,1.787,0.3259,ゼビオホールディングス,プライム（内国株式）,小売業
8282,2026-09-29,1789.0,-0.0146,-0.0643,-0.0776,-0.0611,-0.0683,-0.0847,1896.7575,1901.4125,False,-0.0568,0.8128,2201.0,1419.6227,0.0211,20.4525,178900.0,1.7322,0.3683,ケーズホールディングス,プライム（内国株式）,小売業
8285,2026-09-29,805.0,-0.0171,-0.0301,0.0063,0.1533,0.0156,0.1298,796.2778,733.1326,True,0.011,0.9595,839.0,429.3345,0.0207,0.4335,80500.0,1.1621,0.4149,三谷産業,スタンダード（内国株式）,卸売業
8291,2026-09-29,546.0,-0.0036,-0.0055,-0.0091,-0.0036,0.0002,-0.0272,550.0391,554.0664,False,-0.0073,0.8653,631.0,468.1759,0.0104,0.489,54600.0,0.8055,0.2639,日産東京販売ホールディングス,スタンダード（内国株式）,小売業
8303,2026-09-29,1552.5,-0.0375,-0.0417,-0.0035,0.125,0.0058,0.1015,1576.4733,1505.1378,True,-0.0152,0.0,53969555456.0,1325.0,0.0297,49.8556,155250.0,1.0543,0.2182,ＳＢＩ新生銀行,プライム（内国株式）,銀行業
8304,2026-09-29,3427.0,-0.0344,-0.0275,0.0142,0.2627,0.0235,0.2392,3428.92,3128.4847,True,-0.0006,0.9538,3593.0,2121.1256,0.0271,46.2067,342700.0,0.8334,0.2405,あおぞら銀行,プライム（内国株式）,銀行業
8306,2026-09-29,3592.0,-0.0221,-0.0164,-0.0044,0.12,0.0049,0.0965,3641.2,3519.9733,True,-0.0135,0.942,3813.0,2186.1004,0.0248,1539.9171,359200.0,1.0657,0.252,三菱ＵＦＪフィナンシャル・グループ,プライム（内国株式）,銀行業
8308,2026-09-29,2482.0,-0.0232,0.0012,0.0166,0.1785,0.0259,0.155,2481.4463,2338.9621,True,0.0002,0.9542,2601.0,1390.3465,0.0299,237.6961,248200.0,0.9612,0.2257,りそなホールディングス,プライム（内国株式）,銀行業
8309,2026-09-29,1750.0,-0.02,-0.0221,-0.0062,0.1557,0.0031,0.1321,1766.0402,1668.5467,True,-0.0091,0.9602,1822.5,982.4025,0.0223,165.8367,175000.0,0.9375,0.2356,三井住友トラストグループ,プライム（内国株式）,銀行業
8316,2026-09-29,3357.0,-0.0141,-0.5119,-0.5059,-0.471,-0.4966,-0.4945,6308.4767,6574.3989,True,-0.4679,0.4624,7260.0,3251.5559,0.1194,882.0698,335700.0,1.4673,0.9427,三井住友フィナンシャルグループ,プライム（内国株式）,銀行業
8331,2026-09-29,2767.0,-0.0164,0.0027,-0.007,0.1216,0.0023,0.0981,2775.4756,2680.7052,True,-0.0031,0.9566,2892.5,1400.9076,0.0282,81.8768,276700.0,1.199,0.2669,千葉銀行,プライム（内国株式）,銀行業
8334,2026-09-29,3087.0,-0.0246,0.0572,0.1098,0.3178,0.1191,0.2943,2888.7636,2625.0812,True,0.0686,0.9672,3191.7047,1483.4027,0.0306,41.4999,308700.0,1.4885,0.4452,群馬銀行,プライム（内国株式）,銀行業
8336,2026-09-29,2881.0,-0.0177,0.0038,0.0393,0.1464,0.0486,0.1229,2808.1189,2669.173,True,0.026,0.9777,2946.807,1243.7042,0.0251,7.3642,288100.0,0.9517,0.3165,武蔵野銀行,プライム（内国株式）,銀行業
8337,2026-09-29,2724.0,-0.0187,0.0078,-0.0044,0.1431,0.0049,0.1196,2709.72,2621.2267,True,0.0053,0.9505,2866.0,1435.8564,0.0293,4.7397,272400.0,0.8676,0.2627,千葉興業銀行,プライム（内国株式）,銀行業
8338,2026-09-29,782.0,-0.0076,0.0582,0.0742,0.282,0.0835,0.2584,742.68,686.12,True,0.0529,0.9787,799.0,279.6847,0.0406,13.6865,78200.0,0.9269,0.324,筑波銀行,プライム（内国株式）,銀行業
8341,2026-09-29,4087.0,-0.0133,0.0062,0.0509,0.2325,0.0602,0.209,3977.9884,3660.4361,True,0.0274,0.9705,4211.1321,1830.2526,0.031,30.9247,408700.0,1.3891,0.3091,七十七銀行,プライム（内国株式）,銀行業
8343,2026-09-29,1998.0,0.0152,-0.7897,-0.7758,-0.7079,-0.7664,-0.7314,7900.9236,7445.6412,True,-0.7471,0.2022,9880.0,1775.768,0.4455,15.4386,199800.0,2.81,0.9105,秋田銀行,プライム（内国株式）,銀行業
8344,2026-09-29,5650.0,-0.0002,0.1057,0.2283,0.6028,0.2376,0.5793,4837.0851,4168.295,True,0.1681,0.9843,5740.2263,1517.2073,0.0455,10.0096,565000.0,1.4417,0.4197,山形銀行,プライム（内国株式）,銀行業
8345,2026-09-29,2826.0,-0.016,0.0432,0.1363,0.3785,0.1456,0.355,2592.2624,2308.4875,True,0.0902,0.9746,2899.7201,882.3864,0.0383,11.1452,282600.0,1.4569,0.3593,岩手銀行,プライム（内国株式）,銀行業
8346,2026-09-29,1100.0,-0.005,0.0753,0.1294,0.4175,0.1387,0.394,1002.7467,901.4356,True,0.097,0.9801,1122.3401,404.5427,0.0324,10.9678,110000.0,1.2936,0.4357,東邦銀行,プライム（内国株式）,銀行業
8349,2026-09-29,1638.0,0.0099,-0.0221,-0.0067,0.1784,0.0026,0.1549,1658.3988,1516.7863,True,-0.0123,0.9507,1723.0,1208.1836,0.0272,0.5155,163800.0,1.3532,0.2877,東北銀行,スタンダード（内国株式）,銀行業
8354,2026-09-29,7753.0,-0.018,-0.0047,0.0045,0.134,0.0139,0.1104,7770.7348,7448.2983,True,-0.0023,0.9665,8022.0,4096.2946,0.0235,55.0018,775300.0,1.2035,0.2344,ふくおかフィナンシャルグループ,プライム（内国株式）,銀行業
8358,2026-09-29,2886.0,-0.014,0.0021,-0.0247,0.1867,-0.0154,0.1631,2895.9624,2698.2408,True,-0.0034,0.9572,3015.0,1371.3299,0.0275,24.525,288600.0,1.0924,0.2916,スルガ銀行,プライム（内国株式）,銀行業
8359,2026-09-29,2767.0,-0.0223,0.016,0.0389,0.1585,0.0482,0.1349,2704.7459,2576.502,True,0.023,0.9671,2861.1696,1360.0549,0.0291,36.0549,276700.0,1.0195,0.3085,八十二長野銀行,プライム（内国株式）,銀行業
8360,2026-09-29,1491.0,0.0237,-0.796,-0.7971,-0.7587,-0.7878,-0.7823,6299.735,6481.5117,True,-0.7633,0.1931,7720.0,1369.3752,0.4292,10.4168,149100.0,2.1221,0.9564,山梨中央銀行,プライム（内国株式）,銀行業
8361,2026-09-29,1746.0,0.0313,-0.7921,-0.7858,-0.7595,-0.7765,-0.783,7124.089,7439.6297,False,-0.7549,0.2021,8640.0,1597.2421,0.4051,14.8229,174600.0,2.3719,0.9958,大垣共立銀行,プライム（内国株式）,銀行業
8362,2026-09-29,8070.0,0.0006,0.0591,0.1382,0.4646,0.1475,0.4411,7351.5216,6346.9072,True,0.0977,0.9594,8411.7751,1884.3461,0.052,9.8302,807000.0,1.7284,0.339,福井銀行,プライム（内国株式）,銀行業
8364,2026-09-29,3230.0,-0.0062,0.0287,0.0157,0.3686,0.025,0.3451,3153.4659,2813.2486,True,0.0243,0.9788,3300.0,1929.7437,0.0338,1.071,323000.0,0.804,0.254,清水銀行,プライム（内国株式）,銀行業
8365,2026-09-29,2413.0,0.001,0.0092,0.0268,0.1382,0.0361,0.1147,2355.302,2299.914,True,0.0245,0.9203,2621.9924,1611.8228,0.0222,0.1576,241300.0,0.7879,0.2675,富山銀行,スタンダード（内国株式）,銀行業
8366,2026-09-29,2995.0,-0.0116,0.0328,0.084,0.1497,0.0933,0.1262,2841.6343,2654.0648,True,0.054,0.9804,3054.7954,1186.695,0.0296,17.9164,299500.0,0.7309,0.3057,滋賀銀行,プライム（内国株式）,銀行業
8367,2026-09-29,2043.0,-0.0183,0.02,0.063,0.1588,0.0723,0.1353,1961.1064,1868.7555,True,0.0418,0.9762,2092.8407,910.0807,0.0291,8.9326,204300.0,0.9664,0.37,南都銀行,プライム（内国株式）,銀行業
8368,2026-09-29,2573.0,-0.0119,0.0358,0.0857,0.3002,0.095,0.2766,2407.2992,2168.5797,True,0.0688,0.984,2614.912,837.4884,0.0313,20.0843,257300.0,1.086,0.3987,百五銀行,プライム（内国株式）,銀行業
8370,2026-09-29,1743.0,0.0083,-0.668,-0.6555,-0.607,-0.6462,-0.6305,4544.5706,4626.6569,True,-0.6165,0.3264,5340.0,1658.4994,0.2038,7.8523,174300.0,1.6878,1.0363,紀陽銀行,プライム（内国株式）,銀行業
8377,2026-09-29,838.4,0.0423,-0.8994,-0.8981,-0.8744,-0.8888,-0.898,7051.4656,7251.2352,True,-0.8811,0.0965,8692.0,760.5852,0.9105,37.7234,83840.0024,3.4351,1.0275,ほくほくフィナンシャルグループ,プライム（内国株式）,銀行業
8381,2026-09-29,2591.0,-0.0219,-0.0031,0.0015,0.1369,0.0109,0.1134,2589.7464,2450.1688,True,0.0005,0.9603,2698.0,1261.8208,0.0247,9.4708,259100.0,0.9694,0.2966,山陰合同銀行,プライム（内国株式）,銀行業
8383,2026-09-29,1953.0,-0.0131,0.0026,-0.0071,0.2527,0.0022,0.2292,1939.3804,1771.4468,True,0.007,0.9597,2035.0,1277.2392,0.0268,0.4717,195300.0,0.7225,0.2577,鳥取銀行,スタンダード（内国株式）,銀行業
8386,2026-09-29,3220.0,-0.0108,0.0404,0.0438,0.2603,0.0531,0.2367,3089.8979,2848.1793,True,0.0421,0.9788,3289.6277,1177.7328,0.0302,8.7734,322000.0,0.9442,0.3629,百十四銀行,プライム（内国株式）,銀行業
8387,2026-09-29,4625.0,-0.0004,0.0844,0.3047,0.5391,0.314,0.5156,3920.9634,3433.5211,True,0.1796,0.9735,4750.849,1333.8904,0.0431,10.7259,462500.0,1.862,0.4371,四国銀行,プライム（内国株式）,銀行業
8388,2026-09-29,2185.0,0.0278,-0.7889,-0.7804,-0.6982,-0.7711,-0.7217,8633.7558,8153.3853,True,-0.7469,0.2054,10640.0,1931.1645,0.401,14.4816,218500.0,2.1976,0.9939,阿波銀行,プライム（内国株式）,銀行業
8392,2026-09-29,3265.0,-0.0061,0.067,0.1294,0.3548,0.1387,0.3312,2998.6695,2701.8232,True,0.0888,0.982,3324.6979,922.0713,0.0356,7.5487,326500.0,0.7884,0.3762,大分銀行,プライム（内国株式）,銀行業
8393,2026-09-29,2982.0,-0.0017,0.0855,0.1938,0.404,0.2031,0.3804,2650.4792,2393.8397,True,0.1251,0.9809,3040.0,830.4149,0.0356,8.4415,298200.0,1.1276,0.4487,宮崎銀行,プライム（内国株式）,銀行業
8395,2026-09-29,6910.0,-0.005,0.0344,0.0614,0.3112,0.0708,0.2877,6599.8629,5965.2876,True,0.047,0.9823,7034.2929,2891.1988,0.0332,3.3761,691000.0,0.9143,0.3161,佐賀銀行,プライム（内国株式）,銀行業
8399,2026-09-29,3285.0,-0.0182,-0.0179,0.0155,0.2601,0.0248,0.2365,3247.5633,2963.2544,True,0.0115,0.9563,3435.0,1336.7798,0.0319,5.0735,328500.0,1.2553,0.3002,琉球銀行,プライム（内国株式）,銀行業
8410,2026-09-29,344.0,0.0067,-0.0032,0.0238,0.2225,0.0331,0.1989,339.1923,315.6908,True,0.0142,0.9801,351.0,260.9297,0.0176,13.6483,34400.0,0.76,0.29,セブン銀行,プライム（内国株式）,銀行業
8411,2026-09-29,8472.0,-0.0289,-0.009,0.0158,0.0941,0.0251,0.0706,8522.4359,8279.8786,True,-0.0059,0.9526,8894.0,4517.0713,0.0297,796.9409,847200.0,1.0372,0.2441,みずほフィナンシャルグループ,プライム（内国株式）,銀行業
8416,2026-09-29,1165.0,-0.0009,0.0383,-0.0243,-0.062,-0.015,-0.0855,1146.8994,1175.5265,False,0.0158,0.7966,1462.4788,808.6531,0.0282,0.3937,116500.0,0.82,0.3562,高知銀行,スタンダード（内国株式）,銀行業
8418,2026-09-29,3431.0,-0.0219,0.0537,0.0864,0.2022,0.0958,0.1786,3243.4313,3078.3771,True,0.0578,0.9691,3540.5546,1616.6484,0.0286,19.7226,343100.0,1.3323,0.446,山口フィナンシャルグループ,プライム（内国株式）,銀行業
8424,2026-09-29,4353.0,-0.0205,-0.0485,-0.0129,0.0315,-0.0036,0.008,4450.3471,4376.1424,True,-0.0219,0.9422,4620.0,3867.3431,0.0153,8.6129,435300.0,1.1997,0.3381,芙蓉総合リース,プライム（内国株式）,その他金融業
8425,2026-09-29,1324.0,-0.0141,-0.0385,-0.0406,0.0533,-0.0313,0.0298,1364.7192,1325.5464,True,-0.0298,0.8734,1515.8879,1199.7506,0.0157,7.9341,132400.0,0.9038,0.2983,みずほリース,プライム（内国株式）,その他金融業
8439,2026-09-29,2606.0,-0.0245,-0.0419,-0.0099,0.0457,-0.0006,0.0222,2661.1152,2577.5251,True,-0.0207,0.9327,2794.0,1740.6505,0.022,18.2293,260600.0,0.9077,0.2517,東京センチュリー,プライム（内国株式）,その他金融業
8473,2026-09-29,3080.0,-0.0372,-0.0541,-0.0954,0.1671,-0.0861,0.1436,3279.2062,3002.7421,True,-0.0607,0.8172,3768.799,2631.0,0.0277,129.9662,308000.0,0.848,0.2896,ＳＢＩホールディングス,プライム（内国株式）,証券、商品先物取引業
8508,2026-09-29,786.0,-0.0113,0.0077,0.0536,-0.0368,0.0629,-0.0603,776.36,804.1733,True,0.0124,0.8239,954.0,380.0167,0.0344,11.1731,78600.0,0.546,0.3407,Ｊトラスト,スタンダード（内国株式）,その他金融業
8511,2026-09-29,2435.0,-0.0217,-0.0303,-0.0333,0.0419,-0.024,0.0184,2477.486,2422.2553,True,-0.0171,0.9369,2599.0,1698.1532,0.0174,5.1606,243500.0,0.8658,0.3043,日本証券金融,プライム（内国株式）,その他金融業
8518,2026-09-29,152.0,-0.013,-0.0194,0.1095,0.2258,0.1188,0.2023,149.6,136.2533,True,0.016,0.4825,315.0,115.0,0.0174,0.1068,15200.0,0.482,0.3784,日本アジア投資,スタンダード（内国株式）,証券、商品先物取引業
8522,2026-09-29,7310.0,-0.0095,0.0167,0.0354,0.2286,0.0447,0.205,7129.3872,6625.2624,True,0.0253,0.976,7490.0,3200.7375,0.0303,8.0827,731000.0,0.8382,0.2666,名古屋銀行,プライム（内国株式）,銀行業
8524,2026-09-29,1348.0,-0.0153,0.006,0.0507,0.2101,0.06,0.1865,1307.0142,1205.0603,True,0.0314,0.9797,1375.9593,656.2496,0.0297,20.3683,134800.0,0.9956,0.3098,北洋銀行,プライム（内国株式）,銀行業
8537,2026-09-29,3405.0,0.0158,0.0509,0.1201,0.2382,0.1294,0.2146,3132.377,2900.7657,True,0.087,0.9971,3415.0,1588.9334,0.0349,1.2161,340500.0,0.8778,0.3362,大光銀行,スタンダード（内国株式）,銀行業
8541,2026-09-29,3630.0,-0.0003,0.0868,0.1635,0.6986,0.1728,0.6751,3272.3568,2723.5056,True,0.1093,0.9783,3710.4748,1100.1952,0.0361,5.9437,363000.0,0.7353,0.3967,愛媛銀行,プライム（内国株式）,銀行業
8542,2026-09-29,1951.0,-0.0036,0.0177,-0.001,0.3059,0.0083,0.2823,1931.5156,1717.2785,True,0.0101,0.9731,2005.0,1280.6185,0.0244,0.5958,195100.0,1.0553,0.2577,トマト銀行,スタンダード（内国株式）,銀行業
8544,2026-09-29,2900.0,-0.0216,0.019,0.0405,0.1708,0.0499,0.1472,2827.4243,2688.4081,True,0.0257,0.9646,3006.5265,1185.7575,0.0319,8.3171,290000.0,0.8035,0.292,京葉銀行,プライム（内国株式）,銀行業
8550,2026-09-29,1172.0,-0.0101,0.0427,0.1005,0.2643,0.1098,0.2408,1093.3155,1022.9052,True,0.072,0.976,1200.7873,450.8686,0.0383,7.3163,117200.0,1.0444,0.3873,栃木銀行,プライム（内国株式）,銀行業
8551,2026-09-29,2918.0,-0.01,-0.6607,-0.6245,-0.4596,-0.6151,-0.4832,7219.8115,6506.2038,True,-0.5958,0.3246,8990.0,2679.3939,0.2373,4.2585,291800.0,1.9879,0.9113,北日本銀行,プライム（内国株式）,銀行業
8558,2026-09-29,1560.0,-0.0152,0.0359,0.0634,0.0714,0.0727,0.0479,1490.6,1446.1067,True,0.0466,0.9612,1623.0,846.3249,0.033,2.6153,156000.0,0.7979,0.3811,東和銀行,プライム（内国株式）,銀行業
8562,2026-09-29,409.0,0.0099,0.0679,0.0995,0.2029,0.1088,0.1794,384.6,360.5467,True,0.0634,0.9235,442.8995,216.0245,0.0321,1.1191,40900.0,0.9223,0.3348,福島銀行,スタンダード（内国株式）,銀行業
8563,2026-09-29,1225.0,-0.0057,0.0251,0.0634,0.299,0.0727,0.2755,1166.68,1061.4267,True,0.05,0.9855,1243.0,701.5122,0.0261,0.6988,122500.0,1.116,0.3656,大東銀行,スタンダード（内国株式）,銀行業
8566,2026-09-29,6590.0,-0.024,-0.0504,-0.0337,0.0768,-0.0244,0.0533,6812.6028,6565.2676,True,-0.0327,0.9482,6950.0,5443.5938,0.0161,3.0401,659000.0,1.3241,0.339,リコーリース,プライム（内国株式）,その他金融業
8570,2026-09-29,1570.0,-0.0264,-0.0453,-0.0732,0.0867,-0.0639,0.0632,1643.0226,1560.8616,True,-0.0444,0.8705,1803.6222,1373.0802,0.0206,10.0067,157000.0,0.9008,0.302,イオンフィナンシャルサービス,プライム（内国株式）,その他金融業
8572,2026-09-29,466.3,-0.0148,-0.0574,-0.0466,0.0275,-0.0373,0.004,484.1239,476.164,True,-0.0368,0.8859,526.346,419.3025,0.0159,6.2911,46629.9988,1.1642,0.4095,アコム,スタンダード（内国株式）,その他金融業
8584,2026-09-29,3555.0,-0.0139,-0.0495,-0.0861,0.0085,-0.0768,-0.015,3751.1514,3685.1171,True,-0.0523,0.8158,4357.7972,3330.0,0.0157,5.3233,355500.0,1.4876,0.4124,ジャックス,プライム（内国株式）,その他金融業
8585,2026-09-29,813.0,-0.0356,-0.0644,-0.0814,-0.0424,-0.072,-0.0659,858.72,867.1867,False,-0.0532,0.7211,1127.4466,812.0,0.017,4.0948,81300.0,1.0935,0.433,オリエントコーポレーション,プライム（内国株式）,その他金融業
8591,2026-09-29,5864.0,-0.0265,-0.0565,-0.0758,-0.0463,-0.0665,-0.0699,6165.1163,6284.8521,True,-0.0488,0.8778,6680.0,3624.1203,0.0214,217.4904,586400.0,1.0071,0.3383,オリックス,プライム（内国株式）,その他金融業
8593,2026-09-29,1319.5,-0.019,-0.0605,-0.0524,0.0042,-0.0431,-0.0194,1386.1571,1382.099,True,-0.0481,0.8692,1518.0,1149.6177,0.0157,58.2136,131950.0,1.0414,0.4148,三菱ＨＣキャピタル,プライム（内国株式）,その他金融業
8595,2026-09-29,2221.5,0.0005,-0.025,-0.0519,-0.0631,-0.0425,-0.0866,2281.2328,2286.3976,True,-0.0262,0.8735,2543.1679,2124.5,0.0113,7.7121,222150.0,1.0729,0.3319,ジャフコ　グループ,プライム（内国株式）,証券、商品先物取引業
8596,2026-09-29,1540.0,-0.0135,-0.0116,-0.0429,0.0541,-0.0336,0.0305,1575.2304,1526.7168,True,-0.0224,0.9112,1690.0,1246.8551,0.0177,0.3775,154000.0,0.8242,0.3458,九州リースサービス,スタンダード（内国株式）,その他金融業
8600,2026-09-29,1192.0,-0.0181,0.0179,0.0856,0.3576,0.0949,0.3341,1137.1054,1018.3685,True,0.0483,0.9779,1218.939,624.3149,0.0258,6.0388,119200.0,1.0378,0.3767,トモニホールディングス,プライム（内国株式）,銀行業
8601,2026-09-29,1786.0,-0.0349,-0.024,-0.0203,0.1194,-0.011,0.0959,1832.0,1765.0333,True,-0.0251,0.941,1898.0,1092.6982,0.0229,100.9089,178600.0,1.2769,0.224,大和証券グループ本社,プライム（内国株式）,証券、商品先物取引業
8604,2026-09-29,1529.5,-0.0411,-0.0384,-0.0509,0.0821,-0.0416,0.0585,1612.98,1541.34,True,-0.0518,0.9061,1688.0,1009.3219,0.0281,161.4511,152950.0,1.0547,0.3826,野村ホールディングス,プライム（内国株式）,証券、商品先物取引業
8609,2026-09-29,1238.0,-0.0213,-0.0213,0.009,0.2909,0.0183,0.2674,1224.72,1094.9733,True,0.0108,0.9687,1278.0,618.5301,0.0252,6.2191,123800.0,0.8997,0.244,岡三証券グループ,プライム（内国株式）,証券、商品先物取引業
8613,2026-09-29,1238.0,-0.0275,-0.0373,-0.0513,0.1527,-0.042,0.1292,1287.8091,1182.083,True,-0.0387,0.9322,1328.0,880.4235,0.0188,3.3378,123800.0,0.9706,0.3349,丸三証券,プライム（内国株式）,証券、商品先物取引業
8614,2026-09-29,690.0,-0.024,-0.0213,-0.0663,0.1238,-0.057,0.1002,721.08,672.7733,True,-0.0431,0.9103,758.0,486.9477,0.0198,4.0279,69000.0,0.6978,0.2859,東洋証券,プライム（内国株式）,証券、商品先物取引業
8616,2026-09-29,866.0,-0.0148,-0.0324,-0.0335,0.1485,-0.0242,0.125,887.0166,818.2455,True,-0.0237,0.9332,928.0,541.2675,0.0209,8.9512,86600.0,1.1366,0.2317,東海東京フィナンシャル・ホールディングス,プライム（内国株式）,証券、商品先物取引業
8617,2026-09-29,607.0,-0.0016,-0.0162,-0.021,0.1346,-0.0117,0.111,614.88,574.92,True,-0.0128,0.9324,651.0,423.7241,0.016,0.0489,60700.0,0.5016,0.2059,光世証券,スタンダード（内国株式）,証券、商品先物取引業
8622,2026-09-29,885.0,-0.0243,-0.0401,-0.0923,0.347,-0.083,0.3235,940.5296,806.8699,True,-0.059,0.885,1000.0,481.651,0.029,3.6786,88500.0,0.8959,0.3314,水戸証券,プライム（内国株式）,証券、商品先物取引業
8624,2026-09-29,1625.0,-0.0293,-0.035,-0.0585,0.1566,-0.0492,0.133,1702.6746,1557.9182,True,-0.0456,0.9043,1797.0,762.7387,0.0283,2.5982,162500.0,1.1216,0.2567,いちよし証券,プライム（内国株式）,証券、商品先物取引業
8628,2026-09-29,1094.0,-0.0301,-0.0697,-0.0729,0.1384,-0.0636,0.1149,1168.2887,1076.6962,True,-0.0636,0.8923,1226.0,728.079,0.0252,13.2301,109400.0,1.034,0.4608,松井証券,プライム（内国株式）,証券、商品先物取引業
8630,2026-09-29,6645.0,-0.0241,-0.0499,-0.0299,0.0652,-0.0206,0.0417,6802.7738,6701.7113,True,-0.0232,0.8964,7413.0,4381.8144,0.0229,157.1791,664500.0,1.0301,0.2927,ＳＯＭＰＯホールディングス,プライム（内国株式）,保険業
8697,2026-09-29,2250.0,-0.0082,-0.0011,-0.0151,0.1002,-0.0058,0.0767,2233.1685,2198.8895,True,0.0075,0.955,2356.0,1493.78,0.0234,82.7216,225000.0,0.964,0.2807,日本取引所グループ,プライム（内国株式）,その他金融業
8698,2026-09-29,690.0,-0.0249,-0.0323,-0.0788,0.1058,-0.0695,0.0822,724.2329,698.291,True,-0.0473,0.8212,840.2626,609.0,0.0204,10.955,69000.0,0.6721,0.277,マネックスグループ,プライム（内国株式）,証券、商品先物取引業
8699,2026-09-29,1130.0,0.0,-0.0018,-0.0182,-0.0191,-0.0089,-0.0426,1133.4,1146.6133,False,-0.003,0.8508,1328.2103,960.1998,0.0149,0.5718,113000.0,0.6486,0.1847,ＨＳホールディングス,スタンダード（内国株式）,証券、商品先物取引業
8700,2026-09-29,2105.0,-0.0259,0.0101,0.0395,0.2029,0.0488,0.1793,2088.64,1936.5867,True,0.0078,0.9478,2221.0,1505.8742,0.0205,0.0699,210500.0,0.5712,0.2716,丸八証券,スタンダード（内国株式）,証券、商品先物取引業
8704,2026-09-29,1417.0,-0.0098,0.0194,0.0121,0.2008,0.0215,0.1773,1395.0478,1294.0559,True,0.0157,0.9719,1458.0,814.8825,0.025,1.2837,141700.0,0.8074,0.2309,トレイダーズホールディングス,スタンダード（内国株式）,証券、商品先物取引業
8705,2026-09-29,213.0,-0.0093,-0.0491,-0.0362,-0.0617,-0.0269,-0.0852,220.3117,223.6906,False,-0.0332,0.7113,299.4404,154.982,0.0177,0.2003,21300.0,0.7235,0.3704,日産証券グループ,スタンダード（内国株式）,証券、商品先物取引業
8706,2026-09-29,1787.0,-0.0171,-0.0459,-0.0765,0.1462,-0.0672,0.1227,1895.2661,1756.5954,True,-0.0571,0.9071,1970.0,1385.5457,0.0172,3.216,178700.0,0.9309,0.3586,極東証券,プライム（内国株式）,証券、商品先物取引業
8707,2026-09-29,4620.0,-0.0149,-0.0263,-0.0233,0.1593,-0.0139,0.1358,4665.2601,4332.8867,True,-0.0097,0.9585,4820.0,2470.4554,0.0217,5.3725,462000.0,0.9183,0.2498,岩井コスモホールディングス,プライム（内国株式）,証券、商品先物取引業
8708,2026-09-29,1668.0,-0.0436,-0.0539,-0.0998,0.1157,-0.0905,0.0922,1773.9283,1651.5894,True,-0.0597,0.8821,1891.0,1192.1916,0.0249,2.9053,166800.0,1.0497,0.3395,アイザワ証券グループ,プライム（内国株式）,証券、商品先物取引業
8713,2026-09-29,2831.0,-0.011,0.0053,-0.0018,0.4518,0.0076,0.4283,2790.4321,2364.4374,True,0.0145,0.9652,2933.0,1484.0079,0.0339,2.1422,283100.0,0.9928,0.3019,フィデアホールディングス,プライム（内国株式）,銀行業
8714,2026-09-29,1110.0,-0.0188,0.0146,0.0193,0.135,0.0286,0.1114,1084.2993,1039.8331,True,0.0237,0.9753,1138.1659,592.4986,0.0269,9.6075,111000.0,0.9848,0.3352,池田泉州ホールディングス,プライム（内国株式）,銀行業
8715,2026-09-29,1032.0,-0.0019,-0.019,-0.0686,-0.1562,-0.0593,-0.1797,1062.56,1161.8933,False,-0.0288,0.6035,1710.0,747.1657,0.0225,2.7613,103200.0,0.7731,0.2498,アニコム　ホールディングス,プライム（内国株式）,保険業
8725,2026-09-29,4850.0,-0.0275,-0.0779,-0.04,0.1439,-0.0307,0.1203,5078.7765,4798.5388,True,-0.045,0.9106,5326.0,3047.066,0.0266,245.5127,485000.0,1.2252,0.3691,ＭＳ＆ＡＤインシュアランスグループホールディングス,プライム（内国株式）,保険業
8729,2026-09-29,156.8,-0.0019,-0.0439,-0.0351,0.0973,-0.0258,0.0737,161.105,153.7497,True,-0.0267,0.7662,204.6586,129.3,0.0231,94.5103,15680.0003,0.9492,0.2931,ソニーフィナンシャルグループ,プライム（内国株式）,保険業
8737,2026-09-29,589.0,-0.0167,-0.0423,-0.0739,-0.0216,-0.0646,-0.0451,619.56,609.7467,True,-0.0493,0.7853,750.037,496.7778,0.0132,0.2126,58900.0,0.8804,0.4634,あかつき本社,スタンダード（内国株式）,証券、商品先物取引業
8739,2026-09-29,2568.0,-0.0165,-0.0418,-0.0157,0.1673,-0.0064,0.1437,2599.9398,2393.0733,True,-0.0123,0.9476,2710.0,1355.9969,0.0196,4.315,256800.0,1.6696,0.3614,スパークス・グループ,プライム（内国株式）,証券、商品先物取引業
8742,2026-09-29,580.0,0.0,-0.0523,0.0432,0.0545,0.0525,0.031,583.36,562.16,True,-0.0058,0.8937,649.0,295.3537,0.0339,0.0495,58000.0,1.6805,0.392,小林洋行,スタンダード（内国株式）,証券、商品先物取引業
8746,2026-09-29,99.0,-0.0481,-0.0294,-0.01,-0.01,-0.0007,-0.0335,110.92,125.4,False,-0.1075,0.1547,640.0,91.0,0.1198,1.4251,9900.0,0.9262,0.3036,ｕｎｂａｎｋｅｄ,スタンダード（内国株式）,証券、商品先物取引業
8747,2026-09-29,2260.0,-0.0367,0.0053,-0.0208,0.059,-0.0115,0.0355,2249.68,2245.84,False,0.0046,0.703,3214.602,1551.7803,0.028,0.1875,226000.0,0.7907,0.3251,豊トラスティ証券,スタンダード（内国株式）,証券、商品先物取引業
8750,2026-09-29,1871.5,-0.0189,-0.0308,0.0303,0.0523,0.0396,0.0287,1856.4611,1845.4137,True,0.0081,0.9553,1959.0,1029.8335,0.0246,177.027,187150.0,1.0895,0.2971,第一ライフグループ,プライム（内国株式）,保険業
8766,2026-09-29,523.2,0.2582,-0.9369,-0.9314,-0.9274,-0.9221,-0.9509,6643.4825,7275.6142,False,-0.9212,0.0618,8468.0,407.8514,1.3573,455.1848,52320.0012,3.8599,1.1201,東京海上ホールディングス,プライム（内国株式）,保険業
8769,2026-09-29,510.0,-0.0173,-0.0341,0.018,0.0387,0.0273,0.0152,507.6,501.7867,True,0.0047,0.7616,669.625,451.0,0.0287,0.1699,51000.0,1.0136,0.362,アドバンテッジリスクマネジメント,スタンダード（内国株式）,サービス業
8771,2026-09-29,1732.0,-0.0035,-0.0388,-0.0457,0.0058,-0.0364,-0.0177,1761.8419,1783.7473,True,-0.0169,0.9082,1907.0,1449.2384,0.0168,2.9478,173200.0,1.2111,0.382,イー・ギャランティ,プライム（内国株式）,その他金融業
8772,2026-09-29,908.0,-0.0044,0.0145,0.01,0.1393,0.0193,0.1157,894.2,850.6133,True,0.0154,0.9642,941.6842,768.0,0.0125,0.0598,90800.0,1.1801,0.2642,アサックス,スタンダード（内国株式）,その他金融業
8783,2026-09-29,45.0,-0.0217,-0.0625,-0.3182,-0.5109,-0.3089,-0.5344,54.36,69.28,False,-0.1722,0.1148,392.0,44.0,0.0508,0.3542,4500.0,0.5852,0.4375,ａｂｃ,スタンダード（内国株式）,その他金融業
8789,2026-09-29,153.0,-0.0192,-0.0497,-0.1207,0.2339,-0.1114,0.2103,163.1575,142.3725,True,-0.0623,0.8596,178.0,101.0,0.0284,2.1246,15300.0,0.9281,0.3457,フィンテック　グローバル,スタンダード（内国株式）,その他金融業
8793,2026-09-29,4135.0,-0.0084,-0.0327,-0.0316,0.0376,-0.0223,0.0141,4209.5965,4130.3322,True,-0.0177,0.9572,4320.0,3702.1127,0.0139,0.7461,413500.0,1.0734,0.2429,ＮＥＣキャピタルソリューション,プライム（内国株式）,その他金融業
8795,2026-09-29,4840.0,-0.0194,-0.0412,-0.0017,0.0069,0.0077,-0.0167,4877.9085,4896.6895,True,-0.0078,0.9351,5176.0,3132.0672,0.0255,71.4578,484000.0,0.8426,0.2577,Ｔ＆Ｄホールディングス,プライム（内国株式）,保険業
8798,2026-09-29,124.0,-0.0677,-0.0882,-0.1143,0.0,-0.105,-0.0235,138.44,131.4667,False,-0.1043,0.3543,350.0,112.0,0.0887,0.3112,12400.0,2.7205,0.5818,アドバンスクリエイト,プライム（内国株式）,保険業
8801,2026-09-29,1453.0,-0.0132,-0.0346,-0.0431,-0.0307,-0.0338,-0.0542,1501.0869,1512.4823,False,-0.032,0.6805,2135.164,1425.0,0.0214,147.2239,145300.0,1.1145,0.2472,三井不動産,プライム（内国株式）,不動産業
8802,2026-09-29,3545.0,-0.0169,-0.0362,-0.0559,-0.1448,-0.0466,-0.1683,3680.6721,3903.944,False,-0.0369,0.6591,5378.8195,3178.3479,0.0241,134.2451,354500.0,1.011,0.226,三菱地所,プライム（内国株式）,不動産業
8803,2026-09-29,2300.0,-0.0065,-0.0369,-0.0452,-0.0449,-0.0359,-0.0684,2365.8214,2362.9671,True,-0.0278,0.9138,2517.0,2105.6813,0.0134,4.4173,230000.0,1.233,0.3475,平和不動産,プライム（内国株式）,不動産業
8804,2026-09-29,3243.0,-0.0173,-0.0223,-0.0537,-0.0161,-0.0444,-0.0396,3353.72,3349.5998,True,-0.033,0.7553,4293.5859,2707.4442,0.0203,29.3333,324300.0,1.1428,0.213,東京建物,プライム（内国株式）,不動産業
8818,2026-09-29,1060.0,-0.0038,-0.0644,-0.0636,-0.0212,-0.0543,-0.0448,1108.035,1098.0383,True,-0.0434,0.8968,1182.0,787.0648,0.0218,6.2169,106000.0,1.7619,0.3938,京阪神ビルディング,プライム（内国株式）,不動産業
8830,2026-09-29,3096.0,-0.0187,-0.0483,-0.0859,-0.1724,-0.0766,-0.196,3266.5804,3502.1268,False,-0.0522,0.5808,5330.4983,3069.1653,0.0239,98.0502,309600.0,0.9949,0.2283,住友不動産,プライム（内国株式）,不動産業
8835,2026-09-29,782.0,-0.0126,-0.0188,-0.0237,0.0103,-0.0144,-0.0132,797.04,784.8667,True,-0.0189,0.5061,1545.0,733.3775,0.0087,0.1253,78200.0,0.6841,0.3389,太平洋興発,スタンダード（内国株式）,卸売業
8836,2026-09-29,26.0,0.0,0.0,-0.037,0.04,-0.0277,0.0165,26.96,26.3867,True,-0.0356,0.65,40.0,22.0,0.044,0.0113,2600.0,0.4082,0.0875,ＲＩＳＥ,スタンダード（内国株式）,不動産業
8841,2026-09-29,997.0,-0.0124,-0.0292,-0.0395,0.0407,-0.0302,0.0172,1017.5778,976.0193,True,-0.0202,0.8421,1184.0,783.2758,0.024,0.9434,99700.0,0.8477,0.2214,テーオーシー,スタンダード（内国株式）,不動産業
8844,2026-09-29,1195.0,-0.0017,-0.044,-0.0657,-0.0808,-0.0564,-0.1043,1243.8821,1283.8807,True,-0.0393,0.7914,1510.0,1021.7504,0.0212,0.6925,119500.0,0.8068,0.3437,コスモスイニシア,スタンダード（内国株式）,不動産業
8848,2026-09-29,1020.0,-0.0135,-0.0377,0.6139,0.5644,0.6232,0.5409,757.92,684.08,True,0.3458,0.9623,1060.0,598.0,0.042,40.7315,102000.0,3.5106,0.9543,レオパレス２１,プライム（内国株式）,不動産業
8850,2026-09-29,4690.0,-0.0085,-0.0178,-0.0074,0.0342,0.0019,0.0106,4711.2562,4671.5521,True,-0.0045,0.8902,5268.2792,4390.0,0.0162,2.7162,469000.0,1.0246,0.3165,スターツコーポレーション,プライム（内国株式）,不動産業
8860,2026-09-29,722.0,-0.0163,-0.0386,-0.0587,-0.0512,-0.0494,-0.0748,749.3226,754.6275,True,-0.0365,0.7916,912.0723,704.0,0.0134,0.4594,72200.0,1.0477,0.3098,フジ住宅,プライム（内国株式）,不動産業
8864,2026-09-29,941.0,-0.0021,-0.0279,-0.0388,0.0151,-0.0295,-0.0084,963.0669,951.3023,True,-0.0229,0.8608,1093.1736,848.0,0.0155,0.6785,94100.0,0.7904,0.2531,空港施設,スタンダード（内国株式）,不動産業
8869,2026-09-29,800.0,-0.0184,-0.022,-0.0533,0.0139,-0.0439,-0.0096,824.84,817.6267,True,-0.0301,0.6815,1173.9295,756.0,0.0106,0.4603,80000.0,1.003,0.2588,明和地所,スタンダード（内国株式）,不動産業
8871,2026-09-29,3085.0,-0.0144,-0.0449,-0.0805,-0.0522,-0.0712,-0.0758,3237.195,3280.9317,False,-0.047,0.8013,3850.0,3083.6981,0.0168,1.6066,308500.0,0.9415,0.3271,ゴールドクレスト,スタンダード（内国株式）,不動産業
8876,2026-09-29,2271.0,-0.0042,0.0053,0.0509,0.1378,0.0602,0.1142,2216.9107,2071.7102,True,0.0244,0.985,2305.5,1560.292,0.0227,13.9547,227100.0,1.1147,0.3988,リログループ,プライム（内国株式）,サービス業
8877,2026-09-29,5080.0,-0.0039,-0.0379,-0.054,0.0421,-0.0447,0.0185,5239.8988,5118.9663,True,-0.0305,0.6865,7399.5286,4760.0,0.0165,1.4796,508000.0,1.0786,0.2861,エスリード,プライム（内国株式）,不動産業
8881,2026-09-29,648.0,-0.0197,-0.0256,-0.0457,0.0078,-0.0363,-0.0158,666.12,660.7867,True,-0.0272,0.8132,796.8824,546.1885,0.0116,0.7322,64800.0,0.8727,0.32,日神グループホールディングス,プライム（内国株式）,不動産業
8887,2026-09-29,361.0,-0.0055,0.0028,-0.0672,0.0285,-0.0579,0.0049,369.64,367.92,True,-0.0234,0.7422,486.3603,333.0,0.0129,0.2317,36100.0,0.9857,0.2369,シーラホールディングス,スタンダード（内国株式）,不動産業
8891,2026-09-29,2124.0,0.0197,0.0271,0.0168,0.0727,0.0261,0.0492,2065.7079,2019.9026,True,0.0282,0.7558,2810.3508,1648.0,0.0243,0.0971,212400.0,1.1245,0.3098,ＡＭＧホールディングス,スタンダード（内国株式）,不動産業
8892,2026-09-29,1083.0,-0.0287,-0.0407,-0.0424,0.0046,-0.0331,-0.0189,1114.08,1100.1467,True,-0.0279,0.8855,1223.0,948.2425,0.0145,1.6908,108300.0,0.8664,0.35,エスコン,プライム（内国株式）,不動産業
8894,2026-09-29,16.0,-0.0588,-0.1579,-0.2727,-0.3043,-0.2634,-0.3279,19.92,22.4267,False,-0.1968,0.2051,78.0,15.0,0.1027,0.1615,1600.0,0.9777,0.3652,ＲＥＶＯＬＵＴＩＯＮ,スタンダード（内国株式）,不動産業
8897,2026-09-29,437.0,-0.0068,-0.05,-0.0582,0.0898,-0.0489,0.0662,452.08,427.96,True,-0.0334,0.9258,472.0,350.7561,0.0161,4.1717,43700.0,1.0846,0.3686,ＭＩＲＡＲＴＨホールディングス,プライム（内国株式）,不動産業
8898,2026-09-29,1133.0,-0.0061,-0.0165,-0.0044,-0.0018,0.0049,-0.0253,1136.8409,1130.027,True,-0.0034,0.9734,1164.0,1067.6386,0.0117,0.0467,113300.0,1.0358,0.3223,センチュリー２１・ジャパン,スタンダード（内国株式）,不動産業
8904,2026-09-29,822.0,-0.0012,-0.0036,-0.0261,0.0263,-0.0168,0.0027,829.2918,827.0485,True,-0.0088,0.9573,858.6698,756.8257,0.0066,0.1625,82200.0,0.6639,0.2395,ＡＶＡＮＴＩＡ,スタンダード（内国株式）,不動産業
8908,2026-09-29,881.0,-0.009,-0.0045,-0.0068,0.034,0.0026,0.0105,884.56,865.2533,True,-0.004,0.9601,917.6293,765.9406,0.0109,0.0468,88100.0,0.9328,0.3215,毎日コムネット,スタンダード（内国株式）,不動産業
8912,2026-09-29,157.0,0.0064,-0.0063,0.0064,0.0261,0.0157,0.0026,157.88,156.6875,False,-0.0056,0.5716,274.6497,145.6328,0.0159,0.4637,15700.0,0.3873,0.24,エリアクエスト,スタンダード（内国株式）,不動産業
8914,2026-09-29,861.0,-0.0205,-0.0194,-0.0918,0.0487,-0.0825,0.0252,905.2,893.4279,False,-0.0488,0.655,1314.4129,796.0,0.0207,0.5539,86100.0,0.4896,0.3024,エリアリンク,スタンダード（内国株式）,不動産業
8917,2026-09-29,1090.0,-0.0046,0.0093,-0.0472,0.013,-0.0379,-0.0105,1108.64,1109.0267,True,-0.0168,0.8788,1240.3308,999.0,0.018,0.8203,109000.0,1.142,0.3168,ファースト住建,スタンダード（内国株式）,不動産業
8918,2026-09-29,10.0,0.0,0.0,0.0,-0.0909,0.0093,-0.1145,10.4,10.2267,True,-0.0385,0.8333,12.0,8.0,0.1,32.1913,1000.0,0.8391,0.1,ランド,スタンダード（内国株式）,不動産業
8919,2026-09-29,3460.0,-0.0156,-0.01,-0.1025,0.0469,-0.0931,0.0234,3607.5848,3440.8616,True,-0.0409,0.8895,3890.0,2394.11,0.0237,6.8109,346000.0,0.9435,0.3541,カチタス,プライム（内国株式）,不動産業
8920,2026-09-29,674.0,-0.0161,-0.0316,-0.0716,-0.0989,-0.0623,-0.1225,705.6012,733.6004,False,-0.0448,0.6917,974.4,672.0,0.0186,0.4853,67400.0,0.8909,0.2786,東祥,スタンダード（内国株式）,サービス業
8923,2026-09-29,1721.0,-0.0249,0.0171,-0.0616,0.0159,-0.0523,-0.0076,1749.8,1736.16,True,-0.0165,0.8857,1943.0,1477.0,0.0187,3.5298,172100.0,0.9488,0.3632,トーセイ,プライム（内国株式）,不動産業
8927,2026-09-29,503.0,-0.0098,0.0224,0.0567,0.1362,0.066,0.1126,485.88,460.2913,True,0.0352,0.9307,540.4619,391.569,0.0145,0.5274,50300.0,1.3849,0.4529,明豊エンタープライズ,スタンダード（内国株式）,不動産業
8928,2026-09-29,2301.0,-0.0022,-0.0073,-0.0209,0.0227,-0.0115,-0.0009,2315.48,2293.0024,False,-0.0063,0.8056,2856.3963,2043.4411,0.0073,0.1403,230100.0,0.4813,0.347,穴吹興産,スタンダード（内国株式）,不動産業
8929,2026-09-29,1361.0,-0.0152,-0.0166,-0.0449,0.0905,-0.0356,0.067,1378.36,1307.4286,True,-0.0126,0.6737,2020.2999,1185.0,0.0196,0.9083,136100.0,0.6495,0.3219,青山財産ネットワークス,スタンダード（内国株式）,不動産業
8931,2026-09-29,1318.0,-0.0038,0.0023,-0.0565,0.0828,-0.0472,0.0593,1337.5152,1321.1738,True,-0.0146,0.755,1745.7588,1198.5514,0.016,0.1804,131800.0,1.1085,0.5932,和田興産,スタンダード（内国株式）,不動産業
8934,2026-09-29,2297.0,-0.025,-0.0477,-0.083,-0.0543,-0.0737,-0.0779,2431.5093,2447.5964,True,-0.0553,0.7962,2885.0,2184.8234,0.018,3.4028,229700.0,1.2067,0.3001,サンフロンティア不動産,プライム（内国株式）,不動産業
8935,2026-09-29,1946.0,-0.0162,-0.0289,-0.0461,0.0933,-0.0368,0.0697,1995.5798,1893.0599,True,-0.0248,0.9333,2085.0,1354.8032,0.0198,1.0901,194600.0,0.9858,0.3925,ＦＪネクストホールディングス,プライム（内国株式）,不動産業
8938,2026-09-29,314.0,-0.0309,-0.0682,-0.0599,0.0228,-0.0506,-0.0007,330.16,331.3333,False,-0.0489,0.4961,633.0,268.0,0.0441,0.0166,31400.0,0.3526,0.1804,グローム・ホールディングス,グロース（内国株式）,不動産業
8944,2026-09-29,248.0,0.004,-0.0159,0.0248,0.029,0.0341,0.0055,245.5257,242.6552,False,0.0101,0.7126,348.0,210.6,0.0221,0.1031,24800.0,0.8952,0.2921,ランドビジネス,スタンダード（内国株式）,不動産業
8945,2026-09-29,1092.0,0.0018,0.0037,-0.0036,-0.0073,0.0057,-0.0308,1090.28,1097.6355,False,0.0016,0.8004,1364.3024,974.2761,0.006,0.0267,109200.0,0.8356,0.1846,サンネクスタグループ,スタンダード（内国株式）,不動産業
8946,2026-09-29,74.0,0.0278,0.0137,-0.0133,-0.0133,-0.004,-0.0369,74.68,75.84,False,-0.0091,0.4654,159.0,71.0,0.0203,0.0535,7400.0,0.8158,0.2667,ＡＳＩＡＮ　ＳＴＡＲ,スタンダード（内国株式）,不動産業
8995,2026-09-29,1808.0,-0.068,-0.0937,0.1958,1.1549,0.2051,1.1314,1837.44,1289.4,True,-0.016,0.6173,2929.0,761.0131,0.2166,8.984,180800.0,1.6151,0.3042,誠建設工業,スタンダード（内国株式）,不動産業
8996,2026-09-29,1086.0,0.0131,0.015,-0.0207,0.0981,-0.0114,0.0745,1091.32,1043.48,True,-0.0049,0.9535,1139.0,833.9279,0.0176,0.0298,108600.0,1.2298,0.3303,ハウスフリーダム,スタンダード（内国株式）,不動産業
8999,2026-09-29,563.0,-0.014,-0.0123,-0.031,0.1149,-0.0217,0.0913,569.68,546.08,True,-0.0117,0.9019,624.264,499.0,0.0119,0.2835,56300.0,0.7154,0.283,グランディハウス,プライム（内国株式）,不動産業
9001,2026-09-29,2816.5,-0.0298,-0.0621,-0.0652,-0.0366,-0.0559,-0.0601,2962.3016,2954.8605,True,-0.0492,0.8704,3236.0,2430.6682,0.0172,26.1071,281650.0,1.5666,0.4213,東武鉄道,プライム（内国株式）,陸運業
9003,2026-09-29,2502.0,-0.031,-0.0594,-0.0519,0.0068,-0.0426,-0.0167,2618.2648,2551.3749,True,-0.0444,0.79,3167.0,2323.0,0.0179,14.0656,250200.0,2.1454,0.4201,相鉄ホールディングス,プライム（内国株式）,陸運業
9005,2026-09-29,1600.0,-0.0172,-0.0516,-0.0326,-0.0448,-0.0233,-0.0683,1655.1353,1684.2984,True,-0.0333,0.8024,1993.9622,1580.0,0.0164,38.6699,160000.0,1.0201,0.4106,東急,プライム（内国株式）,陸運業
9006,2026-09-29,1513.5,-0.0092,-0.0439,-0.0351,0.0278,-0.0258,0.0043,1559.6815,1535.1938,True,-0.0296,0.9074,1668.0,1379.8582,0.0149,14.1541,151350.0,1.2984,0.3735,京浜急行電鉄,プライム（内国株式）,陸運業
9007,2026-09-29,1704.0,-0.0229,-0.0784,-0.0408,0.0222,-0.0315,-0.0013,1786.3732,1730.5644,True,-0.0461,0.91,1872.5,1536.5,0.0187,26.2397,170400.0,1.258,0.4805,小田急電鉄,プライム（内国株式）,陸運業
9008,2026-09-29,754.2,-0.026,-0.0588,-0.0373,0.0086,-0.028,-0.015,786.2753,770.1838,True,-0.0408,0.888,849.3,711.4,0.0219,20.1667,75420.0012,1.6104,0.3944,京王電鉄,プライム（内国株式）,陸運業
9009,2026-09-29,1324.0,-0.0112,-0.0499,-0.0123,0.1404,-0.003,0.1169,1361.7833,1263.2344,True,-0.0277,0.9281,1426.5,1033.0,0.0213,27.1773,132400.0,1.1528,0.3851,京成電鉄,プライム（内国株式）,陸運業
9010,2026-09-29,2627.0,-0.0042,-0.0124,-0.0544,0.0298,-0.045,0.0062,2664.72,2627.3867,True,-0.0142,0.9266,2835.0,1921.0913,0.0219,5.135,262700.0,1.2131,0.2258,富士急行,プライム（内国株式）,陸運業
9020,2026-09-29,3337.0,-0.0153,-0.0629,-0.0741,-0.0208,-0.0648,-0.0444,3521.3701,3504.5634,False,-0.0524,0.801,4166.2632,3243.0,0.0197,100.3111,333700.0,0.9795,0.4232,東日本旅客鉄道,プライム（内国株式）,陸運業
9021,2026-09-29,2908.5,-0.0159,-0.0584,-0.0284,0.0673,-0.0191,0.0438,3001.9974,2893.4125,True,-0.0311,0.8381,3470.4961,2453.0,0.0176,59.1156,290850.0,0.7958,0.3781,西日本旅客鉄道,プライム（内国株式）,陸運業
9022,2026-09-29,3675.0,-0.0192,-0.0435,-0.0708,0.0594,-0.0615,0.0358,3862.1188,3734.2129,True,-0.0484,0.7638,4811.6914,3202.0,0.02,85.8127,367500.0,0.8462,0.3406,東海旅客鉄道,プライム（内国株式）,陸運業
9023,2026-09-29,1470.5,-0.0157,-0.0513,-0.0051,0.0345,0.0042,0.0109,1503.6182,1455.0527,True,-0.022,0.8532,1723.4821,1315.5,0.0177,27.5257,147050.0,1.0067,0.3896,東京地下鉄,プライム（内国株式）,陸運業
9024,2026-09-29,3525.0,-0.0195,-0.0319,0.0454,0.1109,0.0547,0.0874,3506.9821,3388.814,True,0.0051,0.6034,5841.5112,2579.5,0.0246,67.3541,352500.0,0.7193,0.2119,西武ホールディングス,プライム（内国株式）,陸運業
9025,2026-09-29,2833.0,-0.0156,-0.0503,-0.0275,0.0465,-0.0181,0.023,2902.3027,2841.4742,True,-0.0239,0.7973,3553.3445,2600.0,0.0182,2.5529,283300.0,0.9853,0.3123,鴻池運輸,プライム（内国株式）,陸運業
9028,2026-09-29,3300.0,-0.006,-0.0135,-0.0691,-0.0909,-0.0598,-0.1145,3403.2,3521.062,False,-0.0303,0.8073,4087.9449,2828.7613,0.015,0.4763,330000.0,1.1417,0.1813,ゼロ,スタンダード（内国株式）,陸運業
9029,2026-09-29,1877.0,0.0064,0.0416,-0.029,-0.0069,-0.0197,-0.0304,1863.0,1898.36,False,0.0075,0.8663,2166.6665,1519.3798,0.017,0.0999,187700.0,0.7929,0.2975,ヒガシホールディングス,スタンダード（内国株式）,陸運業
9031,2026-09-29,2927.5,-0.0405,-0.0703,-0.0569,0.0041,-0.0475,-0.0194,3097.7353,3024.1051,True,-0.055,0.8874,3299.0,2160.9684,0.0244,11.3435,292750.0,2.196,0.3977,西日本鉄道,プライム（内国株式）,陸運業
9033,2026-09-29,620.0,-0.0096,-0.0205,-0.0127,-0.0159,-0.0034,-0.0394,631.56,626.5333,True,-0.0183,0.9357,662.5994,587.5509,0.0071,0.0679,62000.0,0.9067,0.3387,広島電鉄,スタンダード（内国株式）,陸運業
9034,2026-09-29,1648.0,-0.0018,-0.0108,0.0129,0.0404,0.0222,0.0169,1648.4199,1620.34,True,-0.0003,0.9694,1700.0,1380.1784,0.015,0.1018,164800.0,0.9156,0.3125,南総通運,スタンダード（内国株式）,陸運業
9036,2026-09-29,1231.0,0.0148,-0.004,-0.0284,-0.0073,-0.0191,-0.0308,1237.9541,1273.9314,False,-0.0056,0.8513,1446.0,899.9691,0.0148,0.0155,123100.0,0.3619,0.3281,東部ネットワーク,スタンダード（内国株式）,陸運業
9037,2026-09-29,1812.0,-0.0152,-0.0195,-0.0382,-0.0022,-0.0289,-0.0257,1841.077,1831.4123,False,-0.0158,0.934,1940.0304,1481.9265,0.0131,1.8927,181200.0,0.9449,0.353,ハマキョウレックス,プライム（内国株式）,陸運業
9039,2026-09-29,2956.0,-0.0179,-0.0308,-0.0147,0.0162,-0.0054,-0.0074,2998.5803,2949.2734,True,-0.0142,0.9566,3090.0,2614.891,0.0145,3.2774,295600.0,1.6683,0.3216,サカイ引越センター,プライム（内国株式）,陸運業
9041,2026-09-29,3424.0,-0.0161,-0.042,-0.0251,0.0145,-0.0157,-0.009,3503.9017,3482.2739,False,-0.0228,0.9185,3728.0,2745.7249,0.0144,30.2209,342400.0,1.7467,0.342,近鉄グループホールディングス,プライム（内国株式）,陸運業
9042,2026-09-29,4336.0,-0.017,-0.0729,-0.09,0.015,-0.0807,-0.0086,4646.4374,4597.7725,False,-0.0668,0.8366,5183.0,3774.3315,0.0195,42.8699,433600.0,1.1059,0.4649,阪急阪神ホールディングス,プライム（内国株式）,陸運業
9044,2026-09-29,3079.0,-0.0258,-0.0467,0.0072,0.0828,0.0165,0.0593,3127.63,2966.1967,True,-0.0155,0.928,3318.0,2583.5,0.0217,20.0868,307900.0,2.6779,0.3248,ＮＡＮＫＡＩ,プライム（内国株式）,陸運業
9045,2026-09-29,3085.0,-0.0356,-0.0548,-0.0487,-0.0305,-0.0394,-0.054,3215.84,3195.44,True,-0.0407,0.8842,3489.1669,2993.3481,0.0165,10.3326,308500.0,1.1833,0.4163,京阪ホールディングス,プライム（内国株式）,陸運業
9046,2026-09-29,2400.0,-0.0264,-0.0377,-0.0369,-0.0008,-0.0276,-0.0244,2473.52,2448.8267,True,-0.0297,0.9181,2614.1714,2302.3714,0.0129,0.2832,240000.0,1.7833,0.3565,神戸電鉄,スタンダード（内国株式）,陸運業
9048,2026-09-29,1835.0,-0.0153,-0.045,-0.0306,-0.0057,-0.0213,-0.0292,1884.44,1870.98,True,-0.0262,0.912,2012.0,1539.3765,0.0142,22.8202,183500.0,2.1626,0.3625,名古屋鉄道,プライム（内国株式）,陸運業
9051,2026-09-29,1246.0,-0.0091,-0.0111,-0.0708,-0.061,-0.0615,-0.0846,1308.864,1308.4747,False,-0.048,0.8012,1555.0749,1155.0,0.026,0.0237,124600.0,2.2613,0.4563,センコン物流,スタンダード（内国株式）,陸運業
9052,2026-09-29,1948.0,-0.0226,-0.0342,-0.0502,0.0067,-0.0409,-0.0168,2009.8554,1979.6851,True,-0.0308,0.9067,2148.5403,1850.0,0.0105,1.2417,194800.0,1.4211,0.3765,山陽電気鉄道,プライム（内国株式）,陸運業
9057,2026-09-29,3235.0,-0.0083,-0.0107,0.0047,0.0286,0.014,0.0051,3234.2719,3199.424,True,0.0002,0.8454,3826.7884,2996.473,0.0132,0.0272,323500.0,0.7081,0.2817,遠州トラック,スタンダード（内国株式）,陸運業
9059,2026-09-29,925.0,0.0022,0.0076,0.0076,0.0335,0.0169,0.01,919.8883,902.4828,True,0.0056,0.985,939.0591,780.2476,0.0088,0.0302,92500.0,0.6947,0.3379,カンダホールディングス,スタンダード（内国株式）,陸運業
9060,2026-09-29,4195.0,0.0096,0.0121,0.0108,-0.0244,0.0202,-0.048,4151.6134,4211.5378,False,0.0105,0.8139,5153.9316,4060.0,0.0038,0.0091,419500.0,0.2631,0.466,日本ロジテム,スタンダード（内国株式）,陸運業
9063,2026-09-29,4125.0,-0.0072,-0.006,-0.0317,0.0618,-0.0224,0.0382,4185.2,4080.6,True,-0.0144,0.8579,4808.1968,3336.2997,0.0088,0.0376,412500.0,1.4299,0.2333,岡山県貨物運送,スタンダード（内国株式）,陸運業
9064,2026-09-29,1999.0,-0.0074,-0.0092,0.0238,0.0897,0.0331,0.0661,1964.7035,1936.4812,True,0.0175,0.8337,2397.6127,1674.9796,0.0184,23.7687,199900.0,0.9689,0.2394,ヤマトホールディングス,プライム（内国株式）,陸運業
9065,2026-09-29,1567.0,0.0419,-0.8105,-0.8127,-0.8184,-0.8034,-0.8419,7122.36,8210.0,False,-0.78,0.158,9919.1961,1492.3954,0.3779,17.1736,156700.0,2.2281,1.1442,山九,プライム（内国株式）,陸運業
9068,2026-09-29,3570.0,-0.0014,-0.5136,-0.524,-0.5143,-0.5147,-0.5378,6712.0054,7232.4018,False,-0.4681,0.3767,9476.6818,3540.0,0.1085,1.8526,357000.0,1.3455,1.0176,丸全昭和運輸,プライム（内国株式）,陸運業
9069,2026-09-29,2312.0,-0.0139,-0.0224,0.0294,0.1808,0.0387,0.1573,2276.5645,2155.4748,True,0.0156,0.972,2378.5,1671.5624,0.0175,8.1882,231200.0,0.974,0.3964,センコーグループホールディングス,プライム（内国株式）,陸運業
9072,2026-09-29,5072.0,0.0056,-0.0161,-0.068,-0.14,-0.0587,-0.1636,5215.8057,5452.3752,False,-0.0276,0.7583,6689.0,3284.188,0.0173,10.6179,507200.0,0.7659,0.2426,ニッコンホールディングス,プライム（内国株式）,陸運業
9073,2026-09-29,1275.0,0.0,0.0079,0.0241,0.0241,0.0334,0.0006,1245.28,1244.2933,True,0.0239,0.8302,1535.7253,1200.0,0.0125,0.0078,127500.0,0.737,0.3438,京極運輸商事,スタンダード（内国株式）,陸運業
9074,2026-09-29,2593.0,0.0584,-0.467,-0.4906,-0.5394,-0.4813,-0.563,4583.0941,5068.9647,False,-0.4342,0.4499,5764.0219,2398.755,0.1025,0.1305,259300.0,2.3761,1.0092,日本石油輸送,スタンダード（内国株式）,陸運業
9075,2026-09-29,6020.0,-0.0275,-0.0579,-0.0638,0.0886,-0.0544,0.0651,6265.5263,6077.9754,False,-0.0392,0.8479,7100.0,3575.615,0.0236,4.628,602000.0,0.6846,0.3662,福山通運,プライム（内国株式）,陸運業
9076,2026-09-29,2626.0,-0.0214,-0.0515,-0.0513,-0.0015,-0.042,-0.0251,2729.9924,2699.1375,True,-0.0381,0.9227,2846.0,2076.6823,0.0169,9.9382,262600.0,0.9688,0.357,セイノーホールディングス,プライム（内国株式）,陸運業
9081,2026-09-29,3940.0,-0.0343,-0.0248,-0.0138,0.1114,-0.0045,0.0879,4007.448,3804.816,True,-0.0168,0.9621,4095.0,3210.0,0.018,0.7764,394000.0,2.0837,0.2328,神奈川中央交通,プライム（内国株式）,陸運業
9082,2026-09-29,2638.0,-0.0662,0.1814,0.3459,0.8577,0.3552,0.8342,2217.4536,1799.6712,True,0.1897,0.802,3289.1785,1065.8973,0.1079,0.4747,263800.0,4.2601,0.3898,大和自動車交通,スタンダード（内国株式）,陸運業
9083,2026-09-29,2017.0,-0.0137,0.0161,0.0239,0.0666,0.0332,0.0431,1983.6011,1948.5337,True,0.0168,0.9474,2128.9536,1784.1439,0.0157,0.0997,201700.0,1.851,0.341,神姫バス,スタンダード（内国株式）,陸運業
9090,2026-09-29,869.0,-0.0069,-0.0554,-0.0247,0.0862,-0.0154,0.0627,892.6192,856.6197,True,-0.0265,0.7798,1114.3899,738.0,0.022,5.4951,86900.0,1.4341,0.3246,ＡＺ－ＣＯＭ丸和ホールディングス,プライム（内国株式）,陸運業
9101,2026-09-29,7078.0,-0.0146,-0.0645,0.0211,0.357,0.0304,0.3334,7205.6308,6210.0903,True,-0.0177,0.9314,7599.0,4699.5137,0.027,203.7171,707800.0,0.8562,0.2827,日本郵船,プライム（内国株式）,海運業
9104,2026-09-29,6900.0,-0.0172,-0.0723,-0.0147,0.3236,-0.0054,0.3001,7097.018,6186.4327,True,-0.0278,0.9189,7509.0,4222.6933,0.0289,211.2614,690000.0,0.9731,0.3312,商船三井,プライム（内国株式）,海運業
9107,2026-09-29,3283.0,-0.0191,-0.0757,-0.0015,0.3211,0.0078,0.2976,3386.3697,2931.4432,True,-0.0305,0.9094,3610.0,1951.7947,0.0302,140.33,328300.0,0.8492,0.3534,川崎汽船,プライム（内国株式）,海運業
9110,2026-09-29,10510.0,0.0,0.001,0.0038,0.6345,0.0131,0.611,10488.0,8747.8667,True,0.0021,0.9972,10540.0,4828.6305,0.002,15.7457,1051000.0,0.8522,0.28,ＮＳユナイテッド海運,プライム（内国株式）,海運業
9115,2026-09-29,1031.0,-0.0209,-0.09,-0.0237,0.2871,-0.0144,0.2636,1090.08,931.9733,False,-0.0542,0.5879,1753.7142,597.8571,0.0558,1.0937,103100.0,1.8695,0.3965,明海グループ,スタンダード（内国株式）,海運業
9119,2026-09-29,1692.0,-0.0151,-0.0563,-0.0053,0.2138,0.004,0.1902,1732.5876,1571.5025,True,-0.0234,0.8758,1932.0,1108.8163,0.0227,4.7109,169200.0,0.94,0.3247,飯野海運,プライム（内国株式）,海運業
9127,2026-09-29,3600.0,-0.011,-0.0426,0.0778,0.3115,0.0872,0.2879,3471.8043,3037.7081,True,0.0369,0.7784,4625.0551,2097.2067,0.0368,0.1944,360000.0,1.1022,0.3546,玉井商船,スタンダード（内国株式）,海運業
9130,2026-09-29,1724.0,-0.0052,-0.0964,0.0342,0.1956,0.0435,0.172,1683.2923,1529.3774,True,0.0242,0.5748,2999.1453,992.4444,0.0739,6.0233,172400.0,4.2254,0.4096,共栄タンカー,スタンダード（内国株式）,海運業
9142,2026-09-29,3388.0,-0.0138,-0.0544,-0.0565,-0.0309,-0.0472,-0.0544,3542.0363,3536.2654,True,-0.0435,0.8281,4091.4888,3388.0,0.0174,29.8402,338800.0,1.2281,0.3543,九州旅客鉄道,プライム（内国株式）,陸運業
9143,2026-09-29,1443.5,-0.0143,-0.0488,-0.0519,-0.0645,-0.0426,-0.088,1494.8735,1538.1778,True,-0.0344,0.8618,1675.0,1368.0,0.0162,20.7539,144350.0,0.9281,0.3337,ＳＧホールディングス,プライム（内国株式）,陸運業
9145,2026-09-29,540.0,-0.0146,-0.0955,-0.0863,0.0736,-0.077,0.05,578.16,561.04,True,-0.066,0.5656,954.716,494.0,0.0347,0.1111,54000.0,1.0952,0.3687,ビーイングホールディングス,スタンダード（内国株式）,陸運業
9147,2026-09-29,5676.0,-0.0161,0.0094,-0.0103,0.1253,-0.001,0.1018,5610.0,5403.3121,True,0.0118,0.9676,5866.0,3090.6225,0.0209,56.594,567600.0,0.8233,0.4832,ＮＩＰＰＯＮ　ＥＸＰＲＥＳＳホールディングス,プライム（内国株式）,陸運業
9158,2026-09-29,778.0,-0.0275,-0.0299,0.0761,-0.0127,0.0854,-0.0362,760.08,779.3333,False,0.0236,0.5912,1316.0,670.0,0.027,0.2153,77800.0,0.5321,0.3238,シーユーシー,グロース（内国株式）,サービス業
9159,2026-09-29,1882.0,-0.0069,-0.0466,-0.0882,0.0053,-0.0789,-0.0182,1972.48,1915.3867,False,-0.0459,0.6539,2878.0,1485.0,0.0153,0.0611,188200.0,0.6125,0.3673,Ｗ　ＴＯＫＹＯ,グロース（内国株式）,サービス業
9160,2026-09-29,334.0,-0.003,0.003,0.0373,0.1678,0.0466,0.1443,330.72,308.7333,True,0.0099,0.9076,368.0,280.0,0.0152,0.1188,33400.0,1.1314,0.2366,オンザページ,スタンダード（内国株式）,サービス業
9162,2026-09-29,228.0,-0.0087,-0.0087,-0.0087,-0.0298,0.0006,-0.0533,229.72,232.32,False,-0.0075,0.57,400.0,223.0,0.0135,0.0238,22800.0,0.6167,0.1628,ブリーチ,グロース（内国株式）,サービス業
9163,2026-09-29,2394.0,-0.0054,-0.0008,-0.0042,0.0877,0.0052,0.0641,2373.8,2303.1867,True,0.0085,0.9868,2426.0,2071.0,0.0122,0.4213,239400.0,1.0329,0.3775,ナレルグループ,グロース（内国株式）,サービス業
9165,2026-09-29,1845.0,0.0244,0.0424,0.0721,0.0885,0.0814,0.065,1742.84,1720.6795,False,0.0586,0.807,2286.1192,1284.1179,0.0179,0.1131,184500.0,0.7651,0.3303,クオルテック,グロース（内国株式）,サービス業
9166,2026-09-29,649.0,-0.0328,-0.0662,-0.1626,0.0873,-0.1533,0.0637,719.36,643.492,True,-0.0978,0.673,964.3833,451.8995,0.0449,9.4694,64900.0,0.9208,0.3466,ＧＥＮＤＡ,グロース（内国株式）,サービス業
9168,2026-09-29,429.0,0.0047,0.0142,0.007,0.1028,0.0164,0.0793,423.28,405.0267,True,0.0135,0.3923,1093.4241,377.0,0.0165,0.3392,42900.0,0.5002,0.2263,ライズ・コンサルティング・グループ,グロース（内国株式）,サービス業
9171,2026-09-29,1491.0,0.0047,-0.0268,-0.0165,-0.1624,-0.0072,-0.1859,1497.96,1635.48,False,-0.0046,0.7081,2105.5208,1088.5292,0.0188,0.0346,149100.0,0.753,0.3705,栗林商船,スタンダード（内国株式）,海運業
9173,2026-09-29,2809.0,0.0004,0.0,-0.0028,-0.0497,0.0065,-0.0733,2815.08,2884.08,False,-0.0022,0.841,3339.9851,2740.0,0.0035,0.0314,280900.0,0.6055,0.2216,東海汽船,スタンダード（内国株式）,海運業
9193,2026-09-29,882.0,-0.009,-0.0068,0.0046,0.0796,0.0139,0.056,880.2,870.2533,False,0.002,0.6771,1302.5631,801.0,0.0105,0.0531,88200.0,0.5805,0.4092,東京汽船,スタンダード（内国株式）,倉庫・運輸関連業
9201,2026-09-29,3012.0,-0.0179,-0.0199,-0.0121,0.0568,-0.0028,0.0333,3014.2108,2948.9636,True,-0.0007,0.938,3211.0802,2406.5,0.0147,61.2091,301200.0,0.8825,0.3013,日本航空,プライム（内国株式）,空運業
9202,2026-09-29,2950.0,-0.015,-0.0167,-0.0353,-0.0061,-0.026,-0.0296,2998.7772,3027.2724,True,-0.0163,0.882,3344.4995,2582.0,0.0135,71.5478,295000.0,1.0108,0.2198,ＡＮＡホールディングス,プライム（内国株式）,空運業
92025,2026-09-29,4730.0,0.0089,-0.0076,-0.0065,-0.0146,0.0028,-0.0381,4765.9139,4779.3313,False,-0.0075,0.9504,4977.0,4678.6829,0.007,0.3499,473000.0,2.0347,0.3414,ＡＮＡホールディングス第１回社債型種類株式,プライム（内国株式）,空運業
9204,2026-09-29,425.0,0.0,-0.0093,0.0167,0.0095,0.0261,-0.014,422.88,419.5467,True,0.005,0.8518,498.9286,318.0,0.0176,0.2342,42500.0,0.5054,0.2133,スカイマーク,グロース（内国株式）,空運業
9206,2026-09-29,1940.0,-0.0251,-0.0026,-0.0202,0.0057,-0.0109,-0.0178,1960.64,1941.52,True,-0.0105,0.7819,2481.0,1900.0,0.0161,0.0452,194000.0,1.284,0.2248,スターフライヤー,スタンダード（内国株式）,空運業
9211,2026-09-29,1454.0,-0.0202,-0.0619,-0.0294,0.1024,-0.0201,0.0788,1478.48,1432.7333,False,-0.0166,0.6465,2249.0,1284.0,0.0346,1.5001,145400.0,0.8173,0.4136,エフ・コード,グロース（内国株式）,サービス業
9212,2026-09-29,284.0,-0.0173,0.0,0.0798,-0.0035,0.0892,-0.0271,274.84,277.32,False,0.0333,0.5737,495.0,249.0,0.0573,0.3679,28400.0,2.3012,0.4912,Ｇｒｅｅｎ　Ｅａｒｔｈ　Ｉｎｓｔｉｔｕｔｅ,グロース（内国株式）,サービス業
9213,2026-09-29,1039.0,0.0019,0.0019,-0.0057,-0.0344,0.0036,-0.0579,1041.44,1049.08,True,-0.0023,0.5608,1852.7763,675.0,0.0127,0.0264,103900.0,1.1977,0.4011,セイファート,スタンダード（内国株式）,サービス業
9214,2026-09-29,1298.0,0.0133,0.0031,0.0031,0.0302,0.0124,0.0066,1291.04,1273.24,False,0.0054,0.781,1662.0,1211.0,0.0102,0.0202,129800.0,1.5083,0.3613,Ｒｅｃｏｖｅｒｙ　Ｉｎｔｅｒｎａｔｉｏｎａｌ,グロース（内国株式）,サービス業
9215,2026-09-29,1007.0,0.003,0.0121,0.0318,0.1391,0.0411,0.1156,984.4,937.3467,True,0.023,0.6713,1500.0,861.0,0.0143,0.0179,100700.0,1.0075,0.2495,ＣａＳｙ,グロース（内国株式）,サービス業
9216,2026-09-29,1679.0,-0.0152,-0.0094,-0.0141,0.091,-0.0048,0.0674,1678.84,1612.5867,False,0.0001,0.8686,1933.0194,1402.2548,0.013,0.3553,167900.0,0.9689,0.459,ビーウィズ,プライム（内国株式）,サービス業
9218,2026-09-29,820.0,0.0263,0.0276,0.0459,0.1405,0.0552,0.1169,785.76,748.3333,True,0.0436,0.9341,877.8514,663.0,0.015,0.1814,82000.0,1.3304,0.5047,メンタルヘルステクノロジーズ,グロース（内国株式）,サービス業
9219,2026-09-29,901.0,0.0,0.0204,0.0297,0.0416,0.039,0.0181,892.16,878.2976,True,0.0099,0.9106,989.4858,824.5001,0.0151,0.0632,90100.0,0.5098,0.2199,ギックス,グロース（内国株式）,サービス業
9220,2026-09-29,1290.0,0.0287,0.0295,0.0182,0.0679,0.0275,0.0443,1284.4292,1240.5831,True,0.0043,0.9416,1370.0,1113.2927,0.0272,0.0499,129000.0,2.2029,0.3472,エフビー介護サービス,スタンダード（内国株式）,サービス業
9221,2026-09-29,1155.0,-0.0556,-0.0286,0.0035,-0.0035,0.0128,-0.027,1176.4201,1185.6334,True,-0.0182,0.7798,1481.14,1073.6998,0.0199,0.6628,115500.0,1.0402,0.3788,フルハシＥＰＯ,スタンダード（内国株式）,サービス業
9225,2026-09-29,970.0,-0.0031,0.0115,-0.0122,0.0125,-0.0029,-0.011,971.92,970.1867,False,-0.002,0.6667,1455.0,941.0,0.0076,0.0101,97000.0,1.5552,0.4078,ブリッジコンサルティンググループ,グロース（内国株式）,サービス業
9227,2026-09-29,816.0,0.0012,-0.0012,-0.1374,-0.1003,-0.1281,-0.1239,859.72,874.9733,False,-0.0509,0.5037,1620.0,588.0,0.0275,1.3645,81600.0,0.6888,0.3032,マイクロ波化学,グロース（内国株式）,サービス業
9229,2026-09-29,110.0,0.0185,-0.0435,-0.0598,-0.2857,-0.0505,-0.3093,114.04,126.72,False,-0.0354,0.1551,709.0,107.0,0.037,0.1516,11000.0,0.4306,0.2211,サンウェルズ,プライム（内国株式）,サービス業
9233,2026-09-29,1135.0,-0.0079,-0.0199,-0.0173,-0.0009,-0.008,-0.0244,1154.8131,1138.3244,True,-0.0172,0.8654,1311.5691,1058.0,0.0088,0.1146,113500.0,0.5987,0.3359,アジア航測,スタンダード（内国株式）,空運業
9235,2026-09-29,397.0,-0.0025,0.0025,-0.198,-0.2593,-0.1887,-0.2829,447.0,484.5467,False,-0.1119,0.3061,1297.0,393.0,0.0426,0.268,39700.0,0.9588,0.1772,売れるネット広告社グループ,グロース（内国株式）,サービス業
9236,2026-09-29,1468.0,0.0266,0.0576,0.0216,0.4651,0.0309,0.4415,1389.72,1194.4133,True,0.0563,0.9508,1544.0,934.0,0.0493,0.0778,146800.0,1.7536,0.3976,ジャパンＭ＆Ａソリューション,グロース（内国株式）,サービス業
9237,2026-09-29,814.0,-0.0012,-0.0378,-0.1521,-0.0121,-0.1428,-0.0357,927.76,837.6,True,-0.1226,0.7131,1141.5,511.0,0.0512,0.2359,81400.0,2.68,0.5595,笑美面,グロース（内国株式）,サービス業
9238,2026-09-29,355.0,-0.0056,-0.022,-0.0944,-0.0508,-0.0851,-0.0743,377.36,393.7467,False,-0.0593,0.194,1830.0,350.0,0.0181,0.0182,35500.0,0.1609,0.3889,バリュークリエーション,グロース（内国株式）,サービス業
9240,2026-09-29,382.0,0.0,0.0106,-0.1318,0.0079,-0.1225,-0.0156,416.68,407.3333,False,-0.0832,0.2894,1320.0,370.0,0.0417,0.1017,38200.0,3.184,0.5399,デリバリーコンサルティング,グロース（内国株式）,サービス業
9241,2026-09-29,1231.0,-0.0032,-0.0152,-0.1144,-0.0744,-0.1051,-0.098,1297.64,1348.2667,False,-0.0514,0.4274,2880.0,1181.0,0.0196,0.0247,123100.0,0.4257,0.2361,フューチャーリンクネットワーク,グロース（内国株式）,サービス業
9242,2026-09-29,1974.0,0.0071,-0.0015,0.0239,0.0194,0.0332,-0.0042,1944.44,1915.4417,True,0.0152,0.7879,2505.3192,1550.3945,0.0105,0.0363,197400.0,0.9708,0.3536,メディア総研,グロース（内国株式）,サービス業
9244,2026-09-29,1345.0,-0.2292,-0.0461,-0.0037,0.0873,0.0056,0.0638,1416.84,1271.7333,True,-0.0507,0.7708,1745.0,862.0,0.0598,0.1431,134500.0,1.9552,0.4973,デジタリフト,グロース（内国株式）,サービス業
9245,2026-09-29,2109.0,0.0096,0.0695,0.081,0.1141,0.0903,0.0906,1974.64,1979.9467,True,0.068,0.7374,2860.1914,1800.0,0.0093,0.1075,210900.0,0.8178,0.8891,リベロ,グロース（内国株式）,サービス業
9246,2026-09-29,1442.0,0.2627,0.3085,0.3085,0.442,0.3178,0.4185,1119.96,1066.4,True,0.2875,1.0,1442.0,948.0,0.0274,0.0223,144200.0,1.2924,0.9038,プロジェクトホールディングス,グロース（内国株式）,サービス業
9247,2026-09-29,1724.0,-0.0199,-0.0459,-0.1186,-0.1743,-0.1093,-0.1979,1842.8682,1974.4094,True,-0.0645,0.745,2314.0,1386.0,0.024,4.764,172400.0,0.8647,0.2679,ＴＲＥホールディングス,プライム（内国株式）,サービス業
9248,2026-09-29,1604.0,-0.0093,-0.052,-0.0845,0.047,-0.0752,0.0235,1690.03,1610.49,True,-0.0509,0.8734,1836.5644,1455.0,0.0169,0.5065,160400.0,2.0801,0.3827,人・夢・技術グループ,スタンダード（内国株式）,サービス業
9249,2026-09-29,1595.0,-0.0386,-0.0386,-0.0392,-0.0031,-0.0298,-0.0267,1657.2058,1633.9753,True,-0.0375,0.9466,1685.0,1477.0,0.0169,0.1263,159500.0,1.8872,0.3482,日本エコシステム,スタンダード（内国株式）,サービス業
9250,2026-09-29,1020.0,-0.0183,-0.0276,0.0592,0.1617,0.0685,0.1382,994.68,927.52,True,0.0255,0.4771,2138.0,842.0,0.0219,0.0078,102000.0,0.7648,0.331,ＧＲＣＳ,グロース（内国株式）,サービス業
9251,2026-09-29,1570.0,-0.0181,-0.0479,0.0116,0.1921,0.0209,0.1686,1564.0,1407.6533,True,0.0038,0.9458,1660.0,948.9546,0.0238,0.8194,157000.0,1.8105,0.4542,ＡＢ＆Ｃｏｍｐａｎｙ,グロース（内国株式）,サービス業
9252,2026-09-29,4105.0,0.0,-0.0132,0.0851,0.1902,0.0944,0.1666,4004.1539,3749.6576,True,0.0252,0.869,4723.9378,3170.7944,0.0195,0.4481,410500.0,1.1185,0.2875,ラストワンマイル,グロース（内国株式）,サービス業
9253,2026-09-29,833.0,0.0748,0.0818,0.1427,0.0439,0.152,0.0203,745.32,731.6133,True,0.1176,0.8641,964.0,683.0,0.0151,0.0163,83300.0,2.4163,0.8352,スローガン,グロース（内国株式）,サービス業
9254,2026-09-29,1080.0,-0.0055,-0.0064,-0.0314,-0.0417,-0.0221,-0.0652,1102.52,1127.1867,False,-0.0204,0.6196,1743.0,1065.0,0.0052,0.0167,108000.0,0.8928,0.6734,ラバブルマーケティンググループ,グロース（内国株式）,サービス業
9256,2026-09-29,964.0,-0.0272,-0.0389,-0.2085,-0.792,-0.1992,-0.8156,1060.04,2315.7333,False,-0.0906,0.1737,5550.0,763.0,0.0334,0.3167,96400.0,0.1104,0.2359,サクシード,グロース（内国株式）,サービス業
9258,2026-09-29,297.0,-0.0067,0.0277,-0.0541,0.0102,-0.0448,-0.0133,301.92,300.2933,False,-0.0163,0.6644,447.0,270.0,0.0262,0.0132,29700.0,0.6973,0.3853,ＣＳ－Ｃ,グロース（内国株式）,サービス業
9259,2026-09-29,833.0,0.0159,-0.028,-0.0048,0.0465,0.0045,0.0229,846.9586,836.6929,True,-0.0165,0.7156,1164.0,690.0,0.0178,0.0773,83300.0,0.8282,0.3243,タカヨシホールディングス,グロース（内国株式）,サービス業
9262,2026-09-29,675.0,-0.0203,-0.0044,-0.0217,0.0735,-0.0124,0.05,683.28,659.6537,False,-0.0121,0.7481,902.28,618.0667,0.0204,0.1392,67500.0,1.2562,0.2176,シルバーライフ,スタンダード（内国株式）,小売業
9264,2026-09-29,1604.0,-0.0147,-0.0129,-0.022,-0.0057,-0.0126,-0.0293,1626.7736,1623.3509,True,-0.014,0.9042,1773.8774,1513.7725,0.0105,0.3374,160400.0,0.6345,0.439,ポエック,スタンダード（内国株式）,卸売業
9265,2026-09-29,3715.0,-0.004,0.0164,-0.008,0.0509,0.0013,0.0274,3679.2,3476.8533,True,0.0097,0.9039,4110.0,2842.2754,0.0182,0.1125,371500.0,1.1,0.7259,ヤマシタヘルスケアホールディングス,スタンダード（内国株式）,卸売業
9267,2026-09-29,3415.0,-0.0087,-0.0271,-0.0707,0.0119,-0.0614,-0.0117,3554.4,3580.6166,True,-0.0392,0.6275,5442.6517,3169.0441,0.023,2.5817,341500.0,0.8694,0.2482,Ｇｅｎｋｙ　ＤｒｕｇＳｔｏｒｅｓ,プライム（内国株式）,小売業
9268,2026-09-29,400.0,-0.0123,-0.0148,-0.0566,-0.005,-0.0473,-0.0285,409.7608,406.6003,True,-0.0238,0.813,492.0174,311.0568,0.0207,0.76,40000.0,0.6462,0.351,オプティマスグループ,スタンダード（内国株式）,卸売業
9270,2026-09-29,1884.0,-0.0238,-0.0279,-0.0499,-0.1238,-0.0406,-0.1473,2005.5497,2047.9336,False,-0.0606,0.6903,2729.0695,862.429,0.0312,0.9314,188400.0,0.4955,0.3372,バリュエンスホールディングス,グロース（内国株式）,卸売業
9271,2026-09-29,992.0,0.0227,0.0576,-0.0178,0.0771,-0.0085,0.0535,957.24,971.7008,False,0.0363,0.7676,1292.4219,707.3055,0.0278,0.1073,99200.0,0.5253,0.3337,和心,グロース（内国株式）,小売業
9272,2026-09-29,1468.0,0.0034,0.0096,0.0131,0.0531,0.0224,0.0295,1436.32,1453.2133,False,0.0221,0.851,1725.0,1255.0,0.0175,0.1018,146800.0,0.7444,0.315,ブティックス,グロース（内国株式）,サービス業
9273,2026-09-29,754.0,-0.0053,0.0027,-0.0131,-0.0053,-0.0038,-0.0288,757.76,762.3971,False,-0.005,0.8404,897.1768,726.3324,0.0134,0.3656,75400.0,0.9536,0.2383,コーア商事ホールディングス,プライム（内国株式）,卸売業
9274,2026-09-29,1127.0,-0.0105,-0.0062,0.0218,0.0963,0.0311,0.0728,1106.3628,1069.0409,True,0.0187,0.9621,1171.4305,690.6122,0.0262,4.2506,112700.0,1.7207,0.3609,ＫＰＰグループホールディングス,プライム（内国株式）,卸売業
9278,2026-09-29,2912.0,0.0073,0.0841,-0.0374,0.5049,-0.028,0.4814,2863.84,2536.9467,True,0.0168,0.9215,3160.0,1284.6719,0.0332,3.1474,291200.0,0.6817,0.388,ブックオフグループホールディングス,プライム（内国株式）,小売業
9279,2026-09-29,2030.0,-0.001,0.0268,-0.207,-0.0333,-0.1977,-0.0569,2274.64,2306.0467,True,-0.1076,0.7409,2740.0,1525.5947,0.0354,6.8591,203000.0,1.6896,0.3712,ギフトホールディングス,プライム（内国株式）,小売業
9301,2026-09-29,1489.0,-0.0281,-0.048,-0.021,-0.0353,-0.0117,-0.0589,1532.5022,1532.6341,True,-0.0284,0.9016,1651.5,1050.9022,0.0191,14.6796,148900.0,1.0259,0.2918,三菱倉庫,プライム（内国株式）,倉庫・運輸関連業
9302,2026-09-29,3226.0,-0.0242,-0.0576,-0.0321,-0.0467,-0.0228,-0.0702,3338.7474,3479.0625,False,-0.0338,0.7468,4320.0,3130.0,0.0201,8.1127,322600.0,1.0712,0.3368,三井倉庫ホールディングス,プライム（内国株式）,倉庫・運輸関連業
9303,2026-09-29,4075.0,-0.0177,-0.0332,-0.0344,0.091,-0.025,0.0675,4168.8323,4010.8774,True,-0.0225,0.951,4285.0,3012.1507,0.016,3.9599,407500.0,0.8619,0.2837,住友倉庫,プライム（内国株式）,倉庫・運輸関連業
9304,2026-09-29,2148.0,-0.0196,-0.0032,0.0033,0.3552,0.0126,0.3317,2096.0955,1883.9785,True,0.0248,0.9665,2222.356,1044.6558,0.026,3.7389,214800.0,0.5457,0.3477,澁澤倉庫,プライム（内国株式）,倉庫・運輸関連業
9305,2026-09-29,2027.0,-0.0398,-0.0501,-0.0393,0.002,-0.03,-0.0216,2083.6804,2074.4135,True,-0.0272,0.6623,3060.7379,1914.0,0.0161,1.3191,202700.0,1.0341,0.3743,ヤマタネ,プライム（内国株式）,卸売業
9306,2026-09-29,2003.0,-0.001,-0.006,0.0025,-0.0005,0.0118,-0.024,2004.8517,2007.2839,False,-0.0009,0.9273,2160.0,1690.7013,0.0106,0.0751,200300.0,0.5274,0.2382,東陽倉庫,スタンダード（内国株式）,倉庫・運輸関連業
9307,2026-09-29,930.0,-0.0043,0.0065,-0.0691,0.0043,-0.0598,-0.0192,959.0034,967.2145,False,-0.0302,0.8311,1119.0,841.4659,0.0175,0.0471,93000.0,1.127,0.214,杉村倉庫,スタンダード（内国株式）,倉庫・運輸関連業
9308,2026-09-29,2463.0,0.0127,0.0481,0.1717,0.7164,0.1811,0.6928,2182.1692,1863.8831,True,0.1287,0.99,2488.0,1265.1631,0.0279,3.2524,246300.0,1.441,0.6423,乾汽船,スタンダード（内国株式）,海運業
9310,2026-09-29,1400.0,-0.022,-0.021,0.0101,0.2456,0.0194,0.222,1400.3613,1301.8538,True,-0.0003,0.9466,1479.0,1032.9077,0.0226,1.2768,140000.0,0.7974,0.298,日本トランスシティ,プライム（内国株式）,倉庫・運輸関連業
9311,2026-09-29,7590.0,-0.0244,-0.0307,-0.0194,-0.0091,-0.0101,-0.0327,7778.4,7844.8,True,-0.0242,0.7952,9544.2656,6366.1237,0.0193,0.0211,759000.0,1.9831,0.3141,アサガミ,スタンダード（内国株式）,倉庫・運輸関連業
9312,2026-09-29,2999.0,-0.0167,0.0504,0.0457,0.0669,0.055,0.0433,2884.92,2852.9333,False,0.0395,0.8874,3379.3519,2413.8228,0.0181,0.2295,299900.0,1.2824,0.6483,ケイヒン,スタンダード（内国株式）,倉庫・運輸関連業
9319,2026-09-29,1766.0,-0.0248,-0.0381,-0.0439,-0.0254,-0.0345,-0.0489,1802.7445,1806.6215,False,-0.0204,0.7831,2255.0,1281.15,0.0183,0.5147,176600.0,1.7454,0.3654,中央倉庫,プライム（内国株式）,倉庫・運輸関連業
9322,2026-09-29,2395.0,-0.0087,-0.0397,-0.0397,-0.0176,-0.0304,-0.0412,2465.9349,2406.325,True,-0.0288,0.8001,2993.5053,1254.8774,0.0151,0.3805,239500.0,1.5541,0.3705,川西倉庫,スタンダード（内国株式）,倉庫・運輸関連業
9324,2026-09-29,2683.0,-0.0237,-0.0081,0.0575,0.1207,0.0669,0.0972,2611.0287,2507.5562,True,0.0276,0.9663,2776.6147,1969.4256,0.0219,2.459,268300.0,0.9368,0.2934,安田倉庫,プライム（内国株式）,倉庫・運輸関連業
9325,2026-09-29,1048.0,0.0058,-0.0123,-0.0341,-0.0651,-0.0248,-0.0887,1066.3493,1099.0231,False,-0.0172,0.7605,1378.0,986.5229,0.0174,0.0994,104800.0,0.7643,0.2138,ファイズホールディングス,スタンダード（内国株式）,倉庫・運輸関連業
9326,2026-09-29,481.0,0.0063,0.0191,-0.0399,0.1703,-0.0306,0.1468,484.48,467.4667,True,-0.0072,0.8891,541.0,394.2009,0.0116,0.0449,48100.0,0.268,0.2692,関通ホールディングス,グロース（内国株式）,倉庫・運輸関連業
9327,2026-09-29,183.0,-0.0161,-0.0419,-0.0368,-0.1159,-0.0275,-0.1395,189.24,193.44,False,-0.033,0.5169,354.0,180.0,0.0265,0.0254,18300.0,0.5418,0.2471,イー・ロジット,スタンダード（内国株式）,倉庫・運輸関連業
9330,2026-09-29,888.0,-0.0369,-0.0133,0.0091,0.0509,0.0184,0.0273,887.36,869.0133,True,0.0007,0.9457,939.0,766.0,0.0114,0.0248,88800.0,2.27,0.5028,揚羽,グロース（内国株式）,サービス業
9332,2026-09-29,666.0,-0.0133,-0.0148,-0.0206,0.1463,-0.0113,0.1228,674.32,630.1733,True,-0.0123,0.9466,703.5397,557.0,0.0168,0.757,66600.0,1.316,0.3299,ＮＩＳＳＯホールディングス,プライム（内国株式）,サービス業
9336,2026-09-29,3625.0,-0.0223,-0.0548,-0.0681,-0.0423,-0.0588,-0.0658,3789.4794,3782.7598,False,-0.0434,0.8305,4365.0,3241.5316,0.0217,5.4424,362500.0,0.9333,0.286,大栄環境,プライム（内国株式）,サービス業
9337,2026-09-29,1440.0,-0.0089,0.007,-0.052,-0.0381,-0.0427,-0.0616,1451.28,1533.1467,False,-0.0078,0.4011,3590.0,1314.0,0.021,0.2835,144000.0,0.5482,0.2284,トリドリ,グロース（内国株式）,サービス業
9339,2026-09-29,1475.0,0.0243,0.0257,0.0365,0.139,0.0459,0.1155,1430.72,1362.8267,True,0.0309,0.9641,1530.0,1201.0,0.0075,0.0209,147500.0,1.3399,0.6865,コーチ・エィ,スタンダード（内国株式）,サービス業
9340,2026-09-29,805.0,-0.0037,-0.0348,0.1181,0.1684,0.1274,0.1448,778.8,723.7943,True,0.0336,0.9504,847.0,621.1721,0.0248,0.133,80500.0,0.9105,0.34,アソインターナショナル,スタンダード（内国株式）,サービス業
9341,2026-09-29,618.0,-0.0159,0.0,-0.0237,0.0528,-0.0144,0.0293,625.08,611.9333,True,-0.0113,0.9156,675.0,524.4917,0.0158,0.4929,61800.0,0.7495,0.3679,ＧＥＮＯＶＡ,プライム（内国株式）,サービス業
9342,2026-09-29,875.0,-0.0818,-0.1081,-0.1206,0.0671,-0.1113,0.0435,969.16,889.2533,True,-0.0972,0.6752,1296.0,738.0,0.0267,0.0226,87500.0,0.985,0.655,スマサポ,グロース（内国株式）,サービス業
9343,2026-09-29,775.0,-0.0064,-0.0276,-0.0572,0.0292,-0.0479,0.0057,793.36,778.4533,True,-0.0231,0.9107,851.0,577.0,0.022,0.4321,77500.0,0.5915,0.2519,アイビス,グロース（内国株式）,サービス業
9344,2026-09-29,1391.0,0.0168,0.0562,0.053,0.4973,0.0623,0.4738,1316.32,1074.4572,True,0.0567,0.981,1418.0,795.5684,0.0232,0.1929,139100.0,0.8297,0.4491,アクシスコンサルティング,グロース（内国株式）,サービス業
9345,2026-09-29,588.0,0.0,0.0,-0.0101,0.073,-0.0008,0.0494,593.16,593.8933,True,-0.0087,0.4764,1234.3534,526.0,0.0114,0.0075,58800.0,0.7217,0.2532,ビズメイツ,グロース（内国株式）,サービス業
9346,2026-09-29,1879.0,0.0075,0.0162,0.0245,0.1577,0.0339,0.1342,1857.12,1717.2929,True,0.0118,0.9412,1996.3271,1539.3365,0.0171,0.1004,187900.0,0.5495,0.3111,ココルポート,グロース（内国株式）,サービス業
9347,2026-09-29,2856.0,-0.0219,-0.048,-0.0172,0.0773,-0.0079,0.0538,2913.7212,2795.6671,True,-0.0198,0.9228,3095.0,2546.142,0.0148,4.1688,285600.0,2.1971,0.3693,日本管財ホールディングス,プライム（内国株式）,サービス業
9348,2026-09-29,411.0,-0.0144,-0.012,-0.0573,-0.0846,-0.048,-0.1082,417.84,433.72,False,-0.0164,0.5789,710.0,397.0,0.0156,2.0473,41100.0,0.4351,0.2644,ｉｓｐａｃｅ,グロース（内国株式）,サービス業
9351,2026-09-29,1923.0,0.0052,-0.0016,0.0084,0.0389,0.0177,0.0154,1921.8221,1859.5407,True,0.0006,0.9395,2046.9162,1467.1646,0.0125,0.0754,192300.0,1.2971,0.2218,東洋埠頭,スタンダード（内国株式）,倉庫・運輸関連業
9353,2026-09-29,2980.0,-0.0083,-0.0067,0.0102,0.0876,0.0195,0.064,2972.12,2889.8133,True,0.0027,0.7915,3764.795,1721.0492,0.0071,0.0174,298000.0,0.2944,0.2819,櫻島埠頭,スタンダード（内国株式）,倉庫・運輸関連業
9355,2026-09-29,2225.0,-0.0142,0.0253,0.0018,0.0268,0.0111,0.0032,2218.64,2215.1867,True,0.0029,0.9476,2348.0,1752.0,0.0091,0.0103,222500.0,0.8304,0.4338,リンコーコーポレーション,スタンダード（内国株式）,倉庫・運輸関連業
9360,2026-09-29,2801.0,0.0004,0.0076,0.0182,0.0061,0.0275,-0.0174,2764.36,2817.8267,False,0.0133,0.8962,3125.5389,2691.0,0.01,0.027,280100.0,0.6832,0.2487,鈴与シンワート,スタンダード（内国株式）,情報・通信業
9363,2026-09-29,522.0,0.0175,-0.0169,-0.0387,0.0058,-0.0294,-0.0178,532.28,527.72,True,-0.0193,0.9139,571.1637,396.9928,0.0245,0.0637,52200.0,1.245,0.2737,大運,スタンダード（内国株式）,倉庫・運輸関連業
9364,2026-09-29,4699.0,-0.021,-0.0543,-0.0329,-0.0766,-0.0236,-0.1002,4855.7127,4963.5309,True,-0.0323,0.8248,5697.4469,4281.4089,0.0137,14.7493,469900.0,1.0638,0.4535,上組,プライム（内国株式）,倉庫・運輸関連業
9365,2026-09-29,1636.0,-0.0239,0.0012,0.0118,0.0231,0.0211,-0.0004,1642.84,1611.2133,True,-0.0042,0.9539,1715.0,1328.1026,0.0101,0.0083,163600.0,0.5136,0.4545,トレーディア,スタンダード（内国株式）,倉庫・運輸関連業
9366,2026-09-29,1279.0,-0.0162,0.0432,0.1843,0.279,0.1936,0.2555,1160.04,1075.9067,True,0.1025,0.9552,1339.0,808.7915,0.0283,0.1294,127900.0,1.7996,0.6241,サンリツ,スタンダード（内国株式）,倉庫・運輸関連業
9367,2026-09-29,2063.0,0.044,0.0264,-0.0043,0.0985,0.005,0.075,2042.9143,1935.3048,True,0.0098,0.7597,2715.4666,766.9184,0.0127,0.0397,206300.0,0.9028,0.3521,大東港運,スタンダード（内国株式）,倉庫・運輸関連業
9368,2026-09-29,933.0,-0.0064,-0.0312,-0.0106,0.0639,-0.0013,0.0403,948.8313,913.1571,True,-0.0167,0.9619,970.0,809.8869,0.0128,0.2359,93300.0,1.6289,0.3025,キムラユニティー,スタンダード（内国株式）,倉庫・運輸関連業
9369,2026-09-29,2911.0,-0.0267,-0.0232,-0.067,-0.1179,-0.0577,-0.1414,3028.96,3063.3333,False,-0.0389,0.7961,3656.6748,2431.1407,0.0247,1.1617,291100.0,0.8696,0.1881,キユーソー流通システム,スタンダード（内国株式）,倉庫・運輸関連業
9376,2026-09-29,779.0,-0.0442,-0.0726,-0.0626,-0.0114,-0.0533,-0.035,830.1386,806.1795,True,-0.0616,0.8047,968.0174,647.4857,0.0196,0.0528,77900.0,2.3985,0.6404,ユーラシア旅行社,スタンダード（内国株式）,サービス業
9380,2026-09-29,448.0,0.0022,0.0228,0.0252,0.1007,0.0345,0.0772,438.6021,423.0407,True,0.0214,0.9933,451.0,325.23,0.007,0.0519,44800.0,0.8023,0.5101,東海運,スタンダード（内国株式）,倉庫・運輸関連業
9381,2026-09-29,2311.0,-0.0269,-0.0294,-0.0052,0.0445,0.0041,0.0209,2330.5952,2276.6621,True,-0.0084,0.9676,2388.4503,1894.828,0.0113,0.5249,231100.0,0.6474,0.3853,エーアイテイー,プライム（内国株式）,倉庫・運輸関連業
9385,2026-09-29,742.0,-0.004,-0.0107,-0.0237,0.0495,-0.0144,0.026,752.28,745.96,True,-0.0137,0.9152,810.7603,546.8808,0.009,0.0503,74200.0,0.5564,0.2234,ショーエイコーポレーション,スタンダード（内国株式）,化学
9401,2026-09-29,5639.0,-0.0138,-0.0492,-0.0308,-0.0941,-0.0215,-0.1177,5846.0523,6033.8041,True,-0.0354,0.85,6634.0,5017.4861,0.0194,17.2747,563900.0,0.9878,0.3631,ＴＢＳホールディングス,プライム（内国株式）,情報・通信業
9404,2026-09-29,2813.5,-0.0315,-0.0794,-0.0659,0.0068,-0.0566,-0.0167,2989.0332,2908.4377,True,-0.0587,0.697,4036.8533,2652.0,0.0245,16.5006,281350.0,1.3576,0.4465,日本テレビホールディングス,プライム（内国株式）,情報・通信業
9405,2026-09-29,832.0,-0.0404,-0.0599,-0.02,0.0749,-0.0107,0.0514,862.3259,828.322,True,-0.0352,0.8987,925.8173,678.8031,0.0189,0.7959,83200.0,1.716,0.3632,朝日放送グループホールディングス,プライム（内国株式）,情報・通信業
9408,2026-09-29,2715.0,-0.0088,0.041,0.0169,-0.0216,0.0262,-0.0452,2646.2799,2653.0133,False,0.026,0.925,2935.0,2107.96,0.0116,0.0035,271500.0,0.8313,0.6462,ＢＳＮメディアホールディングス,スタンダード（内国株式）,情報・通信業
9409,2026-09-29,2962.0,-0.0241,-0.0627,-0.0476,-0.0567,-0.0383,-0.0802,3113.6541,3139.3514,False,-0.0487,0.7881,3758.2417,2935.0,0.0177,6.8583,296200.0,1.2168,0.477,テレビ朝日ホールディングス,プライム（内国株式）,情報・通信業
9412,2026-09-29,1990.0,-0.007,-0.034,-0.0744,-0.2566,-0.0651,-0.2802,2057.0383,2392.7861,False,-0.0326,0.4216,4720.0,1288.2118,0.0318,36.9685,199000.0,0.7029,0.363,スカパーＪＳＡＴ,プライム（内国株式）,情報・通信業
9413,2026-09-29,3275.0,-0.0238,-0.0589,-0.0521,-0.0978,-0.0428,-0.1213,3408.7795,3497.7265,False,-0.0392,0.6539,5008.3978,3245.0,0.0151,2.3997,327500.0,1.0472,0.4341,テレビ東京ホールディングス,プライム（内国株式）,情報・通信業
9414,2026-09-29,962.0,0.0042,-0.0322,0.0761,0.0902,0.0854,0.0667,928.4709,898.537,True,0.0361,0.8505,1131.0455,857.2338,0.0336,1.5617,96200.0,3.9013,0.4987,日本ＢＳ放送,スタンダード（内国株式）,情報・通信業
9416,2026-09-29,1057.0,-0.0103,-0.0158,0.0163,0.0908,0.0257,0.0673,1055.32,1023.6006,True,0.0016,0.805,1313.0344,944.4462,0.0156,2.8628,105700.0,0.9425,0.4,ビジョン,プライム（内国株式）,情報・通信業
9417,2026-09-29,330.0,-0.006,0.0154,0.003,-0.0149,0.0124,-0.0385,333.44,333.4667,True,-0.0103,0.6215,531.0,283.0,0.0242,0.0175,33000.0,0.5289,0.3,スマートバリュー,スタンダード（内国株式）,情報・通信業
9418,2026-09-29,1746.0,-0.0085,-0.0257,0.0014,0.0646,0.0107,0.0411,1751.8458,1696.1928,True,-0.0033,0.8086,2159.402,1496.7032,0.018,9.2442,174600.0,0.7837,0.3143,Ｕ－ＮＥＸＴ　ＨＯＬＤＩＮＧＳ,プライム（内国株式）,情報・通信業
9419,2026-09-29,298.0,-0.0067,-0.0067,0.0171,0.0347,0.0264,0.0112,295.64,291.7333,True,0.008,0.8418,354.0,232.0,0.0168,0.0366,29800.0,1.1459,0.26,ワイヤレスゲート,スタンダード（内国株式）,情報・通信業
9421,2026-09-29,535.0,-0.0111,0.0328,0.0531,0.047,0.0625,0.0234,516.52,518.76,False,0.0358,0.7731,692.0,495.0,0.0104,0.0107,53500.0,0.7452,0.5564,エヌジェイホールディングス,スタンダード（内国株式）,情報・通信業
9423,2026-09-29,104.0,-0.0095,-0.0189,-0.0095,0.04,-0.0002,0.0165,104.8,103.44,True,-0.0076,0.904,115.05,99.0,0.0117,0.102,10400.0,1.1478,0.1647,フォーバル・リアルストレート,スタンダード（内国株式）,情報・通信業
9424,2026-09-29,117.0,0.0174,-0.0331,0.0174,0.0833,0.0267,0.0598,118.16,114.2133,True,-0.0098,0.7452,157.0,102.0,0.0269,2.4069,11700.0,0.9181,0.2545,日本通信,プライム（内国株式）,情報・通信業
9425,2026-09-29,231.0,-0.0253,0.0359,-0.0906,0.4,-0.0812,0.3765,243.36,213.7467,True,-0.0508,0.1881,1228.0,149.0,0.0739,3.5715,23100.0,0.8156,0.3456,ＲｅＹｕｕ　Ｊａｐａｎ,スタンダード（内国株式）,情報・通信業
9428,2026-09-29,1499.0,0.0197,0.0081,0.006,0.1729,0.0154,0.1494,1487.56,1377.1733,True,0.0077,0.8964,1672.168,1216.0,0.0091,0.0177,149900.0,0.833,0.5104,クロップス,スタンダード（内国株式）,情報・通信業
9432,2026-09-29,171.3,-0.0041,-0.0483,0.0184,0.1814,0.0277,0.1578,172.835,158.377,True,-0.0089,0.9511,180.1,142.6,0.0197,365.3063,17130.0003,0.8408,0.2875,ＮＴＴ,プライム（内国株式）,情報・通信業
9433,2026-09-29,2923.5,-0.0054,-0.0597,0.0149,0.065,0.0242,0.0415,2979.7397,2869.6066,True,-0.0189,0.9367,3121.0,2273.6036,0.0193,271.4177,292350.0,1.1047,0.3528,ＫＤＤＩ,プライム（内国株式）,情報・通信業
9434,2026-09-29,239.5,-0.0025,-0.0481,0.0084,0.1509,0.0177,0.1273,241.6337,226.5459,True,-0.0088,0.947,252.9,202.4362,0.0195,190.5855,23950.0,1.129,0.306,ソフトバンク,プライム（内国株式）,情報・通信業
94345,2026-09-29,3791.0,0.0069,-0.0029,-0.0024,0.0008,0.0069,-0.0228,3796.0915,3794.6172,True,-0.0013,0.9932,3817.0,3661.6425,0.0036,0.1825,379100.0,1.4455,0.5006,ソフトバンク第１回社債型種類株式,プライム（内国株式）,情報・通信業
94346,2026-09-29,7490.0,0.0056,-0.012,-0.012,-0.012,-0.0027,-0.0355,7558.6419,7575.334,False,-0.0091,0.9815,7631.0,7310.365,0.0049,0.3118,749000.0,1.4977,0.7551,ソフトバンク第２回社債型種類株式,プライム（内国株式）,情報・通信業
9435,2026-09-29,36310.0,-0.0044,-0.0728,-0.1019,0.0228,-0.0926,-0.0007,38885.6145,37904.1842,True,-0.0662,0.7984,45477.6766,33005.8152,0.0237,30.5699,3631000.0,1.0262,0.4035,光通信,プライム（内国株式）,情報・通信業
9436,2026-09-29,4235.0,-0.0219,-0.0483,0.038,0.154,0.0473,0.1304,4221.5808,3956.0603,True,0.0032,0.9401,4505.0,2495.8258,0.0202,6.2598,423500.0,1.3743,0.4086,沖縄セルラー電話,スタンダード（内国株式）,情報・通信業
9438,2026-09-29,595.0,-0.0182,-0.0278,-0.0149,0.1142,-0.0056,0.0907,598.8149,589.6583,True,-0.0064,0.7002,849.8043,527.0,0.0219,0.1924,59500.0,0.6723,0.2916,エムティーアイ,プライム（内国株式）,情報・通信業
9439,2026-09-29,216.0,0.0,-0.0092,-0.0609,-0.1184,-0.0516,-0.1419,224.2,232.1333,False,-0.0366,0.6814,317.0,210.0,0.0126,0.0173,21600.0,0.098,0.2579,エム・エイチ・グループ,スタンダード（内国株式）,サービス業
9441,2026-09-29,3095.0,0.0065,0.0369,0.0098,0.2375,0.0191,0.214,3020.84,2794.8599,True,0.0245,0.9799,3158.5404,2370.0,0.0151,0.0727,309500.0,0.3757,0.4125,ベルパーク,スタンダード（内国株式）,情報・通信業
9444,2026-09-29,272.0,0.0502,0.0667,-0.0286,0.1826,-0.0193,0.1591,274.52,259.16,True,-0.0092,0.4317,630.0,163.0,0.0546,0.109,27200.0,0.7162,0.424,トーシンホールディングス,スタンダード（内国株式）,情報・通信業
9445,2026-09-29,529.0,0.0076,-0.0399,-0.0112,-0.0222,-0.0019,-0.0457,536.6677,534.1292,False,-0.0143,0.9022,586.3636,517.0,0.0113,0.0099,52900.0,2.1236,0.4675,フォーバルテレコム,スタンダード（内国株式）,情報・通信業
9446,2026-09-29,675.0,0.003,-0.0232,-0.0385,0.015,-0.0291,-0.0085,690.3948,683.3583,True,-0.0223,0.9024,748.0,487.6093,0.0101,0.0252,67500.0,0.6537,0.2925,サカイホールディングス,スタンダード（内国株式）,情報・通信業
9449,2026-09-29,3922.0,-0.0175,-0.0163,-0.0501,0.1735,-0.0408,0.15,3998.16,3836.1823,True,-0.019,0.8934,4390.0,2696.5771,0.0234,11.0348,392200.0,0.6278,0.2998,ＧＭＯインターネットグループ,プライム（内国株式）,情報・通信業
9450,2026-09-29,770.0,-0.0228,-0.0065,-0.0191,0.0226,-0.0098,-0.001,778.76,765.6733,True,-0.0112,0.9288,829.0,628.5,0.0176,0.2775,77000.0,0.7604,0.3168,ファイバーゲート,スタンダード（内国株式）,情報・通信業
9466,2026-09-29,240.0,0.0084,-0.0041,0.0042,0.0909,0.0135,0.0674,240.8342,229.6914,True,-0.0035,0.9639,249.0,216.0,0.0136,0.044,24000.0,0.4183,0.2121,アイドママーケティングコミュニケーション,スタンダード（内国株式）,情報・通信業
9467,2026-09-29,1071.0,-0.0074,-0.0377,-0.1075,0.1098,-0.0982,0.0863,1135.6,1070.28,True,-0.0569,0.6314,1696.2061,940.0,0.0237,1.2877,107100.0,0.6093,0.2674,アルファポリス,グロース（内国株式）,情報・通信業
9468,2026-09-29,3651.0,-0.0025,-0.0038,-0.0057,0.0549,0.0036,0.0314,3654.88,3557.08,True,-0.0011,0.9203,3967.0,2680.3119,0.0206,13.982,365100.0,0.9144,0.2659,ＫＡＤＯＫＡＷＡ,プライム（内国株式）,情報・通信業
9470,2026-09-29,1062.0,0.0024,-0.0103,0.0321,0.0652,0.0414,0.0417,1044.4135,1019.8445,True,0.0168,0.9255,1147.4692,923.0,0.015,3.1055,106200.0,2.3862,0.2844,学研ホールディングス,プライム（内国株式）,情報・通信業
9474,2026-09-29,895.0,-0.0121,-0.0345,-0.0165,0.0335,-0.0072,0.0099,912.6364,895.3321,True,-0.0193,0.8324,1075.1703,841.0,0.0128,1.6009,89500.0,0.6943,0.3142,ゼンリン,プライム（内国株式）,情報・通信業
9475,2026-09-29,510.0,-0.059,-0.052,-0.0449,0.0581,-0.0356,0.0345,534.32,513.2133,True,-0.0455,0.8795,579.8864,410.3811,0.0144,0.0144,51000.0,0.5681,0.5301,昭文社ホールディングス,スタンダード（内国株式）,情報・通信業
9476,2026-09-29,994.0,-0.0236,-0.0197,0.0112,-0.035,0.0205,-0.0585,994.0329,1006.2643,False,-0.0,0.8947,1111.0,675.0,0.0176,0.0147,99400.0,1.7165,0.2962,中央経済社ホールディングス,スタンダード（内国株式）,情報・通信業
9478,2026-09-29,499.0,-0.0099,-0.0348,-0.0177,-0.0441,-0.0084,-0.0676,516.2,516.2667,False,-0.0333,0.8678,575.0,346.0548,0.0179,0.0888,49900.0,0.4262,0.3136,ＳＥホールディングス・アンド・インキュベーションズ,スタンダード（内国株式）,情報・通信業
9501,2026-09-29,515.4,-0.0211,-0.0734,-0.0266,0.1173,-0.0173,0.0937,543.528,515.7107,False,-0.0518,0.5486,939.4,442.8,0.042,208.1278,51540.0024,0.9447,0.277,東京電力ホールディングス,プライム（内国株式）,電気・ガス業
9502,2026-09-29,2709.0,-0.0327,-0.0865,-0.0647,-0.1147,-0.0554,-0.1382,2913.8017,2915.0139,True,-0.0703,0.8244,3286.0,1951.2484,0.0347,98.5371,270900.0,1.0285,0.3535,中部電力,プライム（内国株式）,電気・ガス業
9503,2026-09-29,2642.0,-0.0337,-0.1133,0.0142,0.156,0.0235,0.1324,2826.273,2506.1377,True,-0.0652,0.8654,3053.0,2013.5475,0.0337,147.042,264200.0,1.1916,0.4659,関西電力,プライム（内国株式）,電気・ガス業
9504,2026-09-29,1011.0,-0.0367,-0.1001,0.0245,0.1376,0.0338,0.1141,1043.6006,958.8335,True,-0.0312,0.8923,1133.0,823.1803,0.0333,24.6489,101100.0,1.0788,0.3774,中国電力,プライム（内国株式）,電気・ガス業
9505,2026-09-29,1109.0,-0.0276,-0.046,0.12,0.276,0.1293,0.2525,1068.5145,963.2369,True,0.0379,0.9402,1179.5,782.2,0.0306,12.7804,110900.0,1.3318,0.3949,北陸電力,プライム（内国株式）,電気・ガス業
9506,2026-09-29,1286.5,-0.0283,-0.1158,-0.025,0.2085,-0.0157,0.185,1361.7328,1205.7243,True,-0.0552,0.874,1472.0,972.2,0.0327,63.4167,128650.0,1.4721,0.4553,東北電力,プライム（内国株式）,電気・ガス業
9507,2026-09-29,2103.0,-0.0164,-0.0764,0.0976,0.4306,0.1069,0.4071,2083.3675,1742.0625,True,0.0094,0.9149,2298.5,1292.3527,0.0378,29.6931,210300.0,1.5819,0.3382,四国電力,プライム（内国株式）,電気・ガス業
9509,2026-09-29,1099.5,-0.0214,-0.0489,0.0055,0.1858,0.0148,0.1623,1117.5521,1028.5734,True,-0.0162,0.8623,1275.0949,887.0,0.0285,27.8207,109950.0,1.0748,0.2556,北海道電力,プライム（内国株式）,電気・ガス業
9511,2026-09-29,1152.0,-0.0327,-0.0649,-0.0145,0.2743,-0.0052,0.2508,1187.3674,1038.7891,True,-0.0298,0.9268,1243.0,873.0,0.0239,3.2865,115200.0,1.1249,0.3308,沖縄電力,プライム（内国株式）,電気・ガス業
9513,2026-09-29,3986.0,-0.0257,-0.0615,-0.0097,0.0885,-0.0004,0.0649,4108.5591,3899.413,True,-0.0298,0.883,4514.0,2674.3334,0.0237,22.8843,398600.0,1.0141,0.3344,電源開発,プライム（内国株式）,電気・ガス業
9514,2026-09-29,339.0,-0.0259,-0.0531,-0.0369,0.0831,-0.0276,0.0595,344.6,333.8272,False,-0.0163,0.7588,446.7607,310.0,0.0289,0.3649,33900.0,1.3262,0.4394,エフオン,スタンダード（内国株式）,電気・ガス業
9517,2026-09-29,808.0,-0.0277,-0.0528,-0.0766,0.0846,-0.0673,0.061,854.16,823.0533,True,-0.054,0.7227,1118.0,583.8841,0.0254,1.8632,80800.0,1.12,0.2878,イーレックス,プライム（内国株式）,電気・ガス業
9519,2026-09-29,802.0,-0.0407,-0.0979,-0.132,-0.1858,-0.1227,-0.2093,893.76,923.76,False,-0.1027,0.5729,1400.0,616.0,0.0394,7.1899,80200.0,1.0277,0.3516,レノバ,プライム（内国株式）,電気・ガス業
9531,2026-09-29,6075.0,-0.0018,-0.0581,-0.0007,-0.0075,0.0087,-0.0311,6212.1605,6146.2002,False,-0.0221,0.7685,7905.3756,4961.3254,0.0248,64.0289,607500.0,1.0226,0.3325,東京瓦斯,プライム（内国株式）,電気・ガス業
9532,2026-09-29,5670.0,-0.0182,-0.0862,0.0093,0.0392,0.0186,0.0157,5836.2062,5576.1221,True,-0.0285,0.8382,6764.6114,4037.1692,0.0286,65.4207,567000.0,1.2158,0.3798,大阪瓦斯,プライム（内国株式）,電気・ガス業
9533,2026-09-29,1231.0,-0.0087,-0.0727,0.014,0.0132,0.0233,-0.0104,1262.712,1222.624,True,-0.0251,0.8715,1412.554,1028.861,0.0287,11.5282,123100.0,1.1302,0.3856,東邦瓦斯,プライム（内国株式）,電気・ガス業
9534,2026-09-29,880.0,-0.0282,-0.0727,0.0539,0.1671,0.0632,0.1436,898.4488,810.6296,True,-0.0205,0.9053,972.0,626.8181,0.0306,3.002,88000.0,1.5109,0.3931,北海道瓦斯,プライム（内国株式）,電気・ガス業
9535,2026-09-29,423.0,-0.0364,-0.0537,-0.0208,0.0846,-0.0115,0.0611,435.0027,417.0676,True,-0.0276,0.9338,453.0,354.7445,0.0201,0.3817,42300.0,0.8349,0.3535,広島ガス,プライム（内国株式）,電気・ガス業
9536,2026-09-29,2472.0,-0.0463,-0.07,-0.0076,0.0996,0.0017,0.0761,2549.632,2393.2773,True,-0.0304,0.9173,2695.0,1798.3363,0.0229,5.8802,247200.0,1.9394,0.3937,西部ガスホールディングス,プライム（内国株式）,電気・ガス業
9537,2026-09-29,4305.0,0.0,0.0118,0.0129,0.0539,0.0223,0.0303,4310.4,4300.4667,False,-0.0013,0.7672,5611.0185,3473.7217,0.0055,0.0256,430500.0,0.9,0.5515,北陸瓦斯,スタンダード（内国株式）,電気・ガス業
9539,2026-09-29,1343.0,-0.0096,0.003,-0.0067,-0.1164,0.0027,-0.14,1357.0,1398.7774,False,-0.0103,0.8709,1542.0,1109.5348,0.0162,0.3791,134300.0,0.2644,0.4651,京葉瓦斯,スタンダード（内国株式）,電気・ガス業
9543,2026-09-29,1311.0,-0.0424,-0.0568,0.0085,0.0471,0.0178,0.0236,1337.08,1274.9629,True,-0.0195,0.8211,1596.6719,1072.6281,0.0252,2.2725,131100.0,0.9967,0.3235,静岡ガス,プライム（内国株式）,電気・ガス業
9551,2026-09-29,3055.0,-0.0145,-0.0224,-0.0317,-0.0812,-0.0224,-0.1047,3105.5898,3204.8633,False,-0.0163,0.7312,4178.2179,2815.8416,0.0202,3.1704,305500.0,0.8476,0.2642,メタウォーター,プライム（内国株式）,電気・ガス業
9552,2026-09-29,1015.0,-0.0259,-0.0343,-0.0645,0.1613,-0.0552,0.1378,1090.72,988.9733,True,-0.0694,0.725,1400.0,556.0,0.042,3.561,101500.0,0.8202,0.2486,クオンツ総研ホールディングス,プライム（内国株式）,サービス業
9553,2026-09-29,622.0,0.0065,-0.0342,0.0542,0.1692,0.0636,0.1456,608.4,586.72,True,0.0224,0.6499,957.0,416.0,0.0264,0.5511,62200.0,0.7526,0.3287,マイクロアド,グロース（内国株式）,サービス業
9554,2026-09-29,1732.0,-0.0137,0.0224,-0.0097,0.1124,-0.0004,0.0889,1740.8,1648.4267,True,-0.0051,0.7317,2367.0,1180.0,0.0257,0.5293,173200.0,0.6368,0.4367,ＡＶｉＣ,グロース（内国株式）,サービス業
9556,2026-09-29,2267.0,-0.0479,-0.0394,-0.0345,0.3343,-0.0252,0.3108,2322.48,2006.8933,True,-0.0239,0.465,4875.0,1401.0,0.073,2.2195,226700.0,1.993,0.3196,ＩＮＴＬＯＯＰ,グロース（内国株式）,サービス業
9557,2026-09-29,252.0,-0.0079,-0.0156,0.0456,0.509,0.055,0.4854,243.76,201.4,True,0.0338,0.6222,405.0,148.0,0.0411,0.1917,25200.0,0.1429,0.1352,エアークローゼット,グロース（内国株式）,サービス業
9558,2026-09-29,1980.0,-0.0015,0.0,-0.005,0.0254,0.0043,0.0018,1983.0,1952.7333,False,-0.0015,0.8292,2387.8353,1860.0,0.0098,0.0968,198000.0,0.2967,0.2059,ジャパニアス,グロース（内国株式）,サービス業
9560,2026-09-29,890.0,-0.0111,-0.0111,0.0011,0.2394,0.0104,0.2158,894.5854,808.4943,True,-0.0051,0.7528,1182.2293,656.8722,0.0281,0.2522,89000.0,0.5083,0.264,プログリット,グロース（内国株式）,サービス業
9561,2026-09-29,431.0,-0.0137,0.0311,0.0336,0.0141,0.0429,-0.0094,424.36,415.2133,False,0.0156,0.5671,760.0,385.0,0.0298,0.0633,43100.0,0.5579,0.2567,グラッドキューブ,グロース（内国株式）,サービス業
9562,2026-09-29,607.0,-0.1241,-0.1074,0.0,0.2189,0.0093,0.1953,646.8563,559.0321,True,-0.0616,0.6428,944.3333,481.0,0.0583,0.0852,60700.0,1.1235,0.3309,ビジネスコーチ,グロース（内国株式）,サービス業
9563,2026-09-29,361.0,0.0374,0.0556,0.0056,0.2279,0.0149,0.2043,346.76,318.2667,True,0.0411,0.898,402.0,265.0,0.0295,0.0826,36100.0,1.5223,0.3852,Ａｔｌａｓ　Ｔｅｃｈｎｏｌｏｇｉｅｓ,グロース（内国株式）,サービス業
9564,2026-09-29,547.0,0.0167,-0.025,-0.0569,0.1396,-0.0476,0.116,568.5432,532.9144,True,-0.0379,0.6782,806.5339,424.0,0.0289,0.2441,54700.0,0.9591,0.2718,ＦＣＥ,スタンダード（内国株式）,サービス業
9565,2026-09-29,654.0,0.0108,0.0031,-0.0311,-0.0195,-0.0218,-0.043,659.96,667.7067,False,-0.009,0.6633,986.0,631.0,0.0132,0.0166,65400.0,1.1419,0.2777,ＧＬＯＥ,グロース（内国株式）,サービス業
9601,2026-09-29,10770.0,-0.0065,-0.0218,-0.0297,0.0238,-0.0204,0.0002,10873.6,10814.8,True,-0.0095,0.7686,14011.6421,9860.0,0.0159,5.5996,1077000.0,0.735,0.2742,松竹,プライム（内国株式）,情報・通信業
9602,2026-09-29,1553.0,-0.0048,-0.0387,0.0045,0.2027,0.0138,0.1791,1580.7334,1447.6069,True,-0.0175,0.7865,1974.5088,1182.5857,0.0261,50.4674,155300.0,0.7315,0.3432,東宝,プライム（内国株式）,情報・通信業
9603,2026-09-29,1080.0,-0.0155,-0.0761,-0.0746,0.1054,-0.0652,0.0819,1158.48,1069.96,True,-0.0677,0.7516,1436.9802,907.0,0.0339,5.7341,108000.0,1.0568,0.322,エイチ・アイ・エス,プライム（内国株式）,サービス業
9605,2026-09-29,5970.0,-0.0073,-0.0229,-0.0165,0.0347,-0.0072,0.0111,6020.882,5896.1607,True,-0.0085,0.9185,6500.0,5024.6232,0.0192,3.7644,597000.0,0.9616,0.279,東映,プライム（内国株式）,情報・通信業
9610,2026-09-29,108.0,0.0,0.0,0.0286,0.0286,0.0379,0.005,112.76,108.08,False,-0.0422,0.3158,342.0,87.0,0.0489,1.1284,10800.0,0.2427,0.1892,ウィルソン・ラーニング　ワールドワイド,スタンダード（内国株式）,サービス業
9612,2026-09-29,1253.0,-0.0008,0.0204,0.0097,0.0574,0.019,0.0338,1225.32,1238.2317,False,0.0226,0.6482,1933.1787,1098.7064,0.0206,0.6152,125300.0,0.9613,0.4809,ラックランド,プライム（内国株式）,サービス業
9616,2026-09-29,3176.0,-0.0173,-0.0161,-0.0746,0.0454,-0.0653,0.0219,3267.1254,3149.4085,True,-0.0279,0.8964,3543.0,2321.0,0.0206,32.0035,317600.0,1.039,0.3152,共立メンテナンス,プライム（内国株式）,サービス業
9619,2026-09-29,2697.0,-0.0143,-0.0182,0.0004,0.2193,0.0097,0.1957,2706.8821,2465.2007,True,-0.0037,0.9761,2763.0,1889.7134,0.0155,0.92,269700.0,0.9322,0.3082,イチネンホールディングス,プライム（内国株式）,サービス業
9621,2026-09-29,3245.0,-0.0076,-0.027,0.0156,0.1414,0.025,0.1179,3224.2,3038.4933,True,0.0065,0.9077,3575.0,2563.0,0.0182,2.0775,324500.0,0.9384,0.28,建設技術研究所,プライム（内国株式）,サービス業
9622,2026-09-29,1414.0,-0.0133,-0.0098,-0.0381,-0.0112,-0.0288,-0.0347,1434.6,1428.7842,True,-0.0144,0.8485,1666.4523,1254.7856,0.0129,0.6393,141400.0,1.53,0.4612,スペース,プライム（内国株式）,サービス業
9625,2026-09-29,937.0,0.0043,0.0119,-0.0064,-0.13,0.003,-0.1535,944.0,1006.5333,False,-0.0074,0.8411,1113.9636,825.0,0.014,0.0322,93700.0,0.179,0.1836,セレスポ,スタンダード（内国株式）,サービス業
9627,2026-09-29,5320.0,-0.017,-0.0471,-0.1326,-0.0383,-0.1232,-0.0619,5903.04,5809.0133,True,-0.0988,0.7408,7181.288,5254.7696,0.0306,8.1963,532000.0,1.2464,0.4595,アインホールディングス,プライム（内国株式）,小売業
9628,2026-09-29,1325.0,-0.03,-0.0097,-0.0174,0.0067,-0.0081,-0.0168,1333.7193,1355.2986,True,-0.0065,0.8364,1584.1335,1243.3048,0.0178,0.9351,132500.0,1.3032,0.5583,燦ホールディングス,プライム（内国株式）,サービス業
9629,2026-09-29,1557.0,-0.0108,-0.0189,-0.0693,0.2164,-0.06,0.1929,1591.12,1459.6533,True,-0.0214,0.7902,1970.2838,1164.0,0.0194,0.4156,155700.0,0.4697,0.2422,ピー・シー・エー,プライム（内国株式）,情報・通信業
9632,2026-09-29,3470.0,-0.0114,-0.0225,-0.0844,-0.0047,-0.0751,-0.0283,3616.2,3589.6754,True,-0.0404,0.9019,3847.4863,2963.2836,0.0166,0.6385,347000.0,1.05,0.1913,スバル興業,スタンダード（内国株式）,サービス業
9633,2026-09-29,1871.0,-0.0311,-0.0158,-0.0296,0.1521,-0.0202,0.1286,1908.88,1734.6267,True,-0.0198,0.9332,2005.0,1347.9151,0.0085,0.2352,187100.0,1.1984,0.4457,東京テアトル,スタンダード（内国株式）,不動産業
9635,2026-09-29,2550.0,-0.007,-0.0074,-0.0008,0.0099,0.0085,-0.0136,2566.8,2547.24,True,-0.0065,0.9444,2700.0,2151.0,0.0094,0.0123,255000.0,2.4419,0.3282,武蔵野興業,スタンダード（内国株式）,サービス業
9636,2026-09-29,4210.0,0.0012,-0.0012,0.0072,-0.0164,0.0165,-0.0399,4197.0,4203.3333,True,0.0031,0.9612,4380.0,4025.0,0.0076,0.0722,421000.0,0.5243,0.1089,きんえい,スタンダード（内国株式）,サービス業
9639,2026-09-29,2350.0,-0.0017,0.0,0.0013,0.0389,0.0106,0.0154,2358.3383,2304.0461,True,-0.0035,0.9759,2408.0,1863.773,0.0125,0.1699,235000.0,0.6729,0.2325,三協フロンテア,スタンダード（内国株式）,サービス業
9640,2026-09-29,1938.0,0.012,-0.0182,-0.0358,-0.05,-0.0265,-0.0735,1979.5692,2044.6564,False,-0.021,0.7766,2495.4865,1784.5914,0.0188,0.1022,193800.0,0.9667,0.2513,セゾンテクノロジー,スタンダード（内国株式）,情報・通信業
9644,2026-09-29,712.0,-0.0494,-0.0582,-0.0668,-0.0417,-0.0575,-0.0653,756.8096,753.5099,True,-0.0592,0.9105,782.0,631.6552,0.0129,0.6988,71200.0,1.7008,0.5118,タナベコンサルティンググループ,プライム（内国株式）,サービス業
9647,2026-09-29,6780.0,0.0288,0.0089,-0.0174,0.0074,-0.0081,-0.0161,6789.2,6676.2667,False,-0.0014,0.622,10900.0,5840.0,0.0127,0.0313,678000.0,0.6474,0.3355,協和コンサルタンツ,スタンダード（内国株式）,サービス業
9651,2026-09-29,2003.0,-0.006,0.0351,-0.0055,0.1713,0.0039,0.1478,1992.44,1916.2133,True,0.0053,0.9364,2139.0,1440.5856,0.0204,0.305,200300.0,0.8723,0.3103,日本プロセス,スタンダード（内国株式）,情報・通信業
9656,2026-09-29,601.0,0.0017,0.0033,0.0017,0.0017,0.011,-0.0219,600.88,600.7412,False,0.0002,0.9699,619.6458,580.0,0.0044,0.0341,60100.0,1.4015,0.3027,グリーンランドリゾート,スタンダード（内国株式）,サービス業
9658,2026-09-29,1135.0,-0.0004,0.0198,0.0529,0.1396,0.0622,0.116,1092.1062,1047.7154,True,0.0393,0.9539,1189.8015,913.0,0.0198,1.0831,113500.0,1.2968,0.4641,ビジネスブレイン太田昭和,プライム（内国株式）,情報・通信業
9661,2026-09-29,4115.0,-0.0072,-0.0132,-0.0637,-0.0763,-0.0544,-0.0999,4274.6,4402.4667,False,-0.0373,0.86,4784.8329,4105.0,0.0121,0.4414,411500.0,1.3553,0.2417,歌舞伎座,スタンダード（内国株式）,サービス業
9663,2026-09-29,4825.0,-0.0193,-0.0388,-0.0613,-0.0321,-0.052,-0.0556,5049.4,5046.4,True,-0.0444,0.7056,6838.4429,4670.0,0.0126,2.0141,482500.0,1.3671,0.3871,ナガワ,プライム（内国株式）,サービス業
9672,2026-09-29,4760.0,-0.0124,-0.0394,-0.0574,-0.0124,-0.0481,-0.036,4960.0,4903.3145,True,-0.0403,0.7927,6005.1693,4523.6308,0.0157,2.684,476000.0,0.892,0.3081,東京都競馬,プライム（内国株式）,サービス業
9678,2026-09-29,5290.0,-0.0204,-0.0311,-0.0399,-0.0038,-0.0306,-0.0273,5469.2,5345.7333,True,-0.0328,0.9184,5760.0,3352.8111,0.0263,5.5816,529000.0,1.0761,0.2226,カナモト,プライム（内国株式）,サービス業
9679,2026-09-29,2265.0,-0.0216,-0.0186,-0.0439,-0.0152,-0.0346,-0.0388,2329.0806,2331.2935,False,-0.0275,0.9306,2434.0,1824.0,0.0122,0.018,226500.0,1.676,0.2545,ホウライ,スタンダード（内国株式）,サービス業
9682,2026-09-29,1163.0,0.0202,0.0449,0.0375,0.163,0.0468,0.1395,1116.9688,1072.5096,True,0.0412,0.8722,1333.4085,958.0,0.0214,7.0378,116300.0,1.1652,0.4216,ＤＴＳ,プライム（内国株式）,情報・通信業
9684,2026-09-29,2913.0,-0.0065,-0.0361,0.0097,0.2087,0.019,0.1852,2938.6946,2714.5849,True,-0.0087,0.8592,3390.2959,2325.0,0.0237,40.9961,291300.0,0.8681,0.2971,スクウェア・エニックス・ホールディングス,プライム（内国株式）,情報・通信業
9685,2026-09-29,575.0,-0.0171,0.0035,0.0268,-0.0512,0.0361,-0.0747,572.2,573.3467,False,0.0049,0.8502,676.2991,525.0,0.0127,0.0196,57500.0,0.7463,0.3843,ＫＹＣＯＭホールディングス,スタンダード（内国株式）,情報・通信業
9686,2026-09-29,1652.0,-0.0155,-0.0506,-0.0236,0.0351,-0.0143,0.0115,1699.4424,1648.8275,True,-0.0279,0.8902,1855.7612,1441.6334,0.0195,0.065,165200.0,1.2366,0.4495,東洋テック,スタンダード（内国株式）,サービス業
9687,2026-09-29,1542.0,-0.0052,-0.6581,-0.6712,-0.6414,-0.6619,-0.6649,4131.7467,4304.7822,False,-0.6268,0.2766,5575.2656,1500.0,0.1754,0.0859,154200.0,2.0255,1.1779,ＫＳＫ,スタンダード（内国株式）,情報・通信業
9692,2026-09-29,2230.0,-0.0009,-0.0027,-0.1037,0.0788,-0.0944,0.0552,2342.0,2220.796,True,-0.0478,0.8647,2579.0,1832.2182,0.0264,3.1956,223000.0,1.3665,0.2939,シーイーシー,プライム（内国株式）,情報・通信業
9697,2026-09-29,4357.0,-0.0011,-0.0169,0.0476,0.4465,0.0569,0.423,4294.8306,3719.8769,True,0.0145,0.9684,4499.0,2736.0,0.032,114.6777,435700.0,0.916,0.2672,カプコン,プライム（内国株式）,情報・通信業
9699,2026-09-29,4455.0,-0.0139,-0.0581,-0.0611,0.1365,-0.0518,0.1129,4638.3032,4312.8344,True,-0.0395,0.9129,4880.0,3650.0,0.021,3.2927,445500.0,1.1671,0.3471,ニシオホールディングス,プライム（内国株式）,サービス業
9701,2026-09-29,4500.0,-0.0066,0.0022,0.0551,0.0909,0.0644,0.0674,4370.8,4267.8,True,0.0296,0.8197,5490.0,3876.6129,0.0142,0.0386,450000.0,1.0138,0.3754,東京會舘,スタンダード（内国株式）,サービス業
9702,2026-09-29,2508.0,0.0093,0.0212,0.0279,0.0976,0.0372,0.0741,2426.52,2358.3467,True,0.0336,0.9698,2586.0,1589.097,0.0198,0.6294,250800.0,1.1192,0.3621,アイ・エス・ビー,プライム（内国株式）,情報・通信業
9704,2026-09-29,27.0,0.0,-0.0357,-0.1,-0.129,-0.0907,-0.1526,28.36,30.68,False,-0.048,0.3913,69.0,26.0,0.0423,0.0903,2700.0,0.5974,0.0875,アゴーラ　ホスピタリティー　グループ,スタンダード（内国株式）,サービス業
9706,2026-09-29,5475.0,-0.0051,-0.0178,-0.0784,0.0848,-0.0691,0.0613,5649.6097,5412.7099,True,-0.0309,0.9111,6009.0,4074.0528,0.0192,67.699,547500.0,1.1498,0.197,日本空港ビルデング,プライム（内国株式）,不動産業
9708,2026-09-29,941.0,-0.0105,-0.0116,-0.0581,-0.0543,-0.0487,-0.0778,970.9995,987.9465,False,-0.0309,0.5649,1665.921,934.0,0.0131,1.6665,94100.0,0.9012,0.2265,帝国ホテル,スタンダード（内国株式）,サービス業
9709,2026-09-29,1244.0,0.0073,0.0349,-0.1025,0.0542,-0.0931,0.0307,1288.2617,1284.6072,False,-0.0344,0.714,1742.2232,1139.0,0.0253,0.1537,124400.0,1.0292,0.252,ＮＣＳ＆Ａ,スタンダード（内国株式）,情報・通信業
9713,2026-09-29,907.0,-0.0131,-0.0098,0.0044,0.0033,0.0137,-0.0202,912.68,905.4533,True,-0.0062,0.832,1090.1223,864.5455,0.0073,0.0518,90700.0,0.8676,0.3763,ロイヤルホテル,スタンダード（内国株式）,サービス業
9715,2026-09-29,3525.0,-0.0084,-0.0395,-0.0511,-0.0195,-0.0418,-0.043,3639.2,3663.5333,False,-0.0314,0.8682,4060.0,3352.6099,0.0206,4.4103,352500.0,1.2594,0.3241,トランス・コスモス,プライム（内国株式）,サービス業
9716,2026-09-29,1210.0,-0.0163,-0.0397,-0.0382,0.1368,-0.0288,0.1133,1249.3488,1167.6198,True,-0.0315,0.8398,1440.8031,954.167,0.0187,3.9314,121000.0,0.9992,0.2517,乃村工藝社,プライム（内国株式）,サービス業
9720,2026-09-29,6400.0,0.0,-0.0062,0.0016,0.1852,0.0109,0.1616,6408.8,5994.6667,True,-0.0014,0.8509,7521.4014,5150.0,0.0064,0.0083,640000.0,0.443,0.3439,ホテル、ニューグランド,スタンダード（内国株式）,サービス業
9722,2026-09-29,2728.0,-0.018,0.0007,-0.0528,0.435,-0.0435,0.4115,2802.8,2254.8,True,-0.0267,0.8633,3160.0,1735.0,0.0376,9.7155,272800.0,1.0178,0.2302,藤田観光,プライム（内国株式）,サービス業
9723,2026-09-29,635.0,0.0016,0.0063,-0.0031,0.0079,0.0062,-0.0156,633.76,634.04,False,0.002,0.9124,695.9713,605.6241,0.0046,0.0131,63500.0,1.3039,0.4098,京都ホテル,スタンダード（内国株式）,サービス業
9726,2026-09-29,1995.0,-0.0065,0.0101,0.0122,0.1227,0.0215,0.0991,1952.8,1911.04,False,0.0216,0.9428,2116.0,1386.0841,0.0223,0.6667,199500.0,1.3061,0.4209,ＫＮＴ－ＣＴホールディングス,スタンダード（内国株式）,サービス業
9729,2026-09-29,2507.0,-0.0063,-0.035,-0.0272,0.0801,-0.0178,0.0566,2529.4531,2443.951,True,-0.0089,0.8747,2866.0,2052.2448,0.0202,0.8437,250700.0,0.9601,0.3266,トーカイ,プライム（内国株式）,サービス業
9731,2026-09-29,3360.0,-0.0015,-0.0118,-0.0088,-0.0261,0.0005,-0.0496,3388.4,3434.8952,False,-0.0084,0.8947,3755.5714,2936.6071,0.0086,0.061,336000.0,0.7768,0.2074,白洋舎,スタンダード（内国株式）,サービス業
9733,2026-09-29,2245.0,-0.0044,-0.0273,-0.0455,-0.0239,-0.0362,-0.0475,2313.3169,2304.6523,True,-0.0295,0.8238,2725.2061,1809.2261,0.0109,0.4552,224500.0,0.7788,0.3749,ナガセ,スタンダード（内国株式）,サービス業
9735,2026-09-29,6210.0,-0.0029,-0.0455,-0.0317,-0.0381,-0.0223,-0.0616,6385.5359,6526.8053,True,-0.0275,0.8596,7224.0,5022.5225,0.0178,83.4474,621000.0,1.033,0.3336,セコム,プライム（内国株式）,サービス業
9739,2026-09-29,2610.0,-0.0072,-0.0258,-0.0499,0.0341,-0.0406,0.0105,2696.3796,2596.3532,True,-0.032,0.9219,2831.0,2207.4602,0.0137,0.7128,261000.0,0.9209,0.2655,ＮＳＷ,プライム（内国株式）,情報・通信業
9740,2026-09-29,2646.0,-0.0167,-0.0167,-0.0458,0.044,-0.0365,0.0205,2712.6656,2681.5837,True,-0.0246,0.8012,3302.364,2355.2525,0.0184,0.6248,264600.0,0.957,0.2076,セントラル警備保障,プライム（内国株式）,サービス業
9742,2026-09-29,2181.0,-0.0362,0.0168,-0.0707,0.0215,-0.0614,-0.002,2231.84,2194.0933,True,-0.0228,0.8631,2527.0,1637.4191,0.0282,0.6396,218100.0,0.8972,0.5024,アイネス,プライム（内国株式）,情報・通信業
9743,2026-09-29,1396.0,-0.0204,-0.0631,-0.0816,0.0505,-0.0723,0.0269,1488.64,1407.565,True,-0.0622,0.8775,1590.9269,1237.7049,0.0213,5.1408,139600.0,0.9207,0.3197,丹青社,プライム（内国株式）,サービス業
9744,2026-09-29,3368.0,-0.012,-0.0308,-0.005,0.084,0.0043,0.0605,3376.9229,3259.4676,True,-0.0026,0.9353,3601.0887,2952.5,0.0161,16.2532,336800.0,1.493,0.4287,メイテックグループホールディングス,プライム（内国株式）,サービス業
9746,2026-09-29,4055.0,-0.0071,-0.0217,-0.017,0.1874,-0.0077,0.1639,4099.3005,3789.3668,True,-0.0108,0.9407,4310.4893,3310.0,0.0176,2.8434,405500.0,0.8458,0.2174,ＴＫＣ,プライム（内国株式）,情報・通信業
9753,2026-09-29,1411.0,-0.0174,-0.014,0.0375,0.0779,0.0468,0.0544,1398.48,1327.8933,True,0.009,0.9468,1490.3333,1173.3846,0.0191,0.0677,141100.0,0.7483,0.3082,アイエックス・ナレッジ,スタンダード（内国株式）,情報・通信業
9755,2026-09-29,2801.0,-0.0155,-0.0308,-0.0186,0.0097,-0.0093,-0.0138,2843.88,2806.9996,True,-0.0151,0.8995,3113.985,2476.5276,0.0142,1.6576,280100.0,0.8478,0.2609,応用地質,プライム（内国株式）,サービス業
9757,2026-09-29,1173.0,-0.011,-0.0201,0.0017,0.1004,0.011,0.0768,1176.12,1123.4014,True,-0.0027,0.9223,1271.8829,1017.9094,0.0124,2.9914,117300.0,0.627,0.3517,船井総研ホールディングス,プライム（内国株式）,サービス業
9759,2026-09-29,2993.5,0.0234,0.0273,0.036,0.2144,0.0453,0.1909,2887.86,2728.1333,True,0.0366,0.8442,3545.8343,2378.0,0.0205,9.6776,299350.0,1.4765,0.3715,ＮＳＤ,プライム（内国株式）,情報・通信業
9760,2026-09-29,117.0,0.0086,0.0,-0.025,0.0263,-0.0157,0.0028,118.68,117.64,True,-0.0142,0.65,180.0,108.0,0.0189,0.0409,11700.0,1.344,0.271,進学会ホールディングス,スタンダード（内国株式）,サービス業
9761,2026-09-29,2379.0,-0.0108,-0.0294,-0.021,0.0527,-0.0117,0.0291,2438.5904,2360.0235,True,-0.0244,0.8896,2674.1973,2109.0,0.0145,0.1077,237900.0,1.0258,0.3693,東海リース,スタンダード（内国株式）,サービス業
9763,2026-09-29,1244.0,-0.0135,-0.0431,-0.0569,0.018,-0.0475,-0.0055,1293.4067,1258.5356,True,-0.0382,0.7533,1651.3229,1062.7325,0.0155,0.135,124400.0,0.7649,0.3887,丸建リース,スタンダード（内国株式）,卸売業
9765,2026-09-29,1198.0,-0.0017,0.0067,0.0153,0.0773,0.0246,0.0538,1179.36,1136.9733,True,0.0158,0.9237,1296.995,1016.0,0.01,0.1515,119800.0,0.9107,0.4527,オオバ,プライム（内国株式）,サービス業
9766,2026-09-29,21075.0,-0.0063,-0.0092,-0.0304,0.193,-0.0211,0.1695,21420.1559,20016.452,True,-0.0161,0.7966,26457.0054,16850.0,0.0307,97.4056,2107500.0,0.8971,0.2705,コナミグループ,プライム（内国株式）,情報・通信業
9767,2026-09-29,1725.0,0.0,0.0455,0.1001,0.15,0.1094,0.1265,1636.52,1550.4667,True,0.0541,0.8226,2097.0,1331.0,0.0232,0.0325,172500.0,1.1871,0.535,日建工学,スタンダード（内国株式）,サービス業
9768,2026-09-29,3795.0,-0.0039,0.004,-0.0282,0.089,-0.0189,0.0654,3792.6,3571.0667,True,0.0006,0.7809,4860.0,2990.0,0.0159,0.3872,379500.0,0.634,0.232,いであ,スタンダード（内国株式）,サービス業
9769,2026-09-29,2538.0,-0.0047,-0.035,-0.0361,0.0156,-0.0268,-0.0079,2591.8533,2587.1644,True,-0.0208,0.9136,2778.0,2186.6011,0.0137,0.3894,253800.0,1.2497,0.3054,学究社,プライム（内国株式）,サービス業
9778,2026-09-29,5520.0,0.0018,-0.0108,-0.0691,-0.0072,-0.0598,-0.0307,5602.4,5621.4667,False,-0.0147,0.8043,6862.9693,5380.0,0.0063,0.0242,552000.0,0.5542,0.2571,昴,スタンダード（内国株式）,サービス業
9780,2026-09-29,1143.0,0.0142,0.0115,-0.0061,0.2658,0.0032,0.2422,1126.7238,998.2146,True,0.0144,0.9728,1175.0,804.572,0.0308,0.0786,114300.0,0.6914,0.273,ハリマビステム,スタンダード（内国株式）,サービス業
9782,2026-09-29,3290.0,-0.0105,-0.0573,-0.0573,-0.0295,-0.048,-0.053,3459.5039,3424.6346,True,-0.049,0.8336,3946.7346,2711.5707,0.0165,1.2511,329000.0,1.1384,0.4615,ディーエムエス,スタンダード（内国株式）,サービス業
9788,2026-09-29,510.0,-0.0058,-0.0192,-0.0211,0.0139,-0.0118,-0.0096,518.48,519.0667,True,-0.0164,0.9346,545.6612,478.0,0.0085,0.2411,51000.0,0.708,0.2529,ナック,プライム（内国株式）,サービス業
9790,2026-09-29,2980.0,-0.0181,-0.0149,-0.0433,-0.0309,-0.034,-0.0544,3043.16,3091.2133,False,-0.0208,0.8588,3470.0,2826.7964,0.0153,0.9872,298000.0,0.8064,0.2953,福井コンピュータホールディングス,プライム（内国株式）,情報・通信業
9791,2026-09-29,1175.0,-0.0059,0.0,-0.0297,0.0129,-0.0204,-0.0106,1186.652,1178.964,True,-0.0098,0.8039,1461.6405,1072.0,0.0097,0.0236,117500.0,0.5437,0.4774,ビケンテクノ,スタンダード（内国株式）,サービス業
9793,2026-09-29,3545.0,-0.0139,-0.0597,-0.0773,-0.0879,-0.068,-0.1114,3724.8708,3783.9035,False,-0.0483,0.8101,4376.0232,3004.0626,0.0194,4.6836,354500.0,0.9373,0.3699,ダイセキ,プライム（内国株式）,サービス業
9795,2026-09-29,2194.0,-0.017,-0.0465,-0.0494,-0.0148,-0.0401,-0.0384,2286.9546,2255.4782,True,-0.0406,0.8523,2574.1448,2156.0,0.0117,0.6325,219400.0,2.1349,0.4442,ステップ,プライム（内国株式）,サービス業
9799,2026-09-29,945.0,0.0043,-0.0115,-0.0278,0.0272,-0.0185,0.0036,956.1072,929.9557,True,-0.0116,0.6819,1385.7747,825.0,0.0189,0.0465,94500.0,0.5529,0.2605,旭情報サービス,スタンダード（内国株式）,情報・通信業
9812,2026-09-29,231.0,-0.0086,-0.0253,-0.0494,0.0645,-0.0401,0.041,241.36,233.4533,True,-0.0429,0.7086,326.0,216.0,0.0124,0.0103,23100.0,0.8205,0.42,テーオーホールディングス,スタンダード（内国株式）,小売業
9816,2026-09-29,257.0,0.0078,0.0039,-0.0039,0.0983,0.0054,0.0747,254.28,246.48,False,0.0107,0.68,377.9623,228.0,0.0439,0.0434,25700.0,2.8622,0.5139,ストライダーズ,スタンダード（内国株式）,不動産業
9818,2026-09-29,1579.0,0.0287,0.024,-0.0088,0.0181,0.0005,-0.0055,1553.5499,1545.53,False,0.0164,0.6248,2527.1842,1427.8045,0.011,0.0233,157900.0,0.8565,0.3799,大丸エナウィン,スタンダード（内国株式）,卸売業
9820,2026-09-29,3950.0,0.0194,0.0604,0.0408,0.1127,0.0502,0.0891,3792.2,3683.9333,True,0.0416,0.9311,4242.2005,3174.2339,0.0125,0.0201,395000.0,0.533,0.4667,エムティジェネックス,スタンダード（内国株式）,不動産業
9823,2026-09-29,999.0,0.0032,-0.0196,-0.0301,-0.0158,-0.0208,-0.0393,1015.9302,1025.1767,False,-0.0167,0.5582,1789.6937,974.0,0.0141,0.8013,99900.0,1.1012,0.2142,マミーマートホールディングス,スタンダード（内国株式）,小売業
9824,2026-09-29,8030.0,-0.0025,0.0113,0.139,0.1422,0.1483,0.1187,7572.8,6966.1333,True,0.0604,0.9853,8150.0,4104.5317,0.0352,6.3435,803000.0,0.9879,0.2369,泉州電業,プライム（内国株式）,卸売業
9827,2026-09-29,648.0,0.0125,0.0269,0.0109,0.0983,0.0202,0.0748,635.72,622.3333,True,0.0193,0.9312,695.8519,580.0,0.0098,0.0897,64800.0,0.6737,0.3618,リリカラ,スタンダード（内国株式）,卸売業
9828,2026-09-29,3265.0,-0.0136,-0.0397,-0.0698,0.03,-0.0605,0.0064,3409.9937,3272.6646,True,-0.0425,0.8872,3680.0,2571.0,0.0214,2.7946,326500.0,1.3091,0.3361,Ｇｅｎｋｉ　Ｇｌｏｂａｌ　Ｄｉｎｉｎｇ　Ｃｏｎｃｅｐｔｓ,スタンダード（内国株式）,小売業
9830,2026-09-29,2392.0,-0.0164,-0.0205,-0.0108,0.0519,-0.0014,0.0283,2399.04,2342.0693,True,-0.0029,0.8819,2712.2137,2061.7554,0.018,2.3717,239200.0,0.8188,0.3256,トラスコ中山,プライム（内国株式）,卸売業
9831,2026-09-29,717.1,0.005,-0.0106,0.019,0.0903,0.0284,0.0668,711.104,691.7987,True,0.0084,0.9342,767.6,427.2969,0.0192,35.3777,71709.9976,1.2594,0.1719,ヤマダホールディングス,プライム（内国株式）,小売業
9832,2026-09-29,1557.0,-0.0083,-0.0448,0.0065,0.0679,0.0158,0.0444,1575.5042,1523.3947,True,-0.0117,0.8888,1751.7597,1431.0,0.0153,6.811,155700.0,2.286,0.3439,オートバックスセブン,プライム（内国株式）,卸売業
9835,2026-09-29,511.0,-0.0058,0.0059,-0.0058,0.0,0.0035,-0.0235,510.24,510.1333,True,0.0015,0.9733,525.0,471.5871,0.0057,0.0136,51100.0,0.5203,0.2732,ジュンテンドー,スタンダード（内国株式）,小売業
9837,2026-09-29,1802.0,-0.0104,-0.0039,-0.0077,0.0239,0.0016,0.0003,1804.88,1796.0933,True,-0.0016,0.8669,2078.58,1468.451,0.0124,0.9445,180200.0,0.8609,0.486,モリト,プライム（内国株式）,卸売業
9842,2026-09-29,1870.0,-0.0127,-0.0142,-0.0069,-0.0167,0.0024,-0.0403,1878.091,1874.7275,True,-0.0043,0.9324,2005.5801,1695.9741,0.0123,5.4072,187000.0,0.4564,0.195,アークランズ,プライム（内国株式）,小売業
9843,2026-09-29,2929.5,-0.0061,-0.0605,-0.0439,0.2133,-0.0346,0.1898,3119.2807,2754.4002,True,-0.0608,0.8436,3472.6243,2216.5,0.0402,127.3921,292950.0,1.083,0.402,ニトリホールディングス,プライム（内国株式）,小売業
9845,2026-09-29,1333.0,-0.0019,-0.0148,-0.0586,-0.0177,-0.0493,-0.0412,1379.1112,1414.4371,True,-0.0334,0.7798,1709.4791,1027.2469,0.0161,0.1144,133300.0,0.76,0.1965,パーカーコーポレーション,スタンダード（内国株式）,化学
9846,2026-09-29,981.0,0.0,0.0,-0.003,-0.0,0.0063,-0.0236,983.754,986.4786,True,-0.0028,0.9802,1000.829,931.321,0.0049,0.0855,98100.0,1.0592,0.2299,天満屋ストア,スタンダード（内国株式）,小売業
9849,2026-09-29,4465.0,-0.0165,-0.0133,-0.01,0.0034,-0.0007,-0.0202,4514.2,4490.8,True,-0.0109,0.9563,4669.2476,4420.0,0.0038,0.0106,446500.0,1.623,0.4958,共同紙販ホールディングス,スタンダード（内国株式）,卸売業
9850,2026-09-29,970.0,-0.0031,-0.0241,-0.0192,0.0062,-0.0099,-0.0173,988.92,972.1733,True,-0.0191,0.9448,1026.711,927.4159,0.0073,0.5325,97000.0,1.5779,0.4949,グルメ杵屋,プライム（内国株式）,小売業
9853,2026-09-29,904.0,-0.0044,-0.0055,-0.0066,-0.0011,0.0027,-0.0246,908.68,906.9733,True,-0.0052,0.932,969.9219,897.0,0.0024,0.0193,90400.0,1.0409,0.271,銀座ルノアール,スタンダード（内国株式）,小売業
9854,2026-09-29,265.0,-0.0185,-0.0468,-0.0603,0.0,-0.051,-0.0235,281.24,271.68,True,-0.0577,0.8154,325.0,165.0,0.0261,0.1453,26500.0,0.5098,0.332,愛眼,スタンダード（内国株式）,小売業
9856,2026-09-29,1198.0,-0.0164,-0.0354,-0.0545,0.0481,-0.0451,0.0246,1232.9226,1193.6675,True,-0.0283,0.9177,1305.4529,1109.6834,0.0119,0.4955,119800.0,0.8966,0.3159,ケーユーホールディングス,スタンダード（内国株式）,小売業
9857,2026-09-29,2630.0,0.0147,0.0186,-0.0042,0.0913,0.0052,0.0677,2611.6509,2522.297,True,0.007,0.94,2797.9849,2241.1282,0.0094,0.0262,263000.0,0.6012,0.3855,英和,スタンダード（内国株式）,卸売業
9861,2026-09-29,3624.0,-0.0074,-0.0179,-0.0397,0.1605,-0.0304,0.1369,3776.3288,3556.9047,True,-0.0403,0.8867,4087.0874,2944.0588,0.0204,15.6794,362400.0,0.6337,0.4418,吉野家ホールディングス,プライム（内国株式）,小売業
9867,2026-09-29,10510.0,-0.0076,-0.0168,-0.0241,0.0314,-0.0148,0.0079,10659.6,10362.6667,True,-0.014,0.8827,11906.9012,7457.9502,0.0096,0.0238,1051000.0,0.6207,0.2979,ソレキア,スタンダード（内国株式）,卸売業
9869,2026-09-29,6640.0,-0.0119,-0.0335,0.003,0.1141,0.0123,0.0906,6709.5765,6340.5255,True,-0.0104,0.9379,7080.0,5632.2439,0.0177,2.4241,664000.0,1.2076,0.255,加藤産業,プライム（内国株式）,卸売業
9872,2026-09-29,963.0,0.0063,0.0126,-0.001,0.0832,0.0083,0.0597,955.32,931.2,True,0.008,0.9946,968.2615,854.0,0.0079,0.0346,96300.0,0.9728,0.3271,北恵,スタンダード（内国株式）,卸売業
9876,2026-09-29,223.0,0.0045,0.0136,0.0045,-0.0304,0.0138,-0.054,220.08,223.8267,False,0.0133,0.6883,324.0,210.0,0.0183,0.0419,22300.0,0.8644,0.2947,コックス,スタンダード（内国株式）,小売業
9878,2026-09-29,390.0,0.0104,-0.0026,-0.0488,-0.0647,-0.0395,-0.0883,407.76,414.7867,False,-0.0436,0.535,729.0,380.0,0.0203,0.0395,39000.0,1.5659,0.4793,セキド,スタンダード（内国株式）,小売業
9880,2026-09-29,3530.0,0.0247,0.0322,0.0043,-0.1131,0.0136,-0.1366,3453.8153,3627.0051,False,0.0221,0.7182,4915.0,1493.7265,0.032,4.5297,353000.0,0.7644,0.2881,イノテック,プライム（内国株式）,電気機器
9882,2026-09-29,1657.0,-0.0149,-0.0649,-0.0707,-0.0585,-0.0614,-0.0821,1753.4475,1769.7758,True,-0.055,0.8763,1891.0,1407.2689,0.0163,3.7485,165700.0,1.3133,0.4803,イエローハット,プライム（内国株式）,卸売業
9885,2026-09-29,331.0,0.0,-0.006,-0.009,-0.006,0.0003,-0.0295,333.32,334.7467,False,-0.007,0.8683,381.2113,327.0,0.0071,0.0186,33100.0,0.9293,0.2545,シャルレ,スタンダード（内国株式）,卸売業
9887,2026-09-29,5100.0,0.0026,-0.0286,-0.0304,0.0681,-0.0211,0.0445,5240.4298,4984.8766,True,-0.0268,0.7396,6895.3497,4385.0,0.0223,3.6121,510000.0,1.0157,0.3605,松屋フーズホールディングス,プライム（内国株式）,小売業
9888,2026-09-29,1225.0,-0.0016,-0.0247,-0.0176,0.2603,-0.0083,0.2367,1248.7856,1110.0352,True,-0.019,0.9204,1331.0,693.0,0.0252,0.7838,122500.0,0.7595,0.2721,ＵＥＸ,スタンダード（内国株式）,卸売業
9889,2026-09-29,1715.0,0.0196,0.0035,0.0018,0.3808,0.0111,0.3573,1686.2336,1516.9045,True,0.0171,0.9433,1818.0,1145.0,0.027,2.8395,171500.0,0.8483,0.4185,ＪＢＣＣホールディングス,プライム（内国株式）,情報・通信業
9890,2026-09-29,1436.0,-0.0238,-0.0245,0.0287,0.1046,0.038,0.0811,1422.2507,1369.1769,True,0.0097,0.8992,1597.0,1146.0128,0.0285,0.1483,143600.0,1.2137,0.2029,マキヤ,スタンダード（内国株式）,小売業
9895,2026-09-29,1257.0,-0.0218,-0.0226,-0.0032,0.0008,0.0061,-0.0227,1274.96,1267.4533,True,-0.0141,0.8643,1454.3931,1185.0611,0.0063,0.0115,125700.0,1.3171,0.555,コンセック,スタンダード（内国株式）,卸売業
9896,2026-09-29,1391.0,-0.0135,-0.0149,-0.034,-0.0273,-0.0247,-0.0508,1413.1817,1429.2206,True,-0.0157,0.8878,1566.8485,1159.2131,0.018,0.4781,139100.0,1.0519,0.2955,ＪＫホールディングス,スタンダード（内国株式）,卸売業
9900,2026-09-29,1069.0,-0.0299,-0.0404,-0.0102,0.3045,-0.0009,0.2809,1111.92,990.06,True,-0.0386,0.9013,1186.0,757.5,0.0291,3.7737,106900.0,1.3941,0.5021,サガミホールディングス,プライム（内国株式）,小売業
9902,2026-09-29,3235.0,0.0125,-0.0197,0.0572,0.2578,0.0665,0.2342,3114.1963,2887.7188,True,0.0388,0.9729,3325.0,2286.5017,0.0223,2.5936,323500.0,1.4709,0.475,日伝,プライム（内国株式）,卸売業
9903,2026-09-29,892.0,-0.0056,-0.0011,0.0022,-0.0187,0.0116,-0.0422,894.32,924.24,False,-0.0026,0.6282,1420.0,828.8145,0.0087,0.0159,89200.0,0.4012,0.3083,カンセキ,スタンダード（内国株式）,小売業
9904,2026-09-29,241.0,-0.0041,-0.0041,-0.0282,0.1055,-0.0189,0.082,244.32,236.6451,False,-0.0136,0.5777,417.2055,207.1233,0.0133,0.0458,24100.0,0.4054,0.2178,ベリテ,スタンダード（内国株式）,小売業
9906,2026-09-29,4205.0,-0.0047,0.0024,-0.0486,0.0499,-0.0393,0.0264,4291.2112,4109.2704,True,-0.0201,0.8444,4980.0,3220.4305,0.0218,0.1071,420500.0,0.849,0.288,藤井産業,スタンダード（内国株式）,卸売業
9908,2026-09-29,2933.0,0.0062,0.0177,0.0427,0.1199,0.052,0.0964,2848.8146,2692.5782,True,0.0296,0.9728,3015.0,1971.4411,0.0198,0.5685,293300.0,0.8488,0.3784,日本電計,スタンダード（内国株式）,卸売業
9913,2026-09-29,3700.0,0.0041,0.0207,0.0898,0.0556,0.0992,0.0321,3568.6,3406.5333,True,0.0368,0.815,4540.0,2497.288,0.0175,0.1172,370000.0,0.1852,0.2088,日邦産業,スタンダード（内国株式）,卸売業
9928,2026-09-29,2097.0,-0.0076,0.0185,0.0381,0.2093,0.0474,0.1858,2031.12,1877.2267,True,0.0324,0.9892,2120.0,1624.0814,0.0194,0.9933,209700.0,1.2928,0.3611,ミロク情報サービス,プライム（内国株式）,情報・通信業
9929,2026-09-29,469.0,0.0064,-0.0021,-0.0085,0.0108,0.0009,-0.0128,472.32,469.2933,True,-0.007,0.9312,503.625,431.5641,0.0097,0.0114,46900.0,1.4199,0.2839,平和紙業,スタンダード（内国株式）,卸売業
9930,2026-09-29,392.0,-0.0051,-0.0249,-0.0175,0.0919,-0.0082,0.0684,400.12,380.32,True,-0.0203,0.9378,418.0,321.676,0.0135,0.0263,39200.0,0.7637,0.3027,北沢産業,スタンダード（内国株式）,卸売業
9932,2026-09-29,1305.0,0.0015,-0.0114,-0.0239,0.1013,-0.0146,0.0777,1314.8857,1266.0152,True,-0.0075,0.6614,1973.0209,1113.0,0.0143,0.3953,130500.0,0.749,0.2992,杉本商事,プライム（内国株式）,卸売業
9934,2026-09-29,3057.0,-0.0033,-0.0255,0.0106,0.1231,0.0199,0.0995,3055.2784,2889.7661,True,0.0006,0.9644,3170.0,1987.2975,0.018,7.054,305700.0,1.0948,0.3261,因幡電機産業,プライム（内国株式）,卸売業
9936,2026-09-29,2881.0,-0.0089,-0.0201,-0.0293,0.0109,-0.02,-0.0127,2946.0454,2898.5885,True,-0.0221,0.7431,3877.0849,2599.0,0.0141,9.3928,288100.0,1.5047,0.4229,王将フードサービス,プライム（内国株式）,小売業
9941,2026-09-29,1060.0,0.0095,-0.0925,-0.1311,-0.1777,-0.1218,-0.2012,1189.08,1258.6267,True,-0.1086,0.5173,2049.0,603.0,0.0427,0.313,106000.0,0.2669,0.4306,太洋物産,スタンダード（内国株式）,卸売業
9946,2026-09-29,1787.0,-0.0072,-0.0028,-0.0403,-0.0367,-0.031,-0.0602,1805.48,1813.4529,False,-0.0102,0.8214,2175.4356,1726.7265,0.0106,1.5181,178700.0,0.653,0.2008,ミニストップ,プライム（内国株式）,小売業
9948,2026-09-29,3645.0,-0.0135,-0.042,-0.0277,0.0854,-0.0184,0.0618,3720.4757,3536.1161,True,-0.0203,0.9236,3946.5029,2924.4223,0.0197,3.8878,364500.0,0.9928,0.2507,アークス,プライム（内国株式）,小売業
9950,2026-09-29,3335.0,0.0015,-0.0045,-0.0249,-0.0249,-0.0155,-0.0484,3408.3988,3413.1329,False,-0.0215,0.9489,3514.6051,3315.0,0.0064,0.1578,333500.0,2.9137,0.4903,ハチバン,スタンダード（内国株式）,小売業
9955,2026-09-29,2720.0,-0.0372,-0.0317,-0.0372,0.0063,-0.0279,-0.0173,2814.16,2760.7867,True,-0.0335,0.8587,3167.6643,2479.602,0.006,0.0589,272000.0,1.6138,0.6939,ヨンキュウ,スタンダード（内国株式）,卸売業
9956,2026-09-29,1643.0,-0.0117,-0.5245,-0.5029,-0.5782,-0.4936,-0.6017,3031.9599,3275.2533,False,-0.4581,0.4113,3995.0,1628.3224,0.1125,5.9366,164300.0,0.671,0.9883,バローホールディングス,プライム（内国株式）,小売業
9959,2026-09-29,923.0,0.0054,-0.0264,-0.0705,0.0256,-0.0612,0.002,973.5071,972.209,True,-0.0519,0.64,1442.2139,673.25,0.009,0.3174,92300.0,0.5299,0.4226,アシードホールディングス,スタンダード（内国株式）,小売業
9960,2026-09-29,4160.0,-0.031,-0.0326,0.0791,0.0048,0.0884,-0.0187,4037.1116,3997.5039,True,0.0304,0.9204,4520.0,2923.3971,0.0314,3.9953,416000.0,1.1085,0.3448,東テク,プライム（内国株式）,卸売業
9962,2026-09-29,3857.0,0.0083,0.0828,0.0518,-0.0343,0.0611,-0.0578,3660.1574,3760.7858,True,0.0538,0.9175,4204.0,2089.3996,0.0322,49.7752,385700.0,1.0912,0.4696,ミスミグループ本社,プライム（内国株式）,卸売業
9969,2026-09-29,237.0,0.0042,0.0042,0.0128,0.0172,0.0221,-0.0064,235.64,234.0667,True,0.0058,0.8997,263.4225,221.0,0.0093,0.0108,23700.0,0.9414,0.2258,ショクブン,スタンダード（内国株式）,小売業
9972,2026-09-29,283.0,-0.0105,0.0291,0.0071,0.0927,0.0164,0.0691,279.0,275.16,True,0.0143,0.8871,319.0,243.7943,0.0172,0.0232,28300.0,0.3695,0.4735,アルテック,スタンダード（内国株式）,卸売業
9973,2026-09-29,19.0,0.0,-0.05,-0.05,-0.0952,-0.0407,-0.1188,19.88,19.9867,False,-0.0443,0.4419,43.0,19.0,0.0602,0.1251,1900.0,0.7303,0.175,ＫＯＺＯホールディングス,スタンダード（内国株式）,小売業
9974,2026-09-29,6640.0,-0.0192,-0.0514,-0.0284,0.0314,-0.0191,0.0079,6827.3033,6561.8412,True,-0.0274,0.824,8058.2271,5912.8957,0.0222,1.8898,664000.0,1.0516,0.333,ベルク,プライム（内国株式）,小売業
9976,2026-09-29,1123.0,-0.0603,-0.0166,0.0564,0.0829,0.0658,0.0594,1091.84,1064.9467,True,0.0285,0.7962,1410.4546,967.8636,0.0209,0.0233,112300.0,2.2012,0.572,セキチュー,スタンダード（内国株式）,小売業
9978,2026-09-29,45.0,0.0,0.0,0.0227,-0.0217,0.032,-0.0453,44.44,44.92,False,0.0126,0.75,60.0,43.0,0.0222,0.0217,4500.0,0.9359,0.1,文教堂グループホールディングス,スタンダード（内国株式）,小売業
9979,2026-09-29,1008.0,-0.0079,-0.0391,-0.0952,-0.0503,-0.0858,-0.0738,1053.624,1078.8624,False,-0.0433,0.8222,1225.9441,998.0,0.0169,1.0663,100800.0,1.9939,0.3176,大庄,スタンダード（内国株式）,小売業
9980,2026-09-29,90.0,-0.0323,-0.0426,-0.0526,-0.0217,-0.0433,-0.0453,94.4,94.6933,False,-0.0466,0.4992,180.283,85.1887,0.019,0.1023,9000.0,1.2415,0.35,ＭＲＫホールディングス,スタンダード（内国株式）,小売業
9982,2026-09-29,2670.0,-0.0209,0.0087,0.0361,0.0112,0.0454,-0.0123,2625.6873,2532.6436,False,0.0169,0.8767,3045.4555,1701.1879,0.027,0.1062,267000.0,0.6173,0.2343,タキヒヨー,スタンダード（内国株式）,卸売業
9983,2026-09-29,68710.0,0.0127,0.0149,-0.0352,-0.1665,-0.0259,-0.1901,69212.7341,76472.8358,False,-0.0073,0.7782,88293.2863,43972.6207,0.02,730.644,6871000.0,0.9136,0.2726,ファーストリテイリング,プライム（内国株式）,小売業
9984,2026-09-29,6035.0,-0.0326,-0.0339,0.1606,0.0121,0.1699,-0.0115,5815.1395,5929.9132,False,0.0378,0.6651,9074.0,3360.31,0.0743,4088.4129,603500.0,1.342,0.2473,ソフトバンクグループ,プライム（内国株式）,情報・通信業
9986,2026-09-29,2500.0,0.0146,0.0,0.0028,0.0163,0.0121,-0.0073,2487.6151,2486.6984,False,0.005,0.8955,2791.7069,2363.6024,0.0083,0.0462,250000.0,0.7047,0.3756,蔵王産業,スタンダード（内国株式）,卸売業
9987,2026-09-29,2557.0,-0.0114,-0.5217,-0.4936,-0.482,-0.4842,-0.5055,4763.2493,4942.8964,False,-0.4632,0.3867,6612.4333,2541.5,0.1049,9.8159,255700.0,1.364,1.0613,スズケン,プライム（内国株式）,卸売業
9989,2026-09-29,3546.0,-0.0059,-0.0432,-0.0475,-0.0681,-0.0382,-0.0916,3689.5142,3754.4381,False,-0.0389,0.8009,4427.6779,3526.0,0.0141,20.6892,354600.0,1.2049,0.4712,サンドラッグ,プライム（内国株式）,小売業
9990,2026-09-29,749.0,-0.0209,-0.0132,-0.0158,0.0,-0.0065,-0.0235,756.32,753.9067,True,-0.0097,0.9176,816.2874,705.0,0.0094,0.4053,74900.0,0.8189,0.4242,サックスバー　ホールディングス,プライム（内国株式）,小売業
9991,2026-09-29,1763.0,-0.0151,-0.0319,-0.0173,0.1463,-0.008,0.1228,1782.9945,1674.9715,True,-0.0112,0.927,1901.8189,1301.3986,0.0158,0.6604,176300.0,0.7429,0.2684,ジェコス,プライム（内国株式）,卸売業
9993,2026-09-29,1152.0,-0.0009,-0.0017,-0.0258,-0.0151,-0.0165,-0.0386,1160.5113,1164.321,True,-0.0073,0.9637,1195.3532,1104.8414,0.0046,0.0545,115200.0,1.0824,0.227,ヤマザワ,スタンダード（内国株式）,小売業
9994,2026-09-29,1996.0,0.0045,-0.0244,-0.0244,-0.0177,-0.0151,-0.0413,2043.8258,2055.8753,False,-0.0234,0.8279,2411.0,1986.0178,0.01,0.1914,199600.0,0.8941,0.3952,やまや,スタンダード（内国株式）,小売業
9996,2026-09-29,1990.0,0.0045,-0.0149,-0.0363,0.0205,-0.027,-0.003,2041.9037,2081.9012,False,-0.0254,0.8106,2454.9928,1902.0,0.0122,0.0194,199000.0,0.8677,0.3792,サトー商会,スタンダード（内国株式）,卸売業
9997,2026-09-29,1068.0,0.0061,-0.0065,-0.0074,0.1278,0.0019,0.1042,1061.7285,1022.0962,True,0.0059,0.9639,1108.0,823.0,0.0179,3.974,106800.0,1.7853,0.3457,ベルーナ,プライム（内国株式）,小売業
