code,date,close,ret1d,ret5d,ret20d,ret60d,rs20,rs60,sma25,sma75,sma75_rising,dev25,near_high,hi52w,lo52w,atr_pct,turn20_oku,lot_yen,vol_trend,contraction,name,market,sector33
1301,2026-10-01,4580.0,-0.0087,-0.0214,-0.0378,0.0397,-0.0367,0.0069,4683.8,4564.7333,True,-0.0222,0.8655,5291.8764,4165.0,0.0124,1.5674,458000.0,0.7883,0.3258,極洋,プライム（内国株式）,水産・農林業
130A,2026-10-01,432.0,-0.0137,-0.0023,-0.0314,0.007,-0.0302,-0.0259,433.56,424.8667,True,-0.0036,0.5448,793.0,390.0,0.0243,0.0395,43200.0,0.5167,0.2095,Ｖｅｒｉｔａｓ　Ｉｎ　Ｓｉｌｉｃｏ,グロース（内国株式）,医薬品
1332,2026-10-01,1118.5,-0.0004,-0.0192,-0.1231,-0.1262,-0.1219,-0.159,1207.7714,1252.2838,False,-0.0739,0.7218,1549.5883,1006.7389,0.0206,22.8282,111850.0,1.1653,0.4861,ニッスイ,プライム（内国株式）,水産・農林業
1333,2026-10-01,1232.0,-0.0044,-0.0271,-0.0497,-0.0588,-0.0486,-0.0917,1280.6487,1294.0962,True,-0.038,0.7901,1559.3781,1085.055,0.015,5.616,123200.0,0.9592,0.4612,Ｕｍｉｏｓ,プライム（内国株式）,水産・農林業
135A,2026-10-01,5220.0,0.0357,0.0621,0.2111,0.2069,0.2123,0.1741,4479.8,4188.6667,True,0.1652,0.9868,5290.0,2140.0,0.0414,4.2142,522000.0,0.9848,0.4026,ＶＲＡＩＮ　Ｓｏｌｕｔｉｏｎ,グロース（内国株式）,情報・通信業
1375,2026-10-01,1159.0,0.0,-0.0094,-0.0219,0.0035,-0.0208,-0.0294,1171.242,1151.1207,True,-0.0105,0.9626,1204.0,982.3091,0.0105,0.4809,115900.0,1.145,0.2949,ユキグニファクトリー,プライム（内国株式）,水産・農林業
1376,2026-10-01,1566.0,-0.0045,-0.0243,-0.041,0.0778,-0.0399,0.0449,1601.16,1544.4133,True,-0.022,0.8708,1798.4399,1351.7573,0.0169,0.2154,156600.0,0.9478,0.2649,カネコ種苗,スタンダード（内国株式）,水産・農林業
1377,2026-10-01,4305.0,0.0023,-0.0194,-0.0103,0.0311,-0.0092,-0.0017,4370.4,4334.0,True,-0.015,0.913,4715.0,3448.6692,0.0132,4.189,430500.0,0.8846,0.3522,サカタのタネ,プライム（内国株式）,水産・農林業
1379,2026-10-01,2049.0,0.0015,-0.0252,-0.0597,0.0963,-0.0585,0.0635,2106.3564,1986.8521,True,-0.0272,0.939,2182.0,1775.4317,0.0177,1.6665,204900.0,0.8003,0.3365,ホクト,プライム（内国株式）,水産・農林業
137A,2026-10-01,704.0,-0.0028,0.0014,0.0086,-0.1487,0.0098,-0.1816,706.16,718.3067,True,-0.0031,0.4744,1484.0,549.0,0.0241,0.0132,70400.0,0.3194,0.1941,Ｃｏｃｏｌｉｖｅ,グロース（内国株式）,情報・通信業
1381,2026-10-01,3535.0,-0.007,-0.0084,-0.0126,0.0028,-0.0114,-0.03,3560.6,3520.4238,False,-0.0072,0.7955,4443.847,2907.8217,0.0181,0.1267,353500.0,0.6874,0.1799,アクシーズ,スタンダード（内国株式）,水産・農林業
1382,2026-10-01,798.0,-0.005,-0.0983,-0.1123,-0.2837,-0.1112,-0.3165,871.4,1022.9697,False,-0.0842,0.2267,3519.3102,739.0,0.0304,0.0257,79800.0,1.0971,0.6547,ホーブ,スタンダード（内国株式）,水産・農林業
1383,2026-10-01,3060.0,0.0049,0.0016,0.0214,0.0681,0.0225,0.0352,3012.12,2967.0533,True,0.0159,0.9094,3365.0,2803.0,0.0087,0.0397,306000.0,0.9989,0.334,ベルグアース,スタンダード（内国株式）,水産・農林業
1384,2026-10-01,2106.0,-0.0182,-0.014,-0.0531,0.0421,-0.0519,0.0092,2177.96,2100.9733,True,-0.033,0.6501,3239.2881,1952.0,0.015,0.2258,210600.0,0.5889,0.3009,ホクリヨウ,スタンダード（内国株式）,水産・農林業
138A,2026-10-01,3140.0,-0.0032,0.0096,0.0096,0.0526,0.0108,0.0198,3114.4,3029.04,True,0.0082,0.887,3540.0,2349.0542,0.0081,0.0377,314000.0,0.9943,0.5324,光フードサービス,グロース（内国株式）,小売業
1401,2026-10-01,1684.0,0.025,0.2247,0.231,0.3136,0.2322,0.2807,1382.16,1328.4933,True,0.2184,0.8518,1977.0,1186.2069,0.0308,0.153,168400.0,2.5629,0.778,エムビーエス,グロース（内国株式）,建設業
1407,2026-10-01,2220.0,0.0086,0.0146,-0.1543,-0.0414,-0.1531,-0.0743,2361.5165,2446.097,False,-0.0599,0.6877,3228.0309,1250.6684,0.0393,10.1718,222000.0,0.6784,0.1582,ウエストホールディングス,スタンダード（内国株式）,建設業
1414,2026-10-01,1259.0,-0.0008,-0.0028,-0.0137,-0.0016,-0.0126,-0.0344,1265.26,1268.8701,True,-0.0049,0.8359,1506.0763,1152.8426,0.0146,13.9089,125900.0,1.3244,0.2854,ショーボンドホールディングス,プライム（内国株式）,建設業
1417,2026-10-01,3453.0,-0.0086,-0.0228,-0.0474,-0.1094,-0.0463,-0.1422,3559.1782,3640.3794,False,-0.0298,0.7936,4351.0,2734.683,0.0152,7.7301,345300.0,0.9215,0.3391,ミライト・ワン,プライム（内国株式）,建設業
1418,2026-10-01,608.0,0.0133,0.0393,0.0305,0.1809,0.0317,0.148,588.238,560.9579,True,0.0336,0.8862,686.0536,367.0246,0.0134,0.2625,60800.0,0.7091,0.3316,インターライフホールディングス,スタンダード（内国株式）,建設業
1419,2026-10-01,2909.0,-0.0024,0.0052,0.0087,-0.0021,0.0098,-0.0349,2916.04,2937.44,False,-0.0024,0.7302,3983.7329,2701.0,0.0102,2.7832,290900.0,0.4767,0.1514,タマホーム,プライム（内国株式）,建設業
141A,2026-10-01,3815.0,0.0106,0.051,-0.051,0.2725,-0.0498,0.2397,3912.2,3396.6174,True,-0.0248,0.7928,4812.1275,1984.5053,0.0392,21.0131,381500.0,0.7895,0.2673,トライアルホールディングス,グロース（内国株式）,小売業
1420,2026-10-01,631.0,0.0032,0.0,-0.0094,-0.0063,-0.0083,-0.0392,632.36,633.84,True,-0.0022,0.883,714.5734,602.0,0.0046,0.0744,63100.0,0.7559,0.239,サンヨーホームズ,スタンダード（内国株式）,建設業
1429,2026-10-01,805.0,-0.0025,0.0063,0.0,0.0908,0.0012,0.0579,799.8,767.6667,True,0.0065,0.8703,925.0,678.0,0.013,0.6082,80500.0,0.7831,0.3238,日本アクア,プライム（内国株式）,建設業
142A,2026-10-01,1058.0,-0.0408,0.1463,0.2462,0.405,0.2473,0.3722,884.04,803.7333,True,0.1968,0.8377,1263.0,513.0,0.0532,0.2749,105800.0,2.8987,0.7711,ジンジブ,グロース（内国株式）,サービス業
1430,2026-10-01,1073.0,0.0019,0.0047,0.0142,0.1476,0.0153,0.1147,1045.92,1001.7333,True,0.0259,0.9783,1096.7821,853.0,0.012,0.2087,107300.0,1.1672,0.49,ファーストコーポレーション,スタンダード（内国株式）,建設業
1431,2026-10-01,642.0,-0.0062,-0.0174,-0.0153,0.0047,-0.0142,-0.0282,652.0081,648.301,True,-0.0153,0.8265,776.7314,625.0,0.0147,0.2858,64200.0,2.7575,0.6277,Ｌｉｂ　Ｗｏｒｋ,グロース（内国株式）,建設業
1433,2026-10-01,1195.0,0.005,-0.0042,-0.0885,0.0679,-0.0873,0.035,1233.56,1167.6073,True,-0.0313,0.8937,1337.124,980.789,0.0247,1.0234,119500.0,0.9012,0.2367,ベステラ,プライム（内国株式）,建設業
1434,2026-10-01,1646.0,-0.0173,0.0073,0.0061,-0.0698,0.0073,-0.1027,1619.5758,1697.3858,False,0.0163,0.6455,2549.9105,1069.9129,0.0206,0.4549,164600.0,0.2601,0.2594,ＪＥＳＣＯホールディングス,スタンダード（内国株式）,建設業
1435,2026-10-01,173.0,-0.0281,-0.0389,-0.0226,0.0745,-0.0214,0.0417,177.16,169.7082,True,-0.0235,0.6285,275.2795,150.0621,0.0248,0.5487,17300.0,0.8359,0.3033,ｒｏｂｏｔ　ｈｏｍｅ,スタンダード（内国株式）,不動産業
1436,2026-10-01,1977.0,-0.0105,0.1297,0.1989,0.3883,0.2001,0.3555,1743.88,1527.0,False,0.1337,0.9052,2184.0,690.4428,0.0551,1.8801,197700.0,0.935,0.3289,グリーンエナジー＆カンパニー,グロース（内国株式）,建設業
1438,2026-10-01,2201.0,-0.0014,-0.0367,-0.0426,0.1584,-0.0415,0.1256,2287.679,2086.7997,True,-0.0379,0.9186,2396.0,1738.7975,0.0182,0.0519,220100.0,1.9929,0.3222,岐阜造園,スタンダード（内国株式）,建設業
1443,2026-10-01,277.0,-0.0107,0.0184,-0.0246,0.1124,-0.0235,0.0796,277.6,261.6267,True,-0.0022,0.7415,373.5825,217.176,0.0206,0.1217,27700.0,0.7201,0.245,技研ホールディングス,スタンダード（内国株式）,建設業
1444,2026-10-01,2899.0,0.0186,0.0402,0.0757,0.0183,0.0769,-0.0146,2709.88,2756.6933,False,0.0698,0.9647,3005.0,2520.0,0.0104,0.0455,289900.0,0.6773,0.7579,ニッソウ,グロース（内国株式）,建設業
1446,2026-10-01,537.0,-0.0019,0.0153,-0.0037,0.017,-0.0026,-0.0158,536.9948,535.5849,True,0.0,0.898,598.0,516.0,0.0074,0.0288,53700.0,1.5636,0.4004,キャンディル,スタンダード（内国株式）,建設業
1447,2026-10-01,319.0,-0.0154,0.0159,-0.2295,0.0633,-0.2283,0.0305,366.92,354.1333,True,-0.1306,0.6789,469.8618,227.512,0.0589,0.5828,31900.0,0.4186,0.2662,ＳＡＡＦホールディングス,グロース（内国株式）,建設業
1450,2026-10-01,1504.0,0.0,-0.004,0.0176,0.0986,0.0187,0.0658,1478.2,1431.0667,True,0.0175,0.8339,1803.6451,1300.0,0.0181,0.0497,150400.0,1.1684,0.2932,ＴＡＮＡＫＥＮ,スタンダード（内国株式）,建設業
145A,2026-10-01,881.0,-0.0011,-0.0079,-0.0465,0.0971,-0.0454,0.0643,897.48,853.3733,True,-0.0184,0.6761,1303.0,740.0,0.0178,0.0494,88100.0,0.4691,0.1909,Ｌ　ｉｓ　Ｂ,グロース（内国株式）,情報・通信業
146A,2026-10-01,3620.0,0.0014,-0.0269,0.024,0.1734,0.0252,0.1406,3620.8,3353.72,True,-0.0002,0.7686,4710.0,2550.0,0.0337,1.6979,362000.0,0.5113,0.2129,コロンビア・ワークス,スタンダード（内国株式）,不動産業
147A,2026-10-01,978.0,0.0072,-0.0288,-0.0249,-0.1314,-0.0238,-0.1643,992.64,1025.2933,False,-0.0147,0.7326,1335.0,852.0,0.0221,0.9524,97800.0,0.7424,0.2735,ソラコム,グロース（内国株式）,情報・通信業
148A,2026-10-01,1900.0,0.0193,0.082,0.1047,0.1176,0.1058,0.0848,1738.0,1706.5867,True,0.0932,0.6022,3155.0,1640.0,0.0209,0.0439,190000.0,2.0886,0.5499,ハッチ・ワーク,グロース（内国株式）,情報・通信業
1491,2026-10-01,707.0,-0.0167,-0.0446,-0.0315,-0.0194,-0.0303,-0.0523,726.08,717.9333,False,-0.0263,0.5758,1227.8723,632.0,0.0356,0.2017,70700.0,1.0585,0.4256,中外鉱業,スタンダード（内国株式）,非鉄金属
149A,2026-10-01,809.0,-0.011,0.0087,0.0266,0.0701,0.0278,0.0372,800.24,775.7867,True,0.0109,0.456,1774.0,672.0,0.0192,0.0411,80900.0,0.8169,0.1548,シンカ,グロース（内国株式）,情報・通信業
150A,2026-10-01,716.0,-0.0245,-0.0948,-0.1106,1.0112,-0.1094,0.9784,765.24,566.1467,True,-0.0643,0.8136,880.0,329.0,0.0772,2.2375,71600.0,0.47,0.3346,ＪＳＨ,グロース（内国株式）,サービス業
1514,2026-10-01,629.0,-0.011,-0.0187,-0.0541,0.1562,-0.053,0.1234,656.24,607.04,True,-0.0415,0.4122,1526.1378,495.9703,0.0263,1.6564,62900.0,0.6618,0.2776,住石ホールディングス,スタンダード（内国株式）,鉱業
1515,2026-10-01,3225.0,-0.0153,-0.0058,-0.1558,0.3585,-0.1546,0.3256,3500.0647,3043.8482,True,-0.0786,0.7243,4452.7944,1540.5589,0.0495,24.3127,322500.0,0.7187,0.2412,日鉄鉱業,プライム（内国株式）,鉱業
1518,2026-10-01,2244.0,-0.0084,0.0133,-0.0575,0.4477,-0.0564,0.4149,2278.978,1997.0327,True,-0.0153,0.9338,2403.0,1208.6432,0.0184,8.3923,224400.0,0.8724,0.2488,三井松島ホールディングス,プライム（内国株式）,その他製品
151A,2026-10-01,621.0,-0.0174,-0.0064,-0.0562,-0.0282,-0.0551,-0.061,640.72,632.1867,True,-0.0308,0.7648,812.0,566.0,0.0212,0.0595,62100.0,1.0968,0.1902,ダイブグループ,グロース（内国株式）,サービス業
153A,2026-10-01,1670.0,0.0277,-0.0364,0.1678,0.3435,0.169,0.3107,1571.12,1355.5733,False,0.0629,0.5805,2876.7114,958.0,0.0607,1.4885,167000.0,1.1587,0.2465,カウリス,グロース（内国株式）,情報・通信業
155A,2026-10-01,750.0,-0.0079,-0.0741,-0.1156,-0.1379,-0.1144,-0.1708,814.52,843.4533,False,-0.0792,0.4286,1750.0,727.0,0.0332,0.3227,75000.0,1.2569,0.4814,情報戦略テクノロジー,グロース（内国株式）,情報・通信業
156A,2026-10-01,864.0,-0.0103,-0.0092,-0.008,0.0372,-0.0069,0.0043,863.4704,837.3591,True,0.0006,0.9128,946.5167,624.5458,0.0189,0.2667,86400.0,0.4606,0.159,マテリアルグループ,グロース（内国株式）,サービス業
157A,2026-10-01,771.0,-0.0115,0.0294,0.0533,-0.0711,0.0544,-0.1039,748.72,800.8173,False,0.0298,0.3638,2119.2418,507.591,0.0371,0.1207,77100.0,0.4046,0.3745,グリーンモンスター,グロース（内国株式）,サービス業
1605,2026-10-01,3611.0,-0.0153,-0.0582,-0.0874,0.127,-0.0863,0.0942,3873.92,3629.9575,True,-0.0679,0.7411,4872.1947,2501.3909,0.0288,221.4973,361100.0,1.0539,0.4631,ＩＮＰＥＸ,プライム（内国株式）,鉱業
160A,2026-10-01,1981.0,-0.005,-0.0065,-0.009,0.0056,-0.0078,-0.0273,1972.12,1998.76,False,0.0045,0.5766,3435.6946,1880.0,0.0158,0.1654,198100.0,0.8915,0.3516,アズパートナーズ,スタンダード（内国株式）,サービス業
1662,2026-10-01,1742.0,-0.0219,-0.0615,-0.0908,0.086,-0.0897,0.0532,1884.0377,1765.8659,True,-0.0754,0.6286,2771.3817,1174.8142,0.0308,26.2618,174200.0,0.9437,0.4795,石油資源開発,プライム（内国株式）,鉱業
1663,2026-10-01,1894.0,-0.0135,-0.0207,-0.0647,0.0123,-0.0635,-0.0206,1950.48,1896.8926,False,-0.029,0.6708,2823.3652,1503.7409,0.0225,3.8222,189400.0,0.9642,0.3218,Ｋ＆Ｏエナジーグループ,プライム（内国株式）,鉱業
166A,2026-10-01,1008.0,0.0,-0.0436,-0.1479,-0.1103,-0.1468,-0.1432,1105.145,1117.8883,True,-0.0879,0.8149,1237.0,625.4594,0.0268,3.9449,100800.0,0.7943,0.429,タスキホールディングス,プライム（内国株式）,不動産業
167A,2026-10-01,3300.0,0.0061,0.0121,0.0123,0.207,0.0134,0.1742,3225.5958,2988.8119,True,0.0231,0.978,3374.1758,2606.0,0.0183,4.7426,330000.0,0.9088,0.2466,リョーサン菱洋ホールディングス,プライム（内国株式）,卸売業
168A,2026-10-01,1066.0,0.0095,0.0133,-0.0084,-0.0265,-0.0072,-0.0593,1071.0,1077.0533,False,-0.0047,0.5599,1903.7453,1032.0,0.0183,0.029,106600.0,1.5809,0.1897,イタミアート,グロース（内国株式）,その他製品
1711,2026-10-01,236.0,-0.0167,-0.0407,-0.0445,0.0583,-0.0434,0.0254,244.2,236.72,True,-0.0336,0.6921,341.0,212.0,0.0191,0.0683,23600.0,1.0596,0.4889,ＳＤＳホールディングス,スタンダード（内国株式）,建設業
1716,2026-10-01,1356.0,0.0,-0.0088,-0.0342,-0.0102,-0.033,-0.0431,1383.04,1388.407,True,-0.0196,0.8619,1573.2838,1230.7608,0.0112,0.3238,135600.0,0.9355,0.2774,第一カッター興業,スタンダード（内国株式）,建設業
1717,2026-10-01,933.0,0.0021,-0.0021,-0.0251,0.0219,-0.0239,-0.011,941.08,934.6933,True,-0.0086,0.8431,1106.692,880.0,0.0092,0.1251,93300.0,1.0518,0.385,明豊ファシリティワークス,スタンダード（内国株式）,サービス業
1718,2026-10-01,2324.0,0.0091,-0.0222,-0.6607,-0.6661,-0.6596,-0.6989,5928.2133,6571.0819,False,-0.608,0.2381,9759.069,2280.0,0.1652,0.1058,232400.0,1.0584,1.2634,美樹工業,スタンダード（内国株式）,建設業
1719,2026-10-01,1805.5,-0.0128,-0.0334,-0.0601,0.0022,-0.059,-0.0306,1892.9387,1843.9329,True,-0.0462,0.8123,2222.7574,1576.4932,0.0197,14.0173,180550.0,1.1487,0.3694,安藤・間,プライム（内国株式）,建設業
1720,2026-10-01,1201.0,-0.0033,0.0008,0.0144,0.0178,0.0155,-0.0151,1192.0455,1175.4418,True,0.0075,0.7197,1668.7978,1010.3471,0.0207,3.4646,120100.0,1.0159,0.2734,東急建設,プライム（内国株式）,建設業
1721,2026-10-01,5431.0,-0.0071,-0.0174,-0.0059,-0.0174,-0.0047,-0.0502,5465.6464,5373.3621,True,-0.0063,0.8744,6211.0,3549.8334,0.0261,30.5098,543100.0,1.3272,0.3515,コムシスホールディングス,プライム（内国株式）,建設業
1723,2026-10-01,2166.0,-0.0105,-0.1472,-0.0838,-0.0868,-0.0826,-0.1197,2411.4703,2296.5301,True,-0.1018,0.6956,3113.8132,1231.6751,0.0447,5.8343,216600.0,1.1697,0.5217,日本電技,スタンダード（内国株式）,建設業
1724,2026-10-01,729.0,-0.0055,0.0196,0.0139,0.0535,0.0151,0.0206,718.64,700.4392,True,0.0144,0.9836,741.1487,635.9529,0.0099,0.024,72900.0,1.0895,0.402,シンクレイヤ,スタンダード（内国株式）,建設業
1736,2026-10-01,2504.0,0.0016,0.0212,0.0241,0.0016,0.0253,-0.0313,2433.2714,2446.1171,True,0.0291,0.9172,2730.0853,1564.5188,0.0151,0.0977,250400.0,0.6877,0.2385,オーテック,スタンダード（内国株式）,建設業
173A,2026-10-01,1597.0,-0.0019,0.0116,0.0191,0.176,0.0203,0.1431,1562.8089,1486.0296,True,0.0219,0.8878,1798.7535,1278.0,0.0223,0.0417,159700.0,1.0454,0.3474,ハンモック,グロース（内国株式）,情報・通信業
1758,2026-10-01,2431.0,0.0129,-0.011,-0.0353,-0.0268,-0.0342,-0.0597,2459.12,2444.9333,False,-0.0114,0.8802,2762.0,2067.059,0.0236,0.0469,243100.0,0.3524,0.258,太洋基礎工業,スタンダード（内国株式）,建設業
175A,2026-10-01,638.0,0.0,-0.0078,-0.0154,0.0723,-0.0143,0.0394,640.12,617.7333,False,-0.0033,0.3958,1612.0,586.0,0.0198,0.074,63800.0,0.2007,0.2215,Ｗｉｌｌ　Ｓｍａｒｔ,グロース（内国株式）,情報・通信業
1762,2026-10-01,4065.0,-0.0049,-0.0235,-0.0401,0.1292,-0.039,0.0963,4133.1498,3845.5166,True,-0.0165,0.941,4320.0,3139.8211,0.0229,1.7845,406500.0,1.0504,0.2901,高松コンストラクショングループ,プライム（内国株式）,建設業
1764,2026-10-01,2661.0,-0.0034,-0.0184,-0.0317,0.0118,-0.0305,-0.0211,2711.32,2715.8138,False,-0.0186,0.7959,3343.2511,2489.9808,0.0097,0.0152,266100.0,0.4952,0.2055,工藤建設,スタンダード（内国株式）,建設業
1766,2026-10-01,13070.0,0.0008,-0.0068,-0.0529,0.0235,-0.0517,-0.0094,13477.6,13124.2667,True,-0.0302,0.8691,15038.0009,11800.0,0.0232,2.8484,1307000.0,1.1577,0.2807,東建コーポレーション,プライム（内国株式）,建設業
1768,2026-10-01,1024.0,0.0,-0.0078,-0.0029,-0.0331,-0.0018,-0.0659,1028.4,1046.16,True,-0.0043,0.5914,1731.4421,938.9892,0.0104,0.0418,102400.0,0.8531,0.2349,ソネック,スタンダード（内国株式）,建設業
1770,2026-10-01,2118.0,-0.0185,-0.0782,0.0168,0.059,0.018,0.0261,2186.3474,2089.4225,True,-0.0313,0.8767,2415.9026,1492.1383,0.0433,0.1785,211800.0,2.4294,0.3325,藤田エンジニアリング,スタンダード（内国株式）,建設業
177A,2026-10-01,840.0,0.0157,0.0072,-0.0071,-0.04,-0.0059,-0.0729,837.48,880.28,False,0.003,0.4463,1882.0,824.0,0.0109,0.018,84000.0,0.9104,0.2734,コージンバイオ,グロース（内国株式）,化学
1780,2026-10-01,1447.0,0.0035,-0.0116,-0.0308,0.0028,-0.0297,-0.0301,1480.8372,1466.2257,True,-0.0229,0.8621,1678.4729,1315.0,0.0099,0.4056,144700.0,1.0438,0.4555,ヤマウラ,プライム（内国株式）,建設業
1783,2026-10-01,74.0,0.0423,0.0882,0.5102,0.48,0.5114,0.4471,62.68,54.1333,True,0.1806,0.925,80.0,46.0,0.0985,2.9047,7400.0,1.7547,0.2059,ｆａｎｔａｓｉｓｔａ,スタンダード（内国株式）,不動産業
1786,2026-10-01,340.0,-0.0087,-0.0173,-0.0449,-0.0116,-0.0438,-0.0445,352.2008,352.4803,True,-0.0346,0.7883,431.2929,310.0,0.017,1.442,34000.0,0.6689,0.3465,オリエンタル白石,プライム（内国株式）,建設業
1793,2026-10-01,2100.0,-0.0024,-0.009,-0.008,0.066,-0.0069,0.0331,2107.16,2034.7467,True,-0.0034,0.9545,2200.0,1333.349,0.0125,0.0507,210000.0,0.6925,0.2518,大本組,スタンダード（内国株式）,建設業
1795,2026-10-01,5300.0,-0.0185,-0.0582,-0.0381,0.0816,-0.037,0.0488,5627.1137,5350.7046,True,-0.0581,0.8833,6000.0,4180.0,0.0198,0.0286,530000.0,1.361,0.5044,マサル,スタンダード（内国株式）,建設業
1798,2026-10-01,1091.0,-0.0082,-0.0513,-0.0009,-0.0009,0.0002,-0.0338,1084.44,1072.6267,True,0.006,0.7438,1466.7197,915.9713,0.0192,0.0242,109100.0,0.3159,0.5113,守谷商会,スタンダード（内国株式）,建設業
1799,2026-10-01,3330.0,-0.006,-0.0162,-0.006,-0.032,-0.0048,-0.0648,3328.4,3343.3333,True,0.0005,0.7699,4325.4473,2920.3964,0.0187,0.5256,333000.0,0.8362,0.2333,第一建設工業,スタンダード（内国株式）,建設業
1801,2026-10-01,12200.0,-0.0105,-0.0209,-0.0294,-0.1542,-0.0283,-0.1871,12607.4161,13324.9387,False,-0.0323,0.5966,20450.2206,9679.9204,0.028,99.7994,1220000.0,1.0412,0.3015,大成建設,プライム（内国株式）,建設業
1802,2026-10-01,2982.0,-0.0086,-0.0109,-0.0035,-0.0892,-0.0024,-0.122,3026.6095,3128.8098,False,-0.0147,0.68,4385.5046,2272.2819,0.0248,79.4961,298200.0,1.068,0.279,大林組,プライム（内国株式）,建設業
1803,2026-10-01,2125.5,-0.0086,-0.0796,-0.1099,-0.1739,-0.1088,-0.2068,2343.0476,2430.7959,False,-0.0928,0.5978,3555.6314,1908.0317,0.0371,102.9712,212550.0,1.5197,0.4267,清水建設,プライム（内国株式）,建設業
1807,2026-10-01,1930.0,0.0105,0.0272,-0.0026,0.0489,-0.0014,0.0161,1929.9642,1876.0681,True,0.0,0.9205,2096.5807,1646.6832,0.0165,0.0178,193000.0,0.7742,0.2789,佐藤渡辺,スタンダード（内国株式）,建設業
1808,2026-10-01,2649.0,0.007,-0.0092,-0.0859,-0.0539,-0.0848,-0.0868,2782.9356,2781.3385,True,-0.0481,0.763,3471.9927,2352.0268,0.0214,26.0157,264900.0,0.9956,0.3445,長谷工コーポレーション,プライム（内国株式）,建設業
1810,2026-10-01,1419.0,-0.0063,-0.0035,-0.0406,0.032,-0.0394,-0.0009,1455.041,1430.8537,True,-0.0248,0.7455,1903.5335,1279.3605,0.0153,0.5458,141900.0,1.0768,0.3727,松井建設,スタンダード（内国株式）,建設業
1811,2026-10-01,7590.0,-0.0091,0.0093,-0.0405,-0.0641,-0.0393,-0.097,7667.6,7942.2667,False,-0.0101,0.7839,9682.1755,5994.6664,0.0173,0.144,759000.0,1.2194,0.213,錢高組,スタンダード（内国株式）,建設業
1812,2026-10-01,4937.0,-0.0024,0.006,0.0205,-0.1761,0.0216,-0.2089,4926.8113,5325.4571,False,0.0021,0.6233,7920.9475,4080.6671,0.0275,113.5792,493700.0,1.1455,0.2333,鹿島建設,プライム（内国株式）,建設業
1813,2026-10-01,2949.0,-0.0067,-0.0155,0.0362,0.0639,0.0373,0.031,2916.9455,2790.1152,True,0.011,0.7626,3867.2478,2295.3056,0.0267,2.175,294900.0,1.0789,0.2233,不動テトラ,プライム（内国株式）,建設業
1814,2026-10-01,3520.0,-0.0195,-0.0102,-0.0396,0.0634,-0.0384,0.0306,3602.5371,3519.4457,True,-0.0229,0.8016,4391.339,2267.7696,0.0196,2.5069,352000.0,0.962,0.254,大末建設,プライム（内国株式）,建設業
1815,2026-10-01,2297.0,0.011,0.0119,-0.4952,-0.4785,-0.494,-0.5114,3972.88,4285.4267,False,-0.4218,0.408,5629.2143,2207.0,0.0995,3.4282,229700.0,1.1843,1.0473,鉄建建設,プライム（内国株式）,建設業
1820,2026-10-01,5339.0,-0.0173,-0.0434,-0.042,0.0168,-0.0408,-0.0161,5563.3893,5431.8364,True,-0.0403,0.792,6740.9948,4911.7014,0.0187,7.4183,533900.0,1.137,0.4157,西松建設,プライム（内国株式）,建設業
1822,2026-10-01,816.0,-0.0024,-0.0228,-0.0181,0.0556,-0.0169,0.0228,828.4,794.88,True,-0.015,0.9389,869.0689,706.0,0.0143,2.1,81600.0,1.6117,0.3779,大豊建設,スタンダード（内国株式）,建設業
1826,2026-10-01,1066.0,-0.0047,-0.0175,-0.0238,0.0502,-0.0227,0.0174,1082.56,1063.3067,True,-0.0153,0.8732,1220.857,962.0,0.0135,0.1085,106600.0,1.1521,0.2647,佐田建設,スタンダード（内国株式）,建設業
1827,2026-10-01,1476.0,-0.0658,0.0336,0.068,0.1686,0.0692,0.1358,1385.64,1323.9733,True,0.0652,0.888,1662.2207,791.2559,0.044,0.2246,147600.0,1.2819,0.4328,ナカノフドー建設,スタンダード（内国株式）,建設業
1828,2026-10-01,2317.0,-0.0281,-0.0445,-0.0449,-0.037,-0.0438,-0.0698,2426.68,2380.4533,True,-0.0452,0.8086,2865.3677,2175.0,0.0178,0.3612,231700.0,1.0613,0.4229,田辺工業,スタンダード（内国株式）,建設業
1833,2026-10-01,5430.0,-0.0055,-0.0302,-0.0686,-0.0406,-0.0675,-0.0735,5715.1371,5707.4457,True,-0.0499,0.7463,7276.1634,4420.0994,0.0181,9.185,543000.0,1.3718,0.4477,奥村組,プライム（内国株式）,建設業
1835,2026-10-01,3835.0,-0.0065,0.0003,-0.0376,-0.0923,-0.0365,-0.1252,3930.4683,4067.0228,False,-0.0243,0.6589,5820.0,3800.0,0.0162,2.909,383500.0,1.0576,0.2899,東鉄工業,プライム（内国株式）,建設業
1840,2026-10-01,259.0,0.0078,0.0319,0.0157,0.0928,0.0168,0.06,255.12,245.7333,True,0.0152,0.9811,264.0,211.0,0.0185,0.0596,25900.0,1.7689,0.3343,土屋ホールディングス,スタンダード（内国株式）,建設業
1844,2026-10-01,435.0,-0.0158,-0.029,-0.1141,-0.1105,-0.1129,-0.1433,465.08,473.6608,False,-0.0647,0.3736,1164.4821,389.4622,0.0343,0.783,43500.0,0.6828,0.1675,大盛工業,スタンダード（内国株式）,建設業
1847,2026-10-01,3440.0,0.0029,0.0117,-0.0115,0.2962,-0.0103,0.2633,3410.6224,3020.2075,True,0.0086,0.9663,3560.0,1702.2542,0.0172,0.8969,344000.0,0.8578,0.1936,イチケン,スタンダード（内国株式）,建設業
1848,2026-10-01,883.0,-0.0371,0.0256,0.1423,0.3585,0.1435,0.3256,789.88,699.0,True,0.1179,0.9394,940.0,472.8454,0.0399,0.3301,88300.0,2.3311,0.497,富士ピー・エス,スタンダード（内国株式）,建設業
184A,2026-10-01,317.0,0.0063,-0.0125,0.0032,0.0428,0.0043,0.0099,321.92,318.3067,False,-0.0153,0.4446,713.0,298.0,0.032,0.0163,31700.0,0.4382,0.4437,学びエイド,グロース（内国株式）,情報・通信業
1850,2026-10-01,435.0,-0.0158,-0.0068,0.0116,0.0357,0.0128,0.0029,432.2,424.64,True,0.0065,0.678,641.6302,374.0,0.0182,0.0979,43500.0,0.2786,0.1766,南海辰村建設,スタンダード（内国株式）,建設業
1852,2026-10-01,882.0,-0.0034,0.001,-0.0318,0.022,-0.0307,-0.0108,896.8038,876.0279,True,-0.0165,0.7361,1198.1492,767.0,0.0149,3.425,88200.0,0.8355,0.3111,淺沼組,プライム（内国株式）,建設業
1853,2026-10-01,323.0,-0.0092,-0.0092,-0.0152,0.0,-0.0141,-0.0329,326.12,326.4133,True,-0.0096,0.9556,338.0,296.2765,0.0093,0.0741,32300.0,1.0288,0.3333,森組,スタンダード（内国株式）,建設業
1860,2026-10-01,1429.0,-0.0094,-0.0332,-0.0681,-0.1105,-0.067,-0.1433,1499.2635,1529.4078,False,-0.0469,0.8624,1657.0,960.4169,0.02,11.2569,142900.0,0.7887,0.4114,戸田建設,プライム（内国株式）,建設業
1861,2026-10-01,1257.0,-0.0055,-0.0285,-0.0271,-0.124,-0.0259,-0.1569,1292.7524,1366.8508,False,-0.0277,0.6259,2008.22,1175.4334,0.0195,11.4725,125700.0,0.9338,0.323,熊谷組,プライム（内国株式）,建設業
1866,2026-10-01,1122.0,-0.008,0.0054,-0.0595,0.0126,-0.0584,-0.0202,1150.56,1131.24,True,-0.0248,0.6701,1674.4461,925.0,0.0215,0.1594,112200.0,0.8316,0.2237,北野建設,スタンダード（内国株式）,建設業
1867,2026-10-01,2716.0,0.0041,0.0044,-0.0095,0.0731,-0.0083,0.0402,2719.4,2656.48,True,-0.0013,0.864,3143.4298,2200.0,0.0158,0.1706,271600.0,0.9731,0.2127,植木組,スタンダード（内国株式）,建設業
186A,2026-10-01,1199.0,-0.0499,0.0076,0.0583,0.0667,0.0594,0.0339,1112.68,1150.7733,False,0.0776,0.3977,3015.0,575.0,0.0542,44.1467,119900.0,1.0348,0.4538,アストロスケールホールディングス,グロース（内国株式）,サービス業
1870,2026-10-01,2123.0,0.0009,0.0019,-0.0463,0.1595,-0.0451,0.1266,2150.0299,1992.1566,True,-0.0126,0.8599,2468.9345,1780.0,0.0162,2.7631,212300.0,0.9213,0.3438,矢作建設工業,プライム（内国株式）,建設業
1871,2026-10-01,2113.0,-0.0204,-0.0238,-0.0797,-0.0592,-0.0785,-0.0921,2213.2773,2238.5858,True,-0.0453,0.6124,3450.4907,1673.7309,0.023,2.3073,211300.0,1.2157,0.2784,ピーエス・コンストラクション,プライム（内国株式）,建設業
1873,2026-10-01,313.0,0.0064,-0.0032,-0.0486,0.033,-0.0475,0.0001,315.68,311.5867,True,-0.0085,0.9399,333.0,285.0,0.0137,0.2722,31300.0,0.9439,0.28,日本ハウスホールディングス,プライム（内国株式）,建設業
1878,2026-10-01,3147.0,-0.0054,-0.0207,-0.055,0.008,-0.0538,-0.0248,3291.1654,3222.6351,True,-0.0438,0.8178,3848.0,2781.2374,0.018,52.7086,314700.0,1.0717,0.4828,大東建託,プライム（内国株式）,不動産業
1879,2026-10-01,2229.0,-0.0058,-0.0128,-0.0511,0.0554,-0.0499,0.0225,2291.4907,2205.2302,True,-0.0273,0.9326,2390.0,1704.8334,0.0204,5.9167,222900.0,1.616,0.3247,新日本建設,プライム（内国株式）,建設業
1882,2026-10-01,1588.0,0.0063,0.0108,-0.0228,0.0239,-0.0216,-0.009,1602.5955,1588.0785,True,-0.0091,0.8336,1905.0139,1420.4735,0.0141,6.3183,158800.0,1.112,0.3402,東亜道路工業,プライム（内国株式）,建設業
1885,2026-10-01,2123.0,0.0052,0.0007,0.0024,0.0326,0.0035,-0.0003,2121.9014,2096.1271,False,0.0005,0.4624,4591.6713,1931.0,0.0261,8.7535,212300.0,0.9019,0.2637,東亜建設工業,プライム（内国株式）,建設業
1887,2026-10-01,535.0,-0.0019,-0.0237,-0.0308,0.0308,-0.0296,-0.002,547.64,533.6533,True,-0.0231,0.7649,699.4265,469.9671,0.0134,1.3369,53500.0,0.65,0.336,日本国土開発,プライム（内国株式）,建設業
1888,2026-10-01,3700.0,-0.012,-0.0054,-0.0289,0.142,-0.0277,0.1091,3715.4,3556.4,True,-0.0041,0.7087,5221.172,3135.0,0.022,0.5883,370000.0,0.7658,0.2702,若築建設,プライム（内国株式）,建設業
1893,2026-10-01,1472.5,-0.001,-0.0384,0.0117,-0.1191,0.0128,-0.1519,1485.3323,1559.0974,False,-0.0086,0.6641,2217.2572,1078.6657,0.0354,33.625,147250.0,1.1491,0.3273,五洋建設,プライム（内国株式）,建設業
1897,2026-10-01,3705.0,0.0235,-0.05,0.1227,0.1193,0.1239,0.0865,3442.4,3252.9333,True,0.0763,0.9332,3970.0,2818.4067,0.0265,0.0343,370500.0,1.9429,0.6924,金下建設,スタンダード（内国株式）,建設業
1898,2026-10-01,1455.0,-0.0021,0.0063,-0.0261,0.0041,-0.0249,-0.0287,1481.949,1469.5297,True,-0.0182,0.8611,1689.605,1395.0,0.012,2.6043,145500.0,1.1361,0.4164,世紀東急工業,プライム（内国株式）,建設業
1899,2026-10-01,4855.0,0.0221,0.0189,0.0052,0.332,0.0063,0.2991,4714.4,4245.8667,True,0.0298,0.9446,5140.0,3167.3514,0.0246,2.5149,485500.0,0.6773,0.2766,福田組,プライム（内国株式）,建設業
189A,2026-10-01,1099.0,0.0083,0.0092,0.0881,0.1353,0.0893,0.1025,1041.24,998.96,True,0.0555,0.7484,1468.4543,869.3249,0.0149,0.0338,109900.0,1.5837,0.4463,Ｄ＆Ｍカンパニー,グロース（内国株式）,サービス業
1904,2026-10-01,1259.0,-0.0047,0.0641,-0.7527,-0.7497,-0.7515,-0.7826,4176.4258,4767.4086,False,-0.6985,0.2236,5630.0,1178.5,0.269,0.6649,125900.0,3.1552,1.1994,大成温調,スタンダード（内国株式）,建設業
1905,2026-10-01,1454.0,0.0069,0.0189,-0.0142,-0.0345,-0.0131,-0.0674,1454.0893,1490.7364,False,-0.0001,0.9122,1594.0,1182.9631,0.0132,0.0687,145400.0,0.6579,0.3452,テノックス,スタンダード（内国株式）,建設業
190A,2026-10-01,65.0,-0.058,-0.0714,-0.1216,-0.1447,-0.1205,-0.1776,70.12,75.36,False,-0.073,0.3631,179.0,64.0,0.0527,0.4202,6500.0,1.7485,0.6417,Ｃｈｏｒｄｉａ　Ｔｈｅｒａｐｅｕｔｉｃｓ,グロース（内国株式）,医薬品
1911,2026-10-01,1201.0,-0.0074,-0.0115,-0.1074,-0.1071,-0.1062,-0.1399,1267.98,1315.1364,False,-0.0528,0.6526,1840.4183,1181.5,0.021,60.8698,120100.0,1.144,0.3177,住友林業,プライム（内国株式）,建設業
1914,2026-10-01,811.0,-0.0037,-0.0122,0.005,0.2015,0.0061,0.1686,808.72,734.68,True,0.0028,0.9609,844.0,585.8214,0.0159,0.2078,81100.0,0.5422,0.2411,日本基礎技術,スタンダード（内国株式）,建設業
1921,2026-10-01,1923.0,-0.0108,-0.0555,-0.0322,0.0549,-0.0311,0.022,1939.24,1828.0667,True,-0.0084,0.8371,2297.2735,1426.0971,0.0365,0.267,192300.0,0.8907,0.2965,巴コーポレーション,スタンダード（内国株式）,建設業
1925,2026-10-01,2175.5,-0.0093,-0.002,-0.5351,-0.512,-0.534,-0.5449,4066.4088,4381.2829,False,-0.465,0.3823,5689.8217,2169.0,0.1037,93.9019,217550.0,1.756,1.1144,大和ハウス工業,プライム（内国株式）,建設業
1926,2026-10-01,987.0,0.0,0.0572,-0.7426,-0.7593,-0.7415,-0.7921,3141.3114,3650.3038,False,-0.6858,0.2315,4263.5693,928.8015,0.2671,5.6019,98700.0,2.3384,1.1537,ライト工業,プライム（内国株式）,建設業
1928,2026-10-01,3370.0,0.0027,0.0063,-0.0221,0.0041,-0.0209,-0.0288,3382.44,3385.6403,True,-0.0037,0.8967,3758.4254,3033.246,0.0154,86.0529,337000.0,0.9481,0.1829,積水ハウス,プライム（内国株式）,建設業
1929,2026-10-01,1204.0,-0.0058,-0.0082,0.0,0.0837,0.0012,0.0509,1208.2357,1155.5719,True,-0.0035,0.8398,1433.6569,1074.0,0.0147,1.1462,120400.0,1.0341,0.3154,日特建設,プライム（内国株式）,建設業
192A,2026-10-01,1338.0,-0.0708,0.0372,0.0292,0.0429,0.0304,0.01,1284.84,1244.2267,False,0.0414,0.5896,2269.2779,1175.0,0.0329,0.0591,133800.0,2.2531,0.4969,インテグループ,グロース（内国株式）,サービス業
1930,2026-10-01,1567.0,-0.0082,-0.0126,0.0149,-0.0526,0.0161,-0.0855,1572.0848,1587.6283,False,-0.0032,0.8756,1789.5408,1287.3688,0.0169,0.8454,156700.0,0.6495,0.2868,北陸電気工事,プライム（内国株式）,建設業
1934,2026-10-01,2553.0,-0.0051,-0.0082,-0.0047,0.051,-0.0035,0.0182,2597.7695,2473.2032,True,-0.0172,0.7831,3260.2706,2234.0,0.0188,3.3904,255300.0,0.8875,0.3522,ユアテック,プライム（内国株式）,建設業
1938,2026-10-01,2570.0,-0.0073,-0.0073,0.0142,-0.032,0.0154,-0.0649,2565.7907,2570.9702,False,0.0016,0.7981,3220.0,1842.2431,0.0216,1.9013,257000.0,0.7161,0.2125,日本リーテック,プライム（内国株式）,建設業
1939,2026-10-01,2278.0,-0.0078,-0.0108,0.0115,0.1316,0.0127,0.0988,2267.3907,2107.9569,True,0.0047,0.9657,2359.0,1273.1755,0.0197,2.3942,227800.0,1.0061,0.2281,四電工,プライム（内国株式）,建設業
1941,2026-10-01,5100.0,-0.002,-0.002,0.0079,-0.0503,0.0091,-0.0831,5139.5892,5186.5297,True,-0.0077,0.8916,5720.0,3674.1497,0.0159,4.0779,510000.0,0.9428,0.2462,中電工,プライム（内国株式）,建設業
1942,2026-10-01,5502.0,-0.0196,-0.01,0.002,-0.1718,0.0032,-0.2046,5557.9811,5897.167,False,-0.0101,0.7375,7460.0,3833.6505,0.0271,55.4028,550200.0,1.1264,0.203,関電工,プライム（内国株式）,建設業
1944,2026-10-01,6833.0,-0.0009,-0.0082,-0.0255,-0.1281,-0.0244,-0.161,6934.3606,7271.6135,True,-0.0146,0.7971,8572.0,4846.8711,0.0241,38.8387,683300.0,0.6867,0.2482,きんでん,プライム（内国株式）,建設業
1945,2026-10-01,2110.0,-0.0094,-0.0078,0.0263,0.0115,0.0274,-0.0214,2112.213,2102.191,False,-0.001,0.7941,2657.0,1534.8208,0.0234,3.3971,211000.0,0.7151,0.2268,東京エネシス,プライム（内国株式）,建設業
1946,2026-10-01,2142.0,-0.0188,-0.0452,-0.0219,-0.039,-0.0208,-0.0719,2207.9334,2167.9245,True,-0.0299,0.852,2514.0,1300.9178,0.0257,3.8025,214200.0,0.8873,0.252,トーエネック,プライム（内国株式）,建設業
194A,2026-10-01,1744.0,0.0098,0.0443,-0.1489,0.184,-0.1477,0.1511,1810.24,1624.1467,True,-0.0366,0.6014,2900.0,970.0,0.0355,1.5519,174400.0,1.3811,0.3314,ＷＯＬＶＥＳ　ＨＡＮＤ,グロース（内国株式）,サービス業
1950,2026-10-01,3980.0,-0.0087,-0.0281,0.0038,-0.084,0.0049,-0.1169,4029.0,4098.2667,False,-0.0122,0.7412,5370.0,2573.0969,0.0239,4.3232,398000.0,1.0733,0.2947,日本電設工業,プライム（内国株式）,建設業
1951,2026-10-01,2538.0,-0.0061,-0.0106,-0.0395,-0.07,-0.0384,-0.1028,2595.78,2647.2067,False,-0.0223,0.83,3058.0,2065.3114,0.0161,11.8534,253800.0,0.868,0.3008,エクシオグループ,プライム（内国株式）,建設業
1952,2026-10-01,3120.0,-0.0079,-0.0157,-0.025,-0.1746,-0.0238,-0.2075,3165.5926,3337.3309,False,-0.0144,0.7236,4311.6212,2705.5423,0.0202,3.9781,312000.0,0.6991,0.2933,新日本空調,プライム（内国株式）,建設業
1959,2026-10-01,8034.0,-0.0037,0.0025,-0.0137,-0.1202,-0.0126,-0.1531,8083.6935,8566.2312,False,-0.0061,0.7697,10438.3519,6775.0625,0.0184,13.753,803400.0,0.8308,0.2234,クラフティア,プライム（内国株式）,建設業
195A,2026-10-01,674.0,0.009,-0.0639,0.0482,-0.003,0.0494,-0.0358,677.52,686.8667,True,-0.0052,0.462,1459.0,570.0,0.0512,0.1723,67400.0,0.8526,0.3333,ＭＵＳＣＡＴ　ＧＲＯＵＰ,グロース（内国株式）,サービス業
1960,2026-10-01,1665.0,-0.0119,-0.0235,0.006,0.1107,0.0072,0.0779,1675.16,1553.9867,True,-0.0061,0.9302,1790.0,903.9858,0.0262,0.2395,166500.0,0.4587,0.2612,サンテック,スタンダード（内国株式）,建設業
1961,2026-10-01,2654.0,0.008,0.0673,0.0931,-0.0691,0.0942,-0.102,2467.8379,2557.386,True,0.0754,0.8104,3275.0,1541.3798,0.0275,11.4429,265400.0,0.8374,0.4312,三機工業,プライム（内国株式）,建設業
1963,2026-10-01,2255.5,-0.0094,-0.0193,-0.0429,-0.0971,-0.0417,-0.1299,2323.72,2373.7,False,-0.0294,0.7705,2927.5,1388.8007,0.0305,35.7435,225550.0,0.913,0.2653,日揮ホールディングス,プライム（内国株式）,建設業
1964,2026-10-01,3870.0,-0.0102,-0.009,-0.0421,-0.0433,-0.0409,-0.0761,3947.6,3995.0,False,-0.0197,0.7701,5025.0575,3755.0,0.0156,0.8044,387000.0,0.526,0.2237,中外炉工業,プライム（内国株式）,建設業
1965,2026-10-01,2364.0,0.0094,0.0277,-0.6594,-0.5986,-0.6582,-0.6315,5836.5209,5944.707,False,-0.595,0.2582,9155.6585,2261.6846,0.2232,4.5527,236400.0,1.637,0.9472,テクノ菱和,スタンダード（内国株式）,建設業
1966,2026-10-01,1743.0,0.0017,-0.004,0.0058,-0.0023,0.0069,-0.0351,1736.88,1732.8667,True,0.0035,0.8844,1970.7513,1465.8004,0.0079,0.0379,174300.0,0.4473,0.3135,高田工業所,スタンダード（内国株式）,建設業
1967,2026-10-01,2166.0,-0.006,0.0103,0.0449,0.0923,0.046,0.0594,2115.2,2056.72,True,0.024,0.8792,2463.7074,1785.6764,0.0173,0.3447,216600.0,0.7247,0.2662,ヤマト,スタンダード（内国株式）,建設業
1968,2026-10-01,2461.0,-0.0061,-0.0353,-0.0008,-0.0357,0.0003,-0.0685,2512.6,2504.8933,False,-0.0205,0.7863,3130.0,1957.8438,0.0219,3.0076,246100.0,0.77,0.3078,太平電業,プライム（内国株式）,建設業
1969,2026-10-01,4688.0,-0.0047,0.0023,0.0844,-0.0828,0.0856,-0.1156,4478.2373,4557.7991,True,0.0468,0.8285,5658.6621,3892.8524,0.024,24.0726,468800.0,0.9823,0.2721,高砂熱学工業,プライム（内国株式）,建設業
196A,2026-10-01,331.0,-0.003,0.0344,-0.0728,0.1533,-0.0717,0.1205,331.4,297.6667,True,-0.0012,0.8465,391.0,226.0,0.035,0.4004,33100.0,0.7874,0.2506,ＭＦＳ,グロース（内国株式）,その他金融業
1972,2026-10-01,1307.0,0.0085,0.0206,-0.0326,0.0414,-0.0314,0.0086,1315.3676,1285.4559,True,-0.0064,0.8473,1542.6174,1164.0,0.016,0.4235,130700.0,1.0789,0.2955,三晃金属工業,スタンダード（内国株式）,建設業
1975,2026-10-01,3850.0,-0.0039,-0.0185,-0.0216,-0.1047,-0.0204,-0.1375,3891.1238,4032.8413,False,-0.0106,0.7922,4860.0,2752.7413,0.0252,2.5023,385000.0,0.6565,0.2577,朝日工業社,プライム（内国株式）,建設業
1976,2026-10-01,1711.0,-0.0052,0.0069,-0.0052,-0.0614,-0.0041,-0.0943,1717.703,1803.9677,False,-0.0039,0.8109,2110.0,1520.5588,0.0162,1.41,171100.0,0.9155,0.211,明星工業,プライム（内国株式）,建設業
1979,2026-10-01,3790.0,0.0026,0.0107,-0.0393,-0.2312,-0.0381,-0.2641,3834.1709,4277.5903,False,-0.0115,0.7461,5080.0,2696.3207,0.0193,7.4656,379000.0,0.6914,0.2804,大氣社,プライム（内国株式）,建設業
197A,2026-10-01,514.0,-0.0058,-0.0247,0.0158,0.1054,0.017,0.0725,510.8,487.5786,True,0.0063,0.9318,551.6041,458.1961,0.014,1.0148,51400.0,0.7826,0.3465,タウンズ,スタンダード（内国株式）,医薬品
1980,2026-10-01,2965.0,0.002,0.0214,0.0762,0.0597,0.0774,0.0268,2814.712,2737.9307,True,0.0534,0.8219,3607.2829,1921.2703,0.0291,13.9359,296500.0,0.7869,0.3439,ダイダン,プライム（内国株式）,建設業
1981,2026-10-01,1361.0,0.0059,0.0157,0.0164,0.035,0.0176,0.0021,1339.08,1325.6533,True,0.0164,0.7246,1878.2014,1290.0,0.0089,0.0388,136100.0,0.6014,0.4805,協和日成,スタンダード（内国株式）,建設業
1982,2026-10-01,3220.0,0.0094,0.0016,0.0904,0.0489,0.0916,0.016,3097.5865,3014.6488,True,0.0395,0.928,3470.0,2024.6655,0.0286,2.9815,322000.0,0.7657,0.3016,日比谷総合設備,プライム（内国株式）,建設業
198A,2026-10-01,162.0,0.0,0.0062,-0.0899,0.1172,-0.0887,0.0844,164.92,154.32,True,-0.0177,0.3234,501.0,129.0,0.0181,0.0765,16200.0,0.2028,0.239,ＰｏｓｔＰｒｉｍｅ,グロース（内国株式）,情報・通信業
1994,2026-10-01,616.0,-0.0032,0.0065,-0.0144,0.098,-0.0132,0.0652,615.96,576.7505,True,0.0001,0.9449,651.8907,475.9461,0.0197,0.0834,61600.0,0.4802,0.2059,高橋カーテンウォール工業,スタンダード（内国株式）,建設業
1997,2026-10-01,4020.0,0.0,-0.0195,0.0203,0.0161,0.0215,-0.0168,4002.3449,3894.7506,True,0.0044,0.9113,4411.4935,2987.8064,0.0115,0.0468,402000.0,0.3753,0.5062,暁飯島工業,スタンダード（内国株式）,建設業
2001,2026-10-01,2815.0,-0.0071,-0.0266,-0.0419,0.0093,-0.0407,-0.0235,2936.9879,2851.356,True,-0.0415,0.9214,3055.0,2149.4728,0.0193,4.7959,281500.0,0.8789,0.4568,ニップン,プライム（内国株式）,食料品
2002,2026-10-01,1977.5,0.0,-0.0021,-0.0342,0.001,-0.033,-0.0318,2033.2841,2014.7814,True,-0.0274,0.8995,2198.5,1699.4824,0.0182,19.7525,197750.0,1.0818,0.4288,日清製粉グループ本社,プライム（内国株式）,食料品
2003,2026-10-01,1877.0,-0.0005,0.0073,0.0405,0.0726,0.0416,0.0397,1847.9833,1793.6078,True,0.0157,0.9685,1938.0,1619.2409,0.0146,0.4172,187700.0,0.929,0.289,日東富士製粉,スタンダード（内国株式）,食料品
2004,2026-10-01,3730.0,0.0,-0.0275,-0.008,0.0954,-0.0068,0.0626,3838.7857,3597.5286,True,-0.0283,0.9372,3980.0,2769.6079,0.0201,2.3172,373000.0,1.0672,0.3861,昭和産業,プライム（内国株式）,食料品
2009,2026-10-01,1120.0,-0.0097,0.0045,0.0081,0.0332,0.0093,0.0004,1106.08,1089.6933,True,0.0126,0.9894,1132.0,975.2195,0.0075,0.1563,112000.0,1.3869,0.3322,鳥越製粉,スタンダード（内国株式）,食料品
2053,2026-10-01,1946.0,-0.0102,-0.0194,-0.0338,0.0434,-0.0326,0.0106,2017.1385,1943.3262,True,-0.0353,0.9298,2093.0,1548.1602,0.0216,2.0578,194600.0,1.9703,0.3997,中部飼料,プライム（内国株式）,食料品
2055,2026-10-01,348.0,0.0116,0.0058,0.0058,0.061,0.0069,0.0281,346.08,337.0933,True,0.0055,0.8522,408.3423,310.0,0.0125,0.0289,34800.0,0.5687,0.2295,日和産業,スタンダード（内国株式）,食料品
205A,2026-10-01,1630.0,-0.0133,-0.0163,-0.024,-0.0145,-0.0228,-0.0474,1653.88,1703.3733,False,-0.0144,0.7419,2197.0,1347.9937,0.0136,0.3893,163000.0,0.6536,0.2845,ロゴスホールディングス,グロース（内国株式）,建設業
2060,2026-10-01,1429.0,-0.009,0.0004,-0.0042,0.1543,-0.003,0.1214,1445.1277,1337.2559,True,-0.0112,0.9597,1489.0,945.6684,0.0206,1.4577,142900.0,1.1117,0.2582,フィード・ワン,プライム（内国株式）,食料品
206A,2026-10-01,150.0,-0.1018,-0.1018,-0.1525,0.0417,-0.1514,0.0088,169.28,156.6133,True,-0.1139,0.5376,279.0,125.0,0.0495,0.154,15000.0,0.9319,0.3231,ＰＲＩＳＭ　ＢｉｏＬａｂ,グロース（内国株式）,医薬品
208A,2026-10-01,2869.0,-0.0038,-0.0069,-0.0453,0.0049,-0.0441,-0.028,2910.84,2897.8484,True,-0.0144,0.8428,3404.2012,2728.1351,0.0089,0.211,286900.0,0.5689,0.2353,構造計画研究所ホールディングス,スタンダード（内国株式）,情報・通信業
2108,2026-10-01,1812.0,-0.0011,0.0394,-0.6663,-0.6294,-0.6651,-0.6623,4498.7333,4799.5111,False,-0.5972,0.303,5980.0,1714.0,0.1767,2.1182,181200.0,2.2184,1.1231,日本甜菜製糖,プライム（内国株式）,食料品
2109,2026-10-01,3855.0,0.0039,0.0209,0.0518,0.1789,0.053,0.146,3787.2537,3510.7512,True,0.0179,0.991,3890.0,2943.6416,0.0148,2.3376,385500.0,1.2527,0.2589,ＤＭ三井製糖,プライム（内国株式）,食料品
2112,2026-10-01,453.0,0.0,-0.0022,-0.0582,0.0486,-0.0571,0.0158,465.6379,451.4926,True,-0.0271,0.7903,573.1651,412.0,0.0157,0.1553,45300.0,0.8028,0.3648,塩水港精糖,スタンダード（内国株式）,食料品
2114,2026-10-01,638.0,-0.0031,-0.0406,-0.0659,0.0208,-0.0647,-0.0121,669.2781,642.7727,True,-0.0467,0.9193,694.0,516.4001,0.011,0.2044,63800.0,2.355,0.6434,フジ日本,スタンダード（内国株式）,食料品
2117,2026-10-01,2828.0,0.0068,0.0175,-0.0011,0.0724,0.0001,0.0396,2826.4392,2744.8264,True,0.0006,0.9483,2982.2687,2456.216,0.0138,0.7505,282800.0,1.2141,0.3392,ウェルネオシュガー,プライム（内国株式）,食料品
211A,2026-10-01,3190.0,0.0,-0.0274,-0.0492,-0.1006,-0.048,-0.1335,3324.4,3388.9255,False,-0.0404,0.6612,4824.6508,3075.0,0.0163,0.1631,319000.0,0.7201,0.2877,カドス・コーポレーション,スタンダード（内国株式）,建設業
2120,2026-10-01,234.0,0.0,0.0038,-0.025,0.1939,-0.0238,0.161,232.821,214.327,True,0.0051,0.9398,249.0,157.0,0.0297,2.2791,23400.0,1.389,0.2158,ＬＩＦＵＬＬ,プライム（内国株式）,サービス業
2121,2026-10-01,3730.0,0.015,-0.0092,0.0247,0.3293,0.0259,0.2964,3679.1716,3205.4439,True,0.0138,0.9601,3885.0,2449.0,0.0252,13.565,373000.0,0.8511,0.2549,ＭＩＸＩ,プライム（内国株式）,情報・通信業
2122,2026-10-01,1339.0,-0.0067,-0.0579,-0.1013,0.0083,-0.1002,-0.0246,1451.4997,1394.3132,True,-0.0775,0.8809,1520.0,1143.0,0.0207,0.151,133900.0,2.2012,0.6208,インタースペース,スタンダード（内国株式）,サービス業
2124,2026-10-01,1054.0,0.0115,0.0253,0.0467,0.2299,0.0478,0.197,1005.6,939.8578,True,0.0481,0.9871,1067.7617,801.7991,0.023,4.3651,105400.0,0.7247,0.2347,ジェイエイシーリクルートメント,プライム（内国株式）,サービス業
2127,2026-10-01,625.0,0.0035,-0.0013,-0.0881,-0.0376,-0.087,-0.0704,649.8349,655.3343,False,-0.0382,0.7869,794.2644,606.4937,0.0204,23.4311,62500.0,0.953,0.3705,日本Ｍ＆Ａセンターホールディングス,プライム（内国株式）,サービス業
212A,2026-10-01,2806.0,-0.0127,-0.0092,-0.0615,-0.0267,-0.0604,-0.0596,2862.04,2823.04,True,-0.0196,0.795,3529.706,2097.8725,0.0337,5.3611,280600.0,1.6722,0.3867,フィットイージー,プライム（内国株式）,サービス業
2130,2026-10-01,770.0,-0.163,-0.1676,-0.186,-0.2625,-0.1849,-0.2953,910.64,988.52,False,-0.1544,0.5368,1434.4129,770.0,0.0312,0.5839,77000.0,0.7678,0.675,メンバーズ,プライム（内国株式）,サービス業
2134,2026-10-01,19.0,0.0,0.1176,-0.05,-0.2692,-0.0488,-0.3021,19.52,23.2533,False,-0.0266,0.3654,52.0,16.0,0.0714,0.3512,1900.0,1.7434,0.2947,北浜キャピタルパートナーズ,スタンダード（内国株式）,サービス業
2136,2026-10-01,1439.0,0.0134,0.0091,0.0198,-0.0619,0.021,-0.0948,1419.84,1434.52,True,0.0135,0.9064,1587.5508,1280.7454,0.0124,0.0242,143900.0,1.9662,0.2184,ヒップ,スタンダード（内国株式）,サービス業
2138,2026-10-01,428.0,0.0094,0.0166,-0.0593,0.1856,-0.0582,0.1527,437.44,434.32,False,-0.0216,0.6815,628.0,356.0,0.0352,0.191,42800.0,1.3298,0.2322,クルーズ,スタンダード（内国株式）,情報・通信業
2139,2026-10-01,511.0,0.0059,-0.0173,-0.0358,0.0139,-0.0347,-0.019,521.4,517.2133,True,-0.0199,0.9271,551.1633,396.0571,0.0115,0.0308,51100.0,2.811,0.3756,中広,スタンダード（内国株式）,サービス業
2146,2026-10-01,239.0,-0.0083,0.0,0.0,0.3657,0.0012,0.3329,232.44,202.0987,True,0.0282,0.9835,243.0,163.5952,0.023,10.0618,23900.0,0.6839,0.3091,ＵＴグループ,プライム（内国株式）,サービス業
2148,2026-10-01,1145.0,0.0,-0.0061,-0.0691,-0.0189,-0.0679,-0.0517,1178.36,1184.28,False,-0.0283,0.6299,1817.818,1117.0,0.0149,0.4681,114500.0,0.9269,0.2812,アイティメディア,プライム（内国株式）,サービス業
2152,2026-10-01,1526.0,0.0,-0.0199,-0.0224,0.0792,-0.0213,0.0464,1536.84,1502.48,True,-0.0071,0.9373,1628.0,1327.1047,0.0077,0.0123,152600.0,1.1339,0.4268,幼児活動研究会,スタンダード（内国株式）,サービス業
2153,2026-10-01,1872.0,0.0005,-0.0095,-0.0074,0.1387,-0.0063,0.1058,1864.44,1754.1867,True,0.0041,0.9806,1909.0,1537.8385,0.0115,1.081,187200.0,1.0505,0.2837,Ｅ・Ｊホールディングス,プライム（内国株式）,サービス業
2154,2026-10-01,2011.0,-0.0025,-0.0064,-0.0266,0.0485,-0.0255,0.0156,2010.32,1971.3951,True,0.0003,0.9549,2106.0,1559.6947,0.0167,3.0956,201100.0,0.9645,0.1791,オープンアップグループ,プライム（内国株式）,サービス業
2156,2026-10-01,272.0,-0.032,-0.0355,-0.032,0.0342,-0.0309,0.0014,278.92,271.1733,True,-0.0248,0.7207,377.4262,251.0,0.036,0.2936,27200.0,5.033,0.6949,セーラー広告,スタンダード（内国株式）,サービス業
2157,2026-10-01,1000.0,0.0,0.001,-0.0234,0.0494,-0.0223,0.0166,1009.285,998.2908,True,-0.0092,0.7038,1420.9177,889.8367,0.018,6.7231,100000.0,0.784,0.1833,コシダカホールディングス,プライム（内国株式）,サービス業
2158,2026-10-01,691.0,-0.0029,0.055,0.073,0.1163,0.0741,0.0835,636.24,626.4,True,0.0861,0.6253,1105.0,536.0,0.0263,1.2296,69100.0,1.096,0.6063,ＦＲＯＮＴＥＯ,グロース（内国株式）,サービス業
215A,2026-10-01,1404.0,-0.0007,0.0415,-0.209,-0.1365,-0.2079,-0.1694,1513.68,1516.44,True,-0.0725,0.7693,1825.0,1032.0,0.057,35.9488,140400.0,1.2292,0.195,タイミー,グロース（内国株式）,サービス業
2160,2026-10-01,3260.0,-0.0061,-0.0398,0.1589,0.1415,0.1601,0.1086,2980.24,2754.6,True,0.0939,0.8717,3740.0,2112.0,0.0412,33.3556,326000.0,1.235,0.4612,ジーエヌアイグループ,グロース（内国株式）,医薬品
2163,2026-10-01,940.0,-0.0084,-0.0136,-0.0379,-0.0186,-0.0367,-0.0515,957.24,954.1504,True,-0.018,0.8873,1059.4254,901.7784,0.0144,0.3808,94000.0,0.5483,0.1474,アルトナー,プライム（内国株式）,サービス業
2164,2026-10-01,109.0,0.0093,-0.0268,-0.2431,-0.3057,-0.2419,-0.3386,122.6,147.4919,False,-0.1109,0.4774,228.3333,107.0,0.036,0.1128,10900.0,0.4141,0.2545,地域新聞社,スタンダード（内国株式）,サービス業
2168,2026-10-01,1524.0,-0.0097,-0.0218,-0.1236,0.0311,-0.1225,-0.0017,1613.24,1571.2533,False,-0.0553,0.6879,2215.3834,1345.0,0.0205,2.2887,152400.0,0.8235,0.326,パソナグループ,プライム（内国株式）,サービス業
2169,2026-10-01,1760.0,-0.0028,0.0115,0.015,0.0298,0.0162,-0.003,1735.68,1721.2321,False,0.014,0.9718,1811.1079,1688.0488,0.0077,0.0488,176000.0,0.8464,0.3556,ＣＤＳ,スタンダード（内国株式）,サービス業
2170,2026-10-01,655.0,0.0015,-0.0449,-0.1173,0.1634,-0.1161,0.1306,676.9044,621.8001,True,-0.0324,0.8745,749.0,465.0105,0.025,1.9224,65500.0,0.5159,0.3336,リンクアンドモチベーション,プライム（内国株式）,サービス業
2173,2026-10-01,785.0,0.009,0.0288,0.0918,0.1595,0.093,0.1267,732.8,705.7819,True,0.0712,0.7355,1067.2306,573.8532,0.0157,0.077,78500.0,0.9234,0.7364,博展,グロース（内国株式）,サービス業
2175,2026-10-01,2696.0,0.0079,0.0166,0.0771,0.2227,0.0783,0.1898,2567.84,2364.5467,True,0.0499,0.9952,2709.0,1239.8793,0.025,10.0015,269600.0,0.5588,0.1467,エス・エム・エス,プライム（内国株式）,サービス業
2179,2026-10-01,822.0,0.0049,0.0164,-0.0408,0.0552,-0.0397,0.0223,830.4766,811.7722,True,-0.0102,0.9257,888.0,737.0,0.0094,0.0127,82200.0,0.3496,0.3902,成学社,スタンダード（内国株式）,サービス業
2181,2026-10-01,282.1,-0.0035,-0.0145,-0.0634,0.119,-0.0623,0.0861,292.2063,271.3208,True,-0.0346,0.927,304.3,216.4806,0.0265,28.7614,28210.0006,1.009,0.3116,パーソルホールディングス,プライム（内国株式）,サービス業
2183,2026-10-01,202.0,-0.0146,-0.0194,-0.0242,-0.0381,-0.023,-0.071,205.16,207.0933,False,-0.0154,0.5866,344.3633,198.0,0.0124,0.0536,20200.0,0.7339,0.2,リニカル,スタンダード（内国株式）,サービス業
2185,2026-10-01,1980.0,0.0206,-0.0015,-0.0115,0.0832,-0.0103,0.0503,1985.7576,1910.0525,True,-0.0029,0.9385,2109.7328,1524.1341,0.0146,0.0392,198000.0,1.1386,0.3088,シイエム・シイ,スタンダード（内国株式）,サービス業
2186,2026-10-01,904.0,0.0033,0.0089,-0.0109,0.0137,-0.0098,-0.0191,901.3436,896.9897,True,0.0029,0.97,932.0,862.2542,0.0047,0.063,90400.0,0.4339,0.261,ソーバル,スタンダード（内国株式）,サービス業
218A,2026-10-01,1031.0,-0.0039,0.0,-0.1479,0.0435,-0.1468,0.0107,1105.32,1065.8533,False,-0.0672,0.3595,2868.0,705.0,0.055,3.2748,103100.0,0.9621,0.2698,Ｌｉｂｅｒａｗａｒｅ,グロース（内国株式）,精密機器
2193,2026-10-01,125.0,-0.0079,-0.0234,-0.0602,0.0776,-0.059,0.0447,129.32,123.0133,True,-0.0334,0.7022,178.0,111.0,0.0211,0.2999,12500.0,0.8843,0.3405,クックパッド,スタンダード（内国株式）,サービス業
2195,2026-10-01,375.0,0.0108,-0.0027,-0.0409,0.161,-0.0398,0.1281,372.04,345.6,False,0.008,0.5556,675.0,283.102,0.0379,0.3105,37500.0,0.6699,0.197,アミタホールディングス,グロース（内国株式）,サービス業
2198,2026-10-01,766.0,-0.0103,-0.0103,-0.0328,0.0865,-0.0317,0.0537,778.56,756.8667,False,-0.0161,0.9174,835.0,656.0,0.0148,0.2193,76600.0,0.5294,0.1761,アイ・ケイ・ケイホールディングス,プライム（内国株式）,サービス業
219A,2026-10-01,2620.0,0.0019,-0.0332,0.0577,0.6572,0.0589,0.6243,2440.6,1959.6267,True,0.0735,0.6895,3800.0,1343.0,0.0481,11.9853,262000.0,1.3228,0.3448,Ｈｅａｒｔｓｅｅｄ,グロース（内国株式）,医薬品
2201,2026-10-01,2374.5,-0.0065,-0.0241,-0.0642,-0.1098,-0.0631,-0.1427,2488.0053,2570.3284,False,-0.0456,0.8278,2868.5,2367.0,0.0138,8.9415,237450.0,1.0769,0.4713,森永製菓,プライム（内国株式）,食料品
2204,2026-10-01,3080.0,0.0033,-0.0081,-0.0269,-0.0345,-0.0257,-0.0673,3143.4,3179.3333,True,-0.0202,0.9046,3405.0,2948.4927,0.0112,0.3032,308000.0,1.2191,0.3464,中村屋,スタンダード（内国株式）,食料品
2206,2026-10-01,5023.0,0.008,0.0016,-0.0282,-0.0528,-0.0271,-0.0857,5069.36,5162.3131,False,-0.0091,0.8052,6238.2256,4685.0,0.0139,9.3624,502300.0,0.9121,0.1977,江崎グリコ,プライム（内国株式）,食料品
2207,2026-10-01,3375.0,0.012,-0.0006,-0.0288,0.0465,-0.0276,0.0137,3443.1292,3300.2697,True,-0.0198,0.9,3750.0,2043.2547,0.0271,2.0793,337500.0,1.3408,0.3007,ｍｅｉｔｏ,プライム（内国株式）,食料品
2208,2026-10-01,3020.0,0.0033,-0.0375,-0.0242,-0.0503,-0.0231,-0.0832,3092.7346,3088.1649,True,-0.0235,0.9008,3352.3972,2366.0475,0.0128,0.1368,302000.0,1.1176,0.3811,ブルボン,スタンダード（内国株式）,食料品
2209,2026-10-01,2317.0,0.0061,-0.0161,-0.0418,-0.0257,-0.0406,-0.0585,2377.8,2374.1333,True,-0.0256,0.8769,2642.2512,2183.0,0.0092,0.7501,231700.0,1.7722,0.4431,井村屋グループ,プライム（内国株式）,食料品
220A,2026-10-01,925.0,-0.0054,0.0044,-0.0474,-0.0107,-0.0462,-0.0436,943.501,939.127,False,-0.0196,0.6542,1414.0,908.0,0.0165,0.0223,92500.0,0.8536,0.294,Ｆａｂｅｒ　Ｃｏｍｐａｎｙ,スタンダード（内国株式）,情報・通信業
2211,2026-10-01,2498.0,0.0004,-0.0024,-0.0087,0.0589,-0.0076,0.0261,2504.48,2444.96,True,-0.0026,0.941,2654.6952,2265.0,0.0097,0.6859,249800.0,1.0399,0.2388,不二家,プライム（内国株式）,食料品
2212,2026-10-01,3581.0,-0.0069,0.0028,-0.0327,0.1066,-0.0315,0.0738,3731.4,3466.0667,True,-0.0403,0.9036,3963.0,2785.5058,0.0241,24.4289,358100.0,1.009,0.484,山崎製パン,プライム（内国株式）,食料品
2215,2026-10-01,617.0,-0.0032,-0.0048,0.0065,0.0283,0.0077,-0.0045,615.44,607.84,True,0.0025,0.9306,663.0,586.0,0.01,0.042,61700.0,0.5221,0.1465,第一屋製パン,スタンダード（内国株式）,食料品
2216,2026-10-01,1055.0,-0.0085,-0.0409,-0.0276,-0.0435,-0.0265,-0.0764,1087.28,1115.7033,True,-0.0297,0.4376,2411.0597,1030.8145,0.0154,0.6334,105500.0,0.5429,0.3269,カンロ,スタンダード（内国株式）,食料品
2217,2026-10-01,1466.0,-0.0174,-0.0207,-0.0298,-0.0525,-0.0286,-0.0853,1493.08,1520.0378,True,-0.0181,0.9072,1616.0,1455.4966,0.0083,0.4981,146600.0,1.0898,0.3541,モロゾフ,プライム（内国株式）,食料品
2220,2026-10-01,1238.0,-0.0135,-0.0463,-0.1276,0.0206,-0.1264,-0.0122,1342.6795,1288.9332,True,-0.078,0.8049,1538.0,1165.0,0.0236,3.1498,123800.0,1.1027,0.4521,亀田製菓,プライム（内国株式）,食料品
2221,2026-10-01,3040.0,-0.0033,-0.0065,-0.0065,-0.0098,-0.0054,-0.0426,3054.8,3059.9333,True,-0.0048,0.911,3337.0718,2904.3417,0.0069,0.0986,304000.0,1.1314,0.1424,岩塚製菓,スタンダード（内国株式）,食料品
2222,2026-10-01,2463.0,0.018,-0.0614,-0.1131,-0.0114,-0.1119,-0.0443,2585.9633,2549.0411,True,-0.0476,0.8837,2787.0,1687.8906,0.0284,20.4657,246300.0,1.1156,0.3664,寿スピリッツ,プライム（内国株式）,食料品
2224,2026-10-01,3800.0,-0.0039,0.0188,0.027,0.0411,0.0282,0.0082,3715.6,3687.6,True,0.0227,0.9435,4027.508,3204.0399,0.0088,0.0691,380000.0,1.3661,0.417,コモ,スタンダード（内国株式）,食料品
2226,2026-10-01,4730.0,-0.0063,-0.0287,-0.0444,0.0021,-0.0433,-0.0307,4880.2,4794.8,True,-0.0308,0.9459,5000.7244,4353.3975,0.0094,0.4101,473000.0,3.2805,0.5376,湖池屋,スタンダード（内国株式）,食料品
2229,2026-10-01,3003.0,-0.001,-0.0112,-0.0304,0.007,-0.0292,-0.0258,3045.3,2986.5467,True,-0.0139,0.9358,3209.0,2647.4284,0.014,8.5535,300300.0,0.9413,0.2924,カルビー,プライム（内国株式）,食料品
2264,2026-10-01,1060.5,-0.013,-0.0508,-0.0738,-0.1945,-0.0726,-0.2273,1123.544,1193.568,False,-0.0561,0.7751,1368.25,806.4782,0.0277,22.0036,106050.0,1.088,0.3886,森永乳業,プライム（内国株式）,食料品
2266,2026-10-01,1099.0,-0.0108,-0.0027,0.0223,0.0204,0.0235,-0.0124,1107.44,1088.4267,True,-0.0076,0.8527,1288.888,1013.0,0.0142,1.1866,109900.0,1.4496,0.2312,六甲バター,プライム（内国株式）,食料品
2267,2026-10-01,2748.0,0.0015,-0.0068,-0.0302,-0.0152,-0.029,-0.0481,2821.29,2809.9167,True,-0.026,0.8887,3092.0,2259.2579,0.0183,29.0918,274800.0,0.9157,0.4019,ヤクルト本社,プライム（内国株式）,食料品
2268,2026-10-01,4055.0,0.0012,0.0025,0.0012,-0.0012,0.0024,-0.0341,4051.0,4069.3859,False,0.001,0.971,4176.3038,3882.5427,0.0033,0.22,405500.0,0.6494,0.2211,Ｂ－Ｒ　サーティワン　アイスクリーム,スタンダード（内国株式）,食料品
2269,2026-10-01,4171.0,0.0036,-0.0158,-0.0713,0.0962,-0.0701,0.0633,4353.8938,4031.0579,True,-0.042,0.9052,4608.0,2868.2942,0.0205,45.812,417100.0,1.0374,0.3293,明治ホールディングス,プライム（内国株式）,食料品
2270,2026-10-01,3520.0,0.0043,-0.0356,-0.0563,-0.0409,-0.0551,-0.0737,3708.4,3690.6,True,-0.0508,0.8713,4040.0,2706.0902,0.022,5.7945,352000.0,0.9705,0.4645,雪印メグミルク,プライム（内国株式）,食料品
2281,2026-10-01,2315.0,-0.0004,-0.0144,-0.057,-0.031,-0.0559,-0.0638,2404.0158,2399.4853,True,-0.037,0.8021,2886.2095,2180.6697,0.0142,5.7869,231500.0,2.0085,0.5063,プリマハム,プライム（内国株式）,食料品
2282,2026-10-01,2008.0,0.0108,-0.0025,-0.6814,-0.67,-0.6803,-0.7028,5224.7467,5854.6356,False,-0.6157,0.2706,7420.0,1941.0,0.1905,35.4312,200800.0,1.771,1.156,日本ハム,プライム（内国株式）,食料品
2286,2026-10-01,897.0,-0.0066,-0.0055,-0.0488,0.0136,-0.0476,-0.0193,907.88,891.8133,True,-0.012,0.8734,1027.0,636.8371,0.0127,0.1489,89700.0,0.5868,0.2553,林兼産業,スタンダード（内国株式）,食料品
2288,2026-10-01,2154.0,0.0023,-0.0345,-0.0532,-0.0486,-0.052,-0.0814,2249.508,2247.436,True,-0.0425,0.8692,2478.0,1777.8604,0.016,4.3372,215400.0,1.9728,0.5432,丸大食品,プライム（内国株式）,食料品
228A,2026-10-01,1748.0,0.0023,0.0104,0.0046,0.0337,0.0058,0.0009,1707.44,1674.2,True,0.0238,0.6034,2897.0,1347.0,0.0165,0.0273,174800.0,0.7923,0.2675,オプロ,グロース（内国株式）,情報・通信業
2291,2026-10-01,507.0,0.0,-0.0059,-0.0059,0.0454,-0.0047,0.0125,509.36,506.2267,False,-0.0046,0.4601,1102.0,468.0,0.0048,0.0119,50700.0,1.0943,0.2882,福留ハム,スタンダード（内国株式）,食料品
2292,2026-10-01,2698.0,0.0041,-0.0124,-0.0773,0.0371,-0.0761,0.0042,2795.9955,2711.936,True,-0.035,0.8505,3172.0924,2392.8296,0.0156,4.0915,269800.0,0.6158,0.3708,Ｓ　Ｆｏｏｄｓ,プライム（内国株式）,食料品
2293,2026-10-01,2669.0,0.0,0.0023,-0.0133,0.0026,-0.0122,-0.0302,2691.48,2703.5467,True,-0.0084,0.8638,3090.0,2602.0,0.0043,0.0329,266900.0,1.7301,0.3111,滝沢ハム,スタンダード（内国株式）,食料品
2294,2026-10-01,2480.0,-0.002,-0.0104,-0.0417,-0.0155,-0.0406,-0.0483,2535.92,2551.3733,True,-0.0221,0.8246,3007.5997,2454.0,0.0102,0.5362,248000.0,0.9957,0.2051,柿安本店,プライム（内国株式）,食料品
2296,2026-10-01,4870.0,0.001,-0.0132,-0.0488,0.034,-0.0477,0.0011,5021.594,4920.998,True,-0.0302,0.761,6399.1349,4605.0,0.0146,6.4365,487000.0,1.1704,0.3879,伊藤ハム米久ホールディングス,プライム（内国株式）,食料品
2300,2026-10-01,500.0,0.0,0.002,0.0,0.0152,0.0012,-0.0176,498.0978,495.012,True,0.0038,0.9357,534.377,477.6656,0.0069,0.0128,50000.0,0.9031,0.7,きょくとう,スタンダード（内国株式）,サービス業
2301,2026-10-01,1733.0,-0.0125,-0.0046,-0.0012,0.0824,0.0,0.0496,1722.88,1649.7467,True,0.0059,0.931,1861.4639,1506.0,0.0212,1.9268,173300.0,1.4844,0.2778,学情,プライム（内国株式）,サービス業
2303,2026-10-01,1334.0,-0.006,-0.0148,-0.0234,0.0621,-0.0223,0.0292,1354.52,1299.12,True,-0.0151,0.8694,1534.3829,1150.2922,0.0237,0.1857,133400.0,0.6246,0.2497,ドーン,スタンダード（内国株式）,情報・通信業
2304,2026-10-01,897.0,-0.0066,0.0045,-0.0261,-0.0282,-0.0249,-0.061,908.56,918.76,False,-0.0127,0.8549,1049.2762,889.0658,0.0074,0.0444,89700.0,0.9483,0.316,ＣＳＳホールディングス,スタンダード（内国株式）,サービス業
2305,2026-10-01,1827.0,0.0,-0.0225,-0.0369,-0.0359,-0.0357,-0.0687,1865.0,1892.0,True,-0.0204,0.8879,2057.7205,1720.0,0.0121,0.4404,182700.0,0.5948,0.29,スタジオアリス,スタンダード（内国株式）,サービス業
2307,2026-10-01,1069.0,0.02,0.0085,-0.0009,0.0842,0.0002,0.0513,1058.4,1014.2933,True,0.01,0.863,1238.7048,891.2515,0.0244,0.5365,106900.0,1.9237,0.211,クロスキャット,プライム（内国株式）,情報・通信業
2311,2026-10-01,798.0,0.005,0.0038,0.0166,0.0668,0.0177,0.034,786.64,775.9418,True,0.0144,0.9415,847.5533,736.0,0.0115,0.0673,79800.0,0.7712,0.2062,エプコ,スタンダード（内国株式）,サービス業
2315,2026-10-01,71.0,0.0143,0.0597,0.0,0.1833,0.0012,0.1505,67.16,62.6133,True,0.0572,0.5182,137.0,53.0,0.0463,3.3342,7100.0,1.0509,0.4261,ＣＡＩＣＡ　ＤＩＧＩＴＡＬ,スタンダード（内国株式）,情報・通信業
2317,2026-10-01,423.0,0.0024,-0.0116,-0.0784,0.0419,-0.0773,0.009,438.5175,424.8258,True,-0.0354,0.777,544.4033,385.0,0.0199,3.9225,42300.0,0.7337,0.3688,システナ,プライム（内国株式）,情報・通信業
2321,2026-10-01,140.0,0.0145,0.0,0.0072,-0.0541,0.0084,-0.0869,145.76,136.72,False,-0.0395,0.3118,449.0,117.0,0.1015,2.2431,14000.0,0.4597,0.0844,ソフトフロントホールディングス,グロース（内国株式）,情報・通信業
2323,2026-10-01,360.0,-0.0164,-0.0164,0.0976,0.3793,0.0987,0.3465,337.2,302.4533,False,0.0676,0.7611,473.0,233.3333,0.046,0.1669,36000.0,0.5789,0.2776,ｆｏｎｆｕｎ,スタンダード（内国株式）,情報・通信業
2325,2026-10-01,4530.0,-0.0098,-0.0141,-0.0736,-0.0152,-0.0725,-0.0481,4669.4,4613.7889,False,-0.0299,0.7352,6161.191,4265.6602,0.0169,0.9118,453000.0,0.6575,0.2028,ＮＪＳ,プライム（内国株式）,サービス業
2326,2026-10-01,5080.0,0.0367,0.0369,0.1055,0.3529,0.1067,0.32,4674.1734,4246.8578,True,0.0868,0.637,7974.9345,3500.0,0.0295,5.8861,508000.0,0.9044,0.2266,デジタルアーツ,プライム（内国株式）,情報・通信業
2327,2026-10-01,3808.0,0.0063,-0.0066,-0.0567,0.0927,-0.0556,0.0598,3886.8811,3721.787,True,-0.0203,0.8281,4598.2627,3075.0,0.027,12.7933,380800.0,1.6793,0.3258,日鉄ソリューションズ,プライム（内国株式）,情報・通信業
2329,2026-10-01,490.0,0.0,-0.0064,-0.0485,-0.0559,-0.0474,-0.0887,499.4643,503.8092,False,-0.0189,0.7255,675.3907,469.0,0.0103,0.3572,49000.0,0.6085,0.3962,東北新社,スタンダード（内国株式）,情報・通信業
2330,2026-10-01,87.0,0.0116,-0.0745,0.0741,0.16,0.0752,0.1271,92.6,80.9733,True,-0.0605,0.3655,238.0,69.0,0.101,4.6781,8700.0,0.4133,0.1935,フォーサイド,スタンダード（内国株式）,情報・通信業
2331,2026-10-01,1179.0,0.0094,-0.0174,-0.0308,0.0952,-0.0297,0.0624,1206.4696,1151.0165,True,-0.0228,0.8831,1335.0,1032.7699,0.0232,15.2805,117900.0,1.1694,0.43,ＡＬＳＯＫ,プライム（内国株式）,サービス業
2332,2026-10-01,1757.0,-0.0073,0.0127,0.0396,0.0427,0.0408,0.0099,1702.36,1710.6133,False,0.0321,0.7914,2220.0,1374.0803,0.0239,0.1339,175700.0,0.5428,0.2857,クエスト,スタンダード（内国株式）,情報・通信業
2334,2026-10-01,567.0,0.0253,-0.0308,-0.0087,-0.0503,-0.0076,-0.0831,570.28,556.7467,True,-0.0058,0.8241,688.0,262.0,0.0413,4.6648,56700.0,0.6104,0.2732,イオレ,グロース（内国株式）,サービス業
2335,2026-10-01,1032.0,-0.0218,-0.0471,-0.0744,-0.0096,-0.0733,-0.0425,1092.0432,1070.5211,True,-0.055,0.8754,1178.824,992.6717,0.0118,0.5477,103200.0,1.6552,0.6399,キューブシステム,プライム（内国株式）,情報・通信業
2337,2026-10-01,392.0,-0.0076,-0.02,-0.0249,-0.0968,-0.0237,-0.1296,400.28,416.3867,False,-0.0207,0.741,529.0,337.7198,0.016,3.309,39200.0,1.0034,0.35,いちご,プライム（内国株式）,不動産業
2338,2026-10-01,108.0,0.0093,-0.0357,-0.136,-0.122,-0.1348,-0.1548,117.52,121.5333,False,-0.081,0.1271,850.0,91.0,0.0443,0.4628,10800.0,0.5447,0.3134,クオンタムソリューションズ,スタンダード（内国株式）,情報・通信業
2340,2026-10-01,512.0,-0.0078,-0.0606,-0.0173,0.0428,-0.0161,0.0099,524.48,507.1867,True,-0.0238,0.9309,550.0,462.2927,0.0158,0.2774,51200.0,2.0844,0.4832,極楽湯ホールディングス,スタンダード（内国株式）,サービス業
2341,2026-10-01,180.0,0.0056,0.0588,0.0345,0.0778,0.0356,0.045,172.84,168.4533,True,0.0414,0.7258,248.0,151.0,0.0143,0.0352,18000.0,0.6634,0.5056,アルバイトタイムス,スタンダード（内国株式）,サービス業
2342,2026-10-01,251.0,-0.004,-0.0195,-0.0195,0.184,-0.0184,0.1511,252.92,231.9067,True,-0.0076,0.5154,487.0,182.0,0.0259,0.1076,25100.0,0.3476,0.2,トランスジェニックグループ,スタンダード（内国株式）,サービス業
2345,2026-10-01,98.0,0.0316,-0.0392,-0.0667,-0.125,-0.0655,-0.1579,103.6,109.4267,False,-0.0541,0.3439,285.0,84.0,0.0415,0.0722,9800.0,0.1846,0.2947,ＨＯＤＬ１,スタンダード（内国株式）,情報・通信業
2349,2026-10-01,2483.0,-0.0159,-0.0127,-0.0232,0.0049,-0.0221,-0.028,2488.0,2470.64,True,-0.002,0.955,2600.0,2202.3604,0.0226,0.0752,248300.0,1.9127,0.3817,エヌアイデイ,スタンダード（内国株式）,情報・通信業
2351,2026-10-01,336.0,0.006,-0.0059,-0.0118,0.0735,-0.0106,0.0406,334.04,326.6933,False,0.0059,0.721,466.0,282.7381,0.0302,0.0202,33600.0,0.3711,0.2169,ＡＳＪ,スタンダード（内国株式）,情報・通信業
2353,2026-10-01,256.0,0.0039,-0.0192,-0.0519,0.0554,-0.0507,0.0225,266.08,255.457,True,-0.0379,0.8889,287.9925,225.1754,0.0299,5.3974,25600.0,0.8436,0.2748,日本駐車場開発,プライム（内国株式）,不動産業
2354,2026-10-01,1257.0,-0.0048,-0.0405,-0.1779,0.6076,-0.1767,0.5747,1352.6923,1167.6102,True,-0.0707,0.715,1758.0,582.577,0.0474,7.8783,125700.0,0.3188,0.2884,ＹＥ　ＤＩＧＩＴＡＬ,スタンダード（内国株式）,情報・通信業
2359,2026-10-01,2067.0,0.0015,-0.0156,-0.0613,0.06,-0.0602,0.0271,2109.8189,2051.153,True,-0.0203,0.8871,2330.0,1924.0,0.0137,0.3088,206700.0,0.7222,0.3034,コア,プライム（内国株式）,情報・通信業
2370,2026-10-01,25.0,0.0417,0.0,0.0,0.0417,0.0012,0.0088,24.64,24.7733,False,0.0146,0.5814,43.0,23.0,0.04,0.0621,2500.0,0.4626,0.1,メディネット,グロース（内国株式）,サービス業
2371,2026-10-01,3805.0,0.0,0.0,0.0376,0.0825,0.0388,0.0496,3746.56,3627.3733,True,0.0156,0.9835,3869.0,1546.469,0.0119,10.329,380500.0,0.9041,0.2315,カカクコム,プライム（内国株式）,サービス業
2373,2026-10-01,442.0,-0.0134,0.0,0.078,0.0833,0.0792,0.0505,425.4,412.7467,True,0.039,0.7473,591.4667,390.0,0.0284,0.082,44200.0,0.9862,0.2148,ケア２１,スタンダード（内国株式）,サービス業
2375,2026-10-01,214.0,-0.0273,0.0647,0.0142,0.0542,0.0154,0.0213,211.0,206.72,True,0.0142,0.7839,273.0,196.0,0.0437,0.2195,21400.0,0.9679,0.2779,ギグワークス,スタンダード（内国株式）,サービス業
2376,2026-10-01,767.0,-0.0026,-0.0484,-0.0116,-0.0858,-0.0104,-0.1187,786.52,791.16,True,-0.0248,0.7787,985.0,634.0,0.0197,0.021,76700.0,2.1472,0.4226,サイネックス,スタンダード（内国株式）,サービス業
2378,2026-10-01,1006.0,-0.0059,-0.0345,-0.0491,-0.0224,-0.048,-0.0552,1045.9575,1040.6792,True,-0.0382,0.7856,1280.5297,967.0,0.01,0.5858,100600.0,1.5988,0.5463,ルネサンス,プライム（内国株式）,サービス業
2379,2026-10-01,1794.0,-0.0022,-0.0164,-0.0261,0.0109,-0.0249,-0.022,1822.4041,1788.8037,True,-0.0156,0.8032,2233.5807,1643.0901,0.0142,4.2878,179400.0,0.6973,0.2871,ディップ,プライム（内国株式）,サービス業
2384,2026-10-01,5170.0,-0.0115,-0.0282,-0.0115,0.1885,-0.0103,0.1556,5101.2,4693.2667,True,0.0135,0.9434,5480.0,3242.2887,0.028,4.9212,517000.0,1.3969,0.4044,ＳＢＳホールディングス,プライム（内国株式）,陸運業
2385,2026-10-01,220.0,0.0046,-0.0947,-0.0135,0.068,-0.0123,0.0351,220.12,219.5592,False,-0.0005,0.7057,311.7347,172.6531,0.0523,1.6973,22000.0,5.081,0.7043,総医研ホールディングス,グロース（内国株式）,サービス業
2388,2026-10-01,17.0,-0.3704,-0.4333,-0.5143,-0.6047,-0.5131,-0.6375,32.12,36.2133,False,-0.4707,0.2297,74.0,13.0,0.1429,0.0859,1700.0,2.22,0.8647,ウェッジホールディングス,グロース（内国株式）,その他金融業
2391,2026-10-01,1170.0,0.0,-0.0009,-0.0093,-0.0094,-0.0082,-0.0423,1174.56,1177.1476,False,-0.0039,0.8788,1331.3455,1147.7454,0.0057,0.0448,117000.0,0.8875,0.2234,プラネット,スタンダード（内国株式）,サービス業
2393,2026-10-01,4400.0,0.0,-0.0045,0.0209,0.0092,0.022,-0.0237,4331.2,4256.9333,True,0.0159,0.9503,4630.0,2052.2042,0.0241,0.2179,440000.0,0.3505,0.2498,日本ケアサプライ,スタンダード（内国株式）,サービス業
2395,2026-10-01,1323.0,-0.0023,0.0083,-0.0461,0.126,-0.045,0.0931,1343.28,1294.56,True,-0.0151,0.6737,1963.8576,1067.0,0.0206,2.0982,132300.0,0.7308,0.2455,新日本科学,プライム（内国株式）,サービス業
2404,2026-10-01,532.0,0.0,0.0057,-0.0148,-0.1089,-0.0137,-0.1417,532.76,565.8533,False,-0.0014,0.8867,600.0,451.0,0.007,0.0697,53200.0,0.3818,0.5115,鉄人化ホールディングス,スタンダード（内国株式）,サービス業
2408,2026-10-01,832.0,0.0012,-0.0072,-0.0246,0.0012,-0.0235,-0.0317,837.04,839.9363,True,-0.006,0.8959,928.64,627.5594,0.0169,0.0233,83200.0,0.3662,0.2985,ＫＧ情報,スタンダード（内国株式）,サービス業
2410,2026-10-01,2626.0,-0.0161,-0.0273,-0.1101,-0.0734,-0.109,-0.1063,2832.0422,2851.0807,True,-0.0728,0.88,2984.0,2062.0,0.0203,1.6046,262600.0,2.4093,0.5809,キャリアデザインセンター,プライム（内国株式）,サービス業
2411,2026-10-01,456.0,-0.0022,-0.0086,-0.0318,0.0022,-0.0307,-0.0307,467.6359,462.572,True,-0.0249,0.9103,500.9598,393.7505,0.0151,0.0721,45600.0,1.3266,0.3187,ゲンダイエージェンシー,スタンダード（内国株式）,情報・通信業
2413,2026-10-01,1799.0,0.0259,0.0396,-0.0191,-0.0291,-0.0179,-0.062,1761.02,1771.96,True,0.0216,0.6641,2708.8233,1297.0,0.0272,55.8948,179900.0,0.6851,0.1768,エムスリー,プライム（内国株式）,サービス業
2415,2026-10-01,1612.0,0.0,0.0025,-0.0545,0.0025,-0.0534,-0.0304,1651.0,1611.76,True,-0.0236,0.7937,2031.0554,1496.0,0.0176,0.1085,161200.0,1.5313,0.2286,ヒューマンホールディングス,スタンダード（内国株式）,サービス業
2418,2026-10-01,590.0,-0.0167,-0.015,-0.0545,-0.0264,-0.0533,-0.0593,602.2,600.9677,True,-0.0203,0.8336,707.8105,522.3548,0.0154,0.5173,59000.0,0.7827,0.2205,ツカダ・グローバルホールディング,スタンダード（内国株式）,サービス業
241A,2026-10-01,427.0,0.0047,0.0215,-0.0023,0.0095,-0.0012,-0.0234,422.0,418.1733,False,0.0118,0.4869,877.0,390.0,0.0171,0.0323,42700.0,0.5305,0.3569,ＲＯＸＸ,グロース（内国株式）,情報・通信業
2424,2026-10-01,614.0,-0.0065,0.0049,0.0268,0.0161,0.0279,-0.0168,606.88,606.2292,True,0.0117,0.9038,679.3186,583.5426,0.0215,0.0471,61400.0,2.2774,0.4465,ブラス,スタンダード（内国株式）,サービス業
2425,2026-10-01,692.0,0.0206,0.0375,0.0469,0.0898,0.0481,0.0569,669.0,663.0267,False,0.0344,0.8385,825.297,620.0,0.0146,0.015,69200.0,0.8281,0.3574,ケアサービス,スタンダード（内国株式）,サービス業
2428,2026-10-01,622.0,0.0016,0.0,-0.0281,-0.0032,-0.027,-0.0361,629.8,626.248,True,-0.0124,0.8934,696.2405,578.124,0.0091,0.2333,62200.0,1.103,0.2835,ウェルネット,スタンダード（内国株式）,サービス業
2429,2026-10-01,2874.0,0.0113,0.0141,-0.0073,0.165,-0.0061,0.1321,2837.12,2679.92,True,0.013,0.9749,2948.0,2288.0,0.0183,1.2223,287400.0,0.7911,0.2656,ワールドホールディングス,プライム（内国株式）,サービス業
2432,2026-10-01,2556.5,0.0169,0.0031,-0.0058,-0.0405,-0.0047,-0.0734,2552.38,2513.56,False,0.0016,0.9097,2810.2561,2217.5211,0.0211,28.2495,255650.0,0.9413,0.2471,ディー・エヌ・エー,プライム（内国株式）,情報・通信業
2433,2026-10-01,1308.0,0.0038,0.011,-0.0435,0.1444,-0.0424,0.1115,1325.6906,1253.2969,True,-0.0133,0.931,1405.0,973.5,0.0253,11.906,130800.0,1.0578,0.2433,博報堂ＤＹホールディングス,プライム（内国株式）,サービス業
2435,2026-10-01,205.0,-0.0049,0.0049,-0.0284,-0.0049,-0.0273,-0.0377,208.04,209.4,True,-0.0146,0.8046,254.7773,193.9782,0.0098,0.0249,20500.0,1.159,0.3,シダー,スタンダード（内国株式）,サービス業
2436,2026-10-01,588.0,-0.0051,-0.0233,-0.0652,0.0051,-0.064,-0.0277,594.36,592.0667,True,-0.0107,0.8789,669.0,407.3034,0.0273,0.1964,58800.0,0.5748,0.3796,共同ピーアール,スタンダード（内国株式）,サービス業
2437,2026-10-01,630.0,0.0194,-0.0125,-0.0156,0.2402,-0.0145,0.2073,622.72,599.9467,True,0.0117,0.7935,794.0,236.0,0.0255,0.3777,63000.0,0.2702,0.2302,Ｓｈｉｎｗａ　Ｗｉｓｅ　Ｈｏｌｄｉｎｇｓ,スタンダード（内国株式）,サービス業
2438,2026-10-01,348.0,-0.0029,0.0029,-0.0569,-0.0569,-0.0558,-0.0898,349.2,340.48,True,-0.0034,0.8596,404.8563,302.0,0.0244,0.181,34800.0,0.4238,0.1882,アスカネット,グロース（内国株式）,サービス業
2440,2026-10-01,119.0,-0.0165,-0.0165,-0.1053,-0.063,-0.1041,-0.0958,124.56,123.7867,False,-0.0446,0.4979,239.0,115.0,0.0204,0.1847,11900.0,0.9298,0.2882,ぐるなび,スタンダード（内国株式）,サービス業
2445,2026-10-01,393.0,0.0051,-0.0101,-0.0224,-0.0175,-0.0212,-0.0504,398.2012,403.7337,True,-0.0131,0.8355,470.3575,338.6183,0.0127,0.2774,39300.0,0.9869,0.3204,タカミヤ,スタンダード（内国株式）,サービス業
2449,2026-10-01,1048.0,0.0175,-0.0019,-0.0019,0.0387,-0.0007,0.0059,1051.6372,1034.8653,True,-0.0035,0.8583,1221.0,970.4455,0.0164,0.1852,104800.0,0.9335,0.3325,プラップジャパン,スタンダード（内国株式）,サービス業
244A,2026-10-01,1227.0,0.0107,0.0337,0.067,-0.0024,0.0681,-0.0353,1180.8,1174.1733,True,0.0391,0.513,2392.0,1045.0,0.0276,0.0287,122700.0,0.888,0.4696,グロースエクスパートナーズ,グロース（内国株式）,情報・通信業
2454,2026-10-01,329.0,-0.0208,-0.0408,-0.0784,-0.012,-0.0773,-0.0449,349.04,343.3467,False,-0.0574,0.7948,413.9221,327.0,0.0195,0.0447,32900.0,2.1103,0.4044,オールアバウト,スタンダード（内国株式）,サービス業
2459,2026-10-01,178.0,0.0056,0.0114,-0.022,0.1125,-0.0208,0.0796,177.64,170.76,False,0.002,0.3156,564.0,154.0,0.0249,0.0649,17800.0,0.1452,0.1806,アウンコンサルティング,スタンダード（内国株式）,サービス業
2461,2026-10-01,385.0,-0.0052,-0.0228,-0.0302,-0.0375,-0.0291,-0.0704,390.04,397.592,False,-0.0129,0.7464,515.7993,376.0,0.0158,0.646,38500.0,1.7816,0.3294,ファンコミュニケーションズ,プライム（内国株式）,サービス業
2462,2026-10-01,1509.0,-0.0013,-0.0046,-0.0271,0.01,-0.0259,-0.0228,1520.96,1503.9733,True,-0.0079,0.9317,1619.6132,1396.0,0.0105,0.3362,150900.0,1.0208,0.2154,ライク,プライム（内国株式）,サービス業
2464,2026-10-01,373.0,0.0054,-0.008,-0.0106,0.1841,-0.0095,0.1513,372.12,342.5333,True,0.0024,0.9764,382.0,304.0,0.0205,0.0326,37300.0,0.6005,0.1963,Ａｏｂａ‐ＢＢＴ,スタンダード（内国株式）,サービス業
2469,2026-10-01,1316.0,-0.0105,-0.0065,-0.5356,-0.523,-0.5345,-0.5559,2451.4675,2655.9425,False,-0.4632,0.3047,4319.6416,1302.0,0.1096,0.3256,131600.0,1.306,1.0736,ヒビノ,スタンダード（内国株式）,サービス業
246A,2026-10-01,1120.0,-0.0027,0.039,0.1979,0.1189,0.199,0.086,994.56,1025.9356,False,0.1261,0.9239,1212.3063,568.3928,0.0322,0.1251,112000.0,1.4901,0.3133,アスア,グロース（内国株式）,サービス業
2471,2026-10-01,271.0,-0.0073,-0.0491,-0.059,0.0304,-0.0579,-0.0024,279.84,272.9333,True,-0.0316,0.7862,344.6897,222.0,0.0264,0.8095,27100.0,0.784,0.322,エスプール,プライム（内国株式）,サービス業
2475,2026-10-01,1742.0,0.0029,0.0087,-0.0568,-0.0197,-0.0557,-0.0526,1778.4461,1784.642,False,-0.0205,0.9266,1880.0,1483.0,0.0133,0.2781,174200.0,1.1244,0.2583,ＷＤＢホールディングス,プライム（内国株式）,サービス業
2477,2026-10-01,3230.0,-0.0046,-0.0212,0.0094,0.4167,0.0105,0.3838,3248.8,2713.1465,True,-0.0058,0.9431,3425.0,2074.1365,0.0318,0.4519,323000.0,0.8322,0.2722,手間いらず,スタンダード（内国株式）,情報・通信業
2479,2026-10-01,258.0,-0.0227,-0.0337,0.0078,0.0932,0.009,0.0604,260.16,243.7867,True,-0.0083,0.952,271.0,217.0,0.0244,0.2465,25800.0,1.8124,0.2705,ジェイテック,スタンダード（内国株式）,サービス業
247A,2026-10-01,982.0,-0.015,-0.0041,-0.0692,0.2214,-0.068,0.1885,1007.44,876.7467,True,-0.0253,0.4576,2146.0,628.0,0.0446,10.0649,98200.0,0.8211,0.217,Ａｉロボティクス,グロース（内国株式）,化学
2480,2026-10-01,1752.0,0.0006,-0.0616,0.0104,0.0306,0.0115,-0.0023,1786.72,1733.5467,True,-0.0194,0.8985,1950.0,1465.493,0.033,0.04,175200.0,2.5221,0.4049,システム・ロケーション,スタンダード（内国株式）,情報・通信業
2481,2026-10-01,726.0,-0.0202,0.0327,0.0836,0.1415,0.0847,0.1087,692.8,658.2957,True,0.0479,0.9758,744.0,610.0934,0.0112,0.0131,72600.0,1.385,0.7368,タウンニュース社,スタンダード（内国株式）,サービス業
2483,2026-10-01,2259.0,0.0157,0.018,0.0018,0.0372,0.0029,0.0043,2222.36,2217.5867,True,0.0165,0.9164,2465.0,1692.5209,0.0248,0.1388,225900.0,0.8507,0.2679,翻訳センター,スタンダード（内国株式）,サービス業
2484,2026-10-01,150.0,-0.0196,0.0067,-0.1713,0.2295,-0.1701,0.1967,159.24,140.3067,True,-0.058,0.7538,199.0,112.0,0.0438,0.9982,15000.0,0.6344,0.3043,出前館,スタンダード（内国株式）,情報・通信業
2485,2026-10-01,439.0,-0.0023,0.0068,-0.0244,-0.066,-0.0233,-0.0988,446.5588,460.9996,False,-0.0169,0.8181,536.581,435.0578,0.0099,0.2119,43900.0,1.3301,0.4137,ティア,スタンダード（内国株式）,サービス業
2488,2026-10-01,1407.0,-0.014,-0.0248,-0.062,0.05,-0.0608,0.0171,1443.5873,1398.3158,True,-0.0253,0.9083,1549.0,1110.3731,0.0199,0.1849,140700.0,0.6696,0.1847,ＪＴＰ,スタンダード（内国株式）,サービス業
2489,2026-10-01,431.0,0.0141,0.0642,-0.0069,0.4367,-0.0058,0.4038,414.76,347.64,True,0.0392,0.9863,437.0,247.115,0.0257,0.6812,43100.0,0.4958,0.3161,アドウェイズ,スタンダード（内国株式）,サービス業
248A,2026-10-01,809.0,0.0037,0.0037,-0.0098,-0.0593,-0.0086,-0.0922,810.56,832.1067,False,-0.0019,0.3522,2297.0,805.0,0.0041,0.0114,80900.0,0.6517,0.2681,キッズスター,グロース（内国株式）,情報・通信業
2491,2026-10-01,453.0,-0.0066,-0.0321,-0.0848,-0.0022,-0.0837,-0.0351,477.0,466.9005,True,-0.0503,0.5769,785.2437,400.9807,0.0172,0.4335,45300.0,0.4847,0.3853,バリューコマース,プライム（内国株式）,サービス業
2492,2026-10-01,720.0,0.0,0.0155,0.1111,0.8,0.1123,0.7671,686.72,556.5394,True,0.0485,0.9796,735.0,293.0368,0.0337,24.328,72000.0,0.8985,0.2141,インフォマート,プライム（内国株式）,サービス業
2493,2026-10-01,978.0,0.0188,0.0273,0.0338,0.0494,0.035,0.0165,949.64,940.9067,True,0.0299,0.9523,1027.0,901.0,0.0075,0.0448,97800.0,1.2788,0.5845,イーサポートリンク,スタンダード（内国株式）,サービス業
2497,2026-10-01,505.0,-0.0098,-0.0176,-0.0683,-0.0079,-0.0671,-0.0407,526.8833,518.1078,True,-0.0415,0.8477,595.7442,461.2405,0.0133,0.1175,50500.0,1.0289,0.5226,ユナイテッド,グロース（内国株式）,サービス業
2498,2026-10-01,3010.0,0.0,-0.0128,-0.0795,-0.0243,-0.0784,-0.0572,3137.8858,3122.5086,True,-0.0408,0.8788,3425.0,2844.0,0.0159,0.3646,301000.0,1.8086,0.4134,オリエンタルコンサルタンツホールディングス,スタンダード（内国株式）,サービス業
2499,2026-10-01,306.0,-0.0033,0.0034,0.0099,0.0699,0.0111,0.0371,304.5164,292.9364,True,0.0049,0.7558,404.8673,262.23,0.0173,0.0325,30600.0,1.2544,0.2841,日本和装ホールディングス,スタンダード（内国株式）,サービス業
2501,2026-10-01,1828.0,0.0061,0.0139,-0.0318,-0.0191,-0.0306,-0.0519,1859.62,1918.7228,True,-0.017,0.8315,2198.5,1365.2877,0.0225,21.0564,182800.0,0.9286,0.3336,サッポロビール,プライム（内国株式）,食料品
2502,2026-10-01,1595.0,0.0025,-0.0065,-0.0483,0.033,-0.0472,0.0002,1629.98,1615.4517,True,-0.0215,0.8834,1805.5,1428.3381,0.0161,94.0241,159500.0,0.8566,0.296,アサヒグループホールディングス,プライム（内国株式）,食料品
2503,2026-10-01,2844.5,-0.0033,0.0083,-0.0686,0.0245,-0.0674,-0.0084,2902.56,2892.5633,True,-0.02,0.8999,3161.0,2050.6695,0.0175,85.0184,284450.0,0.9189,0.2033,キリンホールディングス,プライム（内国株式）,食料品
250A,2026-10-01,1561.0,-0.0057,-0.0133,-0.0346,-0.0423,-0.0335,-0.0752,1593.3553,1626.7451,False,-0.0203,0.7993,1953.0047,1520.0,0.0092,0.6925,156100.0,1.5539,0.3961,シマダヤ,スタンダード（内国株式）,食料品
2531,2026-10-01,2615.0,-0.0145,0.0089,0.2291,0.3128,0.2303,0.2799,2414.28,2235.1667,True,0.0831,0.9651,2709.5,1340.8332,0.0325,16.1802,261500.0,1.3164,0.3073,宝ホールディングス,プライム（内国株式）,食料品
2533,2026-10-01,482.0,-0.0103,-0.0021,0.0321,-0.0203,0.0333,-0.0532,472.28,481.2933,False,0.0206,0.8008,601.8896,409.0,0.0209,0.6317,48200.0,0.7497,0.2582,オエノンホールディングス,プライム（内国株式）,食料品
253A,2026-10-01,1022.0,-0.0106,0.0029,-0.0192,-0.0667,-0.018,-0.0995,1037.8374,1068.1725,False,-0.0153,0.6728,1519.0,938.0,0.0185,0.1546,102200.0,0.7073,0.2003,ＥＴＳグループ,スタンダード（内国株式）,建設業
254A,2026-10-01,1130.0,-0.0157,-0.0692,-0.0722,0.1221,-0.0711,0.0893,1196.4,1156.8267,True,-0.0555,0.8315,1359.0,814.0,0.021,0.2075,113000.0,0.4176,0.4512,ＡＩフュージョンキャピタルグループ,スタンダード（内国株式）,証券、商品先物取引業
255A,2026-10-01,5480.0,-0.0108,0.0074,0.0458,-0.1517,0.047,-0.1846,5216.2,5623.5333,False,0.0506,0.7675,7140.0,2763.6717,0.0355,2.2302,548000.0,0.4298,0.3809,ジーエルテクノホールディングス,スタンダード（内国株式）,精密機器
256A,2026-10-01,2298.0,-0.0125,0.0009,0.0566,0.1433,0.0577,0.1104,2236.2,2106.7867,True,0.0276,0.8985,2557.7365,1886.0,0.0253,6.0424,229800.0,1.0689,0.2611,飛島ホールディングス,プライム（内国株式）,建設業
2573,2026-10-01,4140.0,0.0024,0.0122,0.0147,0.0508,0.0159,0.0179,4070.8,4031.4085,False,0.017,0.9391,4408.4268,3523.9514,0.0058,0.1481,414000.0,0.7922,0.3552,北海道コカ・コーラボトリング,スタンダード（内国株式）,食料品
2579,2026-10-01,3890.0,0.0197,0.0294,-0.0109,-0.1014,-0.0098,-0.1343,3834.88,4001.5197,True,0.0144,0.8348,4660.0,2393.1195,0.0211,28.1581,389000.0,0.9147,0.2461,コカ・コーラ　ボトラーズジャパンホールディングス,プライム（内国株式）,食料品
2585,2026-10-01,1330.0,0.0023,0.0091,-0.143,-0.1267,-0.1419,-0.1596,1435.08,1507.16,False,-0.0732,0.5537,2401.8076,919.0641,0.0438,8.6837,133000.0,0.9305,0.3225,ライフドリンク　カンパニー,プライム（内国株式）,食料品
2586,2026-10-01,60.0,-0.0164,0.0,-0.2308,-0.4595,-0.2296,-0.4923,70.08,87.6533,False,-0.1438,0.2158,278.0,58.0,0.0417,0.5863,6000.0,0.9131,0.48,フルッタフルッタ,グロース（内国株式）,食料品
2587,2026-10-01,4519.0,0.0009,0.006,0.0016,-0.002,0.0027,-0.0348,4515.44,4535.7883,True,0.0008,0.8483,5327.2522,4049.462,0.0151,42.9508,451900.0,0.838,0.258,サントリービバレッジ＆フード,プライム（内国株式）,食料品
2588,2026-10-01,3590.0,0.0113,-0.0136,-0.049,-0.0349,-0.0478,-0.0678,3677.9935,3686.3312,True,-0.0239,0.8378,4284.9936,3117.7024,0.0266,0.1495,359000.0,1.2465,0.3195,プレミアムウォーターホールディングス,スタンダード（内国株式）,食料品
2590,2026-10-01,2915.0,-0.0061,-0.0264,-0.0443,0.0991,-0.0431,0.0662,3002.2,2877.9884,True,-0.029,0.8211,3550.0,2374.1045,0.0222,2.4628,291500.0,0.6245,0.3623,ダイドーグループホールディングス,プライム（内国株式）,食料品
2593,2026-10-01,3120.0,0.015,-0.0164,0.0294,0.0656,0.0305,0.0327,3125.92,3009.4733,True,-0.0019,0.8755,3563.8499,2630.0,0.0232,17.2337,312000.0,1.0215,0.3718,伊藤園,プライム（内国株式）,食料品
25935,2026-10-01,1856.0,0.03,0.0305,0.0404,0.0539,0.0415,0.0211,1803.04,1785.9067,True,0.0294,0.9768,1900.0,1739.0323,0.0098,1.1037,185600.0,2.976,0.7412,伊藤園第１種優先株式,プライム（内国株式）,食料品
2594,2026-10-01,1963.0,-0.0141,-0.0185,-0.0368,-0.0081,-0.0356,-0.0409,2012.5578,1995.2659,True,-0.0246,0.9503,2065.7705,1898.3023,0.0079,2.1201,196300.0,1.6313,0.4132,キーコーヒー,プライム（内国株式）,食料品
2597,2026-10-01,1318.0,0.0061,0.0217,0.0527,0.1928,0.0539,0.1599,1264.64,1179.04,True,0.0422,0.9895,1332.0,968.7344,0.0186,0.122,131800.0,1.0242,0.3744,ユニカフェ,スタンダード（内国株式）,食料品
2602,2026-10-01,2008.0,-0.003,-0.0152,-0.021,0.0848,-0.0198,0.052,2065.2214,1956.2338,True,-0.0277,0.9414,2133.0,1611.4871,0.0188,5.6809,200800.0,1.1284,0.3995,日清オイリオグループ,プライム（内国株式）,食料品
2607,2026-10-01,4248.0,-0.0063,-0.0297,-0.0805,0.0746,-0.0794,0.0418,4482.353,4179.971,True,-0.0523,0.8924,4760.0,3041.0,0.0253,12.8914,424800.0,0.9278,0.3997,不二製油,プライム（内国株式）,食料品
2612,2026-10-01,2864.0,0.0021,0.0049,0.5797,0.4901,0.5809,0.4573,2416.32,1983.4933,True,0.1853,0.9938,2882.0,1180.4052,0.0249,5.8701,286400.0,4.8536,0.2413,かどや製油,スタンダード（内国株式）,食料品
2613,2026-10-01,2220.0,-0.0031,-0.0039,-0.0431,0.0751,-0.0419,0.0422,2265.0775,2145.8525,True,-0.0199,0.9451,2349.0,1914.4138,0.0168,1.6493,222000.0,0.9375,0.325,Ｊ－オイルミルズ,プライム（内国株式）,食料品
261A,2026-10-01,2007.0,-0.0015,0.0035,0.0,0.0399,0.0012,0.007,1991.4,1994.4888,False,0.0078,0.6433,3119.8604,1918.0,0.0116,0.4193,200700.0,0.7587,0.2826,日水コン,スタンダード（内国株式）,サービス業
262A,2026-10-01,1702.0,0.0012,-0.0116,-0.055,-0.1653,-0.0538,-0.1981,1751.4,1902.4,False,-0.0282,0.592,2874.9948,1643.0,0.0273,3.6663,170200.0,0.5992,0.2452,インターメスティック,プライム（内国株式）,小売業
264A,2026-10-01,292.0,-0.0102,-0.0581,-0.0641,0.1231,-0.0629,0.0902,317.04,298.92,True,-0.079,0.3535,826.0,241.0,0.0722,0.4312,29200.0,0.3194,0.3275,Ｓｃｈｏｏ,グロース（内国株式）,サービス業
2652,2026-10-01,415.0,-0.0095,-0.0142,-0.0653,-0.0235,-0.0642,-0.0564,434.1188,431.0663,True,-0.044,0.8469,490.0,307.0,0.0258,0.7143,41500.0,0.8843,0.3175,まんだらけ,スタンダード（内国株式）,小売業
2653,2026-10-01,2776.0,-0.0039,-0.0093,-0.0086,-0.0076,-0.0074,-0.0404,2800.4018,2798.8004,True,-0.0087,0.937,2962.6917,2720.8446,0.0048,0.464,277600.0,0.6283,0.3369,イオン九州,スタンダード（内国株式）,小売業
2654,2026-10-01,399.0,-0.005,-0.0785,-0.0721,0.0025,-0.0709,-0.0303,428.68,411.7733,True,-0.0692,0.8867,450.0,348.1194,0.0308,0.0659,39900.0,1.8419,0.3826,アスモ,スタンダード（内国株式）,小売業
2656,2026-10-01,156.0,-0.0189,-0.037,-0.1136,-0.037,-0.1125,-0.0699,164.28,167.9867,False,-0.0504,0.5954,262.0,114.0,0.0316,0.3746,15600.0,0.3489,0.2638,ベクターホールディングス,スタンダード（内国株式）,小売業
2659,2026-10-01,3260.0,-0.0015,-0.0283,-0.0312,0.014,-0.03,-0.0189,3357.8,3279.4,True,-0.0291,0.9354,3485.0,2527.7212,0.0181,6.173,326000.0,1.1529,0.4158,サンエー,プライム（内国株式）,小売業
265A,2026-10-01,762.0,0.0026,-0.0451,0.0438,0.0311,0.045,-0.0017,744.76,696.3867,True,0.0231,0.5558,1371.0,580.0,0.0641,0.6029,76200.0,0.9764,0.2272,Ｈｍｃｏｍｍ,グロース（内国株式）,情報・通信業
2664,2026-10-01,3775.0,0.0107,0.0244,0.0272,0.1456,0.0284,0.1128,3690.4053,3536.029,True,0.0229,0.9824,3842.718,2711.7868,0.0184,2.4915,377500.0,0.6744,0.2522,カワチ薬品,プライム（内国株式）,小売業
2666,2026-10-01,190.0,0.0106,-0.0155,0.027,0.131,0.0282,0.0981,186.96,180.6267,True,0.0163,0.9694,196.0,140.2839,0.015,0.1092,19000.0,0.5685,0.35,オートウェーブ,スタンダード（内国株式）,小売業
2667,2026-10-01,107.0,0.019,-0.0093,0.07,-0.1641,0.0712,-0.1969,105.72,116.9467,False,0.0121,0.3075,348.0,98.0,0.0701,0.7563,10700.0,0.9585,0.2133,イメージ　ワン,スタンダード（内国株式）,卸売業
2668,2026-10-01,1277.0,0.0031,0.0071,0.0063,0.0167,0.0075,-0.0161,1270.2,1265.2667,True,0.0054,0.9716,1314.3156,1172.6236,0.004,0.01,127700.0,0.6383,0.1775,タビオ,スタンダード（内国株式）,卸売業
2669,2026-10-01,3910.0,0.0,-0.0064,0.0,-0.0215,0.0012,-0.0543,3921.3143,3924.4832,True,-0.0029,0.9618,4065.4989,3232.0219,0.0103,0.1834,391000.0,0.4282,0.223,カネ美食品,スタンダード（内国株式）,小売業
2670,2026-10-01,2719.5,-0.0022,0.005,0.0007,0.0008,0.0019,-0.032,2704.4767,2709.8064,True,0.0056,0.911,2985.338,2305.4846,0.0172,15.1037,271950.0,0.7909,0.2251,エービーシー・マート,プライム（内国株式）,小売業
2673,2026-10-01,102.0,0.0,-0.0286,-0.15,0.0851,-0.1488,0.0523,109.2,104.4,True,-0.0659,0.2519,405.0,84.0,0.0455,0.0896,10200.0,0.1686,0.1723,夢みつけ隊,スタンダード（内国株式）,小売業
2674,2026-10-01,2646.0,0.0328,0.0189,-0.0218,0.0138,-0.0207,-0.0191,2610.0,2687.2533,True,0.0138,0.8549,3095.0,1695.7404,0.0194,1.3682,264600.0,0.6439,0.2707,ハードオフコーポレーション,プライム（内国株式）,小売業
2676,2026-10-01,2069.0,0.0132,0.0131,-0.0115,-0.0273,-0.0103,-0.0601,2066.6059,2089.3486,True,0.0012,0.9405,2200.0,1835.9859,0.011,0.4238,206900.0,1.2485,0.2905,高千穂交易,プライム（内国株式）,卸売業
2678,2026-10-01,1241.0,0.0114,0.0098,-0.0461,0.0256,-0.045,-0.0072,1258.96,1243.6933,True,-0.0143,0.7508,1652.9916,1042.1681,0.0246,4.7907,124100.0,1.0382,0.2262,アスクル,プライム（内国株式）,小売業
2681,2026-10-01,2296.0,-0.0112,-0.0121,-0.0586,0.1395,-0.0575,0.1066,2346.5913,2190.5171,True,-0.0216,0.9243,2484.0,1577.1446,0.0286,3.6751,229600.0,0.8434,0.1977,ゲオホールディングス,プライム（内国株式）,小売業
2683,2026-10-01,993.0,0.001,0.002,-0.004,-0.009,-0.0029,-0.0418,996.84,1004.0,False,-0.0039,0.9716,1022.0,980.0,0.0018,0.0174,99300.0,0.477,0.28,魚喜,スタンダード（内国株式）,小売業
2685,2026-10-01,3040.0,-0.0162,-0.041,-0.1006,-0.0944,-0.0994,-0.1272,3243.7924,3350.9324,False,-0.0628,0.8471,3588.7272,2498.3789,0.0243,6.8571,304000.0,0.9131,0.3382,アンドエスティＨＤ,プライム（内国株式）,小売業
2687,2026-10-01,494.0,0.0,-0.006,0.002,0.059,0.0032,0.0261,494.0272,484.9789,True,-0.0001,0.8522,579.6861,461.4417,0.0077,0.0207,49400.0,0.5833,0.2642,シー・ヴイ・エス・ベイエリア,スタンダード（内国株式）,サービス業
2689,2026-10-01,1923.0,-0.001,-0.0021,0.0256,0.0191,0.0268,-0.0138,1916.24,1914.8663,False,0.0035,0.8949,2148.9253,1780.0,0.0097,0.0615,192300.0,0.7168,0.1131,オルバヘルスケアホールディングス,スタンダード（内国株式）,卸売業
268A,2026-10-01,1830.0,0.0517,0.122,0.1255,-0.2485,0.1266,-0.2813,1643.28,2077.0031,False,0.1136,0.5403,3387.2635,871.0462,0.0432,39.0792,183000.0,0.8698,0.4034,リガク・ホールディングス,プライム（内国株式）,精密機器
2693,2026-10-01,284.0,-0.0173,-0.0035,-0.007,-0.1932,-0.0058,-0.226,283.72,324.0267,False,0.001,0.5182,548.0,221.0,0.0209,0.1342,28400.0,0.5026,0.3036,ＹＫＴ,スタンダード（内国株式）,卸売業
2694,2026-10-01,71.0,0.0143,-0.0139,-0.0139,0.0143,-0.0127,-0.0186,71.76,71.2133,True,-0.0106,0.9662,73.4861,68.5208,0.0181,0.1396,7100.0,0.7594,0.2333,焼肉坂井ホールディングス,スタンダード（内国株式）,小売業
2695,2026-10-01,1687.0,-0.0215,-0.003,-0.036,0.0452,-0.0348,0.0124,1713.08,1654.9067,True,-0.0152,0.8938,1887.5,1514.0,0.0232,8.9983,168700.0,1.0013,0.2406,くら寿司,プライム（内国株式）,小売業
2698,2026-10-01,3260.0,-0.0046,-0.0046,-0.0468,-0.0624,-0.0456,-0.0952,3342.7781,3448.3145,True,-0.0248,0.8879,3671.3831,3102.7177,0.0151,0.5242,326000.0,0.7874,0.1826,キャンドゥ,スタンダード（内国株式）,小売業
269A,2026-10-01,3025.0,0.0,-0.0226,0.0533,0.3504,0.0544,0.3176,2853.4,2534.16,True,0.0601,0.968,3125.0,1965.0,0.0316,0.2628,302500.0,1.0831,0.3312,Ｓａｐｅｅｔ,グロース（内国株式）,情報・通信業
2700,2026-10-01,1782.0,-0.0171,0.0241,-0.0171,-0.0011,-0.0159,-0.034,1765.72,1758.7094,True,0.0092,0.3237,5504.9499,1659.0,0.0191,0.1913,178200.0,0.6657,0.4109,木徳神糧,スタンダード（内国株式）,卸売業
2702,2026-10-01,7560.0,0.0013,-0.0131,-0.0644,-0.0013,-0.0632,-0.0342,7968.4,7789.3333,True,-0.0513,0.861,8780.0,5928.7167,0.0173,41.5993,756000.0,1.0626,0.612,日本マクドナルドホールディングス,スタンダード（内国株式）,小売業
2705,2026-10-01,8420.0,-0.0012,-0.0518,-0.1391,0.0978,-0.1379,0.0649,9114.0,8418.5333,True,-0.0761,0.8255,10200.0,5443.9412,0.0261,2.2208,842000.0,1.0411,0.35,大戸屋ホールディングス,スタンダード（内国株式）,小売業
2708,2026-10-01,1880.0,0.0,-0.0042,-0.0157,-0.0309,-0.0145,-0.0638,1900.64,1933.6667,True,-0.0109,0.7841,2397.5743,1730.0,0.0071,0.0169,188000.0,0.7905,0.3444,久世,スタンダード（内国株式）,卸売業
2721,2026-10-01,100.0,0.0101,-0.0099,-0.0991,-0.1803,-0.0979,-0.2132,105.52,118.5867,False,-0.0523,0.3861,259.0,99.0,0.0293,0.0572,10000.0,0.2636,0.239,ジェイホールディングス,スタンダード（内国株式）,卸売業
2722,2026-10-01,360.0,-0.0028,0.0,0.0028,0.0112,0.0039,-0.0216,360.2,357.5733,False,-0.0006,0.6413,561.3456,349.0,0.0073,0.0158,36000.0,0.8591,0.1892,ＩＫホールディングス,スタンダード（内国株式）,小売業
2726,2026-10-01,1429.0,-0.0014,-0.0272,-0.0536,-0.039,-0.0525,-0.0719,1486.76,1471.5067,True,-0.0388,0.5529,2584.665,1314.0,0.0249,12.7393,142900.0,0.8109,0.3844,パルグループホールディングス,プライム（内国株式）,小売業
2730,2026-10-01,2433.0,-0.0049,-0.0144,-0.0463,0.1034,-0.0451,0.0705,2493.6862,2431.4021,True,-0.0243,0.9014,2699.0,1866.3287,0.0178,7.2481,243300.0,1.2794,0.3168,エディオン,プライム（内国株式）,小売業
2733,2026-10-01,2582.0,-0.0092,-0.0277,-0.0525,0.0295,-0.0513,-0.0034,2681.8051,2588.7617,True,-0.0372,0.8313,3106.0183,2369.0,0.0151,3.8038,258200.0,1.9484,0.4595,あらた,プライム（内国株式）,卸売業
2734,2026-10-01,1196.0,-0.0083,-0.0261,-0.0253,0.1105,-0.0241,0.0776,1222.16,1158.4667,True,-0.0214,0.9492,1260.0,943.0,0.0183,1.6653,119600.0,0.847,0.3523,サーラコーポレーション,プライム（内国株式）,小売業
2735,2026-10-01,733.0,0.0096,0.0223,0.0456,0.2126,0.0468,0.1797,715.2078,665.6407,True,0.0249,0.9799,748.0,578.0979,0.0196,0.3563,73300.0,0.6939,0.209,ワッツ,スタンダード（内国株式）,小売業
2736,2026-10-01,601.0,-0.0017,-0.0017,-0.0212,-0.1107,-0.02,-0.1436,612.0787,646.6112,False,-0.0181,0.8689,691.6421,552.1263,0.0111,0.0226,60100.0,0.6297,0.3161,フェスタリアホールディングス,スタンダード（内国株式）,小売業
2737,2026-10-01,40900.0,0.0679,0.0238,0.1855,1.4491,0.1867,1.4162,35646.0,25608.2667,True,0.1474,0.9253,44200.0,6315.1081,0.0713,54.4165,4090000.0,1.403,0.374,トーメンデバイス,プライム（内国株式）,卸売業
2742,2026-10-01,3740.0,-0.004,-0.0483,-0.0922,0.0011,-0.0911,-0.0318,3948.442,3824.2538,True,-0.0528,0.7284,5134.5851,3547.6181,0.023,1.4352,374000.0,1.0346,0.4124,ハローズ,プライム（内国株式）,小売業
2747,2026-10-01,3220.0,0.0047,0.0063,0.0337,0.0455,0.0349,0.0126,3146.2,3113.3333,True,0.0235,0.9398,3426.2963,2943.0,0.0071,0.0128,322000.0,1.2,0.525,北雄ラッキー,スタンダード（内国株式）,小売業
2749,2026-10-01,642.0,-0.0062,-0.0302,-0.0446,0.0718,-0.0435,0.0389,660.68,630.16,True,-0.0283,0.82,782.9287,563.0,0.0186,2.5099,64200.0,1.7813,0.4862,ＪＰホールディングス,プライム（内国株式）,サービス業
274A,2026-10-01,2237.0,-0.0058,0.0004,-0.0316,0.0278,-0.0304,-0.0051,2265.9516,2242.6498,True,-0.0128,0.9222,2425.6711,1952.042,0.0098,0.2021,223700.0,0.6949,0.1642,ガーデン,スタンダード（内国株式）,小売業
2750,2026-10-01,1318.0,-0.0083,-0.0178,-0.0387,0.0672,-0.0375,0.0344,1351.3852,1300.6751,True,-0.0247,0.913,1443.6027,1116.0382,0.0116,0.1096,131800.0,1.0072,0.3134,石光商事,スタンダード（内国株式）,卸売業
2751,2026-10-01,3695.0,0.0014,0.0109,-0.0147,0.0014,-0.0135,-0.0315,3694.8,3732.4,True,0.0001,0.9101,4060.0732,3416.6464,0.0173,0.3423,369500.0,1.4939,0.1877,テンポスホールディングス,スタンダード（内国株式）,卸売業
2752,2026-10-01,1165.0,0.0017,-0.0017,0.0069,0.0817,0.0081,0.0489,1152.2,1129.52,True,0.0111,0.9782,1190.9618,1045.0,0.0094,0.8779,116500.0,0.742,0.2654,フジオフードグループ本社,プライム（内国株式）,小売業
2753,2026-10-01,1391.0,0.0087,0.0176,-0.0128,0.0296,-0.0116,-0.0032,1390.6775,1363.0258,True,0.0002,0.896,1552.4276,1267.0,0.0129,0.4416,139100.0,1.1049,0.3126,あみやき亭,プライム（内国株式）,小売業
2760,2026-10-01,4600.0,0.02,0.035,0.071,0.1902,0.0722,0.1573,4203.706,4067.702,True,0.0943,0.9725,4730.0,2682.9467,0.0321,5.08,460000.0,0.8117,0.4612,東京エレクトロン　デバイス,プライム（内国株式）,卸売業
2762,2026-10-01,68.0,0.0,-0.0145,-0.0286,-0.2184,-0.0274,-0.2512,68.56,78.88,False,-0.0082,0.6239,109.0,63.0,0.0284,0.1203,6800.0,1.2695,0.4148,ＳＡＮＫＯ　ＭＡＲＫＥＴＩＮＧ　ＦＯＯＤＳ,スタンダード（内国株式）,小売業
2764,2026-10-01,162.0,-0.0241,-0.0357,-0.0182,0.125,-0.017,0.0921,163.8,150.3333,True,-0.011,0.9,180.0,107.0,0.0278,0.3509,16200.0,0.8328,0.2889,ひらまつ,スタンダード（内国株式）,小売業
2767,2026-10-01,2532.0,0.0008,0.0017,-0.0306,0.8203,-0.0295,0.7874,2538.726,2041.2153,True,-0.0026,0.9458,2677.0,1321.0,0.0291,11.0104,253200.0,0.592,0.3071,円谷フィールズホールディングス,プライム（内国株式）,卸売業
2768,2026-10-01,5607.0,-0.0115,-0.0031,0.0005,0.077,0.0017,0.0442,5719.1087,5466.1162,True,-0.0196,0.7826,7164.2063,3788.9245,0.0243,72.0321,560700.0,0.975,0.3177,双日,プライム（内国株式）,卸売業
2769,2026-10-01,939.0,0.0021,0.0151,0.0218,0.0843,0.0229,0.0514,924.24,894.0533,True,0.016,0.909,1033.0,808.0,0.0046,0.0372,93900.0,0.9687,0.459,ヴィレッジヴァンガードコーポレーション,スタンダード（内国株式）,小売業
276A,2026-10-01,4310.0,-0.0137,0.0094,0.1524,0.3247,0.1536,0.2918,4031.8129,3561.1867,True,0.069,0.557,7737.2658,2452.1179,0.0367,1.0387,431000.0,0.6001,0.2813,ククレブ・アドバイザーズ,グロース（内国株式）,不動産業
2776,2026-10-01,94.0,-0.0105,0.0,-0.0962,0.0108,-0.095,-0.0221,99.32,95.5733,False,-0.0536,0.5987,157.0,89.0,0.0418,0.2606,9400.0,0.8131,0.28,新都ホールディングス,スタンダード（内国株式）,卸売業
2778,2026-10-01,123.0,0.025,0.0885,0.0513,0.0982,0.0524,0.0654,115.8,113.2267,True,0.0622,0.6872,179.0,105.0,0.0279,0.072,12300.0,2.1093,0.3792,パレモ・ホールディングス,スタンダード（内国株式）,小売業
277A,2026-10-01,1846.0,-0.0011,-0.0284,-0.0548,-0.1893,-0.0536,-0.2221,1863.28,1887.1067,False,-0.0093,0.577,3199.3376,1552.0,0.0299,1.9943,184600.0,0.4148,0.2173,グロービング,プライム（内国株式）,サービス業
2780,2026-10-01,4520.0,-0.0142,0.0235,-0.1439,-0.0738,-0.1428,-0.1066,4706.9152,5004.8384,False,-0.0397,0.7483,6040.0,2619.4673,0.0258,4.6961,452000.0,0.7337,0.2615,コメ兵ホールディングス,スタンダード（内国株式）,小売業
2782,2026-10-01,4590.0,-0.014,-0.0107,0.0373,0.2821,0.0384,0.2493,4610.1759,4086.4586,True,-0.0044,0.9358,4905.0,2862.126,0.0273,16.3959,459000.0,0.8723,0.2915,セリア,スタンダード（内国株式）,小売業
2784,2026-10-01,2270.5,-0.0024,-0.0332,-0.0188,0.0475,-0.0176,0.0147,2315.9526,2271.1509,True,-0.0196,0.8571,2649.1155,2027.1579,0.017,10.719,227050.0,1.0997,0.3779,アルフレッサ　ホールディングス,プライム（内国株式）,卸売業
2788,2026-10-01,417.0,0.0121,0.0097,-0.0325,0.124,-0.0313,0.0911,410.24,393.7867,True,0.0165,0.9371,445.0,323.2346,0.0264,0.3902,41700.0,1.9372,0.5545,アップルインターナショナル,スタンダード（内国株式）,卸売業
2789,2026-10-01,481.0,-0.0164,-0.0123,0.0084,0.0389,0.0095,0.006,478.76,472.2667,True,0.0047,0.9472,507.8182,453.0,0.0097,0.0112,48100.0,1.3661,0.3662,カルラ,スタンダード（内国株式）,小売業
278A,2026-10-01,9510.0,-0.0296,-0.0466,-0.4648,0.1726,-0.4637,0.1398,16784.8,12864.4,True,-0.4334,0.4064,23400.0,2000.0,0.2002,536.7017,951000.0,0.7264,0.542,Ｔｅｒｒａ　Ｄｒｏｎｅ,グロース（内国株式）,精密機器
2790,2026-10-01,2010.0,-0.0195,-0.0442,-0.0629,-0.1055,-0.0618,-0.1383,2108.7189,2154.1196,False,-0.0468,0.8574,2344.3482,1895.2203,0.0147,0.2027,201000.0,1.1298,0.393,ナフコ,スタンダード（内国株式）,小売業
2791,2026-10-01,4405.0,0.0034,-0.0222,-0.0496,0.015,-0.0485,-0.0179,4586.0,4472.7333,True,-0.0395,0.5829,7557.2471,3965.0,0.0225,2.1493,440500.0,0.6897,0.4245,大黒天物産,プライム（内国株式）,小売業
2792,2026-10-01,1414.0,0.0007,-0.0174,-0.0322,0.0136,-0.031,-0.0192,1441.16,1418.0933,True,-0.0188,0.9194,1537.8982,1315.0,0.0112,0.864,141400.0,1.1631,0.4793,ハニーズホールディングス,プライム（内国株式）,小売業
2795,2026-10-01,965.0,0.0,0.001,0.001,-0.0103,0.0022,-0.0431,962.64,958.5467,True,0.0025,0.9489,1017.0,841.2623,0.0105,0.0077,96500.0,1.9878,0.4338,日本プリメックス,スタンダード（内国株式）,卸売業
2796,2026-10-01,508.0,0.002,0.002,0.0079,0.074,0.0091,0.0411,504.96,496.4267,False,0.006,0.9349,543.3708,471.0,0.0162,0.0509,50800.0,2.1218,0.2922,ファーマライズホールディングス,スタンダード（内国株式）,小売業
2798,2026-10-01,3005.0,0.004,0.0043,0.0033,0.0047,0.0045,-0.0282,3005.08,3013.4667,True,-0.0,0.9725,3090.0,2880.0,0.0028,0.0632,300500.0,0.5121,0.1795,ワイズテーブルコーポレーション,スタンダード（内国株式）,小売業
2801,2026-10-01,1660.5,0.007,0.0134,-0.0951,0.0097,-0.0939,-0.0231,1726.0247,1685.7482,True,-0.038,0.8892,1867.5,1189.5095,0.0227,61.5281,166050.0,0.9704,0.2943,キッコーマン,プライム（内国株式）,食料品
2802,2026-10-01,5260.0,0.0292,0.0577,-0.0263,-0.1294,-0.0251,-0.1623,5133.8326,5352.3842,False,0.0246,0.8297,6340.0,3252.6754,0.024,152.3743,526000.0,0.9072,0.3675,味の素,プライム（内国株式）,食料品
2804,2026-10-01,1873.0,0.0102,0.0217,0.0059,0.0715,0.0071,0.0387,1860.7375,1812.9125,True,0.0066,0.8732,2145.0406,1688.0,0.0115,0.3137,187300.0,0.9334,0.2812,ブルドックソース,プライム（内国株式）,食料品
2805,2026-10-01,7100.0,-0.0247,-0.0608,0.035,0.3472,0.0361,0.3144,7325.9727,6429.2576,True,-0.0308,0.8922,7957.9548,3138.104,0.0407,6.1956,710000.0,1.2585,0.3245,ヱスビー食品,スタンダード（内国株式）,食料品
2806,2026-10-01,1980.0,-0.0095,0.0401,0.0449,0.0732,0.046,0.0403,1919.0942,1889.5914,False,0.0317,0.8505,2328.0375,1800.0,0.0156,0.0367,198000.0,1.7155,0.4752,ユタカフーズ,スタンダード（内国株式）,食料品
2809,2026-10-01,4385.0,-0.0039,-0.017,-0.0803,0.0018,-0.0792,-0.031,4597.32,4519.28,True,-0.0462,0.8896,4929.0,3792.3381,0.0184,18.1461,438500.0,1.2318,0.3503,キユーピー,プライム（内国株式）,食料品
280A,2026-10-01,1120.0,0.0219,-0.015,0.0266,-0.4297,0.0277,-0.4626,1098.16,1368.0,False,0.0199,0.3394,3300.0,805.0,0.0381,0.2862,112000.0,0.3179,0.1993,ＴＭＨ,グロース（内国株式）,卸売業
2810,2026-10-01,4045.0,0.0,0.0264,0.0112,0.0645,0.0124,0.0316,3915.6233,3825.2211,True,0.033,0.9782,4135.0,2714.5698,0.0166,11.1017,404500.0,1.1815,0.2419,ハウス食品グループ本社,プライム（内国株式）,食料品
2811,2026-10-01,2655.5,0.0063,-0.0174,-0.0323,-0.0009,-0.0311,-0.0338,2720.76,2677.5133,True,-0.024,0.908,2924.6379,2492.5,0.0155,9.3038,265550.0,1.3145,0.4545,カゴメ,プライム（内国株式）,食料品
2813,2026-10-01,3850.0,0.0,-0.0141,-0.0265,-0.0375,-0.0254,-0.0704,3913.8,3956.6,True,-0.0163,0.9356,4115.0,2870.0723,0.0143,0.0357,385000.0,0.9085,0.1545,和弘食品,スタンダード（内国株式）,食料品
2814,2026-10-01,1748.0,-0.0385,-0.0713,-0.0836,0.1223,-0.0825,0.0895,1901.7022,1682.4341,True,-0.0808,0.86,2032.5,1487.234,0.0295,0.1297,174800.0,1.5496,0.4745,佐藤食品工業,スタンダード（内国株式）,食料品
2815,2026-10-01,5070.0,0.002,-0.0231,-0.0628,-0.0039,-0.0617,-0.0368,5304.7724,5244.4575,False,-0.0443,0.8206,6178.542,4940.0,0.0135,5.1346,507000.0,1.2795,0.4526,アリアケジャパン,プライム（内国株式）,食料品
2816,2026-10-01,1404.0,-0.0007,-0.0042,-0.0064,-0.0007,-0.0052,-0.0336,1413.914,1409.8913,True,-0.007,0.988,1421.0,1381.2859,0.0045,0.0802,140400.0,2.9037,0.3305,ダイショー,スタンダード（内国株式）,食料品
2818,2026-10-01,1751.0,0.0,-0.0023,-0.0051,0.0092,-0.004,-0.0236,1761.36,1753.0533,True,-0.0059,0.9848,1778.0,1708.7126,0.0044,0.0573,175100.0,1.5824,0.2593,ピエトロ,スタンダード（内国株式）,食料品
2819,2026-10-01,2476.0,-0.0048,0.0068,-0.0373,0.0173,-0.0362,-0.0156,2515.2143,2483.0848,True,-0.0156,0.8816,2808.4981,2308.0,0.0125,0.269,247600.0,0.9284,0.2257,エバラ食品工業,スタンダード（内国株式）,食料品
281A,2026-10-01,383.0,-0.0129,-0.0425,-0.1374,-0.3892,-0.1362,-0.422,414.0,489.92,False,-0.0749,0.2413,1587.0,306.0,0.041,0.3325,38300.0,0.5,0.2545,インフォメティス,グロース（内国株式）,情報・通信業
2820,2026-10-01,6190.0,-0.0237,-0.0328,0.0215,0.2282,0.0226,0.1953,6298.8,5472.3605,True,-0.0173,0.9036,6850.0,3475.6163,0.0376,1.1376,619000.0,0.8179,0.2491,やまみ,スタンダード（内国株式）,食料品
2831,2026-10-01,3665.0,-0.0068,0.0025,0.0014,0.0501,0.0025,0.0173,3682.4553,3601.5518,True,-0.0047,0.9596,3819.4466,3174.3929,0.0132,0.0578,366500.0,1.0633,0.3502,はごろもフーズ,スタンダード（内国株式）,食料品
285A,2026-10-01,19100.0,0.0555,0.0498,-0.6179,-0.7495,-0.6168,-0.7824,44522.0667,60669.8889,False,-0.571,0.1695,112700.0,4340.0,0.2582,14054.4994,1910000.0,1.0668,0.758,キオクシアホールディングス,プライム（内国株式）,電気機器
286A,2026-10-01,748.0,0.004,0.0013,-0.1031,0.0841,-0.102,0.0512,793.12,769.3333,True,-0.0569,0.7165,1044.0,613.0,0.0262,0.1818,74800.0,0.9331,0.419,ユカリア,グロース（内国株式）,サービス業
2871,2026-10-01,2114.0,-0.0077,-0.0297,-0.0193,-0.0289,-0.0181,-0.0618,2162.4441,2154.2814,True,-0.0224,0.8924,2369.0,1687.2656,0.0203,27.2286,211400.0,0.813,0.41,ニチレイ,プライム（内国株式）,食料品
2872,2026-10-01,1905.0,-0.0031,-0.0088,-0.0236,-0.0465,-0.0224,-0.0794,1938.88,1990.76,False,-0.0175,0.8508,2239.0,1905.0,0.0039,0.0482,190500.0,0.4387,0.35,セイヒョー,スタンダード（内国株式）,食料品
2874,2026-10-01,1944.0,-0.0304,-0.1004,-0.1168,-0.0424,-0.1156,-0.0752,2160.2836,2099.7345,False,-0.1001,0.7165,2713.0,1150.8495,0.0394,4.0297,194400.0,1.1468,0.484,横浜冷凍,プライム（内国株式）,卸売業
2875,2026-10-01,9584.0,-0.0005,-0.006,-0.0864,-0.0837,-0.0852,-0.1166,10098.0294,10341.7031,False,-0.0509,0.7825,12247.4764,9430.0,0.0197,44.1106,958400.0,1.12,0.411,東洋水産,プライム（内国株式）,食料品
2876,2026-10-01,470.0,0.0021,0.0,0.0108,0.0352,0.0119,0.0024,472.48,467.24,True,-0.0052,0.9274,506.7797,409.322,0.0164,0.0138,47000.0,0.4892,0.3241,デルソーレ,スタンダード（内国株式）,食料品
2877,2026-10-01,755.0,-0.0066,-0.0066,-0.004,0.0162,-0.0028,-0.0167,752.24,746.12,True,0.0037,0.9473,797.0,708.5714,0.0115,0.0152,75500.0,0.6081,0.3787,日東ベスト,スタンダード（内国株式）,食料品
287A,2026-10-01,1170.0,0.0174,0.0352,-0.0266,0.1175,-0.0255,0.0846,1157.4074,1124.5091,True,0.0109,0.9435,1240.0,805.6197,0.0167,4.9394,117000.0,0.8619,0.3237,黒田グループ,スタンダード（内国株式）,卸売業
2882,2026-10-01,2013.0,0.0015,0.001,-0.0252,-0.0012,-0.024,-0.0341,2022.1303,2028.1039,True,-0.0045,0.9638,2088.6261,1904.9009,0.007,0.3843,201300.0,0.7809,0.1429,イートアンドホールディングス,プライム（内国株式）,食料品
2883,2026-10-01,1970.0,0.0,-0.0362,-0.0276,-0.0056,-0.0265,-0.0384,2029.24,2003.8267,True,-0.0292,0.9572,2058.0,1878.5235,0.0076,0.1015,197000.0,2.4796,0.7033,大冷,スタンダード（内国株式）,食料品
2884,2026-10-01,598.0,-0.0066,-0.0292,-0.0714,-0.0292,-0.0703,-0.0621,626.16,631.0267,False,-0.045,0.561,1066.0,570.0,0.0171,0.4832,59800.0,0.8431,0.3133,ヨシムラ・フード・ホールディングス,プライム（内国株式）,食料品
288A,2026-10-01,94.0,-0.0208,0.0108,-0.0408,-0.0309,-0.0397,-0.0638,94.6,94.5467,False,-0.0063,0.5281,178.0,87.0,0.0228,0.0528,9400.0,0.9899,0.2333,ラクサス・テクノロジーズ,グロース（内国株式）,サービス業
2892,2026-10-01,4810.0,0.0267,-0.0037,0.0548,0.1493,0.056,0.1165,4645.2902,4417.3634,True,0.0355,0.9877,4870.0,3278.7185,0.0204,0.2508,481000.0,1.4501,0.2948,日本食品化工,スタンダード（内国株式）,食料品
2894,2026-10-01,363.0,-0.0136,0.0055,0.0371,0.0967,0.0383,0.0638,361.32,342.8533,True,0.0046,0.9389,386.6067,307.5056,0.0181,0.0338,36300.0,0.9032,0.2283,石井食品,スタンダード（内国株式）,食料品
2897,2026-10-01,2833.5,-0.0113,-0.0145,-0.0525,-0.0051,-0.0513,-0.0379,2950.5434,2895.3745,True,-0.0397,0.8549,3314.5479,2527.0,0.0219,34.7526,283350.0,0.894,0.4383,日清食品ホールディングス,プライム（内国株式）,食料品
2901,2026-10-01,136.0,-0.0216,-0.0933,-0.1053,-0.2733,-0.1041,-0.3061,148.7549,167.0668,False,-0.0857,0.1911,711.519,128.0,0.0436,0.1756,13600.0,1.0757,0.4386,ウェルディッシュ,スタンダード（内国株式）,食料品
2903,2026-10-01,1517.0,0.008,-0.0305,-0.0716,-0.0263,-0.0704,-0.0592,1597.6365,1589.1855,True,-0.0505,0.7231,2098.0198,1377.2277,0.0226,0.0369,151700.0,0.6118,0.3989,シノブフーズ,スタンダード（内国株式）,食料品
2904,2026-10-01,755.0,0.0,-0.0013,0.0013,0.0,0.0025,-0.0329,754.28,758.1228,False,0.001,0.9742,774.9823,727.835,0.0034,0.0265,75500.0,0.8571,0.1944,一正蒲鉾,スタンダード（内国株式）,食料品
2907,2026-10-01,1521.0,-0.0059,-0.025,-0.0033,-0.0181,-0.0021,-0.0509,1536.68,1517.9333,True,-0.0102,0.9,1690.0,1146.069,0.012,0.0419,152100.0,0.8814,0.3898,あじかん,スタンダード（内国株式）,食料品
2908,2026-10-01,1572.0,0.0006,-0.0212,-0.0368,0.0438,-0.0356,0.011,1617.6744,1570.8648,True,-0.0282,0.9515,1652.0869,1455.0,0.0105,0.7176,157200.0,0.9072,0.4375,フジッコ,プライム（内国株式）,食料品
290A,2026-10-01,1409.0,0.005,-0.0892,-0.06,0.1771,-0.0589,0.1443,1463.88,1330.08,False,-0.0375,0.6584,2140.0,842.0,0.0431,14.4372,140900.0,0.7746,0.3537,Ｓｙｎｓｐｅｃｔｉｖｅ,グロース（内国株式）,情報・通信業
2910,2026-10-01,1385.0,0.0065,-0.0212,-0.0267,0.0328,-0.0255,-0.0,1408.16,1369.1467,True,-0.0164,0.9321,1485.8514,1214.0,0.0142,0.7804,138500.0,1.0909,0.3004,ロック・フィールド,プライム（内国株式）,食料品
2911,2026-10-01,2245.0,-0.0044,-0.0175,-0.0027,-0.0136,-0.0015,-0.0465,2259.8,2261.0133,True,-0.0065,0.9594,2339.9055,2208.4391,0.0078,0.0143,224500.0,1.1781,0.3016,旭松食品,スタンダード（内国株式）,食料品
2914,2026-10-01,6856.0,-0.0186,-0.0023,-0.0114,0.126,-0.0102,0.0931,6859.2,6568.3848,True,-0.0005,0.9498,7218.0,4534.0106,0.0175,261.7477,685600.0,1.0305,0.2194,日本たばこ産業,プライム（内国株式）,食料品
2915,2026-10-01,1990.0,0.0051,-0.0102,-0.024,0.0138,-0.0229,-0.0191,2039.2951,2028.7917,True,-0.0242,0.8508,2339.0,1768.3421,0.0174,0.6121,199000.0,0.987,0.4498,ケンコーマヨネーズ,プライム（内国株式）,食料品
2916,2026-10-01,727.0,-0.0055,-0.0228,-0.0215,-0.0136,-0.0204,-0.0464,739.36,735.5333,True,-0.0167,0.9553,761.0,680.5209,0.0098,0.0177,72700.0,1.012,0.35,仙波糖化工業,スタンダード（内国株式）,食料品
2917,2026-10-01,891.0,0.0022,-0.0347,-0.0378,-0.0368,-0.0366,-0.0696,920.92,926.52,True,-0.0325,0.9359,952.0,883.0,0.008,0.0431,89100.0,1.8841,0.532,大森屋,スタンダード（内国株式）,食料品
2918,2026-10-01,2684.0,-0.0067,-0.0067,-0.0428,0.0486,-0.0416,0.0158,2754.1317,2680.087,True,-0.0255,0.7302,3675.9379,2481.1532,0.0135,2.1133,268400.0,0.7121,0.3292,わらべや日洋ホールディングス,プライム（内国株式）,食料品
291A,2026-10-01,2044.0,0.0144,-0.0029,0.0271,0.1667,0.0283,0.1338,2008.72,1862.72,True,0.0176,0.5282,3870.0,1636.0,0.0175,0.0527,204400.0,1.1279,0.364,リスキル,グロース（内国株式）,サービス業
2922,2026-10-01,1988.0,0.0056,0.0101,-0.0158,0.0221,-0.0147,-0.0107,1992.4895,1972.0032,True,-0.0023,0.9736,2042.0,1846.8068,0.0096,0.309,198800.0,0.8366,0.2469,なとり,プライム（内国株式）,食料品
2923,2026-10-01,7100.0,-0.0274,-0.0261,-0.1147,-0.1299,-0.1136,-0.1628,7633.2,7986.4,True,-0.0699,0.7666,9262.2288,6610.0,0.0305,0.247,710000.0,1.0824,0.231,サトウ食品,スタンダード（内国株式）,食料品
2924,2026-10-01,1899.0,-0.0021,-0.003,-0.0115,-0.0664,-0.0103,-0.0992,1916.8201,1995.0867,False,-0.0093,0.8187,2319.5618,1783.0,0.0109,0.0376,189900.0,0.4514,0.198,イフジ産業,スタンダード（内国株式）,食料品
2926,2026-10-01,110.0,-0.0517,-0.1184,-0.1406,0.0577,-0.1395,0.0248,123.5095,113.8098,True,-0.1094,0.8029,137.0,89.0,0.0398,0.2003,11000.0,0.7291,0.4924,篠崎屋,スタンダード（内国株式）,食料品
2927,2026-10-01,848.0,-0.0035,-0.0035,-0.0286,0.025,-0.0275,-0.0078,860.9151,845.057,True,-0.015,0.95,892.6581,790.2219,0.0056,0.1515,84800.0,0.5842,0.4179,ＡＦＣ－ＨＤアムスライフサイエンス,スタンダード（内国株式）,食料品
2929,2026-10-01,704.0,-0.0126,0.0028,0.1429,0.244,0.144,0.2112,660.04,599.7947,True,0.0666,0.857,821.4337,502.2588,0.0468,2.6272,70400.0,1.7141,0.2004,ファーマフーズ,プライム（内国株式）,食料品
2930,2026-10-01,133.0,0.0153,0.0,0.0,0.1323,0.0012,0.0995,131.2765,123.2076,True,0.0131,0.9165,145.12,110.5466,0.0242,0.4682,13300.0,0.8902,0.2178,北の達人コーポレーション,プライム（内国株式）,化学
2931,2026-10-01,340.0,-0.0087,-0.0202,-0.0395,0.0241,-0.0384,-0.0088,349.0,344.2267,False,-0.0258,0.7301,465.6774,318.0,0.0193,1.9564,34000.0,0.76,0.2891,ユーグレナ,プライム（内国株式）,食料品
2932,2026-10-01,1111.0,0.0,0.0118,-0.0098,0.0561,-0.0086,0.0232,1108.16,1087.3153,True,0.0026,0.856,1297.8479,980.9886,0.0113,0.1029,111100.0,1.0508,0.183,ＳＴＩフードホールディングス,スタンダード（内国株式）,食料品
2933,2026-10-01,1093.0,-0.0046,-0.0284,-0.0387,0.0273,-0.0375,-0.0056,1125.6,1098.28,True,-0.029,0.9138,1196.0649,1007.6773,0.0095,1.0078,109300.0,2.0488,0.4603,紀文食品,プライム（内国株式）,食料品
2934,2026-10-01,2014.0,-0.0049,-0.0123,-0.002,0.2731,-0.0008,0.2402,2008.76,1834.0933,True,0.0026,0.9613,2095.0,1196.0,0.0184,0.0781,201400.0,0.381,0.2563,ジェイフロンティア,グロース（内国株式）,食料品
2935,2026-10-01,1178.0,-0.0059,-0.0232,-0.024,0.0464,-0.0229,0.0135,1200.4505,1152.0326,True,-0.0187,0.8651,1361.7415,1037.4244,0.0118,0.2837,117800.0,1.1807,0.4236,ピックルスホールディングス,プライム（内国株式）,食料品
2936,2026-10-01,273.0,-0.0073,-0.0109,-0.0036,-0.0651,-0.0025,-0.0979,274.52,274.2667,False,-0.0055,0.546,500.0,255.0,0.0241,0.0722,27300.0,0.6402,0.3043,ベースフード,グロース（内国株式）,食料品
2937,2026-10-01,1729.0,-0.0006,-0.0243,-0.012,0.0267,-0.0108,-0.0061,1757.08,1725.88,True,-0.016,0.8861,1951.2027,1594.4786,0.0111,0.0893,172900.0,1.9145,0.6634,サンクゼール,グロース（内国株式）,食料品
2938,2026-10-01,1254.0,-0.0032,-0.0279,-0.0188,0.0279,-0.0176,-0.005,1275.0,1300.921,False,-0.0165,0.7476,1677.3212,1012.3018,0.0174,0.6166,125400.0,0.8315,0.3386,オカムラ食品工業,スタンダード（内国株式）,食料品
2961,2026-10-01,1436.0,-0.0323,-0.0016,-0.1075,-0.1427,-0.1064,-0.1755,1518.4242,1518.1347,True,-0.0543,0.7548,1902.5,1017.5,0.0309,0.0149,143600.0,0.8136,0.4589,日本調理機,スタンダード（内国株式）,金属製品
2962,2026-10-01,2495.0,0.1213,0.0991,0.5594,0.6222,0.5605,0.5894,1826.88,1517.0933,True,0.3657,0.96,2599.0,265.0,0.0856,8.544,249500.0,1.5373,0.4443,テクニスコ,スタンダード（内国株式）,金属製品
296A,2026-10-01,1149.0,-0.0221,-0.0192,-0.032,0.5178,-0.0309,0.485,1155.265,940.1017,True,-0.0054,0.9207,1248.0,595.9507,0.0399,0.8668,114900.0,0.5162,0.3444,令和アカウンティング・ホールディングス,グロース（内国株式）,サービス業
2970,2026-10-01,1178.0,0.0026,0.0518,0.0948,0.2804,0.096,0.2476,1098.72,1042.0667,False,0.0722,0.9246,1274.0,783.0,0.0152,0.0673,117800.0,0.4672,0.5633,ＧＬＣ　ＧＲＯＵＰ,スタンダード（内国株式）,不動産業
2975,2026-10-01,1332.0,-0.0465,-0.0573,-0.1478,-0.122,-0.1466,-0.1548,1455.56,1515.3733,False,-0.0849,0.734,1814.8052,1059.5059,0.0325,3.8526,133200.0,1.7995,0.4459,スター・マイカ・ホールディングス,プライム（内国株式）,不動産業
2978,2026-10-01,315.0,0.0,-0.0156,-0.0843,-0.1026,-0.0831,-0.1354,333.16,342.24,False,-0.0545,0.5122,615.0,304.0,0.0277,0.0257,31500.0,1.8232,0.3787,ツクルバ,グロース（内国株式）,不動産業
297A,2026-10-01,210.0,-0.0047,-0.0094,-0.0233,-0.0187,-0.0221,-0.0515,212.6,213.9333,True,-0.0122,0.8249,254.5833,206.0,0.0095,0.0578,21000.0,0.9561,0.2,アルピコホールディングス,スタンダード（内国株式）,小売業
2980,2026-10-01,2333.0,0.0152,0.0013,-0.0713,-0.0724,-0.0701,-0.1052,2352.6,2463.76,False,-0.0083,0.5622,4150.0,2199.0,0.0202,5.4025,233300.0,0.5931,0.2146,ＳＲＥホールディングス,プライム（内国株式）,不動産業
2981,2026-10-01,2224.0,-0.0137,-0.0453,0.0165,0.0902,0.0176,0.0573,2241.6833,2117.2944,True,-0.0079,0.7579,2934.3984,1844.0,0.0241,0.0983,222400.0,0.867,0.3155,ランディックス,グロース（内国株式）,不動産業
2982,2026-10-01,414.0,-0.0072,-0.0417,-0.0483,0.0376,-0.0471,0.0047,427.04,412.5206,True,-0.0305,0.8288,499.5426,360.9976,0.0193,0.8933,41400.0,0.7431,0.3625,ＡＤワークスグループ,プライム（内国株式）,不動産業
2983,2026-10-01,1607.0,-0.0074,-0.0635,-0.0597,0.12,-0.0585,0.0872,1689.56,1552.3939,True,-0.0489,0.6814,2358.5063,1074.3704,0.0324,1.0277,160700.0,1.2608,0.2742,アールプランナー,グロース（内国株式）,不動産業
2984,2026-10-01,807.0,-0.0025,0.0177,0.0535,0.1146,0.0547,0.0818,769.32,747.84,True,0.049,0.989,816.0,663.1745,0.0177,0.0677,80700.0,1.4786,0.483,ヤマイチエステート,スタンダード（内国株式）,不動産業
2986,2026-10-01,2890.0,-0.0065,-0.0123,0.0123,0.0445,0.0134,0.0116,2857.36,2806.2103,True,0.0114,0.7459,3874.4683,2234.5688,0.0179,3.5213,289000.0,0.7833,0.3403,ＬＡホールディングス,グロース（内国株式）,不動産業
298A,2026-10-01,312.0,-0.0459,-0.0311,-0.0957,-0.0341,-0.0945,-0.0669,336.6,329.28,True,-0.0731,0.3355,930.0,266.0,0.0531,0.0215,31200.0,0.6976,0.2172,ＧＶＡ　ＴＥＣＨ,グロース（内国株式）,情報・通信業
2991,2026-10-01,533.0,0.0133,0.0019,-0.0327,-0.0786,-0.0315,-0.1114,533.88,551.5368,False,-0.0016,0.6712,794.1428,500.0,0.0267,0.1698,53300.0,0.8091,0.204,ランドネット,スタンダード（内国株式）,不動産業
2997,2026-10-01,1322.0,0.0,0.0008,-0.0015,0.4079,-0.0004,0.375,1322.84,1227.8533,True,-0.0006,0.98,1349.0,881.0,0.0006,0.0663,132200.0,0.142,0.2545,ストレージ王,グロース（内国株式）,不動産業
2998,2026-10-01,482.0,-0.0493,-0.0923,-0.1617,-0.0568,-0.1606,-0.0896,537.04,518.0667,True,-0.1025,0.3506,1374.8913,415.0,0.035,0.6084,48200.0,1.0683,0.3559,クリアル,グロース（内国株式）,不動産業
2999,2026-10-01,522.0,-0.0019,0.0116,-0.0422,-0.1142,-0.041,-0.1471,528.1239,578.4339,False,-0.0116,0.8039,649.3377,398.4572,0.0186,0.1025,52200.0,0.4417,0.3397,ホームポジション,スタンダード（内国株式）,不動産業
299A,2026-10-01,1207.0,0.0008,-0.0082,-0.1458,0.2705,-0.1446,0.2377,1260.52,1123.92,True,-0.0425,0.6379,1892.0,900.0,0.0297,2.0525,120700.0,0.5225,0.2817,クラシル,グロース（内国株式）,サービス業
3001,2026-10-01,3010.0,-0.0082,-0.0211,-0.0099,0.2006,-0.0087,0.1678,2996.04,2771.6133,True,0.0047,0.929,3240.0,2325.0,0.0238,0.9542,301000.0,0.8556,0.3647,片倉工業,スタンダード（内国株式）,繊維製品
3002,2026-10-01,4090.0,0.0099,-0.0049,-0.018,0.0394,-0.0168,0.0065,4101.8,4037.8,True,-0.0029,0.9047,4520.815,3443.9785,0.0132,7.723,409000.0,1.1894,0.3152,グンゼ,プライム（内国株式）,繊維製品
3003,2026-10-01,1720.0,-0.0038,-0.0041,-0.0361,0.0038,-0.035,-0.0291,1755.42,1747.1539,True,-0.0202,0.8378,2053.0969,1466.9629,0.0153,33.8388,172000.0,0.8941,0.2891,ヒューリック,プライム（内国株式）,不動産業
3004,2026-10-01,2042.0,0.0029,-0.0073,-0.0211,-0.0818,-0.0199,-0.1147,2073.08,2132.68,False,-0.015,0.7553,2703.5013,1981.4839,0.0111,0.1228,204200.0,1.1822,0.3234,神栄,スタンダード（内国株式）,卸売業
300A,2026-10-01,2867.0,-0.0386,-0.0942,-0.1518,-0.0171,-0.1506,-0.05,3183.96,3051.9467,True,-0.0995,0.8215,3490.0,2262.8572,0.0251,0.5826,286700.0,1.4318,0.5481,ＭＩＣ,スタンダード（内国株式）,サービス業
3010,2026-10-01,190.0,-0.0052,0.0053,-0.0104,-0.0306,-0.0093,-0.0635,190.12,190.4133,True,-0.0006,0.8874,214.1177,161.0,0.0113,0.2064,19000.0,0.5857,0.28,ポラリス・ホールディングス,スタンダード（内国株式）,サービス業
3011,2026-10-01,142.0,0.0,-0.007,-0.0274,-0.034,-0.0262,-0.0669,143.12,145.2667,False,-0.0078,0.5358,265.0,134.0,0.0156,0.0205,14200.0,0.6634,0.3161,バナーズ,スタンダード（内国株式）,小売業
3020,2026-10-01,4930.0,-0.011,0.0388,0.1217,0.2143,0.1229,0.1814,4611.8551,4286.1517,True,0.069,0.9481,5200.0,3600.6638,0.0247,0.1437,493000.0,1.5519,0.5083,アプライド,スタンダード（内国株式）,小売業
3021,2026-10-01,1622.0,-0.0098,-0.0188,0.0012,-0.0705,0.0024,-0.1033,1606.12,1637.0,False,0.0099,0.6551,2475.9218,1237.9609,0.0132,0.1511,162200.0,0.5329,0.3453,パシフィックネット,スタンダード（内国株式）,サービス業
3023,2026-10-01,2078.0,-0.0062,0.0208,0.0024,0.1525,0.0036,0.1197,2056.4296,1945.1832,True,0.0105,0.8494,2446.3438,1541.9201,0.0161,0.4747,207800.0,0.9046,0.2238,ラサ商事,スタンダード（内国株式）,卸売業
3024,2026-10-01,1203.0,-0.0243,0.0333,0.0042,0.1668,0.0053,0.134,1186.7353,1121.4718,True,0.0137,0.9502,1266.1028,980.0,0.0219,0.0257,120300.0,1.0571,0.3408,クリエイト,スタンダード（内国株式）,卸売業
3028,2026-10-01,2379.0,0.0188,0.0285,-0.0034,0.1588,-0.0022,0.1259,2333.56,2227.9859,True,0.0195,0.9892,2405.0,1824.2128,0.0126,1.7811,237900.0,0.7608,0.296,アルペン,プライム（内国株式）,小売業
302A,2026-10-01,607.0,0.0033,0.0219,-0.0082,0.0957,-0.007,0.0628,604.08,589.5867,True,0.0048,0.8436,719.5,495.0,0.0388,0.0673,60700.0,1.7198,0.3903,ビースタイルホールディングス,グロース（内国株式）,サービス業
3030,2026-10-01,891.0,0.0,0.0206,0.0397,0.1041,0.0408,0.0712,863.92,844.8,False,0.0313,0.8161,1091.8317,759.5351,0.0119,0.104,89100.0,0.8449,0.3664,ハブ,スタンダード（内国株式）,小売業
3031,2026-10-01,718.0,0.0014,0.0621,0.1046,0.2088,0.1058,0.1759,675.6,633.84,True,0.0628,0.9908,724.661,550.0,0.0193,0.809,71800.0,1.3031,0.368,ラクーンホールディングス,プライム（内国株式）,情報・通信業
3034,2026-10-01,2355.0,-0.0142,0.0156,-0.0305,0.2349,-0.0293,0.2021,2356.653,2184.6043,True,-0.0007,0.887,2655.0,1681.0,0.0282,2.7552,235500.0,0.8318,0.2715,クオールホールディングス,プライム（内国株式）,小売業
3035,2026-10-01,800.0,0.0256,0.0296,0.0309,-0.0453,0.0321,-0.0782,772.8,786.0976,True,0.0352,0.9067,882.3621,587.5547,0.011,0.055,80000.0,0.2627,0.535,ケイティケイ,スタンダード（内国株式）,卸売業
3036,2026-10-01,3455.0,0.0073,0.0394,0.0207,0.3876,0.0218,0.3547,3374.5927,2960.1042,True,0.0238,0.9128,3785.0,2002.5496,0.0297,3.9337,345500.0,0.8062,0.2696,アルコニックス,プライム（内国株式）,卸売業
3038,2026-10-01,3010.0,-0.004,0.0159,0.0659,0.1299,0.067,0.097,2978.12,2796.6467,True,0.0107,0.698,4312.5739,2516.0,0.0315,77.8149,301000.0,1.1026,0.307,神戸物産,プライム（内国株式）,卸売業
303A,2026-10-01,614.0,0.0099,0.0166,0.0199,0.0925,0.0211,0.0597,592.76,589.88,False,0.0358,0.4279,1435.0,539.0,0.0208,0.0229,61400.0,2.0324,0.5084,ｖｉｓｕｍｏ,グロース（内国株式）,情報・通信業
3040,2026-10-01,2622.0,-0.0046,-0.018,0.0772,0.3649,0.0784,0.3321,2429.92,2184.24,True,0.079,0.9566,2741.0,1345.0783,0.0379,2.8647,262200.0,1.2454,0.4069,ソリトンシステムズ,プライム（内国株式）,情報・通信業
3041,2026-10-01,402.0,0.0,-0.0025,-0.0123,-0.0673,-0.0111,-0.1001,406.0,428.44,False,-0.0099,0.6667,603.0,400.0,0.0075,0.0182,40200.0,0.6022,0.3333,ビューティカダンホールディングス,スタンダード（内国株式）,卸売業
3042,2026-10-01,325.0,0.0906,0.0833,0.0797,0.1324,0.0809,0.0995,300.52,293.6267,True,0.0815,0.755,430.4483,268.2931,0.0354,0.4583,32500.0,4.581,0.6261,セキュアヴェイル,スタンダード（内国株式）,情報・通信業
3045,2026-10-01,1465.0,-0.0048,-0.0061,0.0069,0.0156,0.008,-0.0173,1463.4573,1460.0605,True,0.0011,0.9699,1510.4001,1339.2633,0.0029,0.0125,146500.0,0.6007,0.3322,カワサキ,スタンダード（内国株式）,卸売業
3046,2026-10-01,5670.0,-0.0122,-0.039,-0.0534,-0.2669,-0.0523,-0.2998,5818.5918,6678.6622,False,-0.0255,0.5785,9801.2761,4822.2277,0.0238,13.0785,567000.0,0.6203,0.2519,ジンズホールディングス,プライム（内国株式）,小売業
3048,2026-10-01,1665.5,-0.0074,-0.0342,-0.0649,0.046,-0.0637,0.0131,1736.7269,1695.5223,False,-0.041,0.8945,1861.834,1476.0277,0.019,10.3094,166550.0,0.8377,0.3975,ビックカメラ,プライム（内国株式）,小売業
304A,2026-10-01,2142.0,-0.0037,0.0449,0.0873,0.1339,0.0885,0.1011,1991.88,1926.7467,True,0.0754,0.7792,2749.0,1676.0,0.0141,0.0261,214200.0,1.4298,0.7925,フォルシア,グロース（内国株式）,情報・通信業
3050,2026-10-01,1524.0,-0.0085,-0.0433,-0.0433,0.0438,-0.0422,0.0109,1589.6477,1530.3647,True,-0.0413,0.8984,1696.3762,1370.8973,0.0176,4.6484,152400.0,1.3222,0.4741,ＤＣＭホールディングス,プライム（内国株式）,小売業
3053,2026-10-01,199.0,-0.0197,-0.0149,-0.0433,0.1243,-0.0421,0.0914,203.12,194.7333,True,-0.0203,0.9045,220.0,166.0,0.0165,0.4108,19900.0,0.7757,0.1826,ペッパーフードサービス,スタンダード（内国株式）,小売業
3054,2026-10-01,383.0,-0.0052,0.0323,0.0106,0.6509,0.0117,0.618,370.6,290.0662,True,0.0335,0.9846,389.0,224.6043,0.0218,0.116,38300.0,0.2151,0.4786,ハイパー,スタンダード（内国株式）,卸売業
3058,2026-10-01,713.0,0.0056,-0.0083,0.0085,0.0363,0.0096,0.0035,710.52,701.4933,True,0.0035,0.957,745.0,661.0,0.0079,0.0075,71300.0,0.9089,0.3367,三洋堂ホールディングス,スタンダード（内国株式）,小売業
3059,2026-10-01,709.0,-0.0014,0.0114,-0.0042,0.0057,-0.0031,-0.0272,708.6394,708.2531,False,0.0005,0.8442,839.8326,699.0,0.005,0.0133,70900.0,0.8477,0.3643,ヒラキ,スタンダード（内国株式）,小売業
3063,2026-10-01,1143.0,0.0097,-0.0264,0.0205,-0.0313,0.0217,-0.0641,1150.1128,1178.4115,True,-0.0062,0.8877,1287.6322,745.3405,0.0192,0.3813,114300.0,0.5014,0.2964,ジェイグループホールディングス,グロース（内国株式）,小売業
3064,2026-10-01,1958.5,0.0033,0.0142,0.0163,0.049,0.0175,0.0162,1921.08,1893.944,True,0.0195,0.782,2504.4301,1667.4752,0.0268,33.2702,195850.0,0.789,0.1886,ＭｏｎｏｔａＲＯ,プライム（内国株式）,小売業
3065,2026-10-01,1589.0,0.0,0.0006,-0.0013,-0.0173,-0.0001,-0.0502,1592.24,1608.5467,False,-0.002,0.9596,1655.9236,1581.0,0.0023,0.0252,158900.0,0.8175,0.4038,ライフフーズ,スタンダード（内国株式）,小売業
3067,2026-10-01,454.0,-0.0066,-0.0258,-0.0237,0.0,-0.0225,-0.0329,463.56,456.9467,True,-0.0206,0.9558,475.0,420.0,0.0123,0.1254,45400.0,3.7873,0.3051,東京一番フーズ,スタンダード（内国株式）,小売業
3068,2026-10-01,3095.0,0.0,0.0148,0.0181,0.0396,0.0192,0.0068,3053.4,2996.6533,True,0.0136,0.9445,3276.9888,2842.0,0.0072,0.0526,309500.0,0.8709,0.2935,ＷＤＩ,スタンダード（内国株式）,小売業
3069,2026-10-01,161.0,0.0126,-0.0062,-0.0417,0.0523,-0.0405,0.0194,165.72,159.48,True,-0.0285,0.8944,180.0,143.0,0.02,0.1648,16100.0,1.1946,0.4044,ＪＦＬＡホールディングス,スタンダード（内国株式）,食料品
3070,2026-10-01,45.0,0.0227,0.0227,-0.3571,-0.4375,-0.356,-0.4704,59.24,67.9067,False,-0.2404,0.3103,145.0,42.0,0.0905,0.6261,4500.0,1.1677,0.2947,ジェリービーンズグループ,グロース（内国株式）,卸売業
3071,2026-10-01,103.0,0.0098,0.0198,-0.0374,0.0198,-0.0362,-0.0131,103.32,102.1067,True,-0.0031,0.9128,112.8364,96.0,0.0173,0.0991,10300.0,0.6954,0.168,ストリーム,スタンダード（内国株式）,小売業
3075,2026-10-01,1694.0,-0.0053,-0.0094,0.026,0.0229,0.0272,-0.0099,1673.88,1674.5867,True,0.012,0.9313,1819.0,1493.5316,0.0153,0.2383,169400.0,2.0864,0.6904,銚子丸,スタンダード（内国株式）,小売業
3076,2026-10-01,3010.0,0.0128,0.0148,0.0074,0.1397,0.0085,0.1069,2983.88,2838.0119,True,0.0088,0.9901,3040.0,2441.1411,0.0161,3.1792,301000.0,0.7821,0.2121,あい　ホールディングス,プライム（内国株式）,卸売業
3077,2026-10-01,1478.0,0.002,0.0973,0.2026,0.785,0.2038,0.7522,1287.2,994.56,True,0.1482,0.9685,1526.0,340.0,0.0378,0.3179,147800.0,1.1643,0.5149,ホリイフードサービス,スタンダード（内国株式）,小売業
3080,2026-10-01,845.0,0.0072,0.0084,0.0549,0.1177,0.0561,0.0849,818.0,790.0,True,0.033,1.0,845.0,690.2914,0.0098,0.0325,84500.0,1.4897,0.3621,ジェーソン,スタンダード（内国株式）,小売業
3082,2026-10-01,990.0,0.0,0.0123,0.0081,0.0399,0.0093,0.0071,981.6,963.6982,True,0.0086,1.0,990.0,898.8448,0.0058,0.0588,99000.0,0.9422,0.2275,きちりホールディングス,スタンダード（内国株式）,小売業
3083,2026-10-01,1017.0,-0.0478,-0.1581,-0.1157,0.0262,-0.1145,-0.0066,1183.96,1044.6,True,-0.141,0.7489,1358.0,623.8029,0.0438,5.3187,101700.0,1.4773,0.5326,スターシーズ,スタンダード（内国株式）,小売業
3086,2026-10-01,2630.5,-0.0066,-0.0172,-0.1091,-0.1962,-0.1079,-0.229,2755.9182,2904.321,True,-0.0455,0.7338,3584.7363,2063.2433,0.0205,41.4831,263050.0,0.8111,0.2961,Ｊ．フロント　リテイリング,プライム（内国株式）,小売業
3087,2026-10-01,3235.0,0.0062,0.0078,-0.0499,0.2044,-0.0488,0.1715,3297.8053,3046.7593,True,-0.019,0.9363,3455.0,2332.4747,0.0166,3.2973,323500.0,0.7823,0.3453,ドトール・日レスホールディングス,プライム（内国株式）,小売業
3088,2026-10-01,2448.5,0.0051,-0.0193,-0.0622,0.0234,-0.0611,-0.0094,2538.6674,2484.6758,True,-0.0355,0.7967,3073.1862,2171.5,0.0242,42.9093,244850.0,1.1173,0.381,マツキヨココカラ＆カンパニー,プライム（内国株式）,小売業
3089,2026-10-01,1015.0,-0.0823,-0.0505,-0.1057,-0.0059,-0.1046,-0.0387,1080.56,1072.88,False,-0.0607,0.6905,1470.0,983.0,0.0303,0.1098,101500.0,1.8742,0.4135,テクノアルファ,スタンダード（内国株式）,卸売業
3091,2026-10-01,2883.0,0.0084,0.0256,-0.0031,0.3164,-0.002,0.2836,2821.8,2566.3383,True,0.0217,0.9836,2931.0,1817.4002,0.0201,1.8877,288300.0,0.579,0.2866,ブロンコビリー,プライム（内国株式）,小売業
3092,2026-10-01,1098.0,0.02,-0.0179,-0.0448,-0.0465,-0.0436,-0.0793,1130.8362,1140.0121,True,-0.029,0.779,1409.4949,974.5,0.0242,31.6899,109800.0,0.9285,0.4181,ＺＯＺＯ,プライム（内国株式）,小売業
3093,2026-10-01,1973.0,0.0082,-0.002,-0.0404,-0.0939,-0.0392,-0.1267,1946.5533,2045.0218,True,0.0136,0.8494,2322.7542,1548.199,0.0237,3.1758,197300.0,0.7534,0.2804,トレジャー・ファクトリー,プライム（内国株式）,小売業
3096,2026-10-01,1547.0,-0.0196,-0.0379,-0.0343,-0.0146,-0.0332,-0.0475,1602.3568,1614.0656,False,-0.0345,0.8644,1789.6493,1342.237,0.0103,0.0684,154700.0,1.6369,0.5025,オーシャンシステム,スタンダード（内国株式）,小売業
3097,2026-10-01,5490.0,0.0,0.0477,-0.0567,0.1781,-0.0555,0.1453,5556.4,5256.5524,True,-0.012,0.9135,6010.0,3734.805,0.0298,9.5084,549000.0,0.9747,0.2384,物語コーポレーション,プライム（内国株式）,小売業
3099,2026-10-01,1641.0,0.0108,0.0096,-0.533,-0.5887,-0.5319,-0.6216,2904.8704,3480.4635,False,-0.4351,0.3915,4192.0,1586.0,0.1073,71.4975,164100.0,1.1957,1.0009,三越伊勢丹ホールディングス,プライム（内国株式）,小売業
3101,2026-10-01,1665.0,-0.0036,-0.003,-0.0054,0.0303,-0.0042,-0.0025,1650.68,1661.32,False,0.0087,0.856,1945.0,1054.7708,0.0247,7.7627,166500.0,0.6554,0.2459,東洋紡,プライム（内国株式）,化学
3103,2026-10-01,1579.0,0.0375,0.0741,-0.0551,0.5774,-0.0539,0.5446,1490.92,1212.4,True,0.0591,0.3605,4380.0,186.0,0.0576,108.9047,157900.0,0.4868,0.3055,ユニチカ,スタンダード（内国株式）,繊維製品
3104,2026-10-01,3460.0,0.0237,0.0651,0.0029,-0.2082,0.0041,-0.2411,3331.1928,3696.2643,False,0.0387,0.7481,4625.0,2076.5435,0.0271,4.3037,346000.0,0.97,0.3201,富士紡ホールディングス,プライム（内国株式）,繊維製品
3105,2026-10-01,2654.0,0.0042,0.0534,0.1572,0.0682,0.1583,0.0354,2340.06,2307.0203,True,0.1342,0.9852,2694.0,1069.0301,0.0348,20.9586,265400.0,1.0876,0.538,日清紡ホールディングス,プライム（内国株式）,電気機器
3106,2026-10-01,2382.0,0.0128,0.1072,-0.7912,-0.7696,-0.7901,-0.8025,8865.6912,9721.2304,False,-0.7313,0.2057,11580.0,2104.9745,0.3665,3.825,238200.0,2.7219,1.0693,倉敷紡績,プライム（内国株式）,繊維製品
3107,2026-10-01,3704.0,-0.0043,0.0153,-0.0265,0.0699,-0.0254,0.037,3735.9284,3585.9495,True,-0.0085,0.9588,3863.0,2582.8212,0.0213,13.0395,370400.0,1.4846,0.2438,ダイワボウホールディングス,プライム（内国株式）,卸売業
3109,2026-10-01,1036.0,-0.0058,-0.0001,-0.0443,0.0058,-0.0431,-0.027,1058.9191,1044.493,True,-0.0216,0.9059,1143.5773,952.981,0.0091,0.4638,103600.0,1.0196,0.3683,シキボウ,プライム（内国株式）,繊維製品
3110,2026-10-01,3335.0,0.0389,0.1123,0.0422,-0.0825,0.0433,-0.1154,3021.3925,3291.6508,False,0.1038,0.5068,6580.0,1230.9152,0.0514,130.9593,333500.0,0.7715,0.3329,日東紡績,プライム（内国株式）,ガラス・土石製品
3111,2026-10-01,173.0,0.0176,-0.0114,-0.0895,0.0679,-0.0883,0.035,178.68,173.8133,False,-0.0318,0.5884,294.0,158.0,0.0223,0.0172,17300.0,1.6715,0.363,オーミケンシ,スタンダード（内国株式）,繊維製品
3113,2026-10-01,83.0,-0.0119,0.0122,0.0,0.0779,0.0012,0.0451,82.72,77.0667,True,0.0034,0.7155,116.0,59.0,0.0327,0.1209,8300.0,0.638,0.1842,ＵＮＩＶＡ・Ｏａｋホールディングス,スタンダード（内国株式）,証券、商品先物取引業
3116,2026-10-01,2187.5,-0.0036,-0.0079,-0.0404,-0.01,-0.0392,-0.0428,2239.0654,2225.6351,True,-0.023,0.6765,3233.3377,2105.0,0.0175,12.6054,218750.0,0.8021,0.324,トヨタ紡織,プライム（内国株式）,輸送用機器
3121,2026-10-01,257.0,0.028,0.0078,-0.0722,0.1843,-0.071,0.1515,260.76,236.4533,True,-0.0144,0.7485,343.3588,189.0,0.0392,0.1435,25700.0,0.744,0.1191,マーチャント・バンカーズ,スタンダード（内国株式）,サービス業
3123,2026-10-01,652.0,0.0093,0.0187,0.0031,0.0109,0.0042,-0.022,649.5611,640.9204,True,0.0038,0.9045,720.8629,553.2203,0.0096,0.0174,65200.0,0.7357,0.3506,サイボー,スタンダード（内国株式）,繊維製品
3131,2026-10-01,8070.0,0.0138,0.0689,0.3143,1.0907,0.3155,1.0578,6727.2,5057.6667,True,0.1996,0.9723,8300.0,2478.0677,0.0515,2.9934,807000.0,0.8321,0.5172,シンデン・ハイテックス,スタンダード（内国株式）,卸売業
3132,2026-10-01,4199.0,-0.0078,0.006,0.1318,0.3385,0.133,0.3057,3802.9399,3496.8733,True,0.1041,0.9732,4314.75,1943.2715,0.0347,35.0116,419900.0,1.051,0.4455,マクニカホールディングス,プライム（内国株式）,卸売業
3133,2026-10-01,44.0,-0.0435,-0.0435,-0.3529,-0.3889,-0.3518,-0.4217,59.28,81.3867,False,-0.2578,0.0587,750.0,42.0,0.125,0.6003,4400.0,1.0962,0.3818,海帆,グロース（内国株式）,小売業
3134,2026-10-01,304.0,0.0133,0.027,-0.0318,0.0857,-0.0307,0.0529,302.2,293.68,False,0.006,0.2147,1415.7347,250.0,0.0294,0.1696,30400.0,0.6155,0.2464,Ｈａｍｅｅ,スタンダード（内国株式）,小売業
3135,2026-10-01,1168.0,0.0052,-0.0267,0.0034,0.1329,0.0046,0.1,1167.88,1158.5067,False,0.0001,0.6005,1945.0,918.0,0.0227,0.1217,116800.0,1.12,0.2642,マーケットエンタープライズ,スタンダード（内国株式）,小売業
3137,2026-10-01,217.0,-0.0091,0.0093,0.0534,0.0796,0.0546,0.0467,211.68,207.9467,True,0.0251,0.6439,337.0,185.0,0.0224,0.0532,21700.0,0.7497,0.2059,ファンデリー,スタンダード（内国株式）,小売業
3138,2026-10-01,1197.0,0.0231,0.0364,0.0518,0.0902,0.053,0.0573,1141.28,1140.9067,True,0.0488,0.9992,1198.0,855.0,0.0132,0.026,119700.0,1.0948,0.4054,富士山マガジンサービス,スタンダード（内国株式）,小売業
3139,2026-10-01,3460.0,0.0087,0.0044,-0.0014,0.0469,-0.0003,0.014,3436.4,3387.0667,True,0.0069,0.8453,4093.1775,3065.0,0.0119,0.8229,346000.0,0.7429,0.2313,ラクト・ジャパン,プライム（内国株式）,卸売業
3140,2026-10-01,1020.0,0.0,-0.001,0.002,0.018,0.0031,-0.0149,1018.16,1017.7719,False,0.0018,0.9548,1068.3381,979.3099,0.004,0.0528,102000.0,0.5921,0.1965,ＢＲＵＮＯ,グロース（内国株式）,卸売業
3143,2026-10-01,1036.0,-0.0058,0.4263,0.4971,0.4993,0.4983,0.4664,751.4675,708.1025,True,0.3786,0.9664,1072.0,630.0,0.0394,0.437,103600.0,3.9448,0.8876,オーウイル,スタンダード（内国株式）,卸売業
3148,2026-10-01,3245.0,-0.0031,-0.0152,-0.0442,-0.0031,-0.043,-0.0359,3352.2,3328.1333,True,-0.032,0.9128,3555.0,3003.1197,0.0142,2.3608,324500.0,0.8446,0.4124,クリエイトＳＤホールディングス,プライム（内国株式）,小売業
3150,2026-10-01,2388.0,-0.0021,-0.0061,-0.041,-0.0177,-0.0398,-0.0505,2431.844,2480.4947,False,-0.018,0.7855,3040.0,2195.5123,0.0135,1.0235,238800.0,0.8604,0.2828,グリムス,プライム（内国株式）,電気・ガス業
3151,2026-10-01,1565.0,0.0051,-0.0062,-0.0578,0.031,-0.0566,-0.0019,1615.9834,1599.0478,True,-0.0315,0.9062,1727.0,1196.3785,0.0169,1.21,156500.0,0.9446,0.4262,バイタルケーエスケー・ホールディングス,プライム（内国株式）,卸売業
3153,2026-10-01,3145.0,0.0194,0.0032,0.0064,0.1407,0.0076,0.1079,3073.6,2927.1867,True,0.0232,0.8734,3600.8072,2047.1894,0.0314,3.1797,314500.0,1.5117,0.3611,八洲電機,プライム（内国株式）,卸売業
3154,2026-10-01,791.0,0.0,0.0064,-0.0137,-0.0306,-0.0126,-0.0635,789.68,796.8644,False,0.0017,0.9168,862.75,756.3702,0.0144,0.1526,79100.0,0.7013,0.2888,メディアスホールディングス,プライム（内国株式）,卸売業
3156,2026-10-01,6150.0,0.0099,0.0131,0.1162,0.5261,0.1173,0.4932,5505.3546,4666.6515,True,0.1171,0.9674,6356.9318,2408.6507,0.0424,6.0147,615000.0,0.94,0.4822,レスター,プライム（内国株式）,卸売業
3157,2026-10-01,1449.0,-0.0075,0.0344,-0.0048,0.0291,-0.0037,-0.0037,1442.0809,1419.0136,True,0.0048,0.8528,1699.1624,1234.7707,0.0132,0.0364,144900.0,0.7634,0.3255,ジオリーブグループ,スタンダード（内国株式）,卸売業
3159,2026-10-01,378.0,-0.0105,-0.0105,-0.062,0.05,-0.0609,0.0171,393.04,378.8667,True,-0.0383,0.8791,430.0,318.2823,0.0161,0.2939,37800.0,0.3712,0.1482,丸善ＣＨＩホールディングス,スタンダード（内国株式）,小売業
3160,2026-10-01,581.0,0.0,-0.0268,0.0035,0.0229,0.0046,-0.01,580.2,574.7733,True,0.0014,0.9732,597.0,545.9102,0.0102,0.078,58100.0,2.4391,0.4554,大光,スタンダード（内国株式）,卸売業
3161,2026-10-01,671.0,-0.0015,0.0,-0.003,0.0136,-0.0018,-0.0193,670.2,664.7467,True,0.0012,0.9599,699.0,612.5997,0.011,0.0451,67100.0,1.1587,0.1495,アゼアス,スタンダード（内国株式）,卸売業
3166,2026-10-01,1447.0,0.0014,0.0239,-0.0183,0.0351,-0.0172,0.0022,1458.5689,1434.3896,True,-0.0079,0.9137,1583.6825,1350.0,0.0108,0.0322,144700.0,1.0,0.3304,ＯＣＨＩホールディングス,スタンダード（内国株式）,卸売業
3167,2026-10-01,1342.0,0.0128,0.0044,0.026,0.1834,0.0272,0.1506,1333.6389,1220.5463,True,0.0063,0.9471,1417.0,970.0426,0.0208,8.425,134200.0,2.3557,0.3839,ＴＯＫＡＩホールディングス,プライム（内国株式）,卸売業
3168,2026-10-01,1283.0,-0.0039,0.0079,-0.0836,0.0707,-0.0824,0.0379,1311.6383,1312.9598,False,-0.0218,0.6723,1908.3288,521.6565,0.0332,0.9396,128300.0,0.3983,0.1595,ＭＥＲＦ,スタンダード（内国株式）,卸売業
3169,2026-10-01,692.0,-0.0043,-0.0014,0.0206,0.0501,0.0218,0.0172,680.72,664.0133,True,0.0166,0.9805,705.7695,625.0,0.0124,0.0407,69200.0,1.7197,0.3033,ミサワ,スタンダード（内国株式）,小売業
3172,2026-10-01,1131.0,0.0018,0.0044,0.0062,-0.0054,0.0074,-0.0382,1123.32,1130.8697,False,0.0068,0.9794,1154.7316,1097.6083,0.0032,0.0328,113100.0,0.3766,0.42,ティーライフ,スタンダード（内国株式）,小売業
3173,2026-10-01,1478.0,-0.004,0.0627,-0.0489,0.4212,-0.0477,0.3883,1468.6803,1240.7468,True,0.0063,0.8543,1730.0,843.5355,0.0201,0.1036,147800.0,0.6377,0.4515,Ｃｏｍｉｎｉｘ,スタンダード（内国株式）,卸売業
3174,2026-10-01,345.0,-0.0443,-0.1039,-0.1375,-0.1502,-0.1363,-0.1831,391.32,407.3733,False,-0.1184,0.46,750.0,340.0,0.0182,0.0866,34500.0,1.2301,0.9068,ハピネス・アンド・ディ,スタンダード（内国株式）,小売業
3175,2026-10-01,931.0,-0.0043,-0.05,-0.0262,0.0011,-0.025,-0.0318,962.8,945.8,True,-0.033,0.9282,1003.0,895.0,0.0091,0.1989,93100.0,2.0197,0.7356,エー・ピーホールディングス,スタンダード（内国株式）,小売業
3176,2026-10-01,1176.0,0.0129,0.058,-0.0233,0.5096,-0.0221,0.4768,1153.5815,975.9272,True,0.0194,0.9584,1227.0,709.7501,0.0293,5.0188,117600.0,1.2423,0.2819,三洋貿易,プライム（内国株式）,卸売業
3177,2026-10-01,5000.0,-0.0119,0.0941,0.1299,0.4409,0.1311,0.4081,4484.2,4069.3333,True,0.115,0.9259,5400.0,3161.6043,0.0363,0.111,500000.0,1.3198,0.6366,ありがとうサービス,スタンダード（内国株式）,小売業
3178,2026-10-01,1142.0,0.0026,-0.0475,-0.0647,0.0288,-0.0635,-0.004,1197.8776,1151.5592,True,-0.0466,0.8308,1374.5882,1037.0,0.0088,0.227,114200.0,1.4926,0.7603,チムニー,スタンダード（内国株式）,小売業
3179,2026-10-01,1280.0,-0.0369,-0.0108,0.0667,0.2179,0.0678,0.185,1225.72,1194.92,True,0.0443,0.9046,1415.0,972.0,0.0318,1.9502,128000.0,1.4475,0.4421,シュッピン,プライム（内国株式）,小売業
3180,2026-10-01,1648.0,0.0117,-0.0012,0.03,0.1143,0.0312,0.0814,1606.32,1500.9733,True,0.0259,0.9694,1700.0,1231.4106,0.0335,0.8383,164800.0,1.0767,0.2065,ビューティガレージ,プライム（内国株式）,卸売業
3181,2026-10-01,1059.0,0.0,-0.0056,-0.0231,0.0918,-0.0219,0.0589,1059.6,1035.2133,True,-0.0006,0.9455,1120.0,809.7458,0.0137,0.0351,105900.0,0.4282,0.2552,買取王国,スタンダード（内国株式）,小売業
3182,2026-10-01,1651.0,-0.0078,0.016,-0.0311,0.097,-0.0299,0.0642,1649.92,1603.32,True,0.0007,0.9095,1815.3727,1279.9816,0.0226,1.4781,165100.0,1.015,0.1927,オイシックス,プライム（内国株式）,小売業
3183,2026-10-01,1254.0,-0.0024,-0.0134,-0.0134,0.0105,-0.0122,-0.0224,1263.8,1270.8133,True,-0.0078,0.8531,1469.9751,1175.0,0.0115,0.244,125400.0,1.0728,0.2703,ウイン・パートナーズ,プライム（内国株式）,卸売業
3184,2026-10-01,4095.0,0.0,-0.0012,-0.0203,-0.0839,-0.0192,-0.1167,4158.4,4318.1333,False,-0.0152,0.8576,4775.0,4060.0,0.0038,0.0074,409500.0,1.0159,0.7,ＩＣＤＡホールディングス,スタンダード（内国株式）,小売業
3185,2026-10-01,110.0,-0.0179,-0.0351,-0.2308,-0.2308,-0.2296,-0.2636,131.32,142.7867,False,-0.1624,0.3929,280.0,102.0,0.1091,0.6899,11000.0,3.682,0.325,夢展望,グロース（内国株式）,小売業
3186,2026-10-01,2792.0,-0.0152,-0.0422,-0.1752,-0.3123,-0.174,-0.3452,3064.2,3455.6667,False,-0.0888,0.6455,4325.0,2210.4016,0.0291,16.8069,279200.0,1.02,0.2982,ネクステージ,プライム（内国株式）,小売業
3187,2026-10-01,404.0,0.005,0.005,0.1348,0.572,0.136,0.5391,382.3188,326.0663,True,0.0567,0.8577,471.0,222.0,0.0558,0.5823,40400.0,0.6894,0.1731,ミラタップ,グロース（内国株式）,小売業
3189,2026-10-01,99.0,-0.066,-0.1081,-0.1316,-0.1,-0.1304,-0.1329,111.2,108.1867,False,-0.1097,0.1351,733.0,95.0,0.0635,0.3651,9900.0,0.5242,0.35,ＡＮＡＰホールディングス,スタンダード（内国株式）,小売業
3190,2026-10-01,567.0,-0.0035,-0.0308,-0.0258,-0.0105,-0.0246,-0.0433,582.44,578.7733,True,-0.0265,0.945,600.0,548.3246,0.0076,0.009,56700.0,1.0755,0.5133,ホットマン,スタンダード（内国株式）,小売業
3191,2026-10-01,2262.0,0.0009,-0.0114,0.0116,0.0166,0.0128,-0.0162,2258.36,2267.3833,True,0.0016,0.8888,2545.0,1945.3391,0.0162,3.1526,226200.0,0.8318,0.207,ジョイフル本田,プライム（内国株式）,小売業
3192,2026-10-01,233.0,-0.0085,-0.1038,-0.2048,-0.3492,-0.2036,-0.382,272.16,296.92,False,-0.1439,0.4396,530.0,232.0,0.0353,0.0671,23300.0,1.3636,0.487,白鳩,スタンダード（内国株式）,小売業
3193,2026-10-01,1301.0,-0.0023,0.0039,-0.1003,-0.066,-0.0991,-0.0989,1370.28,1389.1601,False,-0.0506,0.6848,1899.8949,1260.0,0.0298,2.4768,130100.0,0.966,0.1779,エターナルホスピタリティグループ,プライム（内国株式）,小売業
3195,2026-10-01,440.0,-0.0414,-0.0179,-0.3939,-0.1651,-0.3928,-0.1979,596.72,560.28,True,-0.2626,0.5176,850.0,393.0,0.0656,0.3838,44000.0,2.0198,0.1975,ジェネレーションパス,スタンダード（内国株式）,小売業
3196,2026-10-01,1675.0,0.0072,0.0201,0.0289,0.0765,0.03,0.0436,1646.36,1621.92,True,0.0174,0.7865,2129.6639,1555.0,0.0136,1.1685,167500.0,0.7047,0.21,ホットランドホールディングス,プライム（内国株式）,小売業
3197,2026-10-01,3170.0,0.0,0.0006,-0.0585,0.1243,-0.0574,0.0915,3299.04,3099.2067,True,-0.0391,0.8486,3735.5198,2611.0363,0.0205,31.325,317000.0,0.8071,0.4363,すかいらーくホールディングス,プライム（内国株式）,小売業
3199,2026-10-01,1283.0,-0.0039,-0.0184,-0.0447,-0.0461,-0.0435,-0.079,1317.88,1329.8133,False,-0.0265,0.8083,1587.3459,1271.0,0.0095,0.6094,128300.0,1.5027,0.4012,綿半ホールディングス,プライム（内国株式）,小売業
319A,2026-10-01,21350.0,-0.052,0.0632,0.041,0.2784,0.0421,0.2456,20533.6,18776.1333,True,0.0398,0.9319,22910.0,6430.0,0.0538,7.9197,2135000.0,0.8612,0.3755,技術承継機構,グロース（内国株式）,金属製品
3201,2026-10-01,1939.0,-0.0072,-0.0271,-0.0187,0.1093,-0.0176,0.0764,1978.84,1889.2,True,-0.0201,0.9265,2092.726,1515.9987,0.0169,1.4568,193900.0,0.7815,0.2873,日本毛織,プライム（内国株式）,繊維製品
3202,2026-10-01,129.0,-0.0077,-0.0153,-0.0077,0.0,-0.0065,-0.0329,129.64,128.0133,False,-0.0049,0.8431,153.0,105.6857,0.015,0.0428,12900.0,1.1302,0.2593,ダイトウボウ,スタンダード（内国株式）,繊維製品
3204,2026-10-01,506.0,0.0,0.008,0.002,0.004,0.0031,-0.0289,502.0,501.9333,False,0.008,0.9084,557.0,417.7143,0.0073,0.0278,50600.0,0.4259,0.3231,トーア紡コーポレーション,スタンダード（内国株式）,繊維製品
3205,2026-10-01,743.0,-0.0054,0.0041,-0.0211,0.0319,-0.0199,-0.0009,739.0,734.3333,False,0.0054,0.5697,1304.2783,660.0,0.0114,0.6513,74300.0,0.7363,0.2353,ダイドーリミテッド,スタンダード（内国株式）,繊維製品
3221,2026-10-01,3015.0,-0.0131,-0.038,-0.0864,-0.0367,-0.0852,-0.0696,3218.6901,3223.63,False,-0.0633,0.83,3632.541,2470.128,0.0159,1.4083,301500.0,1.758,0.4914,ヨシックスホールディングス,プライム（内国株式）,小売業
3222,2026-10-01,813.0,0.0062,-0.0228,-0.0025,0.0285,-0.0013,-0.0044,833.7653,815.0715,True,-0.0249,0.8258,984.4834,763.7435,0.0189,3.5184,81300.0,0.7627,0.5209,ユナイテッド・スーパーマーケット・ホールディングス,スタンダード（内国株式）,小売業
3223,2026-10-01,984.0,-0.001,-0.002,0.0402,0.0435,0.0413,0.0106,965.88,940.04,True,0.0188,0.7398,1330.0,869.0,0.0073,0.0181,98400.0,1.0756,0.308,エスエルディー,スタンダード（内国株式）,小売業
3224,2026-10-01,660.0,0.003,-0.0393,-0.0476,-0.0638,-0.0465,-0.0967,688.28,696.8,False,-0.0411,0.7588,869.7484,562.7203,0.0119,0.034,66000.0,1.5073,0.56,ゼネラル・オイスター,グロース（内国株式）,小売業
3231,2026-10-01,874.7,-0.0067,-0.0105,-0.0613,-0.0655,-0.0601,-0.0983,912.9596,925.9705,False,-0.0419,0.7664,1141.2751,839.3168,0.0157,41.4948,87470.0012,1.3395,0.4141,野村不動産ホールディングス,プライム（内国株式）,不動産業
3232,2026-10-01,559.0,-0.0106,-0.0557,-0.094,0.0429,-0.0928,0.0101,597.4022,561.6807,True,-0.0643,0.8831,633.0,501.0,0.0186,1.5512,55900.0,1.2345,0.5189,三重交通グループホールディングス,プライム（内国株式）,不動産業
3236,2026-10-01,284.0,0.0071,0.0107,-0.0274,0.0519,-0.0262,0.019,285.24,278.8,True,-0.0043,0.6945,408.9474,215.1842,0.0158,0.2151,28400.0,0.6768,0.2444,プロパスト,スタンダード（内国株式）,不動産業
3237,2026-10-01,89.0,0.0,-0.0532,-0.101,-0.1359,-0.0999,-0.1688,94.88,96.8267,True,-0.062,0.7807,114.0,53.0,0.0385,0.2681,8900.0,0.8411,0.4375,イントランス,グロース（内国株式）,不動産業
3238,2026-10-01,385.0,0.0132,0.0052,0.0,0.049,0.0012,0.0162,384.36,377.56,True,0.0017,0.8776,438.6969,332.2266,0.0095,0.0832,38500.0,0.8407,0.1922,セントラル総合開発,スタンダード（内国株式）,不動産業
323A,2026-10-01,373.0,-0.0184,-0.0053,-0.0027,-0.0902,-0.0015,-0.1231,376.68,379.72,False,-0.0098,0.4863,767.0,345.0,0.0213,0.0336,37300.0,0.4579,0.2775,フライヤー,グロース（内国株式）,情報・通信業
3241,2026-10-01,596.0,-0.0083,-0.005,-0.0165,0.0311,-0.0153,-0.0017,596.96,588.5467,True,-0.0016,0.966,617.0,500.3692,0.0162,0.0276,59600.0,0.6142,0.3319,ウィル,スタンダード（内国株式）,不動産業
3242,2026-10-01,540.0,0.0,0.0208,0.015,0.1157,0.0162,0.0828,527.24,513.3089,True,0.0242,0.891,606.0769,482.0,0.0083,0.2387,54000.0,0.672,0.4667,アーバネットコーポレーション,スタンダード（内国株式）,不動産業
3245,2026-10-01,969.0,0.0062,-0.046,-0.1647,-0.0647,-0.1635,-0.0975,1080.2506,1071.4035,True,-0.103,0.755,1283.4236,941.0,0.0256,5.7611,96900.0,2.0599,0.6484,ディア・ライフ,プライム（内国株式）,不動産業
3246,2026-10-01,695.0,0.0043,0.0,0.0,0.1174,0.0012,0.0845,689.24,660.9067,True,0.0084,0.9405,738.9647,615.0,0.0081,0.0397,69500.0,0.9615,0.1949,コーセーアールイー,スタンダード（内国株式）,不動産業
3248,2026-10-01,889.0,-0.0011,-0.0011,-0.0045,0.0447,-0.0033,0.0118,889.36,879.0933,True,-0.0004,0.9911,897.0,793.2599,0.0083,0.0244,88900.0,2.5364,0.2311,アールエイジ,スタンダード（内国株式）,不動産業
324A,2026-10-01,726.0,-0.0068,-0.0294,-0.0294,0.0371,-0.0283,0.0043,728.52,712.4933,False,-0.0035,0.5542,1310.0,637.0,0.0234,0.1114,72600.0,0.9064,0.3176,ブッキングリゾート,グロース（内国株式）,サービス業
3252,2026-10-01,2761.0,-0.0011,-0.009,-0.0744,-0.0356,-0.0733,-0.0685,2852.2,2881.9187,False,-0.032,0.7675,3597.5172,2696.4663,0.0158,4.1154,276100.0,1.1133,0.3011,地主,プライム（内国株式）,不動産業
325A,2026-10-01,2030.0,0.0357,0.0389,0.0967,0.485,0.0979,0.4521,1840.4,1614.8356,True,0.103,0.999,2032.0,1081.6666,0.0458,5.1719,203000.0,1.0577,0.2452,ＴＥＮＴＩＡＬ,グロース（内国株式）,繊維製品
3261,2026-10-01,446.0,-0.0045,0.0324,0.0747,0.1615,0.0759,0.1286,424.84,405.2133,True,0.0498,0.3756,1187.4698,376.0,0.0139,0.0244,44600.0,0.8374,0.4828,グランディーズ,グロース（内国株式）,不動産業
3266,2026-10-01,80.0,-0.0123,-0.0123,0.0,-0.0244,0.0012,-0.0572,79.8,80.32,False,0.0025,0.6015,133.0,77.0,0.017,0.0259,8000.0,0.7716,0.1474,ファンドクリエーショングループ,スタンダード（内国株式）,不動産業
3267,2026-10-01,652.0,0.0062,0.0671,0.0124,-0.0804,0.0136,-0.1133,635.84,649.7733,False,0.0254,0.5122,1273.0,593.0,0.0208,0.1155,65200.0,0.7806,0.3463,フィル・カンパニー,スタンダード（内国株式）,建設業
3276,2026-10-01,2268.0,0.0004,0.0009,-0.0337,0.73,-0.0325,0.6971,2257.72,1898.68,True,0.0046,0.9663,2347.0,1199.7606,0.0035,3.6249,226800.0,0.513,0.5345,ＪＰＭＣ,プライム（内国株式）,不動産業
3277,2026-10-01,841.0,0.006,0.0182,0.0383,0.2998,0.0394,0.267,820.6,722.1368,True,0.0249,0.9546,881.0,604.7145,0.0177,0.145,84100.0,0.389,0.2087,サンセイランディック,スタンダード（内国株式）,不動産業
3280,2026-10-01,937.0,-0.0021,-0.0011,0.0043,-0.0331,0.0054,-0.0659,934.7949,932.3569,True,0.0024,0.8105,1156.1122,866.9283,0.0082,0.0492,93700.0,0.4337,0.1832,エストラスト,スタンダード（内国株式）,不動産業
3284,2026-10-01,1222.0,-0.0073,-0.027,-0.086,0.0269,-0.0849,-0.006,1284.5439,1245.968,True,-0.0487,0.8927,1368.8564,1126.0,0.0202,3.707,122200.0,1.4416,0.3695,フージャースホールディングス,プライム（内国株式）,不動産業
3286,2026-10-01,876.0,-0.0011,-0.0068,-0.0212,0.0186,-0.0201,-0.0143,886.84,899.7849,False,-0.0122,0.7718,1134.9464,851.0,0.007,0.0246,87600.0,0.6004,0.1791,トラストホールディングス,スタンダード（内国株式）,不動産業
3288,2026-10-01,7451.0,0.0019,-0.0116,-0.0629,-0.1039,-0.0617,-0.1368,7674.9831,8177.6744,False,-0.0292,0.6382,11675.5339,7117.2229,0.0207,23.073,745100.0,0.9669,0.3293,オープンハウスグループ,プライム（内国株式）,不動産業
3289,2026-10-01,1229.5,-0.0024,-0.0187,-0.0749,-0.0636,-0.0737,-0.0965,1294.051,1310.377,False,-0.0499,0.7844,1567.4949,1154.5315,0.0174,34.4154,122950.0,0.9868,0.411,東急不動産ホールディングス,プライム（内国株式）,不動産業
3291,2026-10-01,2165.0,-0.0016,-0.0186,-0.0884,-0.0005,-0.0873,-0.0333,2274.5086,2249.2829,True,-0.0481,0.7895,2742.3549,2014.5,0.0172,12.1356,216500.0,1.1189,0.4032,飯田グループホールディングス,プライム（内国株式）,不動産業
3293,2026-10-01,754.0,-0.004,0.0087,-0.0321,-0.0105,-0.0309,-0.0434,766.3,765.9533,False,-0.0161,0.9542,790.169,731.4931,0.0078,0.0247,75400.0,1.2574,0.4296,アズマハウス,スタンダード（内国株式）,不動産業
3297,2026-10-01,1197.0,-0.0058,0.011,0.0153,0.0784,0.0164,0.0455,1181.24,1152.1333,False,0.0133,0.8909,1343.5225,1058.0,0.0054,0.0254,119700.0,1.453,0.5077,東武住販,スタンダード（内国株式）,不動産業
3299,2026-10-01,1688.0,-0.0243,-0.0111,-0.0134,-0.0365,-0.0123,-0.0694,1714.76,1788.2225,True,-0.0156,0.668,2527.0393,1574.3008,0.0144,1.689,168800.0,0.6642,0.3038,ムゲンエステート,スタンダード（内国株式）,不動産業
3300,2026-10-01,1860.0,-0.0064,-0.0117,-0.0252,-0.1143,-0.024,-0.1471,1867.2,2014.3331,False,-0.0039,0.7258,2562.8161,1795.0,0.0136,1.213,186000.0,0.743,0.2248,アンビション　ＤＸ　ホールディングス,グロース（内国株式）,不動産業
3302,2026-10-01,3005.0,-0.0196,-0.0415,-0.074,-0.103,-0.0728,-0.1358,3129.0,3280.0,False,-0.0396,0.8095,3712.1784,2676.0,0.0185,1.551,300500.0,0.7999,0.35,帝国繊維,プライム（内国株式）,繊維製品
3306,2026-10-01,774.0,0.0052,-0.0215,0.1587,0.1639,0.1598,0.1311,698.24,682.08,True,0.1085,0.8133,951.6344,567.0,0.0467,0.4313,77400.0,1.4941,0.3625,日本製麻,スタンダード（内国株式）,卸売業
330A,2026-10-01,545.0,-0.0055,0.0037,0.0302,0.0501,0.0314,0.0172,541.72,486.64,True,0.0061,0.5093,1070.0,373.0,0.0359,0.1309,54500.0,0.3691,0.235,ＴａｌｅｎｔＸ,グロース（内国株式）,情報・通信業
3315,2026-10-01,96.0,-0.0103,-0.0303,-0.068,0.0435,-0.0668,0.0106,100.4,97.8533,True,-0.0438,0.6275,153.0,86.0,0.026,7.5362,9600.0,1.1749,0.32,日本コークス工業,プライム（内国株式）,石油・石炭製品
3317,2026-10-01,1497.0,-0.002,0.0081,0.0156,0.0895,0.0168,0.0567,1483.36,1447.0933,True,0.0092,0.8659,1728.7678,1249.0,0.0066,0.0164,149700.0,0.7778,0.4971,フライングガーデン,スタンダード（内国株式）,小売業
331A,2026-10-01,479.0,0.0084,0.0042,-0.0224,-0.0124,-0.0213,-0.0452,484.96,490.5067,True,-0.0123,0.8647,553.9634,445.0975,0.0082,0.0216,47900.0,1.3547,0.3811,メディックス,スタンダード（内国株式）,サービス業
3320,2026-10-01,1305.0,0.0031,0.0046,-0.0225,0.0039,-0.0213,-0.0289,1308.72,1292.0973,True,-0.0028,0.9102,1433.81,1180.3368,0.0103,0.0893,130500.0,0.5924,0.2593,クロスプラス,スタンダード（内国株式）,卸売業
3321,2026-10-01,1919.0,0.0026,0.0608,0.1112,0.0739,0.1123,0.041,1735.72,1686.0133,False,0.1056,0.8018,2393.2814,1320.8995,0.0253,0.9087,191900.0,1.2884,0.5897,ミタチ産業,スタンダード（内国株式）,卸売業
3323,2026-10-01,93.0,0.0,0.0132,-0.0312,0.274,-0.0301,0.2411,93.375,82.2317,True,-0.004,0.4883,190.464,69.0,0.0269,0.2993,9300.0,0.2334,0.1895,レカム,スタンダード（内国株式）,卸売業
3326,2026-10-01,652.0,-0.0106,-0.0468,0.0093,0.0759,0.0104,0.0431,658.68,638.0,True,-0.0101,0.7409,880.0,575.0,0.0169,0.0298,65200.0,1.6488,0.3545,ランシステム,スタンダード（内国株式）,サービス業
3329,2026-10-01,2138.0,0.0009,-0.0042,0.0061,0.0374,0.0073,0.0045,2138.64,2109.8133,True,-0.0003,0.9773,2187.6055,1992.0,0.0046,0.0845,213800.0,1.9009,0.3626,東和フードサービス,スタンダード（内国株式）,小売業
332A,2026-10-01,1208.0,-0.0115,-0.0211,0.0873,0.1774,0.0885,0.1445,1154.64,1067.5333,True,0.0462,0.6844,1765.0,761.0,0.0314,0.7059,120800.0,0.9626,0.4139,ミーク,グロース（内国株式）,情報・通信業
3333,2026-10-01,1278.0,0.0039,-0.0116,-0.0362,-0.0057,-0.035,-0.0385,1304.28,1302.9685,True,-0.0201,0.8933,1430.6242,1201.8421,0.0183,1.7534,127800.0,1.543,0.3073,あさひ,プライム（内国株式）,小売業
3349,2026-10-01,6211.0,0.0094,-0.0324,-0.0449,-0.0243,-0.0437,-0.0572,6506.24,6393.8667,True,-0.0454,0.7123,8719.1011,5615.0,0.0269,31.4672,621100.0,1.0657,0.4377,コスモス薬品,プライム（内国株式）,小売業
334A,2026-10-01,1216.0,0.0133,0.0393,0.0819,0.3511,0.083,0.3183,1096.16,981.48,True,0.1093,0.9762,1245.7015,687.5,0.0241,0.0426,121600.0,1.2672,0.4644,ビジュアル・プロセッシング・ジャパン,グロース（内国株式）,情報・通信業
3350,2026-10-01,307.0,0.0734,0.066,-0.016,0.4831,-0.0149,0.4502,280.96,248.08,False,0.0927,0.4637,662.0,192.0,0.06,77.3414,30700.0,0.8555,0.407,メタプラネット,スタンダード（内国株式）,卸売業
3352,2026-10-01,1780.0,-0.0073,-0.0072,-0.0061,0.1077,-0.005,0.0748,1792.0184,1734.1261,True,-0.0067,0.8575,2075.8597,1401.2053,0.0142,0.0214,178000.0,0.7047,0.5202,バッファロー,スタンダード（内国株式）,小売業
3353,2026-10-01,2804.0,-0.0004,0.0083,-0.0036,0.0228,-0.0024,-0.0101,2802.8424,2765.777,True,0.0004,0.9025,3107.0579,2487.5673,0.0042,0.0481,280400.0,0.9008,0.2024,メディカル一光グループ,スタンダード（内国株式）,小売業
3355,2026-10-01,1814.0,-0.021,-0.0141,-0.0136,0.1606,-0.0124,0.1277,1814.16,1701.7844,True,-0.0001,0.9152,1982.1101,1490.7508,0.0178,0.4546,181400.0,0.8145,0.3694,クリヤマホールディングス,スタンダード（内国株式）,卸売業
3358,2026-10-01,93.0,-0.0106,0.0106,-0.07,-0.0606,-0.0688,-0.0935,95.2817,94.8539,True,-0.0239,0.5345,174.0,82.0,0.0238,0.0653,9300.0,0.384,0.181,Ｔｒａｉｌｈｅａｄ　Ｇｌｏｂａｌ　Ｈｏｌｄｉｎｇｓ,スタンダード（内国株式）,小売業
3359,2026-10-01,500.0,-0.0099,-0.0017,-0.0512,-0.0291,-0.0501,-0.062,519.0265,517.7422,True,-0.0367,0.8571,583.3549,460.0,0.0155,0.2666,50000.0,2.1422,0.4381,ｃｏｔｔａ,グロース（内国株式）,卸売業
335A,2026-10-01,314.0,-0.0032,-0.0218,-0.1105,-0.0599,-0.1093,-0.0927,330.68,337.76,False,-0.0504,0.5139,611.0,311.0,0.0337,0.1556,31400.0,1.0873,0.6054,ミライロ,グロース（内国株式）,情報・通信業
3360,2026-10-01,2452.5,0.0018,0.0045,0.0281,0.0857,0.0292,0.0528,2416.9,2343.3133,True,0.0147,0.8858,2768.6262,1938.0,0.0208,5.9887,245250.0,0.9454,0.1683,シップヘルスケアホールディングス,プライム（内国株式）,卸売業
3361,2026-10-01,898.0,-0.0132,0.0079,0.0022,0.0193,0.0034,-0.0136,897.0,883.0133,True,0.0011,0.9527,942.6129,770.0767,0.0137,0.0384,89800.0,1.7566,0.2523,トーエル,スタンダード（内国株式）,小売業
336A,2026-10-01,1620.0,0.0214,0.1982,0.1991,0.792,0.2003,0.7592,1333.88,990.3467,True,0.2145,0.7922,2045.0,532.0,0.1077,137.9236,162000.0,1.2698,0.2951,ダイナミックマッププラットフォーム,グロース（内国株式）,情報・通信業
3370,2026-10-01,476.0,-0.0042,-0.0226,0.0171,-0.0165,0.0183,-0.0494,476.16,472.7867,False,-0.0003,0.7588,627.3314,312.1744,0.02,0.0538,47600.0,0.9605,0.2737,フジタコーポレーション,スタンダード（内国株式）,小売業
3371,2026-10-01,2184.0,0.0028,0.0025,-0.0086,0.187,-0.0075,0.1541,2129.2887,1980.2296,True,0.0257,0.9234,2365.1862,1569.0,0.0222,1.4717,218400.0,1.5731,0.1875,ソフトクリエイトホールディングス,プライム（内国株式）,情報・通信業
3372,2026-10-01,215.0,0.0,-0.0227,-0.0271,-0.0227,-0.026,-0.0556,219.84,220.0,True,-0.022,0.8113,265.0,210.0,0.0093,0.0417,21500.0,2.0953,0.6,関門海,スタンダード（内国株式）,小売業
3374,2026-10-01,5040.0,0.0254,0.1339,0.1859,0.5067,0.187,0.4739,4229.2,3738.8,True,0.1917,0.9941,5070.0,1916.8404,0.0368,1.5694,504000.0,1.004,0.7121,内外テック,スタンダード（内国株式）,卸売業
3375,2026-10-01,1750.0,-0.0051,-0.0245,-0.0202,0.0392,-0.019,0.0063,1774.4,1731.6933,True,-0.0138,0.8793,1990.2106,1536.8421,0.0186,0.0108,175000.0,1.2944,0.3684,ＺＯＡ,スタンダード（内国株式）,小売業
3377,2026-10-01,411.0,0.0301,0.0512,0.0512,0.0989,0.0523,0.0661,390.32,380.9467,True,0.053,0.7615,539.7146,358.0,0.0172,0.0806,41100.0,1.6481,0.7919,バイク王＆カンパニー,スタンダード（内国株式）,卸売業
3382,2026-10-01,1999.5,-0.002,-0.0002,-0.0131,0.0149,-0.0119,-0.018,2021.1615,2004.1726,True,-0.0107,0.8494,2354.0996,1784.0104,0.017,157.2886,199950.0,0.8996,0.3213,セブン＆アイ・ホールディングス,プライム（内国株式）,小売業
3386,2026-10-01,1274.0,0.0,0.0159,0.0217,-0.0016,0.0228,-0.0344,1252.0,1245.183,True,0.0176,0.8915,1429.0872,1041.5219,0.0086,0.0619,127400.0,0.685,0.3909,コスモ・バイオ,スタンダード（内国株式）,卸売業
3387,2026-10-01,783.0,0.0195,0.044,0.0398,0.085,0.041,0.0521,767.0577,755.1698,True,0.0208,0.955,819.9224,682.7817,0.0174,8.557,78300.0,0.6107,0.2492,クリエイト・レストランツ・ホールディングス,プライム（内国株式）,小売業
3388,2026-10-01,2124.0,0.0038,0.018,-0.0121,-0.0065,-0.0109,-0.0394,2109.4677,2129.6492,True,0.0069,0.8613,2466.0707,1891.6998,0.0134,0.6319,212400.0,0.8958,0.302,明治電機工業,プライム（内国株式）,卸売業
338A,2026-10-01,4010.0,0.2115,0.2415,0.7255,0.8608,0.7266,0.8279,2780.68,2317.36,True,0.4421,0.8389,4780.0,1890.0,0.1083,32.8306,401000.0,2.3387,0.2786,ＺｅｎｍｕＴｅｃｈ,グロース（内国株式）,情報・通信業
3391,2026-10-01,2096.0,-0.0095,-0.0321,-0.0922,0.0064,-0.0911,-0.0265,2253.042,2252.2647,True,-0.0697,0.7135,2937.7922,1869.9392,0.026,38.1049,209600.0,1.1147,0.5012,ツルハホールディングス,プライム（内国株式）,小売業
3392,2026-10-01,745.0,-0.0053,-0.0399,-0.0722,-0.1141,-0.0711,-0.147,795.72,819.1733,False,-0.0637,0.7403,1006.3488,733.5727,0.0151,0.2367,74500.0,1.9521,0.5707,デリカフーズホールディングス,スタンダード（内国株式）,卸売業
3393,2026-10-01,3145.0,-0.0016,-0.016,0.0278,0.0261,0.0289,-0.0068,3078.1787,3045.5662,True,0.0217,0.9603,3275.0,2460.9058,0.0211,1.2636,314500.0,1.6613,0.3238,スターティアホールディングス,プライム（内国株式）,卸売業
3395,2026-10-01,2482.0,0.0114,0.0012,-0.0224,-0.0115,-0.0213,-0.0444,2480.6421,2491.2274,False,0.0005,0.7835,3168.0293,2290.0,0.0173,2.9481,248200.0,1.511,0.4028,サンマルクホールディングス,プライム（内国株式）,小売業
3396,2026-10-01,849.0,-0.0116,-0.0139,-0.0241,-0.0196,-0.023,-0.0525,866.04,863.2533,True,-0.0197,0.9067,936.3503,804.4011,0.0086,0.0277,84900.0,1.0661,0.6725,フェリシモ,スタンダード（内国株式）,小売業
3397,2026-10-01,4168.0,0.0117,-0.0336,-0.0451,0.0709,-0.044,0.0381,4294.28,4123.4,True,-0.0294,0.8242,5057.2174,3492.0,0.024,17.2261,416800.0,1.2808,0.3863,トリドールホールディングス,プライム（内国株式）,小売業
3399,2026-10-01,3845.0,0.0172,-0.0026,-0.0423,0.174,-0.0412,0.1412,3900.4,3666.8,True,-0.0142,0.9047,4250.0,2576.6355,0.0415,4.1221,384500.0,0.8074,0.2286,丸千代山岡家,スタンダード（内国株式）,小売業
339A,2026-10-01,944.0,-0.0021,0.0118,0.0183,0.025,0.0195,-0.0079,918.8,911.0267,False,0.0274,0.6057,1558.604,843.0,0.0171,0.1029,94400.0,0.5996,0.2788,プログレス・テクノロジーズ　グループ,グロース（内国株式）,サービス業
3401,2026-10-01,1662.0,-0.0166,-0.0106,-0.0546,0.0137,-0.0535,-0.0191,1703.3005,1691.0535,True,-0.0242,0.9107,1825.0,1183.816,0.0201,11.1196,166200.0,0.894,0.2996,帝人,プライム（内国株式）,繊維製品
3402,2026-10-01,1231.5,-0.023,-0.0053,-0.0435,0.0869,-0.0423,0.0541,1253.8396,1217.6599,True,-0.0178,0.8828,1395.0,905.5054,0.0201,54.3707,123150.0,1.0021,0.2381,東レ,プライム（内国株式）,繊維製品
3405,2026-10-01,1795.0,-0.0069,-0.005,-0.0289,0.0653,-0.0278,0.0324,1810.2,1787.2664,True,-0.0084,0.8597,2088.0,1437.5979,0.0193,28.39,179500.0,0.9909,0.1967,クラレ,プライム（内国株式）,化学
3407,2026-10-01,1649.5,-0.0048,0.0407,0.0033,-0.0751,0.0045,-0.108,1612.5566,1721.1389,False,0.0229,0.8654,1906.0,1128.4572,0.0195,72.9681,164950.0,0.92,0.3909,旭化成,プライム（内国株式）,化学
3409,2026-10-01,79.0,0.026,-0.0706,-0.1505,-0.0595,-0.1494,-0.0924,87.24,90.72,False,-0.0945,0.3435,230.0,70.0,0.0452,0.0548,7900.0,1.2669,0.504,北紡,スタンダード（内国株式）,繊維製品
340A,2026-10-01,336.0,0.009,0.0533,0.0244,0.0566,0.0255,0.0237,324.12,320.0667,False,0.0367,0.6316,532.0,299.0,0.0259,0.0283,33600.0,0.4105,0.2754,ジグザグ,グロース（内国株式）,情報・通信業
3415,2026-10-01,357.0,0.0028,0.0056,-0.048,0.0593,-0.0468,0.0265,358.0,372.24,True,-0.0028,0.7242,492.9412,324.0,0.0276,1.2533,35700.0,0.7395,0.213,ＴＯＫＹＯ　ＢＡＳＥ,プライム（内国株式）,小売業
3416,2026-10-01,901.0,0.0011,0.0204,-0.0099,0.1042,-0.0087,0.0713,902.2,859.7733,True,-0.0013,0.8604,1047.1602,782.0,0.0137,0.0177,90100.0,1.007,0.3399,ピクスタ,スタンダード（内国株式）,小売業
3417,2026-10-01,995.0,-0.009,0.002,-0.0414,-0.1163,-0.0403,-0.1492,1015.6,1075.9467,False,-0.0203,0.6914,1439.1673,985.0,0.0122,0.066,99500.0,0.3906,0.2388,大木ヘルスケアホールディングス,スタンダード（内国株式）,卸売業
3418,2026-10-01,1053.0,0.001,0.0048,-0.0038,-0.0632,-0.0026,-0.096,1051.16,1081.0833,False,0.0018,0.9126,1153.8988,1001.2637,0.0083,0.135,105300.0,0.4768,0.148,バルニバービ,グロース（内国株式）,小売業
341A,2026-10-01,2213.0,-0.0243,-0.0806,0.0082,0.0875,0.0094,0.0546,2193.64,2061.9867,True,0.0088,0.7878,2809.0,1755.0,0.0352,1.0986,221300.0,0.9843,0.3314,トヨコー,グロース（内国株式）,建設業
3420,2026-10-01,1556.0,-0.0152,-0.0051,-0.0214,0.0311,-0.0202,-0.0017,1574.8,1576.04,True,-0.0119,0.9099,1710.0,1410.6521,0.0091,0.0487,155600.0,0.6511,0.4172,ケー・エフ・シー,スタンダード（内国株式）,金属製品
3421,2026-10-01,1608.0,-0.005,-0.0141,-0.0727,-0.0818,-0.0715,-0.1147,1681.8,1711.5018,False,-0.0439,0.8999,1786.8284,1517.9932,0.0159,0.4739,160800.0,0.7243,0.1755,稲葉製作所,スタンダード（内国株式）,金属製品
3422,2026-10-01,673.0,0.006,0.1049,0.0768,0.3791,0.078,0.3462,620.1243,555.4281,True,0.0853,0.9257,727.0,329.5407,0.0305,0.2621,67300.0,0.814,0.4721,Ｊ－ＭＡＸ,スタンダード（内国株式）,金属製品
3423,2026-10-01,265.0,-0.0038,0.0,-0.0399,0.0076,-0.0387,-0.0253,272.08,270.32,True,-0.026,0.791,335.0,248.6956,0.0124,0.0477,26500.0,1.9393,0.3652,エスイー,スタンダード（内国株式）,金属製品
3426,2026-10-01,1305.0,0.0,0.0046,0.0031,0.0038,0.0042,-0.029,1298.04,1295.0776,True,0.0054,0.9181,1421.453,1256.8023,0.004,0.0093,130500.0,1.3585,0.4219,アトムリビンテック,スタンダード（内国株式）,金属製品
3431,2026-10-01,1508.0,-0.0079,-0.0065,-0.0628,-0.0163,-0.0616,-0.0492,1570.9565,1566.7188,True,-0.0401,0.7438,2027.372,1429.0,0.0147,1.2599,150800.0,1.1417,0.3788,宮地エンジニアリンググループ,プライム（内国株式）,金属製品
3433,2026-10-01,2955.0,0.0197,0.0379,0.0664,-0.0977,0.0676,-0.1306,2795.3139,2967.798,False,0.0571,0.854,3460.0,1887.4984,0.0188,5.7008,295500.0,0.7175,0.3922,トーカロ,プライム（内国株式）,金属製品
3434,2026-10-01,1229.0,-0.0041,0.0024,-0.0129,-0.0008,-0.0117,-0.0337,1242.0067,1232.5622,True,-0.0105,0.8945,1373.9389,1116.7531,0.0081,0.0538,122900.0,0.7911,0.372,アルファＣｏ,スタンダード（内国株式）,金属製品
3435,2026-10-01,1496.0,0.0101,-0.0286,0.0122,0.0219,0.0133,-0.011,1509.88,1452.2267,True,-0.0092,0.9565,1564.0,1172.9051,0.0194,0.0509,149600.0,1.0103,0.3414,サンコーテクノ,スタンダード（内国株式）,金属製品
3436,2026-10-01,3472.0,0.047,0.1146,0.0212,-0.2414,0.0223,-0.2743,3171.58,3722.356,False,0.0947,0.5846,5939.0,1120.1769,0.0519,339.9308,347200.0,0.6771,0.4009,ＳＵＭＣＯ,プライム（内国株式）,金属製品
3437,2026-10-01,2617.0,-0.0027,-0.0184,-0.0484,-0.0049,-0.0472,-0.0378,2681.08,2693.2133,False,-0.0239,0.681,3843.0838,2581.0584,0.0075,0.009,261700.0,0.8231,0.3196,特殊電極,スタンダード（内国株式）,金属製品
343A,2026-10-01,1290.0,0.0023,-0.0227,-0.0198,-0.0985,-0.0186,-0.1314,1306.92,1344.6533,True,-0.0129,0.7541,1710.6742,1100.6966,0.0209,0.0848,129000.0,1.0608,0.2444,ＩＡＣＥトラベル,スタンダード（内国株式）,サービス業
3440,2026-10-01,859.0,-0.0081,-0.0183,-0.0316,-0.034,-0.0304,-0.0668,872.7758,872.3845,False,-0.0158,0.7679,1118.7056,812.7349,0.0116,0.1225,85900.0,0.6937,0.282,日創グループ,スタンダード（内国株式）,金属製品
3441,2026-10-01,1762.0,0.0232,-0.0329,-0.3811,-0.462,-0.3799,-0.4949,2391.2,2712.4382,False,-0.2631,0.4179,4216.4509,922.7163,0.0823,2.3165,176200.0,2.4235,0.3388,山王,スタンダード（内国株式）,金属製品
3443,2026-10-01,1374.0,-0.0007,-0.0066,-0.0101,0.0537,-0.0089,0.0208,1384.32,1339.2933,True,-0.0075,0.7577,1813.3374,1129.0,0.0228,2.8225,137400.0,0.7033,0.3156,川田テクノロジーズ,プライム（内国株式）,金属製品
3444,2026-10-01,1114.0,0.0201,-0.0071,0.0712,-0.0115,0.0723,-0.0444,1066.68,1039.7067,False,0.0444,0.5926,1880.0,297.1955,0.0844,8.7535,111400.0,2.1612,0.3074,菊池製作所,スタンダード（内国株式）,金属製品
3445,2026-10-01,6320.0,0.0161,0.0551,0.0748,-0.164,0.076,-0.1969,5720.8,6493.7333,False,0.1047,0.7306,8650.0,3415.0,0.0403,10.8694,632000.0,0.7234,0.4791,ＲＳ　Ｔｅｃｈｎｏｌｏｇｉｅｓ,プライム（内国株式）,金属製品
3446,2026-10-01,1589.0,0.016,0.0038,0.0063,-0.1048,0.0075,-0.1376,1586.96,1617.2133,False,0.0013,0.6321,2514.0,1120.0,0.0277,0.2651,158900.0,0.5179,0.2727,ジェイテックコーポレーション,スタンダード（内国株式）,金属製品
3447,2026-10-01,965.0,0.0,-0.0396,-0.064,0.0126,-0.0629,-0.0203,1007.4679,985.2893,True,-0.0422,0.902,1069.8199,793.7691,0.0132,0.3253,96500.0,1.1661,0.541,信和,スタンダード（内国株式）,金属製品
3449,2026-10-01,4525.0,0.0331,0.018,0.1369,-0.4508,0.1381,-0.4837,4079.2,5471.8229,False,0.1093,0.4228,10703.6131,1544.4055,0.0445,5.281,452500.0,0.8076,0.4443,テクノフレックス,スタンダード（内国株式）,金属製品
3452,2026-10-01,1445.0,-0.0069,-0.0069,-0.0354,0.0,-0.0342,-0.0329,1460.36,1463.96,True,-0.0105,0.7915,1825.5352,1330.0,0.0128,0.8136,144500.0,0.8312,0.2822,ビーロット,スタンダード（内国株式）,不動産業
3454,2026-10-01,1272.0,0.0016,0.0039,-0.02,0.0486,-0.0189,0.0158,1268.28,1248.16,True,0.0029,0.9785,1300.0,1092.9618,0.0131,0.0515,127200.0,0.8796,0.2524,ファーストブラザーズ,スタンダード（内国株式）,不動産業
3457,2026-10-01,871.0,-0.0091,-0.0481,-0.0675,-0.0744,-0.0663,-0.1072,920.64,939.5542,False,-0.0539,0.7984,1090.8989,871.0,0.0115,1.0888,87100.0,1.2955,0.57,Ａｎｄ　Ｄｏホールディングス,プライム（内国株式）,不動産業
3461,2026-10-01,571.0,-0.0104,-0.0779,-0.0761,0.0053,-0.0749,-0.0276,615.8194,593.3265,True,-0.0728,0.8785,650.0,497.0,0.0233,0.065,57100.0,2.0139,0.6688,パルマ,スタンダード（内国株式）,不動産業
3465,2026-10-01,3140.0,-0.0032,-0.0246,-0.1167,-0.1338,-0.1156,-0.1666,3350.3448,3588.6483,False,-0.0628,0.7655,4101.6702,2479.6238,0.0203,4.7336,314000.0,0.9694,0.3218,ケイアイスター不動産,プライム（内国株式）,不動産業
3467,2026-10-01,2790.0,-0.0106,-0.0089,-0.0691,0.0735,-0.0679,0.0406,2841.28,2731.64,True,-0.018,0.9208,3030.0,2068.0518,0.0213,0.1562,279000.0,0.6614,0.31,アグレ都市デザイン,スタンダード（内国株式）,不動産業
3469,2026-10-01,890.0,0.0045,0.0102,-0.0034,0.0114,-0.0022,-0.0215,890.24,912.4755,False,-0.0003,0.8706,1022.341,845.5303,0.0111,0.0285,89000.0,1.3111,0.3043,デュアルタップ,スタンダード（内国株式）,不動産業
3474,2026-10-01,596.0,-0.0033,0.0017,-0.0132,0.0976,-0.0121,0.0648,597.96,572.7733,True,-0.0033,0.8871,671.8867,526.0,0.0058,0.0153,59600.0,0.7646,0.175,Ｇ－ＦＡＣＴＯＲＹ,グロース（内国株式）,不動産業
3475,2026-10-01,1483.0,0.0047,-0.0146,-0.0457,0.0116,-0.0445,-0.0213,1496.84,1492.1867,True,-0.0092,0.8025,1848.0,1081.0,0.0225,2.2156,148300.0,1.7268,0.1705,グッドコムアセット,プライム（内国株式）,不動産業
3479,2026-10-01,1855.0,-0.0164,-0.0138,-0.018,0.088,-0.0168,0.0551,1882.8,1826.84,True,-0.0148,0.7649,2425.0,1457.0,0.0206,0.8574,185500.0,0.4534,0.2377,ＴＫＰ,グロース（内国株式）,不動産業
3482,2026-10-01,2540.0,-0.0078,-0.0219,-0.0364,-0.032,-0.0353,-0.0649,2569.72,2667.2133,False,-0.0116,0.6675,3805.0,2448.0,0.0161,2.2768,254000.0,0.7996,0.215,ロードスターキャピタル,プライム（内国株式）,不動産業
3484,2026-10-01,1255.0,0.008,0.0278,0.1175,0.0961,0.1187,0.0632,1175.88,1121.0133,True,0.0673,0.9379,1338.1468,1020.3734,0.0268,0.0923,125500.0,1.5456,0.2085,イノベーションホールディングス,スタンダード（内国株式）,不動産業
3486,2026-10-01,2005.0,-0.005,-0.0176,0.0111,0.0826,0.0123,0.0498,1984.56,1918.08,True,0.0103,0.6871,2918.1123,1676.0,0.0195,1.3045,200500.0,1.245,0.1967,グローバル・リンク・マネジメント,プライム（内国株式）,不動産業
3489,2026-10-01,764.0,-0.0026,-0.023,-0.1157,-0.0039,-0.1146,-0.0368,808.48,791.3067,True,-0.055,0.8378,911.9359,679.0,0.0161,0.4109,76400.0,0.7551,0.35,フェイスネットワーク,スタンダード（内国株式）,不動産業
3490,2026-10-01,3115.0,0.0163,0.0281,0.0213,0.0464,0.0225,0.0135,3073.2,3049.12,True,0.0136,0.9425,3305.0,2683.8901,0.0104,0.0399,311500.0,0.4672,0.3231,アズ企画設計,スタンダード（内国株式）,不動産業
3491,2026-10-01,1282.0,-0.0191,-0.0433,-0.1987,-0.1072,-0.1976,-0.1401,1446.0,1415.1333,False,-0.1134,0.5317,2411.2673,1214.0,0.0486,4.1794,128200.0,1.9187,0.2133,ＧＡ　ｔｅｃｈｎｏｌｏｇｉｅｓ,グロース（内国株式）,不動産業
3494,2026-10-01,415.0,-0.0072,-0.0636,-0.059,0.1433,-0.0578,0.1104,445.0927,417.8309,True,-0.0676,0.8353,496.8156,317.0,0.0189,0.0405,41500.0,1.0037,0.6387,マリオン,スタンダード（内国株式）,不動産業
3495,2026-10-01,2251.0,-0.0127,0.0011,-0.0209,-0.0462,-0.0197,-0.079,2289.1645,2337.8948,False,-0.0167,0.8562,2629.0,2234.6562,0.0152,0.0097,225100.0,1.153,0.3791,香陵住販,スタンダード（内国株式）,不動産業
3496,2026-10-01,4790.0,0.0213,-0.0044,-0.0304,0.0825,-0.0292,0.0496,4807.3769,4578.5256,True,-0.0036,0.7798,6142.683,3915.0,0.0288,1.9526,479000.0,0.7603,0.2175,アズーム,プライム（内国株式）,不動産業
3498,2026-10-01,7550.0,-0.0271,0.0094,-0.0195,0.101,-0.0183,0.0682,7454.0037,7125.25,True,0.0129,0.7084,10658.0958,5397.6202,0.0322,19.0198,755000.0,0.6979,0.3088,霞ヶ関キャピタル,プライム（内国株式）,不動産業
3501,2026-10-01,1171.0,-0.0101,-0.0176,-0.0184,0.0773,-0.0173,0.0444,1180.24,1139.6267,True,-0.0078,0.8212,1426.0209,1041.0,0.0127,0.2009,117100.0,0.6578,0.2612,ＳＵＭＩＮＯＥ,プライム（内国株式）,繊維製品
350A,2026-10-01,681.0,0.0044,-0.0159,-0.1303,-0.1325,-0.1291,-0.1653,749.08,758.8533,False,-0.0909,0.6335,1075.0,656.0,0.053,5.6314,68100.0,1.3945,0.1968,デジタルグリッド,グロース（内国株式）,電気・ガス業
3512,2026-10-01,1016.0,-0.0221,-0.0327,-0.0231,0.015,-0.0219,-0.0179,1031.5199,972.0666,True,-0.015,0.9365,1084.8871,564.3835,0.0439,0.2038,101600.0,1.7717,0.2822,日本フエルト,スタンダード（内国株式）,繊維製品
3513,2026-10-01,3665.0,0.0,-0.0508,0.1312,0.0516,0.1323,0.0188,3495.949,3404.3163,True,0.0484,0.867,4227.4057,1903.0726,0.0362,0.1298,366500.0,1.1409,0.3096,イチカワ,スタンダード（内国株式）,繊維製品
3521,2026-10-01,158.0,0.0,0.0,0.0128,0.0464,0.014,0.0135,156.68,153.0267,True,0.0084,0.8656,182.5349,141.0,0.0077,0.0271,15800.0,0.9716,0.2471,テルマー湯ホールディングス,スタンダード（内国株式）,サービス業
3524,2026-10-01,1479.0,-0.0007,-0.0027,-0.0054,0.0452,-0.0042,0.0124,1483.68,1459.6133,True,-0.0032,0.9337,1583.963,1385.8469,0.0039,0.0347,147900.0,0.963,0.175,日東製網,スタンダード（内国株式）,繊維製品
3529,2026-10-01,1035.0,-0.0318,0.0207,-0.0309,-0.0199,-0.0297,-0.0527,1040.52,1029.9867,True,-0.0053,0.8105,1277.0,809.0,0.0429,0.6267,103500.0,1.4352,0.4164,アツギ,スタンダード（内国株式）,繊維製品
352A,2026-10-01,536.0,0.0019,-0.0129,-0.0147,0.0593,-0.0135,0.0264,538.36,516.0933,True,-0.0044,0.4422,1212.0,430.0,0.0255,0.0198,53600.0,0.3831,0.2126,ＬＯＩＶＥ,グロース（内国株式）,サービス業
3536,2026-10-01,128.0,0.0,0.0079,0.0,0.0079,0.0012,-0.025,127.5575,127.8028,False,0.0035,0.7223,177.2093,123.062,0.0095,0.0126,12800.0,0.4643,0.2471,アクサスホールディングス,スタンダード（内国株式）,小売業
3537,2026-10-01,1725.0,-0.0098,-0.0538,-0.0103,0.0648,-0.0092,0.032,1750.2,1688.64,True,-0.0144,0.9079,1900.0,1456.0789,0.0237,0.1024,172500.0,3.0756,0.4887,昭栄薬品,スタンダード（内国株式）,卸売業
3538,2026-10-01,1020.0,-0.0192,-0.0173,-0.0039,0.1283,-0.0027,0.0955,1021.56,963.8831,True,-0.0015,0.9675,1054.2261,866.2483,0.0158,0.1125,102000.0,0.5906,0.3159,ウイルプラスホールディングス,スタンダード（内国株式）,小売業
3539,2026-10-01,1468.0,0.0048,0.023,0.0082,0.2065,0.0094,0.1736,1433.36,1351.1106,True,0.0242,0.8109,1810.3093,1177.1469,0.0264,2.4519,146800.0,0.6372,0.2037,ＪＭホールディングス,プライム（内国株式）,小売業
3542,2026-10-01,1559.0,-0.0013,-0.0019,0.0555,0.116,0.0567,0.0831,1507.96,1393.1867,True,0.0338,0.6808,2289.9345,1190.0,0.0329,0.2421,155900.0,0.4904,0.2064,ベガコーポレーション,グロース（内国株式）,小売業
3543,2026-10-01,2830.0,0.0046,-0.0091,-0.0433,0.0269,-0.0421,-0.006,2886.54,2830.1042,True,-0.0196,0.8945,3163.6939,2644.1667,0.0109,5.42,283000.0,0.6917,0.4288,コメダホールディングス,プライム（内国株式）,卸売業
3544,2026-10-01,1247.0,-0.0008,0.0008,-0.0016,-0.008,-0.0004,-0.0408,1248.48,1209.5467,True,-0.0012,0.939,1328.0,791.0,0.0023,0.1251,124700.0,0.1232,0.239,サツドラホールディングス,スタンダード（内国株式）,小売業
3547,2026-10-01,1964.0,0.0092,0.0208,0.0447,0.2671,0.0458,0.2342,1898.96,1746.4933,True,0.0343,0.7678,2558.053,1440.0,0.0143,0.5036,196400.0,0.7532,0.3,ユニシアホールディングス,スタンダード（内国株式）,小売業
3548,2026-10-01,635.0,-0.0246,-0.0465,-0.1119,-0.1488,-0.1107,-0.1816,687.16,718.72,False,-0.0759,0.8143,779.8133,635.0,0.0119,1.1086,63500.0,1.443,0.5019,バロックジャパンリミテッド,プライム（内国株式）,小売業
3549,2026-10-01,3711.0,0.0071,-0.0666,-0.098,0.0057,-0.0968,-0.0272,4026.04,3902.9333,True,-0.0783,0.7804,4755.1395,3351.0,0.0306,11.7292,371100.0,1.3504,0.4599,クスリのアオキホールディングス,スタンダード（内国株式）,小売業
3550,2026-10-01,224.0,0.0136,0.0419,0.0275,-0.0132,0.0287,-0.0461,216.76,219.3467,False,0.0334,0.9428,237.6,180.8889,0.0112,0.0257,22400.0,1.091,0.44,スタジオアタオ,グロース（内国株式）,小売業
3551,2026-10-01,1553.0,-0.0077,-0.0096,-0.0354,0.1855,-0.0342,0.1526,1587.36,1459.2533,True,-0.0216,0.9378,1656.0,897.728,0.0195,0.245,155300.0,0.5839,0.2774,ダイニック,スタンダード（内国株式）,繊維製品
3553,2026-10-01,893.0,0.0022,-0.0097,-0.0449,0.0276,-0.0438,-0.0052,921.0985,897.8728,True,-0.0305,0.7566,1180.2339,813.1149,0.0148,0.344,89300.0,0.8927,0.4226,共和レザー,スタンダード（内国株式）,化学
3556,2026-10-01,782.0,-0.0101,-0.0274,-0.0237,0.0553,-0.0226,0.0225,803.56,801.72,True,-0.0268,0.5933,1318.0,718.0,0.0181,0.283,78200.0,0.5975,0.2687,リネットジャパングループ,グロース（内国株式）,小売業
3557,2026-10-01,500.0,-0.002,-0.0119,-0.031,-0.0584,-0.0299,-0.0912,514.2,536.8667,False,-0.0276,0.498,1004.0,499.0,0.0063,0.0275,50000.0,0.7299,0.4136,ユナイテッド＆コレクティブ,グロース（内国株式）,小売業
3558,2026-10-01,1865.0,-0.0027,-0.0059,0.0163,0.1925,0.0175,0.1596,1849.44,1710.9733,False,0.0084,0.8008,2329.0,1220.1228,0.0214,1.4451,186500.0,0.6952,0.2475,ジェイドグループ,グロース（内国株式）,小売業
3559,2026-10-01,452.0,-0.0088,-0.0195,-0.0484,0.0918,-0.0473,0.0589,457.16,429.2533,True,-0.0113,0.7751,583.1237,375.0,0.0296,0.0194,45200.0,0.2939,0.3144,ピーバンドットコム,スタンダード（内国株式）,卸売業
3560,2026-10-01,5130.0,-0.0019,-0.0116,0.1958,0.1714,0.197,0.1385,4570.7109,4340.3588,True,0.1224,0.9809,5230.0,2939.2577,0.0276,0.2228,513000.0,1.4877,0.6912,ほぼ日,スタンダード（内国株式）,小売業
3561,2026-10-01,1390.0,-0.0239,-0.0677,-0.1388,-0.0974,-0.1376,-0.1303,1528.1158,1562.1053,True,-0.0904,0.7947,1749.0,1306.3315,0.0143,1.6622,139000.0,1.9233,0.5878,力の源ホールディングス,プライム（内国株式）,小売業
3562,2026-10-01,1584.0,0.0019,-0.0006,-0.0094,0.0401,-0.0082,0.0073,1575.366,1535.8651,True,0.0055,0.6592,2402.8138,1385.43,0.0114,0.2241,158400.0,0.5352,0.2,Ｎｏ．１,スタンダード（内国株式）,卸売業
3563,2026-10-01,5088.0,-0.0088,0.0438,-0.1354,0.0761,-0.1343,0.0433,5407.1696,5318.3899,True,-0.059,0.8293,6135.0,3122.0,0.0384,154.317,508800.0,1.3446,0.2919,ＦＯＯＤ　＆　ＬＩＦＥ　ＣＯＭＰＡＮＩＥＳ,プライム（内国株式）,小売業
3565,2026-10-01,499.0,0.0122,-0.0254,0.0353,0.2459,0.0364,0.213,487.24,437.8835,True,0.0241,0.8621,578.8238,329.9985,0.0441,1.3491,49900.0,1.5425,0.3909,アセンテック,スタンダード（内国株式）,卸売業
3566,2026-10-01,720.0,-0.0055,-0.0055,-0.0551,-0.1579,-0.054,-0.1908,731.96,806.5867,False,-0.0163,0.6792,1060.0,580.7362,0.0206,0.0548,72000.0,0.4232,0.2625,ユニフォームネクスト,グロース（内国株式）,小売業
3569,2026-10-01,3300.0,0.0015,0.0147,-0.0571,-0.0421,-0.056,-0.0749,3336.6285,3339.2762,False,-0.011,0.9115,3620.5758,2915.2303,0.0187,4.8328,330000.0,0.7982,0.194,セーレン,プライム（内国株式）,繊維製品
3571,2026-10-01,704.0,-0.0085,-0.0054,-0.0409,-0.0154,-0.0397,-0.0482,721.5049,713.7816,True,-0.0243,0.884,796.3689,678.0,0.0133,0.0405,70400.0,1.1159,0.3743,ソトー,スタンダード（内国株式）,繊維製品
3577,2026-10-01,917.0,-0.0054,-0.0054,-0.0378,-0.0255,-0.0366,-0.0584,930.4,931.6267,False,-0.0144,0.8618,1064.0,857.1125,0.0075,0.0184,91700.0,0.7144,0.2188,東海染工,スタンダード（内国株式）,繊維製品
3580,2026-10-01,732.0,-0.0174,-0.0176,-0.0469,0.0153,-0.0457,-0.0176,755.9675,734.5358,True,-0.0317,0.8011,913.7127,681.0,0.0152,0.4177,73200.0,0.7983,0.3421,小松マテーレ,プライム（内国株式）,繊維製品
3591,2026-10-01,3709.0,0.0065,-0.0512,-0.1283,-0.153,-0.1272,-0.1859,4039.9827,4278.4209,False,-0.0819,0.6427,5770.7559,3621.0,0.0203,5.529,370900.0,1.5296,0.5745,ワコールホールディングス,プライム（内国株式）,繊維製品
3597,2026-10-01,8920.0,-0.0045,-0.0133,-0.023,0.0113,-0.0218,-0.0215,9011.6,9100.4416,False,-0.0102,0.8995,9916.4297,8720.0,0.0109,0.1587,892000.0,0.6708,0.1647,自重堂,スタンダード（内国株式）,繊維製品
3598,2026-10-01,158.0,0.0,-0.0307,-0.0307,0.0327,-0.0295,-0.0002,164.6,161.28,True,-0.0401,0.8541,185.0,152.0,0.019,0.033,15800.0,1.419,0.3333,山喜,スタンダード（内国株式）,繊維製品
3600,2026-10-01,1800.0,0.0,0.0286,0.0465,0.0526,0.0477,0.0198,1745.24,1721.3733,True,0.0314,1.0,1800.0,1528.9204,0.0032,0.0023,180000.0,0.6514,1.4,フジックス,スタンダード（内国株式）,繊維製品
3607,2026-10-01,357.0,-0.0138,-0.0351,0.0113,0.0371,0.0125,0.0042,359.0022,358.5981,True,-0.0056,0.8623,414.0,299.4648,0.0284,0.1666,35700.0,2.5145,0.6014,クラウディアホールディングス,スタンダード（内国株式）,繊維製品
3608,2026-10-01,1207.0,-0.0008,-0.0243,-0.0474,0.0405,-0.0462,0.0077,1241.52,1220.0267,True,-0.0278,0.7843,1539.0,906.5087,0.0163,2.7524,120700.0,0.9583,0.3207,ＴＳＩホールディングス,プライム（内国株式）,繊維製品
3611,2026-10-01,2400.0,-0.0083,0.0017,-0.0404,-0.0004,-0.0392,-0.0333,2433.68,2448.9333,True,-0.0138,0.8791,2730.0,1906.6135,0.0149,0.6285,240000.0,0.6412,0.1481,マツオカコーポレーション,スタンダード（内国株式）,繊維製品
3612,2026-10-01,1563.0,0.0013,-0.0243,-0.0393,0.0045,-0.0382,-0.0284,1603.8793,1582.9366,True,-0.0255,0.9214,1696.3965,1276.6437,0.0154,4.0592,156300.0,0.6593,0.349,ワールド,プライム（内国株式）,繊維製品
3622,2026-10-01,495.0,-0.002,-0.01,-0.01,-0.002,-0.0088,-0.0349,496.84,499.0,False,-0.0037,0.7216,685.9573,478.0,0.0118,0.0142,49500.0,1.0239,0.2049,ネットイヤーグループ,スタンダード（内国株式）,情報・通信業
3623,2026-10-01,1291.0,0.0078,0.0246,-0.0145,0.2202,-0.0133,0.1874,1268.84,1120.4667,True,0.0175,0.978,1320.0,945.8476,0.0242,0.2352,129100.0,0.5292,0.1602,ビリングシステム,グロース（内国株式）,情報・通信業
3624,2026-10-01,85.0,-0.0449,-0.0556,-0.0341,0.0625,-0.0329,0.0296,87.68,77.24,True,-0.0306,0.6296,135.0,48.0,0.084,0.8335,8500.0,0.95,0.266,アクセルマーク,グロース（内国株式）,情報・通信業
3625,2026-10-01,731.0,-0.0108,0.075,0.1042,0.3339,0.1054,0.3011,676.64,619.9921,True,0.0803,0.8777,832.8417,512.518,0.0295,0.0887,73100.0,0.3941,0.3477,テックファームホールディングス,グロース（内国株式）,情報・通信業
3626,2026-10-01,3948.0,0.0038,-0.0029,-0.004,0.2007,-0.0029,0.1679,3946.7035,3632.8478,True,0.0003,0.7404,5332.0308,2856.6214,0.0262,38.6146,394800.0,1.0492,0.2667,ＴＩＳＩ,プライム（内国株式）,情報・通信業
3627,2026-10-01,272.0,-0.0073,0.0342,0.0226,0.0075,0.0237,-0.0253,266.44,267.7083,False,0.0209,0.818,332.5,241.1866,0.0165,0.0467,27200.0,1.0651,0.3778,テクミラホールディングス,スタンダード（内国株式）,情報・通信業
3628,2026-10-01,717.0,0.0346,-0.0028,0.191,0.434,0.1922,0.4011,660.68,590.8533,True,0.0852,0.9598,747.0,422.0,0.0383,0.0958,71700.0,1.1932,0.3391,データホライゾン,グロース（内国株式）,情報・通信業
3632,2026-10-01,422.0,0.0096,0.0,-0.0186,0.0904,-0.0174,0.0576,419.92,401.981,True,0.005,0.9605,439.3714,336.6,0.0184,2.1921,42200.0,0.78,0.2312,グリーホールディングス,プライム（内国株式）,情報・通信業
3633,2026-10-01,2699.0,0.0147,0.0477,-0.0182,0.5923,-0.017,0.5595,2580.44,2054.08,True,0.0459,0.9818,2749.0,1556.0,0.0232,0.5317,269900.0,1.0181,0.3636,ＧＭＯペパボ,スタンダード（内国株式）,情報・通信業
3634,2026-10-01,598.0,0.005,-0.0116,-0.0083,0.0736,-0.0071,0.0408,594.96,582.64,True,0.0051,0.5431,1101.0,536.0,0.0124,0.0109,59800.0,0.5701,0.3231,ソケッツ,スタンダード（内国株式）,情報・通信業
3635,2026-10-01,1653.5,0.0058,-0.0219,-0.0311,0.061,-0.0299,0.0281,1677.26,1604.6267,True,-0.0142,0.7905,2091.686,1417.5,0.0209,14.6229,165350.0,0.8398,0.3337,コーエーテクモホールディングス,プライム（内国株式）,情報・通信業
3636,2026-10-01,4840.0,0.0021,-0.0011,-0.062,0.072,-0.0609,0.0391,4950.0171,4756.139,True,-0.0222,0.9184,5270.0,4375.0,0.0182,1.7808,484000.0,0.7203,0.3152,三菱総合研究所,プライム（内国株式）,情報・通信業
3639,2026-10-01,234.0,0.013,-0.0043,0.0218,0.0884,0.023,0.0555,232.88,226.9867,True,0.0048,0.7312,320.0,198.0,0.014,0.0105,23400.0,0.3923,0.2435,ボルテージ,スタンダード（内国株式）,情報・通信業
3640,2026-10-01,2705.0,-0.0092,-0.0311,-0.0549,0.1433,-0.0537,0.1104,2791.8632,2577.9677,True,-0.0311,0.7122,3797.8826,2200.0,0.0205,0.25,270500.0,1.1373,0.3575,電算,スタンダード（内国株式）,情報・通信業
3641,2026-10-01,997.0,-0.001,0.0,0.0112,0.0226,0.0123,-0.0103,990.88,966.28,True,0.0062,0.8978,1110.5135,888.609,0.0059,0.0405,99700.0,0.9235,0.1349,パピレス,スタンダード（内国株式）,情報・通信業
3645,2026-10-01,256.0,-0.0116,0.0,0.0323,0.0711,0.0334,0.0383,259.44,247.52,False,-0.0133,0.8061,317.5972,225.0,0.0301,0.4979,25600.0,0.3288,0.2333,メディカルネット,グロース（内国株式）,情報・通信業
3646,2026-10-01,344.0,0.0,-0.0391,-0.0227,0.052,-0.0216,0.0191,351.68,338.8267,True,-0.0218,0.7943,433.0707,291.9798,0.0154,0.0544,34400.0,0.7783,0.3973,駅探,スタンダード（内国株式）,情報・通信業
3647,2026-10-01,115.0,-0.0086,-0.0086,-0.0726,-0.0171,-0.0714,-0.0499,119.72,117.48,True,-0.0394,0.4812,239.0,106.0,0.028,0.1019,11500.0,0.2174,0.3111,アスリナ,スタンダード（内国株式）,情報・通信業
3648,2026-10-01,1040.0,-0.0048,-0.0105,-0.0571,-0.0622,-0.056,-0.0951,1062.318,1073.986,True,-0.021,0.6621,1570.7721,996.0,0.0131,0.0941,104000.0,0.9204,0.2047,ＡＧＳ,スタンダード（内国株式）,情報・通信業
3649,2026-10-01,865.0,0.0213,-0.0292,0.0225,0.0679,0.0236,0.035,862.0,843.511,True,0.0035,0.8832,979.3388,705.2902,0.0287,0.5587,86500.0,0.8392,0.3057,ファインデックス,プライム（内国株式）,情報・通信業
3652,2026-10-01,3245.0,-0.0015,0.022,0.2315,0.3256,0.2327,0.2927,2691.52,2525.2533,False,0.2056,0.8268,3925.0,1940.0,0.0594,2.0418,324500.0,2.0788,0.4802,ディジタルメディアプロフェッショナル,グロース（内国株式）,情報・通信業
3653,2026-10-01,970.0,-0.05,-0.1521,-0.0646,0.6413,-0.0635,0.6084,1093.32,790.64,True,-0.1128,0.5777,1679.0,557.0,0.158,27.3534,97000.0,0.7943,0.203,モルフォ,グロース（内国株式）,情報・通信業
3656,2026-10-01,180.0,-0.011,-0.0217,-0.0674,-0.0909,-0.0662,-0.1238,184.6,204.7467,False,-0.0249,0.4036,446.0,171.0,0.0306,3.4059,18000.0,0.3685,0.2909,ＫＬａｂ,プライム（内国株式）,情報・通信業
3657,2026-10-01,351.0,-0.0085,-0.064,-0.059,0.086,-0.0578,0.0531,366.36,340.2052,True,-0.0419,0.8864,396.0,274.3882,0.0313,1.1253,35100.0,1.9914,0.4182,ポールトゥウィンホールディングス,プライム（内国株式）,情報・通信業
3659,2026-10-01,2656.5,0.0089,-0.0241,-0.162,0.1889,-0.1608,0.156,3018.0674,2605.6295,True,-0.1198,0.6077,4371.7393,2080.3721,0.0397,111.2388,265650.0,1.3967,0.5955,ネクソン,プライム（内国株式）,情報・通信業
365A,2026-10-01,786.0,-0.0101,-0.0113,-0.0076,0.094,-0.0064,0.0612,785.9947,759.4272,True,0.0,0.9837,799.0,516.0946,0.0105,0.2577,78600.0,0.6655,0.2534,伊澤タオル,スタンダード（内国株式）,繊維製品
3660,2026-10-01,496.0,0.0442,-0.008,-0.0815,0.2718,-0.0803,0.2389,504.32,448.319,True,-0.0165,0.8717,569.0,354.0274,0.0323,4.8371,49600.0,0.7055,0.2625,アイスタイル,プライム（内国株式）,情報・通信業
3661,2026-10-01,821.0,0.0199,0.0123,-0.0156,0.111,-0.0144,0.0781,814.92,770.72,True,0.0075,0.7437,1103.9476,590.0,0.026,3.5404,82100.0,0.6569,0.1873,エムアップホールディングス,プライム（内国株式）,情報・通信業
3662,2026-10-01,952.0,0.0,0.0237,-0.0423,-0.0524,-0.0411,-0.0853,950.84,959.9163,True,0.0012,0.7566,1258.2649,872.5727,0.0134,0.7655,95200.0,0.5342,0.2268,エイチームホールディングス,プライム（内国株式）,情報・通信業
3663,2026-10-01,1802.0,0.0146,-0.0291,-0.0773,-0.059,-0.0762,-0.0919,1849.72,1856.0399,True,-0.0258,0.8524,2114.0,1228.2914,0.0293,3.5702,180200.0,0.802,0.3368,セルシス,プライム（内国株式）,情報・通信業
3664,2026-10-01,25.0,-0.0385,0.0417,-0.0385,0.0,-0.0373,-0.0329,25.2,23.64,False,-0.0079,0.3333,75.0,20.0,0.0771,9.3266,2500.0,1.3228,0.2593,ＷＩＺＥ,グロース（内国株式）,情報・通信業
3665,2026-10-01,415.0,0.0097,0.0073,-0.046,0.0696,-0.0448,0.0367,418.92,404.6933,True,-0.0094,0.8399,494.1176,340.0,0.0186,0.6775,41500.0,0.9136,0.2204,エニグモ,プライム（内国株式）,情報・通信業
3667,2026-10-01,28.0,0.0,0.0,0.0,-0.125,0.0012,-0.1579,27.6,28.3067,False,0.0145,0.2373,118.0,25.0,0.051,0.0456,2800.0,0.1499,0.14,ｅｎｉｓｈ,スタンダード（内国株式）,情報・通信業
3668,2026-10-01,424.0,0.0,-0.0661,-0.045,0.0816,-0.0439,0.0488,435.84,404.5067,True,-0.0272,0.8371,506.4942,347.0,0.0253,2.1888,42400.0,1.1414,0.4013,コロプラ,プライム（内国株式）,情報・通信業
366A,2026-10-01,1175.0,-0.0257,-0.0025,-0.0192,0.0992,-0.018,0.0663,1164.4,1092.96,True,0.0091,0.7141,1645.54,869.2692,0.0235,0.332,117500.0,0.9261,0.3228,ウェルネス・コミュニケーションズ,グロース（内国株式）,サービス業
3671,2026-10-01,315.0,0.0396,0.0261,0.0161,0.05,0.0173,0.0171,306.88,308.04,True,0.0265,0.7787,404.54,270.0,0.0213,0.0452,31500.0,0.5016,0.2532,ソフトマックス,スタンダード（内国株式）,情報・通信業
3672,2026-10-01,29.0,0.0357,0.0357,-0.0333,0.0357,-0.0322,0.0029,28.92,28.0533,False,0.0028,0.3372,86.0,25.0,0.0419,0.036,2900.0,0.5709,0.1647,オルトプラス,スタンダード（内国株式）,情報・通信業
3673,2026-10-01,471.0,0.0021,-0.0348,-0.058,0.1377,-0.0568,0.1048,473.16,439.6954,True,-0.0046,0.8811,534.5783,283.1285,0.0334,3.5228,47100.0,0.7615,0.2673,ブロードリーフ,プライム（内国株式）,情報・通信業
3674,2026-10-01,331.0,-0.009,-0.0236,-0.0461,0.028,-0.045,-0.0049,338.48,326.6933,True,-0.0221,0.8922,371.0,308.0,0.0151,0.0443,33100.0,2.1901,0.34,オークファン,グロース（内国株式）,情報・通信業
3675,2026-10-01,592.0,-0.0017,-0.0133,-0.0263,0.0154,-0.0252,-0.0174,601.04,594.5644,True,-0.015,0.8526,694.3718,530.921,0.0134,0.163,59200.0,0.7358,0.2901,クロス・マーケティンググループ,スタンダード（内国株式）,情報・通信業
3676,2026-10-01,1051.0,0.0019,0.0029,-0.0076,0.3884,-0.0064,0.3555,1055.8,883.92,True,-0.0045,0.9915,1060.0,680.0,0.0027,2.264,105100.0,1.0186,0.4308,デジタルハーツホールディングス,プライム（内国株式）,情報・通信業
3678,2026-10-01,1189.0,-0.0042,-0.0349,-0.0875,-0.0965,-0.0863,-0.1294,1252.92,1280.7733,False,-0.051,0.6238,1906.1655,1189.0,0.0208,0.4486,118900.0,1.2461,0.3358,メディアドゥ,プライム（内国株式）,情報・通信業
3679,2026-10-01,431.0,-0.0023,-0.0115,-0.0691,0.0939,-0.068,0.0611,445.28,420.1467,True,-0.0321,0.7614,566.0328,371.0,0.0201,2.0721,43100.0,1.5604,0.3702,じげん,プライム（内国株式）,情報・通信業
367A,2026-10-01,2910.0,-0.0038,0.0582,-0.0119,0.0097,-0.0107,-0.0231,2842.6295,2779.7932,True,0.0237,0.962,3024.9473,1733.2589,0.0244,1.1664,291000.0,0.5679,0.3444,プリモグローバルホールディングス,スタンダード（内国株式）,小売業
3680,2026-10-01,204.0,-0.0097,0.0,-0.0192,-0.0467,-0.0181,-0.0796,206.04,211.3699,False,-0.0099,0.641,318.2377,189.1246,0.0137,0.0917,20400.0,1.4069,0.2154,ホットリンク,グロース（内国株式）,情報・通信業
3682,2026-10-01,604.0,0.0067,0.0325,0.0134,0.0117,0.0146,-0.0211,586.96,593.4667,True,0.029,0.8585,703.5743,555.0,0.0129,0.0232,60400.0,0.5776,0.3596,エンカレッジ・テクノロジ,スタンダード（内国株式）,情報・通信業
3683,2026-10-01,1084.0,-0.0082,0.0046,-0.0671,0.0334,-0.066,0.0005,1105.16,1069.96,True,-0.0191,0.6822,1588.9423,940.0,0.0188,0.1718,108400.0,0.605,0.1615,サイバーリンクス,スタンダード（内国株式）,情報・通信業
3686,2026-10-01,58.0,-0.0333,-0.0333,-0.0333,-0.2162,-0.0322,-0.2491,60.36,65.2933,False,-0.0391,0.3694,157.0,56.0,0.0603,0.3196,5800.0,2.8119,0.6286,ディー・エル・イー,スタンダード（内国株式）,情報・通信業
3687,2026-10-01,2293.0,0.0237,0.0312,-0.0035,-0.0184,-0.0023,-0.0513,2203.9045,2259.6348,False,0.0404,0.6214,3690.0,1186.0,0.0355,12.4203,229300.0,0.6291,0.1966,フィックスターズ,プライム（内国株式）,情報・通信業
368A,2026-10-01,1406.0,-0.0147,-0.0154,-0.0652,0.0323,-0.064,-0.0006,1449.08,1400.32,True,-0.0297,0.8546,1645.147,1155.0,0.0224,1.2968,140600.0,0.7896,0.2768,北里,プライム（内国株式）,精密機器
3690,2026-10-01,543.0,-0.0055,-0.0386,-0.0355,0.015,-0.0344,-0.0179,570.3028,548.2609,True,-0.0479,0.8165,665.0,510.0,0.0164,0.0744,54300.0,1.3606,0.4819,イルグルム,スタンダード（内国株式）,情報・通信業
3691,2026-10-01,1816.0,-0.0152,-0.0502,-0.0517,0.1671,-0.0505,0.1342,1871.0,1663.6133,True,-0.0294,0.7352,2470.0,1081.0,0.0448,0.3106,181600.0,0.7872,0.2874,デジタルプラス,グロース（内国株式）,情報・通信業
3692,2026-10-01,7590.0,0.1195,-0.0181,0.3481,0.4568,0.3493,0.424,6495.4,5533.6667,True,0.1685,0.5515,13761.6083,4395.0,0.0779,21.5929,759000.0,2.1613,0.2114,ＦＦＲＩセキュリティ,グロース（内国株式）,情報・通信業
3694,2026-10-01,472.0,0.0085,-0.0308,0.0261,0.1712,0.0272,0.1384,452.32,426.2933,True,0.0435,0.7295,647.0,380.0,0.0318,0.8743,47200.0,1.4346,0.24,オプティム,プライム（内国株式）,情報・通信業
3695,2026-10-01,1648.0,-0.0374,-0.0254,0.1373,0.1573,0.1385,0.1244,1579.04,1505.1867,False,0.0437,0.741,2224.0,1403.0,0.032,0.1826,164800.0,1.1208,0.2523,ＧＭＯプロダクトプラットフォーム,グロース（内国株式）,情報・通信業
3696,2026-10-01,2110.0,-0.0195,-0.0383,-0.0452,-0.0348,-0.0441,-0.0676,2181.6,2094.5467,True,-0.0328,0.7697,2741.4287,1393.0,0.0241,1.7571,211000.0,0.528,0.3185,セレス,プライム（内国株式）,情報・通信業
3697,2026-10-01,861.6,0.0132,-0.0266,-0.0987,0.2634,-0.0975,0.2305,884.9505,805.7469,True,-0.0264,0.6137,1404.0205,587.4979,0.035,38.0442,86159.9976,0.5797,0.2299,ＳＨＩＦＴ,プライム（内国株式）,情報・通信業
3698,2026-10-01,1231.0,0.025,0.0207,-0.0049,-0.0299,-0.0037,-0.0628,1212.0018,1183.3339,True,0.0157,0.8406,1464.3706,886.6719,0.0152,0.064,123100.0,0.4984,0.2026,ＣＲＩ・ミドルウェア,スタンダード（内国株式）,情報・通信業
369A,2026-10-01,2773.0,0.0301,-0.0096,0.103,0.2727,0.1042,0.2399,2604.8593,2365.3982,True,0.0645,0.7124,3892.6007,1914.708,0.0279,0.2897,277300.0,0.9054,0.289,エータイ,グロース（内国株式）,サービス業
3708,2026-10-01,2148.0,-0.0272,-0.0146,-0.0236,0.1323,-0.0225,0.0995,2168.247,2058.829,True,-0.0093,0.9641,2228.0,1410.1958,0.0199,1.4085,214800.0,1.1219,0.2103,特種東海製紙,プライム（内国株式）,パルプ・紙
3710,2026-10-01,641.0,0.0,0.0063,-0.0123,0.0389,-0.0112,0.006,641.6012,627.9337,True,-0.0009,0.8083,793.0,560.0,0.0079,0.0248,64100.0,0.7989,0.2553,ジョルダン,スタンダード（内国株式）,情報・通信業
3712,2026-10-01,985.0,0.0123,-0.0138,-0.0905,0.1092,-0.0893,0.0764,1036.3904,986.2368,True,-0.0496,0.7322,1345.2973,827.0,0.0249,0.0608,98500.0,0.6321,0.4613,情報企画,スタンダード（内国株式）,情報・通信業
3719,2026-10-01,119.0,0.0171,0.0439,0.0085,-0.3389,0.0096,-0.3717,116.24,145.28,False,0.0237,0.2276,522.752,109.0,0.0288,0.2586,11900.0,0.4955,0.2333,ＡＩストーム,スタンダード（内国株式）,情報・通信業
3723,2026-10-01,2590.0,-0.0339,-0.1201,-0.0733,-0.0707,-0.0722,-0.1035,2750.9693,2701.3898,True,-0.0585,0.8506,3045.0,1301.0,0.0357,0.4942,259000.0,1.4174,0.4473,日本ファルコム,グロース（内国株式）,情報・通信業
3726,2026-10-01,336.0,0.0,-0.1273,-0.1724,-0.0147,-0.1713,-0.0475,390.68,375.64,True,-0.14,0.5201,646.0,314.0,0.023,0.1005,33600.0,2.1801,0.8815,フォーシーズＨＤ,スタンダード（内国株式）,小売業
3727,2026-10-01,166.0,0.0061,0.0,0.0247,0.1942,0.0258,0.1614,164.12,147.8267,True,0.0115,0.6434,258.0,121.0,0.0293,0.1064,16600.0,0.5619,0.2676,アプリックス,グロース（内国株式）,情報・通信業
372A,2026-10-01,5680.0,0.0035,0.0143,0.0107,0.144,0.0118,0.1112,5579.2,5371.0,True,0.0181,0.8852,6416.4312,4765.0,0.0163,0.2356,568000.0,0.5743,0.28,レント,スタンダード（内国株式）,サービス業
3733,2026-10-01,11590.0,0.0078,-0.0317,-0.0661,0.0339,-0.0649,0.001,12056.8,11333.8667,True,-0.0387,0.7836,14790.0,9720.0,0.0224,0.618,1159000.0,0.316,0.3077,ソフトウェア・サービス,スタンダード（内国株式）,情報・通信業
373A,2026-10-01,1516.0,-0.0007,0.0243,0.0376,-0.0092,0.0388,-0.042,1475.4,1490.3733,False,0.0275,0.4103,3695.0,1455.0,0.0065,0.0362,151600.0,0.795,0.6043,リップス,グロース（内国株式）,化学
3741,2026-10-01,3245.0,0.0031,-0.0255,0.0093,0.0302,0.0105,-0.0027,3210.0,3155.3467,False,0.0109,0.7443,4360.0,2202.5079,0.028,2.13,324500.0,0.6405,0.3803,セック,プライム（内国株式）,情報・通信業
3744,2026-10-01,467.0,-0.0064,0.0021,0.0021,-0.0897,0.0033,-0.1225,460.32,482.4,False,0.0145,0.7378,633.0,405.0,0.0132,0.054,46700.0,0.3175,0.2279,サイオス,スタンダード（内国株式）,情報・通信業
3747,2026-10-01,408.0,0.0074,0.0025,-0.0706,0.0175,-0.0695,-0.0154,416.72,410.96,False,-0.0209,0.3757,1086.0,370.0,0.0207,0.1197,40800.0,0.6031,0.2136,インタートレード,スタンダード（内国株式）,情報・通信業
3750,2026-10-01,798.0,-0.0075,-0.0612,0.0,0.0377,0.0012,0.0049,823.64,801.8133,True,-0.0311,0.8409,949.0,759.0,0.0204,0.0693,79800.0,1.2956,0.4851,ＡＤＲバイオメディカルホールディングス,スタンダード（内国株式）,情報・通信業
3753,2026-10-01,214.0,-0.0183,0.019,-0.1193,0.2663,-0.1182,0.2334,221.12,198.16,True,-0.0322,0.8075,265.0,125.0,0.0404,0.2749,21400.0,0.3258,0.2314,フライトソリューションズ,スタンダード（内国株式）,情報・通信業
3758,2026-10-01,249.0,0.004,0.004,-0.004,0.0779,-0.0028,0.0451,247.48,240.6,True,0.0061,0.8022,310.3972,224.0,0.0118,0.0376,24900.0,0.508,0.239,アエリア,スタンダード（内国株式）,情報・通信業
3760,2026-10-01,726.0,-0.0027,0.0154,0.0055,0.105,0.0067,0.0722,716.44,701.76,True,0.0133,0.7578,958.0,591.0,0.0212,0.07,72600.0,0.5124,0.3386,ケイブ,スタンダード（内国株式）,情報・通信業
3762,2026-10-01,2504.0,0.0109,0.0009,0.015,0.4099,0.0162,0.3771,2438.4192,2132.1131,True,0.0269,0.9789,2558.0,1610.748,0.0253,6.2016,250400.0,1.2062,0.166,テクマトリックス,プライム（内国株式）,情報・通信業
3763,2026-10-01,2085.0,-0.0029,-0.0275,-0.0774,0.22,-0.0763,0.1872,2112.12,1941.32,True,-0.0128,0.8274,2520.0,1311.0081,0.0381,1.2392,208500.0,0.9519,0.315,プロシップ,プライム（内国株式）,情報・通信業
3765,2026-10-01,2421.0,-0.0045,-0.0389,-0.0933,0.0324,-0.0921,-0.0004,2505.44,2393.2133,True,-0.0337,0.8654,2797.6799,2125.0,0.0226,6.4994,242100.0,0.7358,0.3491,ガンホー・オンライン・エンターテイメント,プライム（内国株式）,情報・通信業
3766,2026-10-01,1536.0,0.0099,0.0378,0.0855,0.142,0.0867,0.1092,1457.28,1402.4,True,0.054,0.9777,1571.0,1148.6999,0.0316,0.0462,153600.0,2.1689,0.3113,システムズ・デザイン,スタンダード（内国株式）,情報・通信業
3768,2026-10-01,550.0,-0.0108,-0.0334,-0.0265,-0.009,-0.0254,-0.0419,561.44,560.1067,True,-0.0204,0.8916,616.8895,478.9394,0.017,0.0169,55000.0,1.3102,0.2885,リスクモンスター,スタンダード（内国株式）,情報・通信業
3769,2026-10-01,8601.0,0.007,0.0048,-0.0893,-0.0955,-0.0881,-0.1283,8866.4608,9218.9269,True,-0.0299,0.8227,10455.0,6885.0,0.0269,27.8672,860100.0,1.0521,0.2201,ＧＭＯペイメントゲートウェイ,プライム（内国株式）,情報・通信業
3771,2026-10-01,1877.0,0.0037,-0.0234,-0.0448,0.0504,-0.0436,0.0175,1908.48,1848.2267,True,-0.0165,0.8578,2188.1703,1601.7791,0.0209,2.0269,187700.0,1.5732,0.2571,システムリサーチ,プライム（内国株式）,情報・通信業
3772,2026-10-01,1064.0,-0.0093,-0.0397,-0.0397,0.0221,-0.0386,-0.0108,1096.08,1070.8667,True,-0.0293,0.9315,1142.2836,994.1007,0.013,0.2437,106400.0,1.4029,0.4546,ウェルス・マネジメント,スタンダード（内国株式）,不動産業
3773,2026-10-01,1074.0,0.019,0.0367,0.0009,-0.0376,0.0021,-0.0705,1052.4,1067.7067,True,0.0205,0.8995,1194.0,889.0,0.0219,0.3261,107400.0,0.7994,0.2638,アドバンスト・メディア,グロース（内国株式）,情報・通信業
3774,2026-10-01,3453.0,0.0165,0.0092,0.0192,0.0429,0.0203,0.01,3353.1735,3357.9512,True,0.0298,0.946,3650.0,2081.2743,0.0219,15.3665,345300.0,0.8588,0.1917,インターネットイニシアティブ,プライム（内国株式）,情報・通信業
3776,2026-10-01,269.0,-0.0037,0.0508,0.0717,-0.0393,0.0729,-0.0721,250.0,258.5873,False,0.076,0.8878,303.0,154.7561,0.0337,0.9944,26900.0,1.257,0.6945,ブロードバンドタワー,スタンダード（内国株式）,情報・通信業
3777,2026-10-01,47.0,0.0217,0.0682,-0.0208,-0.0408,-0.0197,-0.0737,46.04,48.1067,False,0.0209,0.5732,82.0,39.0,0.0456,0.4131,4700.0,0.9836,0.2333,環境フレンドリーホールディングス,グロース（内国株式）,情報・通信業
3778,2026-10-01,4000.0,0.105,0.0444,0.0217,0.4322,0.0229,0.3993,3695.2,3309.5333,True,0.0825,0.9195,4350.0,2448.0,0.0424,26.9524,400000.0,0.639,0.2947,さくらインターネット,プライム（内国株式）,情報・通信業
3779,2026-10-01,120.0,0.0,-0.0164,-0.0769,-0.0909,-0.0758,-0.1238,127.0,129.9733,False,-0.0551,0.5581,215.0,117.0,0.0292,0.0301,12000.0,1.1049,0.3714,ジェイ・エスコムホールディングス,スタンダード（内国株式）,情報・通信業
3788,2026-10-01,1973.0,-0.0095,-0.015,-0.0776,-0.0422,-0.0764,-0.0751,2004.24,2084.4133,True,-0.0156,0.802,2459.9814,1830.0,0.024,0.8097,197300.0,1.3043,0.2467,ＧＭＯグローバルサイン・ホールディングス,プライム（内国株式）,情報・通信業
378A,2026-10-01,925.0,0.012,0.0131,-0.0842,-0.0931,-0.083,-0.126,939.92,1012.7557,False,-0.0159,0.6184,1495.7804,794.8166,0.0207,0.5694,92500.0,0.6719,0.1672,ヒット,グロース（内国株式）,サービス業
3791,2026-10-01,1101.0,0.0082,0.0157,0.0242,-0.1881,0.0253,-0.2209,1065.84,1145.32,False,0.033,0.7081,1554.9604,930.0,0.0231,0.5947,110100.0,0.4515,0.3539,ＩＧポート,スタンダード（内国株式）,情報・通信業
3793,2026-10-01,555.0,0.0128,-0.0348,0.0413,0.3636,0.0424,0.3308,526.88,460.0533,True,0.0534,0.9585,579.0,372.0,0.0338,0.6818,55500.0,1.3042,0.3354,ドリコム,グロース（内国株式）,情報・通信業
3796,2026-10-01,296.0,-0.0231,-0.1111,-0.0662,0.0647,-0.0651,0.0319,322.0,296.3067,True,-0.0807,0.7291,406.0,228.9653,0.0381,0.1251,29600.0,1.9645,0.443,いい生活,スタンダード（内国株式）,情報・通信業
3798,2026-10-01,541.0,0.015,-0.0509,-0.0164,0.0266,-0.0152,-0.0063,541.12,539.2533,True,-0.0002,0.6425,842.0112,465.3738,0.0253,1.1562,54100.0,0.9909,0.3208,ＵＬＳグループ,スタンダード（内国株式）,情報・通信業
3799,2026-10-01,1108.0,0.0091,-0.0247,-0.0134,0.081,-0.0122,0.0481,1126.4848,1086.2016,True,-0.0164,0.8706,1272.6994,959.0,0.0135,0.0777,110800.0,1.5684,0.3483,キーウェアソリューションズ,スタンダード（内国株式）,情報・通信業
3800,2026-10-01,1960.0,-0.0051,0.0094,-0.0051,0.0005,-0.0039,-0.0323,1967.2121,1963.044,True,-0.0037,0.9584,2045.0,1844.8719,0.0075,0.042,196000.0,0.8759,0.3893,ユニリタ,スタンダード（内国株式）,情報・通信業
3802,2026-10-01,485.0,-0.0021,-0.0434,-0.03,0.0146,-0.0288,-0.0182,500.8,490.3333,True,-0.0315,0.928,522.6062,421.3938,0.0099,0.0101,48500.0,1.0757,0.606,エコミック,スタンダード（内国株式）,情報・通信業
3803,2026-10-01,724.0,-0.1716,0.1928,0.1888,0.5739,0.19,0.5411,629.08,540.7333,True,0.1509,0.6773,1069.0,405.0,0.0804,0.3914,72400.0,2.289,0.5411,イメージ情報開発,グロース（内国株式）,情報・通信業
3804,2026-10-01,452.0,-0.0022,0.018,-0.0153,0.0391,-0.0141,0.0062,457.92,445.7467,False,-0.0129,0.6409,705.294,407.0,0.0223,0.0267,45200.0,1.6915,0.2383,システム　ディ,スタンダード（内国株式）,情報・通信業
3807,2026-10-01,90.0,-0.0217,-0.0323,0.0227,0.0345,0.0239,0.0016,88.96,87.2933,False,0.0117,0.5844,154.0,79.0,0.0262,0.2564,9000.0,1.0922,0.297,フィスコ,グロース（内国株式）,情報・通信業
3810,2026-10-01,188.0,0.0162,-0.0053,0.0994,0.0217,0.1006,-0.0111,184.16,185.9067,False,0.0209,0.4169,451.0,146.0,0.0399,1.0363,18800.0,0.3245,0.2,サイバーステップホールディングス,スタンダード（内国株式）,情報・通信業
3815,2026-10-01,431.0,0.0,-0.0069,0.0,-0.0336,0.0012,-0.0665,433.88,442.6667,False,-0.0066,0.8102,532.0,421.0,0.0068,0.0317,43100.0,0.5193,0.4098,メディア工房,グロース（内国株式）,情報・通信業
3816,2026-10-01,1116.0,0.0136,0.0164,-0.0202,0.0132,-0.019,-0.0197,1119.4,1110.6772,True,-0.003,0.9496,1175.2565,1061.173,0.0092,0.0125,111600.0,0.8699,0.35,大和コンピューター,スタンダード（内国株式）,情報・通信業
3817,2026-10-01,4790.0,0.0063,0.0208,-0.0401,0.0539,-0.0389,0.021,4809.3265,4675.3755,True,-0.004,0.8354,5733.776,4270.0,0.0167,1.7998,479000.0,1.0659,0.2329,ＳＲＡホールディングス,プライム（内国株式）,情報・通信業
3823,2026-10-01,40.0,-0.0244,0.0,0.2903,0.3333,0.2915,0.3005,36.16,32.8133,True,0.1062,0.5,80.0,28.0,0.1196,2.8876,4000.0,4.8203,0.3761,ＴＨＥ　ＷＨＹ　ＨＯＷ　ＤＯ　ＣＯＭＰＡＮＹ,スタンダード（内国株式）,情報・通信業
3825,2026-10-01,257.0,-0.0115,0.049,0.0708,0.4121,0.072,0.3792,236.4,215.8133,True,0.0871,0.72,356.9604,148.0,0.0378,3.0979,25700.0,0.7015,0.4838,リミックスポイント,スタンダード（内国株式）,小売業
3826,2026-10-01,495.0,0.0,-0.004,0.002,0.1301,0.0032,0.0973,497.04,470.5867,True,-0.0041,0.9369,528.3449,406.4942,0.0146,0.0502,49500.0,0.5334,0.2356,システムインテグレータ,スタンダード（内国株式）,情報・通信業
3834,2026-10-01,595.0,-0.0067,-0.0008,-0.0419,-0.0357,-0.0407,-0.0685,608.6592,617.6997,True,-0.0224,0.8446,704.4631,586.0,0.0104,0.3281,59500.0,1.1266,0.2833,朝日ネット,プライム（内国株式）,情報・通信業
3835,2026-10-01,432.0,0.0117,0.0225,-0.0248,0.0511,-0.0237,0.0182,431.695,420.925,True,0.0007,0.8723,495.2643,380.6019,0.0158,0.2565,43200.0,1.0321,0.3003,ｅＢＡＳＥ,プライム（内国株式）,情報・通信業
3836,2026-10-01,1203.0,0.0152,-0.0099,0.0033,0.0282,0.0045,-0.0047,1202.64,1176.5023,True,0.0003,0.6496,1851.9339,1024.9698,0.0179,0.889,120300.0,0.7871,0.3199,アバントグループ,プライム（内国株式）,情報・通信業
3837,2026-10-01,1330.0,-0.0097,-0.006,-0.0719,-0.0376,-0.0707,-0.0705,1372.3677,1419.2826,False,-0.0309,0.6936,1917.5496,1235.5144,0.0202,1.1895,133000.0,0.6649,0.2871,アドソル日進,プライム（内国株式）,情報・通信業
3839,2026-10-01,624.0,-0.0032,0.0044,-0.0326,-0.0016,-0.0314,-0.0345,634.2602,632.4467,True,-0.0162,0.8908,700.4584,583.3846,0.0179,0.0357,62400.0,2.3228,0.3491,ＯＤＫソリューションズ,スタンダード（内国株式）,情報・通信業
3840,2026-10-01,62.0,-0.0312,-0.0159,0.069,0.0164,0.0701,-0.0165,61.04,59.2,True,0.0157,0.5586,111.0,51.0,0.0346,0.0955,6200.0,1.0055,0.2333,パス,スタンダード（内国株式）,情報・通信業
3841,2026-10-01,1310.0,0.0069,-0.0098,-0.0424,0.0908,-0.0412,0.0579,1333.12,1267.2,True,-0.0173,0.9161,1430.0,992.6074,0.0208,0.0248,131000.0,0.2365,0.1796,ジーダット,スタンダード（内国株式）,情報・通信業
3842,2026-10-01,1371.0,0.0007,0.0676,0.317,0.4758,0.3182,0.4429,1144.0769,1020.9456,True,0.1983,0.9928,1381.0,877.0,0.0365,0.1089,137100.0,2.3426,0.5579,ネクストジェン,スタンダード（内国株式）,情報・通信業
3843,2026-10-01,1663.0,-0.0113,-0.0113,-0.0812,0.1087,-0.0801,0.0758,1717.32,1614.8267,True,-0.0316,0.9137,1820.0,1317.0,0.024,0.6252,166300.0,0.8885,0.2384,フリービット,プライム（内国株式）,情報・通信業
3844,2026-10-01,1286.0,0.0078,-0.0198,-0.0593,-0.0272,-0.0581,-0.0601,1321.6376,1340.2687,False,-0.027,0.7493,1716.295,1215.1569,0.0236,4.0362,128600.0,1.3558,0.3627,コムチュア,プライム（内国株式）,情報・通信業
3845,2026-10-01,330.0,-0.0149,0.0312,0.0927,0.5421,0.0939,0.5092,309.16,251.0533,True,0.0674,0.9565,345.0,177.0,0.0539,0.4026,33000.0,0.9661,0.2249,アイフリークモバイル,スタンダード（内国株式）,情報・通信業
3848,2026-10-01,851.0,0.0143,0.029,0.0,0.0598,0.0012,0.0269,839.8,825.6667,False,0.0133,0.6946,1225.2353,764.8088,0.0162,0.0205,85100.0,1.2366,0.5658,データ・アプリケーション,スタンダード（内国株式）,情報・通信業
3850,2026-10-01,3880.0,-0.0152,-0.014,0.0558,0.27,0.0569,0.2372,3785.2,3320.6,True,0.025,0.9446,4107.5385,2501.0,0.0303,1.6402,388000.0,0.8982,0.234,エヌ・ティ・ティ・データ・イントラマート,スタンダード（内国株式）,情報・通信業
3851,2026-10-01,1353.0,-0.0259,-0.0532,-0.0604,0.6184,-0.0593,0.5856,1391.68,1098.32,True,-0.0278,0.8668,1561.0,758.4583,0.0509,2.28,135300.0,0.5603,0.2597,日本一ソフトウェア,スタンダード（内国株式）,情報・通信業
3853,2026-10-01,1089.0,0.0018,-0.0055,-0.091,-0.066,-0.0898,-0.0989,1117.28,1148.8667,False,-0.0253,0.3956,2753.0,929.6469,0.0317,1.5528,108900.0,0.5351,0.2377,アステリア,プライム（内国株式）,情報・通信業
3854,2026-10-01,2053.0,0.0054,-0.0504,-0.1895,-0.0763,-0.1883,-0.1091,2249.84,2268.2836,False,-0.0875,0.7436,2760.9502,2026.0,0.024,3.3699,205300.0,0.7606,0.3739,アイル,プライム（内国株式）,情報・通信業
3858,2026-10-01,329.0,0.0,0.0411,0.1077,0.0967,0.1089,0.0638,307.0,298.6667,False,0.0717,0.6489,507.0,280.0,0.0282,0.0868,32900.0,1.2034,0.3769,ユビキタスＡＩ,スタンダード（内国株式）,情報・通信業
3861,2026-10-01,844.4,-0.0022,-0.009,-0.0439,0.0395,-0.0428,0.0067,867.832,848.412,True,-0.027,0.8703,970.231,737.638,0.0155,29.7753,84440.0024,1.0392,0.4312,王子ホールディングス,プライム（内国株式）,パルプ・紙
3863,2026-10-01,1316.0,0.0015,0.0023,-0.0706,-0.0053,-0.0695,-0.0381,1331.9614,1344.6405,True,-0.012,0.8164,1612.0,1031.8303,0.0184,6.7892,131600.0,0.7063,0.2356,日本製紙,プライム（内国株式）,パルプ・紙
3864,2026-10-01,1250.0,0.0008,0.0254,0.0305,0.2401,0.0317,0.2072,1200.6836,1129.8945,True,0.0411,0.9944,1257.0,575.2805,0.0219,1.6708,125000.0,0.695,0.3221,三菱製紙,プライム（内国株式）,パルプ・紙
3865,2026-10-01,885.0,0.0,-0.0208,-0.0432,0.0291,-0.0421,-0.0038,905.6233,905.9011,True,-0.0228,0.8504,1040.6443,797.236,0.0178,1.7356,88500.0,0.914,0.3744,北越コーポレーション,プライム（内国株式）,パルプ・紙
386A,2026-10-01,1253.0,0.0,0.0008,-0.004,-0.0157,-0.0028,-0.0486,1253.48,1271.2499,False,-0.0004,0.575,2179.0231,1246.0,0.003,0.0346,125300.0,0.947,0.317,みのや,スタンダード（内国株式）,小売業
3877,2026-10-01,2188.0,-0.005,0.0016,-0.0276,0.0784,-0.0264,0.0455,2215.9201,2139.4534,True,-0.0126,0.9596,2280.0,1577.8345,0.0137,0.9848,218800.0,1.0824,0.3783,中越パルプ工業,プライム（内国株式）,パルプ・紙
3878,2026-10-01,994.0,0.0419,0.1736,0.1244,0.2727,0.1256,0.2399,864.36,832.1467,True,0.15,0.999,995.0,703.836,0.0282,0.4879,99400.0,1.1245,0.627,巴川コーポレーション,スタンダード（内国株式）,化学
387A,2026-10-01,919.0,-0.0033,-0.0054,-0.0065,0.0257,-0.0053,-0.0072,922.68,928.0,True,-0.004,0.3837,2395.0,801.0,0.0109,0.0195,91900.0,0.5897,0.33,フラー,グロース（内国株式）,情報・通信業
3880,2026-10-01,969.0,-0.0051,-0.0424,-0.0152,0.0464,-0.0141,0.0136,979.386,963.8487,True,-0.0106,0.7842,1235.643,807.5384,0.0225,3.2112,96900.0,1.6917,0.3527,大王製紙,プライム（内国株式）,パルプ・紙
3891,2026-10-01,7370.0,0.0604,0.0928,0.0935,-0.216,0.0946,-0.2488,6534.1045,7476.5682,False,0.1279,0.6634,11110.0,2083.6765,0.0392,8.021,737000.0,0.6999,0.5256,ニッポン高度紙工業,スタンダード（内国株式）,パルプ・紙
3892,2026-10-01,1594.0,-0.0069,-0.0069,0.0198,-0.038,0.021,-0.0709,1586.0,1609.24,False,0.005,0.779,2046.1003,1463.4241,0.0148,0.0332,159400.0,0.7046,0.2961,岡山製紙,スタンダード（内国株式）,パルプ・紙
3895,2026-10-01,428.0,-0.0161,-0.0756,-0.1083,0.0439,-0.1072,0.011,470.36,438.0933,True,-0.0901,0.7522,569.0,365.1868,0.0239,0.1003,42800.0,0.1654,0.4601,ハビックス,スタンダード（内国株式）,パルプ・紙
3896,2026-10-01,419.0,-0.0118,-0.0141,0.027,0.1355,0.0281,0.1026,412.2813,384.9338,True,0.0163,0.7237,579.0,320.0,0.0167,0.0439,41900.0,0.6869,0.2575,阿波製紙,スタンダード（内国株式）,パルプ・紙
3900,2026-10-01,673.0,-0.0059,-0.0059,-0.0275,0.1311,-0.0263,0.0982,664.6,649.1733,True,0.0126,0.6771,994.0,546.0,0.0306,0.6692,67300.0,1.3613,0.2285,クラウドワークス,グロース（内国株式）,情報・通信業
3901,2026-10-01,1534.0,0.0193,0.0179,-0.0285,0.1864,-0.0273,0.1535,1524.04,1425.12,True,0.0065,0.7424,2066.3198,1212.0,0.0187,1.0463,153400.0,0.6986,0.199,マークラインズ,プライム（内国株式）,情報・通信業
3903,2026-10-01,206.0,-0.0144,0.0098,-0.2847,-0.1381,-0.2836,-0.1709,241.64,245.28,False,-0.1475,0.3126,659.0,191.0,0.0617,1.8449,20600.0,1.3349,0.118,ｇｕｍｉ,プライム（内国株式）,情報・通信業
3904,2026-10-01,427.0,-0.0023,0.024,0.0047,0.0675,0.0059,0.0346,425.64,414.2267,True,0.0032,0.71,601.393,374.0,0.0132,0.0348,42700.0,0.6063,0.2481,カヤック,グロース（内国株式）,情報・通信業
3905,2026-10-01,2074.0,0.0293,0.1478,0.2229,-0.332,0.224,-0.3649,1662.6,2505.6133,False,0.2474,0.3378,6140.0,1270.0,0.074,93.6614,207400.0,1.7608,0.614,データセクション,グロース（内国株式）,情報・通信業
3907,2026-10-01,1980.0,0.0264,-0.0897,-0.156,1.268,-0.1549,1.2352,2097.2,1434.64,True,-0.0559,0.6627,2988.0,568.0,0.0979,8.8935,198000.0,0.4418,0.2862,シリコンスタジオ,スタンダード（内国株式）,情報・通信業
3908,2026-10-01,362.0,0.0112,-0.0082,0.0372,0.1207,0.0384,0.0879,356.8,342.1333,True,0.0146,0.7396,489.4737,270.3947,0.0209,0.0223,36200.0,1.603,0.3302,コラボス,スタンダード（内国株式）,情報・通信業
3909,2026-10-01,201.0,-0.0243,0.0361,0.0415,0.0415,0.0426,0.0086,192.52,195.7333,False,0.044,0.5964,337.0,181.0,0.0224,0.0135,20100.0,0.4375,0.4889,ショーケース,スタンダード（内国株式）,情報・通信業
3910,2026-10-01,294.0,0.0138,0.0068,0.0208,0.0614,0.022,0.0285,286.24,278.96,True,0.0271,0.916,320.9589,257.0,0.0138,0.0114,29400.0,0.8153,0.393,エムケイシステム,スタンダード（内国株式）,情報・通信業
3911,2026-10-01,172.0,0.0,0.0,-0.0652,-0.1527,-0.0641,-0.1856,177.76,184.3467,True,-0.0324,0.6121,281.0,156.0,0.0208,0.2408,17200.0,0.3575,0.308,Ａｉｍｉｎｇ,グロース（内国株式）,情報・通信業
3912,2026-10-01,1098.0,0.0046,-0.0335,-0.0317,0.0358,-0.0306,0.003,1123.96,1099.238,True,-0.0231,0.8655,1268.6335,937.7905,0.018,0.1379,109800.0,2.0717,0.4549,モバイルファクトリー,スタンダード（内国株式）,情報・通信業
3913,2026-10-01,1054.0,-0.0094,-0.0738,-0.0867,0.1432,-0.0855,0.1103,1126.44,1032.76,True,-0.0643,0.6809,1548.0,850.0,0.0369,0.0681,105400.0,0.4459,0.35,ＧｒｅｅｎＢｅｅ,スタンダード（内国株式）,情報・通信業
3914,2026-10-01,2537.0,-0.0012,-0.0631,0.0593,0.0453,0.0604,0.0125,2465.84,2407.12,False,0.0289,0.5914,4290.0,2208.0,0.0336,0.3385,253700.0,0.9476,0.3427,ＪＩＧ－ＳＡＷ,グロース（内国株式）,情報・通信業
3915,2026-10-01,2215.0,-0.004,-0.0315,-0.1051,0.0059,-0.1039,-0.027,2315.24,2305.8667,False,-0.0433,0.5962,3715.0,1494.0,0.0306,2.1111,221500.0,0.5214,0.285,テラスカイ,プライム（内国株式）,情報・通信業
3916,2026-10-01,953.0,0.0021,0.0011,-0.0155,0.1212,-0.0143,0.0883,949.96,917.3995,True,0.0032,0.6896,1381.8905,772.4914,0.0167,0.7435,95300.0,0.7235,0.2009,デジタル・インフォメーション・テクノロジー,プライム（内国株式）,情報・通信業
3917,2026-10-01,498.0,-0.004,0.0081,0.0618,0.1773,0.063,0.1444,479.72,459.3067,True,0.0381,0.685,727.0,393.0,0.0251,0.0811,49800.0,0.8863,0.224,アイリッジ,グロース（内国株式）,情報・通信業
3918,2026-10-01,1165.0,-0.0235,-0.0001,-0.0567,-0.0443,-0.0555,-0.0772,1180.164,1197.6147,False,-0.0128,0.7376,1579.3898,990.2523,0.0222,0.0999,116500.0,0.7765,0.3797,ＰＣＩホールディングス,スタンダード（内国株式）,情報・通信業
3920,2026-10-01,976.0,-0.0041,-0.002,-0.0091,-0.0191,-0.008,-0.052,988.4351,988.8517,False,-0.0126,0.9276,1052.2136,760.4814,0.0088,0.0143,97600.0,0.4363,0.3499,アイビーシー,スタンダード（内国株式）,情報・通信業
3921,2026-10-01,1604.0,-0.0056,-0.0355,-0.0349,0.0161,-0.0337,-0.0168,1637.0,1593.2146,True,-0.0202,0.8244,1945.6874,1414.2972,0.0256,0.2565,160400.0,0.845,0.2922,ネオジャパン,プライム（内国株式）,情報・通信業
3922,2026-10-01,2188.0,0.012,0.0018,-0.0122,-0.0849,-0.011,-0.1178,2179.24,2193.4933,False,0.004,0.6782,3225.9522,1971.0,0.017,0.6962,218800.0,0.634,0.3144,ＰＲ　ＴＩＭＥＳ,プライム（内国株式）,情報・通信業
3923,2026-10-01,1017.0,0.015,-0.0522,-0.1263,0.0109,-0.1251,-0.0219,1076.32,1033.0173,True,-0.0551,0.7359,1382.0577,715.2025,0.033,17.8257,101700.0,0.8471,0.3233,ラクス,プライム（内国株式）,情報・通信業
3925,2026-10-01,1310.0,0.0023,-0.0023,-0.0548,0.0962,-0.0537,0.0634,1318.84,1260.12,True,-0.0067,0.7269,1802.2101,1140.0,0.0171,0.5089,131000.0,0.6562,0.1565,ダブルスタンダード,プライム（内国株式）,情報・通信業
3926,2026-10-01,417.0,-0.0302,-0.0142,0.0072,0.3113,0.0084,0.2785,428.36,380.56,True,-0.0265,0.8424,495.0,225.0,0.056,0.2009,41700.0,0.5465,0.3254,オープンドア,スタンダード（内国株式）,情報・通信業
3927,2026-10-01,919.0,0.0291,0.019,0.0291,-0.0043,0.0303,-0.0372,893.6339,929.2513,False,0.0284,0.7266,1264.87,687.7731,0.0254,0.2008,91900.0,0.8403,0.2516,フーバーブレイン,スタンダード（内国株式）,情報・通信業
3928,2026-10-01,240.0,0.0084,-0.0041,0.0213,0.0619,0.0224,0.0291,238.24,234.28,False,0.0074,0.6916,347.0,211.0,0.0182,0.0173,24000.0,0.3009,0.1607,マイネット,スタンダード（内国株式）,情報・通信業
3929,2026-10-01,243.0,-0.0202,-0.069,-0.0082,-0.1444,-0.007,-0.1772,243.96,257.32,False,-0.0039,0.648,375.0,227.0,0.0235,0.0943,24300.0,0.883,0.49,ソーシャルワイヤー,グロース（内国株式）,情報・通信業
3930,2026-10-01,743.0,-0.0027,-0.03,-0.0363,-0.3482,-0.0352,-0.3811,770.12,898.0133,False,-0.0352,0.5483,1355.0,716.0,0.0158,0.075,74300.0,0.2198,0.2988,はてな,グロース（内国株式）,情報・通信業
3931,2026-10-01,1483.0,0.0007,-0.0047,-0.0205,-0.2449,-0.0193,-0.2778,1502.28,1664.64,False,-0.0128,0.7452,1990.0,1378.6768,0.0055,0.0171,148300.0,0.2153,0.4139,バリューゴルフ,グロース（内国株式）,情報・通信業
3932,2026-10-01,1288.0,0.0362,0.0536,-0.6747,-0.5649,-0.6736,-0.5977,3114.9518,3061.0106,False,-0.5865,0.32,4025.0,1205.0,0.2249,3.3955,128800.0,1.7941,0.9389,アカツキ,プライム（内国株式）,情報・通信業
3933,2026-10-01,534.0,-0.0074,-0.0129,-0.0632,0.1195,-0.062,0.0866,550.48,508.2533,True,-0.0299,0.7188,742.9403,423.0,0.0155,0.0156,53400.0,0.3675,0.2172,チエル,スタンダード（内国株式）,情報・通信業
3934,2026-10-01,2310.0,0.0,0.0065,0.0087,0.0,0.0099,-0.0329,2300.4,2257.5333,True,0.0042,0.9127,2531.0,1625.5538,0.013,0.0333,231000.0,0.9044,0.2606,ベネフィットジャパン,スタンダード（内国株式）,情報・通信業
3935,2026-10-01,741.0,-0.0027,0.0123,0.0207,0.0137,0.0218,-0.0192,720.44,708.5333,True,0.0285,0.5802,1277.1003,612.0,0.0186,0.2026,74100.0,0.6486,0.2756,エディア,スタンダード（内国株式）,情報・通信業
3936,2026-10-01,128.0,-0.0154,-0.0376,-0.1467,-0.1579,-0.1455,-0.1908,138.16,151.7333,False,-0.0735,0.4588,279.0,117.0,0.0296,0.4118,12800.0,0.4607,0.2113,グローバルウェイ,グロース（内国株式）,情報・通信業
3937,2026-10-01,1158.0,0.0149,0.0052,-0.0593,0.1603,-0.0581,0.1275,1185.64,1078.0533,True,-0.0233,0.8813,1314.0,873.6256,0.0237,0.6332,115800.0,0.5889,0.2764,Ｕｂｉｃｏｍホールディングス,スタンダード（内国株式）,情報・通信業
3939,2026-10-01,501.0,0.0,0.0395,-0.0547,0.0224,-0.0536,-0.0104,499.5163,499.3721,False,0.003,0.8593,583.0,445.0,0.0165,0.8532,50100.0,1.1365,0.3145,カナミックネットワーク,プライム（内国株式）,情報・通信業
3940,2026-10-01,131.0,0.0155,0.0,0.0,0.1593,0.0012,0.1264,130.84,122.0667,True,0.0012,0.8792,149.0,108.0,0.0251,0.265,13100.0,0.7304,0.3043,ノムラシステムコーポレーション,スタンダード（内国株式）,情報・通信業
3941,2026-10-01,1516.0,-0.0023,0.0031,-0.0699,0.0779,-0.0688,0.045,1546.5121,1502.1974,True,-0.0197,0.9105,1665.0,883.0,0.0198,14.1573,151600.0,1.0236,0.3151,レンゴー,プライム（内国株式）,パルプ・紙
3943,2026-10-01,1312.0,-0.0046,0.0092,-0.0194,0.0589,-0.0183,0.0261,1319.9592,1287.7731,True,-0.006,0.8908,1472.8078,1200.0,0.0103,0.0304,131200.0,0.6771,0.2818,大石産業,スタンダード（内国株式）,パルプ・紙
3944,2026-10-01,3100.0,0.0,0.0098,-0.0174,0.2684,-0.0163,0.2356,3162.6,2803.7632,True,-0.0198,0.9509,3260.0,2187.1255,0.0115,0.0178,310000.0,0.3385,0.406,古林紙工,スタンダード（内国株式）,パルプ・紙
3945,2026-10-01,2213.0,0.0068,0.0147,0.0119,0.011,0.013,-0.0219,2180.16,2193.76,True,0.0151,0.7741,2858.9786,2081.0,0.0082,0.0485,221300.0,0.7469,0.3514,スーパーバッグ,スタンダード（内国株式）,パルプ・紙
3946,2026-10-01,4455.0,-0.0011,0.0215,0.0,0.1208,0.0012,0.0879,4424.4226,4313.8075,True,0.0069,0.9243,4820.0,3125.1661,0.0188,2.7106,445500.0,0.6133,0.2131,トーモク,プライム（内国株式）,パルプ・紙
3947,2026-10-01,2538.0,-0.0047,0.0317,0.0355,0.1407,0.0367,0.1078,2479.0,2331.4533,True,0.0238,0.9149,2774.0,1960.0,0.022,0.0875,253800.0,1.419,0.4488,ダイナパック,スタンダード（内国株式）,パルプ・紙
3948,2026-10-01,1190.0,0.0042,0.0059,0.0223,0.0673,0.0235,0.0344,1175.68,1142.484,True,0.0122,0.8757,1358.862,918.9426,0.0083,0.021,119000.0,0.9266,0.5783,光ビジネスフォーム,スタンダード（内国株式）,パルプ・紙
3950,2026-10-01,1437.0,-0.0062,-0.0117,-0.0669,0.0582,-0.0657,0.0253,1471.68,1425.8947,True,-0.0236,0.9295,1546.0,1151.836,0.0166,1.2985,143700.0,0.696,0.2892,ザ・パック,プライム（内国株式）,パルプ・紙
3951,2026-10-01,891.0,0.0011,0.0001,-0.0166,0.0206,-0.0154,-0.0122,902.8704,885.0901,True,-0.0131,0.9674,921.0,830.8989,0.0097,0.1545,89100.0,0.7378,0.3248,朝日印刷,スタンダード（内国株式）,パルプ・紙
3953,2026-10-01,796.0,-0.005,0.0025,0.0013,0.0543,0.0024,0.0214,792.16,779.8,True,0.0048,0.9394,847.374,712.7175,0.0077,0.009,79600.0,0.4863,0.4395,大村紙業,スタンダード（内国株式）,パルプ・紙
3954,2026-10-01,3080.0,-0.0222,-0.016,-0.045,0.102,-0.0438,0.0691,3114.2,2995.9333,True,-0.011,0.8965,3435.5866,2379.1686,0.0134,0.0184,308000.0,0.6102,0.5264,昭和パックス,スタンダード（内国株式）,パルプ・紙
3955,2026-10-01,869.0,0.0035,0.0023,0.0272,0.0972,0.0283,0.0644,855.88,831.3333,True,0.0153,0.7727,1124.5743,759.0,0.0136,0.0324,86900.0,1.0581,0.1771,イムラ,スタンダード（内国株式）,パルプ・紙
3958,2026-10-01,542.0,0.0112,0.0056,-0.0128,-0.0128,-0.0116,-0.0456,545.64,547.04,False,-0.0067,0.9327,581.1336,506.1162,0.0113,0.0702,54200.0,1.9483,0.3256,笹徳印刷,スタンダード（内国株式）,パルプ・紙
3962,2026-10-01,1015.0,0.0201,0.0232,-0.0155,0.1069,-0.0144,0.074,998.72,964.2533,True,0.0163,0.8598,1180.4565,885.8302,0.016,1.5417,101500.0,0.6244,0.1965,チェンジホールディングス,プライム（内国株式）,情報・通信業
3963,2026-10-01,331.0,0.0,0.0185,-0.065,0.0817,-0.0638,0.0488,334.44,329.8133,False,-0.0103,0.4576,723.3948,275.0,0.0326,0.1919,33100.0,0.7184,0.2225,シンクロ・フード,プライム（内国株式）,情報・通信業
3964,2026-10-01,1371.0,0.0141,0.0126,-0.0506,0.0059,-0.0494,-0.027,1353.84,1385.6536,False,0.0127,0.8614,1591.6031,865.7256,0.0194,7.2102,137100.0,0.888,0.4027,オークネット,プライム（内国株式）,情報・通信業
3965,2026-10-01,856.0,-0.0023,-0.0243,-0.0635,0.0203,-0.0623,-0.0126,889.5638,867.0413,True,-0.0377,0.9204,930.0,718.0719,0.0171,0.0758,85600.0,1.9263,0.2942,キャピタル・アセット・プランニング,スタンダード（内国株式）,情報・通信業
3967,2026-10-01,673.0,0.1745,0.1704,0.1603,0.1807,0.1615,0.1478,578.76,578.2533,False,0.1628,0.9683,695.0,540.0,0.0259,0.1029,67300.0,1.1461,0.6369,エルテス,グロース（内国株式）,情報・通信業
3968,2026-10-01,697.0,0.045,0.0403,0.0341,0.2101,0.0353,0.1772,647.12,606.9035,True,0.0771,0.8847,787.8059,475.125,0.0247,1.4705,69700.0,0.7789,0.395,セグエグループ,プライム（内国株式）,情報・通信業
3969,2026-10-01,1392.0,0.0,0.0029,-0.0121,0.0235,-0.0109,-0.0093,1401.5221,1391.7474,True,-0.0068,0.8851,1572.6677,1305.0,0.0082,0.0711,139200.0,1.0676,0.2893,エイトレッド,スタンダード（内国株式）,情報・通信業
3970,2026-10-01,815.0,-0.0109,-0.0344,-0.049,0.0626,-0.0479,0.0297,844.76,811.7867,True,-0.0352,0.8359,975.0,736.0,0.0169,0.0296,81500.0,0.8714,0.399,イノベーション,スタンダード（内国株式）,情報・通信業
3974,2026-10-01,658.0,-0.0015,0.0061,-0.009,0.1229,-0.0079,0.09,665.4,626.4267,True,-0.0111,0.962,684.0,490.0343,0.0141,0.0517,65800.0,2.4026,0.2477,ＳＣＡＴ,スタンダード（内国株式）,情報・通信業
3976,2026-10-01,512.0,-0.0248,-0.1248,-0.2324,-0.0824,-0.2312,-0.1153,592.24,581.16,True,-0.1355,0.6854,747.0,351.0,0.0536,0.1976,51200.0,0.7271,0.401,シャノン,グロース（内国株式）,情報・通信業
3979,2026-10-01,472.0,0.0,0.0351,0.0703,0.2072,0.0715,0.1743,449.08,418.0,True,0.051,0.9772,483.0,326.0,0.0259,0.0581,47200.0,0.5808,0.3029,うるる,グロース（内国株式）,情報・通信業
3981,2026-10-01,1231.0,-0.0049,0.0148,0.0049,0.009,0.0061,-0.0238,1220.68,1214.7467,False,0.0085,0.9256,1330.0,1172.0,0.0093,0.0314,123100.0,0.8473,0.2362,ビーグリー,スタンダード（内国株式）,情報・通信業
3983,2026-10-01,1905.0,0.0074,0.0016,-0.095,-0.0876,-0.0939,-0.1205,1968.48,2070.0165,False,-0.0322,0.7196,2647.275,1762.0919,0.0162,0.8221,190500.0,0.6672,0.1949,オロ,プライム（内国株式）,情報・通信業
3984,2026-10-01,1559.0,0.0091,-0.017,-0.0108,-0.0962,-0.0096,-0.1291,1547.84,1657.9646,False,0.0072,0.7518,2073.6145,1338.0982,0.0221,1.4043,155900.0,0.6734,0.2992,ユーザーローカル,プライム（内国株式）,情報・通信業
3985,2026-10-01,190.0,0.0,-0.0306,-0.0104,0.0556,-0.0093,0.0227,191.76,183.0267,True,-0.0092,0.607,313.0,168.0,0.0169,0.0199,19000.0,1.5991,0.4356,テモナ,スタンダード（内国株式）,情報・通信業
3986,2026-10-01,500.0,-0.0196,0.0438,0.0395,0.0823,0.0407,0.0494,479.16,484.6725,False,0.0435,0.8893,562.2364,413.7334,0.0159,0.0243,50000.0,0.9303,0.5297,ビーブレイクシステムズ,スタンダード（内国株式）,情報・通信業
3987,2026-10-01,624.0,0.0,-0.0048,-0.097,0.1223,-0.0958,0.0894,647.92,615.72,True,-0.0369,0.8062,774.0,425.0,0.0217,0.1052,62400.0,0.2723,0.1916,エコモット,グロース（内国株式）,情報・通信業
3988,2026-10-01,548.0,-0.009,-0.0266,-0.0214,0.0592,-0.0203,0.0264,557.96,542.7159,True,-0.0179,0.8689,630.674,498.6266,0.0306,0.0482,54800.0,1.9561,0.1906,ＳＹＳホールディングス,スタンダード（内国株式）,情報・通信業
3989,2026-10-01,1546.0,0.0,0.0006,-0.0421,0.0714,-0.041,0.0385,1544.16,1402.32,True,0.0012,0.9502,1627.0,881.2726,0.0082,9.4089,154600.0,1.4374,0.0393,シェアリングテクノロジー,グロース（内国株式）,情報・通信業
3991,2026-10-01,961.0,0.001,0.0052,-0.067,0.091,-0.0658,0.0582,961.554,921.9231,True,-0.0006,0.6862,1400.5208,851.4697,0.0195,0.0229,96100.0,0.6535,0.3034,ウォンテッドリー,グロース（内国株式）,情報・通信業
3992,2026-10-01,437.0,0.0023,-0.037,-0.0952,0.0023,-0.0941,-0.0306,464.8654,448.3685,True,-0.0599,0.7192,607.6,394.0,0.0179,0.2444,43700.0,1.0868,0.5483,ニーズウェル,プライム（内国株式）,情報・通信業
3993,2026-10-01,3245.0,0.0237,0.0157,-0.0152,0.1961,-0.014,0.1632,3179.5917,2950.1439,True,0.0206,0.7187,4515.0,2484.0,0.0301,6.323,324500.0,0.4752,0.1789,ＰＫＳＨＡ　Ｔｅｃｈｎｏｌｏｇｙ,プライム（内国株式）,情報・通信業
3994,2026-10-01,6000.0,0.0079,0.0521,-0.0702,0.3501,-0.069,0.3173,6125.52,5392.52,True,-0.0205,0.8511,7050.0,2750.5,0.0409,33.1159,600000.0,0.8872,0.3562,マネーフォワード,プライム（内国株式）,情報・通信業
3996,2026-10-01,226.0,0.018,0.0463,0.0918,0.2841,0.0929,0.2512,209.16,196.4533,True,0.0805,0.5539,408.0,165.0,0.0231,0.0824,22600.0,0.2889,0.5753,サインポスト,スタンダード（内国株式）,情報・通信業
3997,2026-10-01,437.0,0.0046,0.0023,0.1148,0.3084,0.116,0.2755,406.04,376.4533,True,0.0762,0.6723,650.0,240.8975,0.0456,0.8454,43700.0,1.4773,0.5319,トレードワークス,スタンダード（内国株式）,情報・通信業
3998,2026-10-01,284.0,-0.0139,-0.0173,-0.034,-0.0779,-0.0329,-0.1108,292.64,302.3067,False,-0.0295,0.6682,425.0,281.0,0.0176,0.0132,28400.0,0.9732,0.28,すららネット,グロース（内国株式）,情報・通信業
4004,2026-10-01,15895.0,0.0607,0.0884,0.0032,-0.112,0.0043,-0.1449,15156.6895,15852.0298,False,0.0487,0.7756,20495.0,4919.1981,0.0564,294.7867,1589500.0,0.8569,0.3047,レゾナック・ホールディングス,プライム（内国株式）,化学
4005,2026-10-01,580.1,0.0,0.0,0.0138,0.1117,0.015,0.0789,577.9243,547.6801,False,0.0038,0.9081,638.8,412.9994,0.0281,71.2417,58009.9976,0.7004,0.291,住友化学,プライム（内国株式）,化学
4008,2026-10-01,1504.0,0.0027,0.0121,-0.0118,0.1525,-0.0107,0.1196,1492.5668,1392.9889,True,0.0077,0.9471,1588.0,903.8053,0.0202,2.6275,150400.0,0.8611,0.3165,住友精化,プライム（内国株式）,化学
4011,2026-10-01,2338.0,-0.0009,-0.0291,-0.0633,0.1028,-0.0621,0.07,2373.96,2168.9067,True,-0.0151,0.586,3990.0,1840.0,0.0434,1.1462,233800.0,0.6978,0.2327,ヘッドウォータース,グロース（内国株式）,情報・通信業
4012,2026-10-01,1789.0,0.0022,0.0258,0.0165,0.0836,0.0176,0.0507,1738.56,1704.6533,True,0.029,0.9873,1812.0,1417.0,0.0186,0.1397,178900.0,1.6066,0.3358,アクシス,スタンダード（内国株式）,情報・通信業
4013,2026-10-01,641.0,0.0158,-0.0404,-0.0532,-0.0404,-0.052,-0.0733,651.4,667.2,True,-0.016,0.4224,1517.5,555.0,0.0236,0.2324,64100.0,0.923,0.3302,勤次郎,グロース（内国株式）,情報・通信業
4014,2026-10-01,454.0,0.0044,0.0157,-0.0956,-0.0658,-0.0945,-0.0987,488.8,497.7067,True,-0.0712,0.7592,598.0,385.0,0.0511,0.2404,45400.0,1.9831,0.1938,カラダノート,グロース（内国株式）,情報・通信業
4015,2026-10-01,525.0,0.0294,0.0116,-0.0019,0.0194,-0.0007,-0.0134,520.44,525.48,True,0.0088,0.7554,695.0,388.0,0.0246,0.103,52500.0,0.736,0.1934,ペイクラウドホールディングス,グロース（内国株式）,情報・通信業
4016,2026-10-01,1092.0,0.0037,-0.0009,0.04,0.216,0.0412,0.1832,1055.36,964.48,True,0.0347,0.8606,1268.9537,856.0,0.0139,0.0554,109200.0,1.2837,0.2892,ＭＩＴホールディングス,スタンダード（内国株式）,情報・通信業
4017,2026-10-01,207.0,-0.0048,-0.019,-0.0591,0.0098,-0.0579,-0.0231,214.08,210.0133,True,-0.0331,0.6613,313.0,191.0,0.0262,0.0161,20700.0,1.0668,0.2947,クリーマ,グロース（内国株式）,情報・通信業
4019,2026-10-01,608.0,-0.0114,-0.0303,-0.0857,-0.038,-0.0846,-0.0708,633.16,620.6267,True,-0.0397,0.4675,1300.435,545.0,0.0235,0.2308,60800.0,0.7684,0.203,スタメン,グロース（内国株式）,情報・通信業
4020,2026-10-01,863.0,0.0153,0.0461,0.0225,0.2635,0.0237,0.2307,832.16,744.2533,True,0.0371,0.926,932.0,651.0,0.0116,0.0123,86300.0,1.0065,0.58,ビートレンド,グロース（内国株式）,情報・通信業
4021,2026-10-01,8454.0,0.0142,0.0284,0.0286,-0.0045,0.0297,-0.0373,8102.6188,8015.7796,True,0.0434,0.9709,8707.0,4760.1258,0.0218,42.4834,845400.0,0.8515,0.3966,日産化学,プライム（内国株式）,化学
4022,2026-10-01,2090.0,0.0529,0.1291,-0.0306,0.0185,-0.0295,-0.0143,1956.0312,2037.4771,False,0.0685,0.7438,2810.0,862.3756,0.0404,12.907,209000.0,0.6728,0.3941,ラサ工業,プライム（内国株式）,化学
4023,2026-10-01,4030.0,0.0012,0.0067,-0.1123,0.0126,-0.1112,-0.0203,4350.0764,4234.2921,True,-0.0736,0.8422,4785.1001,3510.0,0.0265,13.8584,403000.0,1.4611,0.45,クレハ,プライム（内国株式）,化学
4025,2026-10-01,5750.0,-0.0035,0.0,-0.0336,0.1917,-0.0325,0.1589,5765.6,5334.7333,True,-0.0027,0.9013,6380.0,3414.9129,0.0339,1.2982,575000.0,0.6598,0.2718,多木化学,プライム（内国株式）,化学
4026,2026-10-01,1594.0,-0.0031,0.0251,-0.0432,-0.0197,-0.0421,-0.0525,1603.12,1611.1467,False,-0.0057,0.7528,2117.5485,1331.5084,0.0235,1.1974,159400.0,0.6733,0.2164,神島化学工業,スタンダード（内国株式）,ガラス・土石製品
4027,2026-10-01,2344.0,0.0073,0.0041,-0.037,-0.0085,-0.0358,-0.0413,2366.681,2342.6403,True,-0.0096,0.9313,2517.0,1166.9356,0.0267,1.1896,234400.0,0.6839,0.2713,テイカ,プライム（内国株式）,化学
4028,2026-10-01,2844.0,-0.0004,-0.0044,-0.1099,-0.0059,-0.1087,-0.0388,2995.0613,2977.4204,False,-0.0504,0.727,3911.8984,2138.6983,0.0204,5.752,284400.0,0.8672,0.3014,石原産業,プライム（内国株式）,化学
402A,2026-10-01,341.0,-0.19,-0.38,-0.3517,-0.3366,-0.3506,-0.3694,516.8,517.8533,False,-0.3402,0.336,1015.0,341.0,0.0859,6.6991,34100.0,0.7447,0.7615,アクセルスペースホールディングス,グロース（内国株式）,輸送用機器
4031,2026-10-01,1058.0,-0.0094,-0.0267,-0.0752,0.0105,-0.074,-0.0223,1097.16,1067.5467,False,-0.0357,0.5694,1858.0,840.2278,0.0211,0.1358,105800.0,0.6184,0.3578,片倉コープアグリ,スタンダード（内国株式）,化学
4040,2026-10-01,4070.0,-0.0097,0.0239,0.0265,0.1729,0.0276,0.1401,3919.2015,3724.9338,False,0.0385,0.952,4275.0,2577.7837,0.023,0.2822,407000.0,0.7086,0.4158,南海化学,スタンダード（内国株式）,化学
4041,2026-10-01,3715.0,0.0054,-0.0145,-0.0736,0.0277,-0.0724,-0.0052,3871.7625,3779.1208,True,-0.0405,0.9069,4096.154,3208.6538,0.018,5.4346,371500.0,1.5294,0.4256,日本曹達,プライム（内国株式）,化学
4042,2026-10-01,2645.0,0.0057,0.0183,-0.0084,-0.068,-0.0073,-0.1009,2624.2909,2736.7503,False,0.0079,0.8571,3086.0,2094.7406,0.0156,27.6483,264500.0,0.9441,0.3117,東ソー,プライム（内国株式）,化学
4043,2026-10-01,4103.0,0.0069,-0.0175,0.0176,-0.1726,0.0188,-0.2055,4054.6921,4375.084,False,0.0119,0.7113,5768.0,3477.6096,0.0244,20.9463,410300.0,0.7108,0.2683,トクヤマ,プライム（内国株式）,化学
4044,2026-10-01,4570.0,0.0224,0.0176,0.0011,0.0386,0.0023,0.0058,4447.2294,4338.6765,True,0.0276,0.9541,4790.0,3070.0853,0.0284,4.4938,457000.0,1.4621,0.4078,セントラル硝子,プライム（内国株式）,化学
4045,2026-10-01,1821.5,0.0008,0.0014,-0.0283,0.0382,-0.0271,0.0053,1831.86,1797.09,True,-0.0057,0.9547,1908.0,1403.4094,0.0142,4.9731,182150.0,0.8211,0.1975,東亞合成,プライム（内国株式）,化学
4046,2026-10-01,2064.0,0.0398,0.0435,-0.0199,0.1073,-0.0188,0.0744,2024.0355,1930.8385,True,0.0197,0.8217,2511.8085,1555.2595,0.029,6.4788,206400.0,1.0073,0.2586,大阪ソーダ,プライム（内国株式）,化学
4047,2026-10-01,2451.0,0.0294,0.0292,0.0666,-0.2673,0.0677,-0.3001,2260.2732,2812.0511,False,0.0844,0.5564,4405.0,908.6874,0.04,14.7153,245100.0,0.98,0.433,関東電化工業,プライム（内国株式）,化学
4051,2026-10-01,5970.0,0.0017,-0.0122,-0.0968,-0.1496,-0.0957,-0.1824,6123.9846,6436.5282,True,-0.0251,0.8397,7110.0,4760.0,0.0268,1.8815,597000.0,0.7726,0.2692,ＧＭＯフィナンシャルゲート,プライム（内国株式）,情報・通信業
4052,2026-10-01,1067.0,-0.0714,-0.0599,0.4322,3.6798,0.4334,3.647,886.48,520.1867,True,0.2036,0.6586,1620.0,221.0,0.186,48.5419,106700.0,1.4577,0.1991,フィーチャ,グロース（内国株式）,情報・通信業
4053,2026-10-01,532.0,0.0,0.0556,0.12,0.2118,0.1212,0.179,476.4,455.8933,True,0.1167,0.9888,538.0,379.0,0.032,0.7066,53200.0,1.8175,0.4235,Ｓｕｎ　Ａｓｔｅｒｉｓｋ,プライム（内国株式）,情報・通信業
4054,2026-10-01,520.0,0.0,-0.0057,-0.0076,-0.0424,-0.0065,-0.0752,521.16,538.8809,True,-0.0022,0.6752,770.1831,496.2596,0.0084,0.0628,52000.0,0.893,0.1836,日本情報クリエイト,グロース（内国株式）,情報・通信業
4055,2026-10-01,1613.0,0.0044,-0.0283,-0.0649,-0.0534,-0.0638,-0.0863,1650.4757,1658.9852,False,-0.0227,0.5926,2722.0,1064.0,0.0245,0.442,161300.0,0.4673,0.2732,ティアンドエスグループ,グロース（内国株式）,情報・通信業
4056,2026-10-01,201.0,-0.005,-0.0651,-0.3278,-0.1027,-0.3266,-0.1355,224.16,217.1333,False,-0.1033,0.2587,777.0,200.0,0.0458,2.7198,20100.0,0.3495,0.1953,ニューラルグループ,グロース（内国株式）,情報・通信業
4057,2026-10-01,344.0,-0.0058,-0.0171,-0.0444,-0.0471,-0.0433,-0.0799,351.76,353.68,False,-0.0221,0.6324,544.0,342.0,0.0141,0.0168,34400.0,1.133,0.2676,インターファクトリー,グロース（内国株式）,情報・通信業
4058,2026-10-01,2205.0,0.0275,-0.0409,-0.138,0.0735,-0.1368,0.0407,2341.28,2225.8267,True,-0.0582,0.6941,3176.9867,1616.0,0.0309,0.6697,220500.0,0.728,0.4461,トヨクモ,グロース（内国株式）,情報・通信業
4059,2026-10-01,369.0,-0.0538,-0.0238,-0.0752,-0.0798,-0.074,-0.1127,393.76,399.52,True,-0.0629,0.5062,729.0,347.0,0.018,0.0094,36900.0,0.8818,0.4968,まぐまぐ,スタンダード（内国株式）,情報・通信業
4060,2026-10-01,1230.0,0.0,0.0191,-0.016,0.1474,-0.0148,0.1145,1207.68,1149.0667,True,0.0185,0.8994,1367.58,979.108,0.0185,0.0542,123000.0,0.341,0.2326,ｒａｋｕｍｏ,グロース（内国株式）,情報・通信業
4061,2026-10-01,3236.0,-0.0149,-0.0221,-0.0383,-0.2271,-0.0372,-0.26,3300.6546,3676.4315,False,-0.0196,0.6897,4692.0,2139.3177,0.0267,21.4207,323600.0,0.8271,0.2312,デンカ,プライム（内国株式）,化学
4062,2026-10-01,11995.0,0.0875,0.0722,-0.4136,-0.4878,-0.4124,-0.5207,18004.5696,19503.7899,False,-0.3338,0.4365,27480.0,4189.7802,0.1397,1715.0567,1199500.0,1.4111,0.5403,イビデン,プライム（内国株式）,電気機器
4063,2026-10-01,6027.0,0.0138,0.0245,0.0007,-0.1419,0.0018,-0.1748,5853.8574,6460.2191,False,0.0296,0.76,7930.0,4328.3129,0.0181,393.3827,602700.0,0.9619,0.3477,信越化学工業,プライム（内国株式）,化学
4064,2026-10-01,3765.0,0.0135,0.0567,0.109,0.0591,0.1101,0.0262,3492.5637,3457.1879,True,0.078,0.958,3930.0,2016.1833,0.0275,3.1325,376500.0,1.2051,0.3962,日本カーバイド工業,プライム（内国株式）,化学
4068,2026-10-01,1823.0,0.0089,0.0236,0.0382,0.1344,0.0393,0.1016,1772.16,1707.0267,True,0.0287,0.9115,2000.0,1551.0,0.0139,0.0264,182300.0,1.1036,0.3628,ベイシス,グロース（内国株式）,情報・通信業
4069,2026-10-01,619.0,-0.0283,-0.0492,-0.1343,-0.0692,-0.1331,-0.102,675.68,692.4667,False,-0.0839,0.2537,2440.0,611.0,0.0345,0.0492,61900.0,0.9057,0.2903,ＢｌｕｅＭｅｍｅ,グロース（内国株式）,情報・通信業
4071,2026-10-01,2048.0,0.0005,-0.0069,-0.0861,-0.2443,-0.085,-0.2771,2098.2281,2349.7694,False,-0.0239,0.6834,2997.0,1944.0,0.0227,5.0263,204800.0,0.8052,0.2327,プラスアルファ・コンサルティング,プライム（内国株式）,情報・通信業
4072,2026-10-01,3185.0,0.0111,-0.0093,0.0192,0.1048,0.0204,0.0719,3122.0,2977.5467,True,0.0202,0.7765,4101.9754,2680.1458,0.0195,0.966,318500.0,0.9659,0.2977,電算システムホールディングス,プライム（内国株式）,情報・通信業
4073,2026-10-01,693.0,-0.1149,0.0678,0.3696,0.5968,0.3707,0.5639,541.4,495.2933,True,0.28,0.792,875.0,414.0,0.1086,1.7369,69300.0,3.7963,0.5486,ジィ・シィ企画,グロース（内国株式）,情報・通信業
4074,2026-10-01,799.0,-0.0012,0.0114,-0.0025,0.0257,-0.0013,-0.0072,789.76,805.96,True,0.0117,0.6392,1250.0,633.0,0.0211,0.0239,79900.0,0.2462,0.2432,ラキール,グロース（内国株式）,情報・通信業
4075,2026-10-01,1427.0,0.0178,-0.0716,0.3128,0.6216,0.3139,0.5887,1296.48,1016.0133,True,0.1007,0.6795,2100.0,775.0,0.1345,12.8443,142700.0,3.9616,0.2741,ブレインズテクノロジー,グロース（内国株式）,情報・通信業
4076,2026-10-01,2004.0,-0.0069,0.0015,-0.0064,0.1788,-0.0053,0.146,1996.92,1863.4667,True,0.0035,0.9891,2026.0,1484.9135,0.0108,0.0773,200400.0,2.1214,0.3384,シイエヌエス,グロース（内国株式）,情報・通信業
4078,2026-10-01,3720.0,0.0068,0.0207,-0.0594,-0.1603,-0.0583,-0.1931,3738.7741,4078.858,False,-0.005,0.5653,6580.0,2708.4754,0.0237,6.4331,372000.0,0.5536,0.3513,堺化学工業,プライム（内国株式）,化学
407A,2026-10-01,929.0,-0.0011,0.0065,-0.0231,0.0828,-0.022,0.0499,935.08,894.0723,True,-0.0065,0.6961,1334.5038,814.2287,0.0149,0.1006,92900.0,0.558,0.1948,ＵＮＩＣＯＮホールディングス,スタンダード（内国株式）,建設業
4082,2026-10-01,2270.0,0.0157,-0.0161,-0.146,0.1084,-0.1448,0.0755,2473.2095,2122.2832,True,-0.0822,0.5189,4374.9082,673.1393,0.0361,19.5073,227000.0,0.3861,0.3389,第一稀元素化学工業,プライム（内国株式）,化学
4088,2026-10-01,2914.0,-0.0021,-0.0169,0.1101,0.0566,0.1113,0.0237,2842.88,2675.84,True,0.025,0.9064,3215.0,1718.5,0.0312,41.8428,291400.0,1.0198,0.2963,エア・ウォーター,プライム（内国株式）,化学
4091,2026-10-01,5404.0,-0.0196,-0.0239,-0.0486,-0.1354,-0.0474,-0.1682,5519.3081,5775.516,False,-0.0209,0.8302,6509.0,4439.9202,0.0232,38.7566,540400.0,1.4841,0.1896,日本酸素ホールディングス,プライム（内国株式）,化学
4092,2026-10-01,5770.0,0.0176,0.0275,0.051,0.3158,0.0522,0.283,5402.9136,5208.5712,True,0.0679,0.9072,6360.0,2394.8248,0.0418,6.7715,577000.0,0.5914,0.2695,日本化学工業,プライム（内国株式）,化学
4093,2026-10-01,427.0,-0.0116,-0.0024,0.0047,0.0023,0.0059,-0.0305,425.7595,422.2132,True,0.0029,0.8625,495.0547,336.2451,0.0124,0.0643,42700.0,0.6177,0.3411,東邦アセチレン,スタンダード（内国株式）,化学
4094,2026-10-01,2250.0,0.0009,0.0062,-0.0302,0.087,-0.029,0.0541,2270.0887,2170.3496,True,-0.0088,0.8183,2749.4698,1978.0,0.0158,0.3051,225000.0,1.1764,0.4133,日本化学産業,スタンダード（内国株式）,化学
4095,2026-10-01,1779.0,0.0074,0.0131,0.0125,0.0385,0.0137,0.0057,1759.315,1722.0517,True,0.0112,0.9483,1876.0,1291.834,0.0155,3.7979,177900.0,1.087,0.211,日本パーカライジング,プライム（内国株式）,化学
4097,2026-10-01,1194.0,-0.0075,-0.0109,-0.0386,0.0747,-0.0375,0.0419,1204.0039,1149.6546,True,-0.0083,0.9499,1257.0,981.3186,0.0181,0.6196,119400.0,0.8275,0.25,高圧ガス工業,プライム（内国株式）,化学
4098,2026-10-01,1009.0,0.0,0.0171,-0.0098,0.001,-0.0087,-0.0319,1008.88,1022.2667,False,0.0001,0.5893,1712.332,762.1362,0.0149,0.042,100900.0,0.8421,0.4133,チタン工業,スタンダード（内国株式）,化学
4099,2026-10-01,2390.0,0.04,0.0594,-0.0152,-0.2702,-0.0141,-0.3031,2256.28,2742.5632,False,0.0593,0.6366,3754.2039,1065.5399,0.0336,19.1316,239000.0,1.2703,0.4322,四国化成ホールディングス,プライム（内国株式）,化学
409A,2026-10-01,1079.0,-0.0164,-0.0602,-0.0956,-0.1105,-0.0944,-0.1433,1164.0476,1198.8292,True,-0.0731,0.4914,2195.7666,1075.0,0.0168,2.4017,107900.0,1.4633,0.5532,オリオンビール,プライム（内国株式）,食料品
4100,2026-10-01,2028.0,0.014,0.0933,0.2261,0.2715,0.2273,0.2386,1684.28,1604.9467,True,0.2041,0.9139,2219.0,1079.0,0.0447,1.1481,202800.0,1.3668,0.5604,戸田工業,スタンダード（内国株式）,化学
4102,2026-10-01,1452.0,0.0118,0.0048,0.0014,0.0097,0.0025,-0.0231,1448.56,1444.2133,True,0.0024,0.9661,1502.8905,1293.118,0.006,0.0089,145200.0,0.8483,0.3443,丸尾カルシウム,スタンダード（内国株式）,化学
4107,2026-10-01,3910.0,-0.0038,0.0064,-0.1022,-0.0369,-0.101,-0.0698,4012.6,3851.8328,False,-0.0256,0.4648,8411.4596,2666.2814,0.0265,7.8039,391000.0,0.5625,0.1641,伊勢化学工業,スタンダード（内国株式）,化学
4109,2026-10-01,5410.0,0.0208,0.0189,-0.0018,-0.152,-0.0007,-0.1849,5339.9464,5737.1821,False,0.0131,0.6679,8100.0,3818.2427,0.0197,2.3403,541000.0,0.5212,0.2435,ステラ　ケミファ,プライム（内国株式）,化学
410A,2026-10-01,1261.0,-0.0102,0.1179,0.0614,0.1309,0.0626,0.0981,1164.64,1135.6933,True,0.0827,0.5777,2182.698,986.0,0.0257,0.3063,126100.0,2.6253,0.5952,ＧＭＯコマース,グロース（内国株式）,サービス業
4112,2026-10-01,2092.0,0.001,-0.0088,-0.043,0.0097,-0.0418,-0.0232,2135.7116,2138.4772,False,-0.0205,0.7903,2647.0,1619.4054,0.0243,1.0501,209200.0,0.9996,0.2769,保土谷化学工業,プライム（内国株式）,化学
4113,2026-10-01,813.0,-0.0122,0.0061,0.0188,0.1886,0.02,0.1557,799.7225,752.6275,True,0.0166,0.5356,1517.9635,664.0,0.0191,0.1533,81300.0,0.4091,0.3535,田岡化学工業,スタンダード（内国株式）,化学
4114,2026-10-01,2554.0,0.0065,0.0173,-0.0449,0.2305,-0.0437,0.1977,2577.7275,2342.1625,True,-0.0092,0.9343,2733.5,1693.7468,0.0189,25.4267,255400.0,1.3087,0.286,日本触媒,プライム（内国株式）,化学
4116,2026-10-01,1310.0,-0.0113,0.0077,-0.0555,0.2312,-0.0544,0.1983,1335.433,1205.3043,True,-0.019,0.9251,1416.0,883.7298,0.023,1.9,131000.0,0.8638,0.3021,大日精化工業,プライム（内国株式）,化学
4118,2026-10-01,6051.0,-0.0044,0.0126,-0.0295,0.0712,-0.0284,0.0383,6071.9074,5902.0225,True,-0.0034,0.921,6570.0,4014.08,0.0168,12.7816,605100.0,0.8709,0.2752,カネカ,プライム（内国株式）,化学
4119,2026-10-01,6340.0,-0.0031,0.0514,0.0819,0.159,0.0831,0.1262,6025.2,5774.7333,True,0.0522,0.9906,6400.0,3059.9253,0.0187,0.1097,634000.0,0.6238,0.3795,日本ピグメントホールディングス,スタンダード（内国株式）,化学
4120,2026-10-01,3035.0,0.0267,0.0531,-0.0033,-0.0365,-0.0021,-0.0694,3011.16,2975.64,True,0.0079,0.9073,3345.0,2020.7999,0.0278,0.0217,303500.0,0.7541,0.3722,スガイ化学工業,スタンダード（内国株式）,化学
4125,2026-10-01,3660.0,0.0097,0.0041,-0.024,0.202,-0.0228,0.1691,3668.6,3469.3867,True,-0.0023,0.8927,4100.0,1488.414,0.0289,0.3941,366000.0,0.4248,0.2696,三和油化工業,スタンダード（内国株式）,化学
414A,2026-10-01,840.0,-0.0047,-0.0487,-0.0187,-0.0369,-0.0175,-0.0697,853.9522,849.3444,False,-0.0163,0.5555,1512.2667,740.9156,0.0172,0.7216,84000.0,0.5928,0.3881,オーバーラップホールディングス,グロース（内国株式）,情報・通信業
4151,2026-10-01,2285.5,0.0024,0.0106,-0.1303,-0.1313,-0.1292,-0.1642,2365.72,2504.8738,False,-0.0339,0.7958,2872.0079,2080.0359,0.0219,46.9394,228550.0,1.2383,0.1688,協和キリン,プライム（内国株式）,医薬品
415A,2026-10-01,5680.0,0.0327,0.0637,0.1248,0.2189,0.1259,0.186,5254.4,4963.4,True,0.081,0.8723,6511.8197,4482.2231,0.0292,0.0833,568000.0,1.675,0.3138,ＧＭＯ　ＴＥＣＨホールディングス,グロース（内国株式）,サービス業
4165,2026-10-01,694.0,0.0281,0.0161,-0.0672,0.3346,-0.066,0.3018,679.08,600.56,True,0.022,0.6286,1104.0,432.0,0.0349,2.2548,69400.0,0.5643,0.2519,プレイド,グロース（内国株式）,情報・通信業
4166,2026-10-01,658.0,0.0186,0.0281,0.033,-0.0075,0.0341,-0.0404,634.56,645.6667,False,0.0369,0.5113,1287.0,616.0,0.021,0.042,65800.0,1.7407,0.6964,かっこ,グロース（内国株式）,情報・通信業
4167,2026-10-01,341.0,-0.0029,-0.0029,0.0089,0.1559,0.01,0.1231,332.44,309.2,True,0.0257,0.7785,438.0,258.0,0.0457,0.0758,34100.0,0.9971,0.2312,ココペリ,グロース（内国株式）,情報・通信業
4168,2026-10-01,798.0,0.0114,-0.0124,-0.0087,0.035,-0.0075,0.0022,778.56,770.1693,True,0.025,0.7488,1065.6851,652.068,0.0186,0.3683,79800.0,0.6593,0.2625,ヤプリ,グロース（内国株式）,情報・通信業
4169,2026-10-01,262.0,-0.015,0.0155,-0.0709,0.2596,-0.0698,0.2268,263.12,238.9467,True,-0.0043,0.6718,390.0,161.0,0.0472,1.0382,26200.0,0.3359,0.2104,ＥＮＥＣＨＡＮＧＥ,グロース（内国株式）,情報・通信業
416A,2026-10-01,1322.0,-0.0149,-0.017,0.013,0.1328,0.0142,0.1,1321.5783,1236.2728,True,0.0003,0.965,1370.0,1014.4127,0.0166,0.2259,132200.0,1.9436,0.2508,富士ユナイトホールディングス,スタンダード（内国株式）,卸売業
4170,2026-10-01,113.0,0.0,-0.0342,-0.1929,0.0273,-0.1917,-0.0056,133.0,120.88,False,-0.1504,0.3742,302.0,97.0,0.0424,0.5496,11300.0,0.2151,0.2507,Ｋａｉｚｅｎ　Ｐｌａｔｆｏｒｍ,グロース（内国株式）,情報・通信業
4172,2026-10-01,2308.0,0.0101,-0.0195,0.0017,0.0597,0.0029,0.0268,2312.1558,2239.0119,True,-0.0018,0.9486,2432.9958,2056.0,0.0153,0.0275,230800.0,1.2681,0.2665,Ｈｉクラテス,スタンダード（内国株式）,情報・通信業
4174,2026-10-01,1088.0,-0.0372,0.0677,0.277,0.6761,0.2782,0.6432,964.8,803.8207,True,0.1277,0.8507,1279.0,593.2406,0.1212,4.5558,108800.0,3.3793,0.2707,アピリッツ,スタンダード（内国株式）,情報・通信業
4175,2026-10-01,2888.0,0.0,-0.0516,-0.0237,0.2186,-0.0225,0.1857,2899.8,2661.8933,True,-0.0041,0.9331,3095.0,1651.0,0.0297,0.1616,288800.0,0.6699,0.3955,ｃｏｌｙ,グロース（内国株式）,情報・通信業
4176,2026-10-01,278.0,-0.0036,-0.0036,-0.0381,0.0451,-0.0369,0.0123,278.4,268.0267,True,-0.0014,0.5148,540.0,238.0,0.0213,0.1985,27800.0,0.593,0.2024,ココナラ,グロース（内国株式）,情報・通信業
4177,2026-10-01,1408.0,-0.0071,0.005,-0.0725,0.0057,-0.0713,-0.0271,1487.68,1478.76,True,-0.0536,0.7871,1788.8617,1085.8873,0.0244,0.1003,140800.0,3.463,0.4725,ｉ‐ｐｌｕｇ,グロース（内国株式）,情報・通信業
4178,2026-10-01,870.0,0.0571,0.5905,0.5732,0.6667,0.5744,0.6338,574.92,531.1333,True,0.5133,0.9831,885.0,476.0,0.0381,0.2194,87000.0,3.5717,1.0832,Ｓｈａｒｉｎｇ　Ｉｎｎｏｖａｔｉｏｎｓ,グロース（内国株式）,情報・通信業
4179,2026-10-01,346.0,0.0453,-0.0198,-0.0773,-0.3282,-0.0762,-0.361,353.08,405.0133,True,-0.0201,0.3295,1050.0,260.0,0.0504,0.1181,34600.0,0.323,0.2869,ジーネクスト,グロース（内国株式）,情報・通信業
417A,2026-10-01,1821.5,0.0036,-0.0266,-0.013,0.0444,-0.0118,0.0116,1879.3063,1806.8354,True,-0.0308,0.9327,1953.0,1456.456,0.018,4.6881,182150.0,0.8923,0.4695,ブルーゾーンホールディングス,プライム（内国株式）,小売業
4180,2026-10-01,1414.0,0.0129,-0.0497,-0.016,0.6197,-0.0148,0.5868,1426.16,1099.9467,True,-0.0085,0.8214,1721.5002,660.0,0.0411,22.6661,141400.0,0.7674,0.3302,Ａｐｐｉｅｒ　Ｇｒｏｕｐ,プライム（内国株式）,情報・通信業
4182,2026-10-01,3920.0,0.0093,0.0357,-0.0136,-0.1914,-0.0124,-0.2243,3837.0178,4332.5393,False,0.0216,0.6832,5738.0,2408.6052,0.0287,56.0261,392000.0,0.762,0.2816,三菱瓦斯化学,プライム（内国株式）,化学
4183,2026-10-01,2117.0,-0.0137,0.0026,-0.032,-0.0019,-0.0308,-0.0347,2157.7558,2153.5253,True,-0.0189,0.8712,2430.0381,1703.7241,0.0281,63.4292,211700.0,1.4349,0.3695,三井化学,プライム（内国株式）,化学
4186,2026-10-01,8934.0,0.0368,0.0777,0.038,-0.1603,0.0391,-0.1932,8347.56,9454.3364,False,0.0703,0.6937,12878.8594,4700.9834,0.0343,65.2184,893400.0,0.9349,0.3823,東京応化工業,プライム（内国株式）,化学
4187,2026-10-01,4530.0,0.0342,0.076,0.0011,-0.2296,0.0023,-0.2624,4285.8,4911.6,False,0.057,0.7318,6190.0,2980.3613,0.0308,5.1003,453000.0,0.714,0.4476,大阪有機化学工業,プライム（内国株式）,化学
4188,2026-10-01,1155.0,-0.0162,-0.0007,-0.0423,0.0226,-0.0411,-0.0103,1184.3487,1167.9429,True,-0.0248,0.8851,1305.0,782.7776,0.0291,72.4432,115500.0,1.0302,0.2991,三菱ケミカルグループ,プライム（内国株式）,化学
4189,2026-10-01,3380.0,0.003,0.0448,-0.0259,0.1563,-0.0248,0.1235,3306.8,3151.162,True,0.0221,0.9468,3570.0,2225.1543,0.0213,3.9242,338000.0,0.8758,0.3604,ＫＨネオケム,プライム（内国株式）,化学
4192,2026-10-01,327.0,0.0617,0.0124,0.0583,0.2293,0.0594,0.1965,299.64,280.7467,True,0.0913,0.7315,447.0,234.0,0.0363,0.392,32700.0,0.9744,0.3458,スパイダープラス,グロース（内国株式）,情報・通信業
4193,2026-10-01,2111.0,0.0,-0.0204,-0.0308,-0.0822,-0.0296,-0.115,2155.6272,2240.3424,False,-0.0207,0.8616,2450.0,1856.5853,0.0116,0.1368,211100.0,1.1605,0.4942,ファブリカホールディングス,スタンダード（内国株式）,情報・通信業
4194,2026-10-01,8753.0,0.0085,0.0351,-0.078,0.1011,-0.0768,0.0683,8830.68,8490.48,True,-0.0088,0.7216,12130.0,6280.0,0.0326,24.193,875300.0,1.0511,0.1781,ビジョナル,プライム（内国株式）,情報・通信業
4196,2026-10-01,1277.0,-0.007,-0.0679,-0.4102,-0.2475,-0.409,-0.2804,1881.52,1820.12,True,-0.3213,0.5805,2200.0,1058.0,0.0861,0.8185,127700.0,3.7612,0.8464,ネオマーケティング,スタンダード（内国株式）,情報・通信業
4197,2026-10-01,2383.0,-0.0046,0.0093,0.0017,0.0729,0.0028,0.0401,2369.92,2309.3333,True,0.0055,0.9391,2537.5088,2147.0,0.0068,0.0174,238300.0,1.3398,0.3345,アスマーク,スタンダード（内国株式）,情報・通信業
4198,2026-10-01,507.0,-0.0059,-0.002,0.0201,0.0305,0.0213,-0.0024,503.12,497.64,False,0.0077,0.7303,694.2369,481.0,0.0107,0.0173,50700.0,1.1088,0.35,テンダ,スタンダード（内国株式）,情報・通信業
4199,2026-10-01,802.0,-0.0074,-0.0184,-0.043,0.1794,-0.0418,0.1466,816.6,790.72,True,-0.0179,0.4171,1923.0,650.0,0.0199,0.0371,80200.0,0.1208,0.226,ワンダープラネット,グロース（内国株式）,情報・通信業
4202,2026-10-01,1436.5,0.0035,0.0202,-0.0327,0.0309,-0.0315,-0.002,1433.6866,1425.2622,True,0.002,0.8871,1619.2769,1112.5,0.0176,14.6239,143650.0,1.0541,0.2835,ダイセル,プライム（内国株式）,化学
4203,2026-10-01,8496.0,0.0101,0.0659,0.1336,0.1575,0.1347,0.1246,7653.2562,7376.8587,True,0.1101,0.9988,8506.0,4696.0,0.0348,59.0136,849600.0,1.125,0.2838,住友ベークライト,プライム（内国株式）,化学
4204,2026-10-01,2535.0,0.009,0.0234,-0.0452,-0.0272,-0.044,-0.0601,2545.7219,2591.1273,True,-0.0042,0.8397,3018.9013,2248.0,0.0156,36.0704,253500.0,0.9675,0.2518,積水化学工業,プライム（内国株式）,化学
4205,2026-10-01,2435.0,0.0012,0.0225,-0.0318,0.0619,-0.0307,0.0291,2412.9035,2357.9012,True,0.0092,0.9301,2618.0,1504.4009,0.0193,22.4332,243500.0,0.949,0.3321,日本ゼオン,プライム（内国株式）,化学
4206,2026-10-01,4214.0,-0.0024,0.0089,0.0152,0.1328,0.0163,0.0999,4172.8205,3909.0202,True,0.0099,0.9785,4306.5408,3306.5594,0.0163,10.1,421400.0,0.9546,0.2547,アイカ工業,プライム（内国株式）,化学
4208,2026-10-01,3385.0,-0.0044,0.0119,-0.0518,0.0572,-0.0507,0.0243,3455.852,3339.6707,True,-0.0205,0.9117,3713.0,2137.9704,0.0194,27.6939,338500.0,0.9959,0.3428,ＵＢＥ,プライム（内国株式）,化学
4212,2026-10-01,2963.0,0.0267,0.0103,0.013,0.1556,0.0141,0.1228,2935.3069,2754.7023,True,0.0094,0.9527,3110.0,1986.0218,0.0212,1.6362,296300.0,0.8238,0.2759,積水樹脂,プライム（内国株式）,化学
4216,2026-10-01,7180.0,0.0113,0.1966,0.2067,0.0113,0.2079,-0.0216,6072.4118,6418.4039,False,0.1824,0.9054,7930.0,4280.1037,0.033,5.5239,718000.0,1.7025,0.5193,旭有機材,プライム（内国株式）,化学
4218,2026-10-01,1891.0,-0.0021,-0.0232,-0.043,-0.0021,-0.0419,-0.035,1934.76,1915.9467,True,-0.0226,0.9427,2006.0,1781.0,0.01,0.5824,189100.0,1.766,0.403,ニチバン,プライム（内国株式）,化学
421A,2026-10-01,3860.0,-0.0128,-0.0314,-0.1207,0.0052,-0.1196,-0.0276,3881.8,3739.9333,True,-0.0056,0.8674,4450.0,1758.0,0.042,2.2449,386000.0,0.5729,0.2436,ムービン・ストラテジック・キャリア,グロース（内国株式）,サービス業
4220,2026-10-01,2309.0,0.0035,-0.0101,-0.1153,0.344,-0.1142,0.3111,2439.6814,2184.2138,True,-0.0536,0.7921,2915.0,1167.5388,0.0235,3.759,230900.0,1.2085,0.2892,リケンテクノス,プライム（内国株式）,化学
4221,2026-10-01,5370.0,-0.0562,-0.0612,-0.0612,0.1293,-0.06,0.0965,5569.6,5287.8859,True,-0.0358,0.9243,5810.0,4375.5555,0.0233,2.7277,537000.0,1.2373,0.36,大倉工業,プライム（内国株式）,化学
4222,2026-10-01,653.0,-0.0076,-0.0355,-0.0645,0.0,-0.0633,-0.0329,679.72,658.1467,False,-0.0393,0.442,1477.3336,538.0,0.0331,2.7889,65300.0,0.6591,0.2125,児玉化学工業,スタンダード（内国株式）,化学
4224,2026-10-01,2146.0,0.0028,0.0151,0.0037,0.064,0.0049,0.0311,2122.36,2085.2533,True,0.0111,0.9698,2212.7334,1694.7374,0.0127,0.2084,214600.0,1.4077,0.1911,ロンシール工業,スタンダード（内国株式）,化学
4228,2026-10-01,618.0,0.0,0.0131,0.0,0.1638,0.0012,0.131,598.3168,570.7856,True,0.0329,0.9251,668.0,326.7583,0.0256,1.3716,61800.0,0.6816,0.4224,積水化成品工業,プライム（内国株式）,化学
4229,2026-10-01,4210.0,0.0096,0.0073,-0.0432,-0.0727,-0.042,-0.1055,4229.3784,4465.3261,False,-0.0046,0.663,6350.0,3204.4234,0.0246,0.735,421000.0,0.5722,0.2072,群栄化学工業,プライム（内国株式）,化学
4231,2026-10-01,1012.0,-0.0088,-0.0257,-0.0334,-0.0039,-0.0323,-0.0368,1034.3876,1015.7425,True,-0.0216,0.8012,1263.1328,840.1348,0.0188,0.1441,101200.0,0.5956,0.1843,タイガースポリマー,スタンダード（内国株式）,化学
4234,2026-10-01,1016.0,-0.002,0.0061,0.0463,0.4514,0.0475,0.4186,1007.7507,836.1169,True,0.0082,0.939,1082.0,559.2708,0.0241,0.3494,101600.0,0.6276,0.1791,サンエー化研,スタンダード（内国株式）,化学
4235,2026-10-01,680.0,0.0119,-0.0029,-0.0173,0.0462,-0.0162,0.0133,679.68,683.2133,True,0.0005,0.8549,795.3889,640.0,0.0114,0.1227,68000.0,1.0528,0.3853,ウルトラファブリックス・ホールディングス,スタンダード（内国株式）,化学
4237,2026-10-01,346.0,0.0147,0.0328,-0.0362,0.0087,-0.0351,-0.0241,344.48,337.3867,True,0.0044,0.6604,523.9394,291.5152,0.0204,0.1196,34600.0,0.7165,0.2828,フジプレアム,スタンダード（内国株式）,化学
4238,2026-10-01,2024.0,0.0258,0.0095,0.0597,0.1494,0.0608,0.1165,1888.56,1783.7742,True,0.0717,0.9868,2051.028,1052.4625,0.0504,1.7803,202400.0,0.9209,0.2988,ミライアル,スタンダード（内国株式）,化学
423A,2026-10-01,316.0,-0.0094,-0.0003,-0.0307,0.0361,-0.0295,0.0032,321.446,312.2153,True,-0.0169,0.6076,520.0788,270.2849,0.0121,0.0884,31600.0,0.8066,0.2606,ライオン事務器,スタンダード（内国株式）,卸売業
4240,2026-10-01,305.0,0.0099,-0.0097,-0.0557,-0.0409,-0.0546,-0.0737,313.16,315.6133,False,-0.0261,0.6185,493.1515,285.4569,0.0185,0.019,30500.0,0.711,0.3544,クラスターテクノロジー,スタンダード（内国株式）,化学
4241,2026-10-01,722.0,-0.015,-0.0055,0.0808,0.1424,0.082,0.1095,679.08,652.1067,True,0.0632,0.6181,1168.1196,404.1595,0.0315,0.1332,72200.0,1.7896,0.5019,アテクト,スタンダード（内国株式）,化学
4243,2026-10-01,1065.0,-0.0065,0.0177,0.0133,0.139,0.0145,0.1062,1044.633,975.7577,True,0.0195,0.9269,1149.0,775.0,0.0285,0.0276,106500.0,0.6602,0.3135,ニックス,スタンダード（内国株式）,化学
4245,2026-10-01,724.0,0.0,0.0112,-0.0055,0.0855,-0.0043,0.0526,715.84,689.8034,True,0.0114,0.9526,760.0331,633.3609,0.0132,0.0836,72400.0,0.8488,0.303,ダイキアクシス,スタンダード（内国株式）,化学
4246,2026-10-01,1066.0,-0.0184,-0.0047,-0.069,0.0639,-0.0678,0.031,1095.5063,1054.5154,True,-0.0269,0.9166,1163.0,678.0105,0.0186,2.5336,106600.0,0.9373,0.2469,ダイキョーニシカワ,プライム（内国株式）,化学
4247,2026-10-01,1418.0,0.0143,0.0261,-0.0146,0.059,-0.0134,0.0261,1398.0788,1357.5596,True,0.0142,0.8887,1595.6263,1204.1531,0.0087,0.0059,141800.0,0.6518,0.447,ポバール興業,スタンダード（内国株式）,化学
4248,2026-10-01,885.0,0.0045,0.0057,0.0023,0.0161,0.0034,-0.0168,881.68,873.8892,True,0.0038,0.9888,895.0,795.1023,0.006,0.0389,88500.0,0.6883,0.2838,竹本容器,スタンダード（内国株式）,化学
4249,2026-10-01,2825.0,0.0007,0.0018,-0.0427,0.184,-0.0415,0.1511,2885.5366,2651.0455,True,-0.021,0.9354,3020.0,2202.2701,0.0231,0.7961,282500.0,0.9198,0.1976,森六,プライム（内国株式）,化学
4251,2026-10-01,1188.0,-0.0034,-0.0042,-0.0008,-0.005,0.0003,-0.0379,1178.0,1209.44,False,0.0085,0.8438,1408.0,1069.3918,0.0123,1.0723,118800.0,0.9281,0.3706,恵和,プライム（内国株式）,化学
4255,2026-10-01,3430.0,0.0015,-0.0115,-0.0432,0.3451,-0.0421,0.3122,3517.6,2945.4267,True,-0.0249,0.8817,3890.0,930.0,0.0229,0.1808,343000.0,0.857,0.35,ＴＨＥＣＯＯ,グロース（内国株式）,情報・通信業
4256,2026-10-01,1208.0,-0.0082,0.0587,0.0615,0.3074,0.0627,0.2745,1127.16,1017.56,True,0.0717,0.765,1579.0,898.0,0.0222,0.0568,120800.0,0.7449,0.3872,サインド,グロース（内国株式）,情報・通信業
4258,2026-10-01,5460.0,0.0244,-0.0586,0.2013,0.3929,0.2025,0.36,4949.2,4415.3333,True,0.1032,0.9302,5870.0,2571.0,0.0595,3.9693,546000.0,1.2515,0.2369,網屋,グロース（内国株式）,情報・通信業
4259,2026-10-01,860.0,-0.0069,-0.0434,0.0238,0.0312,0.025,-0.0017,847.28,836.3333,False,0.015,0.5952,1445.0,533.0,0.0467,10.2801,86000.0,0.683,0.3039,エクサウィザーズ,グロース（内国株式）,情報・通信業
4260,2026-10-01,204.0,0.0049,-0.0049,-0.0423,-0.1429,-0.0411,-0.1757,209.4,221.24,False,-0.0258,0.5312,384.0,194.0,0.0308,0.0477,20400.0,2.6563,0.6364,ハイブリッドテクノロジーズ,グロース（内国株式）,情報・通信業
4261,2026-10-01,3060.0,0.0244,0.0327,0.0183,0.0183,0.0195,-0.0146,2959.16,3115.64,False,0.0341,0.622,4920.0,2699.0,0.013,0.0938,306000.0,0.6343,0.3563,アジアクエスト,グロース（内国株式）,情報・通信業
4262,2026-10-01,1395.0,0.0036,0.0197,-0.0036,0.0552,-0.0024,0.0224,1388.0928,1352.7243,True,0.005,0.9496,1469.0,1255.0,0.0112,0.048,139500.0,0.7529,0.5226,ニフティライフスタイル,グロース（内国株式）,情報・通信業
4263,2026-10-01,431.0,-0.0115,-0.0069,-0.0507,-0.4893,-0.0495,-0.5222,440.44,620.8,False,-0.0214,0.3501,1231.0,392.0,0.0345,0.7065,43100.0,1.2074,0.2423,サスメド,グロース（内国株式）,情報・通信業
4264,2026-10-01,1381.0,-0.0022,-0.0275,-0.0763,-0.1085,-0.0751,-0.1413,1427.52,1510.08,False,-0.0326,0.6943,1989.0,1340.0,0.0244,0.2832,138100.0,1.585,0.2847,セキュア,グロース（内国株式）,情報・通信業
4265,2026-10-01,249.0,-0.004,-0.1107,-0.1354,-0.3696,-0.1343,-0.4025,281.08,306.9867,True,-0.1141,0.3383,736.0,208.0,0.0304,0.0892,24900.0,0.3491,0.5415,Ｉｎｓｔｉｔｕｔｉｏｎ　ｆｏｒ　ａ　Ｇｌｏｂａｌ　Ｓｏｃｉｅｔｙ,グロース（内国株式）,情報・通信業
4270,2026-10-01,1879.0,-0.0032,-0.009,-0.0214,0.0075,-0.0202,-0.0253,1897.32,1862.4933,False,-0.0097,0.7332,2562.8372,1735.0,0.0144,0.0735,187900.0,0.871,0.1916,ＢｅｅＸ,グロース（内国株式）,情報・通信業
4272,2026-10-01,2130.0,0.0109,0.0153,0.0177,0.0597,0.0188,0.0268,2076.4191,2044.293,False,0.0258,0.9715,2192.5,1323.6393,0.018,12.9992,213000.0,1.3318,0.2499,日本化薬,プライム（内国株式）,化学
4274,2026-10-01,1106.0,-0.0273,-0.023,0.0147,0.0523,0.0158,0.0195,1115.72,1082.4133,True,-0.0087,0.5594,1977.1927,976.2327,0.0761,2.751,110600.0,2.1982,0.2436,細谷火工,スタンダード（内国株式）,化学
4275,2026-10-01,1907.0,-0.0063,-0.0479,-0.1026,-0.1513,-0.1014,-0.1842,2008.96,2172.1467,False,-0.0508,0.626,3046.3693,1238.2334,0.037,3.8723,190700.0,0.8311,0.3149,カーリット,プライム（内国株式）,化学
4284,2026-10-01,463.0,0.0176,0.0176,0.0154,0.0693,0.0165,0.0364,451.0,438.44,True,0.0266,0.8357,554.0,394.4472,0.0154,0.1314,46300.0,0.5638,0.294,ソルクシーズ,スタンダード（内国株式）,情報・通信業
4286,2026-10-01,1332.0,0.0045,-0.0177,-0.0119,0.1433,-0.0107,0.1105,1308.2,1191.48,True,0.0182,0.9199,1448.0,901.1459,0.0341,0.3193,133200.0,0.9331,0.4299,ＣＬホールディングス,スタンダード（内国株式）,サービス業
4287,2026-10-01,490.0,0.0062,0.0082,-0.0141,0.0722,-0.0129,0.0394,482.44,473.0267,True,0.0157,0.8797,557.0187,402.617,0.0325,0.1542,49000.0,0.8182,0.1758,ジャストプランニング,スタンダード（内国株式）,情報・通信業
4288,2026-10-01,516.0,0.1835,0.2028,0.1341,0.1518,0.1352,0.1189,458.4,431.24,True,0.1257,0.5271,979.0,338.0,0.0367,0.2542,51600.0,3.0839,0.5389,アズジェント,スタンダード（内国株式）,情報・通信業
428A,2026-10-01,1871.0,0.0235,0.0846,0.2903,0.496,0.2915,0.4632,1606.3324,1403.71,True,0.1648,0.9605,1948.0,605.4715,0.0558,0.7304,187100.0,2.0119,0.3478,サイプレス・ホールディングス,スタンダード（内国株式）,小売業
4290,2026-10-01,684.0,0.0029,-0.0198,-0.0487,0.0654,-0.0475,0.0326,699.8569,683.9923,True,-0.0227,0.9132,749.0,595.5138,0.0178,5.1115,68400.0,1.3905,0.3246,プレステージ・インターナショナル,プライム（内国株式）,サービス業
4293,2026-10-01,503.0,-0.004,-0.004,-0.0545,0.0748,-0.0534,0.0419,513.0,498.9486,True,-0.0195,0.8817,570.4879,371.5033,0.019,1.959,50300.0,0.8021,0.2612,セプテーニ・ホールディングス,スタンダード（内国株式）,サービス業
4299,2026-10-01,1204.0,-0.0025,0.0182,-0.0345,0.0186,-0.0333,-0.0142,1215.5819,1200.5273,True,-0.0095,0.8887,1354.7126,1111.0,0.0151,0.0622,120400.0,0.8827,0.2731,ハイマックス,スタンダード（内国株式）,情報・通信業
429A,2026-10-01,3975.0,0.0298,0.0458,0.0572,-0.1461,0.0583,-0.1789,3774.2446,3980.2149,False,0.0532,0.7514,5290.0,2671.0,0.0321,21.9916,397500.0,0.56,0.3288,テクセンドフォトマスク,プライム（内国株式）,その他製品
4301,2026-10-01,1838.0,-0.0108,-0.0044,-0.0417,-0.0166,-0.0406,-0.0494,1877.6786,1882.3862,True,-0.0211,0.8523,2156.626,1720.0,0.0164,0.4439,183800.0,0.835,0.2019,アミューズ,プライム（内国株式）,サービス業
4307,2026-10-01,5011.0,0.0119,0.0039,-0.0529,0.0362,-0.0518,0.0033,5076.6434,4920.7478,True,-0.0129,0.7815,6412.1068,3483.2909,0.0285,108.4474,501100.0,0.802,0.2839,野村総合研究所,プライム（内国株式）,情報・通信業
4308,2026-10-01,359.0,0.0028,0.0028,-0.0028,0.0287,-0.0016,-0.0042,357.12,354.5467,True,0.0053,0.8876,404.4444,322.5926,0.0084,0.0538,35900.0,0.5317,0.2333,Ｊストリーム,グロース（内国株式）,情報・通信業
4310,2026-10-01,2541.0,-0.0031,-0.0078,-0.0185,-0.0393,-0.0174,-0.0722,2525.8,2559.64,False,0.006,0.8345,3045.0,2204.3053,0.0189,0.3873,254100.0,0.7221,0.324,ドリームインキュベータ,プライム（内国株式）,サービス業
4317,2026-10-01,584.0,0.0192,0.0318,0.0069,0.2452,0.0081,0.2123,567.16,522.9067,True,0.0297,0.7948,734.7938,445.0,0.0227,0.0463,58400.0,1.1712,0.3086,レイ,スタンダード（内国株式）,サービス業
4318,2026-10-01,846.0,0.0048,0.0105,-0.022,0.151,-0.0208,0.1182,845.0514,793.0705,True,0.0011,0.9021,937.8035,695.0,0.0173,0.8305,84600.0,0.8063,0.2659,クイック,プライム（内国株式）,サービス業
431A,2026-10-01,2662.0,-0.0122,-0.0338,0.0095,0.4018,0.0106,0.3689,2639.28,2195.6,True,0.0086,0.7195,3700.0,1651.0,0.0414,0.8744,266200.0,0.8067,0.2069,ユーソナー,グロース（内国株式）,情報・通信業
4320,2026-10-01,1630.0,0.0,0.0006,-0.0127,-0.067,-0.0116,-0.0998,1641.64,1696.04,False,-0.0071,0.8768,1859.0,719.6,0.002,2.8637,163000.0,0.9272,0.7913,ＣＥホールディングス,スタンダード（内国株式）,情報・通信業
4323,2026-10-01,1900.0,0.0281,0.0069,-0.0341,0.0876,-0.0329,0.0547,1898.8819,1820.8006,True,0.0006,0.7073,2686.2297,1487.0,0.023,0.9005,190000.0,0.8607,0.229,日本システム技術,プライム（内国株式）,情報・通信業
4324,2026-10-01,3564.0,0.0003,0.0008,-0.0378,0.1478,-0.0366,0.115,3619.72,3459.2133,True,-0.0154,0.92,3874.0,2642.0,0.0209,34.581,356400.0,0.7515,0.3165,電通グループ,プライム（内国株式）,サービス業
4326,2026-10-01,1967.0,0.0113,-0.0165,-0.0877,0.1176,-0.0865,0.0848,1990.52,1891.8344,True,-0.0118,0.9123,2156.0,1561.7666,0.0208,0.5466,196700.0,0.7398,0.2766,インテージホールディングス,プライム（内国株式）,情報・通信業
4331,2026-10-01,876.0,0.0104,0.1743,0.1743,0.3253,0.1754,0.2924,753.72,702.3373,True,0.1622,0.9966,879.0,632.1522,0.0221,0.9391,87600.0,1.8427,0.7181,テイクアンドギヴ・ニーズ,プライム（内国株式）,サービス業
4334,2026-10-01,380.0,-0.0052,-0.0026,-0.0452,0.0215,-0.0441,-0.0114,387.92,381.68,False,-0.0204,0.8394,452.683,354.1464,0.018,0.0572,38000.0,0.6787,0.1458,ユークス,スタンダード（内国株式）,情報・通信業
4335,2026-10-01,1075.0,-0.0019,-0.0074,-0.0165,-0.0227,-0.0153,-0.0556,1088.88,1109.3024,False,-0.0127,0.8611,1248.3693,1075.0,0.0085,0.0241,107500.0,1.0959,0.1859,ＩＰＳホールディングス,スタンダード（内国株式）,情報・通信業
4337,2026-10-01,2505.0,-0.0028,-0.0413,-0.0973,-0.0406,-0.0961,-0.0735,2654.36,2676.4,False,-0.0563,0.6987,3585.0,2323.0,0.0159,0.595,250500.0,0.8667,0.4205,ぴあ,プライム（内国株式）,サービス業
4341,2026-10-01,930.0,0.0299,0.0265,0.0403,0.0391,0.0414,0.0063,907.4761,886.9854,True,0.0248,0.9311,998.8489,732.8093,0.0095,0.0133,93000.0,0.571,0.4401,西菱電機,スタンダード（内国株式）,サービス業
4343,2026-10-01,2705.0,0.0067,-0.0174,-0.0495,0.0522,-0.0484,0.0193,2776.6294,2693.6709,True,-0.0258,0.7269,3721.4838,2265.9958,0.0231,1.8649,270500.0,0.7252,0.2368,イオンファンタジー,プライム（内国株式）,サービス業
4344,2026-10-01,103.0,-0.0096,-0.0096,-0.1121,0.0098,-0.1109,-0.0231,110.2,108.36,False,-0.0653,0.5421,190.0,99.0,0.0368,1.4827,10300.0,1.7607,0.317,ソースネクスト,プライム（内国株式）,情報・通信業
4345,2026-10-01,827.0,-0.0036,-0.0177,-0.0119,-0.019,-0.0108,-0.0518,836.4758,841.3719,True,-0.0113,0.7558,1094.2553,798.0,0.0112,0.4791,82700.0,0.7194,0.2701,シーティーエス,プライム（内国株式）,サービス業
4346,2026-10-01,953.0,-0.0155,-0.0427,-0.0574,0.2187,-0.0562,0.1858,1002.1489,874.263,True,-0.049,0.8509,1120.0,660.0,0.0382,1.2192,95300.0,0.7226,0.3981,ＮＥＸＹＺ．Ｇｒｏｕｐ,スタンダード（内国株式）,その他金融業
4347,2026-10-01,1886.0,-0.0079,-0.0068,0.1327,0.0443,0.1339,0.0114,1764.2,1725.76,False,0.069,0.7577,2489.0,1532.6043,0.0314,0.2771,188600.0,1.0393,0.1923,ブロードメディア,スタンダード（内国株式）,サービス業
4350,2026-10-01,531.0,-0.0019,0.0349,0.0371,0.1203,0.0383,0.0874,507.3237,489.8812,True,0.0467,0.9516,558.0,433.0,0.0295,0.5281,53100.0,0.7906,0.2805,メディカルシステムネットワーク,スタンダード（内国株式）,小売業
4351,2026-10-01,851.0,0.0012,0.0167,0.0204,-0.0116,0.0215,-0.0445,846.84,865.9067,False,0.0049,0.5673,1500.0,819.0,0.0098,0.0328,85100.0,0.9248,0.3949,山田再生系債権回収総合事務所,スタンダード（内国株式）,その他金融業
4356,2026-10-01,1666.0,0.0252,0.0374,0.0177,0.0797,0.0189,0.0469,1630.4,1624.8533,True,0.0218,0.8085,2060.5386,1500.0,0.0128,0.0106,166600.0,0.678,0.4557,応用技術,スタンダード（内国株式）,情報・通信業
4360,2026-10-01,1022.0,0.024,0.0519,0.0365,0.2617,0.0377,0.2289,978.9021,867.8207,True,0.044,0.8723,1171.5971,545.621,0.0261,0.0676,102200.0,0.6297,0.2999,マナック・ケミカル・パートナーズ,スタンダード（内国株式）,化学
4361,2026-10-01,1632.0,-0.0085,0.0055,0.02,0.0968,0.0212,0.0639,1596.24,1525.2667,True,0.0224,0.8545,1910.0,1400.0,0.0125,0.0436,163200.0,0.8414,0.4175,川口化学工業,スタンダード（内国株式）,化学
4362,2026-10-01,2669.0,0.0144,0.0121,-0.0344,0.0487,-0.0332,0.0159,2679.5131,2619.131,True,-0.0039,0.8744,3052.2819,2326.0,0.0151,0.5896,266900.0,0.9042,0.2927,日本精化,プライム（内国株式）,化学
4366,2026-10-01,500.0,0.0288,0.0246,0.1682,0.0246,0.1694,-0.0083,449.24,458.6267,False,0.113,0.8065,620.0,247.8499,0.0371,0.398,50000.0,0.895,0.4146,ダイトーケミックス,スタンダード（内国株式）,化学
4368,2026-10-01,3350.0,0.0404,0.1088,0.1167,-0.22,0.1178,-0.2529,2970.2172,3632.2724,False,0.1279,0.6707,4995.0,1575.8977,0.0303,21.1928,335000.0,0.8404,0.5408,扶桑化学工業,プライム（内国株式）,化学
4369,2026-10-01,3295.0,0.0544,0.0965,0.0698,-0.0692,0.071,-0.1021,3051.44,3294.2267,False,0.0798,0.7396,4455.0,2461.0,0.0332,18.2931,329500.0,0.9225,0.4429,トリケミカル研究所,プライム（内国株式）,化学
436A,2026-10-01,1340.0,-0.0059,0.0284,0.1157,0.3427,0.1169,0.3098,1233.84,1096.12,True,0.086,0.6911,1938.8501,920.0,0.0349,0.8467,134000.0,1.0543,0.1689,サイバーソリューションズ,グロース（内国株式）,情報・通信業
4370,2026-10-01,409.0,0.0049,-0.0554,0.0849,0.3771,0.086,0.3442,398.48,337.72,True,0.0264,0.6492,630.0,271.0,0.0975,0.9309,40900.0,0.8925,0.2534,モビルス,グロース（内国株式）,情報・通信業
4371,2026-10-01,1562.0,0.0032,0.064,0.054,0.1,0.0551,0.0671,1456.72,1421.7067,True,0.0723,0.9949,1570.0,893.0,0.0216,0.1766,156200.0,0.5055,0.3678,コアコンセプト・テクノロジー,グロース（内国株式）,情報・通信業
4372,2026-10-01,1332.0,-0.0133,-0.0097,0.0262,0.0682,0.0274,0.0353,1320.52,1266.8667,True,0.0087,0.8118,1640.7799,1068.0,0.0069,0.0263,133200.0,0.4189,0.445,ユミルリンク,グロース（内国株式）,情報・通信業
4373,2026-10-01,1117.0,0.0081,-0.0321,-0.105,0.1283,-0.1038,0.0954,1164.76,1089.24,True,-0.041,0.8727,1280.0,741.2383,0.0326,19.6599,111700.0,1.4789,0.2553,シンプレクス・ホールディングス,プライム（内国株式）,情報・通信業
4374,2026-10-01,1175.0,-0.0068,-0.0543,-0.5352,-0.4966,-0.534,-0.5294,2173.94,2300.46,False,-0.4595,0.3398,3457.5888,1170.0,0.1142,0.1224,117500.0,1.1179,1.0183,ＲＯＢＯＴ　ＰＡＹＭＥＮＴ,グロース（内国株式）,情報・通信業
4375,2026-10-01,648.0,-0.0061,-0.0526,-0.0663,-0.0211,-0.0651,-0.054,670.88,656.36,False,-0.0341,0.6646,975.0,590.0,0.0301,1.0645,64800.0,0.9402,0.3077,セーフィー,グロース（内国株式）,情報・通信業
4376,2026-10-01,178.0,-0.0632,0.023,0.0723,0.1338,0.0734,0.1009,170.4,162.6267,True,0.0446,0.9175,194.0,148.0,0.0486,0.086,17800.0,1.9383,0.2893,くふうカンパニーホールディングス,グロース（内国株式）,情報・通信業
4377,2026-10-01,2441.0,0.0278,0.0334,-0.0673,0.1747,-0.0661,0.1418,2392.56,2181.92,True,0.0202,0.8669,2815.8619,1667.0,0.0285,1.4436,244100.0,0.7237,0.2863,ワンキャリア,グロース（内国株式）,情報・通信業
4378,2026-10-01,465.0,-0.0043,-0.0292,-0.1499,-0.1913,-0.1488,-0.2242,503.88,516.3467,False,-0.0772,0.2888,1610.0,435.0,0.0267,0.0855,46500.0,0.2943,0.1609,ＣＩＮＣ,グロース（内国株式）,情報・通信業
4379,2026-10-01,490.0,0.0082,-0.0448,0.1011,0.2596,0.1023,0.2268,458.68,423.4533,True,0.0683,0.9108,538.0,325.0,0.0401,0.3483,49000.0,2.4668,0.3564,Ｐｈｏｔｏｓｙｎｔｈ,グロース（内国株式）,情報・通信業
4380,2026-10-01,703.0,0.0043,-0.0042,0.0308,0.2655,0.0319,0.2327,694.2,631.1333,True,0.0127,0.9643,729.0,512.5,0.017,0.0469,70300.0,0.7359,0.218,Ｍマート,グロース（内国株式）,情報・通信業
4381,2026-10-01,213.0,-0.0229,-0.0491,-0.29,0.2241,-0.2888,0.1913,252.12,303.1733,False,-0.1552,0.3142,678.0,170.0,0.0946,0.7085,21300.0,0.3426,0.1936,ビープラッツ,グロース（内国株式）,情報・通信業
4382,2026-10-01,856.0,-0.0023,0.0215,0.0767,0.2006,0.0779,0.1677,797.88,751.08,True,0.0728,0.6815,1256.0,690.0,0.0384,1.1954,85600.0,1.9005,0.207,ＨＥＲＯＺ,スタンダード（内国株式）,情報・通信業
4385,2026-10-01,3620.0,0.0044,0.0186,-0.2186,-0.1358,-0.2175,-0.1687,4043.08,4270.2133,False,-0.1046,0.7083,5111.0,2069.0,0.0341,83.1118,362000.0,1.1681,0.3328,メルカリ,プライム（内国株式）,情報・通信業
4386,2026-10-01,891.0,-0.0122,0.0089,-0.0144,0.0866,-0.0132,0.0537,890.7306,861.0569,True,0.0003,0.8335,1069.0136,751.0657,0.0164,0.0408,89100.0,1.0621,0.233,ＳＩＧグループ,スタンダード（内国株式）,情報・通信業
4387,2026-10-01,550.0,-0.0143,-0.0468,0.0742,0.1879,0.0754,0.155,538.64,500.2133,True,0.0211,0.7768,708.0,450.0,0.0505,0.1058,55000.0,2.4189,0.3671,ＺＵＵ,グロース（内国株式）,情報・通信業
4388,2026-10-01,361.0,-0.0028,-0.0082,-0.0424,-0.0322,-0.0413,-0.065,370.28,366.4667,False,-0.0251,0.6829,528.6332,350.0,0.0188,0.0448,36100.0,1.0609,0.4421,エーアイ,スタンダード（内国株式）,情報・通信業
4389,2026-10-01,1148.0,-0.0409,0.0871,0.0719,0.0996,0.0731,0.0668,1073.0,1028.4267,True,0.0699,0.9379,1224.0,714.24,0.0417,0.0793,114800.0,0.7994,0.4256,プロパティデータバンク,グロース（内国株式）,情報・通信業
438A,2026-10-01,1048.0,0.0038,0.0106,0.0397,0.2672,0.0408,0.2344,1013.52,890.4,True,0.034,0.6183,1695.0,674.0,0.0316,0.8383,104800.0,0.8743,0.1905,インフキュリオン,グロース（内国株式）,情報・通信業
4390,2026-10-01,4035.0,0.0113,-0.0252,-0.0438,0.1303,-0.0427,0.0974,4077.3645,3754.4548,True,-0.0104,0.934,4320.0,2762.9121,0.0289,2.1115,403500.0,0.6641,0.3334,ＩＰＳ,プライム（内国株式）,情報・通信業
4391,2026-10-01,1126.0,0.0009,-0.0131,-0.0293,0.0255,-0.0282,-0.0074,1140.6,1126.6386,True,-0.0128,0.8742,1288.0,992.4589,0.0124,0.0307,112600.0,0.39,0.1723,ロジザード,グロース（内国株式）,情報・通信業
4392,2026-10-01,915.0,0.0077,-0.0692,-0.2469,-0.1794,-0.2458,-0.2122,1014.32,1059.2133,False,-0.0979,0.2976,3075.0,282.0,0.0454,17.3126,91500.0,0.2638,0.2699,ＦＩＧ,プライム（内国株式）,情報・通信業
4393,2026-10-01,6300.0,0.0,0.0448,0.0769,0.2402,0.0781,0.2073,5781.6,5212.6,True,0.0897,0.6724,9370.0,4225.0,0.0384,2.727,630000.0,1.0767,0.3593,バンク・オブ・イノベーション,グロース（内国株式）,情報・通信業
4394,2026-10-01,827.0,0.0754,0.1968,0.2307,0.9188,0.2318,0.8859,668.56,558.6267,True,0.237,0.9976,829.0,364.3961,0.0445,0.5691,82700.0,0.8821,0.4784,エクスモーション,グロース（内国株式）,情報・通信業
4395,2026-10-01,736.0,0.0068,0.2668,0.0027,-0.0479,0.0039,-0.0807,661.76,701.8887,False,0.1122,0.4713,1561.522,545.0,0.0613,0.7859,73600.0,1.6307,0.4275,アクリート,グロース（内国株式）,情報・通信業
4396,2026-10-01,1331.0,0.006,-0.0334,-0.0731,0.281,-0.072,0.2482,1361.84,1190.9073,True,-0.0226,0.7876,1689.9198,920.3348,0.0248,1.021,133100.0,0.6288,0.3024,システムサポートホールディングス,プライム（内国株式）,情報・通信業
4397,2026-10-01,375.0,-0.0106,-0.0482,-0.1438,-0.0027,-0.1427,-0.0355,402.44,391.16,True,-0.0682,0.5639,665.0,350.0,0.0261,0.1415,37500.0,0.521,0.3372,チームスピリット,グロース（内国株式）,情報・通信業
4398,2026-10-01,1494.0,0.044,0.1361,0.1572,0.2097,0.1584,0.1769,1320.36,1272.8832,True,0.1315,0.9343,1599.0,1185.7721,0.0314,0.1237,149400.0,2.64,0.6307,ブロードバンドセキュリティ,スタンダード（内国株式）,情報・通信業
4401,2026-10-01,4612.0,0.0015,0.0125,-0.0105,0.1116,-0.0094,0.0787,4555.0814,4345.9738,True,0.0125,0.918,5023.8118,3175.3167,0.0197,12.3371,461200.0,0.6868,0.2811,ＡＤＥＫＡ,プライム（内国株式）,化学
4403,2026-10-01,2549.5,0.0049,0.0006,-0.0599,-0.0668,-0.0588,-0.0997,2631.7401,2702.3667,False,-0.0312,0.7499,3400.0,2484.0,0.0186,24.6779,254950.0,1.1329,0.359,日油,プライム（内国株式）,化学
4404,2026-10-01,2207.0,-0.0018,-0.0054,0.0096,0.2126,0.0108,0.1798,2205.92,2011.7467,True,0.0005,0.8266,2670.0,1752.0,0.0136,0.3701,220700.0,0.7841,0.3,ミヨシ油脂,スタンダード（内国株式）,食料品
4406,2026-10-01,239.0,-0.0363,0.017,-0.0664,0.1832,-0.0652,0.1503,243.04,222.7067,True,-0.0166,0.8175,292.3719,188.0,0.0251,0.6704,23900.0,0.9409,0.3167,新日本理化,スタンダード（内国株式）,化学
4409,2026-10-01,894.0,0.0159,0.1147,0.1274,0.2097,0.1285,0.1769,804.04,761.9067,True,0.1119,0.9933,900.0,695.2139,0.0208,0.0641,89400.0,1.053,0.6192,東邦化学工業,スタンダード（内国株式）,化学
4410,2026-10-01,1150.0,0.007,0.0249,0.0204,0.1026,0.0216,0.0697,1118.3578,1091.1859,True,0.0283,0.952,1208.0,821.3924,0.021,0.7152,115000.0,1.0779,0.4172,ハリマ化成グループ,プライム（内国株式）,化学
4412,2026-10-01,1460.0,-0.0054,0.0572,0.1094,0.2467,0.1106,0.2139,1354.2001,1230.6332,True,0.0781,0.5504,2652.8433,1052.1446,0.0277,0.2609,146000.0,0.5285,0.4272,サイエンスアーツ,グロース（内国株式）,情報・通信業
4413,2026-10-01,2967.0,0.0003,0.0007,0.0003,0.0677,0.0015,0.0348,2965.36,2870.64,True,0.0006,0.8988,3301.048,1685.8746,0.0014,10.7059,296700.0,1.0885,0.3439,ボードルア,プライム（内国株式）,情報・通信業
4414,2026-10-01,1152.0,0.0105,0.0195,-0.0295,0.0017,-0.0283,-0.0311,1117.56,1137.6933,True,0.0308,0.5731,2010.0,950.0,0.0273,0.1458,115200.0,0.4987,0.3111,フレクト,グロース（内国株式）,情報・通信業
4415,2026-10-01,1476.0,0.013,0.0505,0.0424,0.1846,0.0435,0.1517,1404.08,1343.4133,True,0.0512,0.9401,1570.0,958.0,0.026,0.1577,147600.0,0.5206,0.2941,ブロードエンタープライズ,グロース（内国株式）,情報・通信業
4416,2026-10-01,407.0,0.0025,-0.0073,-0.0333,-0.0708,-0.0321,-0.1036,412.04,417.84,True,-0.0122,0.4594,886.0,364.0,0.0191,0.0236,40700.0,0.3338,0.244,Ｔｒｕｅ　Ｄａｔａ,グロース（内国株式）,情報・通信業
4417,2026-10-01,5530.0,0.011,-0.0186,0.1367,0.3722,0.1378,0.3394,4922.6288,4359.1829,True,0.1234,0.9325,5930.0,2183.1112,0.0553,3.7362,553000.0,1.3472,0.2681,グローバルセキュリティエキスパート,グロース（内国株式）,情報・通信業
4418,2026-10-01,1131.0,0.0153,-0.0559,0.0,0.5687,0.0012,0.5358,1096.0,887.5867,True,0.0319,0.5812,1946.0,596.0,0.0447,2.3205,113100.0,0.6496,0.346,ＪＤＳＣ,グロース（内国株式）,情報・通信業
4419,2026-10-01,1323.0,0.0099,-0.059,-0.0969,-0.0329,-0.0958,-0.0658,1382.44,1434.5733,True,-0.043,0.7569,1748.0,754.0,0.0396,4.7979,132300.0,0.58,0.3777,Ｆｉｎａｔｅｘｔホールディングス,グロース（内国株式）,情報・通信業
441A,2026-10-01,270.0,0.0,-0.0037,-0.0253,0.0976,-0.0241,0.0647,270.04,255.7467,True,-0.0001,0.6421,420.5,206.0,0.0468,0.1435,27000.0,1.3897,0.1977,ＮＥ,グロース（内国株式）,情報・通信業
4420,2026-10-01,818.0,0.0,-0.0049,-0.1251,0.0263,-0.124,-0.0065,812.88,786.9641,True,0.0063,0.8099,1010.0,460.5984,0.0044,4.256,81800.0,1.0915,0.224,イーソル,スタンダード（内国株式）,情報・通信業
4421,2026-10-01,900.0,-0.0044,-0.0228,-0.0456,-0.0664,-0.0444,-0.0992,938.48,933.7333,True,-0.041,0.8152,1104.0,881.0,0.0095,0.0382,90000.0,1.7876,0.7124,ディ・アイ・システム,スタンダード（内国株式）,情報・通信業
4422,2026-10-01,498.0,-0.006,-0.006,-0.2219,-0.1059,-0.2207,-0.1388,544.36,557.04,False,-0.0852,0.3055,1630.0,155.3333,0.0532,0.5198,49800.0,0.4972,0.1396,ＶＡＬＵＥＮＥＸ,グロース（内国株式）,情報・通信業
4424,2026-10-01,319.0,0.0324,-0.0062,-0.07,0.2967,-0.0688,0.2639,330.44,314.12,True,-0.0346,0.4525,705.0,196.0,0.0499,0.2756,31900.0,0.0615,0.2762,Ａｍａｚｉａ,グロース（内国株式）,情報・通信業
4425,2026-10-01,1441.0,0.0148,-0.0277,-0.0816,-0.2455,-0.0804,-0.2784,1468.64,1677.8,False,-0.0188,0.4589,3140.0,930.0,0.0378,3.2264,144100.0,0.541,0.2664,Ｋｕｄａｎ,グロース（内国株式）,情報・通信業
4427,2026-10-01,226.0,0.0089,0.018,0.0044,0.3064,0.0056,0.2735,227.32,206.8133,False,-0.0058,0.5979,378.0,165.0,0.085,0.2073,22600.0,2.8751,0.4528,ＥｄｕＬａｂ,グロース（内国株式）,情報・通信業
4428,2026-10-01,696.0,-0.0071,-0.0156,-0.0252,0.1048,-0.0241,0.0719,708.56,686.3824,True,-0.0177,0.7206,965.8,603.1792,0.017,0.0102,69600.0,0.3298,0.2193,シノプス,グロース（内国株式）,情報・通信業
4429,2026-10-01,726.0,-0.0095,-0.0242,-0.0122,0.0254,-0.0111,-0.0074,729.0,715.3333,False,-0.0041,0.5902,1230.0,685.0,0.0178,0.0172,72600.0,1.0174,0.2088,リックソフト,グロース（内国株式）,情報・通信業
442A,2026-10-01,819.0,0.0012,0.0623,-0.1651,-0.1947,-0.164,-0.2275,903.48,975.6533,False,-0.0935,0.2022,4050.0,730.0,0.0447,0.0547,81900.0,2.6925,0.5496,クラシコ,グロース（内国株式）,繊維製品
4430,2026-10-01,1735.0,0.0,-0.0034,-0.0382,0.0483,-0.0371,0.0155,1746.76,1681.5333,True,-0.0067,0.8857,1959.0085,1512.1157,0.0152,0.2571,173500.0,0.704,0.2504,東海ソフト,スタンダード（内国株式）,情報・通信業
4431,2026-10-01,3435.0,0.0178,0.0315,-0.0972,0.182,-0.0961,0.1492,3434.6,3121.6,True,0.0001,0.898,3825.0,1947.9974,0.0441,3.4508,343500.0,0.9959,0.4028,スマレジ,グロース（内国株式）,情報・通信業
4432,2026-10-01,3345.0,0.0152,0.0075,-0.0304,0.383,-0.0293,0.3502,3305.9777,2920.8267,True,0.0118,0.9105,3673.6518,2180.4914,0.0235,3.6761,334500.0,0.4179,0.1782,ウイングアーク１ｓｔ,プライム（内国株式）,情報・通信業
4433,2026-10-01,844.0,-0.0047,-0.014,-0.0332,-0.0052,-0.0321,-0.0381,861.7817,859.764,True,-0.0206,0.7752,1088.7841,795.5785,0.0118,0.3087,84400.0,0.7114,0.34,ヒト・コミュニケーションズ・ホールディングス,プライム（内国株式）,サービス業
4434,2026-10-01,2437.0,-0.0012,-0.0165,-0.0691,0.2549,-0.068,0.222,2449.3317,2223.0925,True,-0.005,0.9087,2682.0,1710.8755,0.0258,0.8029,243700.0,0.5062,0.2609,サーバーワークス,スタンダード（内国株式）,情報・通信業
4436,2026-10-01,668.0,-0.0347,-0.0457,0.5867,0.5607,0.5879,0.5279,493.48,457.3467,True,0.3537,0.7915,844.0,402.0,0.0742,1.974,66800.0,4.4447,0.8674,ミンカブ・ジ・インフォノイド,グロース（内国株式）,情報・通信業
4437,2026-10-01,720.0,0.0014,-0.0323,-0.0686,-0.1166,-0.0674,-0.1494,742.96,786.28,False,-0.0309,0.5397,1334.0,581.6571,0.025,0.0379,72000.0,1.1105,0.2444,ｇｏｏｄｄａｙｓホールディングス,グロース（内国株式）,情報・通信業
4438,2026-10-01,309.0,0.1155,0.0582,0.2165,0.251,0.2177,0.2182,270.28,257.5733,True,0.1433,0.5538,558.0,231.0,0.0869,0.6299,30900.0,5.4189,0.6032,Ｗｅｌｂｙ,グロース（内国株式）,情報・通信業
4439,2026-10-01,826.0,-0.0048,0.021,0.0549,0.1115,0.0561,0.0787,796.3571,773.819,True,0.0372,0.7166,1152.6214,671.7717,0.0166,0.0469,82600.0,0.6499,0.6708,東名,スタンダード（内国株式）,情報・通信業
4440,2026-10-01,2420.0,-0.0308,-0.12,0.3557,1.1916,0.3569,1.1587,2034.2442,1426.6441,True,0.1896,0.7883,3070.0,984.0523,0.1563,55.8407,242000.0,1.3442,0.2644,ヴィッツ,スタンダード（内国株式）,情報・通信業
4441,2026-10-01,1484.0,0.0013,-0.0172,-0.0332,0.0306,-0.0321,-0.0023,1493.24,1487.3067,True,-0.0062,0.8755,1695.0,905.0,0.0424,0.2553,148400.0,0.5452,0.2288,トビラシステムズ,スタンダード（内国株式）,情報・通信業
4442,2026-10-01,414.0,0.0172,0.0172,0.0222,0.0481,0.0234,0.0152,405.6,399.5067,True,0.0207,0.8524,485.7112,366.0,0.0117,0.2034,41400.0,2.1566,0.3706,バルテス・ホールディングス,グロース（内国株式）,情報・通信業
4443,2026-10-01,2050.0,0.0194,-0.0224,-0.1137,0.2232,-0.1125,0.1903,2103.48,1886.4667,True,-0.0254,0.8705,2355.0,992.4182,0.0341,26.491,205000.0,0.914,0.2714,Ｓａｎｓａｎ,プライム（内国株式）,情報・通信業
4444,2026-10-01,935.0,0.0011,-0.024,-0.0179,0.0735,-0.0167,0.0406,953.64,914.6133,True,-0.0195,0.8145,1148.0,779.0,0.0228,0.0238,93500.0,1.3652,0.3242,インフォネット,グロース（内国株式）,情報・通信業
4445,2026-10-01,1798.0,-0.0011,-0.0737,-0.0487,0.1892,-0.0475,0.1563,1909.92,1753.1733,True,-0.0586,0.9035,1990.0,1435.0,0.0351,0.0896,179800.0,2.644,0.4963,リビン・テクノロジーズ,グロース（内国株式）,情報・通信業
4446,2026-10-01,718.0,-0.0205,-0.0783,-0.1766,-0.1483,-0.1754,-0.1811,809.72,804.92,True,-0.1133,0.3958,1814.0,384.0,0.0856,2.1741,71800.0,2.252,0.2898,Ｌｉｎｋ－Ｕグループ,スタンダード（内国株式）,情報・通信業
4447,2026-10-01,483.0,0.0042,-0.0129,-0.0378,0.1053,-0.0367,0.0724,496.4438,470.6013,True,-0.0271,0.8322,580.3667,420.0,0.0166,0.0865,48300.0,2.0423,0.3614,ピー・ビーシステムズ,グロース（内国株式）,情報・通信業
4448,2026-10-01,358.0,0.0028,-0.0324,-0.0428,0.2013,-0.0416,0.1685,356.92,315.9733,True,0.003,0.7868,455.0,247.0,0.0325,0.2933,35800.0,0.5294,0.1975,ｋｕｂｅｌｌ,グロース（内国株式）,情報・通信業
4450,2026-10-01,2388.0,0.0034,0.0136,0.0097,0.2303,0.0109,0.1974,2341.12,2163.1173,True,0.02,0.9197,2596.4976,1889.1353,0.0117,0.0753,238800.0,1.7143,0.4297,パワーソリューションズ,グロース（内国株式）,情報・通信業
4452,2026-10-01,3482.0,-0.0051,-0.0009,-0.0437,0.0658,-0.0425,0.033,3509.92,3365.717,True,-0.008,0.9207,3782.0,2845.6722,0.0163,93.6223,348200.0,0.8733,0.2219,花王,プライム（内国株式）,化学
4461,2026-10-01,14790.0,0.0214,0.0689,0.0764,0.2153,0.0776,0.1824,13306.2766,12555.4255,True,0.1115,0.9302,15900.0,5585.4695,0.0466,21.4551,1479000.0,0.6877,0.4904,第一工業製薬,プライム（内国株式）,化学
4462,2026-10-01,2984.0,0.0237,0.0759,-0.0037,-0.1012,-0.0025,-0.1341,2879.7623,3086.6274,True,0.0362,0.7701,3875.0,1848.2051,0.0311,1.3538,298400.0,1.6766,0.2849,石原ケミカル,プライム（内国株式）,化学
4463,2026-10-01,1991.0,0.0,-0.005,-0.0288,0.1746,-0.0276,0.1418,1994.0,1875.6377,True,-0.0015,0.9291,2143.0,1353.1909,0.0201,0.3094,199100.0,0.8404,0.2795,日華化学,スタンダード（内国株式）,化学
4464,2026-10-01,4050.0,0.0,0.0072,0.1281,0.125,0.1293,0.0921,3738.5217,3631.3072,True,0.0833,0.9787,4138.1473,2826.6578,0.0138,0.1796,405000.0,2.5969,0.0785,ソフト９９コーポレーション,スタンダード（内国株式）,化学
4465,2026-10-01,2450.0,0.0103,0.0049,0.0,0.1427,0.0012,0.1099,2419.4,2291.9467,True,0.0126,0.9373,2613.9904,2042.0,0.0269,0.2212,245000.0,1.8153,0.2652,ニイタカ,スタンダード（内国株式）,化学
446A,2026-10-01,2314.0,-0.0338,-0.0294,0.09,0.7773,0.0911,0.7444,2161.12,1709.72,True,0.0707,0.9357,2473.0,976.0,0.0555,17.3893,231400.0,1.208,0.3681,ノースサンド,グロース（内国株式）,サービス業
4471,2026-10-01,1653.0,0.0079,0.1029,-0.7433,-0.662,-0.7422,-0.6948,5117.5662,5230.9887,False,-0.677,0.2453,6740.0,1475.282,0.2842,7.1862,165300.0,2.1723,1.0609,三洋化成工業,プライム（内国株式）,化学
4475,2026-10-01,1786.0,0.0062,0.0079,0.0247,0.4556,0.0258,0.4227,1687.9991,1410.333,True,0.0581,0.9835,1816.0,877.2034,0.0379,9.6852,178600.0,0.9819,0.1681,ＨＥＮＮＧＥ,グロース（内国株式）,情報・通信業
4476,2026-10-01,1089.0,-0.0046,0.0074,-0.0955,0.1647,-0.0944,0.1319,1106.52,1049.0933,True,-0.0158,0.5811,1874.0,920.0,0.0182,0.1393,108900.0,0.5083,0.187,ＡＩ　ＣＲＯＳＳ,グロース（内国株式）,情報・通信業
4477,2026-10-01,339.0,0.0089,0.0059,-0.0936,0.1979,-0.0924,0.165,337.32,305.04,True,0.005,0.8987,377.197,252.0,0.0095,3.2151,33900.0,0.8512,0.1867,ＢＡＳＥ,グロース（内国株式）,情報・通信業
4478,2026-10-01,3555.0,-0.0014,-0.052,-0.1846,0.6801,-0.1835,0.6472,3883.4,2945.0533,True,-0.0846,0.7754,4585.0,1831.0,0.0423,20.6542,355500.0,0.7037,0.3824,フリー,グロース（内国株式）,情報・通信業
4479,2026-10-01,952.0,-0.0021,-0.0355,-0.0226,0.0968,-0.0214,0.0639,960.0,906.28,True,-0.0083,0.7212,1320.0,675.0,0.0317,0.799,95200.0,0.3285,0.2582,マクアケ,グロース（内国株式）,情報・通信業
4480,2026-10-01,2323.0,0.0026,-0.014,-0.1683,0.1371,-0.1671,0.1042,2480.48,2266.16,True,-0.0635,0.7641,3040.0,1715.0,0.0314,6.6196,232300.0,0.8501,0.211,メドレー,プライム（内国株式）,情報・通信業
4481,2026-10-01,3215.0,0.011,0.0047,-0.0613,0.106,-0.0602,0.0731,3274.8,3128.3377,True,-0.0183,0.9172,3505.1095,2742.0062,0.0156,1.9608,321500.0,0.666,0.25,ベース,プライム（内国株式）,情報・通信業
4482,2026-10-01,750.0,0.004,0.0054,0.0176,0.0563,0.0188,0.0235,741.16,725.319,True,0.0119,0.9185,816.5169,671.8216,0.0094,0.0542,75000.0,0.8589,0.1838,ウィルズ,グロース（内国株式）,情報・通信業
4483,2026-10-01,3720.0,0.0449,0.0164,0.0464,0.2257,0.0476,0.1928,3536.8,3258.6667,True,0.0518,0.7556,4923.0409,2369.0,0.0291,10.0654,372000.0,0.6589,0.2079,ＪＭＤＣ,プライム（内国株式）,情報・通信業
4484,2026-10-01,286.0,0.007,-0.0435,-0.0272,0.04,-0.0261,0.0071,294.92,284.8133,True,-0.0302,0.8831,323.8623,251.0,0.0142,0.0456,28600.0,1.2796,0.5404,ランサーズ,グロース（内国株式）,情報・通信業
4486,2026-10-01,685.0,0.0,-0.0101,-0.0284,0.077,-0.0272,0.0442,685.16,661.1867,False,-0.0002,0.8882,771.2467,617.0,0.013,0.0379,68500.0,0.7239,0.3248,ユナイトアンドグロウ,グロース（内国株式）,情報・通信業
4487,2026-10-01,216.0,-0.0137,-0.04,-0.0649,0.0093,-0.0638,-0.0235,228.32,224.0533,False,-0.054,0.5714,378.0,205.0,0.0314,0.012,21600.0,1.3961,0.4421,スペースマーケット,グロース（内国株式）,情報・通信業
4488,2026-10-01,2136.0,0.0409,-0.0161,-0.0949,0.0354,-0.0938,0.0025,2160.32,2123.5867,False,-0.0113,0.6301,3390.0,1903.0,0.0244,0.1347,213600.0,0.5876,0.2378,ＡＩ　ｉｎｓｉｄｅ,グロース（内国株式）,情報・通信業
4490,2026-10-01,680.0,0.0044,0.0089,0.035,0.1644,0.0362,0.1315,660.72,640.88,True,0.0292,0.8416,808.0,445.0,0.0222,0.0598,68000.0,0.4319,0.3118,ビザスク,グロース（内国株式）,情報・通信業
4491,2026-10-01,3020.0,-0.0211,-0.0793,-0.0693,-0.0195,-0.0682,-0.0523,3273.0,3166.5067,True,-0.0773,0.8004,3773.0,2425.5,0.0213,0.1484,302000.0,2.2642,0.56,コンピューターマネージメント,スタンダード（内国株式）,情報・通信業
4492,2026-10-01,383.0,-0.0129,-0.0154,-0.0704,-0.0636,-0.0692,-0.0964,392.2031,396.521,True,-0.0235,0.7761,493.4857,345.0,0.0257,0.1113,38300.0,0.5186,0.2126,ゼネテック,スタンダード（内国株式）,情報・通信業
4493,2026-10-01,2020.0,0.0269,-0.0069,0.0412,0.1026,0.0424,0.0698,1881.64,1842.92,True,0.0735,0.9452,2137.09,1448.0,0.042,3.8652,202000.0,1.7206,0.2394,サイバーセキュリティクラウド,グロース（内国株式）,情報・通信業
4495,2026-10-01,2058.0,0.0015,-0.0233,-0.027,0.1562,-0.0258,0.1233,2045.48,1928.904,True,0.0061,0.7025,2929.3356,1709.0,0.0193,0.167,205800.0,1.0405,0.2548,アイキューブドシステムズ,グロース（内国株式）,情報・通信業
4496,2026-10-01,747.0,0.0013,0.0013,-0.0324,-0.0261,-0.0312,-0.0589,768.5222,786.4007,True,-0.028,0.8737,855.0,675.0,0.0243,0.03,74700.0,0.4953,0.352,コマースＯｎｅホールディングス,グロース（内国株式）,情報・通信業
4498,2026-10-01,1131.0,0.0053,-0.0423,-0.1775,-0.0399,-0.1763,-0.0728,1223.72,1206.5467,True,-0.0758,0.7152,1581.4849,1030.0,0.0404,0.7981,113100.0,0.7241,0.2059,サイバートラスト,グロース（内国株式）,情報・通信業
4499,2026-10-01,2330.0,0.0439,0.0117,-0.0372,0.13,-0.036,0.0971,2364.56,2320.6267,False,-0.0146,0.6314,3690.0,1983.0,0.0437,2.1389,233000.0,0.769,0.2456,Ｓｐｅｅｅ,スタンダード（内国株式）,情報・通信業
4502,2026-10-01,5731.0,-0.0085,-0.0091,-0.0059,0.0867,-0.0047,0.0538,5797.0041,5530.1747,True,-0.0114,0.9499,6033.0,4031.7603,0.0204,251.7417,573100.0,1.1939,0.3072,武田薬品工業,プライム（内国株式）,医薬品
4503,2026-10-01,2310.5,-0.0043,-0.0036,-0.0257,0.0799,-0.0246,0.0471,2336.746,2252.462,True,-0.0112,0.8504,2717.0,1534.2226,0.0213,134.858,231050.0,1.0031,0.2527,アステラス製薬,プライム（内国株式）,医薬品
4506,2026-10-01,1635.0,0.0052,0.0286,0.0521,0.0973,0.0533,0.0645,1569.36,1446.26,True,0.0418,0.4973,3288.0,1188.0,0.0338,59.0163,163500.0,0.8013,0.2688,住友ファーマ,プライム（内国株式）,医薬品
4507,2026-10-01,2852.0,-0.0064,-0.0096,-0.0201,0.025,-0.0189,-0.0079,2902.1098,2864.1899,False,-0.0173,0.7589,3758.0,2366.6352,0.0207,82.6765,285200.0,1.086,0.3099,塩野義製薬,プライム（内国株式）,医薬品
4512,2026-10-01,294.0,-0.02,0.0,-0.0637,0.0691,-0.0625,0.0362,301.16,280.32,True,-0.0238,0.7813,376.2953,240.0,0.0209,0.1108,29400.0,0.6966,0.1791,わかもと製薬,スタンダード（内国株式）,医薬品
4516,2026-10-01,3497.0,0.016,0.0153,-0.0133,-0.1437,-0.0121,-0.1766,3466.6092,3728.6831,False,0.0088,0.5419,6453.5764,3150.1834,0.0145,15.5108,349700.0,1.1784,0.278,日本新薬,プライム（内国株式）,医薬品
4519,2026-10-01,6175.0,-0.008,-0.0714,-0.1068,-0.1678,-0.1056,-0.2006,6626.36,7018.8233,False,-0.0681,0.5823,10605.004,6002.0,0.0269,203.7588,617500.0,1.3743,0.4825,中外製薬,プライム（内国株式）,医薬品
4521,2026-10-01,3835.0,-0.0039,-0.0087,-0.0413,0.0026,-0.0401,-0.0302,3916.7029,3887.701,False,-0.0209,0.8825,4345.7582,3460.9636,0.0144,4.3069,383500.0,0.9085,0.4253,科研製薬,プライム（内国株式）,医薬品
4523,2026-10-01,4833.0,-0.0045,0.0022,0.0196,0.154,0.0208,0.1212,4780.6702,4546.4234,True,0.0109,0.9236,5233.0,3660.0,0.0198,57.9963,483300.0,0.8898,0.2662,エーザイ,プライム（内国株式）,医薬品
4524,2026-10-01,2236.0,0.0,-0.0036,-0.0022,0.0361,-0.0011,0.0033,2243.4,2207.04,True,-0.0033,0.9624,2323.3549,2041.4414,0.0044,0.0271,223600.0,1.2699,0.4362,森下仁丹,スタンダード（内国株式）,医薬品
4526,2026-10-01,3105.0,-0.0127,-0.049,-0.0908,0.0032,-0.0896,-0.0296,3308.5867,3196.1822,True,-0.0615,0.8948,3470.0,2662.0,0.0177,3.7968,310500.0,1.8599,0.5557,理研ビタミン,プライム（内国株式）,食料品
4527,2026-10-01,2820.0,0.0039,0.0235,-0.0769,0.1792,-0.0758,0.1463,2898.3853,2626.0284,True,-0.027,0.9033,3122.0,2195.5057,0.0229,30.1812,282000.0,0.921,0.2999,ロート製薬,プライム（内国株式）,医薬品
4528,2026-10-01,2333.0,-0.0058,-0.0146,-0.0479,-0.0287,-0.0468,-0.0616,2400.7597,2391.7466,True,-0.0282,0.8862,2632.5308,1609.4782,0.02,35.0565,233300.0,1.0636,0.2748,小野薬品工業,プライム（内国株式）,医薬品
4531,2026-10-01,367.0,0.011,0.0055,-0.0134,0.028,-0.0123,-0.0048,360.6,357.36,True,0.0177,0.588,624.1975,267.2346,0.0185,0.1125,36700.0,0.3786,0.2653,有機合成薬品工業,スタンダード（内国株式）,化学
4534,2026-10-01,3180.0,0.0,-0.0177,-0.0305,0.0047,-0.0293,-0.0281,3246.8687,3195.8896,False,-0.0206,0.8108,3922.019,2897.2494,0.0158,1.3124,318000.0,0.8228,0.429,持田製薬,プライム（内国株式）,医薬品
4536,2026-10-01,1694.5,0.0044,-0.0118,-0.0965,-0.2211,-0.0954,-0.254,1778.4883,1928.9228,False,-0.0472,0.7518,2254.0,1442.4981,0.0234,24.2885,169450.0,1.3234,0.321,参天製薬,プライム（内国株式）,医薬品
4538,2026-10-01,2206.0,-0.0032,0.0043,-0.0363,0.0328,-0.0351,-0.0001,2247.1157,2191.7586,True,-0.0183,0.8884,2483.0322,1990.0,0.0166,0.3189,220600.0,1.1328,0.2943,扶桑薬品工業,プライム（内国株式）,医薬品
4539,2026-10-01,1567.0,0.011,0.0045,-0.0051,0.011,-0.0039,-0.0219,1568.32,1582.7467,False,-0.0008,0.8677,1806.0,1460.4311,0.0141,0.0548,156700.0,1.1934,0.2574,日本ケミファ,スタンダード（内国株式）,医薬品
4540,2026-10-01,3749.0,-0.0098,-0.0015,-0.0087,0.0059,-0.0076,-0.027,3770.0825,3780.1608,False,-0.0056,0.8692,4313.1893,3373.7506,0.016,22.6713,374900.0,1.3256,0.2834,ツムラ,プライム（内国株式）,医薬品
4543,2026-10-01,2351.5,0.0237,0.042,-0.0654,0.0619,-0.0642,0.029,2366.2625,2333.3208,True,-0.0062,0.8745,2689.0,1886.6291,0.0223,111.814,235150.0,1.0622,0.2844,テルモ,プライム（内国株式）,精密機器
4544,2026-10-01,3533.0,0.0054,0.0108,-0.0227,0.0425,-0.0215,0.0096,3532.9082,3439.3694,True,0.0,0.88,4014.5518,2888.0645,0.0209,7.6782,353300.0,0.9142,0.2769,Ｈ．Ｕ．グループホールディングス,プライム（内国株式）,サービス業
4547,2026-10-01,3830.0,0.0227,-0.0147,-0.0647,-0.0647,-0.0636,-0.0976,3987.5625,4056.3875,True,-0.0395,0.7753,4940.0,3500.0,0.0197,2.8407,383000.0,1.2622,0.5032,キッセイ薬品工業,プライム（内国株式）,医薬品
4548,2026-10-01,582.0,-0.03,-0.1349,-0.1905,-0.1928,-0.1894,-0.2256,676.343,706.4743,False,-0.1395,0.7098,820.0,580.0,0.0328,3.2999,58200.0,2.7987,0.5718,生化学工業,プライム（内国株式）,医薬品
4549,2026-10-01,2307.0,-0.0004,-0.0219,-0.0077,-0.1208,-0.0066,-0.1537,2305.883,2414.201,False,0.0005,0.6591,3500.0,2021.0,0.0221,3.2986,230700.0,0.6456,0.2775,栄研化学,プライム（内国株式）,医薬品
4552,2026-10-01,502.0,0.0,0.022,-0.0402,0.1033,-0.039,0.0704,518.0847,498.5616,True,-0.031,0.6195,810.2895,444.0,0.0265,2.2199,50200.0,0.7687,0.2706,ＪＣＲファーマ,プライム（内国株式）,医薬品
4553,2026-10-01,3570.0,-0.0152,-0.0245,-0.0823,-0.0846,-0.0811,-0.1175,3676.7826,3850.0609,False,-0.029,0.7951,4490.0,2737.7389,0.0281,4.0967,357000.0,0.9513,0.2794,東和薬品,プライム（内国株式）,医薬品
4554,2026-10-01,1764.0,-0.014,-0.0235,-0.0162,-0.0963,-0.015,-0.1292,1789.8007,1906.7602,False,-0.0144,0.6896,2558.0,1464.5423,0.0214,1.6617,176400.0,0.9267,0.3265,富士製薬工業,プライム（内国株式）,医薬品
4558,2026-10-01,200.0,0.0,0.0127,-0.0148,0.005,-0.0136,-0.0278,200.42,199.5933,True,-0.0021,0.9269,215.7651,196.5125,0.0064,0.0207,20000.0,0.583,0.3495,中京医薬品,スタンダード（内国株式）,医薬品
4559,2026-10-01,1951.0,-0.0056,-0.0186,-0.0346,-0.0441,-0.0335,-0.077,2004.7101,2053.4234,False,-0.0268,0.8016,2434.0,1856.9932,0.0119,3.4618,195100.0,1.4483,0.3959,ゼリア新薬工業,プライム（内国株式）,医薬品
4563,2026-10-01,36.0,-0.0526,0.0,-0.0769,-0.234,-0.0758,-0.2669,37.56,44.04,False,-0.0415,0.3871,93.0,34.0,0.0437,0.5233,3600.0,0.8639,0.2545,アンジェス,グロース（内国株式）,医薬品
4564,2026-10-01,20.0,-0.0476,-0.0476,-0.0909,0.0526,-0.0898,0.0198,21.64,20.4133,True,-0.0758,0.5882,34.0,18.0,0.0571,33.975,2000.0,0.8391,0.2625,オンコセラピー・サイエンス,グロース（内国株式）,医薬品
4565,2026-10-01,1264.0,0.012,-0.0024,0.1127,0.3167,0.1138,0.2838,1196.32,1038.5867,True,0.0566,0.9583,1319.0,723.0,0.0429,14.3863,126400.0,1.0273,0.2542,ネクセラファーマ,プライム（内国株式）,医薬品
4568,2026-10-01,2740.5,-0.0212,-0.0313,-0.0377,0.0377,-0.0366,0.0048,2826.9547,2734.8049,True,-0.0306,0.6648,4122.3887,2390.0,0.0278,173.7419,274050.0,1.0527,0.2926,第一三共,プライム（内国株式）,医薬品
4569,2026-10-01,1098.0,-0.0063,-0.0171,-0.0703,-0.0583,-0.0691,-0.0912,1135.6004,1143.3468,False,-0.0331,0.6369,1724.0,1052.0,0.0184,2.2679,109800.0,0.8477,0.3023,杏林製薬,プライム（内国株式）,医薬品
456A,2026-10-01,2060.0,0.0718,0.1606,0.2262,0.4693,0.2273,0.4365,1631.48,1533.7067,True,0.2627,0.9981,2064.0,762.5,0.0566,14.6453,206000.0,1.879,0.5734,ＨＵＭＡＮ　ＭＡＤＥ,グロース（内国株式）,小売業
4570,2026-10-01,1173.0,-0.0217,-0.0159,0.0963,0.2018,0.0974,0.169,1128.04,1028.8,True,0.0399,0.3084,3803.687,462.0185,0.0413,1.7609,117300.0,1.087,0.2,免疫生物研究所,グロース（内国株式）,医薬品
4571,2026-10-01,98.0,-0.0101,-0.02,-0.0485,-0.0297,-0.0474,-0.0626,100.36,100.8667,False,-0.0235,0.3858,254.0,93.0,0.0292,0.3187,9800.0,0.7792,0.245,ＮＡＮＯホールディングス,グロース（内国株式）,医薬品
4572,2026-10-01,432.0,0.0,-0.0292,0.0261,0.2743,0.0273,0.2415,429.56,366.28,True,0.0057,0.8438,512.0,200.0,0.0367,0.4854,43200.0,0.7779,0.3405,カルナバイオサイエンス,グロース（内国株式）,医薬品
4574,2026-10-01,256.0,0.0079,0.0039,-0.0266,-0.0758,-0.0255,-0.1087,257.48,262.3867,False,-0.0057,0.8076,317.0,246.0,0.0223,0.2142,25600.0,0.773,0.2275,大幸薬品,プライム（内国株式）,医薬品
4575,2026-10-01,744.0,-0.0606,0.0136,-0.1379,0.261,-0.1367,0.2282,777.48,719.5067,True,-0.0431,0.5649,1317.0,506.0,0.044,1.3575,74400.0,0.5915,0.3638,キャンバス,グロース（内国株式）,医薬品
4576,2026-10-01,76.0,-0.013,0.0704,-0.1461,0.0,-0.1449,-0.0329,81.12,78.7733,True,-0.0631,0.4199,181.0,66.0,0.0564,0.3265,7600.0,1.6186,0.28,デ・ウエスタン・セラピテクス研究所,グロース（内国株式）,医薬品
4577,2026-10-01,1306.0,-0.0136,-0.0326,-0.0203,0.0524,-0.0191,0.0195,1316.64,1282.28,True,-0.0081,0.873,1496.0451,1106.0222,0.0201,0.9885,130600.0,0.9815,0.3957,ダイト,プライム（内国株式）,医薬品
4578,2026-10-01,11465.0,-0.0104,0.0385,-0.0641,-0.0112,-0.0629,-0.0441,11658.0,11428.8601,True,-0.0166,0.8961,12795.0,7527.0221,0.0275,157.9309,1146500.0,1.1353,0.2917,大塚ホールディングス,プライム（内国株式）,医薬品
4579,2026-10-01,632.0,0.0194,0.0712,0.1166,0.3418,0.1178,0.309,571.96,517.3467,True,0.105,0.4314,1465.0,438.0,0.0319,0.6818,63200.0,1.0771,0.3723,ラクオリア創薬,グロース（内国株式）,医薬品
4582,2026-10-01,56.0,0.0,0.0,-0.125,-0.2113,-0.1238,-0.2441,58.76,66.0,False,-0.047,0.2445,229.0,53.0,0.0459,0.411,5600.0,0.8789,0.1944,シンバイオ製薬,グロース（内国株式）,医薬品
4583,2026-10-01,104.0,-0.037,0.0,0.2381,0.3684,0.2393,0.3356,93.6,79.9067,True,0.1111,0.7324,142.0,65.0,0.0707,3.5327,10400.0,1.1851,0.367,カイオム・バイオサイエンス,グロース（内国株式）,医薬品
4584,2026-10-01,167.0,-0.0176,0.0,-0.0457,0.0915,-0.0446,0.0586,167.84,154.16,True,-0.005,0.5219,320.0,125.0,0.0317,0.4302,16700.0,0.7668,0.2081,キッズウェル・バイオ,グロース（内国株式）,医薬品
4586,2026-10-01,59.0,0.0172,-0.0484,-0.0923,0.1569,-0.0912,0.124,61.0,60.28,False,-0.0328,0.2622,225.0,48.0,0.0351,0.4704,5900.0,0.3259,0.2414,メドレックス,グロース（内国株式）,医薬品
4587,2026-10-01,1133.0,0.0175,0.0724,0.0394,0.0796,0.0406,0.0467,1081.6,1025.1467,False,0.0475,0.6319,1793.0,906.4,0.0297,7.796,113300.0,0.8684,0.3362,ペプチドリーム,プライム（内国株式）,医薬品
4588,2026-10-01,6050.0,0.0202,0.01,0.3011,1.2234,0.3022,1.1906,5323.4,3621.92,True,0.1365,0.8832,6850.0,605.0,0.1022,112.6686,605000.0,1.5754,0.2538,オンコリスバイオファーマ,グロース（内国株式）,医薬品
4591,2026-10-01,80.0,0.0,0.0256,-0.1579,0.25,-0.1567,0.2171,82.76,75.12,True,-0.0333,0.6667,120.0,57.0,0.0348,0.4985,8000.0,0.217,0.2513,リボミック,グロース（内国株式）,医薬品
4592,2026-10-01,962.0,-0.0021,0.0457,-0.0082,-0.0475,-0.0071,-0.0804,945.88,988.5333,False,0.017,0.2411,3990.0,858.0,0.0403,7.1655,96200.0,1.0503,0.2965,サンバイオ,グロース（内国株式）,医薬品
4593,2026-10-01,293.0,-0.0168,-0.0034,0.0209,0.149,0.0221,0.1162,289.08,265.76,False,0.0136,0.4666,628.0,208.0,0.049,5.1913,29300.0,0.987,0.2925,ヘリオス,グロース（内国株式）,医薬品
4594,2026-10-01,49.0,-0.02,-0.0755,-0.0755,0.0208,-0.0743,-0.012,54.08,50.2933,True,-0.0939,0.5104,96.0,43.0,0.0729,1.0977,4900.0,1.2119,0.392,ブライトパス・バイオ,グロース（内国株式）,医薬品
4595,2026-10-01,1726.0,-0.0046,-0.008,-0.0137,0.0435,-0.0126,0.0107,1725.72,1686.1132,True,0.0002,0.9215,1873.0006,1499.0305,0.0091,1.0248,172600.0,0.7686,0.2927,ミズホメディー,スタンダード（内国株式）,医薬品
4596,2026-10-01,66.0,0.0,0.0,-0.0149,0.1579,-0.0138,0.125,66.12,64.8533,True,-0.0018,0.1886,350.0,41.0,0.0346,0.715,6600.0,0.1711,0.0875,窪田製薬ホールディングス,グロース（内国株式）,医薬品
4597,2026-10-01,32.0,0.0323,0.0323,0.0667,0.2308,0.0678,0.1979,29.72,28.2933,True,0.0767,0.7619,42.0,21.0,0.0536,18.7125,3200.0,0.7731,0.2917,ソレイジア・ファーマ,グロース（内国株式）,医薬品
4598,2026-10-01,115.0,-0.0086,-0.0086,0.1058,-0.1221,0.1069,-0.155,115.32,117.12,False,-0.0028,0.1643,700.0,92.0,0.0801,4.3741,11500.0,0.3571,0.1736,Ｄｅｌｔａ－Ｆｌｙ　Ｐｈａｒｍａ,グロース（内国株式）,医薬品
4599,2026-10-01,170.0,0.0,-0.0608,-0.488,-0.4516,-0.4868,-0.4845,253.76,292.32,False,-0.3301,0.462,368.0,161.0,0.1118,1.5675,17000.0,1.3403,0.1263,ステムリム,グロース（内国株式）,医薬品
460A,2026-10-01,1222.0,0.0074,-0.0593,0.1453,0.436,0.1464,0.4031,1115.76,983.96,True,0.0952,0.7031,1738.0,555.0,0.0649,0.5232,122200.0,2.884,0.402,ＢＲＡＮＵ,グロース（内国株式）,情報・通信業
4611,2026-10-01,1566.0,0.0045,-0.0063,-0.0285,0.1643,-0.0274,0.1315,1563.12,1448.8533,True,0.0018,0.9497,1649.0,1152.1525,0.0174,1.067,156600.0,0.8635,0.3042,大日本塗料,プライム（内国株式）,化学
4612,2026-10-01,1180.0,0.0004,0.0137,-0.0236,0.1049,-0.0224,0.072,1156.58,1141.4216,True,0.0202,0.9201,1282.5,935.2463,0.0211,36.918,118000.0,0.9366,0.3555,日本ペイントホールディングス,プライム（内国株式）,化学
4613,2026-10-01,2813.5,-0.0034,0.0073,-0.0239,0.0426,-0.0228,0.0098,2834.5992,2778.8397,True,-0.0074,0.9102,3091.0,2224.5,0.0165,24.826,281350.0,1.067,0.3463,関西ペイント,プライム（内国株式）,化学
4615,2026-10-01,131.0,-0.015,0.0077,-0.0224,0.0315,-0.0212,-0.0014,131.8,129.76,True,-0.0061,0.9632,136.0,119.0,0.012,0.0276,13100.0,0.7237,0.2545,神東塗料,スタンダード（内国株式）,化学
4616,2026-10-01,2665.0,0.0262,0.0596,0.2125,0.4476,0.2136,0.4147,2431.28,2113.48,True,0.0961,0.9914,2688.0,1765.0,0.0164,0.1082,266500.0,0.9122,0.4431,川上塗料,スタンダード（内国株式）,化学
4617,2026-10-01,3660.0,0.0167,0.053,0.0181,0.0812,0.0192,0.0484,3541.0418,3563.5473,True,0.0336,0.7739,4729.4303,2894.0,0.0258,6.1603,366000.0,0.8899,0.3231,中国塗料,プライム（内国株式）,化学
4619,2026-10-01,2620.0,-0.0113,-0.0073,-0.0361,0.1102,-0.0349,0.0773,2664.0979,2528.1126,True,-0.0166,0.9489,2761.0,1963.6023,0.0151,0.8149,262000.0,0.983,0.3798,日本特殊塗料,スタンダード（内国株式）,化学
4620,2026-10-01,1084.0,0.0121,0.0235,0.1233,0.0473,0.1245,0.0145,995.4763,989.0788,False,0.0889,0.8225,1318.0,570.3327,0.0281,1.2434,108400.0,0.9873,0.4523,藤倉化成,スタンダード（内国株式）,化学
4623,2026-10-01,1826.0,-0.0081,-0.0078,-0.0261,0.0641,-0.025,0.0312,1857.8952,1777.3117,True,-0.0172,0.9636,1895.0,1680.5172,0.0151,0.0382,182600.0,0.4286,0.2764,アサヒペン,スタンダード（内国株式）,化学
4624,2026-10-01,3950.0,-0.005,-0.021,-0.0378,0.1567,-0.0366,0.1238,4032.7712,3717.9904,True,-0.0205,0.9249,4270.788,3345.0,0.0136,0.042,395000.0,0.4642,0.352,イサム塗料,スタンダード（内国株式）,化学
4625,2026-10-01,891.0,-0.0209,0.0,0.0892,0.209,0.0904,0.1761,855.96,787.1867,True,0.0409,0.8775,1015.3864,643.0455,0.0291,0.1135,89100.0,1.3229,0.2738,アトミクス,スタンダード（内国株式）,化学
4626,2026-10-01,4828.0,0.0069,0.0177,0.0207,-0.0338,0.0219,-0.0667,4744.08,4858.3067,False,0.0177,0.7694,6275.0,3700.0,0.0057,15.4229,482800.0,0.9884,0.5191,太陽ホールディングス,プライム（内国株式）,化学
4627,2026-10-01,2064.0,-0.0124,0.0579,0.0756,0.1322,0.0767,0.0993,1937.32,1825.9333,True,0.0654,0.9507,2171.0,1424.1755,0.0234,0.3059,206400.0,0.9179,0.5538,ナトコ,スタンダード（内国株式）,化学
4628,2026-10-01,10170.0,0.018,0.017,0.0959,0.1103,0.0971,0.0774,9735.2,9317.0667,True,0.0447,0.8843,11500.0,8575.4946,0.0232,1.3642,1017000.0,1.0678,0.2673,エスケー化研,スタンダード（内国株式）,化学
4629,2026-10-01,2443.0,-0.0149,-0.0185,0.1206,0.3542,0.1218,0.3214,2398.96,2087.92,True,0.0184,0.9324,2620.0,1473.3694,0.0418,0.169,244300.0,0.6031,0.1919,大伸化学,スタンダード（内国株式）,化学
462A,2026-10-01,249.0,-0.008,0.004,-0.2523,0.0122,-0.2511,-0.0207,282.88,256.6,False,-0.1198,0.1716,1451.0,202.0,0.0654,1.1366,24900.0,0.3082,0.2395,ＦＵＮＤＩＮＮＯ,グロース（内国株式）,証券、商品先物取引業
4631,2026-10-01,4976.0,0.0053,0.0339,-0.0125,0.0388,-0.0113,0.006,4857.84,4859.167,True,0.0243,0.8468,5876.0,3321.4199,0.023,29.968,497600.0,0.8048,0.3683,ＤＩＣ,プライム（内国株式）,化学
4633,2026-10-01,2640.0,-0.0004,-0.0045,-0.0175,0.1153,-0.0163,0.0825,2625.76,2526.1828,True,0.0054,0.972,2716.0,2086.2987,0.017,3.3401,264000.0,0.8313,0.3428,サカタインクス,プライム（内国株式）,化学
4634,2026-10-01,5100.0,0.002,-0.0058,-0.0116,0.1751,-0.0105,0.1423,5083.0,4699.4569,True,0.0033,0.977,5220.0,2930.3146,0.0214,6.7962,510000.0,0.9491,0.202,ａｒｔｉｅｎｃｅ,プライム（内国株式）,化学
4635,2026-10-01,2030.0,-0.0039,0.0054,-0.0492,0.5026,-0.048,0.4697,2086.8298,1720.2633,True,-0.0272,0.9186,2210.0,1192.0,0.0219,0.5895,203000.0,0.6721,0.3012,東京インキ,スタンダード（内国株式）,化学
463A,2026-10-01,1006.0,-0.0166,-0.0195,0.002,0.1079,0.0031,0.0751,1007.8,950.3467,True,-0.0018,0.8771,1146.949,852.0,0.0153,0.13,100600.0,0.8906,0.2139,インテリックスホールディングス,スタンダード（内国株式）,不動産業
4641,2026-10-01,874.0,-0.0023,-0.0023,-0.0169,0.1292,-0.0157,0.0963,868.12,823.2408,True,0.0068,0.9531,916.999,730.2641,0.0145,0.7806,87400.0,0.8638,0.1888,アルプス技研,プライム（内国株式）,サービス業
4642,2026-10-01,1389.0,-0.0086,-0.01,-0.0177,-0.0218,-0.0165,-0.0547,1409.08,1417.4133,False,-0.0143,0.6619,2098.5507,1373.2947,0.011,0.0256,138900.0,1.007,0.2563,オリジナル設計,スタンダード（内国株式）,サービス業
4644,2026-10-01,1032.0,0.0029,0.008,-0.0355,-0.0048,-0.0344,-0.0377,1050.984,1046.0347,True,-0.0181,0.9609,1074.0,991.3777,0.008,0.385,103200.0,3.3241,0.5552,イマジニア,スタンダード（内国株式）,情報・通信業
4645,2026-10-01,445.0,0.0,0.0023,0.023,0.0471,0.0241,0.0142,437.28,432.8267,True,0.0177,0.9582,464.421,414.0,0.0067,0.005,44500.0,1.2197,0.3,市進ホールディングス,スタンダード（内国株式）,サービス業
464A,2026-10-01,1673.0,-0.0042,-0.0456,-0.069,-0.1563,-0.0678,-0.1892,1735.0,1802.9867,False,-0.0357,0.373,4485.0,1351.0,0.0383,17.2983,167300.0,0.6444,0.2872,ＱＰＳホールディングス,グロース（内国株式）,情報・通信業
4650,2026-10-01,270.0,-0.0037,0.0,0.0075,0.0227,0.0086,-0.0101,269.48,267.56,True,0.0019,0.871,310.0,260.0,0.0082,0.0088,27000.0,1.2116,0.1806,ＳＤエンターテイメント,スタンダード（内国株式）,サービス業
4651,2026-10-01,247.0,-0.012,0.0,-0.0985,0.0556,-0.0974,0.0227,261.88,253.9867,True,-0.0568,0.7767,318.0,190.1538,0.026,0.5742,24700.0,0.5627,0.1556,サニックスホールディングス,スタンダード（内国株式）,サービス業
4657,2026-10-01,458.0,-0.0022,0.0,-0.0317,-0.0214,-0.0306,-0.0542,463.64,461.6002,True,-0.0122,0.8342,549.0179,398.75,0.0156,0.0211,45800.0,0.4194,0.168,環境管理センター,スタンダード（内国株式）,サービス業
4658,2026-10-01,1549.0,-0.0045,-0.0392,-0.0196,-0.0301,-0.0185,-0.0629,1575.7148,1577.3583,True,-0.017,0.9111,1700.0747,1109.213,0.0241,3.1122,154900.0,2.0085,0.3964,日本空調サービス,プライム（内国株式）,サービス業
4661,2026-10-01,2882.0,-0.0091,-0.0225,-0.0473,0.1505,-0.0461,0.1176,3032.5467,2803.4689,True,-0.0496,0.7849,3671.848,2103.0,0.0278,164.7773,288200.0,0.9133,0.3733,オリエンタルランド,プライム（内国株式）,サービス業
4662,2026-10-01,1622.0,0.0037,0.0031,-0.0515,-0.014,-0.0503,-0.0468,1637.7929,1669.2376,True,-0.0096,0.7447,2178.1225,1491.4667,0.0149,0.5347,162200.0,0.6775,0.1991,フォーカスシステムズ,プライム（内国株式）,情報・通信業
4664,2026-10-01,1120.0,-0.0053,-0.077,0.098,0.0991,0.0992,0.0663,1094.0054,984.6151,True,0.0238,0.6207,1804.4765,585.1028,0.0642,1.0048,112000.0,0.7207,0.2283,アール・エス・シー,スタンダード（内国株式）,サービス業
4665,2026-10-01,4658.0,0.0028,-0.004,-0.0129,0.0632,-0.0118,0.0304,4665.4521,4506.7374,True,-0.0016,0.978,4763.0,3602.5086,0.0133,5.8534,465800.0,1.4218,0.2802,ダスキン,プライム（内国株式）,サービス業
4666,2026-10-01,1844.5,-0.0105,-0.0817,-0.081,-0.0777,-0.0798,-0.1106,1981.44,1997.0733,True,-0.0691,0.7913,2331.0,1694.0,0.0277,27.6627,184450.0,1.6836,0.4693,パーク２４,プライム（内国株式）,不動産業
4667,2026-10-01,1050.0,-0.0625,-0.0337,-0.6682,-0.4766,-0.6671,-0.5094,2596.5333,2178.4044,True,-0.5956,0.2561,4100.0,1005.0,0.4371,33.3929,105000.0,1.154,0.5414,アイサンテクノロジー,スタンダード（内国株式）,情報・通信業
4668,2026-10-01,752.0,-0.0053,-0.0131,-0.0284,0.098,-0.0273,0.0651,766.166,738.8339,True,-0.0185,0.9485,792.812,657.406,0.0115,0.5671,75200.0,0.5258,0.2198,明光ネットワークジャパン,プライム（内国株式）,サービス業
4671,2026-10-01,2700.0,0.0,-0.0254,-0.0753,0.0361,-0.0742,0.0032,2858.6762,2731.4254,True,-0.0555,0.9109,2964.0,2405.965,0.0191,0.4685,270000.0,1.261,0.5384,ファルコホールディングス,スタンダード（内国株式）,サービス業
4673,2026-10-01,4915.0,0.0,0.0124,-0.002,0.0639,-0.0009,0.031,4868.6,4731.9333,True,0.0095,0.7755,6337.8931,3720.6501,0.0148,0.0957,491500.0,0.2809,0.398,川崎地質,スタンダード（内国株式）,サービス業
4674,2026-10-01,1935.0,0.0062,0.0768,-0.0598,0.3154,-0.0586,0.2826,1885.7344,1709.6315,True,0.0261,0.9179,2108.0,1347.0,0.0257,3.2692,193500.0,0.9053,0.355,クレスコ,プライム（内国株式）,情報・通信業
4676,2026-10-01,3920.0,-0.0066,-0.0142,-0.0662,-0.019,-0.0651,-0.0519,4075.76,4063.6933,True,-0.0382,0.8777,4466.0,3046.1559,0.0208,23.3008,392000.0,1.1629,0.3859,フジ・メディア・ホールディングス,プライム（内国株式）,情報・通信業
4678,2026-10-01,333.0,0.003,-0.006,-0.003,0.0673,-0.0018,0.0345,331.96,322.0267,True,0.0031,0.938,355.0,264.9942,0.0118,0.012,33300.0,0.9317,0.1527,秀英予備校,スタンダード（内国株式）,サービス業
4679,2026-10-01,268.0,0.0113,0.0037,0.0075,0.085,0.0087,0.0522,264.0,256.7867,True,0.0152,0.6802,394.0,216.0,0.0117,0.0103,26800.0,1.706,0.2545,田谷,スタンダード（内国株式）,サービス業
4680,2026-10-01,1276.5,0.0328,0.0835,-0.0544,0.0718,-0.0533,0.0389,1246.531,1225.5399,True,0.024,0.906,1409.0,784.9836,0.0344,29.5085,127650.0,0.8201,0.3491,ラウンドワン,プライム（内国株式）,サービス業
4681,2026-10-01,1759.5,0.0037,-0.0048,-0.0698,0.002,-0.0686,-0.0309,1805.0766,1777.0855,True,-0.0252,0.856,2055.3942,1590.5,0.0174,7.6612,175950.0,0.8882,0.3246,リゾートトラスト,プライム（内国株式）,サービス業
4684,2026-10-01,5011.0,0.0105,0.0003,-0.0146,0.2731,-0.0134,0.2403,4975.3857,4472.2086,True,0.0072,0.9326,5372.9774,3643.0,0.0247,93.3362,501100.0,0.8333,0.2473,オービック,プライム（内国株式）,情報・通信業
4685,2026-10-01,2750.0,-0.0079,0.0117,-0.0065,-0.0022,-0.0053,-0.035,2702.6378,2746.1193,False,0.0175,0.6341,4337.1715,2467.0,0.0152,0.51,275000.0,0.5702,0.2681,菱友システムズ,スタンダード（内国株式）,情報・通信業
4686,2026-10-01,4430.0,0.0103,0.0172,0.035,0.1735,0.0362,0.1407,4278.0054,4007.8018,True,0.0355,0.8316,5327.0058,3305.7306,0.0218,4.7544,443000.0,1.4423,0.2169,ジャストシステム,プライム（内国株式）,情報・通信業
4687,2026-10-01,1087.0,0.014,0.0313,0.0352,0.1613,0.0364,0.1285,1048.92,997.6667,True,0.0363,0.7591,1431.9154,846.0,0.0195,0.8804,108700.0,0.7336,0.2451,ＴＤＣソフト,プライム（内国株式）,情報・通信業
4689,2026-10-01,506.9,-0.0117,-0.0248,-0.0883,0.1626,-0.0872,0.1298,536.252,479.336,True,-0.0547,0.8879,570.9,358.1809,0.0308,105.5236,50689.9994,1.1514,0.4398,ＬＩＮＥヤフー,プライム（内国株式）,情報・通信業
4691,2026-10-01,2030.0,-0.0068,-0.0146,-0.1265,-0.2186,-0.1253,-0.2515,2154.64,2299.9733,True,-0.0578,0.6496,3125.0,1210.8023,0.0299,1.1762,203000.0,0.9867,0.2632,ワシントンホテル,スタンダード（内国株式）,サービス業
4694,2026-10-01,3645.0,0.0,0.0061,-0.0068,0.0028,-0.0057,-0.0301,3639.5169,3616.1056,True,0.0015,0.8444,4316.4844,3370.0,0.0165,2.1799,364500.0,0.9198,0.2357,ビー・エム・エル,プライム（内国株式）,サービス業
469A,2026-10-01,1608.0,-0.0043,-0.0165,-0.0307,-0.0342,-0.0296,-0.0671,1654.56,1576.9733,True,-0.0281,0.4772,3370.0,1372.0,0.0236,0.0717,160800.0,1.3768,0.3533,フィットクルー,グロース（内国株式）,サービス業
4704,2026-10-01,6671.0,0.0211,0.0126,0.1124,0.0655,0.1135,0.0326,6097.6,6131.1733,True,0.094,0.7949,8392.0881,4789.0,0.0305,72.8362,667100.0,1.2338,0.2565,トレンドマイクロ,プライム（内国株式）,情報・通信業
4705,2026-10-01,781.0,-0.0164,0.0013,-0.0164,0.0156,-0.0152,-0.0173,790.56,782.6667,False,-0.0121,0.9103,858.0,755.0,0.008,0.0076,78100.0,1.202,0.2545,クリップコーポレーション,スタンダード（内国株式）,サービス業
4707,2026-10-01,375.0,0.0302,0.0653,0.1261,0.1194,0.1273,0.0865,346.4,334.72,True,0.0826,0.9494,395.0,309.0,0.0173,0.0789,37500.0,1.144,0.6308,キタック,スタンダード（内国株式）,サービス業
4709,2026-10-01,1071.0,-0.0156,0.0053,-0.0246,0.0094,-0.0234,-0.0234,1075.6863,1076.5621,True,-0.0044,0.9225,1161.0,881.0,0.0173,0.5646,107100.0,0.9277,0.2183,ＩＤホールディングス,プライム（内国株式）,情報・通信業
4712,2026-10-01,823.0,0.0024,0.0024,0.0198,0.1274,0.021,0.0945,813.28,778.8,True,0.012,0.9694,849.0,690.1547,0.0109,0.1144,82300.0,0.8238,0.2333,ＫｅｙＨｏｌｄｅｒ,スタンダード（内国株式）,サービス業
4714,2026-10-01,209.0,0.0048,-0.0234,-0.0048,0.0503,-0.0036,0.0174,210.12,203.36,True,-0.0053,0.959,217.9372,184.628,0.0154,1.5487,20900.0,1.251,0.3111,リソー教育グループ,プライム（内国株式）,サービス業
4716,2026-10-01,9682.0,0.0077,0.0587,0.0277,0.1197,0.0289,0.0868,9297.56,8926.8667,True,0.0413,0.6443,15028.1228,7489.1725,0.0282,27.5597,968200.0,1.2081,0.3355,日本オラクル,スタンダード（内国株式）,情報・通信業
4718,2026-10-01,2489.0,0.0172,0.0226,-0.0383,0.0423,-0.0371,0.0094,2531.521,2456.3203,True,-0.0168,0.8627,2885.2783,1911.0668,0.0261,1.4452,248900.0,1.8594,0.2699,早稲田アカデミー,プライム（内国株式）,サービス業
4719,2026-10-01,3295.0,-0.0075,0.0151,-0.0449,-0.0309,-0.0438,-0.0637,3327.2458,3333.0819,True,-0.0097,0.7945,4147.0176,3055.0,0.0169,0.5068,329500.0,1.5035,0.2837,アルファシステムズ,プライム（内国株式）,情報・通信業
471A,2026-10-01,1534.0,-0.0045,-0.0058,-0.0618,0.0213,-0.0606,-0.0116,1558.68,1515.1139,True,-0.0158,0.8753,1752.4953,1209.5217,0.0122,3.2245,153400.0,1.026,0.2502,ＮＳグループ,プライム（内国株式）,その他金融業
4720,2026-10-01,240.0,0.0,-0.0123,-0.0123,0.0169,-0.0112,-0.0159,243.28,239.8133,True,-0.0135,0.6768,354.5861,220.7616,0.0134,0.0086,24000.0,1.5955,0.28,城南進学研究社,スタンダード（内国株式）,サービス業
4722,2026-10-01,2426.0,0.0004,0.0,-0.0094,0.5267,-0.0082,0.4939,2434.76,2148.2096,True,-0.0036,0.9814,2472.0,1406.136,0.0025,17.0806,242600.0,0.7669,0.1465,フューチャー,プライム（内国株式）,情報・通信業
4725,2026-10-01,1936.0,0.011,-0.0056,-0.0188,0.0994,-0.0176,0.0665,1938.92,1857.2892,True,-0.0015,0.914,2118.073,1702.6201,0.0112,0.8456,193600.0,0.7949,0.2772,ＣＡＣ　Ｈｏｌｄｉｎｇｓ,プライム（内国株式）,情報・通信業
4728,2026-10-01,648.0,0.0047,0.0015,-0.0046,0.0229,-0.0035,-0.0099,648.046,637.4205,True,-0.0001,0.9635,672.5496,588.8417,0.0104,0.0398,64800.0,1.3607,0.3277,トーセ,スタンダード（内国株式）,情報・通信業
472A,2026-10-01,550.0,-0.0143,-0.0368,-0.0196,0.3285,-0.0185,0.2956,554.92,515.8133,True,-0.0089,0.7256,758.0,378.0,0.0316,0.6819,55000.0,0.4702,0.2247,ミラティブ,グロース（内国株式）,情報・通信業
4732,2026-10-01,1831.0,0.0206,-0.0089,-0.0815,-0.0434,-0.0804,-0.0762,1922.0455,1945.7352,True,-0.0474,0.859,2131.5,1595.4594,0.0171,28.5363,183100.0,1.5248,0.509,ユー・エス・エス,プライム（内国株式）,サービス業
4733,2026-10-01,8140.0,0.0158,0.0,-0.0708,0.2763,-0.0696,0.2434,8316.0901,7437.5234,True,-0.0212,0.881,9239.2857,5505.5215,0.0213,13.8072,814000.0,0.681,0.3081,オービックビジネスコンサルタント,プライム（内国株式）,情報・通信業
4735,2026-10-01,283.0,0.0,-0.0174,-0.0629,-0.1319,-0.0618,-0.1648,296.08,304.48,False,-0.0442,0.7256,390.0,274.627,0.0192,0.0201,28300.0,1.3047,0.5526,京進,スタンダード（内国株式）,サービス業
4736,2026-10-01,580.0,-0.0034,0.0069,-0.0186,-0.0413,-0.0175,-0.0742,584.48,590.3467,True,-0.0077,0.7766,746.8512,539.0,0.0101,0.0129,58000.0,0.5008,0.2902,日本ラッド,スタンダード（内国株式）,情報・通信業
4743,2026-10-01,1625.0,0.0093,-0.0005,-0.0333,-0.0018,-0.0322,-0.0347,1637.8178,1653.9126,False,-0.0078,0.9139,1778.0,1428.2633,0.0133,1.5283,162500.0,1.0451,0.3462,アイティフォー,プライム（内国株式）,情報・通信業
4746,2026-10-01,1947.0,-0.0196,0.0772,-0.7273,-0.5664,-0.7262,-0.5992,5815.72,5343.0209,True,-0.6652,0.2631,7400.0,1795.0,0.2539,3.514,194700.0,2.1829,1.1339,東計電算,スタンダード（内国株式）,情報・通信業
4750,2026-10-01,565.0,-0.0035,0.0329,-0.0105,0.0541,-0.0094,0.0212,559.32,555.8133,False,0.0102,0.9152,617.3518,526.0,0.0115,0.0497,56500.0,1.5422,0.4154,ダイサン,スタンダード（内国株式）,サービス業
4751,2026-10-01,1238.5,0.0057,0.0104,-0.086,-0.1327,-0.0848,-0.1656,1268.1415,1354.4805,False,-0.0234,0.6931,1787.0,1203.5,0.0196,55.9856,123850.0,0.7719,0.3004,サイバーエージェント,プライム（内国株式）,サービス業
4752,2026-10-01,1595.0,-0.0118,-0.0062,0.0159,0.029,0.0171,-0.0038,1586.72,1550.7867,True,0.0052,0.8904,1791.3283,1450.8993,0.01,0.0153,159500.0,1.1705,0.4081,昭和システムエンジニアリング,スタンダード（内国株式）,情報・通信業
4754,2026-10-01,1528.0,0.0059,0.0431,0.0187,0.0366,0.0198,0.0038,1496.1531,1503.9044,False,0.0213,0.8132,1879.0,1373.0,0.011,0.0154,152800.0,0.9424,0.4112,トスネット,スタンダード（内国株式）,サービス業
4755,2026-10-01,681.7,-0.0126,-0.0146,-0.1215,-0.0815,-0.1204,-0.1144,728.364,763.096,False,-0.0641,0.638,1068.5,670.7,0.0231,129.649,68170.0012,1.1628,0.4506,楽天グループ,プライム（内国株式）,サービス業
475A,2026-10-01,683.0,-0.0229,-0.0461,-0.0101,0.0556,-0.009,0.0228,691.56,640.16,False,-0.0124,0.5468,1249.0,558.0,0.0385,0.0741,68300.0,0.843,0.2016,ギミック,スタンダード（内国株式）,サービス業
4760,2026-10-01,1200.0,0.0,-0.0041,-0.2476,-0.2477,-0.2465,-0.2806,1433.0513,1522.4511,False,-0.1626,0.6258,1917.6206,1180.0,0.0273,0.0611,120000.0,1.7426,0.6924,アルファ,スタンダード（内国株式）,サービス業
4761,2026-10-01,1485.0,0.0,0.0221,0.0199,0.0421,0.0211,0.0092,1458.1916,1440.3439,True,0.0184,0.9483,1566.0,1146.3616,0.0206,0.1099,148500.0,1.7,0.3855,さくらケーシーエス,スタンダード（内国株式）,情報・通信業
4762,2026-10-01,1083.0,-0.0313,0.0186,-0.493,-0.3751,-0.4918,-0.4079,1901.0458,1851.7486,True,-0.4303,0.4442,2438.0,1040.0,0.1577,0.0923,108300.0,1.543,0.8186,エックスネット,スタンダード（内国株式）,情報・通信業
4763,2026-10-01,1510.0,-0.0214,0.0203,-0.0227,0.1518,-0.0215,0.1189,1499.96,1433.92,True,0.0067,0.9654,1564.1559,1213.0,0.0154,0.5815,151000.0,0.8269,0.2748,クリーク・アンド・リバー社,プライム（内国株式）,サービス業
4765,2026-10-01,620.0,0.0,0.0024,-0.0432,0.1111,-0.0421,0.0783,628.1406,600.8069,True,-0.013,0.9495,653.0,551.0,0.0161,1.6171,62000.0,0.7747,0.2705,ＳＢＩグローバルアセットマネジメント,プライム（内国株式）,サービス業
4766,2026-10-01,218.0,0.0235,0.0481,0.0235,0.1978,0.0246,0.1649,208.92,195.5867,True,0.0435,0.7517,290.0,177.0,0.0213,0.0287,21800.0,2.0215,0.4954,ピーエイ,スタンダード（内国株式）,サービス業
4767,2026-10-01,398.0,0.0076,0.0231,0.0076,0.2171,0.0088,0.1843,390.0,358.1592,True,0.0205,0.9731,409.0,314.8782,0.0167,0.5517,39800.0,1.0777,0.3613,テー・オー・ダブリュー,スタンダード（内国株式）,サービス業
4768,2026-10-01,3674.0,0.0074,0.0088,0.0174,0.3054,0.0186,0.2725,3599.2,3245.2451,True,0.0208,0.9957,3690.0,2643.3234,0.0182,42.3864,367400.0,0.8505,0.1844,大塚商会,プライム（内国株式）,情報・通信業
4769,2026-10-01,1126.0,0.0,0.0371,-0.0209,0.0533,-0.0197,0.0205,1135.3907,1122.5969,True,-0.0083,0.9321,1208.0,1000.0,0.0177,0.0093,112600.0,0.7039,0.4276,ＩＣ,スタンダード（内国株式）,情報・通信業
476A,2026-10-01,2060.0,0.241,0.2125,0.27,0.3872,0.2712,0.3543,1664.96,1581.52,True,0.2373,0.6195,3325.0,1390.0,0.0239,0.1111,206000.0,2.0761,0.8595,辻・本郷ＩＴコンサルティング,スタンダード（内国株式）,情報・通信業
4771,2026-10-01,2652.0,-0.03,-0.0431,-0.0228,0.0891,-0.0217,0.0563,2712.6521,2562.444,True,-0.0224,0.8761,3026.9424,2015.0,0.0279,0.397,265200.0,0.954,0.2657,エフアンドエム,スタンダード（内国株式）,サービス業
4772,2026-10-01,72.0,-0.027,0.0,-0.0137,0.0141,-0.0125,-0.0188,71.96,72.8667,False,0.0006,0.5601,128.5514,63.0,0.0278,0.061,7200.0,0.3459,0.25,ＳＭ　ＥＮＴＥＲＴＡＩＮＭＥＮＴ　ＪＡＰＡＮ,グロース（内国株式）,情報・通信業
4776,2026-10-01,2992.0,0.0084,-0.0348,-0.0822,0.2094,-0.0811,0.1765,3047.0,2740.3067,True,-0.0181,0.838,3570.2233,1948.0,0.0308,5.8906,299200.0,0.6521,0.2386,サイボウズ,プライム（内国株式）,情報・通信業
4777,2026-10-01,197.0,0.0,-0.0051,-0.039,-0.0248,-0.0379,-0.0576,199.2,200.2,False,-0.011,0.6502,303.0,173.0,0.0123,0.0484,19700.0,0.8091,0.2059,ガーラ,スタンダード（内国株式）,情報・通信業
477A,2026-10-01,820.0,-0.0342,-0.0342,0.0963,0.4236,0.0974,0.3908,808.68,677.0,True,0.014,0.6782,1209.0,485.0,0.0698,0.3433,82000.0,1.2924,0.1975,スタートライン,グロース（内国株式）,サービス業
4783,2026-10-01,2494.0,-0.0024,-0.03,-0.076,0.0247,-0.0748,-0.0082,2607.262,2507.3007,True,-0.0434,0.7177,3474.9208,2259.0,0.0222,0.4238,249400.0,1.472,0.358,ＮＣＤ,スタンダード（内国株式）,情報・通信業
4784,2026-10-01,532.0,-0.0148,0.0076,-0.0466,0.1416,-0.0454,0.1088,546.6,523.6234,True,-0.0267,0.4296,1238.3716,435.2996,0.0337,9.1417,53200.0,0.9652,0.2287,ＧＭＯインターネット,プライム（内国株式）,サービス業
478A,2026-10-01,736.0,-0.0081,-0.0067,-0.1035,-0.0303,-0.1024,-0.0632,774.76,757.0533,True,-0.05,0.5299,1389.0,660.0,0.035,0.6241,73600.0,1.0272,0.2288,フツパー,グロース（内国株式）,情報・通信業
4792,2026-10-01,1713.0,-0.0041,-0.0178,-0.0541,0.0282,-0.053,-0.0046,1764.6289,1707.7296,True,-0.0293,0.9319,1838.1803,1589.1176,0.0125,0.3933,171300.0,1.0957,0.4428,山田コンサルティンググループ,プライム（内国株式）,サービス業
479A,2026-10-01,1979.0,-0.006,-0.0955,-0.006,0.4126,-0.0049,0.3797,1996.48,1607.4267,True,-0.0088,0.873,2267.0,1181.0,0.0498,1.4867,197900.0,1.4944,0.3155,ＰＲＯＮＩ,グロース（内国株式）,情報・通信業
4801,2026-10-01,2335.0,-0.0173,-0.0209,-0.0493,-0.0246,-0.0481,-0.0575,2419.2733,2406.6511,True,-0.0348,0.9156,2550.1109,2235.0,0.0109,0.6767,233500.0,2.1113,0.4131,セントラルスポーツ,プライム（内国株式）,サービス業
4809,2026-10-01,1994.0,-0.0035,0.0181,-0.0278,-0.0367,-0.0266,-0.0696,2017.5026,2036.4609,True,-0.0116,0.9348,2133.0,1911.0,0.0137,0.3614,199400.0,1.1374,0.4032,パラカ,プライム（内国株式）,不動産業
480A,2026-10-01,1021.0,0.0,0.0344,0.105,0.0558,0.1061,0.023,945.44,951.3067,False,0.0799,0.6993,1460.0,841.0,0.029,0.2075,102100.0,0.823,0.3441,リブ・コンサルティング,グロース（内国株式）,サービス業
4811,2026-10-01,930.0,0.0109,0.0356,0.0288,0.1728,0.0299,0.1399,888.4,833.3733,True,0.0468,0.6681,1391.9732,698.0,0.0283,0.1421,93000.0,0.6596,0.2929,ドリーム・アーツ,グロース（内国株式）,情報・通信業
4812,2026-10-01,2862.0,0.0,0.0003,0.0032,0.2101,0.0043,0.1773,2844.68,2614.6082,True,0.0061,0.9768,2930.0,1708.7238,0.0022,29.0436,286200.0,0.7825,0.2045,電通総研,プライム（内国株式）,情報・通信業
4813,2026-10-01,439.0,0.0281,0.0502,-0.0518,0.2912,-0.0507,0.2583,420.32,388.92,False,0.0444,0.6353,691.0,318.0,0.0483,2.0944,43900.0,0.5706,0.3488,ＡＣＣＥＳＳ,プライム（内国株式）,情報・通信業
4814,2026-10-01,167.0,0.0309,0.006,-0.0291,0.1208,-0.0279,0.0879,167.48,158.1467,True,-0.0029,0.5318,314.0,145.0,0.0462,0.3544,16700.0,3.6904,0.4278,ネクストウェア,スタンダード（内国株式）,情報・通信業
4816,2026-10-01,2966.0,0.0007,-0.0113,-0.0275,0.1659,-0.0264,0.133,3026.48,2785.68,True,-0.02,0.9356,3170.0,2201.5416,0.0236,11.8652,296600.0,0.9773,0.3543,東映アニメーション,スタンダード（内国株式）,情報・通信業
4819,2026-10-01,2421.0,-0.0178,0.0117,0.0485,0.1985,0.0497,0.1657,2297.4,2187.4933,True,0.0538,0.6387,3790.4763,1690.0,0.0309,6.7968,242100.0,1.2039,0.2632,デジタルガレージ,プライム（内国株式）,情報・通信業
4820,2026-10-01,576.0,-0.0052,-0.0384,-0.0464,0.152,-0.0452,0.1191,592.4,548.56,True,-0.0277,0.7062,815.5978,477.0716,0.0165,0.4979,57600.0,0.7013,0.2737,イーエムシステムズ,プライム（内国株式）,情報・通信業
4825,2026-10-01,1974.0,-0.005,-0.0164,-0.0671,-0.0247,-0.066,-0.0576,2030.28,2015.2667,False,-0.0277,0.8485,2326.3308,1767.3866,0.0136,3.6304,197400.0,0.7595,0.2949,ウェザーニューズ,プライム（内国株式）,情報・通信業
4826,2026-10-01,539.0,0.0113,-0.0092,-0.0236,0.1113,-0.0224,0.0785,539.16,516.9954,True,-0.0003,0.9092,592.8024,439.4165,0.0162,0.9934,53900.0,0.6192,0.241,ＣＩＪ,プライム（内国株式）,情報・通信業
4828,2026-10-01,1351.0,0.0158,-0.0222,-0.0778,0.2417,-0.0767,0.2089,1387.4205,1232.4202,True,-0.0263,0.7848,1721.4336,950.0,0.0245,1.454,135100.0,0.6975,0.2815,ビジネスエンジニアリング,プライム（内国株式）,情報・通信業
4829,2026-10-01,107.0,0.0094,-0.0183,-0.036,0.0094,-0.0349,-0.0234,108.68,106.5467,True,-0.0155,0.7685,139.2368,99.0,0.0187,0.1863,10700.0,0.8001,0.2,日本エンタープライズ,スタンダード（内国株式）,情報・通信業
4832,2026-10-01,1915.0,0.0042,0.0131,-0.0387,-0.0562,-0.0375,-0.089,1932.4213,1945.7671,True,-0.009,0.7909,2421.2207,1790.6638,0.0156,0.2746,191500.0,0.6651,0.2271,ＪＦＥシステムズ,スタンダード（内国株式）,情報・通信業
4833,2026-10-01,60.0,0.0526,0.0345,0.0345,0.3333,0.0356,0.3005,55.96,49.28,True,0.0722,0.3077,195.0,32.0,0.075,1.3669,6000.0,0.6993,0.2889,Ｄｅｆ　ｃｏｎｓｕｌｔｉｎｇ,グロース（内国株式）,サービス業
4838,2026-10-01,708.0,0.0043,0.0145,-0.0084,0.108,-0.0072,0.0751,702.6315,672.8372,True,0.0076,0.7721,916.9937,608.0,0.0193,0.267,70800.0,1.0163,0.3585,スペースシャワーＳＫＩＹＡＫＩホールディングス,スタンダード（内国株式）,情報・通信業
4839,2026-10-01,965.0,-0.0082,-0.0321,-0.0436,-0.035,-0.0425,-0.0679,1001.96,1002.8533,False,-0.0369,0.621,1554.0543,961.0,0.0087,0.847,96500.0,1.2622,0.5695,ＷＯＷＯＷ,プライム（内国株式）,情報・通信業
483A,2026-10-01,2124.0,-0.0079,0.0043,-0.0234,-0.0038,-0.0223,-0.0366,2158.035,2166.4783,True,-0.0158,0.7205,2947.8278,1918.2449,0.0074,0.0327,212400.0,0.9672,0.4633,テラテクノロジー,スタンダード（内国株式）,情報・通信業
4840,2026-10-01,810.0,0.1234,0.1425,-0.0448,0.1982,-0.0437,0.1654,719.04,641.7067,False,0.1265,0.6045,1340.0,388.0,0.0738,3.922,81000.0,2.0072,0.3061,トライアイズ,スタンダード（内国株式）,サービス業
4845,2026-10-01,347.0,0.0029,0.0,-0.0334,0.0677,-0.0323,0.0348,350.16,340.045,True,-0.009,0.8605,403.2646,318.6532,0.0117,0.1585,34700.0,0.9761,0.2211,スカラ,スタンダード（内国株式）,情報・通信業
4847,2026-10-01,1472.0,0.0068,-0.0435,0.062,0.5495,0.0632,0.5166,1416.08,1160.9954,True,0.0395,0.9454,1557.0,884.7864,0.0245,1.2562,147200.0,0.734,0.402,インテリジェント　ウェイブ,プライム（内国株式）,情報・通信業
4848,2026-10-01,1829.0,0.0016,-0.0204,-0.0312,0.1946,-0.0301,0.1618,1855.28,1714.3909,True,-0.0142,0.9438,1938.0,1449.821,0.0208,1.2118,182900.0,0.7738,0.3467,フルキャストホールディングス,プライム（内国株式）,サービス業
4849,2026-10-01,1740.0,-0.004,0.0158,0.0205,0.517,0.0217,0.4841,1670.84,1405.0667,True,0.0414,0.9831,1770.0,1056.9549,0.0286,5.9519,174000.0,1.3836,0.2471,エン,プライム（内国株式）,サービス業
485A,2026-10-01,2033.0,0.014,-0.0952,0.1146,0.0918,0.1157,0.059,2007.4,1941.5867,False,0.0128,0.3646,5576.6665,353.3333,0.1063,205.4072,203300.0,1.5718,0.2235,パワーエックス,グロース（内国株式）,電気機器
4880,2026-10-01,320.0,0.0127,-0.0062,-0.1036,-0.0303,-0.1025,-0.0632,333.36,327.36,False,-0.0401,0.5441,588.0954,294.0,0.0404,0.2635,32000.0,1.1508,0.2166,セルソース,スタンダード（内国株式）,医薬品
4881,2026-10-01,48.0,0.0,-0.0204,-0.0943,-0.2258,-0.0932,-0.2587,50.32,56.0267,False,-0.0461,0.3692,130.0,45.0,0.0298,0.0848,4800.0,0.399,0.28,ファンペップ,グロース（内国株式）,医薬品
4882,2026-10-01,166.0,-0.006,-0.0514,0.1528,0.0641,0.1539,0.0312,160.28,153.1467,True,0.0357,0.477,348.0,134.0,0.0521,1.7315,16600.0,0.8175,0.3702,ペルセウスプロテオミクス,グロース（内国株式）,医薬品
4883,2026-10-01,32.0,0.0323,-0.0303,-0.0588,-0.0303,-0.0577,-0.0632,33.92,33.12,False,-0.0566,0.381,84.0,29.0,0.1004,1.2237,3200.0,0.4488,0.0933,モダリス,グロース（内国株式）,医薬品
4884,2026-10-01,497.0,-0.008,-0.0274,0.1244,0.4532,0.1256,0.4204,455.36,379.5067,True,0.0914,0.827,601.0,287.0,0.0489,0.5674,49700.0,1.2247,0.3788,クリングルファーマ,グロース（内国株式）,医薬品
4885,2026-10-01,910.0,0.0011,0.0306,0.0111,-0.0011,0.0123,-0.034,892.68,902.8667,False,0.0194,0.669,1360.1439,683.5089,0.0169,0.0758,91000.0,0.9071,0.4298,室町ケミカル,スタンダード（内国株式）,医薬品
4886,2026-10-01,2051.0,-0.0024,-0.0251,-0.0303,-0.128,-0.0291,-0.1608,2095.5741,2182.8847,False,-0.0213,0.6736,3045.0,1893.2546,0.0203,1.0874,205100.0,0.7225,0.3575,あすか製薬ホールディングス,プライム（内国株式）,医薬品
4887,2026-10-01,1606.5,-0.018,-0.0202,0.0053,-0.0561,0.0065,-0.089,1612.244,1644.3613,False,-0.0036,0.6645,2417.5307,1550.5,0.0192,11.7498,160650.0,1.3081,0.2152,サワイグループホールディングス,プライム（内国株式）,医薬品
4888,2026-10-01,432.0,0.0,-0.0092,0.2,0.4211,0.2012,0.3882,394.28,346.0533,True,0.0957,0.4342,995.0,200.0,0.0599,1.6528,43200.0,1.5102,0.2243,ステラファーマ,グロース（内国株式）,医薬品
4889,2026-10-01,1130.0,-0.035,-0.035,-0.1348,-0.237,-0.1336,-0.2699,1205.8,1391.5867,False,-0.0629,0.4825,2342.0,1101.0,0.05,2.7831,113000.0,0.5779,0.3504,レナサイエンス,グロース（内国株式）,医薬品
4890,2026-10-01,258.0,0.0238,-0.0039,-0.1342,0.0661,-0.1331,0.0333,274.12,254.44,True,-0.0588,0.5397,478.0,210.0,0.0493,0.1054,25800.0,0.4436,0.2281,坪田ラボ,グロース（内国株式）,医薬品
4891,2026-10-01,131.0,0.0234,-0.0368,0.2018,0.2018,0.203,0.169,118.8,108.9333,False,0.1027,0.7892,166.0,92.0,0.0518,0.6264,13100.0,1.2063,0.28,ティムス,グロース（内国株式）,医薬品
4892,2026-10-01,657.0,-0.0165,-0.0381,0.1732,0.1881,0.1744,0.1552,623.88,565.4,True,0.0531,0.8599,764.0,487.0,0.0454,0.5464,65700.0,1.8441,0.2445,サイフューズ,グロース（内国株式）,医薬品
4893,2026-10-01,116.0,-0.0085,-0.0645,-0.2564,-0.0569,-0.2553,-0.0898,138.16,134.2933,True,-0.1604,0.5346,217.0,114.0,0.0382,0.1559,11600.0,1.2214,0.5871,ノイルイミューン・バイオテック,グロース（内国株式）,医薬品
4894,2026-10-01,6160.0,-0.0723,0.0458,0.0621,0.4048,0.0632,0.3719,5674.8,4914.6667,True,0.0855,0.4968,12400.0,3610.0,0.0542,6.0318,616000.0,1.0374,0.4227,クオリプス,グロース（内国株式）,医薬品
4896,2026-10-01,800.0,-0.0037,-0.0184,-0.0123,0.1799,-0.0112,0.1471,799.68,742.88,True,0.0004,0.843,949.0,604.0,0.0261,0.1359,80000.0,0.7771,0.2205,ケイファーマ,グロース（内国株式）,医薬品
4901,2026-10-01,3393.0,0.0134,0.0185,0.0009,-0.0344,0.002,-0.0673,3306.4517,3439.8972,False,0.0262,0.8682,3908.0,2836.156,0.0186,128.6247,339300.0,0.8426,0.3211,富士フイルムホールディングス,プライム（内国株式）,化学
4902,2026-10-01,674.2,0.0037,0.0338,0.0111,0.1903,0.0123,0.1575,643.9138,622.3313,True,0.047,0.9285,726.1419,476.398,0.0345,37.6951,67420.0012,1.6193,0.3119,コニカミノルタ,プライム（内国株式）,電気機器
4911,2026-10-01,3408.0,-0.0221,-0.0346,-0.0853,0.2566,-0.0842,0.2238,3509.8,3184.5757,True,-0.029,0.8919,3821.0,2092.1839,0.0317,88.4772,340800.0,0.7682,0.2395,資生堂,プライム（内国株式）,化学
4912,2026-10-01,1740.0,0.0017,0.0128,-0.084,0.0061,-0.0828,-0.0268,1795.36,1751.9971,True,-0.0308,0.8941,1946.0,1460.1962,0.0165,18.8741,174000.0,0.8615,0.303,ライオン,プライム（内国株式）,化学
4914,2026-10-01,1286.0,-0.0069,-0.0092,-0.0488,0.1301,-0.0477,0.0972,1309.705,1227.6617,True,-0.0181,0.7982,1611.1541,1065.0,0.0162,2.0746,128600.0,0.9636,0.3268,高砂香料工業,プライム（内国株式）,化学
4918,2026-10-01,299.0,0.0067,-0.0033,-0.0066,-0.1481,-0.0055,-0.181,298.0,305.32,True,0.0034,0.6789,440.3977,248.0,0.0119,0.0344,29900.0,0.3897,0.336,アイビー化粧品,スタンダード（内国株式）,化学
4919,2026-10-01,3290.0,0.0092,0.017,-0.006,0.192,-0.0049,0.1592,3215.6,2961.8044,True,0.0231,0.9792,3360.0,2226.1668,0.0172,4.7836,329000.0,0.8827,0.2747,ミルボン,プライム（内国株式）,化学
4920,2026-10-01,1156.0,0.0052,0.0167,0.0185,0.0149,0.0197,-0.0179,1134.36,1127.88,True,0.0191,0.8982,1287.0,1020.0,0.0085,0.0063,115600.0,0.6584,0.327,日本色材工業研究所,スタンダード（内国株式）,化学
4922,2026-10-01,5479.0,-0.0063,-0.0389,-0.0628,0.0379,-0.0616,0.005,5702.96,5536.6448,True,-0.0393,0.8548,6409.4347,4778.6991,0.0212,16.4848,547900.0,0.9252,0.3701,コーセーホールディングス,プライム（内国株式）,化学
4923,2026-10-01,1186.0,0.0008,-0.0287,-0.052,0.0163,-0.0508,-0.0166,1228.16,1201.4667,True,-0.0343,0.8715,1360.9267,1036.8966,0.0156,0.3646,118600.0,1.1572,0.3838,コタ,プライム（内国株式）,化学
4925,2026-10-01,1705.0,0.0173,-0.0184,-0.0162,-0.0023,-0.015,-0.0352,1725.32,1728.76,True,-0.0118,0.9431,1807.9111,1614.3112,0.0097,0.0414,170500.0,1.8352,0.5273,ハーバー研究所,スタンダード（内国株式）,化学
4926,2026-10-01,1240.0,-0.0048,-0.0,-0.0072,0.0156,-0.006,-0.0173,1245.6413,1237.3471,True,-0.0045,0.9119,1359.8518,1178.2074,0.0048,0.0117,124000.0,1.0419,0.3544,シーボン,スタンダード（内国株式）,化学
4927,2026-10-01,1367.0,0.0037,-0.0116,-0.0232,0.0515,-0.0221,0.0187,1371.72,1338.347,True,-0.0034,0.9529,1434.5,1212.6598,0.0149,7.3406,136700.0,1.0716,0.2497,ポーラ・オルビスホールディングス,プライム（内国株式）,化学
4928,2026-10-01,4480.0,0.0,-0.0206,-0.0894,-0.0022,-0.0883,-0.0351,4761.5039,4649.5013,True,-0.0591,0.8836,5070.0,4190.0,0.0159,4.9037,448000.0,1.2187,0.6048,ノエビアホールディングス,プライム（内国株式）,化学
4929,2026-10-01,736.0,-0.0081,-0.0081,-0.0067,0.0082,-0.0056,-0.0246,740.6,735.5333,True,-0.0062,0.9032,814.868,717.0,0.005,0.0161,73600.0,0.7803,0.2962,アジュバンホールディングス,スタンダード（内国株式）,化学
4931,2026-10-01,1988.0,0.0117,0.002,-0.0592,0.0091,-0.058,-0.0237,2039.7738,2016.1513,True,-0.0254,0.846,2350.0,1855.0,0.016,1.2673,198800.0,1.8364,0.4085,新日本製薬,プライム（内国株式）,化学
4932,2026-10-01,791.0,-0.0174,-0.0294,0.0064,0.1841,0.0075,0.1513,795.72,726.4533,True,-0.0059,0.6932,1141.1215,612.0,0.0224,0.1865,79100.0,0.9978,0.2371,アルマード,スタンダード（内国株式）,化学
4933,2026-10-01,2183.0,0.0278,-0.0938,0.471,0.8192,0.4722,0.7863,1744.24,1434.5272,True,0.2515,0.8965,2435.0,1013.2289,0.0734,5.35,218300.0,3.5162,0.627,Ｉ－ｎｅ,プライム（内国株式）,化学
4934,2026-10-01,587.0,0.0017,0.0,-0.0134,-0.0593,-0.0123,-0.0922,595.0,604.28,False,-0.0134,0.7013,837.0,576.0,0.0208,0.0708,58700.0,1.2768,0.2784,プレミアアンチエイジング,グロース（内国株式）,化学
4935,2026-10-01,223.0,0.289,0.5486,0.067,-0.276,0.0681,-0.3088,191.0,237.4933,False,0.1675,0.4883,456.6588,127.0,0.1067,3.6111,22300.0,1.3717,0.4036,リベルタ,スタンダード（内国株式）,化学
4936,2026-10-01,300.0,0.0,-0.0228,-0.0712,-0.0806,-0.0701,-0.1135,313.56,323.7125,False,-0.0432,0.6516,460.4234,295.0,0.0193,0.1478,30000.0,1.347,0.3111,アクシージア,スタンダード（内国株式）,化学
4937,2026-10-01,2400.0,0.0042,0.0071,0.0084,0.6162,0.0096,0.5833,2379.4,1892.44,True,0.0087,0.9569,2508.0,1113.0,0.0218,0.108,240000.0,0.3533,0.2422,Ｗａｑｏｏ,グロース（内国株式）,化学
4951,2026-10-01,1509.0,0.0013,-0.0006,-0.0169,0.0027,-0.0158,-0.0302,1520.3504,1511.7435,True,-0.0075,0.9472,1593.1249,1426.0,0.0101,0.6561,150900.0,1.8701,0.3409,エステー,プライム（内国株式）,化学
4956,2026-10-01,1472.0,-0.0047,-0.0128,0.011,0.0131,0.0121,-0.0198,1478.0415,1460.5738,True,-0.0041,0.9678,1521.0,1181.4938,0.0169,1.0154,147200.0,0.8987,0.3015,コニシ,プライム（内国株式）,化学
4958,2026-10-01,3350.0,-0.0045,-0.0218,-0.003,0.0452,-0.0018,0.0124,3344.9709,3288.9236,True,0.0015,0.949,3530.0,2604.3602,0.0196,3.7906,335000.0,2.3468,0.3126,長谷川香料,プライム（内国株式）,化学
4960,2026-10-01,558.0,-0.0542,-0.1782,0.069,-0.051,0.0701,-0.0839,577.84,551.9067,False,-0.0343,0.3558,1568.2089,278.903,0.0726,1.0965,55800.0,2.949,0.3654,ケミプロ化成,スタンダード（内国株式）,化学
4966,2026-10-01,21340.0,0.026,0.0612,0.0675,-0.1713,0.0687,-0.2041,19654.0,22534.8,False,0.0858,0.7506,28430.0,11022.0191,0.0307,9.5508,2134000.0,0.6469,0.4351,上村工業,スタンダード（内国株式）,化学
4967,2026-10-01,6989.0,0.0063,0.1876,0.2283,0.2696,0.2295,0.2367,5985.96,5679.3783,True,0.1676,0.9749,7169.0,4933.521,0.027,20.1271,698900.0,1.6179,0.7406,小林製薬,プライム（内国株式）,化学
4968,2026-10-01,2377.0,0.0051,0.0031,0.1102,0.1483,0.1114,0.1155,2192.3805,2156.9668,True,0.0842,0.8893,2673.0,1020.2282,0.04,3.844,237700.0,0.5916,0.4774,荒川化学工業,プライム（内国株式）,化学
4970,2026-10-01,10590.0,0.0232,0.046,-0.0628,-0.3628,-0.0617,-0.3957,10436.18,13224.3267,False,0.0147,0.5484,19310.0,6047.6074,0.0417,6.6935,1059000.0,0.5828,0.3555,東洋合成工業,スタンダード（内国株式）,化学
4971,2026-10-01,7140.0,0.0562,0.0625,0.0689,-0.3075,0.07,-0.3403,6470.8,8242.5682,False,0.1034,0.5869,12165.3848,3356.9518,0.0366,21.9841,714000.0,1.0399,0.4628,メック,プライム（内国株式）,化学
4972,2026-10-01,4455.0,-0.0262,0.0787,0.1724,0.2932,0.1735,0.2603,3961.8,3575.1467,True,0.1245,0.9643,4620.0,1872.3223,0.0382,2.8201,445500.0,0.6053,0.5324,綜研化学,スタンダード（内国株式）,化学
4973,2026-10-01,4865.0,0.001,0.0273,0.0,-0.1297,0.0012,-0.1626,4785.2235,4955.6078,False,0.0167,0.7102,6850.0,2898.2448,0.0198,2.8649,486500.0,0.5882,0.1919,日本高純度化学,プライム（内国株式）,化学
4975,2026-10-01,5960.0,0.0119,0.0382,0.0976,-0.2043,0.0988,-0.2371,5664.0123,6268.6708,False,0.0523,0.7367,8090.0,4155.2579,0.0236,5.743,596000.0,0.5963,0.2129,ＪＣＵ,プライム（内国株式）,化学
4976,2026-10-01,1617.0,0.0221,-0.0012,0.1007,0.2584,0.1019,0.2255,1553.24,1400.1075,True,0.041,0.9266,1745.0,1234.4102,0.025,0.0819,161700.0,0.9305,0.2894,東洋ドライルーブ,スタンダード（内国株式）,化学
4977,2026-10-01,1185.0,-0.0025,0.0076,-0.0199,-0.105,-0.0187,-0.1378,1194.6427,1259.1609,False,-0.0081,0.8085,1465.6386,950.1517,0.0096,0.3514,118500.0,0.8187,0.211,新田ゼラチン,スタンダード（内国株式）,化学
4978,2026-10-01,139.0,-0.0211,0.0,-0.0795,0.121,-0.0783,0.0881,142.64,134.7333,True,-0.0255,0.6683,208.0,117.0,0.0349,0.7265,13900.0,0.7223,0.2059,リプロセル,グロース（内国株式）,化学
4979,2026-10-01,2811.0,-0.012,-0.0178,-0.0039,0.1413,-0.0027,0.1084,2875.68,2648.9418,True,-0.0225,0.8488,3311.7434,2014.0652,0.0272,0.7241,281100.0,0.9799,0.2447,ＯＡＴアグリオ,スタンダード（内国株式）,化学
4980,2026-10-01,3340.0,0.0503,0.1043,0.0869,-0.1836,0.088,-0.2164,2987.2845,3523.5415,False,0.1181,0.6389,5228.0,2083.0,0.0313,41.9459,334000.0,0.9185,0.5065,デクセリアルズ,プライム（内国株式）,化学
4985,2026-10-01,4630.0,-0.0022,-0.0211,-0.0637,-0.0232,-0.0625,-0.0561,4769.2,4739.6667,True,-0.0292,0.8772,5278.4339,4475.0,0.0112,2.3562,463000.0,0.7785,0.3572,アース製薬,プライム（内国株式）,化学
4990,2026-10-01,524.0,-0.0242,0.0094,-0.015,-0.0113,-0.0139,-0.0442,524.1658,506.0553,True,-0.0003,0.8996,582.4772,446.2368,0.0247,0.0218,52400.0,0.6744,0.2399,昭和化学工業,スタンダード（内国株式）,化学
4992,2026-10-01,1931.0,0.0005,-0.0087,-0.0459,-0.0827,-0.0448,-0.1155,1945.36,1995.0267,True,-0.0074,0.844,2288.0,1507.1471,0.0208,1.3077,193100.0,0.6998,0.378,北興化学工業,スタンダード（内国株式）,化学
4994,2026-10-01,2640.0,-0.0112,-0.0269,-0.0792,0.082,-0.078,0.0491,2783.0458,2599.0419,True,-0.0514,0.8989,2937.0,2135.0,0.0181,0.4372,264000.0,0.8393,0.3886,大成ラミックグループ,スタンダード（内国株式）,化学
4996,2026-10-01,673.0,-0.003,-0.0161,-0.1361,-0.0521,-0.1349,-0.085,726.64,733.92,False,-0.0738,0.8177,823.0407,644.0,0.0276,4.8652,67300.0,1.4797,0.2477,クミアイ化学工業,プライム（内国株式）,化学
4997,2026-10-01,1104.0,-0.0009,-0.0555,-0.1362,0.0781,-0.135,0.0453,1200.2089,1109.1896,True,-0.0802,0.8326,1326.0,815.4297,0.027,5.203,110400.0,1.6455,0.4143,日本農薬,プライム（内国株式）,化学
4998,2026-10-01,1147.0,-0.0146,-0.0263,-0.0505,-0.0247,-0.0493,-0.0575,1179.48,1180.8,True,-0.0275,0.9289,1234.7519,1086.895,0.0102,0.1633,114700.0,0.7518,0.2817,フマキラー,スタンダード（内国株式）,化学
500A,2026-10-01,3400.0,-0.0131,-0.0582,-0.0272,0.1892,-0.026,0.1564,3475.8,3143.8933,True,-0.0218,0.8947,3800.3027,2756.0,0.0317,0.4405,340000.0,2.3735,0.4126,ＴＯブックス,スタンダード（内国株式）,情報・通信業
5010,2026-10-01,302.0,0.01,0.0307,0.0307,0.3017,0.0319,0.2689,291.12,259.8533,True,0.0374,0.8162,370.0,180.0,0.0279,0.3494,30200.0,0.507,0.2373,日本精蝋,スタンダード（内国株式）,石油・石炭製品
5011,2026-10-01,2259.0,-0.0088,-0.0137,0.0053,0.0876,0.0065,0.0548,2289.8617,2213.3939,True,-0.0135,0.8242,2740.7787,1934.0,0.0203,1.6684,225900.0,1.3175,0.3028,ニチレキグループ,プライム（内国株式）,石油・石炭製品
5013,2026-10-01,3150.0,0.0048,0.031,0.0563,0.074,0.0575,0.0411,2953.3302,2985.6301,False,0.0666,0.8848,3560.0,2019.2182,0.0229,1.3289,315000.0,0.8582,0.4807,ユシロ,スタンダード（内国株式）,石油・石炭製品
5015,2026-10-01,999.0,-0.002,0.001,-0.004,0.004,-0.0028,-0.0288,1000.32,994.3322,True,-0.0013,0.9842,1015.0,827.3139,0.004,0.0708,99900.0,0.8697,0.2,ビーピー・カストロール,スタンダード（内国株式）,石油・石炭製品
5016,2026-10-01,3605.0,0.0084,0.0127,-0.0443,-0.1094,-0.0431,-0.1423,3673.3974,3892.4391,False,-0.0186,0.6186,5828.0,1540.4547,0.0385,648.7682,360500.0,0.8932,0.1753,ＪＸ金属,プライム（内国株式）,非鉄金属
5018,2026-10-01,2352.0,0.0013,-0.0093,-0.0289,0.2246,-0.0277,0.1918,2338.3226,2140.8405,True,0.0058,0.9639,2440.0,1284.1116,0.0225,0.3118,235200.0,0.3712,0.2453,ＭＯＲＥＳＣＯ,スタンダード（内国株式）,石油・石炭製品
5019,2026-10-01,1527.5,-0.0396,-0.0644,0.0757,0.2697,0.0769,0.2369,1546.9897,1367.6099,True,-0.0126,0.8941,1708.5,976.0581,0.0409,91.6512,152750.0,1.2484,0.2751,出光興産,プライム（内国株式）,石油・石炭製品
5020,2026-10-01,1347.5,-0.0274,-0.041,0.0063,0.105,0.0075,0.0721,1391.3395,1310.7465,True,-0.0315,0.8784,1534.1015,891.0238,0.0296,147.4927,134750.0,1.3411,0.3318,ＥＮＥＯＳホールディングス,プライム（内国株式）,石油・石炭製品
5021,2026-10-01,4164.0,-0.0269,-0.0564,-0.0269,0.0746,-0.0257,0.0417,4385.7413,4062.6738,True,-0.0506,0.8437,4935.1866,3337.182,0.0294,31.8934,416400.0,1.2556,0.4466,コスモエネルギーホールディングス,プライム（内国株式）,石油・石炭製品
5025,2026-10-01,578.0,-0.012,-0.0203,-0.0187,0.0743,-0.0175,0.0415,588.24,561.88,False,-0.0174,0.7316,790.0,502.0,0.0246,0.006,57800.0,1.3693,0.2322,マーキュリー,グロース（内国株式）,情報・通信業
5026,2026-10-01,623.0,-0.0048,0.0471,-0.0415,0.0911,-0.0404,0.0582,608.16,584.8533,False,0.0244,0.6043,1031.0,514.0,0.0279,0.1573,62300.0,0.3769,0.363,トリプルアイズ,グロース（内国株式）,情報・通信業
5027,2026-10-01,828.0,0.0286,0.0098,0.0428,0.5893,0.044,0.5564,775.16,624.5467,True,0.0682,0.9673,856.0,375.0,0.0379,2.1387,82800.0,0.7909,0.2551,ＡｎｙＭｉｎｄ　Ｇｒｏｕｐ,グロース（内国株式）,情報・通信業
5028,2026-10-01,351.0,-0.0113,-0.014,-0.0168,-0.1046,-0.0156,-0.1374,357.36,368.3733,False,-0.0178,0.6382,550.0,318.0,0.0173,0.0262,35100.0,0.4428,0.1812,セカンドサイトアナリティカ,グロース（内国株式）,情報・通信業
5029,2026-10-01,978.0,0.0072,0.0135,0.0831,0.4641,0.0842,0.4312,919.6,796.2133,True,0.0635,0.8218,1190.0,540.0,0.0416,0.165,97800.0,0.7056,0.251,サークレイス,グロース（内国株式）,情報・通信業
5031,2026-10-01,377.0,-0.0208,-0.0105,0.0928,0.1424,0.0939,0.1096,363.72,346.1733,False,0.0365,0.4054,930.0,242.0,0.1006,3.0022,37700.0,4.0116,0.29,モイ,グロース（内国株式）,情報・通信業
5032,2026-10-01,3100.0,0.0114,0.0299,0.0214,0.3031,0.0226,0.2702,3046.56,2672.6267,True,0.0175,0.4631,6694.062,2007.0,0.0435,22.5408,310000.0,0.9524,0.3002,ＡＮＹＣＯＬＯＲ,プライム（内国株式）,情報・通信業
5033,2026-10-01,1234.0,-0.0128,0.0131,0.2962,0.3516,0.2974,0.3187,1134.48,951.16,True,0.0877,0.9663,1277.0,660.0,0.0398,1.069,123400.0,1.0992,0.269,ヌーラボ,グロース（内国株式）,情報・通信業
5034,2026-10-01,2529.0,-0.0094,0.045,0.068,0.1392,0.0691,0.1063,2330.2,2230.24,True,0.0853,0.6543,3865.0,1909.0,0.0331,0.3361,252900.0,0.7853,0.3986,ｕｎｅｒｒｙ,グロース（内国株式）,情報・通信業
5035,2026-10-01,368.0,-0.0054,0.0027,-0.0027,0.0222,-0.0016,-0.0106,366.72,362.2933,False,0.0035,0.7446,494.1985,349.0,0.0186,0.0104,36800.0,1.3556,0.2625,ＨＯＵＳＥＩ,グロース（内国株式）,情報・通信業
5036,2026-10-01,1551.0,0.0151,-0.0052,-0.064,0.0224,-0.0628,-0.0104,1563.6702,1549.4901,False,-0.0081,0.8061,1924.0,1336.8891,0.0228,2.1439,155100.0,1.5787,0.2486,日本ビジネスシステムズ,プライム（内国株式）,情報・通信業
5038,2026-10-01,2319.0,0.0555,0.0892,0.0493,0.1911,0.0505,0.1582,2143.6,2055.9733,True,0.0818,0.7739,2996.5878,1695.0,0.0274,0.9592,231900.0,1.2562,0.4016,ｅＷｅＬＬ,グロース（内国株式）,情報・通信業
504A,2026-10-01,621.0,-0.0174,0.0838,0.0652,0.3413,0.0663,0.3084,571.08,527.1333,False,0.0874,0.4976,1248.0,377.0,0.0526,0.5018,62100.0,0.7732,0.3584,イノバセル,グロース（内国株式）,医薬品
505A,2026-10-01,1350.0,-0.0153,-0.0295,-0.0891,0.1905,-0.0879,0.1576,1396.12,1302.9067,True,-0.033,0.7884,1712.2307,1036.0,0.0235,0.2917,135000.0,0.3991,0.2517,ギークリー,スタンダード（内国株式）,サービス業
5071,2026-10-01,1396.0,0.0022,-0.0036,0.0227,0.0379,0.0239,0.0051,1397.52,1387.9867,True,-0.0011,0.8549,1632.9321,1261.4594,0.0277,0.8503,139600.0,5.2547,0.4813,ヴィス,スタンダード（内国株式）,サービス業
5074,2026-10-01,541.0,-0.0146,-0.0672,-0.1677,-0.376,-0.1665,-0.4089,596.56,732.6724,False,-0.0931,0.3794,1425.8667,301.0163,0.0327,5.5378,54100.0,0.511,0.35,テスホールディングス,プライム（内国株式）,建設業
5076,2026-10-01,2754.0,-0.004,-0.0327,-0.0354,0.0286,-0.0342,-0.0043,2811.0094,2753.5165,True,-0.0203,0.9295,2963.0,1428.0514,0.0252,42.9572,275400.0,0.943,0.308,インフロニア・ホールディングス,プライム（内国株式）,建設業
50765,2026-10-01,4619.0,-0.0002,0.0112,-0.0019,-0.0026,-0.0008,-0.0354,4623.2823,4628.9474,False,-0.0009,0.9914,4659.0,4497.0441,0.0036,0.2576,461900.0,1.3813,0.4631,インフロニア・ホールディングス第１回社債型種類株式,プライム（内国株式）,建設業
5078,2026-10-01,4695.0,0.0054,-0.0053,-0.0188,0.0011,-0.0177,-0.0318,4745.0,4770.1333,False,-0.0105,0.7446,6305.3892,4252.2456,0.0059,0.0156,469500.0,1.1026,0.4727,セレコーポレーション,スタンダード（内国株式）,建設業
5079,2026-10-01,2557.0,-0.0097,-0.0131,-0.0387,0.024,-0.0376,-0.0088,2607.88,2560.12,True,-0.0195,0.8884,2878.2136,2390.0,0.0105,0.1717,255700.0,1.3836,0.3761,ノバック,スタンダード（内国株式）,建設業
5101,2026-10-01,7150.0,0.0021,0.0252,-0.0376,-0.0555,-0.0364,-0.0883,7029.88,7398.7907,True,0.0171,0.8624,8291.0,4969.7613,0.0258,64.6553,715000.0,0.9167,0.3014,横浜ゴム,プライム（内国株式）,ゴム製品
5105,2026-10-01,3922.0,0.0134,0.023,0.0411,0.0171,0.0423,-0.0157,3758.24,3856.0286,True,0.0436,0.8217,4773.2871,3367.355,0.0257,58.4775,392200.0,0.8374,0.2586,ＴＯＹＯ　ＴＩＲＥ,プライム（内国株式）,ゴム製品
5108,2026-10-01,3842.0,-0.0075,0.0108,-0.0731,0.0961,-0.0719,0.0633,3907.44,3794.7975,True,-0.0167,0.8746,4393.0,3109.3037,0.0174,159.0278,384200.0,1.0893,0.2976,ブリヂストン,プライム（内国株式）,ゴム製品
5110,2026-10-01,2022.0,-0.0044,-0.0047,-0.0993,-0.0693,-0.0982,-0.1021,2090.28,2192.0567,True,-0.0327,0.7368,2744.4725,1658.4444,0.0187,43.2598,202200.0,0.8725,0.1536,住友ゴム工業,プライム（内国株式）,ゴム製品
5121,2026-10-01,3015.0,0.0134,0.0567,0.1052,0.1741,0.1064,0.1412,2761.6044,2654.5881,True,0.0918,0.9967,3025.0,1734.0982,0.0226,2.8792,301500.0,1.5108,0.5177,藤倉コンポジット,プライム（内国株式）,ゴム製品
5122,2026-10-01,6240.0,0.0113,0.0072,-0.0265,0.1642,-0.0254,0.1313,6248.1752,5926.4584,True,-0.0013,0.9272,6730.0,4935.1499,0.0221,1.4869,624000.0,0.6913,0.2248,オカモト,プライム（内国株式）,ゴム製品
5125,2026-10-01,535.0,-0.0147,0.0531,0.1335,0.1481,0.1346,0.1152,491.36,477.8133,True,0.0888,0.4056,1319.0,450.0,0.0334,0.0357,53500.0,1.9185,0.868,ファインズ,グロース（内国株式）,情報・通信業
5126,2026-10-01,1452.0,0.0021,0.0233,0.0182,-0.0931,0.0194,-0.1259,1417.0,1485.3467,True,0.0247,0.7473,1943.0,1300.0,0.0075,0.0063,145200.0,0.6507,0.5895,ポーターズ,グロース（内国株式）,情報・通信業
5129,2026-10-01,259.0,0.0157,0.0078,-0.3863,-0.0189,-0.3851,-0.0518,277.68,259.64,False,-0.0673,0.3895,665.0,227.0,0.0394,0.584,25900.0,0.3949,0.235,ＦＩＸＥＲ,グロース（内国株式）,情報・通信業
5131,2026-10-01,157.0,-0.0063,-0.1229,0.246,0.1135,0.2472,0.0806,147.44,133.0533,True,0.0648,0.5358,293.0,110.0,0.1679,8.4678,15700.0,5.2317,0.5312,リンカーズ,グロース（内国株式）,情報・通信業
5132,2026-10-01,1888.0,0.0211,-0.0079,-0.1094,-0.056,-0.1083,-0.0889,1971.24,1945.2133,True,-0.0422,0.42,4495.0,1275.0,0.049,0.7754,188800.0,0.6773,0.2022,ｐｌｕｓｚｅｒｏ,グロース（内国株式）,情報・通信業
5133,2026-10-01,316.0,0.026,0.0429,-0.0063,0.1326,-0.0051,0.0998,304.04,301.2267,False,0.0393,0.8555,369.3804,267.0,0.0305,0.2151,31600.0,1.2866,0.5704,テリロジーホールディングス,スタンダード（内国株式）,情報・通信業
5134,2026-10-01,451.0,-0.0131,-0.0131,-0.0777,-0.0926,-0.0766,-0.1254,471.6,489.9467,False,-0.0437,0.3939,1145.0,431.0,0.0174,0.0216,45100.0,0.7176,0.1909,ＰＯＰＥＲ,グロース（内国株式）,情報・通信業
5136,2026-10-01,2514.0,0.0016,0.0813,0.2216,0.3183,0.2227,0.2854,2141.24,1903.92,True,0.1741,0.982,2560.0,1246.0,0.0466,1.939,251400.0,2.6893,0.3005,ｔｒｉｐｌａ,グロース（内国株式）,情報・通信業
5137,2026-10-01,304.0,0.0033,-0.038,-0.0256,0.4272,-0.0245,0.3944,304.96,252.3867,True,-0.0031,0.5333,570.0,175.0,0.0463,1.5243,30400.0,0.6782,0.2132,スマートドライブ,グロース（内国株式）,情報・通信業
5138,2026-10-01,455.0,0.0364,0.0317,-0.0319,0.0911,-0.0308,0.0583,458.0,433.0,True,-0.0066,0.3514,1295.0,365.0,0.0196,0.0042,45500.0,0.5205,0.3472,Ｒｅｂａｓｅ,グロース（内国株式）,情報・通信業
5139,2026-10-01,943.0,-0.0011,0.0064,-0.0218,0.0217,-0.0206,-0.0112,935.76,936.3538,True,0.0077,0.7765,1214.4489,834.1871,0.0187,0.0955,94300.0,0.4893,0.3287,オープンワーク,グロース（内国株式）,情報・通信業
5142,2026-10-01,1946.0,0.013,0.0429,0.0474,0.6576,0.0485,0.6247,1852.32,1531.8933,True,0.0506,0.9577,2032.0,1089.0,0.0349,1.3717,194600.0,0.8334,0.3861,アキレス,プライム（内国株式）,化学
5161,2026-10-01,3525.0,-0.0028,0.0022,-0.06,0.1426,-0.0588,0.1098,3568.6725,3325.8108,True,-0.0122,0.7942,4438.1953,2719.5542,0.0197,4.4101,352500.0,0.9307,0.1944,西川ゴム工業,スタンダード（内国株式）,ゴム製品
5162,2026-10-01,801.0,-0.0025,0.0168,0.0025,0.0025,0.0037,-0.0304,795.8253,794.3018,True,0.0065,0.7544,1061.826,598.0,0.017,0.0248,80100.0,0.9782,0.3005,朝日ラバー,スタンダード（内国株式）,ゴム製品
5184,2026-10-01,4175.0,-0.0036,0.0121,0.0,0.0171,0.0012,-0.0158,4124.8,4102.8326,True,0.0122,0.9763,4276.5107,3368.1064,0.0092,0.4819,417500.0,0.773,0.2355,ニチリン,スタンダード（内国株式）,ゴム製品
5185,2026-10-01,1966.0,-0.0121,0.0021,-0.0461,0.0844,-0.0449,0.0515,2003.2478,1919.0693,True,-0.0186,0.9344,2104.0,1712.0,0.0142,0.9372,196600.0,0.8884,0.2731,フコク,プライム（内国株式）,ゴム製品
5186,2026-10-01,6730.0,0.0045,-0.011,-0.0015,0.1368,-0.0003,0.104,6717.7752,6514.8584,True,0.0018,0.9257,7270.0,3838.0123,0.0201,2.9011,673000.0,0.6899,0.3034,ニッタ,プライム（内国株式）,ゴム製品
5187,2026-10-01,1151.0,-0.0009,-0.0229,0.0061,0.0445,0.0073,0.0116,1147.16,1129.8108,True,0.0033,0.9423,1221.4433,931.8651,0.0191,0.0487,115100.0,0.7821,0.3091,クリエートメディック,スタンダード（内国株式）,精密機器
5192,2026-10-01,4170.0,-0.0071,-0.0113,-0.0629,0.057,-0.0618,0.0242,4305.0999,4170.7666,True,-0.0314,0.8977,4645.0,3496.794,0.0161,3.0239,417000.0,1.0041,0.3129,三ツ星ベルト,プライム（内国株式）,ゴム製品
5194,2026-10-01,641.0,-0.0016,0.0079,0.011,0.0142,0.0122,-0.0186,637.68,638.76,False,0.0052,0.6748,949.9454,600.0,0.0086,0.0331,64100.0,0.8508,0.2364,相模ゴム工業,スタンダード（内国株式）,ゴム製品
5195,2026-10-01,2510.0,0.0064,0.0397,0.004,0.1461,0.0052,0.1133,2460.0013,2363.4671,True,0.0203,0.9805,2560.0,1823.423,0.0196,1.6936,251000.0,1.1942,0.2385,バンドー化学,プライム（内国株式）,ゴム製品
519A,2026-10-01,448.0,-0.0175,-0.0725,-0.1284,-0.1351,-0.1272,-0.168,494.04,505.5333,False,-0.0932,0.5365,835.0,447.0,0.0228,0.0492,44800.0,1.2771,0.4993,ベーシック,グロース（内国株式）,情報・通信業
5201,2026-10-01,5787.0,0.007,0.0174,0.0087,-0.1465,0.0099,-0.1793,5660.0,6175.8633,False,0.0224,0.7063,8192.8229,4548.4874,0.0194,68.7603,578700.0,0.8034,0.2515,ＡＧＣ,プライム（内国株式）,ガラス・土石製品
5204,2026-10-01,3080.0,-0.0016,-0.0016,0.0049,0.0049,0.0061,-0.028,3051.24,3019.1333,True,0.0094,0.7601,4052.1817,2710.0,0.0129,0.1572,308000.0,0.6551,0.2509,石塚硝子,スタンダード（内国株式）,ガラス・土石製品
5208,2026-10-01,2832.0,0.0224,0.0625,0.0408,0.0389,0.042,0.006,2630.8648,2594.4483,True,0.0765,0.951,2978.0,1473.0852,0.0277,5.1227,283200.0,0.9544,0.4443,有沢製作所,プライム（内国株式）,化学
520A,2026-10-01,415.0,0.0323,0.0197,0.3133,0.441,0.3144,0.4081,389.6,330.7733,False,0.0652,0.513,809.0,260.0,0.1017,3.6445,41500.0,0.7925,0.2416,ジェイファーマ,グロース（内国株式）,医薬品
5210,2026-10-01,2825.0,-0.0042,0.0072,-0.043,-0.0091,-0.0419,-0.042,2887.7085,2835.9428,True,-0.0217,0.7207,3919.6672,2475.0,0.0149,0.8732,282500.0,0.7407,0.3388,日本山村硝子,スタンダード（内国株式）,ガラス・土石製品
5214,2026-10-01,5075.0,0.0222,0.0447,0.0464,-0.1924,0.0475,-0.2252,4813.72,5402.8641,False,0.0543,0.6134,8273.4206,4323.0,0.0232,31.4313,507500.0,0.8406,0.3318,日本電気硝子,プライム（内国株式）,ガラス・土石製品
5216,2026-10-01,135.0,-0.0074,-0.0426,-0.1401,-0.1562,-0.139,-0.1891,146.76,151.5067,True,-0.0801,0.4737,285.0,116.0,0.0333,0.1866,13500.0,0.4258,0.3556,倉元製作所,スタンダード（内国株式）,ガラス・土石製品
5218,2026-10-01,1679.0,0.025,0.0048,0.006,0.0804,0.0071,0.0476,1629.72,1560.4,True,0.0302,0.9513,1765.0,1019.0,0.0424,1.4928,167900.0,0.8563,0.2896,オハラ,スタンダード（内国株式）,ガラス・土石製品
5232,2026-10-01,1877.5,0.0043,0.0102,-0.671,-0.6804,-0.6699,-0.7133,4710.3095,5407.3965,False,-0.6014,0.2881,6517.0,1786.0,0.206,9.978,187750.0,1.3307,1.0456,住友大阪セメント,プライム（内国株式）,ガラス・土石製品
5233,2026-10-01,4090.0,-0.0041,-0.0086,-0.0354,0.0389,-0.0342,0.006,4151.8685,4135.1962,False,-0.0149,0.835,4898.028,3219.014,0.0232,19.165,409000.0,0.9407,0.3023,太平洋セメント,プライム（内国株式）,ガラス・土石製品
5237,2026-10-01,1178.0,-0.0232,-0.0568,-0.0248,-0.0151,-0.0237,-0.0479,1216.68,1212.5467,True,-0.0318,0.9082,1297.0,944.4586,0.0227,0.054,117800.0,1.0856,0.3369,ノザワ,スタンダード（内国株式）,ガラス・土石製品
523A,2026-10-01,1963.0,-0.0086,0.0809,0.0645,0.2095,0.0657,0.1766,1799.88,1708.2133,False,0.0906,0.7609,2580.0,1220.0,0.0477,1.9428,196300.0,0.7567,0.299,セイワホールディングス,グロース（内国株式）,金属製品
5240,2026-10-01,177.0,0.0057,-0.0484,-0.2133,0.4048,-0.2122,0.3719,196.44,181.24,True,-0.099,0.4658,380.0,113.0,0.0456,0.3479,17700.0,0.0575,0.2726,ｍｏｎｏＡＩ　ｔｅｃｈｎｏｌｏｇｙ,グロース（内国株式）,情報・通信業
5242,2026-10-01,2370.0,0.0282,0.0255,0.026,1.9009,0.0271,1.868,2377.24,1767.5467,True,-0.003,0.7383,3210.0,804.0,0.0527,0.2004,237000.0,0.1077,0.2723,アイズ,グロース（内国株式）,情報・通信業
5243,2026-10-01,3935.0,0.1022,0.2472,0.2838,0.9442,0.285,0.9113,3000.68,2404.6267,True,0.3114,0.9609,4095.0,1152.0,0.0522,10.9224,393500.0,0.9447,0.6041,ｎｏｔｅ,グロース（内国株式）,情報・通信業
5244,2026-10-01,179.0,-0.0165,0.0347,-0.0376,0.0407,-0.0365,0.0078,176.88,174.1067,True,0.012,0.6005,298.1019,152.0,0.0239,0.3011,17900.0,0.6391,0.2567,ｊｉｇ．ｊｐ,グロース（内国株式）,情報・通信業
5246,2026-10-01,838.0,-0.0187,-0.0312,-0.0842,0.3114,-0.083,0.2786,846.8,755.5467,True,-0.0104,0.7496,1118.0,498.0,0.0376,3.3684,83800.0,0.6719,0.2794,ＥＬＥＭＥＮＴＳ,グロース（内国株式）,情報・通信業
5247,2026-10-01,571.0,0.0018,0.0325,-0.0121,0.0814,-0.011,0.0486,563.52,549.56,False,0.0133,0.5936,962.0,508.0,0.021,0.0158,57100.0,0.6169,0.25,ＢＴＭ,グロース（内国株式）,情報・通信業
5248,2026-10-01,514.0,0.0198,-0.0172,-0.0077,0.0019,-0.0066,-0.0309,510.36,503.3067,True,0.0071,0.7312,703.0,420.0,0.0214,0.0902,51400.0,0.3849,0.2364,テクノロジーズ,グロース（内国株式）,情報・通信業
5250,2026-10-01,1065.0,-0.0301,-0.065,0.0411,-0.0533,0.0422,-0.0862,1086.56,1075.3333,False,-0.0198,0.6853,1554.0,813.4549,0.0406,0.0249,106500.0,1.0714,0.3124,ＧＭＯプライム・ストラテジー,スタンダード（内国株式）,情報・通信業
5252,2026-10-01,969.0,-0.0406,-0.0491,0.2817,0.2007,0.2829,0.1679,873.96,810.2533,True,0.1087,0.9229,1050.0,469.7745,0.0477,0.195,96900.0,1.8217,0.3354,日本ナレッジ,グロース（内国株式）,情報・通信業
5253,2026-10-01,1516.0,-0.0066,-0.0613,-0.096,0.0398,-0.0948,0.0069,1617.68,1542.32,False,-0.0629,0.749,2024.0,1141.0,0.0417,24.3029,151600.0,0.9746,0.3579,カバー,グロース（内国株式）,情報・通信業
5254,2026-10-01,4260.0,-0.0196,0.0315,0.034,0.073,0.0351,0.0402,4102.6,4074.9333,True,0.0384,0.8469,5030.0,2454.0,0.0274,0.5223,426000.0,0.5707,0.2783,Ａｒｅｎｔ,グロース（内国株式）,情報・通信業
5255,2026-10-01,80.0,0.0,-0.0244,-0.1753,0.0526,-0.1741,0.0198,87.08,87.0,False,-0.0813,0.3509,228.0,69.0,0.0411,0.2021,8000.0,0.6419,0.3043,モンスターラボ,グロース（内国株式）,情報・通信業
5256,2026-10-01,3495.0,0.0607,0.0754,0.3164,0.5242,0.3175,0.4913,2887.04,2537.9333,True,0.2106,0.8859,3945.0,2040.0,0.0551,0.3034,349500.0,2.842,0.4897,Ｆｕｓｉｃ,グロース（内国株式）,情報・通信業
5257,2026-10-01,2893.0,-0.0007,-0.0173,0.0303,0.1213,0.0314,0.0885,2852.52,2671.2933,True,0.0142,0.9817,2947.0,2264.0,0.0136,0.0601,289300.0,0.964,0.3151,ノバシステム,スタンダード（内国株式）,情報・通信業
5258,2026-10-01,431.0,0.0141,-0.0115,-0.0205,0.0995,-0.0193,0.0666,428.68,409.72,True,0.0054,0.8117,531.0,291.0,0.0254,0.2379,43100.0,0.4768,0.2013,トランザクション・メディア・ネットワークス,グロース（内国株式）,情報・通信業
5261,2026-10-01,7650.0,0.0013,0.0026,-0.0217,0.0066,-0.0206,-0.0263,7652.0,7614.8,True,-0.0003,0.8683,8810.6436,5248.8941,0.0118,0.2507,765000.0,0.8927,0.2667,リソルホールディングス,プライム（内国株式）,サービス業
5262,2026-10-01,1099.0,-0.0188,-0.0065,-0.0534,0.0527,-0.0522,0.0198,1135.4096,1083.1232,True,-0.0321,0.521,2109.4027,987.0,0.0209,2.2294,109900.0,0.8657,0.3006,日本ヒューム,プライム（内国株式）,ガラス・土石製品
5268,2026-10-01,834.0,-0.0083,-0.0268,-0.0165,-0.0036,-0.0154,-0.0364,860.16,845.2133,False,-0.0304,0.7262,1148.3804,761.6609,0.0206,0.0825,83400.0,0.6701,0.2508,旭コンクリート工業,スタンダード（内国株式）,ガラス・土石製品
5269,2026-10-01,354.0,-0.0112,-0.0112,-0.066,0.0892,-0.0648,0.0564,366.5594,350.3865,True,-0.0343,0.8962,395.0,306.1846,0.0157,0.5656,35400.0,0.732,0.2875,日本コンクリート工業,プライム（内国株式）,ガラス・土石製品
5271,2026-10-01,2285.0,0.0201,0.0363,0.0156,0.0646,0.0167,0.0318,2227.8917,2197.1562,True,0.0256,0.8981,2544.1592,2054.9734,0.014,0.012,228500.0,0.8443,0.3219,トーヨーアサノ,スタンダード（内国株式）,ガラス・土石製品
5273,2026-10-01,2048.0,0.0005,-0.0292,-0.0403,0.2937,-0.0391,0.2609,2058.818,1836.8193,True,-0.0053,0.9339,2192.9887,1362.0,0.0327,1.191,204800.0,1.1496,0.2825,三谷セキサン,スタンダード（内国株式）,ガラス・土石製品
5279,2026-10-01,1212.0,-0.0122,0.0134,-0.0025,0.0033,-0.0013,-0.0295,1207.08,1201.6933,True,0.0041,0.8163,1484.6743,1089.0,0.011,0.0318,121200.0,0.8372,0.3237,日本興業,スタンダード（内国株式）,ガラス・土石製品
5280,2026-10-01,2177.0,-0.0005,-0.0312,-0.0255,-0.0207,-0.0244,-0.0535,2210.96,2214.1333,True,-0.0154,0.709,3070.5186,2072.0,0.0126,0.1739,217700.0,0.5701,0.3855,ヨシコン,スタンダード（内国株式）,不動産業
5282,2026-10-01,397.0,-0.0075,-0.0174,-0.0724,-0.0915,-0.0713,-0.1244,413.8824,415.4141,True,-0.0408,0.7982,497.3674,318.1977,0.0197,0.201,39700.0,0.7778,0.217,ジオスター,スタンダード（内国株式）,ガラス・土石製品
5283,2026-10-01,3145.0,-0.0141,0.0032,-0.0047,0.0782,-0.0036,0.0453,3159.0,3043.4651,True,-0.0044,0.8487,3705.7958,2833.7865,0.0148,0.0191,314500.0,0.8304,0.3446,高見澤,スタンダード（内国株式）,卸売業
5284,2026-10-01,2225.0,-0.008,0.0009,-0.0185,-0.0093,-0.0174,-0.0422,2237.16,2239.64,True,-0.0054,0.9051,2458.3606,2101.0,0.0096,0.1441,222500.0,0.6233,0.2247,ヤマウホールディングス,スタンダード（内国株式）,ガラス・土石製品
5285,2026-10-01,1316.0,-0.0113,-0.0208,-0.0512,-0.0309,-0.05,-0.0638,1359.36,1359.12,True,-0.0319,0.6177,2130.4011,1185.0,0.0123,0.3113,131600.0,0.5165,0.3022,ヤマックス,スタンダード（内国株式）,ガラス・土石製品
5287,2026-10-01,908.0,0.0011,-0.0055,0.0449,0.1238,0.046,0.0909,897.56,852.44,True,0.0116,0.4482,2026.0408,787.0,0.0675,1.1023,90800.0,0.8373,0.1387,イトーヨーギョー,スタンダード（内国株式）,ガラス・土石製品
5288,2026-10-01,1439.0,-0.0164,-0.0077,-0.0776,-0.0124,-0.0764,-0.0452,1492.9116,1507.7172,False,-0.0361,0.8176,1760.0,1122.1349,0.0162,2.949,143900.0,1.0924,0.2352,アジアパイルホールディングス,プライム（内国株式）,ガラス・土石製品
5290,2026-10-01,1217.0,-0.0178,-0.028,0.0261,-0.0979,0.0273,-0.1307,1205.8,1272.6533,False,0.0093,0.5746,2118.0,1127.0,0.0262,1.0544,121700.0,1.2464,0.2291,ベルテクスコーポレーション,スタンダード（内国株式）,ガラス・土石製品
5301,2026-10-01,2312.5,-0.0098,0.0174,0.2769,0.3332,0.2781,0.3004,1977.48,1788.5953,True,0.1694,0.978,2364.5,867.8439,0.0455,53.7228,231250.0,1.4814,0.418,東海カーボン,プライム（内国株式）,ガラス・土石製品
5302,2026-10-01,5170.0,0.0078,0.0197,-0.0134,0.0715,-0.0122,0.0386,5063.6,4867.2471,True,0.021,0.9504,5440.0,4030.2583,0.0189,2.2063,517000.0,0.5659,0.2359,日本カーボン,プライム（内国株式）,ガラス・土石製品
5304,2026-10-01,2417.0,-0.009,-0.0221,-0.0944,-0.0258,-0.0933,-0.0587,2537.8912,2508.6704,False,-0.0476,0.799,3025.004,2059.1599,0.016,0.4214,241700.0,0.6298,0.3392,ＳＥＣカーボン,スタンダード（内国株式）,ガラス・土石製品
5310,2026-10-01,7740.0,0.0198,0.0348,0.1316,0.0474,0.1327,0.0145,7114.4,7212.5333,False,0.0879,0.861,8990.0,4052.4543,0.0332,6.9019,774000.0,0.8958,0.4628,東洋炭素,プライム（内国株式）,ガラス・土石製品
5331,2026-10-01,3685.0,0.0096,0.0138,-0.0027,-0.0706,-0.0015,-0.1035,3587.1641,3711.0547,False,0.0273,0.795,4635.0,2268.18,0.0242,6.7353,368500.0,0.7388,0.2906,ノリタケ,プライム（内国株式）,ガラス・土石製品
5332,2026-10-01,6048.0,0.0256,0.043,-0.0557,-0.2852,-0.0546,-0.318,5957.4868,7021.5356,False,0.0152,0.6366,9500.0,3724.379,0.0215,62.994,604800.0,0.9088,0.3494,ＴＯＴＯ,プライム（内国株式）,ガラス・土石製品
5333,2026-10-01,5566.0,0.023,0.0476,0.0457,-0.247,0.0468,-0.2799,5253.1243,6052.2148,False,0.0596,0.7051,7894.0,2364.0957,0.0275,75.8674,556600.0,0.7994,0.4108,ＮＧＫ,プライム（内国株式）,ガラス・土石製品
5334,2026-10-01,3835.0,0.0092,0.0633,-0.5407,-0.6436,-0.5395,-0.6764,6818.1925,8943.5308,False,-0.4375,0.3404,11265.0,3546.0183,0.1076,97.6584,383500.0,1.5144,0.9185,日本特殊陶業,プライム（内国株式）,ガラス・土石製品
5337,2026-10-01,870.0,-0.0114,0.0069,0.0584,0.0407,0.0596,0.0078,838.04,836.4933,True,0.0381,0.9405,925.0,492.0,0.0228,0.177,87000.0,1.62,0.3424,ダントーホールディングス,スタンダード（内国株式）,ガラス・土石製品
5341,2026-10-01,137.0,0.0074,-0.0144,-0.0867,-0.2035,-0.0855,-0.2363,142.0,157.5333,False,-0.0352,0.2991,458.0,135.0,0.0172,0.036,13700.0,0.3998,0.1697,ＡＳＡＨＩ　ＥＩＴＯホールディングス,スタンダード（内国株式）,ガラス・土石製品
5344,2026-10-01,58520.0,0.0499,0.05,0.1,-0.1991,0.1012,-0.232,54571.7778,59345.6593,False,0.0723,0.6832,85650.0,35948.4484,0.039,55.8197,5852000.0,0.7759,0.2943,ＭＡＲＵＷＡ,プライム（内国株式）,ガラス・土石製品
5351,2026-10-01,2003.0,-0.0167,-0.0152,-0.0356,0.0389,-0.0345,0.006,2046.991,2015.4103,True,-0.0215,0.816,2454.528,1756.4511,0.0168,2.1304,200300.0,0.9566,0.2441,品川リフラ,プライム（内国株式）,ガラス・土石製品
5355,2026-10-01,665.0,-0.0015,0.0045,-0.0134,-0.0177,-0.0122,-0.0506,666.4,673.3467,True,-0.0021,0.968,687.0,583.8565,0.0056,0.027,66500.0,0.8427,0.2423,日本坩堝,スタンダード（内国株式）,ガラス・土石製品
5356,2026-10-01,1245.0,-0.0095,-0.0034,-0.0554,-0.0932,-0.0542,-0.1261,1276.9386,1305.5395,False,-0.025,0.8333,1494.0,1130.3818,0.0163,0.0487,124500.0,0.6343,0.2213,美濃窯業,スタンダード（内国株式）,ガラス・土石製品
5357,2026-10-01,1724.0,-0.004,0.0082,-0.039,-0.0126,-0.0379,-0.0455,1750.2021,1751.894,True,-0.015,0.8759,1968.3279,1629.5333,0.0107,0.677,172400.0,1.0532,0.2979,ヨータイ,プライム（内国株式）,ガラス・土石製品
5363,2026-10-01,725.0,0.0083,0.0389,0.0417,0.0789,0.0428,0.046,693.0492,691.9231,True,0.0461,0.9918,731.0,490.7746,0.015,0.4643,72500.0,1.5387,0.4501,東京窯業,スタンダード（内国株式）,ガラス・土石製品
5367,2026-10-01,1495.0,0.0219,0.0817,0.13,0.1017,0.1312,0.0688,1356.0039,1336.468,True,0.1025,0.7122,2099.0,530.1093,0.0426,2.7787,149500.0,0.6791,0.3074,ニッカトー,スタンダード（内国株式）,ガラス・土石製品
5368,2026-10-01,1035.0,-0.0029,0.0088,0.0157,0.1141,0.0169,0.0812,1014.76,988.5733,True,0.0199,0.7896,1310.8043,901.0,0.0204,0.1319,103500.0,1.6415,0.3973,日本インシュレーション,スタンダード（内国株式）,ガラス・土石製品
5380,2026-10-01,1286.0,0.0118,-0.0661,0.0655,0.1907,0.0666,0.1579,1321.2,1180.0666,True,-0.0266,0.6814,1887.3931,1000.0,0.0901,0.0791,128600.0,1.8372,0.385,新東,スタンダード（内国株式）,ガラス・土石製品
5381,2026-10-01,1102.0,0.0576,0.0406,0.0889,0.0783,0.0901,0.0454,981.68,959.4533,False,0.1226,0.8003,1377.0,409.8559,0.0469,2.206,110200.0,0.9824,0.455,マイポックス,スタンダード（内国株式）,ガラス・土石製品
5384,2026-10-01,3595.0,0.0242,0.0662,0.0098,-0.193,0.011,-0.2259,3396.1688,3910.2562,False,0.0585,0.7063,5090.0,2080.9116,0.032,10.1558,359500.0,0.7997,0.4218,フジミインコーポレーテッド,プライム（内国株式）,ガラス・土石製品
5388,2026-10-01,1400.0,-0.0071,0.0145,0.0234,0.0938,0.0245,0.0609,1360.0779,1292.4126,True,0.0294,0.9662,1449.0,1076.6713,0.0247,0.1391,140000.0,1.9696,0.3129,クニミネ工業,スタンダード（内国株式）,ガラス・土石製品
5391,2026-10-01,1487.0,-0.006,-0.0002,-0.0152,0.0095,-0.0141,-0.0234,1497.3792,1488.7264,True,-0.0069,0.9121,1630.3366,1168.163,0.0123,0.1066,148700.0,0.5706,0.251,エーアンドエーマテリアル,スタンダード（内国株式）,ガラス・土石製品
5393,2026-10-01,3536.0,0.0164,0.0477,0.0167,-0.0954,0.0178,-0.1283,3365.9711,3524.9237,False,0.0505,0.8529,4146.0,1780.8854,0.023,16.2043,353600.0,0.9009,0.3816,ニチアス,プライム（内国株式）,ガラス・土石製品
5401,2026-10-01,650.0,-0.0091,-0.0284,-0.0296,0.1993,-0.0284,0.1664,679.8475,630.3998,True,-0.0439,0.9047,718.5,530.5,0.0216,252.7809,65000.0,0.7736,0.4029,日本製鉄,プライム（内国株式）,鉄鋼
5406,2026-10-01,2006.5,-0.0203,-0.0052,-0.0067,0.0802,-0.0055,0.0474,2035.3335,1987.6245,True,-0.0142,0.8608,2331.0623,1663.4351,0.0178,38.3102,200650.0,0.9904,0.2666,神戸製鋼所,プライム（内国株式）,鉄鋼
5408,2026-10-01,629.0,0.0,-0.0015,-0.0094,0.0194,-0.0083,-0.0134,639.9559,633.972,True,-0.0171,0.925,680.0,545.7272,0.0152,1.1733,62900.0,0.7437,0.4083,中山製鋼所,プライム（内国株式）,鉄鋼
5410,2026-10-01,2903.0,-0.0041,-0.016,-0.0482,0.114,-0.047,0.0811,3044.808,2850.976,True,-0.0466,0.6931,4188.3268,2489.0,0.0221,2.7185,290300.0,1.1166,0.3874,合同製鐵,プライム（内国株式）,鉄鋼
5411,2026-10-01,1741.0,-0.0125,-0.036,-0.0574,0.1082,-0.0562,0.0754,1833.465,1750.5083,True,-0.0504,0.754,2309.127,1535.0,0.0212,107.4091,174100.0,0.7905,0.4476,ＪＦＥホールディングス,プライム（内国株式）,鉄鋼
5423,2026-10-01,1674.0,-0.0036,-0.0105,-0.029,-0.0233,-0.0278,-0.0562,1721.9402,1729.1801,True,-0.0278,0.8485,1973.0,1307.9517,0.0226,6.7262,167400.0,1.0955,0.3575,東京製鐵,プライム（内国株式）,鉄鋼
542A,2026-10-01,1086.0,0.0,0.015,-0.0037,0.1242,-0.0025,0.0914,1073.32,1043.9867,True,0.0118,0.7813,1390.0,925.0,0.0241,0.0855,108600.0,0.6654,0.4208,ビタブリッドジャパン,グロース（内国株式）,化学
543A,2026-10-01,288.0,0.0105,0.0211,0.0435,-0.0336,0.0446,-0.0664,277.9189,284.6263,False,0.0363,0.5125,562.0,257.0,0.0272,63.5719,28800.0,1.1117,0.3309,ＡＲＣＨＩＯＮ,プライム（内国株式）,輸送用機器
5440,2026-10-01,1911.0,-0.0031,-0.0338,-0.0737,0.087,-0.0725,0.0542,2007.0995,1903.6998,True,-0.0479,0.7269,2628.9909,1692.0,0.0177,2.2768,191100.0,0.9569,0.4705,共英製鋼,プライム（内国株式）,鉄鋼
5444,2026-10-01,12130.0,-0.0082,-0.0126,-0.0296,-0.0186,-0.0284,-0.0515,12321.9101,12587.57,True,-0.0156,0.8488,14290.0,8826.3648,0.0198,17.8294,1213000.0,0.8832,0.239,大和工業,プライム（内国株式）,鉄鋼
5445,2026-10-01,2001.0,-0.0035,-0.0075,-0.0286,0.0911,-0.0275,0.0582,2039.487,1955.909,True,-0.0189,0.9245,2164.4033,1728.2923,0.0135,1.8965,200100.0,0.92,0.3268,東京鐵鋼,プライム（内国株式）,鉄鋼
5446,2026-10-01,1085.0,0.0112,-0.0109,-0.0046,-0.0766,-0.0034,-0.1095,1087.04,1118.8667,False,-0.0019,0.8152,1331.0,1060.0,0.0126,0.2574,108500.0,3.0502,0.2272,北越メタル,スタンダード（内国株式）,鉄鋼
5449,2026-10-01,2450.0,0.0049,-0.067,-0.1091,0.0524,-0.1079,0.0195,2632.28,2562.9067,True,-0.0692,0.6226,3935.0,2221.0,0.0314,0.6799,245000.0,0.883,0.4234,大阪製鐵,スタンダード（内国株式）,鉄鋼
544A,2026-10-01,322.0,-0.0123,-0.0001,-0.0747,-0.108,-0.0736,-0.1409,335.2436,351.3212,False,-0.0395,0.7506,429.0,319.076,0.0179,1.1224,32200.0,0.7808,0.2586,ＧＭＳグループ,プライム（内国株式）,機械
5451,2026-10-01,1399.0,-0.0007,-0.012,-0.0203,0.0729,-0.0192,0.04,1420.71,1371.09,True,-0.0153,0.8846,1581.5836,1176.0,0.0137,3.6773,139900.0,1.0998,0.2975,ヨドコウ,プライム（内国株式）,鉄鋼
5458,2026-10-01,1315.0,-0.0075,-0.0038,-0.0993,0.0779,-0.0982,0.045,1350.72,1306.08,True,-0.0264,0.8995,1462.0,904.6949,0.0172,0.055,131500.0,0.3891,0.3722,高砂鐵工,スタンダード（内国株式）,鉄鋼
545A,2026-10-01,895.0,-0.0176,-0.096,-0.1174,-0.0272,-0.1162,-0.06,982.12,934.1067,True,-0.0887,0.8775,1020.0,808.0,0.0164,0.7392,89500.0,1.4319,0.7171,トランヴィア,プライム（内国株式）,情報・通信業
5461,2026-10-01,2113.0,0.0105,0.0238,-0.0154,0.0497,-0.0142,0.0168,2130.9589,2079.8396,True,-0.0084,0.8206,2575.0,1871.997,0.0204,2.5856,211300.0,1.3701,0.4475,中部鋼鈑,プライム（内国株式）,鉄鋼
5463,2026-10-01,1675.0,0.0009,-0.0101,-0.0494,-0.1166,-0.0482,-0.1494,1730.8406,1761.7135,False,-0.0323,0.843,1987.0,1223.942,0.016,12.5078,167500.0,0.9476,0.4225,丸一鋼管,プライム（内国株式）,鉄鋼
5464,2026-10-01,908.0,-0.0055,-0.011,-0.0361,-0.0452,-0.0349,-0.0781,932.6454,941.4018,False,-0.0264,0.872,1041.3282,884.5902,0.0121,0.2451,90800.0,1.2831,0.3282,モリ工業,スタンダード（内国株式）,鉄鋼
546A,2026-10-01,2720.0,0.0374,0.0723,0.1282,0.124,0.1293,0.0911,2435.3613,2287.3204,True,0.1169,0.9931,2739.0,1768.0,0.0305,4.8659,272000.0,0.6763,0.5238,ＭＩＲＡＩＮＩホールディングス,プライム（内国株式）,卸売業
5471,2026-10-01,2491.0,-0.0044,0.0261,0.0892,-0.1022,0.0904,-0.135,2358.9138,2438.5979,True,0.056,0.829,3005.0,1229.8787,0.0266,21.7956,249100.0,0.8317,0.3867,大同特殊鋼,プライム（内国株式）,鉄鋼
547A,2026-10-01,418.0,-0.0413,-0.0413,-0.0607,-0.0564,-0.0595,-0.0893,436.44,442.12,False,-0.0423,0.712,587.1192,406.0,0.0215,8.0649,41800.0,0.985,0.3444,ムニノバホールディングス,プライム（内国株式）,その他金融業
5480,2026-10-01,5280.0,0.0,-0.0112,-0.0347,0.0989,-0.0336,0.066,5409.1434,5137.1811,True,-0.0239,0.9119,5790.0,3928.8247,0.0188,3.0375,528000.0,0.7265,0.3534,日本冶金工業,プライム（内国株式）,鉄鋼
5482,2026-10-01,3020.0,-0.0066,-0.0426,-0.0765,-0.0082,-0.0753,-0.0411,3187.1579,3127.8793,True,-0.0524,0.8814,3426.2492,2466.1197,0.0236,5.2962,302000.0,1.0051,0.4072,愛知製鋼,プライム（内国株式）,鉄鋼
548A,2026-10-01,950.0,0.0064,-0.0094,-0.0084,0.0074,-0.0072,-0.0254,946.52,953.1467,True,0.0037,0.795,1195.0,878.0,0.0198,0.2038,95000.0,0.819,0.2449,システムエグゼ,スタンダード（内国株式）,情報・通信業
5491,2026-10-01,896.0,-0.0044,-0.0165,-0.0458,0.0654,-0.0446,0.0325,917.16,897.6133,True,-0.0231,0.7576,1182.6281,763.8842,0.0205,0.2894,89600.0,1.0478,0.2833,日本金属,スタンダード（内国株式）,鉄鋼
549A,2026-10-01,464.0,-0.0022,-0.0293,-0.106,0.0,-0.1048,-0.0329,497.5332,480.8311,True,-0.0674,0.6804,682.0,413.0,0.0295,0.2877,46400.0,1.6024,0.3144,ヒトトヒトホールディングス,スタンダード（内国株式）,サービス業
550A,2026-10-01,2241.0,-0.008,0.0541,0.0266,0.0748,0.0277,0.042,2193.515,2181.8383,True,0.0216,0.4293,5220.0,1922.0,0.0254,0.06,224100.0,0.1933,0.299,ソフトテックス,スタンダード（内国株式）,情報・通信業
5527,2026-10-01,782.0,0.0116,0.0483,0.0625,0.2219,0.0637,0.189,738.36,686.8933,True,0.0591,0.8893,879.3809,577.0,0.0149,0.1346,78200.0,0.9605,0.4294,ｐｒｏｐｅｒｔｙ　ｔｅｃｈｎｏｌｏｇｉｅｓ,グロース（内国株式）,不動産業
5532,2026-10-01,3495.0,-0.0292,-0.0141,-0.0014,-0.0057,-0.0003,-0.0385,3488.0,3439.6667,False,0.002,0.7961,4390.0,2135.0,0.0319,0.61,349500.0,0.6264,0.2917,リアルゲイト,グロース（内国株式）,不動産業
5533,2026-10-01,2085.0,-0.0014,-0.0287,0.0181,0.0196,0.0192,-0.0133,2099.7733,2023.4444,True,-0.007,0.9065,2300.0,1841.0,0.0467,0.0319,208500.0,1.211,0.2048,エリッツホールディングス,スタンダード（内国株式）,不動産業
5535,2026-10-01,285.0,0.0106,-0.0236,-0.0468,0.0714,-0.0457,0.0386,288.1537,275.7846,True,-0.0109,0.3136,908.7347,243.0,0.0243,0.514,28500.0,0.7792,0.2441,ミガロホールディングス,プライム（内国株式）,不動産業
5537,2026-10-01,3825.0,0.0079,-0.023,0.1233,0.3651,0.1245,0.3322,3466.4,3034.84,True,0.1035,0.9586,3990.0,264.75,0.0504,2.2503,382500.0,0.7795,0.433,ＡｌｂａＬｉｎｋ,グロース（内国株式）,不動産業
5541,2026-10-01,2654.0,-0.0045,0.0226,-0.0019,0.1625,-0.0007,0.1296,2644.6137,2466.0312,True,0.0035,0.7053,3763.0389,1834.299,0.0333,6.0507,265400.0,0.9359,0.2445,大平洋金属,プライム（内国株式）,鉄鋼
5542,2026-10-01,1360.0,0.0082,0.2067,0.4211,0.6811,0.4223,0.6482,1033.72,901.8886,True,0.3156,0.9146,1487.0,686.912,0.0801,1.8861,136000.0,4.6959,0.5527,新報国マテリアル,スタンダード（内国株式）,鉄鋼
554A,2026-10-01,1393.0,-0.019,-0.0347,-0.1071,0.0765,-0.1059,0.0437,1498.64,1466.6533,True,-0.0705,0.4943,2818.0,1020.0,0.0299,0.2034,139300.0,0.5798,0.501,バトンズ,グロース（内国株式）,情報・通信業
5563,2026-10-01,444.0,0.0,-0.0022,0.0068,0.016,0.008,-0.0168,438.32,438.4379,False,0.013,0.8039,552.3308,290.4924,0.0211,2.6047,44400.0,0.7466,0.4809,新日本電工,プライム（内国株式）,鉄鋼
556A,2026-10-01,3010.0,0.0291,0.1358,0.2991,0.2382,0.3003,0.2053,2450.32,2293.0,False,0.2284,0.5574,5400.0,1810.0,0.048,1.5183,301000.0,1.9984,0.5439,犬猫生活,グロース（内国株式）,小売業
5570,2026-10-01,607.0,0.0,-0.0001,-0.0662,-0.0194,-0.065,-0.0522,626.8836,620.0545,False,-0.0317,0.6949,873.5373,596.0,0.017,0.0978,60700.0,0.8193,0.2225,ジェノバ,グロース（内国株式）,情報・通信業
5571,2026-10-01,1022.0,-0.0257,0.0029,0.0039,0.022,0.0051,-0.0109,1021.52,1001.2133,True,0.0005,0.7322,1395.792,900.0,0.015,0.014,102200.0,0.2562,0.5209,エキサイトホールディングス,スタンダード（内国株式）,情報・通信業
5572,2026-10-01,3015.0,-0.0179,-0.0534,-0.0115,0.196,-0.0103,0.1631,2960.8,2755.32,True,0.0183,0.7372,4090.0,1851.0,0.0599,2.73,301500.0,1.5878,0.2684,Ｒｉｄｇｅ－ｉ,グロース（内国株式）,情報・通信業
5574,2026-10-01,3165.0,0.0161,-0.0538,-0.0078,0.4915,-0.0067,0.4587,3046.16,2646.7333,True,0.039,0.8792,3600.0,2041.0,0.0534,5.7938,316500.0,1.1948,0.3754,ＡＢＥＪＡ,グロース（内国株式）,情報・通信業
5575,2026-10-01,1201.0,-0.0091,0.0213,0.0443,0.8392,0.0455,0.8063,1171.68,980.8133,True,0.025,0.8909,1348.0,582.0,0.0403,0.1716,120100.0,0.2985,0.3722,Ｇｌｏｂｅｅ,グロース（内国株式）,情報・通信業
5576,2026-10-01,3025.0,-0.0226,0.0065,0.012,0.0614,0.0132,0.0285,3005.6683,2926.7828,True,0.0064,0.9535,3172.3719,2450.0,0.0163,0.0529,302500.0,0.8582,0.3389,オービーシステム,スタンダード（内国株式）,情報・通信業
5578,2026-10-01,914.0,0.0044,0.0033,0.0678,-0.0169,0.0689,-0.0498,884.0666,857.589,True,0.0339,0.6723,1359.5603,746.9678,0.0198,0.2307,91400.0,0.2788,0.1598,ＡＲアドバンストテクノロジ,グロース（内国株式）,情報・通信業
5580,2026-10-01,1631.0,0.0087,0.0523,-0.0234,0.0369,-0.0222,0.004,1606.16,1605.96,True,0.0155,0.8544,1909.0,1400.0,0.0309,0.0234,163100.0,0.5714,0.3455,プロディライト,グロース（内国株式）,情報・通信業
5582,2026-10-01,2097.0,-0.0192,-0.0029,0.0199,0.0928,0.0211,0.0599,2060.4,1959.8,True,0.0178,0.6543,3205.0,1671.0,0.0335,0.4046,209700.0,0.8229,0.202,グリッド,グロース（内国株式）,情報・通信業
5586,2026-10-01,917.0,0.0,-0.0234,-0.0119,0.1062,-0.0107,0.0733,916.16,860.4933,True,0.0009,0.8651,1060.0,744.0,0.0272,0.5143,91700.0,0.6866,0.2166,Ｌａｂｏｒｏ．ＡＩ,グロース（内国株式）,情報・通信業
5587,2026-10-01,821.0,0.0012,0.0211,0.0074,0.0976,0.0085,0.0647,807.52,824.0933,False,0.0167,0.6842,1200.0,618.0,0.0315,0.1683,82100.0,0.8856,0.263,インバウンドプラットフォーム,グロース（内国株式）,情報・通信業
5588,2026-10-01,760.0,0.044,-0.1784,-0.1383,0.0483,-0.1372,0.0154,845.76,796.32,True,-0.1014,0.5364,1416.8266,650.0,0.0573,0.367,76000.0,2.872,0.5164,ファーストアカウンティング,グロース（内国株式）,情報・通信業
5589,2026-10-01,2985.0,0.0051,0.023,0.0119,0.1134,0.013,0.0805,2922.88,2798.8533,True,0.0213,0.9957,2998.0,2429.2896,0.0165,0.0655,298500.0,0.3828,0.3073,オートサーバー,スタンダード（内国株式）,情報・通信業
558A,2026-10-01,6180.0,-0.0359,-0.0032,-0.019,0.4389,-0.0179,0.406,5906.4,4997.1333,True,0.0463,0.921,6710.0,2951.0,0.0521,1.555,618000.0,0.9173,0.4067,ＳＱＵＥＥＺＥ,グロース（内国株式）,サービス業
5590,2026-10-01,725.0,0.0,0.0014,0.0284,0.0,0.0295,-0.0329,716.32,691.6533,False,0.0121,0.5319,1363.0,598.0,0.0226,0.5919,72500.0,0.4978,0.2017,ネットスターズ,グロース（内国株式）,情報・通信業
5591,2026-10-01,833.0,-0.0336,-0.0886,-0.0744,0.0832,-0.0733,0.0504,870.52,814.1867,True,-0.0431,0.5517,1510.0,678.0,0.0345,0.1546,83300.0,0.8114,0.3204,ＡＶＩＬＥＮ,グロース（内国株式）,情報・通信業
5592,2026-10-01,2538.0,0.0071,-0.0683,-0.0804,0.124,-0.0793,0.0911,2670.44,2526.0933,False,-0.0496,0.5499,4615.0199,2065.0,0.03,1.0322,253800.0,0.6096,0.4186,くすりの窓口,グロース（内国株式）,情報・通信業
5597,2026-10-01,1362.0,-0.0044,-0.0299,-0.0347,0.0318,-0.0336,-0.001,1380.44,1347.2267,False,-0.0134,0.4473,3045.0,1117.0,0.041,0.8472,136200.0,0.7068,0.3097,ブルーイノベーション,グロース（内国株式）,情報・通信業
5599,2026-10-01,1106.0,0.025,0.0203,0.0748,0.0533,0.076,0.0205,1031.64,1044.8667,True,0.0721,0.4438,2491.8849,835.0,0.0339,0.128,110600.0,0.6094,0.352,Ｓ＆Ｊ,グロース（内国株式）,情報・通信業
559A,2026-10-01,1156.0,-0.0162,-0.0103,-0.0446,0.1234,-0.0435,0.0906,1171.52,1136.0822,True,-0.0132,0.8731,1324.0645,882.7097,0.0239,0.1428,115600.0,0.4918,0.1886,梅乃宿酒造,スタンダード（内国株式）,食料品
5602,2026-10-01,1625.0,-0.0012,-0.0025,-0.0907,0.1624,-0.0895,0.1295,1675.0378,1569.4793,True,-0.0299,0.8098,2006.5527,1329.0,0.0219,4.985,162500.0,1.19,0.2616,栗本鐵工所,プライム（内国株式）,鉄鋼
5603,2026-10-01,1316.0,0.0053,0.0084,0.0038,0.0682,0.005,0.0353,1309.76,1284.6667,True,0.0048,0.8262,1592.9116,1167.0,0.0142,0.0431,131600.0,0.7751,0.2351,虹技,スタンダード（内国株式）,鉄鋼
5609,2026-10-01,943.0,-0.0021,0.0151,0.025,0.034,0.0262,0.0011,919.68,923.9733,True,0.0254,0.9421,1001.0,785.8789,0.0086,0.0447,94300.0,0.53,0.5035,日本鋳造,スタンダード（内国株式）,鉄鋼
5612,2026-10-01,1581.0,-0.0038,-0.0174,-0.0366,0.0141,-0.0354,-0.0187,1602.96,1579.3867,True,-0.0137,0.7134,2216.1966,1491.0,0.0178,0.1095,158100.0,0.7099,0.2031,日本鋳鉄管,スタンダード（内国株式）,鉄鋼
5616,2026-10-01,652.0,-0.0061,0.0172,0.0109,0.0567,0.012,0.0239,649.92,631.7333,False,0.0032,0.5587,1167.0,586.0,0.0149,0.0155,65200.0,0.8858,0.2779,雨風太陽,グロース（内国株式）,情報・通信業
5618,2026-10-01,299.0,-0.0033,0.024,0.0455,0.0136,0.0466,-0.0193,288.88,290.1067,False,0.035,0.6795,440.0,274.0,0.0162,0.0063,29900.0,0.7288,0.4735,ナイル,グロース（内国株式）,情報・通信業
5621,2026-10-01,1578.0,0.0128,-0.0271,-0.0596,0.0354,-0.0584,0.0026,1590.84,1567.5067,True,-0.0081,0.6078,2596.3515,1263.0,0.0415,0.3218,157800.0,0.9341,0.2473,ヒューマンテクノロジーズ,グロース（内国株式）,情報・通信業
5631,2026-10-01,7250.0,-0.0059,-0.0219,-0.0176,-0.0858,-0.0165,-0.1186,7316.8331,7630.2244,False,-0.0091,0.6863,10564.5795,6694.0,0.039,68.097,725000.0,0.983,0.2083,日本製鋼所,プライム（内国株式）,機械
5632,2026-10-01,2451.0,-0.0101,-0.0267,-0.0033,0.1421,-0.0021,0.1093,2430.4105,2296.8302,True,0.0085,0.9445,2595.0,1603.3507,0.0325,3.1277,245100.0,1.3191,0.3331,三菱製鋼,プライム（内国株式）,鉄鋼
5644,2026-10-01,7300.0,0.0027,0.0195,-0.0293,-0.0445,-0.0281,-0.0774,7312.8176,7453.4725,False,-0.0018,0.9419,7750.0,3630.8088,0.0094,0.2431,730000.0,0.1291,0.2771,メタルアート,スタンダード（内国株式）,鉄鋼
5658,2026-10-01,408.0,0.0074,0.005,0.0025,0.1397,0.0036,0.1068,404.52,379.7067,True,0.0086,0.9825,415.248,331.608,0.0126,0.0984,40800.0,0.4639,0.2337,日亜鋼業,スタンダード（内国株式）,鉄鋼
5659,2026-10-01,1398.0,0.0022,-0.0162,-0.0224,-0.0464,-0.0212,-0.0792,1406.306,1424.302,False,-0.0059,0.871,1605.0,1040.1204,0.0215,0.6923,139800.0,0.7618,0.3813,日本精線,プライム（内国株式）,鉄鋼
5695,2026-10-01,2801.0,-0.0408,-0.0413,-0.0585,-0.0473,-0.0573,-0.0801,2965.7797,2989.1799,True,-0.0556,0.8553,3275.0,2124.2879,0.0124,0.0109,280100.0,0.5,0.5739,パウダーテック,スタンダード（内国株式）,鉄鋼
5697,2026-10-01,814.0,-0.0133,-0.0073,-0.0097,0.1831,-0.0086,0.1503,819.8,766.2,True,-0.0071,0.9588,849.0,566.1455,0.0171,0.0377,81400.0,0.6852,0.2082,サンユウ,スタンダード（内国株式）,鉄鋼
5698,2026-10-01,717.0,-0.0124,-0.0311,-0.0958,-0.1038,-0.0947,-0.1366,750.28,788.2392,False,-0.0444,0.59,1215.3044,463.6197,0.0246,0.9723,71700.0,0.551,0.2834,エンビプロ・ホールディングス,スタンダード（内国株式）,鉄鋼
5699,2026-10-01,1557.0,-0.0013,-0.0152,-0.0615,0.057,-0.0603,0.0242,1596.64,1523.2267,False,-0.0248,0.5916,2632.0,1307.5909,0.0142,0.0569,155700.0,0.4459,0.3523,イボキン,スタンダード（内国株式）,鉄鋼
5702,2026-10-01,1764.0,-0.0227,-0.005,-0.074,0.1879,-0.0729,0.155,1824.2512,1686.1771,False,-0.033,0.8505,2074.0,1040.7587,0.0263,4.7126,176400.0,0.8038,0.2784,大紀アルミニウム工業所,プライム（内国株式）,非鉄金属
5703,2026-10-01,2886.0,-0.0076,-0.0166,-0.0475,0.0587,-0.0464,0.0258,2981.8185,2881.8328,False,-0.0321,0.8667,3330.0,1978.354,0.022,7.1583,288600.0,0.7961,0.2939,日本軽金属ホールディングス,プライム（内国株式）,非鉄金属
5704,2026-10-01,376.0,-0.0131,-0.0208,-0.0334,-0.0433,-0.0323,-0.0761,387.28,388.5333,False,-0.0291,0.7983,471.0,362.0,0.0186,0.0214,37600.0,0.6342,0.3286,ＪＭＣ,スタンダード（内国株式）,非鉄金属
5706,2026-10-01,2464.5,0.0755,0.1395,-0.916,-0.9356,-0.9149,-0.9684,20065.6788,30582.2929,False,-0.8772,0.0427,57700.0,2087.2168,0.9676,355.845,246450.0,3.094,0.89,三井金属,プライム（内国株式）,非鉄金属
5707,2026-10-01,930.0,-0.0333,-0.0011,-0.1522,0.1178,-0.1511,0.0849,1021.88,935.16,True,-0.0899,0.3705,2510.0,625.0,0.0441,5.4407,93000.0,0.5777,0.2024,東邦亜鉛,プライム（内国株式）,非鉄金属
5711,2026-10-01,5051.0,-0.0135,-0.0095,-0.1076,0.1345,-0.1064,0.1017,5313.4764,4818.1588,True,-0.0494,0.8228,6139.0,2501.1895,0.0299,106.8059,505100.0,0.7505,0.215,三菱マテリアル,プライム（内国株式）,非鉄金属
5713,2026-10-01,9770.0,-0.0142,0.0356,-0.121,0.299,-0.1199,0.2662,10133.5292,8942.2964,True,-0.0359,0.7474,13071.2699,4002.5141,0.0376,248.8701,977000.0,0.7392,0.214,住友金属鉱山,プライム（内国株式）,非鉄金属
5714,2026-10-01,8881.0,-0.0108,-0.0093,-0.1117,0.0104,-0.1106,-0.0225,9354.32,9050.2533,False,-0.0506,0.7174,12380.0,5020.229,0.0279,41.2828,888100.0,0.8367,0.1891,ＤＯＷＡホールディングス,プライム（内国株式）,非鉄金属
5715,2026-10-01,4070.0,-0.0181,-0.0073,-0.0885,0.1465,-0.0873,0.1136,4219.1864,3934.8621,True,-0.0354,0.5764,7060.4901,2657.0779,0.0331,9.0189,407000.0,0.6603,0.2602,古河機械金属,プライム（内国株式）,非鉄金属
5721,2026-10-01,51.0,0.0,-0.2609,-0.15,-0.15,-0.1488,-0.1829,56.08,58.5067,False,-0.0906,0.1741,293.0,49.0,0.0994,1.3133,5100.0,2.1834,0.4732,エスクリプトエナジー,スタンダード（内国株式）,非鉄金属
5724,2026-10-01,2910.0,-0.0202,-0.0752,-0.1005,0.1479,-0.0993,0.1151,3172.901,2740.287,True,-0.0829,0.5297,5493.4716,1178.5993,0.0428,2.3062,291000.0,0.3496,0.3221,アサカ理研,スタンダード（内国株式）,非鉄金属
5726,2026-10-01,2465.0,0.0078,0.0237,-0.0771,-0.0716,-0.076,-0.1044,2569.96,2705.28,False,-0.0408,0.721,3418.8206,1741.7572,0.0356,16.3228,246500.0,1.0138,0.2031,大阪チタニウムテクノロジーズ,プライム（内国株式）,非鉄金属
5729,2026-10-01,1713.0,0.019,0.0142,-0.0908,0.183,-0.0896,0.1502,1745.2,1623.16,True,-0.0185,0.4195,4083.6348,1357.0,0.0238,0.242,171300.0,0.5896,0.1916,日本精鉱,スタンダード（内国株式）,非鉄金属
5741,2026-10-01,2144.0,-0.0106,-0.0182,-0.0845,-0.1526,-0.0834,-0.1854,2244.0501,2407.8034,False,-0.0446,0.598,3585.0,1487.7296,0.0282,18.5199,214400.0,0.9658,0.303,ＵＡＣＪ,プライム（内国株式）,非鉄金属
5742,2026-10-01,732.0,-0.0041,0.0134,-0.0317,0.0281,-0.0306,-0.0048,745.2538,727.7113,True,-0.0178,0.9111,803.4515,679.0,0.0148,0.0171,73200.0,1.5385,0.3097,エヌアイシ・オートテック,スタンダード（内国株式）,非鉄金属
5753,2026-10-01,2567.0,-0.0108,-0.005,-0.0058,0.1098,-0.0047,0.077,2558.9173,2437.5724,True,0.0032,0.8314,3087.7326,2142.4878,0.0187,0.0642,256700.0,0.761,0.2834,日本伸銅,スタンダード（内国株式）,非鉄金属
5757,2026-10-01,5030.0,0.004,0.0262,-0.0509,-0.0437,-0.0498,-0.0766,5064.8941,5192.298,True,-0.0069,0.8628,5830.0,3699.7368,0.0224,0.4452,503000.0,1.1509,0.28,ＣＫサンエツ,プライム（内国株式）,非鉄金属
575A,2026-10-01,1861.0,-0.0302,-0.0317,-0.021,0.2566,-0.0199,0.2237,1907.96,1737.5733,False,-0.0246,0.9338,1993.0,1353.0,0.0192,1.5734,186100.0,0.858,0.322,前澤ホールディングス,プライム（内国株式）,機械
5801,2026-10-01,4113.0,0.0666,0.0835,0.0231,0.0345,0.0243,0.0016,3868.0727,3926.3709,False,0.0633,0.659,6241.0,857.5303,0.0555,798.8031,411300.0,0.8158,0.2082,古河電気工業,プライム（内国株式）,非鉄金属
5802,2026-10-01,2369.0,0.022,0.086,0.0666,-0.1188,0.0678,-0.1517,2156.616,2408.1853,False,0.0985,0.6381,3712.5,1005.9939,0.0384,384.6065,236900.0,0.8846,0.4529,住友電気工業,プライム（内国株式）,非鉄金属
5803,2026-10-01,5368.0,0.0276,0.0973,-0.0247,0.0,-0.0236,-0.0329,5115.8826,5115.0542,True,0.0493,0.6767,7933.0,2232.5636,0.0449,1756.5054,536800.0,0.6691,0.299,フジクラ,プライム（内国株式）,非鉄金属
5805,2026-10-01,2754.0,0.02,0.0834,-0.8158,-0.7813,-0.8146,-0.8141,11129.1373,12131.3124,False,-0.7525,0.1407,19570.0,2492.6119,0.44,36.3796,275400.0,1.6025,0.8852,ＳＷＣＣ,プライム（内国株式）,非鉄金属
5816,2026-10-01,1447.0,-0.0075,0.0091,-0.0269,-0.1209,-0.0257,-0.1538,1451.32,1558.8826,False,-0.003,0.6425,2252.2452,1025.5997,0.0124,0.2295,144700.0,0.619,0.2222,オーナンバ,スタンダード（内国株式）,非鉄金属
5817,2026-10-01,1194.0,0.0127,0.0511,0.1201,0.3949,0.1212,0.362,1083.36,994.0133,True,0.1021,0.4633,2577.0,431.354,0.0349,0.5117,119400.0,0.4871,0.389,ＪＭＡＣＳ,スタンダード（内国株式）,非鉄金属
5819,2026-10-01,1725.0,-0.0017,-0.0115,-0.0287,-0.0221,-0.0276,-0.055,1750.12,1750.4033,True,-0.0144,0.8181,2108.4443,1672.6206,0.0094,0.0935,172500.0,1.0797,0.2973,カナレ電気,スタンダード（内国株式）,非鉄金属
5820,2026-10-01,893.0,-0.0045,-0.0283,0.0851,0.242,0.0862,0.2091,855.64,779.08,True,0.0437,0.701,1273.8198,598.1756,0.0377,0.4844,89300.0,1.2523,0.3715,三ッ星,スタンダード（内国株式）,非鉄金属
5821,2026-10-01,3270.0,0.014,0.0261,0.0155,-0.0942,0.0167,-0.127,3138.8277,3322.0892,False,0.0418,0.6986,4680.6771,1942.8287,0.0275,1.4109,327000.0,0.773,0.3329,平河ヒューテック,プライム（内国株式）,非鉄金属
5830,2026-10-01,3913.0,-0.0252,0.0566,-0.0266,0.2051,-0.0255,0.1723,3892.876,3601.652,True,0.0052,0.9504,4117.0,2011.571,0.0332,41.3024,391300.0,1.0354,0.2871,いよぎんホールディングス,プライム（内国株式）,銀行業
5831,2026-10-01,3601.0,-0.0099,0.0564,-0.0236,0.1631,-0.0224,0.1303,3574.1952,3357.4251,True,0.0075,0.9701,3712.0,1890.6464,0.0287,68.7404,360100.0,1.0066,0.2841,しずおかフィナンシャルグループ,プライム（内国株式）,銀行業
5832,2026-10-01,3740.0,-0.0135,0.038,0.0464,0.1806,0.0476,0.1477,3582.249,3375.3363,True,0.044,0.9803,3815.0,1988.2636,0.0282,15.6123,374000.0,1.3086,0.2406,ちゅうぎんフィナンシャルグループ,プライム（内国株式）,銀行業
5834,2026-10-01,2796.0,-0.0138,-0.0131,0.0279,0.0456,0.0291,0.0128,2778.1146,2720.6115,True,0.0064,0.8093,3455.0449,2155.0,0.0186,1.1613,279600.0,0.606,0.2304,ＳＢＩリーシングサービス,グロース（内国株式）,証券、商品先物取引業
5838,2026-10-01,6340.0,0.0038,0.0397,-0.0114,0.1899,-0.0102,0.1571,6380.16,5807.4267,True,-0.0063,0.6805,9317.0,4342.0,0.0352,68.3595,634000.0,0.9374,0.2158,楽天銀行,プライム（内国株式）,銀行業
5842,2026-10-01,2937.0,0.0194,-0.0144,-0.0068,0.0349,-0.0056,0.002,2975.08,2925.4765,False,-0.0128,0.721,4073.776,2686.0,0.025,2.4999,293700.0,0.9352,0.3221,インテグラル,グロース（内国株式）,証券、商品先物取引業
5843,2026-10-01,2320.0,0.0,0.0153,-0.0405,0.0465,-0.0394,0.0136,2335.0757,2325.5052,True,-0.0065,0.7365,3150.0,1976.0,0.0154,0.1449,232000.0,0.3895,0.1703,ニッポンインシュア,スタンダード（内国株式）,その他金融業
5844,2026-10-01,4788.0,-0.0054,0.0205,-0.0403,0.0312,-0.0391,-0.0016,4864.6594,4733.4598,True,-0.0158,0.9272,5164.0,2880.6427,0.0287,44.5398,478800.0,1.007,0.238,京都フィナンシャルグループ,プライム（内国株式）,銀行業
5845,2026-10-01,1227.0,0.0082,0.0057,0.0057,0.2149,0.0069,0.182,1214.36,1125.12,True,0.0104,0.9669,1269.0,845.6893,0.0154,0.3336,122700.0,0.5144,0.2121,全保連,スタンダード（内国株式）,その他金融業
5851,2026-10-01,2725.0,-0.013,-0.004,-0.0212,0.0686,-0.02,0.0358,2739.24,2669.2214,True,-0.0052,0.9063,3006.7472,2314.1653,0.0221,3.8311,272500.0,1.0564,0.2817,リョービ,プライム（内国株式）,非鉄金属
5852,2026-10-01,648.0,-0.0092,-0.0152,-0.0795,-0.0743,-0.0784,-0.1071,673.7612,690.8004,False,-0.0382,0.6966,930.2857,638.0,0.0152,0.6506,64800.0,0.9638,0.3454,アーレスティ,プライム（内国株式）,非鉄金属
5857,2026-10-01,3540.0,-0.0194,-0.0179,-0.1038,0.1959,-0.1026,0.1631,3750.5715,3385.3772,True,-0.0561,0.7639,4634.0616,2034.2744,0.0289,20.5806,354000.0,0.7695,0.2491,ＡＲＥホールディングス,プライム（内国株式）,非鉄金属
5858,2026-10-01,1191.0,-0.01,0.0042,-0.0181,-0.0838,-0.017,-0.1167,1183.56,1258.0267,True,0.0063,0.485,2455.5157,994.0,0.0165,0.0408,119100.0,0.4321,0.2749,ＳＴＧ,グロース（内国株式）,非鉄金属
5867,2026-10-01,1384.0,0.0022,0.0328,0.0941,0.164,0.0952,0.1311,1305.56,1224.72,True,0.0601,0.9816,1410.0,1100.0,0.0219,0.0311,138400.0,1.7268,0.5633,エスネットワークス,グロース（内国株式）,サービス業
5868,2026-10-01,1042.0,-0.0161,-0.0253,0.0176,0.0547,0.0187,0.0218,1044.04,1002.0152,True,-0.002,0.8695,1198.4171,795.6784,0.0234,0.0982,104200.0,1.6547,0.2333,ロココ,スタンダード（内国株式）,サービス業
5869,2026-10-01,1273.0,0.0008,0.0127,0.0087,0.0734,0.0099,0.0405,1258.92,1230.4267,True,0.0112,0.9651,1319.0,1135.7627,0.0072,0.0745,127300.0,0.6972,0.3062,早稲田学習研究会,スタンダード（内国株式）,サービス業
5870,2026-10-01,896.0,-0.0088,-0.0099,0.0,0.1947,0.0012,0.1618,896.4,830.84,True,-0.0004,0.7655,1170.4009,705.0,0.0148,0.0697,89600.0,0.5459,0.2785,ナルネットコミュニケーションズ,グロース（内国株式）,サービス業
5871,2026-10-01,1355.0,0.0188,-0.021,-0.0991,0.0281,-0.0979,-0.0048,1385.52,1357.68,True,-0.022,0.7827,1731.25,1242.6528,0.027,0.2347,135500.0,1.3097,0.2352,ＳＯＬＩＺＥ　Ｈｏｌｄｉｎｇｓ,スタンダード（内国株式）,サービス業
5884,2026-10-01,606.0,0.0117,0.0017,-0.0677,0.0632,-0.0665,0.0303,615.04,582.5333,True,-0.0147,0.9045,670.0,376.0,0.0284,0.0905,60600.0,0.6072,0.1627,クラダシ,グロース（内国株式）,小売業
5885,2026-10-01,3115.0,0.0065,-0.0445,-0.0945,0.0779,-0.0933,0.045,3231.6,2993.5467,True,-0.0361,0.8581,3630.0,2366.0449,0.0347,1.149,311500.0,0.4817,0.332,ジーデップ・アドバンス,スタンダード（内国株式）,卸売業
5888,2026-10-01,2778.0,0.0029,0.0102,-0.0371,-0.0693,-0.0359,-0.1022,2818.0,2851.8,False,-0.0142,0.6521,4260.0,2644.0,0.0149,0.1171,277800.0,1.2222,0.22,ＤＡＩＷＡ　ＣＹＣＬＥ,グロース（内国株式）,小売業
5889,2026-10-01,2248.0,-0.0031,-0.0302,-0.1714,-0.0363,-0.1702,-0.0692,2463.6,2416.4858,True,-0.0875,0.8225,2733.0,1753.517,0.0395,4.9676,224800.0,1.4704,0.1949,Ｊａｐａｎ　Ｅｙｅｗｅａｒ　Ｈｏｌｄｉｎｇｓ,プライム（内国株式）,小売業
5891,2026-10-01,1699.0,-0.0006,0.0041,-0.0006,0.078,0.0006,0.0452,1686.88,1640.1467,True,0.0072,0.911,1865.0804,1261.0,0.0093,0.0652,169900.0,0.6689,0.2523,ＳＡＫＩＧＡＫＥホールディングス,スタンダード（内国株式）,小売業
5892,2026-10-01,2920.0,-0.0263,-0.0247,0.1166,0.4079,0.1178,0.3751,2703.28,2322.64,True,0.0802,0.5703,5120.0,1863.0,0.0567,3.1727,292000.0,1.5763,0.305,ｙｕｔｏｒｉ,グロース（内国株式）,小売業
5901,2026-10-01,4470.0,0.0093,0.015,-0.0084,0.0972,-0.0073,0.0643,4506.2947,4268.8316,True,-0.0081,0.959,4661.0,3116.0,0.0204,18.0476,447000.0,1.7426,0.4482,東洋製罐グループホールディングス,プライム（内国株式）,金属製品
5902,2026-10-01,2614.0,-0.0102,-0.0351,-0.0529,0.1076,-0.0517,0.0748,2725.7103,2518.7968,True,-0.041,0.9067,2883.0,2072.8404,0.0154,0.592,261400.0,1.1713,0.4706,ホッカンホールディングス,プライム（内国株式）,金属製品
5905,2026-10-01,1360.0,-0.0051,-0.0007,-0.0007,0.0082,0.0004,-0.0247,1365.16,1355.6667,True,-0.0038,0.9645,1410.0,1152.0963,0.0115,0.0109,136000.0,0.7826,0.2429,日本製罐,スタンダード（内国株式）,金属製品
5906,2026-10-01,778.0,0.0,0.0052,0.0237,-0.0102,0.0248,-0.043,772.44,776.52,True,0.0072,0.7839,992.4228,489.8182,0.0126,0.0337,77800.0,0.4684,0.2555,エムケー精工,スタンダード（内国株式）,金属製品
5909,2026-10-01,932.0,-0.0117,-0.0211,-0.0431,-0.0689,-0.042,-0.1018,959.0029,977.9476,True,-0.0282,0.8518,1094.1104,882.1881,0.0161,0.1424,93200.0,1.2101,0.3726,コロナ,スタンダード（内国株式）,金属製品
590A,2026-10-01,1118.0,-0.0106,-0.0896,-0.155,0.075,-0.1538,0.0421,1260.96,1143.64,True,-0.1134,0.7721,1448.0,942.0,0.0342,2.1971,111800.0,0.6544,0.4893,ギフティグループ,プライム（内国株式）,情報・通信業
5911,2026-10-01,2931.0,-0.0014,-0.0032,-0.0118,0.032,-0.0106,-0.0008,2975.1643,2921.6814,True,-0.0148,0.9159,3200.1325,2641.457,0.0136,2.8347,293100.0,0.9409,0.333,横河ブリッジホールディングス,プライム（内国株式）,金属製品
5915,2026-10-01,2375.0,-0.0302,-0.0166,-0.0443,0.0211,-0.0431,-0.0118,2440.0092,2335.7364,True,-0.0266,0.8207,2894.0,1584.8264,0.0228,0.0786,237500.0,0.4251,0.2883,駒井ハルテック,スタンダード（内国株式）,金属製品
5918,2026-10-01,7630.0,-0.0039,-0.0205,-0.0474,0.0746,-0.0463,0.0418,7895.6,7455.2,True,-0.0336,0.9397,8120.0,6830.0,0.0039,0.0137,763000.0,0.6935,1.2333,瀧上工業,スタンダード（内国株式）,金属製品
5921,2026-10-01,4350.0,0.0,0.0245,-0.0011,0.114,0.0,0.0811,4373.6766,4181.3589,True,-0.0054,0.9395,4630.0,3900.0,0.0133,0.089,435000.0,2.7419,0.3952,川岸工業,スタンダード（内国株式）,金属製品
5922,2026-10-01,20090.0,0.004,0.0045,-0.0054,0.1192,-0.0043,0.0864,20127.6,19256.6667,True,-0.0019,0.9757,20590.0,13540.5127,0.0093,0.0615,2009000.0,0.3209,0.3648,那須電機鉄工,スタンダード（内国株式）,金属製品
5923,2026-10-01,1171.0,-0.0043,-0.0018,0.0026,0.0409,0.0037,0.008,1177.6458,1146.4686,True,-0.0056,0.8706,1345.0,1008.0,0.0114,0.1427,117100.0,4.3323,0.2982,高田機工,スタンダード（内国株式）,金属製品
5928,2026-10-01,289.0,0.007,0.0104,-0.0103,0.0547,-0.0091,0.0219,289.4411,283.627,True,-0.0015,0.8907,324.4777,246.5636,0.0091,0.0144,28900.0,0.206,0.2276,アルメタックス,スタンダード（内国株式）,金属製品
5929,2026-10-01,3514.0,0.0063,0.0311,-0.0338,-0.0753,-0.0327,-0.1081,3516.0147,3644.6449,True,-0.0006,0.7913,4440.6903,3258.0,0.0178,23.8062,351400.0,1.0906,0.2055,三和ホールディングス,プライム（内国株式）,金属製品
5930,2026-10-01,1836.0,-0.0118,-0.0188,-0.0367,-0.0423,-0.0356,-0.0751,1889.6831,1889.7344,True,-0.0284,0.7873,2332.1616,1768.0,0.0171,1.9602,183600.0,0.9565,0.3192,文化シヤッター,プライム（内国株式）,金属製品
5932,2026-10-01,647.0,-0.0061,-0.0182,-0.0386,0.027,-0.0375,-0.0059,657.16,647.7733,True,-0.0155,0.8963,721.8462,566.7962,0.0148,0.5394,64700.0,1.0846,0.3239,三協立山,プライム（内国株式）,金属製品
5933,2026-10-01,1093.0,-0.0027,-0.0197,-0.0404,0.0244,-0.0392,-0.0085,1113.0125,1094.4442,True,-0.018,0.9261,1180.2226,1000.0,0.0145,0.42,109300.0,1.1348,0.239,アルインコ,プライム（内国株式）,金属製品
5936,2026-10-01,886.0,-0.0112,-0.0177,-0.0401,-0.0317,-0.0389,-0.0645,908.36,905.6267,True,-0.0246,0.9267,956.1128,823.2132,0.0114,0.0663,88600.0,1.1386,0.3277,東洋シヤッター,スタンダード（内国株式）,金属製品
5938,2026-10-01,1689.0,-0.0041,0.0053,-0.0463,-0.0781,-0.0451,-0.1109,1735.7831,1778.0144,True,-0.027,0.8738,1933.0,1571.5,0.0129,35.8669,168900.0,1.0522,0.401,ＬＩＸＩＬ,プライム（内国株式）,金属製品
5940,2026-10-01,751.0,0.0067,0.004,-0.0209,0.0548,-0.0197,0.0219,754.24,732.8267,True,-0.0043,0.7176,1046.5634,662.0,0.0136,0.1466,75100.0,1.0739,0.2937,不二サッシ,スタンダード（内国株式）,金属製品
5941,2026-10-01,2689.0,-0.0037,-0.0059,-0.039,0.0735,-0.0378,0.0406,2729.6,2654.6667,True,-0.0149,0.936,2873.0,2249.9805,0.0114,0.0458,268900.0,0.7181,0.3467,中西製作所,スタンダード（内国株式）,金属製品
5942,2026-10-01,728.0,0.0566,0.1115,0.134,0.1235,0.1351,0.0906,648.92,641.1867,True,0.1219,0.9617,757.0,500.8065,0.0221,0.7445,72800.0,2.5797,0.784,日本フイルコン,スタンダード（内国株式）,金属製品
5943,2026-10-01,2181.0,-0.0068,-0.0171,-0.0969,-0.0509,-0.0957,-0.0838,2295.16,2314.5623,True,-0.0497,0.8559,2548.2862,1750.012,0.0135,1.9398,218100.0,1.0851,0.3066,ノーリツ,プライム（内国株式）,金属製品
5945,2026-10-01,2266.0,-0.0148,-0.0122,-0.0165,-0.087,-0.0153,-0.1199,2291.4,2405.1467,False,-0.0111,0.8681,2610.1761,1941.1976,0.0133,0.036,226600.0,0.6804,0.266,天龍製鋸,スタンダード（内国株式）,金属製品
5946,2026-10-01,1981.0,0.002,-0.0025,-0.0642,-0.004,-0.0631,-0.0369,2041.6,2029.664,True,-0.0297,0.9018,2196.6876,1818.1304,0.0121,1.1525,198100.0,0.8219,0.225,長府製作所,プライム（内国株式）,金属製品
5947,2026-10-01,3400.0,0.0009,0.0044,-0.0628,-0.0476,-0.0617,-0.0805,3501.2714,3550.9971,True,-0.0289,0.7733,4396.6023,3211.0,0.0175,11.535,340000.0,1.0587,0.3358,リンナイ,プライム（内国株式）,金属製品
5949,2026-10-01,1302.0,-0.0038,0.0062,-0.0291,0.0408,-0.0279,0.0079,1321.7799,1289.5,True,-0.015,0.885,1471.2051,1101.6931,0.0177,2.2629,130200.0,1.0751,0.2643,ユニプレス,プライム（内国株式）,輸送用機器
5950,2026-10-01,151.0,0.0,-0.0066,-0.0563,0.0342,-0.0551,0.0014,153.56,148.0267,True,-0.0167,0.6426,234.995,136.0,0.0184,0.0164,15100.0,0.6641,0.1436,日本パワーファスニング,スタンダード（内国株式）,金属製品
5951,2026-10-01,1136.0,-0.007,0.0009,-0.0809,-0.0315,-0.0797,-0.0644,1168.08,1131.08,True,-0.0275,0.825,1377.0,820.434,0.0255,0.1081,113600.0,0.3193,0.1931,ダイニチ工業,スタンダード（内国株式）,金属製品
5952,2026-10-01,188.0,-0.0053,-0.0105,-0.0157,0.0444,-0.0145,0.0116,190.48,185.6667,True,-0.013,0.6775,277.5,163.5789,0.0186,0.0314,18800.0,1.2108,0.1714,アマテイ,スタンダード（内国株式）,金属製品
5955,2026-10-01,82.0,0.0,-0.0238,-0.0353,0.038,-0.0341,0.0051,82.76,82.1333,False,-0.0092,0.5335,153.6975,74.3697,0.0209,0.6085,8200.0,0.6562,0.2333,ワイズホールディングス,スタンダード（内国株式）,金属製品
5956,2026-10-01,583.0,0.0052,0.0105,0.0104,-0.0051,0.0116,-0.038,576.1579,580.706,True,0.0119,0.7038,828.3142,521.3854,0.0073,0.026,58300.0,1.2992,0.3503,トーソー,スタンダード（内国株式）,金属製品
5957,2026-10-01,767.0,0.0,-0.0179,-0.0217,-0.0179,-0.0205,-0.0508,768.92,773.818,True,-0.0025,0.9469,810.0,588.795,0.0154,0.6688,76700.0,0.882,0.3733,日東精工,プライム（内国株式）,金属製品
5958,2026-10-01,4340.0,0.0105,0.0139,-0.0636,-0.0159,-0.0625,-0.0487,4456.8137,4530.8046,True,-0.0262,0.8244,5264.5767,3826.5674,0.0152,0.1179,434000.0,0.6067,0.2947,三洋工業,スタンダード（内国株式）,金属製品
5959,2026-10-01,929.0,-0.0032,-0.0169,-0.0353,0.0357,-0.0341,0.0028,944.96,919.8554,True,-0.0169,0.8903,1043.4885,850.0029,0.0108,0.699,92900.0,0.8055,0.37,岡部,プライム（内国株式）,金属製品
5965,2026-10-01,1195.0,-0.0025,-0.0132,-0.0205,0.0547,-0.0193,0.0219,1200.76,1169.7726,True,-0.0048,0.9261,1290.3445,983.4603,0.0154,0.1222,119500.0,1.0251,0.1953,フジマック,スタンダード（内国株式）,金属製品
5966,2026-10-01,2788.0,-0.0176,-0.0147,0.0481,0.1215,0.0493,0.0886,2704.8167,2601.1389,True,0.0308,0.9786,2849.0,2336.5165,0.0212,0.017,278800.0,1.131,0.3659,京都機械工具,スタンダード（内国株式）,金属製品
5967,2026-10-01,440.0,0.0023,-0.0244,-0.0756,-0.0833,-0.0745,-0.1162,454.4,462.2533,True,-0.0317,0.7027,626.1492,404.0,0.0218,0.1062,44000.0,1.0687,0.2925,ＴＯＮＥ,スタンダード（内国株式）,金属製品
5970,2026-10-01,2234.0,-0.0124,-0.0002,-0.0453,0.0803,-0.0441,0.0474,2261.6962,2184.9521,True,-0.0122,0.9339,2392.0,1736.4221,0.0183,2.4599,223400.0,0.9993,0.2157,ジーテクト,プライム（内国株式）,金属製品
5971,2026-10-01,8990.0,0.0158,0.0239,0.0333,0.1031,0.0345,0.0702,8601.6,8213.6,True,0.0452,0.9989,9000.0,6146.5516,0.0176,0.0824,899000.0,1.3625,0.3104,共和工業所,スタンダード（内国株式）,金属製品
5975,2026-10-01,3365.0,0.003,0.0028,-0.0015,0.2727,-0.0003,0.2398,3320.0058,2970.8953,True,0.0136,0.9321,3610.0,2097.8789,0.0234,3.8012,336500.0,0.8481,0.2786,東プレ,プライム（内国株式）,金属製品
5976,2026-10-01,1448.0,0.0091,0.0014,-0.0517,0.1251,-0.0506,0.0922,1482.8391,1404.7597,True,-0.0235,0.9176,1578.0,1130.7178,0.0151,1.209,144800.0,1.1768,0.4022,高周波熱錬,プライム（内国株式）,金属製品
5981,2026-10-01,1882.0,0.0,0.011,-0.0359,-0.01,-0.0347,-0.0429,1888.7337,1949.4712,True,-0.0036,0.8705,2162.0,1379.9732,0.0245,1.5102,188200.0,0.838,0.2801,東京製綱,プライム（内国株式）,金属製品
5982,2026-10-01,4065.0,-0.0025,-0.0025,-0.0181,0.0669,-0.017,0.034,4126.071,3982.0063,True,-0.0148,0.9556,4253.7219,3296.3159,0.0112,0.1076,406500.0,0.743,0.3087,マルゼン,スタンダード（内国株式）,金属製品
5983,2026-10-01,14460.0,0.0263,0.0438,0.0562,0.0516,0.0574,0.0188,13718.9194,13869.6398,True,0.054,0.8948,16160.0,8879.6069,0.0163,0.1976,1446000.0,1.0022,0.3286,イワブチ,スタンダード（内国株式）,金属製品
5984,2026-10-01,777.0,-0.0127,-0.0018,0.0013,0.06,0.0024,0.0272,777.0095,749.9365,True,-0.0,0.8463,918.1532,648.5678,0.016,0.0285,77700.0,0.4967,0.3555,兼房,スタンダード（内国株式）,金属製品
5985,2026-10-01,2480.0,0.0797,0.035,0.1906,0.5578,0.1917,0.5249,2206.8803,1832.0534,True,0.1238,0.9703,2555.799,861.3862,0.0578,16.4092,248000.0,0.5826,0.4066,サンコール,スタンダード（内国株式）,金属製品
5986,2026-10-01,292.0,0.0139,0.1145,0.1318,0.2532,0.1329,0.2204,263.4,248.08,True,0.1086,0.9511,307.0,177.3691,0.0284,0.3378,29200.0,3.1997,0.6155,モリテック　スチール,スタンダード（内国株式）,金属製品
5988,2026-10-01,1687.0,0.0108,0.0179,-0.0288,0.0537,-0.0276,0.0209,1692.2546,1667.9515,True,-0.0031,0.9431,1788.8194,1505.0,0.0143,1.3005,168700.0,0.8863,0.3639,パイオラックス,プライム（内国株式）,金属製品
5989,2026-10-01,1433.0,-0.0205,-0.0185,-0.051,-0.0447,-0.0498,-0.0775,1480.6763,1515.6921,False,-0.0322,0.7852,1825.0,1139.6596,0.018,1.9504,143300.0,0.7933,0.3139,エイチワン,プライム（内国株式）,金属製品
5990,2026-10-01,1928.0,-0.001,-0.001,0.0066,-0.0097,0.0078,-0.0425,1929.4269,1938.6436,False,-0.0007,0.9504,2028.5496,1861.47,0.0033,0.0099,192800.0,0.6316,0.3122,スーパーツール,スタンダード（内国株式）,金属製品
5991,2026-10-01,3495.0,0.0139,0.0288,0.0172,-0.1143,0.0183,-0.1471,3362.3919,3615.144,False,0.0394,0.8053,4340.0,2004.7168,0.0212,20.7324,349500.0,0.8478,0.401,日本発條,プライム（内国株式）,金属製品
5992,2026-10-01,3685.0,0.0,0.0094,-0.0094,-0.049,-0.0083,-0.0819,3692.0313,3734.0771,False,-0.0019,0.8774,4200.0,3044.9047,0.012,0.7801,368500.0,0.4677,0.2475,中央発條,スタンダード（内国株式）,金属製品
5994,2026-10-01,984.0,-0.0111,-0.0149,-0.04,-0.0238,-0.0388,-0.0567,1011.2344,995.7715,False,-0.0269,0.4581,2148.1545,906.0,0.0158,0.0496,98400.0,0.2871,0.2634,ファインシンター,スタンダード（内国株式）,金属製品
5997,2026-10-01,895.0,-0.0132,0.0067,-0.0132,-0.0282,-0.0121,-0.0611,898.24,899.0,True,-0.0036,0.9323,960.0,663.7606,0.0199,0.0323,89500.0,0.7019,0.2418,協立エアテック,スタンダード（内国株式）,金属製品
5998,2026-10-01,2916.0,-0.0261,0.0121,0.1016,0.0508,0.1028,0.018,2750.72,2726.76,True,0.0601,0.8249,3535.0,1087.3474,0.0398,0.3147,291600.0,0.5371,0.319,アドバネクス,スタンダード（内国株式）,金属製品
6005,2026-10-01,3000.0,-0.0043,-0.0536,-0.0654,-0.0506,-0.0643,-0.0835,3143.8201,3162.3534,False,-0.0457,0.8509,3525.7201,2729.8923,0.0238,12.1634,300000.0,1.0803,0.3169,三浦工業,プライム（内国株式）,機械
6013,2026-10-01,3005.0,0.0094,0.0166,-0.005,-0.1676,-0.0038,-0.2004,3002.8984,3293.7661,False,0.0007,0.7971,3770.0,2129.0409,0.0199,5.8844,300500.0,0.9627,0.2487,タクマ,プライム（内国株式）,機械
6016,2026-10-01,12190.0,0.0419,0.0176,0.0582,0.5668,0.0593,0.534,11364.7197,9720.9066,True,0.0726,0.7168,17005.0495,6910.0,0.0503,13.2129,1219000.0,0.8844,0.2596,ジャパンエンジンコーポレーション,スタンダード（内国株式）,輸送用機器
6018,2026-10-01,6230.0,-0.0341,0.0476,-0.0296,0.0541,-0.0284,0.0213,6062.7198,6009.5733,True,0.0276,0.9285,6710.0,3055.5572,0.031,0.0559,623000.0,0.9723,0.3723,阪神内燃機工業,スタンダード（内国株式）,輸送用機器
6022,2026-10-01,2859.0,0.0028,-0.0242,-0.0276,0.1395,-0.0264,0.1066,2864.08,2657.8933,True,-0.0018,0.4707,6073.8473,2250.0,0.0133,0.0445,285900.0,1.0643,0.3651,赤阪鐵工所,スタンダード（内国株式）,機械
6023,2026-10-01,3355.0,0.0371,0.0056,0.077,0.281,0.0782,0.2482,3189.9221,2903.8407,True,0.0517,0.9531,3520.0,1974.0,0.0344,5.0964,335500.0,0.9503,0.2554,ダイハツインフィニアース,スタンダード（内国株式）,輸送用機器
6027,2026-10-01,5180.0,-0.0058,-0.0226,-0.0336,1.1134,-0.0324,1.0806,5227.0,3450.8667,True,-0.009,0.8534,6070.0,1998.0,0.0695,15.4548,518000.0,0.7348,0.3361,弁護士ドットコム,プライム（内国株式）,サービス業
6029,2026-10-01,191.0,0.0,0.016,0.0269,0.0552,0.028,0.0224,187.6,190.3733,False,0.0181,0.752,254.0,134.0,0.0254,0.0498,19100.0,0.9012,0.3088,アトラグループ,スタンダード（内国株式）,サービス業
6030,2026-10-01,1614.0,-0.0218,-0.0983,-0.0043,0.1342,-0.0032,0.1014,1657.92,1495.9412,True,-0.0265,0.5318,3035.2192,1127.0846,0.0426,0.2494,161400.0,1.2288,0.3649,アドベンチャー,グロース（内国株式）,サービス業
6031,2026-10-01,283.0,0.0143,-0.0139,-0.0139,0.072,-0.0128,0.0391,281.72,268.0667,True,0.0045,0.6969,406.0758,218.0,0.0371,0.1901,28300.0,0.4785,0.219,ＺＥＴＡ,グロース（内国株式）,サービス業
6033,2026-10-01,1682.0,0.0048,-0.0255,-0.0024,0.2014,-0.0012,0.1686,1700.28,1590.3067,True,-0.0108,0.9365,1796.0,1185.3543,0.0258,0.4277,168200.0,0.8298,0.3016,エクストリーム,グロース（内国株式）,サービス業
6034,2026-10-01,599.0,-0.0492,0.0274,-0.0626,-0.0492,-0.0614,-0.0821,611.84,624.7067,False,-0.021,0.8389,714.0,571.0,0.0353,0.0573,59900.0,1.7808,0.298,ＭＲＴ,グロース（内国株式）,サービス業
6035,2026-10-01,751.0,0.0246,0.0094,0.0,0.0416,0.0012,0.0088,734.4459,721.3486,True,0.0225,0.8517,881.8059,693.0,0.0202,0.2536,75100.0,1.3265,0.4086,アイ・アールジャパンホールディングス,スタンダード（内国株式）,サービス業
6036,2026-10-01,3400.0,-0.0029,-0.0272,0.0089,0.2152,0.0101,0.1823,3471.4,3065.1317,True,-0.0206,0.9007,3775.0,2423.4784,0.0304,4.9336,340000.0,0.6855,0.3536,ＫｅｅＰｅｒ技研,プライム（内国株式）,サービス業
6037,2026-10-01,1089.0,-0.0046,0.0,0.0055,-0.0336,0.0067,-0.0664,1072.6,1054.0961,True,0.0153,0.7487,1454.5382,875.4295,0.0292,0.5563,108900.0,1.2792,0.2674,楽待,スタンダード（内国株式）,サービス業
6038,2026-10-01,842.0,-0.0024,0.0084,0.0108,0.0565,0.012,0.0236,830.0,831.9245,False,0.0145,0.8348,1008.667,790.0,0.0109,0.0362,84200.0,0.4213,0.2496,イード,グロース（内国株式）,サービス業
6039,2026-10-01,1014.0,0.0181,0.002,-0.0315,-0.0203,-0.0304,-0.0531,1013.04,1030.92,True,0.0009,0.6318,1605.0,866.358,0.0196,0.4244,101400.0,0.6034,0.2518,日本動物高度医療センター,グロース（内国株式）,サービス業
6040,2026-10-01,458.0,0.0,-0.0022,-0.0214,-0.0834,-0.0202,-0.1162,462.8,476.1529,True,-0.0104,0.7759,590.2997,425.1521,0.0195,0.1135,45800.0,0.588,0.2016,日本スキー場開発,グロース（内国株式）,サービス業
6044,2026-10-01,1890.0,0.0043,0.0,-0.0283,0.1531,-0.0271,0.1203,1892.16,1813.3467,True,-0.0011,0.7861,2404.3373,1441.0,0.015,0.093,189000.0,0.3944,0.297,三機サービス,スタンダード（内国株式）,サービス業
6045,2026-10-01,2103.0,-0.0653,0.0109,-0.1353,0.3781,-0.1341,0.3453,2208.9601,1816.4534,True,-0.048,0.8345,2520.0,1359.0,0.0519,0.746,210300.0,1.5471,0.3756,レントラックス,グロース（内国株式）,サービス業
6046,2026-10-01,144.0,0.007,-0.0649,-0.1,0.1707,-0.0988,0.1379,151.76,134.3333,True,-0.0511,0.64,225.0,108.0,0.0312,0.1219,14400.0,0.2579,0.3556,リンクバル,スタンダード（内国株式）,サービス業
6047,2026-10-01,379.0,-0.0079,-0.0207,-0.1124,-0.167,-0.1113,-0.1999,396.28,406.8133,False,-0.0436,0.5379,704.6201,345.0,0.0209,0.2952,37900.0,0.3973,0.227,Ｇｕｎｏｓｙ,スタンダード（内国株式）,サービス業
6049,2026-10-01,249.0,-0.008,0.0,0.0081,0.0081,0.0093,-0.0248,249.84,247.6267,False,-0.0034,0.8272,301.0,239.0,0.0207,0.0417,24900.0,0.6216,0.2528,イトクロ,グロース（内国株式）,サービス業
6050,2026-10-01,1674.0,-0.0095,-0.0564,-0.0762,-0.0136,-0.075,-0.0464,1781.13,1740.67,True,-0.0601,0.7991,2094.9506,1594.0,0.0138,0.4379,167400.0,1.6739,0.6144,イー・ガーディアン,プライム（内国株式）,サービス業
6054,2026-10-01,110.0,0.0,-0.009,-0.0517,-0.0179,-0.0506,-0.0507,111.96,111.8533,False,-0.0175,0.6322,174.0,103.0,0.0188,0.019,11000.0,0.3626,0.1931,リブセンス,スタンダード（内国株式）,サービス業
6055,2026-10-01,2395.0,0.0404,0.0301,0.114,-0.0382,0.1151,-0.071,2181.2,2309.4933,True,0.098,0.8646,2770.0,1471.4164,0.0418,12.757,239500.0,0.8228,0.4244,ジャパンマテリアル,プライム（内国株式）,サービス業
6058,2026-10-01,1975.0,0.0228,0.0308,-0.0973,0.059,-0.0962,0.0261,1982.12,1839.0667,True,-0.0036,0.8872,2226.0,1026.6598,0.0353,9.8577,197500.0,0.8417,0.1922,ベクトル,プライム（内国株式）,サービス業
6059,2026-10-01,370.0,0.0082,0.0193,0.0137,0.0882,0.0149,0.0554,365.28,352.5333,True,0.0129,0.8951,413.3531,320.679,0.0173,0.0366,37000.0,1.2613,0.2639,ウチヤマホールディングス,スタンダード（内国株式）,サービス業
6061,2026-10-01,3155.0,0.0032,-0.0016,-0.0454,0.1883,-0.0442,0.1555,3187.2,2938.3651,True,-0.0101,0.9085,3472.6831,2498.5407,0.0243,0.1243,315500.0,0.5478,0.2737,ユニバーサル園芸社,スタンダード（内国株式）,サービス業
6062,2026-10-01,1408.0,-0.0078,-0.0126,0.0028,0.0707,0.004,0.0379,1413.28,1373.8876,True,-0.0037,0.9418,1495.0,1030.5349,0.0221,1.3585,140800.0,0.9547,0.2253,チャーム・ケア・コーポレーション,プライム（内国株式）,サービス業
6069,2026-10-01,664.0,-0.0134,-0.0221,-0.0501,0.0122,-0.0489,-0.0207,680.28,662.9067,True,-0.0239,0.6396,1038.2222,578.0,0.0188,0.0994,66400.0,0.4482,0.232,トレンダーズ,グロース（内国株式）,サービス業
6070,2026-10-01,2560.0,-0.0058,0.0095,-0.0262,0.1454,-0.0251,0.1126,2558.6,2410.8267,True,0.0005,0.952,2689.0,2086.0,0.0147,1.2037,256000.0,1.7393,0.3141,キャリアリンク,プライム（内国株式）,サービス業
6071,2026-10-01,902.0,0.0181,-0.0131,-0.0575,0.1219,-0.0563,0.089,901.72,853.8133,True,0.0003,0.9242,976.0,659.0,0.026,2.1422,90200.0,0.7548,0.3116,ＩＢＪ,プライム（内国株式）,サービス業
6072,2026-10-01,1045.0,0.0029,-0.0324,-0.0577,-0.0188,-0.0566,-0.0516,1062.2,1035.4533,False,-0.0162,0.5337,1958.0,149.0,0.0569,5.3904,104500.0,0.9264,0.2928,地盤ネットホールディングス,スタンダード（内国株式）,サービス業
6073,2026-10-01,1395.0,-0.0148,-0.0467,-0.0816,-0.0412,-0.0805,-0.0741,1502.703,1483.2877,True,-0.0717,0.8383,1664.1206,1306.0,0.0169,0.3173,139500.0,1.9232,0.6529,アサンテ,プライム（内国株式）,サービス業
6074,2026-10-01,504.0,-0.0079,0.001,-0.0233,0.0286,-0.0221,-0.0043,513.2992,507.3397,True,-0.0181,0.8442,597.0,468.0,0.0094,0.0416,50400.0,2.857,0.3589,ジェイエスエス,スタンダード（内国株式）,サービス業
6078,2026-10-01,1541.0,-0.0013,-0.0172,-0.0655,0.037,-0.0643,0.0042,1572.08,1516.6255,True,-0.0198,0.826,1865.6893,1307.9431,0.0151,0.493,154100.0,1.1562,0.3015,バリューＨＲ,プライム（内国株式）,サービス業
6080,2026-10-01,4285.0,0.0118,0.0198,-0.0035,0.2191,-0.0023,0.1862,4185.4626,3889.8209,True,0.0238,0.9739,4400.0,2894.0,0.0269,3.6102,428500.0,1.0504,0.3032,Ｍ＆Ａキャピタルパートナーズ,プライム（内国株式）,サービス業
6081,2026-10-01,142.0,0.0,0.0071,-0.1497,-0.1341,-0.1485,-0.167,153.08,157.32,False,-0.0724,0.3047,466.0,136.0,0.0714,1.9906,14200.0,0.5371,0.1282,アライドアーキテクツ,グロース（内国株式）,サービス業
6082,2026-10-01,991.0,0.0061,0.001,-0.0246,0.0,-0.0234,-0.0329,1002.24,995.04,True,-0.0112,0.9474,1046.0,962.0,0.009,0.2262,99100.0,1.1847,0.2576,ライドオンエクスプレスホールディングス,スタンダード（内国株式）,サービス業
6083,2026-10-01,1446.0,-0.1474,-0.1383,-0.1439,0.007,-0.1427,-0.0259,1632.36,1542.0133,True,-0.1142,0.816,1772.0,915.3792,0.0422,0.9947,144600.0,1.3021,0.5338,ＥＲＩホールディングス,スタンダード（内国株式）,サービス業
6085,2026-10-01,90.0,-0.0426,-0.25,-0.5694,-0.6234,-0.5682,-0.6563,157.8,175.2267,False,-0.4297,0.125,720.0,24.4,0.173,9.263,9000.0,0.7482,0.4046,アーキテクツ・スタジオ・ジャパン,グロース（内国株式）,サービス業
6086,2026-10-01,1009.0,-0.0079,-0.0242,-0.0251,-0.0146,-0.024,-0.0475,1023.4,1029.6933,False,-0.0141,0.7945,1270.0,962.0,0.0212,0.2727,100900.0,1.0535,0.2287,シンメンテホールディングス,グロース（内国株式）,サービス業
6087,2026-10-01,3350.0,0.003,-0.0296,-0.0523,-0.0059,-0.0512,-0.0388,3514.9369,3455.1123,True,-0.0469,0.9318,3595.0,3075.0,0.0137,0.1353,335000.0,2.2044,0.6416,アビスト,スタンダード（内国株式）,サービス業
6088,2026-10-01,581.0,0.0017,-0.0136,0.0229,0.0431,0.024,0.0102,565.76,558.8533,True,0.0269,0.639,909.2362,501.0,0.0215,2.4336,58100.0,0.9167,0.216,シグマクシス・ホールディングス,プライム（内国株式）,サービス業
6089,2026-10-01,1159.0,-0.0017,-0.0069,-0.0382,0.1038,-0.037,0.071,1164.56,1108.36,True,-0.0048,0.9109,1272.4222,950.2167,0.013,0.4299,115900.0,0.7072,0.2588,ウィルグループ,プライム（内国株式）,サービス業
6090,2026-10-01,618.0,0.0,0.0065,-0.0032,0.0082,-0.0021,-0.0247,616.32,607.2409,False,0.0027,0.8304,744.218,564.4787,0.0151,0.0196,61800.0,0.531,0.2885,ヒューマン・メタボローム・テクノロジーズ,スタンダード（内国株式）,サービス業
6091,2026-10-01,950.0,-0.0186,-0.0433,0.0579,0.0367,0.0591,0.0039,924.36,901.5838,True,0.0277,0.935,1016.0,764.5746,0.0259,0.301,95000.0,0.7062,0.3449,ウエスコホールディングス,スタンダード（内国株式）,サービス業
6092,2026-10-01,781.0,0.0,-0.0487,-0.1002,0.1047,-0.0991,0.0718,822.88,768.12,True,-0.0509,0.774,1009.0,543.7103,0.0199,0.1726,78100.0,0.8963,0.456,エンバイオ・ホールディングス,スタンダード（内国株式）,サービス業
6093,2026-10-01,162.0,-0.0061,-0.0061,-0.0182,0.0061,-0.017,-0.0268,161.3993,158.8543,True,0.0037,0.8088,200.2909,122.3612,0.0172,0.1166,16200.0,1.0757,0.2872,ミトラグループ,スタンダード（内国株式）,サービス業
6094,2026-10-01,506.0,-0.0156,-0.0453,-0.1306,-0.0344,-0.1294,-0.0672,545.36,543.2667,False,-0.0722,0.6357,796.0,490.0,0.0196,0.3609,50600.0,2.7486,0.2619,フリークアウト・ホールディングス,グロース（内国株式）,サービス業
6098,2026-10-01,16755.0,-0.0024,0.048,-0.0802,0.4407,-0.079,0.4078,16640.8575,14106.0858,True,0.0069,0.9198,18215.0,6028.4183,0.0343,748.9692,1675500.0,1.0366,0.279,リクルートホールディングス,プライム（内国株式）,サービス業
6099,2026-10-01,712.0,-0.0084,-0.026,-0.0507,-0.0619,-0.0495,-0.0948,731.4,746.9867,True,-0.0265,0.8787,810.2817,654.0,0.0153,0.5897,71200.0,0.886,0.3203,エラン,プライム（内国株式）,サービス業
6101,2026-10-01,5520.0,0.0435,0.082,0.0376,-0.2932,0.0388,-0.3261,5131.1162,6265.9721,False,0.0758,0.6396,8630.0,2259.2047,0.038,14.9677,552000.0,0.6205,0.3959,ツガミ,プライム（内国株式）,機械
6103,2026-10-01,4835.0,0.0115,0.0739,0.0073,0.0094,0.0084,-0.0235,4599.7291,4795.1097,True,0.0511,0.8468,5710.0,3220.6386,0.0254,18.7272,483500.0,0.8159,0.4565,オークマ,プライム（内国株式）,機械
6104,2026-10-01,4845.0,0.0073,0.0609,0.0767,0.0544,0.0778,0.0216,4470.5349,4420.7783,True,0.0838,0.9371,5170.0,3608.9539,0.0254,7.5621,484500.0,1.0971,0.5535,芝浦機械,プライム（内国株式）,機械
6113,2026-10-01,2622.0,0.0268,0.0684,0.0133,-0.1335,0.0145,-0.1664,2479.8251,2751.6484,False,0.0573,0.8133,3224.0,1717.2921,0.0261,54.5402,262200.0,0.898,0.5276,アマダ,プライム（内国株式）,機械
6118,2026-10-01,1234.0,0.0165,0.0335,0.0458,0.0583,0.0469,0.0255,1236.76,1207.4133,True,-0.0022,0.906,1362.0,864.5189,0.0233,3.5129,123400.0,1.0994,0.2675,アイダエンジニアリング,プライム（内国株式）,機械
6125,2026-10-01,5040.0,0.0338,0.0663,0.0577,-0.0786,0.0589,-0.1115,4721.1177,5082.9059,False,0.0675,0.8456,5960.0,3690.0,0.0271,1.5003,504000.0,0.4821,0.4573,岡本工作機械製作所,スタンダード（内国株式）,機械
6134,2026-10-01,7991.0,0.0475,0.094,0.1201,-0.0543,0.1213,-0.0872,7097.7452,7627.3017,False,0.1259,0.8935,8943.0,2598.7814,0.0328,52.3436,799100.0,0.8819,0.5406,ＦＵＪＩ,プライム（内国株式）,機械
6135,2026-10-01,3225.0,0.0454,0.099,-0.7899,-0.7878,-0.7887,-0.8207,12263.5575,13958.1192,False,-0.737,0.1955,16500.0,2894.5859,0.3507,19.4404,322500.0,1.7821,1.0976,牧野フライス製作所,プライム（内国株式）,機械
6136,2026-10-01,3649.0,0.0145,0.0308,-0.0172,-0.0196,-0.0161,-0.0525,3568.04,3697.9067,True,0.0227,0.8641,4223.0,1952.2458,0.0233,11.7225,364900.0,0.8244,0.3477,オーエスジー,プライム（内国株式）,機械
6137,2026-10-01,1511.0,-0.0176,-0.0163,-0.0118,0.0155,-0.0106,-0.0174,1517.48,1501.36,False,-0.0043,0.637,2371.9801,1289.3742,0.0208,0.3365,151100.0,0.592,0.2349,小池酸素工業,スタンダード（内国株式）,機械
6138,2026-10-01,2079.0,0.0034,0.0468,0.0107,0.8814,0.0119,0.8486,2007.28,1537.3867,True,0.0357,0.945,2200.0,814.111,0.0319,0.2213,207900.0,0.5518,0.27,ダイジェット工業,スタンダード（内国株式）,機械
6140,2026-10-01,1126.0,0.0009,0.0134,-0.0748,-0.0786,-0.0736,-0.1114,1149.2496,1187.0965,False,-0.0202,0.6567,1714.652,776.7818,0.0225,4.8889,112600.0,0.6164,0.2476,旭ダイヤモンド工業,プライム（内国株式）,機械
6141,2026-10-01,2922.0,0.0053,0.009,-0.0227,-0.1917,-0.0216,-0.2246,2886.0,3320.9583,False,0.0125,0.7342,3980.0,2270.6758,0.021,41.4751,292200.0,0.7603,0.4187,ＤＭＧ森精機,プライム（内国株式）,機械
6143,2026-10-01,1759.0,0.0245,0.0421,-0.0028,-0.0558,-0.0017,-0.0887,1694.0,1785.837,False,0.0384,0.8319,2114.5218,838.9688,0.0296,5.991,175900.0,0.5935,0.3654,ソディック,プライム（内国株式）,機械
6144,2026-10-01,2747.0,0.004,-0.016,-0.0628,-0.0468,-0.0616,-0.0797,2839.9136,2905.5979,True,-0.0327,0.7939,3460.0,1985.7663,0.0159,0.1463,274700.0,1.2304,0.3064,西部電機,スタンダード（内国株式）,機械
6145,2026-10-01,2843.0,0.0608,0.0842,0.1372,-0.0142,0.1384,-0.0471,2531.6128,2688.6309,False,0.123,0.8217,3460.0,2053.2701,0.0279,2.5338,284300.0,0.8406,0.5841,ＮＩＴＴＯＫＵ,スタンダード（内国株式）,機械
6146,2026-10-01,60440.0,0.052,0.1371,0.0399,-0.2136,0.0411,-0.2465,55274.0384,65181.6128,False,0.0935,0.6592,91680.0,42130.542,0.0357,787.0244,6044000.0,0.9258,0.4986,ディスコ,プライム（内国株式）,機械
6149,2026-10-01,2180.0,-0.0014,-0.0122,-0.0712,0.0168,-0.07,-0.0161,2234.92,2175.96,True,-0.0246,0.7623,2859.9041,1835.0,0.0165,0.1704,218000.0,0.5326,0.2917,小田原エンジニアリング,スタンダード（内国株式）,機械
6150,2026-10-01,2790.0,-0.0039,-0.0036,-0.0036,0.022,-0.0024,-0.0109,2792.8,2772.56,False,-0.001,0.8252,3381.168,2666.0,0.0048,0.0398,279000.0,1.5719,0.1957,タケダ機械,スタンダード（内国株式）,機械
6151,2026-10-01,1705.0,-0.0041,-0.0189,-0.0235,0.0018,-0.0223,-0.0311,1730.7408,1716.3936,True,-0.0149,0.8895,1916.8772,1536.466,0.0146,0.2602,170500.0,1.1113,0.2691,日東工器,プライム（内国株式）,機械
6155,2026-10-01,544.0,0.0018,0.0112,0.0093,0.099,0.0104,0.0661,539.4004,517.9735,True,0.0085,0.9784,556.0,440.296,0.0156,0.0331,54400.0,0.5415,0.3632,高松機械工業,スタンダード（内国株式）,機械
6156,2026-10-01,1888.0,0.0096,0.0283,0.0118,0.106,0.0129,0.0732,1849.6,1835.5333,False,0.0208,0.9526,1981.9082,1636.0719,0.013,0.1846,188800.0,0.4463,0.2898,エーワン精密,スタンダード（内国株式）,機械
6157,2026-10-01,816.0,0.0049,0.0174,-0.0366,-0.1053,-0.0354,-0.1381,822.5593,882.4131,False,-0.008,0.7945,1027.0,735.1772,0.0145,0.6026,81600.0,0.7417,0.2198,日進工具,スタンダード（内国株式）,機械
6158,2026-10-01,1029.0,0.0049,0.0231,-0.0077,0.0663,-0.0066,0.0335,1025.02,995.46,True,0.0039,0.7782,1322.2389,821.242,0.0179,0.0441,102900.0,1.0875,0.3415,和井田製作所,スタンダード（内国株式）,機械
6159,2026-10-01,1851.0,0.0005,-0.0449,0.0283,0.0125,0.0295,-0.0203,1908.6172,1888.258,False,-0.0302,0.6389,2897.0855,1652.213,0.0571,0.0668,185100.0,1.5545,0.4124,ミクロン精密,スタンダード（内国株式）,機械
6161,2026-10-01,1055.0,0.0038,0.0086,0.0019,0.0144,0.0031,-0.0184,1050.24,1052.8,True,0.0045,0.9328,1131.0,948.5253,0.013,0.0453,105500.0,0.577,0.1969,エスティック,スタンダード（内国株式）,機械
6165,2026-10-01,540.0,-0.0055,-0.0001,-0.027,0.0822,-0.0259,0.0493,543.1198,520.3599,True,-0.0057,0.9326,579.0,392.6351,0.0167,0.2844,54000.0,0.6016,0.2876,パンチ工業,スタンダード（内国株式）,機械
6166,2026-10-01,613.0,-0.0081,-0.0712,-0.1142,-0.2328,-0.113,-0.2656,656.28,656.52,True,-0.0659,0.5108,1200.1354,245.3919,0.028,0.5897,61300.0,0.2237,0.3792,中村超硬,グロース（内国株式）,機械
6167,2026-10-01,1016.0,0.002,0.0079,-0.0315,0.004,-0.0303,-0.0289,1005.0,998.88,True,0.0109,0.651,1560.7143,788.5714,0.019,0.5069,101600.0,0.5993,0.3215,冨士ダイス,プライム（内国株式）,機械
6171,2026-10-01,370.0,-0.008,-0.0107,-0.008,-0.0212,-0.0069,-0.054,372.68,377.6097,False,-0.0072,0.697,530.8592,370.0,0.0097,0.0591,37000.0,0.6794,0.252,土木管理総合試験所,スタンダード（内国株式）,サービス業
6176,2026-10-01,993.0,0.003,-0.016,-0.0489,0.09,-0.0477,0.0572,1037.7101,960.0234,True,-0.0431,0.7592,1308.0,655.0674,0.0287,2.2477,99300.0,1.1578,0.3523,ブランジスタ,スタンダード（内国株式）,サービス業
6177,2026-10-01,87.0,0.0,0.0357,0.0357,0.1013,0.0369,0.0684,84.96,82.0933,False,0.024,0.3321,262.0,72.0,0.0386,0.3906,8700.0,0.9362,0.3277,ＡｐｐＢａｎｋ,グロース（内国株式）,サービス業
6178,2026-10-01,2509.0,-0.0112,0.0215,0.009,0.1213,0.0102,0.0885,2486.6092,2382.9631,True,0.009,0.9639,2603.0,1373.25,0.025,131.9818,250900.0,1.0442,0.2072,日本郵政,プライム（内国株式）,サービス業
6180,2026-10-01,3805.0,0.0066,0.0256,-0.0181,0.0718,-0.0169,0.039,3814.4,3751.9333,True,-0.0025,0.6427,5920.5081,3440.0,0.0141,0.0449,380500.0,1.0682,0.2987,ＧＭＯメディア,グロース（内国株式）,サービス業
6181,2026-10-01,87.0,-0.0114,-0.0333,-0.0333,0.1013,-0.0322,0.0684,89.48,82.2133,True,-0.0277,0.6,145.0,68.0,0.0279,0.0718,8700.0,0.5197,0.2882,タメニー,グロース（内国株式）,サービス業
6182,2026-10-01,553.0,0.0073,0.0356,0.0594,0.0147,0.0605,-0.0182,518.52,503.3067,True,0.0665,0.8132,680.0,378.0,0.0185,0.1219,55300.0,0.5665,0.4895,メタリアル,グロース（内国株式）,サービス業
6183,2026-10-01,1318.0,-0.0045,-0.0365,-0.0552,-0.0301,-0.054,-0.0629,1368.0257,1349.8674,False,-0.0366,0.8658,1522.3548,1203.8983,0.0171,3.6523,131800.0,1.0507,0.3854,ベルシステム２４ホールディングス,プライム（内国株式）,サービス業
6184,2026-10-01,613.0,0.0251,0.0116,0.0234,0.2359,0.0245,0.203,594.4,545.08,True,0.0313,0.9792,625.9966,444.0,0.0281,1.0416,61300.0,1.0183,0.2149,鎌倉新書,プライム（内国株式）,サービス業
6185,2026-10-01,366.0,0.0,0.0,-0.0081,-0.0567,-0.007,-0.0896,366.84,375.68,False,-0.0023,0.7038,520.0,344.0,0.0115,0.0232,36600.0,0.7138,0.1898,ＳＭＮ,スタンダード（内国株式）,サービス業
6186,2026-10-01,373.0,0.0,0.0081,-0.0286,-0.008,-0.0275,-0.0408,376.523,378.0143,True,-0.0094,0.9325,400.0,354.4777,0.0112,0.0084,37300.0,1.1359,0.3308,一蔵,スタンダード（内国株式）,サービス業
6189,2026-10-01,990.0,-0.007,-0.0031,-0.0341,0.0102,-0.033,-0.0227,1009.2863,999.2421,True,-0.0191,0.8985,1101.7914,696.5911,0.0143,0.1716,99000.0,2.2211,0.326,グローバルキッズＣＯＭＰＡＮＹ,スタンダード（内国株式）,サービス業
6190,2026-10-01,317.0,0.0,0.0428,-0.0704,-0.0306,-0.0692,-0.0634,321.96,338.3467,False,-0.0154,0.4378,724.0,296.0,0.0311,0.0268,31700.0,1.3819,0.2739,フェニックスバイオ,グロース（内国株式）,サービス業
6191,2026-10-01,1453.0,0.0218,0.058,0.7785,0.7894,0.7796,0.7566,1122.7511,935.6104,True,0.2941,0.8218,1768.0,660.0,0.0982,17.0398,145300.0,2.7193,0.3276,エアトリ,プライム（内国株式）,サービス業
6193,2026-10-01,1064.0,-0.0256,-0.1111,-0.1066,0.0629,-0.1055,0.0301,1181.28,1079.7067,True,-0.0993,0.8532,1247.0,916.0,0.0348,0.148,106400.0,2.0611,0.4757,バーチャレクス・ホールディングス,グロース（内国株式）,サービス業
6194,2026-10-01,941.0,-0.0095,0.0573,0.0514,0.3272,0.0526,0.2944,879.64,824.6533,True,0.0698,0.9823,958.0,618.0,0.0198,2.0765,94100.0,1.5382,0.5096,アトラエ,プライム（内国株式）,サービス業
6195,2026-10-01,201.0,-0.0195,-0.0007,-0.0195,-0.0429,-0.0184,-0.0757,202.1757,207.6986,False,-0.0058,0.7528,267.0,184.0,0.0159,0.0391,20100.0,0.704,0.2139,ホープ,グロース（内国株式）,サービス業
6196,2026-10-01,1415.0,0.0151,0.0425,-0.0295,0.1063,-0.0283,0.0735,1393.419,1341.2997,True,0.0155,0.9129,1550.0,1166.0,0.0234,6.0955,141500.0,1.073,0.404,ストライクグループ,プライム（内国株式）,サービス業
6198,2026-10-01,200.0,0.0,0.0152,-0.0196,-0.1379,-0.0185,-0.1708,202.2,216.9333,False,-0.0109,0.6667,300.0,196.0,0.0125,0.016,20000.0,1.0057,0.24,キャリア,グロース（内国株式）,サービス業
6199,2026-10-01,1323.0,-0.0171,-0.0557,-0.0543,0.0675,-0.0532,0.0346,1374.4855,1292.5167,True,-0.0375,0.7612,1738.0474,1077.3918,0.0332,0.2459,132300.0,0.9416,0.3346,セラク,スタンダード（内国株式）,情報・通信業
6200,2026-10-01,671.0,0.0151,-0.0268,-0.1029,0.0964,-0.1018,0.0635,710.0619,677.6873,True,-0.055,0.6764,992.0,564.0,0.027,3.4981,67100.0,1.1006,0.5288,インソース,プライム（内国株式）,サービス業
6203,2026-10-01,2530.0,0.0352,0.0305,0.627,0.6125,0.6282,0.5796,2060.52,1700.76,True,0.2278,0.8214,3080.0,1046.189,0.1439,188.7294,253000.0,1.7739,0.1681,豊和工業,スタンダード（内国株式）,機械
6208,2026-10-01,1782.0,-0.0166,0.0006,0.0741,0.036,0.0753,0.0032,1725.4,1709.96,False,0.0328,0.5736,3106.629,1394.267,0.075,7.0248,178200.0,1.6981,0.2418,石川製作所,スタンダード（内国株式）,機械
6209,2026-10-01,3915.0,-0.0114,0.0115,-0.0176,-0.0114,-0.0164,-0.0442,3909.2,3939.1333,True,0.0015,0.8938,4380.3242,2875.4864,0.0165,3.5386,391500.0,1.042,0.2702,リケンＮＰＲ,プライム（内国株式）,機械
6217,2026-10-01,803.0,0.005,-0.0255,-0.0497,-0.1253,-0.0485,-0.1581,795.32,834.5333,False,0.0097,0.2963,2710.0,331.0,0.0388,0.4793,80300.0,0.3713,0.3179,津田駒工業,スタンダード（内国株式）,機械
6218,2026-10-01,668.0,0.0121,0.0198,0.0309,0.0487,0.032,0.0158,650.32,632.36,True,0.0272,0.9625,694.0,471.4591,0.0165,0.0298,66800.0,0.3356,0.2727,エンシュウ,スタンダード（内国株式）,機械
6222,2026-10-01,904.0,-0.0066,-0.0153,-0.0642,0.0261,-0.063,-0.0067,940.0064,921.3488,True,-0.0383,0.8321,1086.4688,848.2941,0.021,1.3555,90400.0,0.7619,0.3639,島精機製作所,プライム（内国株式）,機械
6223,2026-10-01,1956.0,0.0067,-0.0071,0.0124,-0.1073,0.0136,-0.1401,1938.84,2054.7067,False,0.0089,0.7381,2650.0,1548.6936,0.0183,0.5295,195600.0,0.611,0.198,西部技研,スタンダード（内国株式）,機械
6224,2026-10-01,1189.0,0.0085,-0.0092,-0.0511,-0.0959,-0.0499,-0.1287,1199.0173,1210.2228,False,-0.0084,0.6683,1779.2303,1068.2457,0.0184,0.268,118900.0,0.437,0.2508,ＪＲＣ,グロース（内国株式）,機械
6226,2026-10-01,2233.0,-0.0022,0.0403,0.0063,-0.0119,0.0075,-0.0448,2203.1025,2281.1408,True,0.0136,0.6981,3198.8963,1817.0,0.0298,2.1872,223300.0,0.4252,0.2262,守谷輸送機工業,スタンダード（内国株式）,機械
6227,2026-10-01,7680.0,0.0421,0.1619,0.2152,0.0847,0.2163,0.0519,6327.2,6669.8486,False,0.2138,0.8256,9301.9944,1433.766,0.0565,64.1484,768000.0,0.9977,0.5664,ＡＩメカテック,スタンダード（内国株式）,機械
6228,2026-10-01,704.0,-0.0236,0.3037,0.4397,0.3159,0.4408,0.283,540.72,538.8933,False,0.302,0.6573,1071.0,473.0,0.0532,0.514,70400.0,1.7373,0.5851,ジェイ・イー・ティ,スタンダード（内国株式）,機械
6229,2026-10-01,1485.0,0.0047,-0.0034,-0.0262,-0.008,-0.0251,-0.0409,1487.48,1521.24,False,-0.0017,0.6366,2332.8655,1395.0,0.0171,0.1656,148500.0,0.4978,0.2208,オーケーエム,スタンダード（内国株式）,機械
6230,2026-10-01,2161.0,0.0,0.0052,0.0098,-0.0391,0.011,-0.072,2159.8352,2179.0251,True,0.0005,0.9196,2350.0,1971.7964,0.0101,0.0229,216100.0,0.5979,0.2327,ＳＡＮＥＩ,スタンダード（内国株式）,機械
6231,2026-10-01,12250.0,-0.0089,0.0124,-0.0548,0.047,-0.0536,0.0142,12321.2,12336.0,True,-0.0058,0.7292,16799.5534,10150.0,0.0276,1.6288,1225000.0,1.1135,0.3108,木村工機,スタンダード（内国株式）,機械
6232,2026-10-01,1300.0,-0.0046,-0.0434,-0.1602,-0.2503,-0.159,-0.2831,1389.88,1626.6667,False,-0.0647,0.3148,4130.0,836.0,0.0497,12.5307,130000.0,1.1211,0.3372,ＡＣＳＬ,グロース（内国株式）,機械
6233,2026-10-01,396.0,-0.0075,0.0001,-0.0125,0.0312,-0.0113,-0.0016,399.718,392.026,True,-0.0093,0.8656,457.5067,373.0,0.0146,0.0329,39600.0,1.489,0.4148,ＫＬＡＳＳ,スタンダード（内国株式）,機械
6235,2026-10-01,2791.0,0.0272,0.098,0.0536,-0.2587,0.0548,-0.2916,2546.44,3121.1211,False,0.096,0.5725,4875.2826,1509.8863,0.035,7.8981,279100.0,0.8358,0.5383,オプトラン,プライム（内国株式）,機械
6237,2026-10-01,4085.0,0.0,0.0124,-0.0121,0.0355,-0.0109,0.0026,3998.7912,4250.4637,True,0.0216,0.6774,6030.0,2280.4158,0.0261,2.3008,408500.0,0.3232,0.2939,イワキポンプ,プライム（内国株式）,機械
6238,2026-10-01,1418.0,0.005,-0.0227,-0.0098,0.0246,-0.0086,-0.0083,1430.0,1394.12,True,-0.0084,0.9555,1484.0,972.8199,0.0261,1.5828,141800.0,0.9836,0.2509,フリュー,プライム（内国株式）,機械
6239,2026-10-01,1430.0,-0.0104,-0.0014,-0.0104,0.0809,-0.0092,0.048,1444.04,1376.2717,True,-0.0097,0.783,1826.2577,1236.3258,0.0297,0.0722,143000.0,0.8872,0.3624,ナガオカ,スタンダード（内国株式）,機械
6240,2026-10-01,515.0,0.0,0.002,-0.0516,0.0198,-0.0504,-0.0131,526.7962,526.0121,False,-0.0224,0.619,831.9518,462.5221,0.0221,1.5833,51500.0,1.1168,0.2094,ヤマシンフィルタ,プライム（内国株式）,機械
6245,2026-10-01,1819.0,-0.0022,0.018,-0.022,0.0072,-0.0209,-0.0257,1822.7434,1778.2878,False,-0.0021,0.6927,2626.0,1493.53,0.0231,0.9313,181900.0,0.5231,0.1692,ヒラノテクシード,スタンダード（内国株式）,機械
6246,2026-10-01,1798.0,-0.0039,0.0034,-0.0339,-0.0527,-0.0327,-0.0855,1827.7379,1843.766,True,-0.0163,0.8746,2055.7227,1651.0,0.013,0.106,179800.0,0.7441,0.3407,テクノスマート,スタンダード（内国株式）,機械
6247,2026-10-01,1658.0,0.0085,-0.0207,-0.0885,-0.0784,-0.0874,-0.1112,1723.6438,1711.8146,True,-0.0381,0.8857,1872.0,1279.5793,0.0261,1.1329,165800.0,1.1184,0.3045,日阪製作所,プライム（内国株式）,機械
6248,2026-10-01,1773.0,0.0006,-0.0231,0.019,0.0017,0.0201,-0.0312,1753.3174,1761.3058,True,0.0112,0.7609,2330.0,1552.5205,0.0134,0.0183,177300.0,1.4369,0.4241,横田製作所,スタンダード（内国株式）,機械
6249,2026-10-01,2752.0,-0.0104,-0.0276,-0.0361,0.1187,-0.0349,0.0858,2832.5512,2649.0904,True,-0.0284,0.8866,3103.9915,2231.0,0.0193,0.1966,275200.0,1.2116,0.3182,ゲームカードホールディングス,スタンダード（内国株式）,機械
6250,2026-10-01,4325.0,0.0058,-0.0259,-0.0193,0.1352,-0.0181,0.1023,4360.2,4058.0452,True,-0.0081,0.9382,4610.0,2379.5263,0.031,5.0888,432500.0,0.9345,0.2457,やまびこ,プライム（内国株式）,機械
6254,2026-10-01,3545.0,0.0158,0.0596,0.0042,-0.2457,0.0054,-0.2786,3410.4296,4013.4099,False,0.0395,0.6445,5500.0,2470.1501,0.0302,16.1143,354500.0,0.7154,0.4205,野村マイクロ・サイエンス,プライム（内国株式）,機械
6255,2026-10-01,769.0,0.0816,0.1393,0.1325,0.0645,0.1337,0.0317,675.3623,677.4686,False,0.1386,0.8768,877.1015,556.8116,0.0306,1.5569,76900.0,0.9721,0.4851,エヌ・ピー・シー,グロース（内国株式）,機械
6257,2026-10-01,1000.0,-0.0099,0.0051,-0.0244,-0.001,-0.0232,-0.0339,1012.6721,1010.4774,True,-0.0125,0.9288,1076.6732,951.0,0.0126,0.2964,100000.0,1.4304,0.3186,藤商事,スタンダード（内国株式）,機械
6258,2026-10-01,3840.0,0.0013,0.0119,0.0726,0.2508,0.0738,0.218,3584.6,3270.6933,True,0.0712,0.9552,4020.0,1816.2139,0.032,9.574,384000.0,0.7704,0.411,平田機工,プライム（内国株式）,機械
6262,2026-10-01,525.0,-0.0076,0.0113,-0.0242,0.0194,-0.023,-0.0134,527.3345,530.6582,False,-0.0044,0.5082,1033.0,500.0,0.0195,0.2684,52500.0,1.0863,0.2513,ＰＥＧＡＳＵＳ,スタンダード（内国株式）,機械
6264,2026-10-01,2126.0,0.0437,0.1219,0.063,-0.2095,0.0642,-0.2424,1939.2454,2160.5961,False,0.0963,0.6685,3180.416,838.5443,0.0364,8.9275,212600.0,0.5425,0.5042,マルマエ,プライム（内国株式）,機械
6265,2026-10-01,3200.0,-0.0139,-0.0093,0.0191,-0.1233,0.0203,-0.1561,3120.6,3294.335,False,0.0254,0.7702,4155.0,2215.4117,0.0189,0.0356,320000.0,0.3034,0.4639,コンバム,スタンダード（内国株式）,機械
6266,2026-10-01,4190.0,0.0567,0.1263,0.1887,-0.1243,0.1898,-0.1572,3561.4,4093.0667,False,0.1765,0.7632,5490.0,1840.1081,0.0403,7.6606,419000.0,0.595,0.5801,タツモ,プライム（内国株式）,機械
6267,2026-10-01,4195.0,0.0182,0.0232,0.0397,0.1099,0.0408,0.0771,4056.6,3912.2848,True,0.0341,0.9649,4347.5,3292.4929,0.0084,0.0314,419500.0,0.9562,0.6505,ゼネラルパッカー,スタンダード（内国株式）,機械
6268,2026-10-01,4975.0,0.0114,0.0454,0.0789,-0.0462,0.0801,-0.0791,4594.72,4876.4054,False,0.0828,0.8204,6063.8753,3136.3096,0.0278,43.2102,497500.0,0.8638,0.4645,ナブテスコ,プライム（内国株式）,機械
6269,2026-10-01,8757.0,-0.0168,-0.0412,-0.0979,-0.0331,-0.0967,-0.066,9331.64,9726.774,False,-0.0616,0.5325,16443.6757,7519.6134,0.0322,59.35,875700.0,0.9926,0.2753,三井海洋開発,プライム（内国株式）,機械
6272,2026-10-01,1500.0,0.002,0.0081,-0.0458,0.0081,-0.0446,-0.0248,1527.1521,1510.5174,True,-0.0178,0.9107,1647.0,1341.1871,0.015,0.8528,150000.0,0.8527,0.3299,レオン自動機,プライム（内国株式）,機械
6273,2026-10-01,73420.0,0.018,0.0794,0.0383,0.0102,0.0395,-0.0227,68868.4609,71228.287,True,0.0661,0.8459,86800.0,42242.0959,0.0275,193.7722,7342000.0,1.1117,0.3697,ＳＭＣ,プライム（内国株式）,機械
6276,2026-10-01,347.0,-0.0142,-0.0672,-0.0672,0.1194,-0.066,0.0865,361.92,334.04,True,-0.0412,0.4819,720.0,230.0,0.0338,0.1697,34700.0,0.1936,0.2732,シリウスビジョン,スタンダード（内国株式）,電気機器
6277,2026-10-01,6610.0,0.0296,0.0909,0.1825,0.3504,0.1836,0.3175,5780.6877,5287.8959,True,0.1435,0.9616,6874.2029,4705.0,0.0371,4.133,661000.0,2.1748,0.5014,ホソカワミクロン,プライム（内国株式）,機械
6278,2026-10-01,15990.0,0.0618,0.1221,0.1324,-0.2577,0.1336,-0.2905,13824.0,17540.9123,False,0.1567,0.5909,27059.014,6404.4652,0.0414,27.8229,1599000.0,0.7599,0.5558,ユニオンツール,プライム（内国株式）,機械
6279,2026-10-01,949.0,-0.0011,0.0053,0.0204,0.0703,0.0216,0.0374,926.68,910.3106,True,0.0241,0.9306,1019.8149,838.2983,0.012,0.1789,94900.0,1.1106,0.4314,瑞光,プライム（内国株式）,機械
6282,2026-10-01,2830.0,-0.0018,-0.0331,-0.0358,0.0093,-0.0346,-0.0236,2900.4914,2861.2705,True,-0.0243,0.944,2998.0,2005.8526,0.0173,5.1053,283000.0,2.238,0.3619,オイレス工業,プライム（内国株式）,機械
6284,2026-10-01,8530.0,0.0095,0.0264,-0.0469,-0.0808,-0.0458,-0.1137,8551.2224,9052.1408,False,-0.0025,0.8298,10280.0,5970.0,0.0215,2.8086,853000.0,0.9465,0.1892,日精エー・エス・ビー機械,プライム（内国株式）,機械
6286,2026-10-01,1519.0,0.0007,0.0248,0.0053,0.1186,0.0065,0.0857,1504.6907,1434.5502,True,0.0095,0.8068,1882.7295,955.7405,0.0123,0.0403,151900.0,0.6002,0.3359,靜甲,スタンダード（内国株式）,機械
6287,2026-10-01,2707.0,0.0037,0.0144,-0.0485,0.149,-0.0473,0.1161,2732.0193,2559.4598,True,-0.0092,0.9176,2950.0,2053.0,0.0169,2.6761,270700.0,0.7345,0.2156,サトー,プライム（内国株式）,機械
6289,2026-10-01,2023.0,0.006,0.0466,0.0476,0.1719,0.0488,0.139,1921.8038,1856.1487,True,0.0527,0.8067,2507.7732,1341.7073,0.0208,1.3379,202300.0,0.9977,0.4357,技研製作所,プライム（内国株式）,機械
6291,2026-10-01,1341.0,0.0075,0.0015,-0.024,0.0339,-0.0229,0.0011,1346.4,1324.2667,True,-0.004,0.9444,1420.0,1136.7291,0.0149,0.2789,134100.0,0.4957,0.286,日本エアーテック,スタンダード（内国株式）,機械
6292,2026-10-01,851.0,0.0107,0.0273,0.0,0.0455,0.0012,0.0126,846.4994,833.1398,True,0.0053,0.9578,888.495,717.6306,0.013,0.0294,85100.0,0.6153,0.3288,カワタ,スタンダード（内国株式）,機械
6294,2026-10-01,1931.0,-0.0026,0.002,-0.0238,-0.035,-0.0226,-0.0678,1956.2131,1977.951,False,-0.0129,0.7824,2468.0316,1894.3183,0.0096,0.3246,193100.0,0.5696,0.2683,オカダアイヨン,プライム（内国株式）,機械
6298,2026-10-01,1285.0,0.0338,0.0289,-0.0213,-0.0661,-0.0202,-0.099,1276.3496,1285.3299,False,0.0068,0.8072,1592.0,796.935,0.0252,1.485,128500.0,0.4066,0.2596,ワイエイシイホールディングス,プライム（内国株式）,機械
6301,2026-10-01,7594.0,-0.0051,0.067,0.021,0.1884,0.0221,0.1556,7367.1121,6953.664,True,0.0308,0.9831,7724.7949,4841.791,0.0274,230.3351,759400.0,1.2174,0.3593,小松製作所,プライム（内国株式）,機械
6302,2026-10-01,6106.0,0.0183,0.0312,0.0599,0.163,0.061,0.1302,5791.12,5540.1002,True,0.0544,0.9728,6276.5875,3291.8181,0.0287,49.9211,610600.0,1.1069,0.4011,住友重機械工業,プライム（内国株式）,機械
6305,2026-10-01,5620.0,0.0023,0.0116,-0.0201,0.0795,-0.0189,0.0467,5747.5842,5521.6081,True,-0.0222,0.7922,7094.6083,4234.1801,0.0224,66.3877,562000.0,0.6352,0.2032,日立建機,プライム（内国株式）,機械
6306,2026-10-01,1022.0,0.0109,0.0331,0.002,0.1001,0.0031,0.0673,1005.9315,970.4438,True,0.016,0.9706,1053.0,714.8664,0.0148,0.9181,102200.0,0.8275,0.301,日工,プライム（内国株式）,機械
6307,2026-10-01,461.0,-0.0128,-0.0086,-0.0592,0.1162,-0.058,0.0834,478.52,456.8,True,-0.0366,0.6075,758.8336,365.1887,0.0208,0.0374,46100.0,0.3767,0.2612,サンセイ,スタンダード（内国株式）,機械
6309,2026-10-01,1953.0,-0.0015,-0.0056,-0.0501,0.0778,-0.0489,0.045,2014.24,1926.24,True,-0.0304,0.8899,2194.5902,1514.3735,0.0181,2.3966,195300.0,1.3067,0.3083,巴工業,プライム（内国株式）,機械
6310,2026-10-01,1900.0,-0.0099,-0.035,0.0221,0.0747,0.0232,0.0418,1914.84,1854.9733,True,-0.0077,0.7926,2397.2789,1503.0,0.0284,2.5067,190000.0,0.6206,0.2726,井関農機,プライム（内国株式）,機械
6315,2026-10-01,2417.0,0.0518,0.1113,0.0338,-0.2609,0.0349,-0.2937,2228.2,2680.8267,False,0.0847,0.6471,3735.0,1856.3739,0.0339,62.86,241700.0,0.6718,0.4549,ＴＯＷＡ,プライム（内国株式）,機械
6316,2026-10-01,2848.0,0.0018,-0.0227,-0.057,0.0544,-0.0558,0.0216,2973.6475,2787.1758,True,-0.0423,0.9027,3155.0,2075.0,0.0252,0.334,284800.0,1.4153,0.4132,丸山製作所,スタンダード（内国株式）,機械
6317,2026-10-01,2538.0,-0.0059,0.0073,0.4022,0.5161,0.4034,0.4833,2093.6659,1842.9686,True,0.2122,0.9864,2573.0,1455.1758,0.0427,2.6315,253800.0,3.5353,0.2565,北川鉄工所,スタンダード（内国株式）,機械
6322,2026-10-01,1603.0,0.0,0.0177,0.0126,-0.0031,0.0138,-0.036,1589.3667,1602.2822,True,0.0086,0.8505,1884.8707,1492.1893,0.0085,0.0192,160300.0,0.7961,0.2925,タクミナ,スタンダード（内国株式）,機械
6323,2026-10-01,4225.0,0.0552,0.14,0.0399,-0.1013,0.041,-0.1341,3778.84,4188.5467,False,0.1181,0.8127,5199.0,1861.7619,0.0416,47.6004,422500.0,0.6178,0.5232,ローツェ,プライム（内国株式）,機械
6324,2026-10-01,6610.0,0.0296,0.0426,0.1416,-0.187,0.1428,-0.2198,5942.0094,6663.2031,False,0.1124,0.7224,9150.0,2414.0469,0.0428,59.9491,661000.0,0.6355,0.336,ハーモニック・ドライブ・システムズ,プライム（内国株式）,機械
6325,2026-10-01,419.0,0.0,0.0122,0.0,0.0528,0.0012,0.0199,417.0366,406.8789,True,0.0047,0.9035,463.7713,374.2267,0.0097,0.0268,41900.0,1.3054,0.3196,タカキタ,スタンダード（内国株式）,機械
6326,2026-10-01,2721.0,-0.0154,-0.0107,-0.0721,0.0144,-0.071,-0.0185,2827.38,2766.1032,True,-0.0376,0.8406,3237.1196,1770.7431,0.0264,134.7707,272100.0,1.0093,0.297,クボタ,プライム（内国株式）,機械
6327,2026-10-01,3280.0,0.0061,0.038,0.0547,-0.5773,0.0558,-0.6102,3096.68,4126.471,False,0.0592,0.346,9480.0,769.1816,0.0425,5.8483,328000.0,0.3431,0.4325,北川精機,スタンダード（内国株式）,機械
6328,2026-10-01,2504.0,0.0179,0.0473,0.0508,0.0369,0.0519,0.004,2385.88,2391.3979,True,0.0495,0.8515,2940.7734,1954.8875,0.019,1.7516,250400.0,0.8042,0.433,荏原実業,プライム（内国株式）,機械
6330,2026-10-01,2750.0,0.0159,0.0417,0.0319,0.3487,0.0331,0.3158,2682.76,2275.1867,True,0.0251,0.3139,8760.0,1443.0,0.0634,192.9136,275000.0,1.2584,0.2334,東洋エンジニアリング,プライム（内国株式）,建設業
6331,2026-10-01,3070.0,-0.0683,-0.067,-0.0669,-0.1736,-0.0657,-0.2065,3267.2604,3419.6201,False,-0.0604,0.7344,4180.0,2538.8424,0.0313,5.1478,307000.0,1.0092,0.4001,三菱化工機,プライム（内国株式）,機械
6332,2026-10-01,2686.0,0.0327,0.0114,-0.0482,0.0331,-0.047,0.0002,2721.4177,2692.5259,True,-0.013,0.7747,3467.0584,2345.1893,0.028,4.6843,268600.0,1.8951,0.2704,月島ホールディングス,プライム（内国株式）,機械
6333,2026-10-01,3590.0,0.0028,0.0241,0.0421,0.1675,0.0432,0.1346,3459.5775,3292.7258,True,0.0377,0.9908,3623.368,2691.0,0.0232,1.3707,359000.0,1.0265,0.2479,ＴＥＩＫＯＫＵ,プライム（内国株式）,機械
6334,2026-10-01,488.0,0.0167,0.0383,-0.024,0.0295,-0.0228,-0.0033,488.44,479.6933,True,-0.0009,0.9242,528.0,296.485,0.0231,0.016,48800.0,0.3033,0.257,明治機械,スタンダード（内国株式）,機械
6335,2026-10-01,582.0,-0.0152,-0.0034,-0.0202,-0.1128,-0.019,-0.1457,587.92,631.3467,False,-0.0101,0.7275,800.0,446.0,0.0189,0.1186,58200.0,0.1926,0.2091,東京機械製作所,スタンダード（内国株式）,機械
6336,2026-10-01,1525.0,0.0297,0.0283,-0.1671,-0.1423,-0.166,-0.1752,1642.56,1717.72,True,-0.0716,0.6665,2288.0,613.4582,0.0603,2.2596,152500.0,0.6677,0.2359,石井表記,スタンダード（内国株式）,機械
6337,2026-10-01,3795.0,0.0299,0.0796,0.1311,0.4836,0.1323,0.4507,3417.3721,2950.404,True,0.1105,0.9909,3830.0,1827.7292,0.0422,1.3316,379500.0,0.3652,0.4588,テセック,スタンダード（内国株式）,機械
6338,2026-10-01,1734.0,0.0321,0.0648,0.0427,0.0496,0.0439,0.0168,1656.8571,1634.459,False,0.0466,0.878,1975.0,1197.0,0.0233,0.1843,173400.0,0.5888,0.3809,タカトリ,スタンダード（内国株式）,機械
6339,2026-10-01,1152.0,-0.0078,-0.0327,-0.0376,-0.0392,-0.0364,-0.0721,1186.436,1190.7453,False,-0.029,0.8794,1310.0,895.0,0.022,2.4674,115200.0,1.8911,0.3154,新東工業,プライム（内国株式）,機械
6340,2026-10-01,5580.0,0.0036,0.0164,0.009,0.2568,0.0102,0.2239,5351.6,4760.8372,True,0.0427,0.9876,5650.0,3016.3558,0.0259,3.2901,558000.0,0.857,0.3535,澁谷工業,プライム（内国株式）,機械
6342,2026-10-01,2869.0,-0.0086,-0.018,-0.0356,0.0283,-0.0345,-0.0045,2917.6779,2864.2526,True,-0.0167,0.6674,4298.542,2600.0,0.0116,0.0149,286900.0,0.3463,0.2924,太平製作所,スタンダード（内国株式）,機械
6343,2026-10-01,150.0,0.0,0.0274,-0.0196,-0.0323,-0.0185,-0.0651,148.8,147.8,True,0.0081,0.6544,229.2159,123.5773,0.0181,0.0681,15000.0,0.681,0.2579,フリージア・マクロス,スタンダード（内国株式）,機械
6345,2026-10-01,1438.0,-0.0035,0.0026,-0.0277,0.0466,-0.0266,0.0137,1452.3271,1414.6024,True,-0.0099,0.9664,1488.0,1243.5224,0.0159,2.1363,143800.0,0.919,0.2359,アイチ　コーポレーション,プライム（内国株式）,機械
6347,2026-10-01,244.0,-0.0201,-0.0201,-0.0758,-0.0469,-0.0746,-0.0797,251.84,255.7867,False,-0.0311,0.5208,468.4717,228.0,0.0228,0.0292,24400.0,0.609,0.4487,プラコー,スタンダード（内国株式）,機械
6349,2026-10-01,1954.0,0.001,0.0035,-0.0412,0.307,-0.0401,0.2742,1987.3791,1785.513,True,-0.0168,0.9435,2071.0,1387.0,0.0196,3.1386,195400.0,0.858,0.2505,小森コーポレーション,プライム（内国株式）,機械
6351,2026-10-01,2584.0,0.0016,-0.0137,-0.0096,0.0945,-0.0084,0.0616,2543.3127,2375.7709,True,0.016,0.9562,2702.4397,1863.5746,0.0296,1.7054,258400.0,1.0558,0.3116,鶴見製作所,プライム（内国株式）,機械
6356,2026-10-01,1381.0,-0.0072,0.0176,0.0383,-0.0956,0.0395,-0.1285,1350.0831,1405.521,False,0.0229,0.6063,2277.5692,657.2784,0.072,13.1417,138100.0,3.7137,0.377,日本ギア工業,スタンダード（内国株式）,機械
6357,2026-10-01,2670.0,-0.0151,-0.0201,-0.0309,0.0836,-0.0297,0.0507,2711.0465,2541.2688,True,-0.0151,0.9372,2849.0,1937.2847,0.0276,1.0066,267000.0,0.9155,0.2658,三精テクノロジーズ,スタンダード（内国株式）,機械
6358,2026-10-01,2106.0,0.0043,-0.0102,-0.0241,0.0125,-0.0229,-0.0204,2145.5741,2136.1247,True,-0.0184,0.9093,2315.9664,1932.3996,0.0136,0.4509,210600.0,1.102,0.3979,酒井重工業,プライム（内国株式）,機械
6361,2026-10-01,4757.0,0.0093,0.0548,0.0162,-0.2057,0.0174,-0.2386,4507.96,5381.2813,False,0.0552,0.6941,6853.6091,3013.1816,0.0336,137.7992,475700.0,0.9103,0.3971,荏原製作所,プライム（内国株式）,機械
6363,2026-10-01,2945.0,-0.0041,0.0078,-0.016,-0.0312,-0.0149,-0.0641,2937.4983,2953.4728,True,0.0026,0.8102,3635.0,1794.4349,0.0227,5.2489,294500.0,0.9195,0.3376,酉島製作所,プライム（内国株式）,機械
6364,2026-10-01,2520.0,0.0076,-0.0016,-0.0385,0.3498,-0.0374,0.3169,2516.6214,2251.4605,True,0.0013,0.9039,2788.0,1586.0,0.0237,1.4888,252000.0,0.7218,0.2726,ＡＩＲＭＡＮ,プライム（内国株式）,機械
6365,2026-10-01,5600.0,-0.0018,0.0142,-0.0106,0.037,-0.0094,0.0042,5611.6617,5502.2872,True,-0.0021,0.8974,6240.0,4798.7253,0.0115,0.0336,560000.0,0.6447,0.369,電業社機械製作所,スタンダード（内国株式）,機械
6366,2026-10-01,677.0,0.0015,-0.0059,-0.0571,-0.0203,-0.0559,-0.0531,701.04,700.1867,False,-0.0343,0.3699,1830.0,369.0,0.0314,11.7661,67700.0,0.7347,0.2631,千代田化工建設,スタンダード（内国株式）,建設業
6367,2026-10-01,20985.0,0.0029,0.0216,-0.008,-0.1641,-0.0069,-0.197,20758.0895,22629.8965,False,0.0109,0.7937,26440.0,16604.3262,0.0161,228.94,2098500.0,0.8929,0.257,ダイキン工業,プライム（内国株式）,機械
6368,2026-10-01,2585.0,0.0117,0.0663,-0.8011,-0.8386,-0.7999,-0.8714,10161.0989,13591.7663,False,-0.7456,0.1283,20145.0,2385.0916,0.3799,33.714,258500.0,2.5352,1.0193,オルガノ,プライム（内国株式）,機械
6369,2026-10-01,2353.0,-0.0059,-0.0094,-0.0531,-0.0535,-0.052,-0.0864,2425.6507,2426.7102,True,-0.03,0.747,3150.0,2105.0,0.0205,2.0807,235300.0,0.8463,0.2385,トーヨーカネツ,プライム（内国株式）,機械
6370,2026-10-01,7848.0,0.0121,0.0316,-0.0293,-0.1376,-0.0282,-0.1704,7739.0128,8486.7509,False,0.0141,0.7912,9919.0,4898.9873,0.0193,44.0041,784800.0,0.9945,0.3579,栗田工業,プライム（内国株式）,機械
6371,2026-10-01,2654.0,0.003,0.0003,-0.0235,0.0095,-0.0224,-0.0233,2685.9493,2650.5164,True,-0.0119,0.9438,2812.0,1970.5163,0.0175,5.0472,265400.0,1.1646,0.3021,椿本チエイン,プライム（内国株式）,機械
6376,2026-10-01,3550.0,-0.0042,0.0187,-0.0571,-0.0967,-0.0559,-0.1295,3526.2,3745.1116,True,0.0067,0.7837,4530.0,1401.2408,0.0371,14.7259,355000.0,0.7363,0.4705,日機装,プライム（内国株式）,精密機器
6378,2026-10-01,1184.0,-0.0042,-0.0125,-0.0303,-0.015,-0.0291,-0.0478,1191.92,1214.5733,False,-0.0066,0.6228,1901.1904,940.8455,0.0257,1.7848,118400.0,0.7931,0.2005,木村化工機,スタンダード（内国株式）,機械
6379,2026-10-01,989.0,0.001,0.0155,-0.6789,-0.5719,-0.6777,-0.6047,2524.571,2553.2303,True,-0.6083,0.3076,3215.0,926.7713,0.208,6.9271,98900.0,2.4622,1.1049,レイズネクスト,プライム（内国株式）,建設業
6380,2026-10-01,3485.0,0.0043,-0.04,-0.0948,-0.2577,-0.0936,-0.2906,3838.8126,4062.5375,False,-0.0922,0.6371,5470.0,2015.1745,0.0386,0.5077,348500.0,0.6461,0.431,オリエンタルチエン工業,スタンダード（内国株式）,機械
6381,2026-10-01,1894.0,0.0074,0.009,-0.0473,0.1044,-0.0461,0.0715,1929.183,1830.141,True,-0.0182,0.9376,2020.0,1434.0772,0.0157,1.467,189400.0,0.7708,0.2315,アネスト岩田,プライム（内国株式）,機械
6382,2026-10-01,1226.0,-0.0145,0.0188,-0.02,-0.0192,-0.0188,-0.0521,1233.7859,1231.822,False,-0.0063,0.862,1422.2046,1083.5844,0.0136,0.1926,122600.0,0.9029,0.3089,トリニティ工業,スタンダード（内国株式）,機械
6383,2026-10-01,5832.0,0.018,0.0563,0.0048,-0.1945,0.006,-0.2273,5613.56,6228.6633,False,0.0389,0.7464,7813.1246,4522.6046,0.0231,93.4735,583200.0,0.9803,0.3749,ダイフク,プライム（内国株式）,機械
6384,2026-10-01,1735.0,0.0134,0.0029,0.0152,-0.0225,0.0164,-0.0554,1714.16,1694.12,True,0.0122,0.8943,1940.0,1297.1476,0.0156,0.1391,173500.0,0.5131,0.1963,昭和真空,スタンダード（内国株式）,機械
6387,2026-10-01,9160.0,0.0269,0.1508,0.0409,-0.2992,0.0421,-0.332,8388.0,10360.6271,False,0.092,0.5464,16763.1472,3401.1465,0.0509,12.1672,916000.0,1.6819,0.4009,サムコ,プライム（内国株式）,機械
6390,2026-10-01,1307.0,-0.0015,0.0123,-0.0411,0.0406,-0.0399,0.0077,1330.7232,1309.4277,True,-0.0178,0.7507,1741.0894,1172.0,0.0151,0.7697,130700.0,1.0023,0.3447,加藤製作所,プライム（内国株式）,機械
6391,2026-10-01,4865.0,-0.0132,0.0157,-0.0102,0.1032,-0.009,0.0703,4779.0,4524.2667,True,0.018,0.9267,5250.0001,3207.2368,0.0192,0.0771,486500.0,0.7967,0.354,加地テック,スタンダード（内国株式）,機械
6392,2026-10-01,7930.0,-0.0038,0.0203,0.0038,0.1106,0.005,0.0778,7878.5538,7552.7179,True,0.0065,0.9559,8295.7816,5006.4218,0.0151,0.093,793000.0,0.613,0.6056,ヤマダコーポレーション,スタンダード（内国株式）,機械
6393,2026-10-01,3070.0,0.0115,0.0181,0.0099,0.0645,0.011,0.0316,3045.8194,3004.1931,True,0.0079,0.9323,3292.989,2709.1876,0.0109,0.0602,307000.0,0.6678,0.2811,油研工業,スタンダード（内国株式）,機械
6395,2026-10-01,1347.0,0.0007,-0.0168,-0.0281,0.0623,-0.027,0.0294,1375.4,1341.9487,True,-0.0206,0.88,1530.7488,955.4123,0.0241,4.1652,134700.0,0.7865,0.2374,タダノ,プライム（内国株式）,機械
6400,2026-10-01,313.0,0.0162,0.0262,0.083,0.2085,0.0842,0.1756,293.76,276.12,True,0.0655,0.9069,345.15,255.0,0.0253,0.0815,31300.0,1.6448,0.4288,不二精機,スタンダード（内国株式）,機械
6402,2026-10-01,1609.0,-0.0165,-0.0159,-0.0037,0.0901,-0.0026,0.0573,1612.4,1536.24,True,-0.0021,0.783,2054.8144,1298.0,0.013,0.0414,160900.0,0.3399,0.3116,兼松エンジニアリング,スタンダード（内国株式）,機械
6405,2026-10-01,1328.0,0.0099,0.0838,0.085,0.2505,0.0861,0.2176,1232.0975,1121.4725,True,0.0778,0.8524,1557.8828,983.0,0.0203,0.327,132800.0,0.8461,0.5125,鈴茂器工,スタンダード（内国株式）,機械
6407,2026-10-01,5640.0,0.033,0.0846,0.0089,-0.244,0.0101,-0.2768,5273.8,6227.0,False,0.0694,0.6771,8330.0,2423.2636,0.0396,26.3355,564000.0,0.732,0.4054,ＣＫＤ,プライム（内国株式）,機械
6408,2026-10-01,4245.0,-0.0082,-0.0128,0.0035,0.0666,0.0047,0.0337,4285.6,4207.2,False,-0.0095,0.8257,5141.3045,3456.9153,0.01,0.0208,424500.0,0.9231,0.5294,小倉クラッチ,スタンダード（内国株式）,機械
6412,2026-10-01,2071.0,-0.0147,-0.0399,-0.0671,0.0376,-0.066,0.0047,2187.6778,2114.1326,True,-0.0533,0.9176,2257.0,1750.0,0.0181,8.0603,207100.0,1.6291,0.4805,平和,プライム（内国株式）,機械
6413,2026-10-01,1044.0,0.0087,-0.0132,-0.0866,0.0471,-0.0855,0.0143,1078.36,1049.8,True,-0.0319,0.8398,1243.1394,945.0,0.0192,1.0255,104400.0,0.8066,0.275,理想科学工業,プライム（内国株式）,機械
6417,2026-10-01,2066.5,0.0073,-0.0016,0.0291,0.2764,0.0303,0.2435,2044.1039,1833.888,True,0.011,0.7295,2832.6546,1526.0,0.0227,25.013,206650.0,1.3752,0.2835,ＳＡＮＫＹＯ,プライム（内国株式）,機械
6418,2026-10-01,1251.0,0.0048,0.0047,-0.0227,0.2598,-0.0215,0.227,1237.8742,1138.6247,True,0.0106,0.9434,1326.0,890.0,0.0213,1.5696,125100.0,1.0181,0.2751,日本金銭機械,プライム（内国株式）,機械
6419,2026-10-01,3045.0,-0.0016,-0.0146,-0.0587,-0.0225,-0.0576,-0.0553,3165.8283,3111.0894,True,-0.0382,0.9338,3260.728,2771.0,0.0164,2.13,304500.0,1.2179,0.4817,マースグループホールディングス,プライム（内国株式）,機械
6420,2026-10-01,3380.0,-0.016,-0.0343,-0.0425,0.0135,-0.0413,-0.0194,3491.0,3416.6667,True,-0.0318,0.8617,3922.2591,3150.5072,0.0184,1.5798,338000.0,1.1161,0.3701,ガリレイホールディングス,プライム（内国株式）,機械
6424,2026-10-01,888.0,0.0034,-0.0078,-0.0155,0.0195,-0.0144,-0.0133,895.44,889.4933,True,-0.0083,0.9195,965.699,856.0,0.0084,0.0137,88800.0,0.6711,0.3333,高見沢サイバネティックス,スタンダード（内国株式）,機械
6425,2026-10-01,711.0,-0.0014,-0.0193,-0.0405,0.0922,-0.0393,0.0593,725.84,692.4667,False,-0.0204,0.6896,1031.0,612.0,0.0313,1.2959,71100.0,0.6951,0.3006,ユニバーサルエンターテインメント,スタンダード（内国株式）,機械
6428,2026-10-01,330.0,0.0061,0.003,0.0061,0.0577,0.0073,0.0248,327.04,319.32,True,0.0091,0.9365,352.3775,300.245,0.0136,0.034,33000.0,0.9668,0.2,オーイズミ,スタンダード（内国株式）,機械
6430,2026-10-01,2372.0,-0.0025,-0.0268,-0.077,0.0404,-0.0759,0.0075,2476.0186,2375.6462,True,-0.042,0.7949,2983.8679,2034.0,0.0146,1.1456,237200.0,1.1367,0.4194,ダイコク電機,プライム（内国株式）,機械
6432,2026-10-01,7320.0,0.0027,0.0027,-0.0394,0.027,-0.0382,-0.0058,7379.8158,7329.1653,True,-0.0081,0.934,7837.1614,4793.5481,0.0222,13.9933,732000.0,0.6559,0.2211,竹内製作所,プライム（内国株式）,機械
6433,2026-10-01,1291.0,0.0078,-0.0486,0.1129,0.239,0.1141,0.2061,1192.8,1083.3067,False,0.0823,0.4872,2650.0,325.0,0.0892,4.0938,129100.0,2.4969,0.3222,ヒーハイスト,スタンダード（内国株式）,機械
6436,2026-10-01,3784.0,-0.0034,-0.0094,-0.0459,0.0197,-0.0447,-0.0132,3901.5075,3812.9292,True,-0.0301,0.8774,4312.849,3453.0,0.0133,10.7625,378400.0,1.2794,0.3525,アマノ,プライム（内国株式）,機械
6440,2026-10-01,854.0,-0.015,0.0824,0.1845,0.6205,0.1856,0.5876,743.92,622.7867,True,0.148,0.9639,886.0,401.7505,0.0389,2.9982,85400.0,1.1422,0.563,ＪＵＫＩ,プライム（内国株式）,機械
6444,2026-10-01,190.0,0.0,-0.0404,-0.0155,0.1801,-0.0144,0.1473,189.12,174.16,True,0.0047,0.9005,211.0,118.0,0.0376,0.2161,19000.0,1.1659,0.35,サンデン,スタンダード（内国株式）,機械
6445,2026-10-01,1348.0,-0.0175,0.0078,-0.0507,-0.0059,-0.0495,-0.0388,1378.3555,1354.4785,True,-0.022,0.917,1470.0,1049.1984,0.0205,0.4883,134800.0,0.9062,0.2206,ジャノメ,プライム（内国株式）,機械
6448,2026-10-01,4660.0,0.015,0.009,-0.0501,0.2612,-0.049,0.2283,4657.6323,4226.9841,True,0.0005,0.9208,5061.0,2383.1575,0.024,55.8733,466000.0,1.2683,0.3204,ブラザー工業,プライム（内国株式）,電気機器
6454,2026-10-01,1870.0,0.0147,-0.0037,0.0075,0.0878,0.0087,0.055,1872.72,1789.0933,True,-0.0015,0.9526,1963.0,1315.5097,0.0214,5.072,187000.0,1.0347,0.2825,マックス,プライム（内国株式）,機械
6455,2026-10-01,2428.0,-0.0098,-0.019,-0.0311,0.0249,-0.03,-0.008,2486.7467,2440.8356,True,-0.0236,0.8202,2960.2012,2166.338,0.0171,1.7199,242800.0,1.0757,0.3999,モリタホールディングス,プライム（内国株式）,輸送用機器
6457,2026-10-01,4407.0,0.0147,-0.0061,-0.0919,0.093,-0.0907,0.0602,4539.1265,4401.0022,True,-0.0291,0.8841,4985.0,3458.2531,0.0234,8.5412,440700.0,0.8782,0.1968,グローリー,プライム（内国株式）,機械
6458,2026-10-01,1221.0,0.0091,0.0001,-0.0317,-0.0286,-0.0306,-0.0615,1235.9903,1240.7168,False,-0.0121,0.7718,1582.096,1166.0,0.0145,2.4938,122100.0,0.8446,0.3337,新晃工業,プライム（内国株式）,機械
6459,2026-10-01,1653.0,-0.0048,-0.0207,-0.0495,0.0055,-0.0483,-0.0274,1666.84,1679.9639,False,-0.0083,0.8094,2042.3598,1427.6398,0.0171,1.319,165300.0,0.7703,0.3119,だいわ,プライム（内国株式）,機械
6460,2026-10-01,3367.0,0.012,0.0414,0.0854,0.4607,0.0866,0.4279,3197.4968,2725.3389,True,0.053,0.9839,3422.0,2078.0,0.0287,34.1799,336700.0,1.0084,0.2464,セガサミーホールディングス,プライム（内国株式）,機械
6463,2026-10-01,1526.0,-0.0065,-0.0106,-0.0563,0.0709,-0.0551,0.038,1565.9283,1491.6828,True,-0.0255,0.9232,1653.0,1114.8562,0.0189,2.2043,152600.0,1.0166,0.2636,ＴＰＲ,プライム（内国株式）,機械
6464,2026-10-01,338.0,0.003,-0.0117,0.0,-0.1333,0.0012,-0.1662,341.28,367.8933,False,-0.0096,0.6774,499.0,281.0,0.0258,1.0479,33800.0,0.4697,0.1951,ツバキ・ナカシマ,プライム（内国株式）,機械
6465,2026-10-01,5239.0,-0.003,-0.0207,-0.0804,-0.0542,-0.0792,-0.087,5445.6,5485.0924,True,-0.0379,0.8874,5904.0,4718.521,0.0175,18.8263,523900.0,0.9243,0.2301,ホシザキ,プライム（内国株式）,機械
6466,2026-10-01,4340.0,0.0188,0.0687,0.1302,-0.0534,0.1314,-0.0863,3942.2579,4128.286,False,0.1009,0.6856,6330.5898,2448.9637,0.0417,0.933,434000.0,1.0912,0.2848,ＴＶＥ,スタンダード（内国株式）,機械
6467,2026-10-01,353.0,0.0028,0.0172,0.0144,0.0828,0.0155,0.05,345.8823,335.6808,True,0.0206,0.9369,376.7901,312.0,0.0115,0.0177,35300.0,0.6445,0.3689,ニチダイ,スタンダード（内国株式）,機械
6469,2026-10-01,2925.0,-0.0003,0.0135,-0.0054,0.1752,-0.0043,0.1423,2853.68,2749.96,True,0.025,0.5773,5066.4777,1665.2685,0.0395,1.5329,292500.0,0.5291,0.2949,放電精密加工研究所,スタンダード（内国株式）,機械
6470,2026-10-01,1164.0,0.0078,0.0202,0.0256,0.0659,0.0267,0.0331,1113.2,1106.64,False,0.0456,0.9238,1260.0,636.0648,0.0218,0.9011,116400.0,0.9686,0.4601,大豊工業,スタンダード（内国株式）,機械
6471,2026-10-01,1103.5,0.0046,0.0203,-0.0054,-0.0487,-0.0043,-0.0816,1086.8009,1132.2603,False,0.0154,0.7854,1405.0,722.779,0.0193,26.5511,110350.0,0.9575,0.3209,日本精工,プライム（内国株式）,機械
6472,2026-10-01,382.6,0.0008,0.0055,0.0208,-0.0471,0.022,-0.0799,377.9723,390.3988,False,0.0122,0.7856,487.0,308.3805,0.0209,11.6509,38260.0006,0.8725,0.2677,ＮＴＮ,プライム（内国株式）,機械
6473,2026-10-01,2163.0,0.0091,0.0495,0.0058,0.0429,0.007,0.0101,2087.5952,2086.5317,True,0.0361,0.9552,2264.5,1366.7107,0.0247,27.102,216300.0,0.9812,0.3419,ジェイテクト,プライム（内国株式）,機械
6474,2026-10-01,5670.0,0.0198,0.0385,0.0089,-0.0503,0.0101,-0.0831,5464.0,5732.9333,False,0.0377,0.8302,6830.0,3549.9009,0.0242,3.3,567000.0,0.5806,0.4156,不二越,プライム（内国株式）,機械
6479,2026-10-01,3823.0,0.02,0.0692,0.1311,-0.1856,0.1322,-0.2184,3441.0575,3917.1792,False,0.111,0.7204,5307.0,2494.8736,0.0279,86.9087,382300.0,0.8368,0.4644,ミネベアミツミ,プライム（内国株式）,電気機器
6480,2026-10-01,1900.0,0.015,0.045,0.0579,-0.1067,0.0591,-0.1396,1743.1272,1900.1891,False,0.09,0.7364,2580.0,638.4751,0.037,11.7366,190000.0,0.7203,0.4823,日本トムソン,プライム（内国株式）,機械
6481,2026-10-01,6610.0,-0.0036,0.0601,-0.0036,-0.1107,-0.0025,-0.1436,6355.68,6935.8346,False,0.04,0.8121,8139.2173,3602.315,0.0301,65.6411,661000.0,0.9288,0.4563,ＴＨＫ,プライム（内国株式）,機械
6482,2026-10-01,721.0,0.0,-0.0041,-0.0322,0.0404,-0.0311,0.0075,718.16,705.6933,True,0.004,0.8836,815.9826,567.6401,0.0223,0.7166,72100.0,1.7834,0.2862,ＹＵＳＨＩＮ,スタンダード（内国株式）,機械
6484,2026-10-01,2216.0,0.0005,0.004,-0.0138,-0.065,-0.0126,-0.0978,2237.9636,2293.2545,False,-0.0098,0.8117,2730.1943,2058.5981,0.0126,0.0333,221600.0,0.513,0.3078,ＫＶＫ,スタンダード（内国株式）,機械
6485,2026-10-01,1682.0,0.006,0.0384,-0.0118,0.1001,-0.0106,0.0672,1655.6682,1586.6094,True,0.0159,0.9609,1750.4175,1360.0,0.0163,0.525,168200.0,1.2213,0.3201,前澤給装工業,スタンダード（内国株式）,機械
6488,2026-10-01,1045.0,-0.0038,0.0,0.0048,0.0795,0.006,0.0467,1043.28,998.9467,True,0.0016,0.952,1097.7319,860.6449,0.0113,0.0566,104500.0,0.7246,0.1265,ヨシタケ,スタンダード（内国株式）,機械
6490,2026-10-01,11100.0,0.0183,0.1089,0.0882,0.0745,0.0894,0.0417,9801.2,10006.1333,True,0.1325,0.9189,12080.0,3972.1162,0.0371,10.1171,1110000.0,0.8315,0.5653,ＰＩＬＬＡＲ,プライム（内国株式）,機械
6492,2026-10-01,15820.0,-0.01,0.0504,0.1439,-0.1549,0.145,-0.1878,14489.2252,15203.4751,False,0.0918,0.7194,21990.0,6566.3803,0.0596,2.9033,1582000.0,0.7306,0.2714,岡野バルブ製造,スタンダード（内国株式）,機械
6493,2026-10-01,471.0,-0.0167,-0.0087,-0.0801,0.0374,-0.0789,0.0046,491.9673,482.2024,False,-0.0426,0.5896,798.8627,436.0,0.0221,0.3019,47100.0,0.8031,0.327,ＮＩＴＴＡＮ,スタンダード（内国株式）,輸送用機器
6494,2026-10-01,100.0,0.0204,0.0,0.0309,0.0417,0.0321,0.0088,97.76,97.3333,False,0.0229,0.5525,181.0,83.0,0.0164,0.1559,10000.0,0.6037,0.2435,ＮＦＫホールディングス,スタンダード（内国株式）,機械
6495,2026-10-01,106.0,-0.0275,-0.045,-0.1017,-0.197,-0.1005,-0.2298,112.64,124.1333,False,-0.0589,0.3147,336.8664,106.0,0.0283,0.338,10600.0,0.9831,0.2333,宮入バルブ製作所,スタンダード（内国株式）,機械
6496,2026-10-01,5750.0,-0.0069,0.0035,0.0177,0.1651,0.0189,0.1323,5548.0,5329.1333,True,0.0364,0.6796,8460.5989,4430.0,0.0332,0.1915,575000.0,0.5622,0.2622,中北製作所,スタンダード（内国株式）,機械
6497,2026-10-01,1462.0,-0.0034,0.0281,0.0069,0.0902,0.008,0.0574,1453.84,1391.935,True,0.0056,0.9162,1595.7121,1122.8794,0.0267,0.1269,146200.0,1.8864,0.2969,ハマイ,スタンダード（内国株式）,機械
6498,2026-10-01,2075.0,0.0122,0.0411,0.0813,-0.1717,0.0824,-0.2045,1947.88,2192.9908,False,0.0653,0.7685,2699.978,1531.5482,0.0215,7.1449,207500.0,0.9031,0.4099,キッツ,プライム（内国株式）,機械
6501,2026-10-01,5510.0,0.0038,0.0075,0.0132,0.1801,0.0144,0.1473,5383.2006,5115.9869,True,0.0236,0.9177,6004.4257,3787.8138,0.0233,533.2864,551000.0,1.0102,0.3094,日立製作所,プライム（内国株式）,電気機器
6503,2026-10-01,5312.0,0.0206,0.013,-0.0489,-0.1016,-0.0477,-0.1345,5283.22,5622.2733,False,0.0054,0.7945,6686.0,3647.374,0.0229,315.3377,531200.0,1.0489,0.2528,三菱電機,プライム（内国株式）,電気機器
6504,2026-10-01,14540.0,0.0415,0.0961,0.0498,0.0827,0.051,0.0498,13347.6927,13609.4309,False,0.0893,0.8169,17800.0,9571.76,0.0292,89.2403,1454000.0,0.8144,0.5272,富士電機,プライム（内国株式）,電気機器
6505,2026-10-01,2413.0,-0.0155,-0.0155,-0.0127,0.2318,-0.0115,0.1989,2428.08,2276.1733,True,-0.0062,0.9516,2535.6741,1706.6854,0.0169,0.8553,241300.0,0.5885,0.3972,東洋電機製造,スタンダード（内国株式）,電気機器
6506,2026-10-01,4779.0,0.0315,0.0604,-0.0002,-0.3065,0.0009,-0.3393,4555.7961,5464.9151,False,0.049,0.6083,7856.6466,2970.9797,0.0282,147.9303,477900.0,0.5618,0.4152,安川電機,プライム（内国株式）,電気機器
6507,2026-10-01,13850.0,0.0214,0.0897,0.1045,-0.096,0.1056,-0.1288,12277.6,13600.5333,False,0.1281,0.8195,16900.0,7882.1208,0.0349,21.1258,1385000.0,1.0848,0.5964,シンフォニアテクノロジー,プライム（内国株式）,電気機器
6508,2026-10-01,11830.0,0.0251,0.0774,-0.0034,0.2479,-0.0022,0.215,11089.8123,10359.8041,True,0.0667,0.9271,12760.0,5298.0514,0.0319,24.8142,1183000.0,0.754,0.4499,明電舎,プライム（内国株式）,電気機器
6513,2026-10-01,1303.0,-0.0046,0.011,0.0474,0.202,0.0486,0.1692,1275.2215,1158.5405,True,0.0218,0.9374,1390.0,1020.8864,0.0206,0.2956,130300.0,0.5385,0.2825,オリジン,スタンダード（内国株式）,電気機器
6516,2026-10-01,5540.0,0.0091,0.0373,0.0018,-0.1503,0.003,-0.1832,5316.8758,5816.9586,False,0.042,0.703,7880.0,3160.0666,0.0262,4.8705,554000.0,0.7576,0.3709,山洋電気,プライム（内国株式）,電気機器
6517,2026-10-01,3985.0,-0.005,0.0024,-0.0432,0.0948,-0.0421,0.0619,4029.0,3876.6667,True,-0.0109,0.8425,4730.0,2721.7135,0.0183,1.789,398500.0,0.8257,0.2399,デンヨー,プライム（内国株式）,電気機器
6518,2026-10-01,1732.0,0.0046,0.0,-0.0372,-0.0577,-0.0361,-0.0905,1715.08,1861.6933,False,0.0099,0.6497,2666.0,902.0025,0.0273,0.1708,173200.0,0.6257,0.3045,三相電機,スタンダード（内国株式）,電気機器
6521,2026-10-01,3365.0,0.0354,0.0259,0.0322,-0.2378,0.0334,-0.2707,3197.88,3640.24,False,0.0523,0.4535,7420.0,1394.0,0.0382,4.0799,336500.0,0.5636,0.3377,オキサイド,グロース（内国株式）,電気機器
6522,2026-10-01,1277.0,0.0063,-0.0937,-0.4077,-0.3485,-0.4065,-0.3813,1601.32,1584.12,True,-0.2025,0.495,2580.0,338.0,0.0579,24.3454,127700.0,0.2141,0.3446,アスタリスク,グロース（内国株式）,電気機器
6523,2026-10-01,1684.0,0.1776,0.2247,0.0538,0.6271,0.055,0.5942,1419.7802,1232.2067,True,0.1861,0.9941,1694.0,924.5556,0.0384,17.6507,168400.0,2.0471,0.6468,ＰＨＣホールディングス,プライム（内国株式）,電気機器
6524,2026-10-01,5810.0,0.0661,0.0942,0.1667,0.1304,0.1678,0.0975,5015.0,4952.2161,False,0.1585,0.7534,7711.7518,2764.6722,0.0452,12.9121,581000.0,1.0183,0.4952,湖北工業,スタンダード（内国株式）,電気機器
6525,2026-10-01,10120.0,0.0566,0.1173,0.1517,-0.0297,0.1529,-0.0626,8745.9529,9084.7443,True,0.1571,0.8282,12220.0,3838.3785,0.0518,804.9512,1012000.0,1.1564,0.4389,ＫＯＫＵＳＡＩ　ＥＬＥＣＴＲＩＣ,プライム（内国株式）,電気機器
6526,2026-10-01,2191.0,0.0446,-0.0361,0.0966,-0.2083,0.0978,-0.2412,1998.0452,2236.0551,False,0.0966,0.6354,3448.155,1657.8999,0.0475,127.7495,219100.0,0.9866,0.4383,ソシオネクスト,プライム（内国株式）,電気機器
6532,2026-10-01,7627.0,-0.0082,-0.0057,-0.069,0.1731,-0.0678,0.1403,7707.3507,6945.4463,True,-0.0104,0.8579,8890.0742,3702.9728,0.0288,84.719,762700.0,0.8335,0.2336,ベイカレント,プライム（内国株式）,サービス業
6533,2026-10-01,1917.0,0.0191,0.5804,0.6055,0.6315,0.6067,0.5986,1269.52,1201.84,True,0.51,0.9771,1962.0,734.4092,0.0412,1.5652,191700.0,4.0094,1.0541,Ｏｒｃｈｅｓｔｒａ　Ｈｏｌｄｉｎｇｓ,プライム（内国株式）,サービス業
6535,2026-10-01,494.0,-0.014,-0.004,-0.0518,-0.0099,-0.0507,-0.0428,506.2,496.6766,True,-0.0241,0.7633,647.2004,421.9632,0.0246,1.6763,49400.0,0.5468,0.1318,アイモバイル,プライム（内国株式）,サービス業
6537,2026-10-01,314.0,-0.0032,0.0717,0.0717,0.0,0.0728,-0.0329,297.32,307.28,False,0.0561,0.6356,494.0,288.0,0.0293,0.3672,31400.0,4.205,0.6295,ＷＡＳＨハウス,グロース（内国株式）,サービス業
6538,2026-10-01,245.0,0.0,-0.0239,0.0338,0.0515,0.0349,0.0186,247.0,241.1067,True,-0.0081,0.6426,381.251,208.0,0.0204,0.1154,24500.0,0.9473,0.24,ディスラプターズ,スタンダード（内国株式）,サービス業
6539,2026-10-01,987.0,0.0061,-0.009,-0.0276,0.0324,-0.0264,-0.0004,999.52,982.32,True,-0.0125,0.9606,1027.523,907.0,0.0099,0.362,98700.0,0.7332,0.3168,ＭＳ－Ｊａｐａｎ,プライム（内国株式）,サービス業
6540,2026-10-01,1508.0,0.0013,-0.0066,-0.0137,0.0155,-0.0126,-0.0174,1514.96,1505.5467,True,-0.0046,0.7566,1993.0,1451.0,0.0119,0.2561,150800.0,1.4786,0.1952,船場,スタンダード（内国株式）,サービス業
6543,2026-10-01,1183.0,0.0008,0.0042,-0.0183,0.0023,-0.0171,-0.0306,1207.8236,1185.9664,True,-0.0206,0.826,1432.1538,1098.7498,0.0217,0.0283,118300.0,0.4004,0.2301,日宣,スタンダード（内国株式）,サービス業
6544,2026-10-01,1471.0,-0.0057,-0.0414,-0.0571,-0.1759,-0.0559,-0.2088,1503.3,1614.2067,False,-0.0215,0.7376,1994.3686,1413.0,0.0269,10.4497,147100.0,1.0515,0.2734,ジャパンエレベーターサービスホールディングス,プライム（内国株式）,サービス業
6545,2026-10-01,776.0,-0.0064,0.0039,-0.0537,0.043,-0.0525,0.0102,800.08,794.56,True,-0.0301,0.8556,907.0,581.8842,0.0215,0.058,77600.0,0.9731,0.1735,インターネットインフィニティー,グロース（内国株式）,サービス業
6546,2026-10-01,1181.0,-0.0067,0.0008,0.019,0.0498,0.0201,0.0169,1171.56,1143.4327,True,0.0081,0.9569,1234.2487,1074.639,0.0065,0.0169,118100.0,1.1571,0.3111,フルテック,スタンダード（内国株式）,サービス業
6547,2026-10-01,2053.0,-0.0087,-0.0366,-0.0362,-0.0334,-0.035,-0.0663,2126.44,2111.8573,True,-0.0345,0.7789,2635.8612,1831.4354,0.0227,0.8419,205300.0,0.5778,0.313,グリーンズ,スタンダード（内国株式）,サービス業
6548,2026-10-01,122.0,0.0,-0.0081,0.0,0.2979,0.0012,0.265,123.24,109.68,True,-0.0101,0.5596,218.0,86.0,0.0703,0.1615,12200.0,0.2056,0.1517,旅工房,グロース（内国株式）,サービス業
6549,2026-10-01,1120.0,0.0063,0.0212,0.0294,0.0182,0.0306,-0.0147,1100.3945,1112.5315,True,0.0178,0.8924,1255.0,699.4121,0.0183,0.0601,112000.0,0.6762,0.1915,ディーエムソリューションズ,スタンダード（内国株式）,サービス業
6551,2026-10-01,606.0,-0.0082,0.0274,-0.0487,0.1079,-0.0475,0.075,613.7921,584.944,True,-0.0127,0.7249,836.0,510.0,0.022,0.1558,60600.0,1.4574,0.3433,ツナググループ・ホールディングス,スタンダード（内国株式）,サービス業
6552,2026-10-01,170.0,0.0,-0.0116,-0.023,-0.0659,-0.0218,-0.0988,172.48,177.56,False,-0.0144,0.5763,295.0,158.0,0.0164,0.0273,17000.0,0.3424,0.1795,ＧａｍｅＷｉｔｈ,スタンダード（内国株式）,サービス業
6554,2026-10-01,1102.0,-0.0117,-0.0009,-0.0169,0.0857,-0.0158,0.0529,1111.5253,1057.7618,True,-0.0086,0.8746,1260.0,946.0,0.0246,0.1724,110200.0,1.7284,0.351,エスユーエス,グロース（内国株式）,サービス業
6555,2026-10-01,421.0,0.0,-0.0094,-0.0186,-0.0232,-0.0175,-0.0561,427.32,423.6,False,-0.0148,0.8698,484.0,380.0,0.009,0.0046,42100.0,0.5667,0.3434,ＭＳ＆Ｃｏｎｓｕｌｔｉｎｇ,スタンダード（内国株式）,サービス業
6557,2026-10-01,688.0,0.0147,-0.0337,-0.1202,0.1151,-0.119,0.0822,738.92,700.44,True,-0.0689,0.4341,1585.0,580.0,0.0343,0.2144,68800.0,1.3516,0.543,ＡＩＡＩグループ,グロース（内国株式）,サービス業
6560,2026-10-01,1793.0,0.0101,-0.0072,0.0079,-0.0218,0.009,-0.0547,1794.12,1760.0933,True,-0.0006,0.6848,2618.3818,1560.0,0.0217,0.3844,179300.0,0.6335,0.2805,エル・ティー・エス,プライム（内国株式）,サービス業
6561,2026-10-01,841.0,0.0219,0.0319,0.0072,0.0713,0.0083,0.0385,825.92,815.4533,True,0.0183,0.7983,1053.4928,749.0,0.0171,0.0828,84100.0,0.8032,0.3413,ＨＡＮＡＴＯＵＲ　ＪＡＰＡＮ,グロース（内国株式）,サービス業
6562,2026-10-01,998.0,0.0081,-0.0196,0.0374,0.0483,0.0386,0.0155,968.56,962.96,True,0.0304,0.6964,1433.0,853.0,0.0243,0.3273,99800.0,0.4194,0.2306,ジーニー,グロース（内国株式）,サービス業
6563,2026-10-01,453.0,-0.0066,-0.0216,-0.0216,-0.064,-0.0204,-0.0969,460.56,480.12,False,-0.0164,0.6613,685.0,440.0,0.0418,0.0861,45300.0,1.2937,0.2642,みらいワークス,グロース（内国株式）,サービス業
6564,2026-10-01,1900.0,-0.0021,-0.0673,-0.0723,-0.079,-0.0711,-0.1119,1996.56,2069.0933,False,-0.0484,0.8102,2345.0,1719.0337,0.0276,1.1236,190000.0,1.0252,0.3223,ミダックホールディングス,プライム（内国株式）,サービス業
6566,2026-10-01,1270.0,0.0008,0.0032,-0.0268,-0.0379,-0.0257,-0.0707,1278.72,1289.1067,True,-0.0068,0.7874,1612.9889,1063.24,0.0109,0.013,127000.0,0.7154,0.3554,要興業,スタンダード（内国株式）,サービス業
6568,2026-10-01,1227.0,-0.0032,-0.0024,-0.0105,-0.0712,-0.0093,-0.104,1235.6005,1268.7335,True,-0.007,0.877,1399.0636,1045.8444,0.0146,0.0341,122700.0,1.0208,0.3075,神戸天然物化学,グロース（内国株式）,サービス業
6570,2026-10-01,4085.0,0.0212,0.0793,0.075,1.1511,0.0762,1.1183,3772.5788,2739.1396,True,0.0828,0.9149,4465.0,1037.3496,0.0589,3.0238,408500.0,0.9093,0.3239,共和コーポレーション,スタンダード（内国株式）,サービス業
6571,2026-10-01,1276.0,-0.0023,0.0008,-0.0192,0.0167,-0.0181,-0.0161,1288.0,1276.0431,True,-0.0093,0.92,1386.8857,1195.2575,0.009,0.5886,127600.0,1.0613,0.2087,キュービーネットホールディングス,プライム（内国株式）,サービス業
6572,2026-10-01,263.0,-0.0075,-0.0259,-0.1145,0.2233,-0.1133,0.1904,271.96,243.5333,True,-0.0329,0.663,396.6967,193.0,0.0234,0.5058,26300.0,0.4201,0.3419,オープングループ,プライム（内国株式）,サービス業
6573,2026-10-01,25.0,0.0,-0.0741,-0.1667,0.0,-0.1655,-0.0329,27.72,26.3333,False,-0.0981,0.1984,126.0,21.0,0.0629,0.1194,2500.0,0.4194,0.1909,ＣＲＡＶＩＡ,グロース（内国株式）,サービス業
6574,2026-10-01,125.0,-0.031,0.0081,0.0331,0.4368,0.0342,0.4039,118.4,100.6933,True,0.0557,0.4722,264.718,78.0,0.0394,0.7694,12500.0,0.5234,0.3652,コンヴァノ,グロース（内国株式）,サービス業
6577,2026-10-01,1346.0,-0.0175,-0.011,-0.3062,-0.4112,-0.305,-0.444,1667.88,1962.8408,False,-0.193,0.5696,2362.9498,1346.0,0.0497,0.2225,134600.0,0.8655,0.0807,ベストワンドットコム,グロース（内国株式）,サービス業
6578,2026-10-01,480.0,-0.0103,0.0021,0.0148,0.0,0.016,-0.0329,475.56,481.16,True,0.0093,0.9412,510.0,256.43,0.0161,0.0297,48000.0,0.6253,0.4278,コレックホールディングス,スタンダード（内国株式）,サービス業
6579,2026-10-01,330.0,-0.0149,-0.0379,-0.0625,-0.0652,-0.0613,-0.098,347.8,347.92,False,-0.0512,0.7657,431.0,271.0,0.0177,0.007,33000.0,0.7584,0.3927,ログリー,グロース（内国株式）,サービス業
6580,2026-10-01,866.0,0.0141,-0.0114,-0.0628,0.0297,-0.0616,-0.0031,881.6,841.2667,True,-0.0177,0.2534,3417.8196,716.0,0.0353,0.116,86600.0,0.4545,0.1799,ライトアップ,グロース（内国株式）,サービス業
6584,2026-10-01,780.0,-0.0051,0.0,-0.0102,-0.1702,-0.009,-0.2031,778.1614,848.4405,False,0.0024,0.6399,1219.0,635.9641,0.0172,2.3767,78000.0,0.5074,0.2465,三櫻工業,プライム（内国株式）,輸送用機器
6586,2026-10-01,5337.0,0.0038,0.0137,0.0072,-0.077,0.0083,-0.1098,5283.3716,5497.6039,False,0.0102,0.881,6058.0,4070.8052,0.0173,37.8759,533700.0,0.8909,0.1899,マキタ,プライム（内国株式）,機械
6588,2026-10-01,2912.0,0.0052,0.0079,-0.0799,0.0275,-0.0788,-0.0053,2950.4836,3013.5212,False,-0.013,0.8441,3450.0,2502.2596,0.0221,4.0944,291200.0,0.9255,0.2723,東芝テック,プライム（内国株式）,電気機器
6590,2026-10-01,4255.0,0.0664,0.1124,0.0493,-0.212,0.0505,-0.2449,3893.8,4529.0,False,0.0928,0.6733,6320.0,2350.6234,0.0473,52.7221,425500.0,0.7573,0.3904,芝浦メカトロニクス,プライム（内国株式）,電気機器
6592,2026-10-01,1737.0,0.0049,0.009,-0.0156,0.0942,-0.0144,0.0613,1721.72,1663.2234,True,0.0089,0.9311,1865.5177,1192.4958,0.0193,19.5453,173700.0,0.7984,0.2866,マブチモーター,プライム（内国株式）,電気機器
6594,2026-10-01,2100.0,-0.1083,-0.2558,-0.1864,-0.2158,-0.1852,-0.2487,2596.84,2639.9867,False,-0.1913,0.714,2941.0,1797.0,0.0799,244.7618,210000.0,2.4462,0.6273,ニデック,プライム（内国株式）,電気機器
6597,2026-10-01,3890.0,-0.0038,-0.0705,0.0013,-0.0771,0.0024,-0.11,3682.2,3804.2737,False,0.0564,0.5222,7449.0989,1574.2428,0.0439,3.1203,389000.0,1.0898,0.5565,ＨＰＣシステムズ,グロース（内国株式）,電気機器
6599,2026-10-01,4535.0,0.0,0.0473,0.3338,0.5066,0.335,0.4738,3857.2,3363.4933,True,0.1757,0.967,4690.0,2238.8442,0.0444,0.5306,453500.0,2.3931,0.5163,エブレン,スタンダード（内国株式）,電気機器
6612,2026-10-01,589.0,0.0103,0.0068,-0.0183,-0.0051,-0.0172,-0.0379,594.04,600.8,True,-0.0085,0.6508,905.0,561.0,0.0133,0.0183,58900.0,0.8955,0.2927,バルミューダ,グロース（内国株式）,電気機器
6613,2026-10-01,2243.0,0.0531,0.0313,0.0742,-0.1406,0.0754,-0.1735,2097.92,2163.7867,False,0.0692,0.6196,3620.0,293.0,0.0575,41.5091,224300.0,0.6157,0.3079,ＱＤレーザ,グロース（内国株式）,電気機器
6614,2026-10-01,882.0,0.0023,0.0256,-0.0034,0.008,-0.0022,-0.0249,866.64,876.0267,False,0.0177,0.6607,1335.0306,643.9559,0.0245,0.0599,88200.0,0.432,0.1715,シキノハイテック,スタンダード（内国株式）,電気機器
6615,2026-10-01,235.0,0.0,-0.0167,-0.0126,0.0444,-0.0114,0.0116,238.24,234.3867,False,-0.0136,0.549,428.0732,220.0,0.0191,0.1271,23500.0,0.5837,0.2222,ユー・エム・シー・エレクトロニクス,プライム（内国株式）,電気機器
6616,2026-10-01,2060.0,0.0553,0.0609,0.0409,-0.1571,0.0421,-0.19,1903.5531,2050.491,False,0.0822,0.689,2990.0,1352.5641,0.034,1.7249,206000.0,0.8797,0.471,トレックス・セミコンダクター,プライム（内国株式）,電気機器
6617,2026-10-01,7360.0,-0.0014,0.0768,0.0323,-0.0404,0.0334,-0.0733,6898.1287,7378.1762,False,0.067,0.8316,8850.0,2917.058,0.0305,5.7358,736000.0,0.6488,0.4675,東光高岳,プライム（内国株式）,電気機器
6619,2026-10-01,144.0,-0.0204,-0.071,-0.1,-0.2216,-0.0988,-0.2545,153.52,163.64,False,-0.062,0.3978,362.0,138.0,0.0441,3.3907,14400.0,0.9303,0.2831,ダブル・スコープ,プライム（内国株式）,電気機器
6620,2026-10-01,638.0,-0.0078,-0.0673,-0.0976,-0.1934,-0.0964,-0.2263,685.64,701.7333,True,-0.0695,0.6076,1050.0,547.0,0.0241,0.3132,63800.0,0.6048,0.4363,宮越ホールディングス,プライム（内国株式）,不動産業
6622,2026-10-01,2719.0,0.0303,0.1035,-0.7887,-0.8413,-0.7876,-0.8741,10087.415,13607.5383,False,-0.7305,0.1374,19790.0,2425.6715,0.3934,21.1293,271900.0,1.902,0.9707,ダイヘン,プライム（内国株式）,電気機器
6625,2026-10-01,337.0,-0.0203,-0.0742,-0.149,-0.0232,-0.1478,-0.056,371.8,354.44,True,-0.0936,0.7902,426.496,313.0,0.0212,1.2613,33700.0,1.9201,0.462,ＪＡＬＣＯホールディングス,スタンダード（内国株式）,不動産業
6626,2026-10-01,2490.0,-0.0012,0.0341,0.0998,0.2236,0.101,0.1907,2342.96,2153.4267,True,0.0628,0.8448,2947.4469,1936.0,0.0285,0.3331,249000.0,0.7779,0.3475,ＳＥＭＩＴＥＣ,スタンダード（内国株式）,電気機器
6627,2026-10-01,2573.0,0.0857,0.0694,-0.7729,-0.8052,-0.7717,-0.8381,8855.84,10791.0133,False,-0.7095,0.172,14960.0,2280.0,0.4411,10.448,257300.0,1.9216,0.8265,テラプローブ,スタンダード（内国株式）,電気機器
6629,2026-10-01,1050.0,0.0048,0.0096,0.0427,0.0417,0.0439,0.0088,996.52,992.4267,False,0.0537,0.6692,1569.0,379.0769,0.0299,1.304,105000.0,0.675,0.3891,テクノホライゾン,スタンダード（内国株式）,電気機器
6630,2026-10-01,780.0,0.0052,0.0169,-0.0311,0.0685,-0.0299,0.0356,790.8,760.9147,True,-0.0137,0.9242,844.0,657.2037,0.0136,0.7847,78000.0,0.9476,0.2649,ヤーマン,プライム（内国株式）,電気機器
6632,2026-10-01,1013.5,0.003,0.019,-0.0198,-0.0955,-0.0187,-0.1283,1003.8082,1058.8667,False,0.0097,0.7031,1441.4652,875.7,0.0219,13.3259,101350.0,1.0439,0.2036,ＪＶＣケンウッド,プライム（内国株式）,電気機器
6633,2026-10-01,315.0,0.0096,0.0064,-0.0125,-0.0455,-0.0114,-0.0783,316.84,324.32,False,-0.0058,0.7536,418.0,310.0,0.0068,0.0172,31500.0,0.9656,0.3733,ＣＧＳホールディングス,スタンダード（内国株式）,電気機器
6634,2026-10-01,68.0,-0.0145,-0.0145,-0.0556,0.0149,-0.0544,-0.0179,70.72,70.8267,True,-0.0385,0.4146,164.0,50.0,0.0431,0.1026,6800.0,0.1321,0.1024,ＪＮグループ,スタンダード（内国株式）,電気機器
6635,2026-10-01,673.0,0.0045,0.0015,0.003,-0.0587,0.0041,-0.0916,668.12,676.7694,False,0.0073,0.5705,1179.5955,469.8857,0.0211,0.1366,67300.0,0.3019,0.204,大日光・エンジニアリング,スタンダード（内国株式）,電気機器
6637,2026-10-01,4265.0,0.0095,-0.0164,0.0071,0.2273,0.0082,0.1945,4249.5715,3961.6572,True,0.0036,0.8007,5326.7783,3180.0,0.0363,1.1424,426500.0,0.6081,0.2683,寺崎電気産業,スタンダード（内国株式）,電気機器
6638,2026-10-01,2234.0,0.0276,0.0512,0.134,0.2174,0.1352,0.1846,2015.783,1992.5677,True,0.1083,0.9859,2266.0,1423.1315,0.0334,2.6193,223400.0,1.0693,0.4906,ミマキエンジニアリング,プライム（内国株式）,電気機器
6643,2026-10-01,5650.0,0.018,0.0089,-0.0174,0.0329,-0.0162,0.0001,5633.5951,5494.665,True,0.0029,0.7904,7148.6016,3628.5315,0.0306,0.2011,565000.0,0.6725,0.2547,戸上電機製作所,スタンダード（内国株式）,電気機器
6644,2026-10-01,1458.0,0.0062,0.002,-0.0581,-0.0215,-0.057,-0.0543,1483.7891,1495.9697,False,-0.0174,0.6588,2213.0,1092.8689,0.0212,5.5444,145800.0,1.4814,0.2456,大崎電気工業,プライム（内国株式）,電気機器
6645,2026-10-01,6425.0,-0.0017,0.0153,-0.0354,0.0918,-0.0343,0.0589,6269.56,6038.88,True,0.0248,0.8868,7245.0,3647.0641,0.0253,73.3143,642500.0,0.8597,0.4077,オムロン,プライム（内国株式）,電気機器
6647,2026-10-01,3795.0,-0.0052,-0.0013,0.1016,0.3901,0.1028,0.3573,3573.8,3083.1333,True,0.0619,0.9781,3880.0,1889.4941,0.0195,0.0401,379500.0,0.76,0.4464,森尾電機,スタンダード（内国株式）,電気機器
6648,2026-10-01,1644.0,-0.012,0.0085,-0.0497,-0.1065,-0.0486,-0.1394,1664.3561,1746.1854,False,-0.0122,0.6017,2732.3429,1415.3144,0.0194,0.5107,164400.0,0.6299,0.2201,かわでん,スタンダード（内国株式）,電気機器
6651,2026-10-01,4405.0,0.015,0.0097,-0.0068,-0.0547,-0.0056,-0.0876,4367.9391,4462.8464,False,0.0085,0.8654,5090.0,3341.4956,0.0187,2.9669,440500.0,0.8125,0.2495,日東工業,プライム（内国株式）,電気機器
6652,2026-10-01,3810.0,-0.0039,0.0106,0.0174,0.1459,0.0185,0.113,3665.0,3485.5333,True,0.0396,0.9585,3975.0,2206.1375,0.022,3.9489,381000.0,0.9881,0.358,ＩＤＥＣ,プライム（内国株式）,電気機器
6653,2026-10-01,2122.0,-0.0028,-0.0093,-0.0606,-0.0997,-0.0595,-0.1326,2130.08,2221.368,False,-0.0038,0.7526,2819.5928,1602.7685,0.0212,1.3604,212200.0,0.4414,0.3205,正興電機製作所,プライム（内国株式）,電気機器
6654,2026-10-01,1090.0,0.0018,0.0102,0.0,-0.0213,0.0012,-0.0541,1082.8,1090.3782,True,0.0066,0.9651,1129.4363,1024.9684,0.0045,0.102,109000.0,0.2935,0.4261,不二電機工業,スタンダード（内国株式）,電気機器
6656,2026-10-01,837.0,-0.0036,0.0595,-0.0267,-0.3037,-0.0256,-0.3365,806.36,984.7467,False,0.038,0.5271,1588.0,499.0,0.0311,0.3003,83700.0,0.3386,0.4104,インスペック,スタンダード（内国株式）,電気機器
6658,2026-10-01,449.0,-0.0022,0.0022,-0.0281,-0.0066,-0.027,-0.0395,452.12,447.7467,False,-0.0069,0.5573,805.7238,415.0,0.0138,0.1595,44900.0,0.4605,0.2897,シライ電子工業,スタンダード（内国株式）,電気機器
6659,2026-10-01,44.0,0.0,-0.0638,-0.1852,-0.2281,-0.184,-0.2609,48.32,51.5867,False,-0.0894,0.3826,115.0,32.0,0.0519,1.8238,4400.0,0.9698,0.35,メディアリンクス,スタンダード（内国株式）,電気機器
6662,2026-10-01,228.0,0.0,0.0044,0.0,0.0411,0.0012,0.0082,226.92,220.8933,True,0.0048,0.76,300.0,195.0,0.0188,0.0255,22800.0,0.5623,0.2567,ユビテック,スタンダード（内国株式）,電気機器
6663,2026-10-01,307.0,-0.0032,0.0033,-0.0466,-0.0192,-0.0454,-0.052,310.48,309.4133,False,-0.0112,0.6631,463.0,240.0,0.0163,0.0466,30700.0,0.4385,0.16,太洋テクノレックス,スタンダード（内国株式）,電気機器
6664,2026-10-01,254.0,-0.0268,-0.0487,-0.0155,0.0628,-0.0143,0.0299,259.56,247.28,True,-0.0214,0.5632,451.0,229.0,0.0267,0.0182,25400.0,1.1067,0.28,オプトエレクトロニクス,スタンダード（内国株式）,電気機器
6666,2026-10-01,852.0,-0.015,0.048,0.0327,-0.0678,0.0339,-0.1007,805.202,819.3873,False,0.0581,0.578,1474.0,355.5941,0.0388,0.3093,85200.0,0.3333,0.3117,リバーエレテック,スタンダード（内国株式）,電気機器
6668,2026-10-01,4815.0,0.0931,0.125,0.1356,0.2796,0.1368,0.2467,4076.4966,3693.2,True,0.1812,0.9887,4870.0,1146.9437,0.0577,3.334,481500.0,0.6452,0.5111,アドテック　プラズマ　テクノロジー,スタンダード（内国株式）,電気機器
6674,2026-10-01,5500.0,0.0103,0.0093,0.0273,-0.1669,0.0284,-0.1998,5258.8618,5788.0073,False,0.0459,0.6963,7899.0,3177.7772,0.0298,40.6885,550000.0,0.9758,0.3015,ジーエス・ユアサ　コーポレーション,プライム（内国株式）,電気機器
6675,2026-10-01,2113.0,-0.0149,-0.0091,-0.0452,0.0937,-0.044,0.0608,2158.8706,2047.7302,True,-0.0212,0.7829,2698.9692,1561.7084,0.0185,0.6582,211300.0,0.8312,0.3193,サクサ,スタンダード（内国株式）,電気機器
6676,2026-10-01,3590.0,0.0228,0.0422,0.1379,0.4395,0.139,0.4066,3206.7217,2856.2272,True,0.1195,1.0,3590.0,1686.782,0.0338,2.6798,359000.0,2.0275,0.4115,ＢＵＦＦＡＬＯ,スタンダード（内国株式）,電気機器
6677,2026-10-01,3135.0,-0.0157,0.0113,-0.0427,-0.1169,-0.0416,-0.1498,3201.4524,3357.0175,False,-0.0208,0.8143,3850.0,2660.0,0.0199,3.0224,313500.0,1.045,0.3284,エスケーエレクトロニクス,スタンダード（内国株式）,電気機器
6678,2026-10-01,2024.0,-0.0059,-0.0034,-0.0108,0.0274,-0.0096,-0.0054,2047.16,2039.96,True,-0.0113,0.7668,2639.6546,1752.1927,0.0139,0.2269,202400.0,1.1833,0.2985,テクノメディカ,スタンダード（内国株式）,電気機器
6694,2026-10-01,850.0,-0.0047,0.0404,0.1789,0.3428,0.1801,0.31,794.12,699.5733,True,0.0704,0.9681,878.0,572.2096,0.0425,0.0927,85000.0,0.7621,0.2573,ズーム,スタンダード（内国株式）,電気機器
6696,2026-10-01,302.0,0.0168,-0.0708,-0.0413,0.0203,-0.0401,-0.0126,315.64,295.6533,False,-0.0432,0.6151,491.0,236.0,0.0501,0.094,30200.0,0.2657,0.2311,トラース・オン・プロダクト,グロース（内国株式）,電気機器
6699,2026-10-01,488.0,0.0021,0.0153,-0.081,0.0295,-0.0798,-0.0033,503.466,491.582,True,-0.0307,0.6571,742.6434,451.0,0.0163,0.3628,48800.0,0.702,0.2898,ダイヤモンドエレクトリックホールディングス,スタンダード（内国株式）,電気機器
6701,2026-10-01,4820.0,0.0128,0.0101,-0.0179,0.1476,-0.0168,0.1148,4756.2315,4494.0905,True,0.0134,0.7825,6159.8474,3586.1172,0.0293,268.2198,482000.0,0.7679,0.2401,日本電気,プライム（内国株式）,電気機器
6702,2026-10-01,4002.0,0.0114,0.0086,0.0344,0.1968,0.0355,0.1639,3880.8236,3582.6612,True,0.0312,0.8666,4617.9754,3016.0,0.0276,264.6179,400200.0,0.941,0.2358,富士通,プライム（内国株式）,電気機器
6703,2026-10-01,2724.0,0.021,-0.017,-0.0535,-0.2023,-0.0524,-0.2352,2727.72,3020.44,False,-0.0014,0.6861,3970.0,1490.9265,0.0404,18.0245,272400.0,1.0438,0.35,沖電気工業,プライム（内国株式）,電気機器
6706,2026-10-01,3380.0,0.0165,0.0196,0.0075,0.11,0.0086,0.0772,3305.8208,3185.0469,False,0.0224,0.9324,3625.0,1822.0388,0.0188,0.9616,338000.0,0.9156,0.1971,電気興業,プライム（内国株式）,電気機器
6707,2026-10-01,7072.0,0.0119,0.0227,-0.0334,-0.3848,-0.0322,-0.4176,6951.08,8567.52,False,0.0174,0.5975,11835.0,4883.0,0.0311,9.7819,707200.0,1.0396,0.3018,サンケン電気,プライム（内国株式）,電気機器
6718,2026-10-01,2773.0,0.0029,-0.0055,-0.0328,0.0117,-0.0316,-0.0212,2833.8295,2791.7698,True,-0.0215,0.9117,3041.5506,2620.0,0.0119,0.7062,277300.0,1.007,0.4391,アイホン,プライム（内国株式）,電気機器
6721,2026-10-01,70.0,-0.0278,-0.0411,-0.0541,-0.2045,-0.0529,-0.2374,73.32,77.8533,False,-0.0453,0.4698,149.0,69.0,0.0418,0.2395,7000.0,1.3085,0.2732,ウインテスト,スタンダード（内国株式）,電気機器
6723,2026-10-01,3616.0,0.04,0.0361,0.066,-0.2532,0.0672,-0.2861,3343.56,3910.5733,False,0.0815,0.6843,5284.0,1654.2992,0.0371,347.1478,361600.0,0.7951,0.3994,ルネサスエレクトロニクス,プライム（内国株式）,電気機器
6724,2026-10-01,3282.0,0.0024,0.0355,0.0164,0.206,0.0176,0.1731,3164.9215,2992.6872,True,0.037,0.985,3332.0,1809.8861,0.0234,47.2975,328200.0,0.8721,0.3517,セイコーエプソン,プライム（内国株式）,電気機器
6727,2026-10-01,875.0,0.0174,0.0422,0.0454,0.1189,0.0466,0.0861,833.7885,803.8362,False,0.0494,0.922,949.0,705.752,0.0247,5.2201,87500.0,1.0759,0.4102,ワコム,プライム（内国株式）,電気機器
6728,2026-10-01,8300.0,0.0464,0.1169,0.1073,-0.1593,0.1084,-0.1922,7349.8,8642.7318,False,0.1293,0.7378,11250.0696,6159.9549,0.0306,34.9608,830000.0,0.8769,0.6183,アルバック,プライム（内国株式）,電気機器
6730,2026-10-01,1624.0,0.0043,0.3171,0.3203,0.3786,0.3215,0.3458,1236.48,1171.16,True,0.3134,0.9553,1700.0,1010.0,0.0428,10.9749,162400.0,0.7829,0.8164,アクセル,スタンダード（内国株式）,電気機器
6731,2026-10-01,100.0,0.0204,-0.0099,-0.0566,-0.1304,-0.0554,-0.1633,103.6,108.0667,False,-0.0347,0.1471,680.0,96.0,0.0314,0.0763,10000.0,0.5148,0.2227,ピクセラ,スタンダード（内国株式）,電気機器
6736,2026-10-01,10160.0,0.0069,0.0315,0.1995,0.0496,0.2007,0.0167,9345.2,9301.3333,True,0.0872,0.7907,12850.0,6034.8727,0.049,3.7192,1016000.0,0.9005,0.237,サン電子,スタンダード（内国株式）,電気機器
6737,2026-10-01,3080.0,0.0182,0.0155,-0.0238,0.2399,-0.0226,0.2071,3086.111,2829.9437,True,-0.002,0.958,3215.0,2022.0,0.0241,4.6812,308000.0,0.7051,0.307,ＥＩＺＯ,プライム（内国株式）,電気機器
6740,2026-10-01,49.0,-0.0392,0.0,0.0,-0.0577,0.0012,-0.0905,47.72,49.4533,False,0.0268,0.2988,164.0,17.0,0.051,5.4123,4900.0,0.9697,0.44,ジャパンディスプレイ,プライム（内国株式）,電気機器
6741,2026-10-01,1805.0,0.0129,-0.0032,-0.0306,0.1675,-0.0295,0.1347,1811.5782,1700.6061,True,-0.0036,0.945,1910.0,1159.596,0.0219,2.5855,180500.0,0.7159,0.2943,日本信号,プライム（内国株式）,電気機器
6742,2026-10-01,1128.0,0.0199,0.0209,0.1081,0.2355,0.1092,0.2026,1040.9116,976.8905,True,0.0837,0.9956,1133.0,480.1574,0.0345,2.8036,112800.0,0.972,0.4242,京三製作所,プライム（内国株式）,電気機器
6743,2026-10-01,1022.0,-0.0116,-0.0313,-0.0322,0.2373,-0.031,0.2044,1036.92,940.32,True,-0.0144,0.9076,1126.0,538.6272,0.0222,0.1679,102200.0,0.5697,0.2562,大同信号,スタンダード（内国株式）,電気機器
6744,2026-10-01,3985.0,0.014,-0.0102,-0.0689,-0.0455,-0.0678,-0.0784,4101.1909,4248.397,False,-0.0283,0.7938,5020.0,3347.9352,0.0177,3.1232,398500.0,0.8655,0.2979,能美防災,プライム（内国株式）,電気機器
6745,2026-10-01,1980.0,0.0394,0.0213,0.0175,-0.0135,0.0186,-0.0463,1930.5375,1965.7925,False,0.0256,0.8401,2357.0,1228.2664,0.0277,3.3236,198000.0,0.8338,0.2556,ホーチキ,プライム（内国株式）,電気機器
6748,2026-10-01,785.0,0.0026,0.0248,-0.0063,0.0828,-0.0052,0.0499,773.96,745.2533,True,0.0143,0.8177,960.0,667.0,0.0175,0.094,78500.0,0.622,0.3354,星和電機,スタンダード（内国株式）,電気機器
6750,2026-10-01,2018.0,0.0223,0.0129,-0.001,0.1186,0.0002,0.0858,2000.2913,1889.6171,True,0.0089,0.9777,2064.0,1548.0,0.0206,3.7225,201800.0,1.037,0.2416,エレコム,プライム（内国株式）,電気機器
6752,2026-10-01,4550.0,0.0134,0.0155,0.0116,0.0007,0.0127,-0.0322,4340.9618,4311.7206,True,0.0482,0.9133,4982.0,1521.376,0.036,355.91,455000.0,0.9735,0.3054,パナソニック　ホールディングス,プライム（内国株式）,電気機器
6753,2026-10-01,645.5,0.0012,-0.0166,-0.0276,0.003,-0.0264,-0.0299,652.656,635.444,True,-0.011,0.7133,905.0,534.4,0.037,24.4809,64550.0,1.0774,0.3111,シャープ,プライム（内国株式）,電気機器
6754,2026-10-01,3451.0,0.01,0.0431,0.0082,-0.2192,0.0093,-0.2521,3278.6255,3709.1152,False,0.0526,0.7108,4855.0,1727.8673,0.0294,31.71,345100.0,0.8044,0.4521,アンリツ,プライム（内国株式）,電気機器
6757,2026-10-01,909.0,0.0,0.0,0.0341,0.0978,0.0353,0.065,888.72,868.3467,True,0.0228,0.9326,974.6809,788.0,0.0094,0.039,90900.0,1.3542,0.3294,ＯＳＧコーポレーション,スタンダード（内国株式）,電気機器
6758,2026-10-01,3787.0,0.0074,0.0388,-0.057,0.1372,-0.0559,0.1044,3782.4975,3586.7658,True,0.0012,0.796,4757.3962,3043.0,0.0222,534.6167,378700.0,0.8704,0.2473,ソニーグループ,プライム（内国株式）,電気機器
6762,2026-10-01,3200.0,0.0735,0.0905,0.0396,-0.1257,0.0408,-0.1585,2935.0939,3194.3646,False,0.0903,0.7416,4315.0,1875.0612,0.0341,290.5838,320000.0,0.9447,0.403,ＴＤＫ,プライム（内国株式）,電気機器
6763,2026-10-01,2877.0,0.0492,0.0352,0.0127,-0.0329,0.0138,-0.0658,2804.9146,2867.4115,False,0.0257,0.8771,3280.0,2274.7952,0.0199,0.475,287700.0,1.2077,0.3104,帝国通信工業,プライム（内国株式）,電気機器
6768,2026-10-01,969.0,0.059,0.125,0.1495,0.0637,0.1506,0.0308,822.1881,865.6494,False,0.1786,0.8537,1135.0,471.102,0.0402,8.9128,96900.0,1.2982,0.4467,タムラ製作所,プライム（内国株式）,電気機器
6769,2026-10-01,1283.0,-0.0302,0.011,0.0956,0.1738,0.0968,0.141,1180.16,1106.3467,True,0.0871,0.921,1393.0,760.4688,0.0375,1.1975,128300.0,0.5977,0.5338,ザインエレクトロニクス,スタンダード（内国株式）,電気機器
6770,2026-10-01,2270.5,0.0207,0.0426,0.006,0.0802,0.0071,0.0473,2215.9542,2159.0847,True,0.0246,0.9502,2389.5,1774.6401,0.0252,37.39,227050.0,0.8876,0.3054,アルプスアルパイン,プライム（内国株式）,電気機器
6771,2026-10-01,690.0,0.0029,0.0599,0.0177,0.0681,0.0189,0.0353,665.48,656.5067,True,0.0368,0.7895,874.0,568.2114,0.0175,0.0707,69000.0,0.954,0.4722,池上通信機,スタンダード（内国株式）,電気機器
6772,2026-10-01,1016.0,-0.0136,-0.0097,-0.0424,-0.0805,-0.0413,-0.1134,1040.52,1076.6133,False,-0.0236,0.5593,1816.7004,965.0,0.0226,0.0239,101600.0,0.6524,0.3609,東京コスモス電機,スタンダード（内国株式）,電気機器
6775,2026-10-01,133.0,0.0153,0.0153,0.0391,0.0992,0.0402,0.0663,128.0,121.6133,False,0.0391,0.5708,233.0,110.0,0.0451,0.4978,13300.0,1.4743,0.65,ＴＢグループ,スタンダード（内国株式）,電気機器
6776,2026-10-01,304.0,0.0167,0.0411,0.0704,0.1386,0.0716,0.1057,288.44,274.7733,True,0.0539,0.9865,308.1636,245.3532,0.0188,0.0531,30400.0,1.2622,0.42,天昇電気工業,スタンダード（内国株式）,化学
6777,2026-10-01,22780.0,0.0179,0.0643,0.1646,-0.0388,0.1658,-0.0717,19972.0732,21057.2244,False,0.1406,0.6565,34700.0,7336.0733,0.0409,20.7958,2278000.0,0.7725,0.4932,ｓａｎｔｅｃ　Ｈｏｌｄｉｎｇｓ,スタンダード（内国株式）,電気機器
6778,2026-10-01,637.0,-0.0093,0.0031,-0.0701,-0.0459,-0.0689,-0.0787,647.28,640.1151,True,-0.0159,0.8888,716.6945,532.9514,0.023,0.0825,63700.0,0.3807,0.1707,アルチザネットワークス,スタンダード（内国株式）,電気機器
6779,2026-10-01,3600.0,0.0778,0.0993,0.2959,0.0375,0.2971,0.0046,2941.96,3145.6133,False,0.2237,0.7186,5010.0,898.4221,0.0613,27.0938,360000.0,0.8414,0.3739,日本電波工業,プライム（内国株式）,電気機器
6785,2026-10-01,3405.0,0.0413,0.0657,0.0913,0.0477,0.0925,0.0148,3096.6,3117.8335,False,0.0996,0.9841,3460.0,1972.027,0.0304,2.4315,340500.0,0.7604,0.391,鈴木,プライム（内国株式）,電気機器
6786,2026-10-01,47.0,0.0,-0.0208,-0.0408,-0.1132,-0.0397,-0.1461,48.28,49.0533,False,-0.0265,0.5529,85.0,46.0,0.0258,0.012,4700.0,0.5676,0.1647,ＲＶＨ,スタンダード（内国株式）,サービス業
6787,2026-10-01,25290.0,0.039,0.0672,0.2741,-0.1151,0.2752,-0.148,20523.0163,23726.3388,False,0.2323,0.5583,45300.0,8269.7027,0.0606,128.6736,2529000.0,1.4703,0.4324,メイコー,プライム（内国株式）,電気機器
6788,2026-10-01,5300.0,0.0095,0.0392,0.0729,0.1713,0.074,0.1384,5041.0,4789.2667,True,0.0514,0.9925,5340.0,4005.0,0.0183,0.5935,530000.0,1.0103,0.3551,日本トリム,プライム（内国株式）,電気機器
6794,2026-10-01,3265.0,0.0124,0.0203,0.0722,0.0776,0.0734,0.0447,3072.3533,2968.3444,True,0.0627,0.9329,3500.0,2167.358,0.0256,4.2625,326500.0,0.8975,0.3863,フォスター電機,プライム（内国株式）,電気機器
6797,2026-10-01,1186.0,-0.0075,-0.01,-0.0034,0.0137,-0.0022,-0.0192,1204.6,1176.68,True,-0.0154,0.926,1280.8217,1023.6944,0.009,0.0473,118600.0,0.6767,0.2707,名古屋電機工業,スタンダード（内国株式）,電気機器
6798,2026-10-01,3355.0,0.006,0.0106,-0.0204,0.0484,-0.0193,0.0156,3301.7881,3193.7427,False,0.0161,0.8983,3735.0,2174.5149,0.0254,0.4089,335500.0,0.7294,0.2632,ＳＭＫ,プライム（内国株式）,電気機器
6800,2026-10-01,4550.0,0.0353,0.0265,0.1304,-0.2155,0.1316,-0.2484,4052.9368,4592.7789,False,0.1226,0.6989,6510.0,1389.9145,0.0374,5.4622,455000.0,0.7688,0.3969,ヨコオ,プライム（内国株式）,電気機器
6803,2026-10-01,98.0,-0.0101,-0.02,-0.0101,0.0,-0.0089,-0.0329,99.08,98.1333,True,-0.0109,0.7112,137.7913,89.2174,0.0168,0.2963,9800.0,1.0014,0.1826,ティアック,スタンダード（内国株式）,電気機器
6804,2026-10-01,2433.0,0.0066,-0.0239,-0.1039,-0.1317,-0.1027,-0.1645,2569.5225,2727.0942,False,-0.0531,0.7724,3150.0,2195.6366,0.0175,6.4396,243300.0,1.1571,0.418,ホシデン,プライム（内国株式）,電気機器
6806,2026-10-01,25600.0,0.0327,0.0382,-0.0129,-0.1142,-0.0118,-0.147,24822.9555,26785.9185,False,0.0313,0.7948,32210.0,16081.6495,0.0201,34.6629,2560000.0,0.7704,0.3714,ヒロセ電機,プライム（内国株式）,電気機器
6807,2026-10-01,2674.0,0.0344,0.0507,0.0765,0.1364,0.0776,0.1036,2500.3922,2412.3574,True,0.0694,0.925,2890.6689,2161.091,0.0205,6.1559,267400.0,0.9378,0.3611,日本航空電子工業,プライム（内国株式）,電気機器
6809,2026-10-01,1717.0,-0.0006,-0.0057,-0.0183,0.0964,-0.0171,0.0636,1734.7409,1658.887,True,-0.0102,0.9156,1875.2623,1096.9047,0.0155,1.5388,171700.0,1.0411,0.3532,ＴＯＡ,プライム（内国株式）,電気機器
6810,2026-10-01,2603.0,0.0085,0.0278,-0.0099,0.2118,-0.0087,0.179,2531.6137,2322.0179,True,0.0282,0.9749,2670.0,1871.0,0.0272,4.8661,260300.0,0.6239,0.2994,マクセル,プライム（内国株式）,電気機器
6814,2026-10-01,7860.0,0.0301,0.0356,0.0369,0.3646,0.0381,0.3318,7546.0455,7064.2404,True,0.0416,0.8011,9810.9403,5101.2973,0.0328,18.7381,786000.0,0.6434,0.3607,古野電気,プライム（内国株式）,電気機器
6817,2026-10-01,1283.0,0.0248,0.0372,0.0542,-0.0971,0.0554,-0.13,1215.2,1284.3184,False,0.0558,0.8038,1596.1018,996.5982,0.0197,1.9717,128300.0,0.5984,0.4073,スミダコーポレーション,プライム（内国株式）,電気機器
6819,2026-10-01,472.0,-0.0021,-0.0105,-0.0063,0.0107,-0.0052,-0.0221,476.6,472.4933,True,-0.0097,0.9672,488.0,422.2222,0.0061,0.0526,47200.0,0.9611,0.28,伊豆シャボテンリゾート,スタンダード（内国株式）,サービス業
6820,2026-10-01,3790.0,0.0161,0.0271,0.0229,0.1975,0.0241,0.1646,3625.9879,3372.636,True,0.0452,0.9883,3835.0,2608.6479,0.0268,0.5332,379000.0,1.0897,0.2657,アイコム,プライム（内国株式）,電気機器
6822,2026-10-01,4990.0,-0.001,0.004,0.0132,-0.0844,0.0144,-0.1173,4994.9936,5179.4645,False,-0.001,0.7834,6370.0,3347.1845,0.0175,0.1915,499000.0,0.8758,0.2182,大井電気,スタンダード（内国株式）,電気機器
6823,2026-10-01,3410.0,0.0119,0.0424,0.024,-0.0809,0.0252,-0.1137,3288.074,3467.2247,False,0.0371,0.8197,4160.0,2436.384,0.0182,1.2706,341000.0,0.7198,0.3793,リオン,プライム（内国株式）,電気機器
6824,2026-10-01,3970.0,0.0013,-0.0222,-0.0767,-0.2716,-0.0756,-0.3044,4191.2,4584.6,False,-0.0528,0.6498,6110.0,3351.0923,0.0288,0.4453,397000.0,0.8282,0.3062,新コスモス電機,スタンダード（内国株式）,電気機器
6832,2026-10-01,2560.0,0.0143,0.0308,0.1097,-0.0401,0.1108,-0.073,2380.9709,2471.977,False,0.0752,0.7997,3201.2376,2025.4744,0.0305,0.67,256000.0,0.554,0.3138,アオイ電子,スタンダード（内国株式）,電気機器
6834,2026-10-01,6420.0,0.0439,0.0656,0.105,0.2215,0.1061,0.1886,5467.755,5040.3983,True,0.1742,0.8414,7630.0,1641.708,0.0536,45.7828,642000.0,0.6825,0.5134,精工技研,スタンダード（内国株式）,電気機器
6835,2026-10-01,274.0,0.0,0.0074,0.034,0.1322,0.0351,0.0994,263.64,250.78,False,0.0393,0.7313,374.65,184.7345,0.0258,0.4728,27400.0,0.7501,0.3253,アライドテレシスホールディングス,スタンダード（内国株式）,電気機器
6836,2026-10-01,847.0,-0.0536,0.0457,0.0304,0.2205,0.0316,0.1876,828.92,776.2533,False,0.0218,0.6373,1329.0,659.0,0.0432,0.1011,84700.0,0.548,0.3938,ぷらっとホーム,スタンダード（内国株式）,電気機器
6837,2026-10-01,409.0,-0.0121,0.0124,0.0936,0.0302,0.0947,-0.0026,379.28,368.5067,True,0.0784,0.9338,438.0,279.1864,0.0309,0.1794,40900.0,1.0297,0.5695,京写,スタンダード（内国株式）,電気機器
6838,2026-10-01,1486.0,0.0319,0.0348,-0.0204,-0.139,-0.0193,-0.1719,1466.08,1558.7333,False,0.0136,0.5954,2496.0,657.0,0.0517,3.7453,148600.0,1.1256,0.2719,多摩川ホールディングス,スタンダード（内国株式）,電気機器
6840,2026-10-01,897.0,0.0358,0.009,0.168,0.1928,0.1691,0.16,801.04,764.0667,False,0.1198,0.6106,1469.0,303.0,0.0498,3.0529,89700.0,0.8166,0.454,ＡＫＩＢＡホールディングス,スタンダード（内国株式）,電気機器
6841,2026-10-01,4734.0,0.009,0.0187,-0.0739,-0.1522,-0.0728,-0.1851,4775.7879,5271.8893,False,-0.0087,0.7563,6259.652,4134.1251,0.0208,51.2359,473400.0,0.8447,0.2561,横河電機,プライム（内国株式）,電気機器
6844,2026-10-01,3080.0,0.0132,-0.0065,-0.0269,-0.1754,-0.0257,-0.2082,3028.6,3372.4667,False,0.017,0.7222,4265.0,2815.1875,0.024,2.4522,308000.0,0.5592,0.4455,新電元工業,プライム（内国株式）,電気機器
6845,2026-10-01,1475.5,0.0208,0.0293,-0.035,-0.1369,-0.0338,-0.1697,1470.5443,1582.7681,False,0.0034,0.8384,1760.0,1224.8473,0.0186,22.6332,147550.0,1.1546,0.4279,アズビル,プライム（内国株式）,電気機器
6848,2026-10-01,841.0,-0.0071,-0.03,-0.0378,-0.0118,-0.0366,-0.0446,863.72,860.36,True,-0.0263,0.798,1053.8614,798.2024,0.0082,0.1336,84100.0,3.4659,0.5396,東亜ディーケーケー,スタンダード（内国株式）,電気機器
6849,2026-10-01,1609.5,0.005,0.0109,0.0684,0.0979,0.0695,0.065,1543.1192,1507.8264,True,0.043,0.8629,1865.2667,1323.0,0.0224,12.5475,160950.0,1.1095,0.1955,日本光電工業,プライム（内国株式）,電気機器
6850,2026-10-01,1820.0,0.0225,0.0418,0.0776,0.105,0.0787,0.0722,1722.1204,1668.9868,True,0.0568,0.9904,1837.6821,1215.969,0.0208,0.5278,182000.0,0.6884,0.3043,チノー,プライム（内国株式）,電気機器
6853,2026-10-01,797.0,0.0076,0.0284,0.0257,0.0257,0.0269,-0.0071,766.88,783.1889,False,0.0393,0.798,998.7175,632.098,0.0181,0.1549,79700.0,0.7685,0.3604,共和電業,スタンダード（内国株式）,電気機器
6855,2026-10-01,8220.0,0.0512,0.1063,0.2724,0.0931,0.2736,0.0602,6770.755,6975.985,False,0.214,0.8073,10182.3727,3242.0991,0.0415,36.2642,822000.0,0.7952,0.6071,日本電子材料,スタンダード（内国株式）,電気機器
6856,2026-10-01,25245.0,0.0327,0.0729,0.0759,-0.0847,0.077,-0.1175,22951.8,25266.3721,False,0.0999,0.8432,29939.4954,11971.5347,0.0275,53.5388,2524500.0,1.1472,0.5889,堀場製作所,プライム（内国株式）,電気機器
6857,2026-10-01,37610.0,0.0978,0.1376,0.1164,0.3052,0.1175,0.2724,33302.8,31965.2,True,0.1293,0.9711,38730.0,14311.7405,0.0451,3261.5037,3761000.0,1.1489,0.4597,アドバンテスト,プライム（内国株式）,電気機器
6858,2026-10-01,876.0,0.0139,0.0057,0.0529,-0.019,0.054,-0.0519,838.4,855.8474,True,0.0448,0.8735,1002.905,545.259,0.0214,0.3158,87600.0,0.3931,0.3247,小野測器,スタンダード（内国株式）,電気機器
6859,2026-10-01,4165.0,0.0348,0.0597,0.0413,-0.02,0.0424,-0.0529,3942.9865,4088.1955,True,0.0563,0.8695,4790.0,2893.0,0.0247,2.4231,416500.0,0.5976,0.3544,エスペック,プライム（内国株式）,電気機器
6861,2026-10-01,81200.0,0.0089,0.0509,-0.0294,0.01,-0.0282,-0.0229,78721.0697,78668.2232,True,0.0315,0.9236,87920.0,51271.969,0.0226,455.1023,8120000.0,0.9588,0.3825,キーエンス,プライム（内国株式）,電気機器
6862,2026-10-01,5490.0,0.0598,-0.0133,0.5597,1.5835,0.5608,1.5507,4368.5535,3015.5712,True,0.2567,0.9332,5882.6707,773.0281,0.0677,14.8657,549000.0,0.8418,0.4932,ミナトホールディングス,スタンダード（内国株式）,電気機器
6863,2026-10-01,1100.0,-0.0248,-0.0055,0.1022,0.1156,0.1034,0.0828,1025.1115,957.3572,True,0.0731,0.9632,1142.0,579.4477,0.0315,1.2493,110000.0,2.1643,0.465,ニレコ,スタンダード（内国株式）,電気機器
6864,2026-10-01,1614.0,0.0113,-0.0165,-0.0037,-0.0594,-0.0025,-0.0923,1588.48,1635.4533,False,0.0161,0.6258,2579.0,1033.5997,0.0237,0.4182,161400.0,0.4477,0.3219,エヌエフホールディングス,スタンダード（内国株式）,電気機器
6866,2026-10-01,11140.0,0.0509,0.063,0.0239,-0.0748,0.0251,-0.1076,10399.6,11302.4875,False,0.0712,0.815,13669.4008,5438.188,0.0276,3.4577,1114000.0,0.7327,0.458,日置電機,プライム（内国株式）,電気機器
6867,2026-10-01,411.0,0.0,0.0024,0.0049,-0.0375,0.006,-0.0703,409.2,415.12,False,0.0044,0.8107,506.9794,385.0,0.0101,0.0326,41100.0,0.5266,0.2897,リーダー電子,スタンダード（内国株式）,電気機器
6869,2026-10-01,1868.5,0.0127,0.0185,-0.0481,0.2228,-0.047,0.19,1880.9994,1697.4531,True,-0.0066,0.9284,2012.5,1246.0,0.0228,50.252,186850.0,0.9664,0.2075,シスメックス,プライム（内国株式）,電気機器
6871,2026-10-01,14980.0,0.0731,0.0887,0.1667,-0.0531,0.1678,-0.086,13037.6,14483.0667,False,0.149,0.824,18180.0,5586.8438,0.0571,149.4116,1498000.0,0.9068,0.3942,日本マイクロニクス,プライム（内国株式）,電気機器
6874,2026-10-01,2350.0,-0.0047,-0.0063,-0.0051,-0.0649,-0.0039,-0.0977,2350.32,2457.6109,False,-0.0001,0.83,2831.2361,2270.7866,0.0084,0.0788,235000.0,0.5101,0.2333,協立電機,スタンダード（内国株式）,電気機器
6875,2026-10-01,11370.0,0.0116,0.046,0.0441,0.0479,0.0452,0.0151,10808.0,10508.1333,False,0.052,0.8472,13420.0,6394.1021,0.0264,10.8405,1137000.0,0.8554,0.4433,メガチップス,プライム（内国株式）,電気機器
6877,2026-10-01,5830.0,0.0052,0.1148,0.021,-0.0283,0.0222,-0.0612,5545.5764,5819.7255,False,0.0513,0.8486,6870.0,3672.052,0.0281,2.4345,583000.0,1.2803,0.5167,ＯＢＡＲＡ　ＧＲＯＵＰ,スタンダード（内国株式）,電気機器
6882,2026-10-01,1212.0,0.0058,0.0367,0.0211,-0.0568,0.0222,-0.0897,1155.1234,1199.1211,False,0.0492,0.7799,1554.0,829.4012,0.0212,0.4221,121200.0,0.4573,0.4479,三社電機製作所,スタンダード（内国株式）,電気機器
6888,2026-10-01,504.0,0.004,0.006,0.002,0.0769,0.0031,0.0441,500.32,488.5099,False,0.0074,0.9137,551.6243,462.0,0.0095,0.0392,50400.0,0.8452,0.1881,アクモス,スタンダード（内国株式）,情報・通信業
6890,2026-10-01,11250.0,0.0455,0.0922,0.2084,0.257,0.2095,0.2241,9452.4,9058.5539,True,0.1902,0.9718,11576.3216,3800.1707,0.0472,90.4312,1125000.0,0.7104,0.5464,フェローテック,スタンダード（内国株式）,電気機器
6894,2026-10-01,2143.0,-0.0152,-0.0009,-0.0179,-0.0147,-0.0167,-0.0476,2166.64,2148.52,True,-0.0109,0.8626,2484.3303,1871.4134,0.0141,0.0196,214300.0,0.965,0.208,パルステック工業,スタンダード（内国株式）,電気機器
6897,2026-10-01,565.0,-0.0568,-0.106,-0.1667,-0.1229,-0.1655,-0.1558,650.8426,638.9102,True,-0.1319,0.7147,790.5327,388.2969,0.037,2.1742,56500.0,0.3471,0.4348,ツインバード,スタンダード（内国株式）,電気機器
6898,2026-10-01,4725.0,-0.0278,-0.0115,0.1812,0.2434,0.1824,0.2106,4691.6,4019.8667,True,0.0071,0.7203,6560.0,2913.0,0.0777,0.436,472500.0,0.9395,0.1512,トミタ電機,スタンダード（内国株式）,電気機器
6899,2026-10-01,2218.0,0.0073,-0.0212,-0.0766,-0.0622,-0.0754,-0.095,2294.6,2320.4133,True,-0.0334,0.8189,2708.3809,1933.3136,0.0188,0.143,221800.0,1.2925,0.4995,ＡＳＴＩ,スタンダード（内国株式）,電気機器
6902,2026-10-01,1840.0,-0.0054,-0.0185,-0.0491,-0.0479,-0.0479,-0.0807,1904.9027,1931.2142,True,-0.0341,0.7895,2330.4841,1789.356,0.0161,139.2188,184000.0,1.0167,0.4195,デンソー,プライム（内国株式）,輸送用機器
6904,2026-10-01,899.0,-0.0577,0.2003,0.6198,1.0202,0.621,0.9874,680.88,535.7467,True,0.3204,0.7233,1243.0,440.0,0.0917,4.4051,89900.0,4.9878,0.7619,原田工業,スタンダード（内国株式）,電気機器
6905,2026-10-01,1508.0,0.0224,0.0308,0.1313,-0.0118,0.1324,-0.0447,1351.76,1366.48,False,0.1156,0.9101,1657.0,1041.4645,0.0354,4.1336,150800.0,2.0988,0.4573,コーセル,プライム（内国株式）,電気機器
6907,2026-10-01,798.0,0.0076,0.0038,0.0088,0.2202,0.01,0.1873,777.2,707.2,True,0.0268,0.5573,1432.0,583.0,0.0285,0.1261,79800.0,0.4744,0.2818,ジオマテック,スタンダード（内国株式）,電気機器
6908,2026-10-01,2832.0,-0.0393,-0.0091,-0.0032,-0.0341,-0.002,-0.067,2819.16,2845.48,False,0.0046,0.7346,3855.0,2663.0,0.0244,4.5578,283200.0,1.4057,0.486,イリソ電子工業,プライム（内国株式）,電気機器
6912,2026-10-01,2839.0,0.0411,0.0629,0.1517,0.4061,0.1529,0.3733,2553.08,2259.84,True,0.112,0.9961,2850.0,1473.0062,0.0311,0.354,283900.0,1.0262,0.4312,菊水ホールディングス,スタンダード（内国株式）,電気機器
6914,2026-10-01,3300.0,0.0123,0.0092,0.0076,-0.2317,0.0088,-0.2645,3171.6,3569.6902,False,0.0405,0.7003,4712.2839,2003.4257,0.0244,4.4383,330000.0,0.9073,0.4107,オプテックスグループ,プライム（内国株式）,電気機器
6915,2026-10-01,3645.0,0.0069,0.0282,0.0429,0.113,0.0441,0.0801,3468.6,3348.9333,True,0.0509,0.9973,3655.0,2831.0503,0.0191,0.4129,364500.0,1.5631,0.3949,千代田インテグレ,スタンダード（内国株式）,電気機器
6918,2026-10-01,4415.0,0.0068,0.1263,0.235,0.3179,0.2361,0.2851,3719.8952,3452.3651,True,0.1869,0.9944,4440.0,2166.2611,0.0352,1.7643,441500.0,1.019,0.6759,アバールデータ,スタンダード（内国株式）,電気機器
6919,2026-10-01,1412.0,0.0,0.0073,-0.0249,0.018,-0.0237,-0.0148,1418.3866,1399.5689,True,-0.0045,0.8877,1590.6003,1312.1965,0.0107,0.1405,141200.0,1.1025,0.3357,ケル,スタンダード（内国株式）,電気機器
6920,2026-10-01,45710.0,0.1114,0.1491,0.3588,-0.0425,0.36,-0.0754,36433.2,41545.5785,False,0.2546,0.7834,58349.1951,18008.8608,0.0493,1361.6329,4571000.0,1.1386,0.5415,レーザーテック,プライム（内国株式）,電気機器
6923,2026-10-01,3491.0,-0.0043,-0.0077,-0.0396,-0.034,-0.0385,-0.0669,3540.3262,3560.1488,False,-0.0139,0.9182,3802.0,2718.8918,0.0182,16.5458,349100.0,0.8886,0.2904,スタンレー電気,プライム（内国株式）,電気機器
6925,2026-10-01,4190.0,0.0397,0.0338,0.0774,-0.1055,0.0786,-0.1383,3797.16,4075.3733,False,0.1035,0.8114,5164.0,2197.1484,0.0324,16.5938,419000.0,1.1183,0.5479,ウシオ電機,プライム（内国株式）,電気機器
6926,2026-10-01,197.0,0.0103,0.0314,0.0368,0.0649,0.038,0.032,191.56,187.6533,False,0.0284,0.8277,238.0,177.0,0.0196,0.0302,19700.0,1.0705,0.363,岡谷電機産業,スタンダード（内国株式）,電気機器
6927,2026-10-01,993.0,-0.005,-0.003,0.0,0.0575,0.0012,0.0247,985.0,952.44,True,0.0081,0.7653,1297.5103,773.6937,0.0159,0.4387,99300.0,0.7546,0.3104,ヘリオス　テクノ　ホールディング,スタンダード（内国株式）,電気機器
6928,2026-10-01,3395.0,0.0319,0.104,0.1131,0.1623,0.1143,0.1294,3010.6119,2942.9773,False,0.1277,0.853,3980.0,1577.77,0.0342,1.4569,339500.0,0.808,0.4821,エノモト,スタンダード（内国株式）,電気機器
6929,2026-10-01,3745.0,0.0218,0.0177,-0.0145,0.0027,-0.0133,-0.0302,3687.8,3730.7333,False,0.0155,0.875,4280.0,3230.3571,0.0133,3.0072,374500.0,0.6962,0.2518,日本セラミック,プライム（内国株式）,電気機器
6932,2026-10-01,2514.0,-0.0206,-0.0196,-0.0237,0.0458,-0.0225,0.0129,2546.9638,2509.5613,True,-0.0129,0.826,3043.6364,1984.2546,0.02,0.7873,251400.0,0.6266,0.2347,遠藤照明,スタンダード（内国株式）,電気機器
6941,2026-10-01,9320.0,0.0507,0.1102,0.1506,0.0231,0.1518,-0.0098,7939.7816,8696.7272,False,0.1738,0.8161,11420.0,3358.0775,0.0424,21.5098,932000.0,0.8559,0.5494,山一電機,プライム（内国株式）,電気機器
6942,2026-10-01,1402.0,-0.0036,-0.0358,-0.0344,0.0424,-0.0333,0.0095,1433.8,1379.2267,True,-0.0222,0.9537,1470.0,1150.0,0.01,0.0812,140200.0,1.7339,0.65,ソフィアホールディングス,スタンダード（内国株式）,情報・通信業
6943,2026-10-01,6210.0,0.0333,0.0791,0.1089,0.2673,0.1101,0.2345,5685.9101,5276.9034,True,0.0922,0.9688,6410.0,4298.8707,0.0221,0.0493,621000.0,1.942,0.7,ＮＫＫスイッチズ,スタンダード（内国株式）,電気機器
6946,2026-10-01,7160.0,-0.0014,-0.0389,0.2136,0.3984,0.2147,0.3656,6424.8,5650.6,True,0.1144,0.7968,8986.2168,4128.6675,0.0534,13.8468,716000.0,1.0063,0.3768,日本アビオニクス,スタンダード（内国株式）,電気機器
6947,2026-10-01,5200.0,0.0196,0.0287,0.0117,0.1029,0.0128,0.07,4960.3765,4792.4588,True,0.0483,0.9962,5220.0,4115.3391,0.022,3.5135,520000.0,1.702,0.3368,図研,プライム（内国株式）,電気機器
6951,2026-10-01,7830.0,0.0247,0.0441,0.1069,0.0462,0.108,0.0134,7175.9806,7529.9135,True,0.0911,0.846,9255.0,4376.1546,0.0344,20.6053,783000.0,0.7775,0.4197,日本電子,プライム（内国株式）,電気機器
6952,2026-10-01,2197.5,0.0148,0.0066,-0.1254,0.1783,-0.1242,0.1454,2234.88,2068.58,True,-0.0167,0.8665,2536.0,1167.7538,0.0294,37.6749,219750.0,0.9045,0.2679,カシオ計算機,プライム（内国株式）,電気機器
6954,2026-10-01,6127.0,0.031,0.0176,0.0119,-0.1501,0.013,-0.1829,5907.88,6545.1067,False,0.0371,0.69,8880.0,4052.7733,0.0245,273.9523,612700.0,0.755,0.314,ファナック,プライム（内国株式）,電気機器
6955,2026-10-01,405.0,-0.0122,-0.0074,-0.0426,-0.1867,-0.0414,-0.2196,409.16,430.9867,False,-0.0102,0.6009,674.0,340.0,0.0173,0.1927,40500.0,0.3951,0.2,ＦＤＫ,スタンダード（内国株式）,電気機器
6958,2026-10-01,798.0,0.0076,-0.0075,0.0486,0.2258,0.0498,0.193,765.32,708.8533,True,0.0427,0.9696,823.0,323.3478,0.0341,5.4738,79800.0,0.6915,0.3822,日本シイエムケイ,プライム（内国株式）,電気機器
6960,2026-10-01,11810.0,0.0137,-0.0103,-0.0336,0.0498,-0.0324,0.0169,11907.2409,11578.8136,True,-0.0082,0.9456,12490.0,6467.1386,0.0222,7.5593,1181000.0,1.363,0.256,フクダ電子,スタンダード（内国株式）,電気機器
6961,2026-10-01,10710.0,0.0614,0.0548,0.0278,-0.173,0.029,-0.2058,9954.9195,11363.7732,False,0.0758,0.5953,17990.0,5370.735,0.0447,12.9876,1071000.0,0.7651,0.3282,エンプラス,プライム（内国株式）,電気機器
6962,2026-10-01,885.0,0.0291,0.0839,0.1203,-0.0494,0.1214,-0.0823,795.9913,824.6238,False,0.1118,0.7236,1223.0,519.1246,0.0463,2.8157,88500.0,0.6885,0.3442,大真空,プライム（内国株式）,電気機器
6963,2026-10-01,5105.0,0.0334,0.0765,0.0485,-0.0203,0.0496,-0.0532,4781.28,4929.08,False,0.0677,0.837,6099.0,1934.9397,0.0387,144.2409,510500.0,0.7,0.4218,ローム,プライム（内国株式）,電気機器
6964,2026-10-01,695.0,0.0058,0.0072,-0.0071,0.042,-0.006,0.0091,692.92,683.92,True,0.003,0.943,737.0,544.7391,0.0091,0.031,69500.0,0.959,0.2989,サンコー,スタンダード（内国株式）,電気機器
6965,2026-10-01,2404.0,0.0219,0.0466,0.0135,-0.0923,0.0146,-0.1252,2292.224,2429.1547,False,0.0488,0.7755,3100.0,1473.9257,0.0273,48.6501,240400.0,0.7078,0.4107,浜松ホトニクス,プライム（内国株式）,電気機器
6966,2026-10-01,927.0,0.0277,0.0289,-0.0232,-0.0702,-0.022,-0.103,908.44,952.3305,True,0.0204,0.6875,1348.459,556.0656,0.0431,30.4743,92700.0,0.9039,0.2479,三井ハイテック,プライム（内国株式）,電気機器
6969,2026-10-01,1068.0,0.0471,0.0606,0.0329,-0.1591,0.034,-0.1919,1008.72,1164.64,False,0.0588,0.4508,2369.0,715.0,0.0271,0.2578,106800.0,0.3966,0.318,松尾電機,スタンダード（内国株式）,電気機器
6971,2026-10-01,3728.0,0.0225,0.0292,0.0194,-0.0409,0.0206,-0.0738,3585.6776,3662.5459,True,0.0397,0.9276,4019.0,1915.5132,0.0278,171.1214,372800.0,0.9365,0.3222,京セラ,プライム（内国株式）,電気機器
6976,2026-10-01,10100.0,0.0832,0.136,0.0997,-0.5049,0.1009,-0.5378,9191.218,12304.7127,False,0.0989,0.4197,24065.0,3056.0328,0.0587,2571.9447,1010000.0,1.1084,0.2897,太陽誘電,プライム（内国株式）,電気機器
6977,2026-10-01,1895.0,0.0,0.0011,0.3033,0.2055,0.3045,0.1726,1534.12,1503.6164,True,0.2352,0.8355,2268.0,819.1633,0.0333,0.7515,189500.0,4.0543,1.0147,日本抵抗器製作所,スタンダード（内国株式）,電気機器
6981,2026-10-01,8513.0,0.0843,0.093,0.1838,-0.2172,0.185,-0.2501,7470.1085,8471.9295,False,0.1396,0.6602,12895.0,2538.3675,0.048,1593.6987,851300.0,0.8305,0.3892,村田製作所,プライム（内国株式）,電気機器
6982,2026-10-01,578.0,-0.0286,-0.0069,0.0017,-0.0187,0.0029,-0.0515,579.72,587.72,False,-0.003,0.8648,668.3406,526.6013,0.0132,0.0051,57800.0,1.1351,0.3533,リード,スタンダード（内国株式）,輸送用機器
6986,2026-10-01,735.0,-0.0081,-0.1091,-0.043,0.3125,-0.0418,0.2796,761.12,656.0533,True,-0.0343,0.8877,828.0,527.0,0.0528,4.1335,73500.0,1.4086,0.2965,双葉電子工業,プライム（内国株式）,電気機器
6988,2026-10-01,3517.0,0.0121,0.0104,0.0014,0.0878,0.0026,0.055,3391.4006,3333.7469,True,0.037,0.8729,4029.208,2882.5,0.023,104.287,351700.0,1.0686,0.4122,日東電工,プライム（内国株式）,化学
6989,2026-10-01,2383.0,0.0,0.0251,-0.0329,-0.0688,-0.0317,-0.1016,2392.5029,2445.621,False,-0.004,0.8032,2966.7609,2042.9098,0.0219,0.2518,238300.0,1.385,0.2684,北陸電気工業,スタンダード（内国株式）,電気機器
6993,2026-10-01,92.0,0.0,0.0337,0.0455,0.0824,0.0466,0.0495,88.08,89.6933,False,0.0445,0.4767,193.0,30.0,0.0349,1.6515,9200.0,0.4189,0.3111,大黒屋ホールディングス,スタンダード（内国株式）,小売業
6994,2026-10-01,1338.0,0.0695,0.0939,0.0869,0.0308,0.0881,-0.002,1191.4384,1171.9461,True,0.123,0.8705,1537.0,486.5794,0.0328,1.2902,133800.0,0.5199,0.559,指月電機製作所,スタンダード（内国株式）,電気機器
6995,2026-10-01,3075.0,-0.0065,-0.019,-0.033,0.0049,-0.0319,-0.028,3135.7735,3088.4312,True,-0.0194,0.8926,3445.0,2481.7785,0.0193,4.2869,307500.0,1.0119,0.3632,東海理化電機製作所,プライム（内国株式）,輸送用機器
6996,2026-10-01,2678.0,0.0449,0.025,-0.0297,-0.3765,-0.0286,-0.4093,2608.535,3182.1783,False,0.0266,0.5394,4965.0,1200.6158,0.0404,22.7165,267800.0,0.6266,0.2339,ニチコン,プライム（内国株式）,電気機器
6997,2026-10-01,2448.0,0.0062,-0.1242,-0.1662,-0.5237,-0.1651,-0.5566,2707.4,3535.0,False,-0.0958,0.3955,6190.0,1129.2504,0.0688,28.0749,244800.0,1.0039,0.2908,日本ケミコン,プライム（内国株式）,電気機器
6998,2026-10-01,4075.0,0.0252,-0.0268,0.1399,1.0457,0.141,1.0128,3634.5571,2741.4257,True,0.1212,0.9586,4251.0743,1295.5182,0.0497,4.2055,407500.0,1.1814,0.4401,日本タングステン,スタンダード（内国株式）,電気機器
6999,2026-10-01,2383.0,0.0397,0.0548,0.0119,-0.1757,0.013,-0.2086,2235.9521,2462.5707,False,0.0658,0.7276,3275.0,1102.7867,0.0338,8.7803,238300.0,0.3992,0.3997,ＫＯＡ,プライム（内国株式）,電気機器
7003,2026-10-01,4234.0,0.0144,-0.0226,-0.0377,-0.0273,-0.0366,-0.0602,4286.9344,4379.6581,False,-0.0123,0.5052,8380.4496,3751.0,0.0372,80.85,423400.0,0.6921,0.2741,三井Ｅ＆Ｓ,プライム（内国株式）,機械
7004,2026-10-01,1173.0,0.0,-0.0068,-0.011,-0.1025,-0.0098,-0.1354,1170.92,1231.24,False,0.0018,0.7743,1515.0,887.0435,0.0211,13.8035,117300.0,1.3421,0.2428,カナデビア,プライム（内国株式）,機械
7011,2026-10-01,3842.0,0.0008,-0.0186,-0.0121,0.0143,-0.0109,-0.0186,3831.2322,3866.6507,False,0.0028,0.7398,5193.2077,3404.0,0.0305,611.3193,384200.0,1.0353,0.2993,三菱重工業,プライム（内国株式）,機械
7012,2026-10-01,2352.0,-0.0053,-0.0118,-0.0887,-0.1494,-0.0876,-0.1822,2438.6973,2698.8324,False,-0.0356,0.6285,3742.207,1817.6242,0.0309,257.7025,235200.0,0.7899,0.234,川崎重工業,プライム（内国株式）,輸送用機器
7013,2026-10-01,2711.5,0.0071,-0.0307,0.011,-0.0321,0.0122,-0.065,2719.9107,2773.0636,True,-0.0031,0.5788,4684.5774,2211.1842,0.041,320.1908,271150.0,0.8466,0.2753,ＩＨＩ,プライム（内国株式）,機械
7014,2026-10-01,4735.0,-0.0073,-0.0286,-0.0217,0.3263,-0.0205,0.2935,4769.1461,4285.182,True,-0.0072,0.7879,6009.7562,2972.3638,0.0459,71.9816,473500.0,0.8003,0.2451,名村造船所,スタンダード（内国株式）,輸送用機器
7018,2026-10-01,13570.0,0.0195,0.0112,0.0519,0.3638,0.0531,0.331,13084.4,11276.8,True,0.0371,0.6653,20397.3611,7219.5142,0.0494,3.8508,1357000.0,0.9652,0.2224,内海造船,スタンダード（内国株式）,輸送用機器
7021,2026-10-01,2446.0,0.002,0.0253,0.1078,0.3657,0.1089,0.3329,2295.4667,2049.4089,True,0.0656,0.7575,3228.9598,1746.0,0.0252,0.0359,244600.0,1.1929,0.4372,ニッチツ,スタンダード（内国株式）,機械
7022,2026-10-01,351.0,0.0057,-0.025,0.1108,0.3874,0.1119,0.3545,340.8,303.96,True,0.0299,0.6282,558.7795,233.0,0.0293,0.2454,35100.0,0.7423,0.2236,サノヤスホールディングス,スタンダード（内国株式）,機械
7030,2026-10-01,973.0,0.0062,0.021,-0.0112,-0.0299,-0.01,-0.0628,969.4345,1015.9315,False,0.0037,0.678,1435.2,942.1568,0.0141,0.2489,97300.0,2.2827,0.2467,スプリックス,スタンダード（内国株式）,サービス業
7031,2026-10-01,695.0,0.0,0.0546,-0.0043,0.0859,-0.0031,0.0531,690.76,684.4,True,0.0061,0.7457,932.0,552.0,0.0442,0.0097,69500.0,0.7804,0.3223,インバウンドテック,グロース（内国株式）,サービス業
7033,2026-10-01,1543.0,-0.0013,-0.0203,-0.0772,0.1575,-0.076,0.1247,1595.16,1474.8133,True,-0.0327,0.8847,1744.0,1209.0,0.0226,1.2466,154300.0,1.0892,0.2663,マネジメントソリューションズ,プライム（内国株式）,サービス業
7034,2026-10-01,310.0,-0.0096,-0.0127,-0.1389,-0.104,-0.1377,-0.1369,333.68,352.6,False,-0.071,0.4627,670.0,305.0,0.03,0.0897,31000.0,0.8524,0.1831,プロレド・パートナーズ,プライム（内国株式）,サービス業
7035,2026-10-01,221.0,-0.0349,0.0231,-0.0714,-0.123,-0.0703,-0.1559,232.44,242.56,False,-0.0492,0.6519,339.0,201.0,0.0672,0.5714,22100.0,2.5026,0.5048,ａｎｄ　ｆａｃｔｏｒｙ,スタンダード（内国株式）,サービス業
7036,2026-10-01,647.0,-0.0212,-0.0314,-0.0485,0.0303,-0.0474,-0.0026,667.0,645.4,False,-0.03,0.5094,1270.0,585.0,0.0077,0.0112,64700.0,0.9769,0.44,イーエムネットジャパン,グロース（内国株式）,サービス業
7037,2026-10-01,799.0,0.0,-0.0012,-0.0268,-0.0655,-0.0256,-0.0984,805.2,838.6267,False,-0.0077,0.6159,1297.2434,650.106,0.0106,0.0891,79900.0,1.5715,0.2471,テノ．ホールディングス,スタンダード（内国株式）,サービス業
7038,2026-10-01,582.0,-0.0102,0.0052,-0.0185,0.0738,-0.0174,0.0409,583.04,574.4667,True,-0.0018,0.7854,741.0,526.0,0.0162,0.1076,58200.0,1.1357,0.2652,フロンティア・マネジメント,プライム（内国株式）,サービス業
7039,2026-10-01,1345.0,0.0,-0.003,-0.0254,-0.1989,-0.0242,-0.2318,1362.48,1558.9589,False,-0.0128,0.6629,2028.8843,1320.0,0.0095,0.1574,134500.0,0.5581,0.3989,ブリッジインターナショナルグループ,グロース（内国株式）,サービス業
7040,2026-10-01,963.0,-0.0031,0.0104,-0.0103,0.0126,-0.0091,-0.0202,969.8491,970.1364,False,-0.0071,0.7545,1276.3031,912.0,0.005,0.0089,96300.0,0.8151,0.4727,サン・ライフホールディング,スタンダード（内国株式）,サービス業
7041,2026-10-01,332.0,-0.009,-0.0055,-0.0568,-0.0541,-0.0557,-0.087,345.145,332.795,True,-0.0381,0.8491,391.0,240.0,0.027,0.0292,33200.0,1.5178,0.3007,ＣＲＧホールディングス,グロース（内国株式）,サービス業
7042,2026-10-01,687.0,-0.02,0.03,-0.0143,0.0836,-0.0132,0.0507,684.6,662.84,True,0.0035,0.7413,926.7626,536.5467,0.0288,0.0229,68700.0,0.6641,0.2729,アクセスグループ・ホールディングス,スタンダード（内国株式）,サービス業
7043,2026-10-01,944.0,0.0043,0.0032,0.0053,0.0205,0.0065,-0.0123,941.52,919.2133,True,0.0026,0.7677,1229.6754,777.0,0.0149,0.0165,94400.0,0.794,0.1919,アルー,グロース（内国株式）,サービス業
7044,2026-10-01,623.0,0.0577,0.1958,0.1935,0.3227,0.1946,0.2899,524.56,510.32,True,0.1877,0.934,667.0,462.0,0.0257,0.115,62300.0,2.2353,0.7125,ピアラ,スタンダード（内国株式）,サービス業
7046,2026-10-01,1312.0,-0.0053,-0.0113,-0.0353,-0.0091,-0.0341,-0.0419,1335.04,1314.6533,True,-0.0173,0.7498,1749.794,1200.0,0.0219,0.0353,131200.0,1.7741,0.3439,ＴＤＳＥ,グロース（内国株式）,サービス業
7047,2026-10-01,2170.0,0.0018,-0.0136,-0.052,-0.0758,-0.0508,-0.1087,2179.24,2301.5467,False,-0.0042,0.7837,2769.0,1750.7693,0.0267,2.7374,217000.0,0.6452,0.219,ポート,グロース（内国株式）,サービス業
7048,2026-10-01,148.0,0.0068,-0.0133,-0.0452,-0.1345,-0.044,-0.1674,154.52,157.9467,True,-0.0422,0.5286,280.0,115.0,0.0357,0.2394,14800.0,0.7545,0.3973,ベルトラ,グロース（内国株式）,サービス業
7049,2026-10-01,765.0,-0.0052,-0.0154,-0.0602,-0.1094,-0.059,-0.1423,796.8,835.08,False,-0.0399,0.7522,1017.0,744.0,0.008,0.1303,76500.0,0.7817,0.3256,識学,グロース（内国株式）,サービス業
7050,2026-10-01,1475.0,0.0048,-0.0353,-0.0067,0.1183,-0.0056,0.0854,1461.8,1383.6933,True,0.009,0.8904,1656.5752,1047.3706,0.0297,0.2375,147500.0,1.7135,0.2371,フロンティアインターナショナル,グロース（内国株式）,サービス業
7057,2026-10-01,904.0,-0.0011,-0.0311,-0.0373,-0.0142,-0.0361,-0.047,922.08,916.2667,True,-0.0196,0.7851,1151.428,856.0,0.0113,0.055,90400.0,3.2988,0.3916,エヌ・シー・エヌ,スタンダード（内国株式）,サービス業
7059,2026-10-01,969.0,0.0179,0.0094,0.0375,0.2219,0.0386,0.1891,934.3146,850.4515,True,0.0371,0.831,1166.1016,716.0,0.0224,1.1085,96900.0,1.1184,0.2904,コプロ・ホールディングス,プライム（内国株式）,サービス業
7060,2026-10-01,600.0,-0.0099,0.0222,0.0,0.0274,0.0012,-0.0055,592.469,593.9163,True,0.0127,0.9303,644.9257,471.1433,0.0195,0.0779,60000.0,1.2451,0.2795,ギークス,スタンダード（内国株式）,サービス業
7061,2026-10-01,487.0,-0.0081,-0.002,0.0253,-0.1486,0.0264,-0.1815,486.64,529.6667,False,0.0007,0.3159,1541.8405,465.0,0.0324,0.4307,48700.0,0.585,0.1457,日本ホスピスホールディングス,グロース（内国株式）,サービス業
7062,2026-10-01,692.0,0.0044,0.0073,-0.01,-0.081,-0.0089,-0.1139,689.28,738.0933,False,0.0039,0.7518,920.4511,670.0,0.0084,0.0185,69200.0,0.4645,0.363,フレアス,グロース（内国株式）,サービス業
7063,2026-10-01,56.0,-0.0667,-0.1111,-0.3636,-0.4717,-0.3625,-0.5046,75.4,84.2933,False,-0.2573,0.2036,275.0,56.0,0.1084,0.5716,5600.0,1.1526,0.3788,Ｂｉｒｄｍａｎ,グロース（内国株式）,サービス業
7064,2026-10-01,1022.0,-0.0039,0.0,0.1169,0.1953,0.1181,0.1625,981.24,899.3067,True,0.0415,0.6813,1500.0,752.0,0.0446,0.0747,102200.0,0.6709,0.2041,ハウテレビジョン,スタンダード（内国株式）,サービス業
7065,2026-10-01,966.0,0.0115,0.0233,-0.0321,-0.0,-0.0309,-0.0329,964.6061,964.4555,True,0.0014,0.8457,1142.2928,666.498,0.0162,0.0893,96600.0,0.3535,0.3132,ユーピーアール,スタンダード（内国株式）,サービス業
7066,2026-10-01,434.0,-0.0114,-0.0094,0.0164,0.056,0.0176,0.0231,447.0874,433.1758,True,-0.0293,0.5198,835.0,363.0,0.0241,0.1078,43400.0,0.5534,0.2778,ピアズ,グロース（内国株式）,サービス業
7067,2026-10-01,1080.0,0.0019,0.0286,0.0465,0.1297,0.0477,0.0969,1052.64,1017.88,True,0.026,0.7177,1504.7848,904.0,0.0101,0.0055,108000.0,0.1752,0.2763,ブランディングテクノロジー,グロース（内国株式）,サービス業
7068,2026-10-01,571.0,0.0018,-0.0593,-0.0937,0.0574,-0.0925,0.0246,602.6,558.8267,True,-0.0524,0.7197,793.4356,447.0,0.0294,0.375,57100.0,1.4808,0.5004,フィードフォースグループ,グロース（内国株式）,サービス業
7069,2026-10-01,483.0,-0.0062,-0.0398,-0.1218,-0.3,-0.1207,-0.3329,518.4,602.6267,False,-0.0683,0.6122,789.0,350.0,0.0361,0.0962,48300.0,0.6537,0.2869,サイバー・バズ,グロース（内国株式）,サービス業
7071,2026-10-01,393.0,-0.015,0.0154,-0.0553,0.1165,-0.0541,0.0836,399.322,379.5473,True,-0.0158,0.5831,674.0,319.0,0.0332,1.1502,39300.0,1.1064,0.3066,アンビスホールディングス,プライム（内国株式）,サービス業
7072,2026-10-01,1110.0,-0.0009,0.0091,-0.0423,0.1235,-0.0411,0.0906,1110.96,1067.0133,True,-0.0009,0.6383,1739.0,823.0,0.0224,0.0469,111000.0,0.601,0.354,インティメート・マージャー,グロース（内国株式）,サービス業
7073,2026-10-01,2410.0,0.013,0.0433,0.026,-0.0143,0.0271,-0.0472,2332.16,2333.68,True,0.0334,0.8623,2794.7285,1915.0,0.0167,0.0306,241000.0,0.9876,0.3525,ジェイック,グロース（内国株式）,サービス業
7074,2026-10-01,189.0,-0.0156,0.0,-0.0156,0.1317,-0.0145,0.0989,188.68,183.0267,True,0.0017,0.6,315.0,163.0,0.0261,0.0094,18900.0,0.7771,0.2841,トゥエンティーフォーセブンホールディングス,グロース（内国株式）,サービス業
7075,2026-10-01,1004.0,-0.002,0.004,0.1319,0.2488,0.1331,0.2159,972.8,867.36,True,0.0321,0.8972,1119.0,713.0754,0.0524,0.2532,100400.0,1.3115,0.2071,ＱＬＳホールディングス,グロース（内国株式）,サービス業
7077,2026-10-01,996.0,0.004,0.0061,0.0205,-0.001,0.0216,-0.0339,991.08,998.96,True,0.005,0.8973,1110.0,939.0,0.0101,0.0121,99600.0,0.6124,0.1986,ＡＬｉＮＫインターネット,グロース（内国株式）,サービス業
7078,2026-10-01,336.0,-0.0059,-0.0317,-0.0693,-0.0641,-0.0681,-0.0969,346.12,347.2933,False,-0.0292,0.6588,510.0,330.0,0.0223,0.0404,33600.0,0.5207,0.24,ＩＮＣＬＵＳＩＶＥ　Ｈｏｌｄｉｎｇｓ,グロース（内国株式）,サービス業
7079,2026-10-01,2622.0,0.0046,0.0179,0.0262,0.0155,0.0274,-0.0174,2573.76,2579.4,True,0.0187,0.9628,2723.2271,2460.0623,0.0101,0.0552,262200.0,0.8483,0.317,ＷＤＢココ,グロース（内国株式）,サービス業
7080,2026-10-01,898.0,0.0056,-0.0044,0.0263,0.1114,0.0274,0.0785,882.0,835.7067,True,0.0181,0.9267,969.0,731.5776,0.0179,0.1374,89800.0,0.8388,0.2364,スポーツフィールド,グロース（内国株式）,サービス業
7081,2026-10-01,1294.0,0.0101,0.0047,-0.0107,-0.035,-0.0095,-0.0679,1292.28,1308.1819,False,0.0013,0.8958,1444.579,1105.0786,0.011,0.0502,129400.0,1.1408,0.1759,コーユーレンティア,スタンダード（内国株式）,サービス業
7083,2026-10-01,1308.0,0.0054,0.1038,0.1869,0.3306,0.1881,0.2978,1139.56,1056.04,True,0.1478,0.9761,1340.0,700.0,0.024,0.0475,130800.0,1.1936,0.7303,ＡＨＣグループ,グロース（内国株式）,サービス業
7084,2026-10-01,2844.0,0.0032,0.0233,-0.0115,0.0278,-0.0103,-0.005,2842.66,2772.62,True,0.0005,0.8028,3542.4579,1856.0,0.0352,0.2026,284400.0,1.9598,0.2367,Ｓｍｉｌｅ　Ｈｏｌｄｉｎｇｓ,グロース（内国株式）,サービス業
7085,2026-10-01,910.0,0.0225,0.0294,-0.0411,0.0135,-0.0399,-0.0194,907.58,910.9417,True,0.0027,0.9275,981.125,692.141,0.017,2.7582,91000.0,0.5061,0.2333,カーブスホールディングス,プライム（内国株式）,サービス業
7087,2026-10-01,1362.0,-0.0015,-0.0271,-0.0334,0.0241,-0.0322,-0.0088,1409.984,1367.288,True,-0.034,0.9209,1478.9932,1179.2638,0.0135,0.103,136200.0,2.3213,0.4878,ウイルテック,スタンダード（内国株式）,サービス業
7089,2026-10-01,1390.0,-0.0107,-0.0334,-0.1107,-0.1021,-0.1095,-0.1349,1438.32,1530.9067,False,-0.0336,0.7934,1752.0,857.0,0.0275,0.2421,139000.0,0.428,0.3082,フォースタートアップス,グロース（内国株式）,サービス業
7090,2026-10-01,906.0,-0.0088,-0.0867,-0.0423,0.1782,-0.0411,0.1453,943.08,858.7867,True,-0.0393,0.5314,1705.0,703.0,0.0196,0.018,90600.0,1.5855,0.5645,リグア,グロース（内国株式）,サービス業
7091,2026-10-01,1196.0,-0.0033,-0.0842,-0.0764,-0.0181,-0.0753,-0.0509,1272.12,1235.2533,True,-0.0598,0.8794,1360.0,923.1083,0.0266,0.3366,119600.0,3.03,0.5222,リビングプラットフォーム,グロース（内国株式）,サービス業
7093,2026-10-01,604.0,-0.0115,0.0,0.01,0.2202,0.0112,0.1873,594.36,545.3467,True,0.0162,0.6601,915.0,464.0,0.0248,0.0261,60400.0,1.2742,0.5667,アディッシュ,グロース（内国株式）,サービス業
7094,2026-10-01,1820.0,-0.0011,-0.0092,-0.0785,0.3075,-0.0773,0.2746,1847.9207,1593.4536,True,-0.0151,0.772,2357.5797,1244.0,0.026,0.9478,182000.0,0.5706,0.2596,ＮｅｘＴｏｎｅ,グロース（内国株式）,サービス業
7095,2026-10-01,1148.0,-0.0017,-0.0052,-0.1073,0.0389,-0.1062,0.0061,1208.04,1169.7733,True,-0.0497,0.5112,2245.6575,976.0,0.0287,0.7724,114800.0,0.8463,0.1761,Ｍａｃｂｅｅ　Ｐｌａｎｅｔ,プライム（内国株式）,サービス業
7096,2026-10-01,745.0,0.0333,0.004,-0.0261,0.0362,-0.025,0.0033,750.56,737.12,True,-0.0074,0.7633,976.0,627.0,0.0161,0.0257,74500.0,0.9814,0.425,ステムセル研究所,グロース（内国株式）,サービス業
7097,2026-10-01,2806.0,0.0104,0.0152,0.0123,-0.0618,0.0134,-0.0947,2753.72,2838.093,False,0.019,0.8453,3319.3712,2368.1486,0.012,0.1502,280600.0,0.9356,0.3991,さくらさくプラス,グロース（内国株式）,サービス業
7102,2026-10-01,3590.0,-0.0124,-0.0057,-0.0284,0.1307,-0.0273,0.0979,3628.8216,3502.3405,True,-0.0107,0.8169,4394.3985,2635.6459,0.0216,1.1728,359000.0,0.7845,0.2581,日本車輌製造,プライム（内国株式）,輸送用機器
7110,2026-10-01,1884.0,-0.0021,-0.0121,-0.0742,-0.0427,-0.073,-0.0755,1981.64,1986.4927,False,-0.0493,0.7901,2384.5239,1860.0,0.0209,0.1474,188400.0,2.408,0.2291,クラシコム,グロース（内国株式）,小売業
7111,2026-10-01,584.0,0.0069,0.0638,0.0916,0.3487,0.0927,0.3159,529.92,488.0933,True,0.1021,0.6713,870.0,404.0,0.0225,0.0528,58400.0,1.3382,0.6924,ＩＮＥＳＴ,スタンダード（内国株式）,卸売業
7112,2026-10-01,568.0,0.0125,-0.007,-0.1851,-0.1943,-0.1839,-0.2272,658.64,688.6,False,-0.1376,0.5732,991.0,550.0,0.0272,0.0667,56800.0,3.9572,0.9398,キューブ,グロース（内国株式）,小売業
7114,2026-10-01,803.0,-0.0171,-0.0302,0.0321,0.1199,0.0333,0.0871,793.2,764.92,True,0.0124,0.8046,998.0,680.0,0.0211,0.0219,80300.0,1.3693,0.5316,フーディソン,グロース（内国株式）,卸売業
7115,2026-10-01,1453.0,-0.0149,-0.0196,-0.032,-0.0986,-0.0308,-0.1315,1479.4,1537.9333,False,-0.0178,0.4228,3436.8024,1380.0,0.0185,0.089,145300.0,0.5407,0.2748,アルファパーチェス,スタンダード（内国株式）,卸売業
7119,2026-10-01,1904.0,-0.0384,-0.0725,0.0309,0.1273,0.032,0.0944,1970.5511,1775.3037,True,-0.0338,0.8271,2302.0,1215.5831,0.0431,0.6773,190400.0,3.0054,0.5135,ハルメクホールディングス,グロース（内国株式）,小売業
7120,2026-10-01,991.0,-0.0139,-0.006,-0.012,-0.0444,-0.0108,-0.0772,999.44,1022.9467,True,-0.0084,0.8832,1122.0,745.423,0.012,0.1577,99100.0,1.1418,0.2193,ＳＨＩＮＫＯ,スタンダード（内国株式）,卸売業
7122,2026-10-01,2400.0,0.0025,-0.0172,-0.0212,0.0021,-0.02,-0.0308,2417.76,2382.56,True,-0.0073,0.9562,2510.0,2075.0,0.0167,0.0781,240000.0,1.3153,0.282,近畿車輛,スタンダード（内国株式）,輸送用機器
7126,2026-10-01,1451.0,-0.0089,0.0,0.0126,-0.0208,0.0137,-0.0537,1439.48,1448.6174,False,0.008,0.9562,1517.4888,1265.0557,0.0129,0.0336,145100.0,0.3329,0.2981,グローバルスタイル,スタンダード（内国株式）,小売業
7127,2026-10-01,690.0,-0.0058,-0.0295,-0.0213,-0.0157,-0.0201,-0.0485,706.52,701.3867,True,-0.0234,0.953,724.0,650.0,0.01,0.0712,69000.0,1.896,0.4907,一家ホールディングス,スタンダード（内国株式）,小売業
7128,2026-10-01,2926.0,0.0003,0.0292,0.0797,0.354,0.0809,0.3211,2822.96,2623.3809,True,0.0365,0.9609,3045.0,1966.9672,0.0182,2.334,292600.0,0.5997,0.2646,ユニソルホールディングス,プライム（内国株式）,卸売業
7129,2026-10-01,1128.0,-0.007,-0.0242,-0.0424,-0.0157,-0.0413,-0.0486,1167.7204,1152.8535,True,-0.034,0.9408,1199.0,1070.3675,0.0151,0.0324,112800.0,1.9255,0.4457,ミアヘルサホールディングス,スタンダード（内国株式）,小売業
7130,2026-10-01,2724.0,-0.0029,-0.0264,-0.0486,-0.0706,-0.0474,-0.1035,2821.56,2883.0533,False,-0.0346,0.862,3160.0,2251.9209,0.0151,2.0811,272400.0,1.0294,0.3993,ヤマエグループホールディングス,プライム（内国株式）,卸売業
7131,2026-10-01,3805.0,-0.0104,0.0256,0.0439,0.0871,0.0451,0.0543,3730.0,3630.0,True,0.0201,0.8551,4450.0,2562.0,0.0281,0.2024,380500.0,1.3424,0.1873,のむら産業,スタンダード（内国株式）,卸売業
7133,2026-10-01,2103.0,0.0,0.5659,0.6227,0.9049,0.6238,0.872,1420.48,1256.96,True,0.4805,0.999,2105.0,836.0,0.0324,0.9017,210300.0,4.957,1.1591,ＨＹＵＧＡ　ＰＲＩＭＡＲＹ　ＣＡＲＥ,グロース（内国株式）,小売業
7134,2026-10-01,1427.0,0.0042,-0.0104,0.0288,0.138,0.03,0.1051,1407.32,1354.76,True,0.014,0.9413,1516.0,956.8807,0.0289,0.1341,142700.0,0.7732,0.1795,アップガレージグループ,スタンダード（内国株式）,小売業
7135,2026-10-01,171.0,-0.0058,-0.0058,-0.05,-0.2083,-0.0488,-0.2412,177.88,200.8667,False,-0.0387,0.7223,236.7568,170.0,0.0125,0.0522,17100.0,1.2365,0.6067,ジャパンクラフトホールディングス,スタンダード（内国株式）,小売業
7138,2026-10-01,153.0,0.0338,-0.0838,-0.1156,0.1953,-0.1144,0.1625,155.56,140.3867,True,-0.0165,0.2698,567.0,119.0,0.0766,1.3359,15300.0,0.655,0.3585,ＴＯＲＩＣＯ,グロース（内国株式）,小売業
7140,2026-10-01,796.0,-0.0075,-0.0025,-0.0038,-0.0149,-0.0026,-0.0477,800.48,811.4,False,-0.0056,0.8122,980.0,735.0,0.0061,0.0095,79600.0,0.4903,0.35,ペットゴー,グロース（内国株式）,小売業
7148,2026-10-01,1634.0,-0.0049,-0.0172,-0.0528,0.0624,-0.0516,0.0296,1685.2326,1615.7042,True,-0.0304,0.6882,2374.3942,1467.0,0.0228,10.5012,163400.0,1.3261,0.379,ＦＰＧ,プライム（内国株式）,証券、商品先物取引業
7150,2026-10-01,510.0,-0.0058,0.0077,-0.0538,0.0714,-0.0526,0.0386,522.1638,499.0546,True,-0.0233,0.7152,713.0902,459.0,0.0249,0.1016,51000.0,0.5166,0.1812,島根銀行,スタンダード（内国株式）,銀行業
7157,2026-10-01,1475.0,0.0158,0.0461,0.0201,-0.0856,0.0212,-0.1184,1441.24,1564.24,False,0.0234,0.6237,2365.0,1362.0,0.0256,3.972,147500.0,1.0655,0.1826,ライフネット生命保険,プライム（内国株式）,保険業
7161,2026-10-01,681.0,-0.0145,0.0879,0.1465,0.3539,0.1476,0.321,617.84,550.1333,True,0.1022,0.9673,704.0,361.2831,0.0374,1.0634,68100.0,1.6536,0.3686,じもとホールディングス,スタンダード（内国株式）,銀行業
7162,2026-10-01,293.0,-0.0068,0.0281,0.0974,0.1445,0.0985,0.1117,287.96,272.5067,False,0.0175,0.5645,519.0,191.0526,0.0288,0.3871,29300.0,0.2723,0.2966,アストマックス,スタンダード（内国株式）,電気・ガス業
7164,2026-10-01,3057.0,-0.0016,-0.0084,-0.0477,0.0013,-0.0465,-0.0315,3151.8304,3089.3435,True,-0.0301,0.8953,3414.5194,2780.0,0.013,9.556,305700.0,0.9181,0.4036,全国保証,プライム（内国株式）,その他金融業
7167,2026-10-01,1694.5,-0.0137,0.032,-0.0076,0.1453,-0.0065,0.1125,1686.7388,1569.6863,True,0.0046,0.9789,1731.0,860.6614,0.0288,50.6301,169450.0,1.1126,0.2273,めぶきフィナンシャルグループ,プライム（内国株式）,銀行業
7172,2026-10-01,2135.0,-0.0047,0.0005,0.0014,0.045,0.0026,0.0122,2115.8,2078.8856,True,0.0091,0.8783,2430.7608,1686.232,0.0144,2.9705,213500.0,0.6291,0.3786,ジャパンインベストメントアドバイザー,プライム（内国株式）,証券、商品先物取引業
7173,2026-10-01,1709.0,-0.0133,0.0127,-0.0201,-0.0366,-0.0189,-0.0695,1704.1426,1706.0309,True,0.0029,0.8901,1920.0,857.2239,0.0281,20.2803,170900.0,1.0284,0.2411,東京きらぼしフィナンシャルグループ,プライム（内国株式）,銀行業
7175,2026-10-01,2060.0,0.0024,-0.0076,0.051,0.4917,0.0522,0.4588,2005.3496,1701.9432,True,0.0273,0.9279,2220.0,1024.3921,0.0373,0.3114,206000.0,1.5347,0.4009,今村証券,スタンダード（内国株式）,証券、商品先物取引業
7177,2026-10-01,1179.0,0.0051,0.0146,-0.0328,0.1755,-0.0317,0.1426,1173.1375,1086.7128,True,0.005,0.9485,1243.0,829.6733,0.0193,2.6052,117900.0,0.952,0.2391,ＧＭＯフィナンシャルホールディングス,スタンダード（内国株式）,証券、商品先物取引業
7180,2026-10-01,1717.5,-0.0269,0.0556,0.0812,0.1546,0.0824,0.1218,1623.9006,1544.8335,True,0.0576,0.9703,1770.0,804.1911,0.0324,23.9124,171750.0,1.3345,0.3062,九州フィナンシャルグループ,プライム（内国株式）,銀行業
7181,2026-10-01,1723.5,-0.0315,-0.0197,0.0168,0.0898,0.018,0.0569,1740.5524,1673.4841,True,-0.0098,0.9397,1834.0,1276.0347,0.025,41.4302,172350.0,1.03,0.2846,かんぽ生命保険,プライム（内国株式）,保険業
7182,2026-10-01,3441.0,-0.0174,0.0753,0.0106,0.0931,0.0117,0.0602,3325.32,3252.12,True,0.0348,0.9781,3518.0,1612.48,0.0289,209.2503,344100.0,1.0791,0.3266,ゆうちょ銀行,プライム（内国株式）,銀行業
7183,2026-10-01,255.0,0.0,0.0039,0.0039,0.0079,0.0051,-0.025,254.16,254.36,False,0.0033,0.9922,257.0,142.0,0.0028,0.0871,25500.0,0.7773,0.14,あんしん保証,スタンダード（内国株式）,その他金融業
7184,2026-10-01,3635.0,-0.0149,0.0536,0.0675,0.3879,0.0687,0.3551,3446.4438,3032.4546,True,0.0547,0.9668,3760.0,1204.7088,0.0402,6.8197,363500.0,1.0637,0.2566,富山第一銀行,プライム（内国株式）,銀行業
7185,2026-10-01,3630.0,-0.0109,-0.0668,-0.0763,-0.0632,-0.0752,-0.0961,3887.4,3867.4,True,-0.0662,0.8936,4062.4216,3379.5784,0.0119,0.4639,363000.0,2.7792,0.7289,ヒロセ通商,スタンダード（内国株式）,証券、商品先物取引業
7186,2026-10-01,1924.0,0.0003,0.0489,-0.0136,0.0809,-0.0124,0.048,1908.5626,1863.7409,True,0.0081,0.9642,1995.5,1039.6625,0.0286,81.7814,192400.0,1.2172,0.2235,横浜フィナンシャルグループ,プライム（内国株式）,銀行業
7187,2026-10-01,1318.0,-0.0053,-0.0014,-0.0538,-0.009,-0.0527,-0.0419,1342.3137,1344.0512,True,-0.0181,0.8087,1629.8216,1195.0,0.0141,0.755,131800.0,1.0621,0.2741,ジェイリース,プライム（内国株式）,その他金融業
7189,2026-10-01,4943.0,-0.0254,0.0202,0.0129,0.1694,0.0141,0.1365,4901.94,4541.86,True,0.0084,0.9658,5118.0,2275.5932,0.0298,24.1615,494300.0,1.2144,0.2216,西日本フィナンシャルホールディングス,プライム（内国株式）,銀行業
7191,2026-10-01,1168.0,-0.0118,-0.0138,-0.0043,0.0916,-0.0031,0.0587,1173.207,1130.0423,True,-0.0044,0.9558,1222.0,991.5956,0.0188,0.2567,116800.0,1.2208,0.2462,イントラスト,スタンダード（内国株式）,その他金融業
7192,2026-10-01,689.0,-0.0115,-0.0199,0.0954,0.2216,0.0965,0.1888,680.12,621.24,True,0.0131,0.9451,729.0,414.1524,0.025,0.5713,68900.0,1.118,0.2614,日本モーゲージサービス,スタンダード（内国株式）,その他金融業
7196,2026-10-01,747.0,-0.004,-0.004,0.0,-0.0568,0.0012,-0.0897,746.48,760.44,False,0.0007,0.9396,795.0,691.8233,0.0099,0.0697,74700.0,0.5488,0.2827,Ｃａｓａ,スタンダード（内国株式）,その他金融業
7198,2026-10-01,791.0,-0.0162,-0.0355,-0.0504,0.0,-0.0493,-0.0329,831.4076,814.9225,True,-0.0486,0.8524,927.9582,767.0,0.0121,0.9164,79100.0,0.9075,0.566,ＳＢＩアルヒ,プライム（内国株式）,その他金融業
7199,2026-10-01,2104.0,-0.0061,0.0087,0.0,-0.0089,0.0012,-0.0418,2094.5109,2075.7436,True,0.0045,0.9289,2265.0,1604.0507,0.0221,3.8577,210400.0,0.9287,0.2643,プレミアグループ,プライム（内国株式）,その他金融業
7201,2026-10-01,295.7,-0.0044,-0.0257,-0.0998,-0.0522,-0.0987,-0.0851,311.972,321.3947,False,-0.0522,0.6345,466.0,290.2,0.0218,117.618,29570.0012,1.0271,0.429,日産自動車,プライム（内国株式）,輸送用機器
7202,2026-10-01,2067.5,-0.0218,-0.039,-0.096,-0.0737,-0.0948,-0.1066,2190.8072,2251.7424,False,-0.0563,0.7201,2871.0251,1786.4265,0.0203,61.5811,206750.0,1.0121,0.4386,いすゞ自動車,プライム（内国株式）,輸送用機器
7203,2026-10-01,2925.0,0.0017,0.002,-0.0732,0.0473,-0.072,0.0144,3031.1297,2947.0366,True,-0.035,0.7421,3941.3143,2686.0,0.0181,771.1837,292500.0,0.9596,0.3585,トヨタ自動車,プライム（内国株式）,輸送用機器
7208,2026-10-01,1291.0,-0.0054,0.0127,-0.0145,0.0634,-0.0133,0.0306,1298.7032,1274.9144,True,-0.0059,0.9451,1366.0,933.6791,0.0139,0.0206,129100.0,0.5124,0.2401,カネミツ,スタンダード（内国株式）,輸送用機器
7211,2026-10-01,347.3,-0.0108,-0.0421,-0.1172,0.0559,-0.116,0.0231,367.8017,353.5486,True,-0.0557,0.7698,451.1519,300.7,0.0268,34.8093,34729.9988,0.6746,0.3886,三菱自動車工業,プライム（内国株式）,輸送用機器
7212,2026-10-01,730.0,-0.0054,-0.0053,-0.0382,0.1061,-0.0371,0.0732,736.5929,699.331,True,-0.009,0.8607,848.1337,605.0,0.0173,0.1982,73000.0,0.8868,0.2059,エフテック,スタンダード（内国株式）,輸送用機器
7213,2026-10-01,654.0,0.0077,-0.0165,-0.0439,0.0992,-0.0427,0.0663,669.92,634.2933,True,-0.0238,0.9437,693.0,412.3,0.0194,0.1507,65400.0,1.1205,0.3854,レシップホールディングス,スタンダード（内国株式）,輸送用機器
7214,2026-10-01,1145.0,0.0169,0.0302,0.0334,0.1804,0.0346,0.1476,1116.2187,1059.9796,True,0.0258,0.9662,1185.0,805.9783,0.0185,0.0723,114500.0,0.8893,0.34,ＧＭＢ,スタンダード（内国株式）,輸送用機器
7215,2026-10-01,416.0,-0.0048,-0.0212,-0.0437,-0.0326,-0.0425,-0.0654,427.04,425.1733,False,-0.0259,0.9043,460.0,337.0,0.012,0.0121,41600.0,0.5792,0.24,ファルテック,スタンダード（内国株式）,輸送用機器
7217,2026-10-01,454.0,-0.0066,0.0413,0.0044,0.0558,0.0056,0.023,449.88,436.44,True,0.0092,0.9722,467.0,345.3886,0.0181,0.0248,45400.0,1.1815,0.4383,テイン,スタンダード（内国株式）,輸送用機器
7218,2026-10-01,1144.0,-0.0061,0.0139,-0.0069,0.1417,-0.0058,0.1089,1134.8169,1068.459,True,0.0081,0.8968,1275.7102,925.0,0.0252,0.035,114400.0,0.4822,0.3868,田中精密工業,スタンダード（内国株式）,輸送用機器
7219,2026-10-01,2469.0,-0.0108,0.0073,-0.0175,0.1043,-0.0164,0.0714,2493.6359,2436.238,True,-0.0099,0.9214,2679.7477,2068.0978,0.0117,0.0314,246900.0,0.7957,0.337,エッチ・ケー・エス,スタンダード（内国株式）,輸送用機器
7220,2026-10-01,3065.0,0.0049,0.0529,-0.0526,-0.2241,-0.0514,-0.2569,2932.0218,3438.6073,False,0.0454,0.2905,10550.0,2198.7627,0.0413,31.1703,306500.0,0.9332,0.4531,武蔵精密工業,プライム（内国株式）,輸送用機器
7222,2026-10-01,922.0,-0.0181,-0.0086,-0.0054,-0.0346,-0.0042,-0.0674,927.04,943.0667,False,-0.0054,0.709,1300.4457,887.0,0.0182,0.9589,92200.0,1.1889,0.1966,日産車体,スタンダード（内国株式）,輸送用機器
7224,2026-10-01,1905.0,-0.0119,-0.015,-0.0398,-0.0537,-0.0387,-0.0865,1941.2735,1995.9178,False,-0.0187,0.6983,2728.0,1715.7489,0.0176,3.0446,190500.0,0.9265,0.287,新明和工業,プライム（内国株式）,輸送用機器
7226,2026-10-01,2176.0,-0.0167,-0.0319,-0.0572,0.0079,-0.056,-0.025,2288.5308,2270.9769,True,-0.0492,0.6274,3468.3907,2041.0,0.0154,5.7677,217600.0,1.235,0.5139,極東開発工業,プライム（内国株式）,輸送用機器
7228,2026-10-01,4025.0,-0.0012,0.005,-0.0111,0.0455,-0.0099,0.0126,4018.0,3892.0,True,0.0017,0.9616,4185.6666,3550.0,0.0076,0.0676,402500.0,0.8063,0.293,デイトナ,スタンダード（内国株式）,輸送用機器
7231,2026-10-01,3070.0,-0.0097,-0.0002,-0.0097,0.1095,-0.0085,0.0766,3085.4369,2935.319,True,-0.005,0.8522,3602.6366,2615.0,0.0186,1.7488,307000.0,0.9937,0.306,トピー工業,プライム（内国株式）,輸送用機器
7235,2026-10-01,1564.0,0.0006,0.018,-0.0164,0.0582,-0.0152,0.0253,1560.6639,1531.2213,True,0.0021,0.8721,1793.3849,1180.3202,0.0178,0.3359,156400.0,0.5686,0.3995,東京ラヂエーター製造,スタンダード（内国株式）,輸送用機器
7236,2026-10-01,1486.0,-0.0047,0.015,-0.0642,-0.0159,-0.0631,-0.0487,1505.1241,1501.188,True,-0.0127,0.9224,1611.0,626.4033,0.0229,4.7353,148600.0,1.0534,0.2434,ティラド,プライム（内国株式）,輸送用機器
7238,2026-10-01,107.0,-0.0093,-0.0183,-0.0183,-0.0273,-0.0172,-0.0601,106.6,108.5733,False,0.0038,0.5847,183.0,102.0,0.024,4.0387,10700.0,1.3039,0.1944,曙ブレーキ工業,プライム（内国株式）,輸送用機器
7239,2026-10-01,2335.0,0.0039,0.0074,-0.0139,0.0916,-0.0128,0.0588,2343.461,2250.3803,True,-0.0036,0.9709,2405.0,1846.4934,0.0158,2.2543,233500.0,1.2249,0.2441,タチエス,プライム（内国株式）,輸送用機器
7241,2026-10-01,1070.0,-0.0201,-0.0157,-0.0506,0.0952,-0.0494,0.0623,1100.4416,1037.9072,True,-0.0277,0.929,1151.8286,888.0511,0.0164,4.5406,107000.0,1.5243,0.2911,フタバ産業,プライム（内国株式）,輸送用機器
7242,2026-10-01,1555.0,-0.0026,0.0365,-0.6757,-0.6103,-0.6745,-0.6431,3955.5729,4149.9243,False,-0.6069,0.2977,5222.5068,1484.429,0.1868,5.4652,155500.0,2.112,1.1395,カヤバ,プライム（内国株式）,輸送用機器
7244,2026-10-01,560.0,0.0036,-0.0106,-0.0123,0.0832,-0.0112,0.0503,566.52,541.0141,True,-0.0115,0.9241,606.0,414.7657,0.0224,0.7994,56000.0,0.6919,0.2307,市光工業,プライム（内国株式）,電気機器
7245,2026-10-01,1244.0,0.0358,0.0958,0.0139,-0.3062,0.015,-0.339,1169.2572,1342.8457,True,0.0639,0.6699,1857.0,837.2459,0.0271,4.1606,124400.0,0.6308,0.5521,大同メタル工業,プライム（内国株式）,輸送用機器
7246,2026-10-01,979.0,-0.0171,-0.0052,-0.0307,0.2268,-0.0295,0.194,1001.162,902.814,True,-0.0221,0.9271,1056.0,603.671,0.0167,3.7985,97900.0,0.9259,0.3053,プレス工業,プライム（内国株式）,輸送用機器
7247,2026-10-01,366.0,0.0,0.0111,-0.024,0.0083,-0.0228,-0.0246,369.1977,365.3726,True,-0.0087,0.8583,426.4074,323.0,0.0164,0.1782,36600.0,0.8747,0.2839,ミクニ,スタンダード（内国株式）,輸送用機器
7254,2026-10-01,793.0,-0.0329,-0.0378,-0.0604,0.0938,-0.0593,0.0609,823.3266,788.1089,True,-0.0368,0.8774,903.8415,534.7729,0.0219,0.0347,79300.0,0.7389,0.369,ユニバンス,スタンダード（内国株式）,輸送用機器
7256,2026-10-01,542.0,-0.0109,0.0524,0.2813,0.2693,0.2825,0.2365,461.96,441.0933,True,0.1733,0.8885,610.0,75.0,0.0606,1.7811,54200.0,1.6097,0.5448,河西工業,スタンダード（内国株式）,輸送用機器
7259,2026-10-01,2180.0,-0.0129,-0.0065,-0.0315,-0.0322,-0.0304,-0.065,2227.3706,2261.1435,False,-0.0213,0.7033,3099.6734,2080.3671,0.0191,56.5463,218000.0,1.0145,0.3159,アイシン,プライム（内国株式）,輸送用機器
7261,2026-10-01,1106.5,-0.0054,-0.0217,-0.1019,-0.0063,-0.1007,-0.0391,1162.4678,1149.1759,True,-0.0481,0.815,1357.7338,975.2324,0.0212,80.7282,110650.0,0.8494,0.3878,マツダ,プライム（内国株式）,輸送用機器
7264,2026-10-01,1350.0,0.0,0.0105,0.0052,0.0266,0.0064,-0.0062,1346.0386,1334.3329,True,0.0029,0.9404,1435.6138,1201.589,0.0096,0.0178,135000.0,0.4608,0.2167,ムロコーポレーション,スタンダード（内国株式）,輸送用機器
7265,2026-10-01,3525.0,-0.0028,-0.0014,-0.0808,-0.076,-0.0797,-0.1089,3688.6,3780.2,False,-0.0444,0.7967,4424.5186,3280.0,0.0139,0.0497,352500.0,2.2658,0.5109,エイケン工業,スタンダード（内国株式）,輸送用機器
7266,2026-10-01,975.0,0.0,-0.001,-0.0561,0.0679,-0.055,0.0351,993.0761,943.7987,True,-0.0182,0.9183,1061.7567,712.7534,0.0154,0.219,97500.0,0.6748,0.2792,今仙電機製作所,スタンダード（内国株式）,輸送用機器
7267,2026-10-01,1696.0,0.0083,-0.001,-0.0082,0.1107,-0.007,0.0778,1682.9135,1599.4645,True,0.0078,0.9623,1762.5,1225.1418,0.0199,237.3389,169600.0,0.8753,0.227,本田技研工業,プライム（内国株式）,輸送用機器
7269,2026-10-01,2003.0,0.0073,0.0189,-0.1006,-0.0288,-0.0994,-0.0617,2056.9732,2028.6377,True,-0.0262,0.8201,2442.2953,1670.0,0.0222,138.2288,200300.0,0.9745,0.3187,スズキ,プライム（内国株式）,輸送用機器
7270,2026-10-01,2537.0,-0.0051,-0.0129,-0.0491,0.0142,-0.0479,-0.0187,2613.0953,2569.4184,True,-0.0291,0.7126,3560.0865,2247.5,0.0204,98.2459,253700.0,0.8646,0.366,ＳＵＢＡＲＵ,プライム（内国株式）,輸送用機器
7271,2026-10-01,787.0,-0.0162,-0.0039,-0.0426,-0.1912,-0.0414,-0.224,804.0449,896.575,False,-0.0212,0.5856,1344.0,628.837,0.0136,0.4034,78700.0,0.669,0.2804,安永,スタンダード（内国株式）,輸送用機器
7272,2026-10-01,1803.5,0.0003,-0.0118,-0.0558,0.4621,-0.0546,0.4292,1836.3,1566.4696,True,-0.0179,0.9076,1987.0,1012.504,0.0229,102.9138,180350.0,0.7171,0.2718,ヤマハ発動機,プライム（内国株式）,輸送用機器
7273,2026-10-01,607.0,-0.0049,-0.0396,0.0117,-0.0334,0.0128,-0.0663,609.84,613.3467,False,-0.0047,0.5836,1040.0852,498.0,0.0319,0.9359,60700.0,0.806,0.1911,イクヨ,スタンダード（内国株式）,輸送用機器
7276,2026-10-01,2727.0,0.002,0.0333,0.0079,0.0525,0.0091,0.0196,2661.0522,2646.2974,False,0.0248,0.9173,2973.0,2157.3904,0.0178,19.7742,272700.0,0.9278,0.2783,小糸製作所,プライム（内国株式）,電気機器
7277,2026-10-01,327.0,-0.003,-0.0179,-0.0992,0.0155,-0.098,-0.0173,342.7557,334.1186,True,-0.046,0.7796,419.4286,305.0,0.015,0.0782,32700.0,0.9095,0.3251,ＴＢＫ,スタンダード（内国株式）,輸送用機器
7278,2026-10-01,5760.0,-0.0069,-0.0109,-0.0725,-0.0495,-0.0713,-0.0824,5978.4822,5978.1607,False,-0.0365,0.9157,6290.0,4900.5833,0.0164,17.7908,576000.0,1.4399,0.3288,エクセディ,プライム（内国株式）,輸送用機器
7279,2026-10-01,2404.0,-0.0099,-0.0438,-0.1073,0.1727,-0.1062,0.1398,2531.72,2345.64,True,-0.0504,0.6097,3943.1618,1970.0,0.0245,2.3073,240400.0,0.6945,0.3458,ハイレックスコーポレーション,スタンダード（内国株式）,輸送用機器
7280,2026-10-01,1352.0,-0.0052,-0.0052,0.0127,0.1128,0.0139,0.0799,1335.44,1234.2133,True,0.0124,0.6412,2108.4725,855.3422,0.0253,2.4125,135200.0,0.8485,0.2138,ミツバ,プライム（内国株式）,電気機器
7282,2026-10-01,1043.5,0.0048,0.0801,-0.8101,-0.7981,-0.8089,-0.831,4263.5081,4832.3427,False,-0.7552,0.1824,5720.0,958.4235,0.3595,25.5354,104350.0,2.3936,1.1628,豊田合成,プライム（内国株式）,輸送用機器
7283,2026-10-01,2203.0,-0.0205,0.0132,-0.0759,0.1098,-0.0748,0.077,2227.334,2192.6047,True,-0.0109,0.8718,2527.0,1683.0,0.0229,3.8166,220300.0,0.831,0.3476,愛三工業,プライム（内国株式）,輸送用機器
7284,2026-10-01,1162.0,-0.006,-0.0011,-0.0068,-0.0599,-0.0057,-0.0927,1171.095,1198.0983,False,-0.0078,0.8576,1355.0,1119.6162,0.0104,0.0183,116200.0,2.1176,0.3899,盟和産業,スタンダード（内国株式）,輸送用機器
7287,2026-10-01,2715.0,-0.0163,-0.0041,-0.0091,0.0899,-0.008,0.0571,2704.3632,2566.7877,True,0.0039,0.9493,2860.0,1644.0266,0.0295,5.4547,271500.0,1.2159,0.3088,日本精機,スタンダード（内国株式）,輸送用機器
7291,2026-10-01,455.0,-0.0022,0.001,-0.0299,-0.013,-0.0287,-0.0459,460.5789,461.0596,False,-0.0121,0.9229,493.0,369.9535,0.0154,0.1394,45500.0,0.8811,0.2853,日本プラスト,スタンダード（内国株式）,輸送用機器
7292,2026-10-01,6830.0,-0.0044,0.0192,0.0044,0.0739,0.0056,0.041,6802.8767,6730.2922,True,0.004,0.9513,7180.0,6089.8141,0.0234,0.2764,683000.0,0.8231,0.2067,村上開明堂,スタンダード（内国株式）,輸送用機器
7294,2026-10-01,849.0,-0.0128,-0.0297,-0.0772,0.0107,-0.076,-0.0221,896.3906,886.3302,True,-0.0529,0.759,1118.5804,815.0,0.0166,0.7837,84900.0,2.3975,0.4403,ヨロズ,プライム（内国株式）,輸送用機器
7296,2026-10-01,4100.0,0.0012,-0.0108,-0.0191,0.1884,-0.018,0.1555,4145.5616,3832.3872,True,-0.011,0.9469,4330.0,2828.7093,0.0167,5.783,410000.0,1.0037,0.3142,エフ・シー・シー,プライム（内国株式）,輸送用機器
7297,2026-10-01,869.0,0.0,0.0127,-0.0011,0.0105,0.0,-0.0224,863.7655,863.0685,True,0.0061,0.8968,969.027,787.027,0.0104,0.016,86900.0,1.1237,0.2984,カーメイト,スタンダード（内国株式）,輸送用機器
7299,2026-10-01,1750.0,-0.0085,-0.0185,-0.0576,0.0306,-0.0565,-0.0022,1819.2155,1791.7785,True,-0.038,0.7908,2212.8099,1544.0496,0.0214,0.0751,175000.0,0.6319,0.199,フジオーゼックス,スタンダード（内国株式）,輸送用機器
7305,2026-10-01,2757.0,-0.0036,0.0049,0.0018,0.0902,0.003,0.0573,2757.1289,2650.4563,True,-0.0,0.9808,2811.0,2215.8889,0.0137,0.753,275700.0,1.5755,0.3282,新家工業,スタンダード（内国株式）,鉄鋼
7309,2026-10-01,17770.0,-0.0031,-0.0106,-0.109,0.0377,-0.1079,0.0048,18664.6,18491.4279,True,-0.0479,0.8254,21530.0,14592.6328,0.0184,50.8757,1777000.0,0.8531,0.3023,シマノ,プライム（内国株式）,輸送用機器
7313,2026-10-01,1775.5,-0.002,-0.0066,-0.0405,0.012,-0.0394,-0.0209,1821.1973,1794.0858,True,-0.0251,0.9024,1967.4269,1673.5556,0.0131,6.1667,177550.0,1.1541,0.4201,テイ・エス　テック,プライム（内国株式）,輸送用機器
7314,2026-10-01,1342.0,0.009,0.0291,0.0221,0.1183,0.0232,0.0855,1317.36,1267.16,True,0.0187,0.8947,1500.0,1120.0,0.0067,0.024,134200.0,0.6426,0.5556,小田原機器,スタンダード（内国株式）,輸送用機器
7318,2026-10-01,1325.0,-0.0214,-0.0336,-0.1017,-0.4032,-0.1005,-0.436,1371.96,1781.3067,False,-0.0342,0.5096,2600.0,950.0,0.0404,1.3276,132500.0,0.6102,0.3155,セレンディップ・ホールディングス,グロース（内国株式）,輸送用機器
7320,2026-10-01,1426.0,0.0078,-0.0279,-0.0213,-0.0118,-0.0201,-0.0446,1445.48,1447.1139,False,-0.0135,0.5922,2407.8911,1317.0375,0.0215,0.3245,142600.0,0.5192,0.28,Ｓｏｌｖｖｙ,グロース（内国株式）,その他金融業
7322,2026-10-01,2257.0,0.0022,0.1078,0.0018,0.2539,0.0029,0.221,2131.2852,1946.0951,True,0.059,0.9784,2306.8382,827.959,0.0449,11.0332,225700.0,1.2707,0.3048,三十三フィナンシャルグループ,プライム（内国株式）,銀行業
7325,2026-10-01,699.0,0.0043,-0.0043,0.0058,0.034,0.0069,0.0012,696.88,688.9869,False,0.003,0.723,966.7923,636.0733,0.017,0.0503,69900.0,1.3082,0.3458,アイリックコーポレーション,グロース（内国株式）,保険業
7326,2026-10-01,2140.0,-0.0051,-0.0655,0.0099,0.0328,0.0111,-0.0,2199.84,2133.2533,False,-0.0272,0.8609,2485.8198,1348.523,0.0319,1.0882,214000.0,2.5787,0.5014,ＳＢＩインシュアランスグループ,グロース（内国株式）,保険業
7327,2026-10-01,2766.0,-0.0212,0.042,0.063,0.2636,0.0642,0.2307,2649.1833,2401.0344,True,0.0441,0.9709,2849.0,1281.4595,0.0297,27.5067,276600.0,1.3976,0.3111,第四北越フィナンシャルグループ,プライム（内国株式）,銀行業
7337,2026-10-01,2406.5,-0.0163,0.0246,-0.0002,0.1103,0.0009,0.0774,2381.9485,2266.1095,True,0.0103,0.9771,2463.0,1324.0755,0.0245,15.8838,240650.0,1.0764,0.2183,ひろぎんホールディングス,プライム（内国株式）,銀行業
7343,2026-10-01,1313.0,0.0054,0.017,0.0178,0.108,0.019,0.0752,1289.0042,1238.1614,True,0.0186,0.9872,1330.0,1115.0,0.0177,0.0526,131300.0,1.6967,0.3437,ブロードマインド,グロース（内国株式）,保険業
7345,2026-10-01,939.0,0.0011,0.0043,-0.0021,-0.03,-0.001,-0.0628,938.76,948.9467,False,0.0003,0.742,1265.4804,559.0036,0.0169,0.0281,93900.0,1.3688,0.3658,アイ・パートナーズフィナンシャル,グロース（内国株式）,その他金融業
7347,2026-10-01,808.0,-0.0025,0.01,-0.0012,0.0618,-0.0001,0.0289,800.08,778.3867,True,0.0099,0.9297,869.1015,691.0,0.0105,0.0689,80800.0,0.8574,0.4118,マーキュリアホールディングス,プライム（内国株式）,証券、商品先物取引業
7350,2026-10-01,7930.0,-0.0294,0.0123,0.0602,0.2257,0.0613,0.1928,7846.5311,7305.377,True,0.0106,0.9577,8280.0,3481.5831,0.0299,6.9651,793000.0,0.9843,0.2334,おきなわフィナンシャルグループ,プライム（内国株式）,銀行業
7351,2026-10-01,469.0,-0.0147,-0.0249,0.0196,0.04,0.0207,0.0071,475.0278,452.2513,True,-0.0127,0.5128,914.6739,422.6087,0.0282,0.0792,46900.0,1.1615,0.3405,グッドパッチ,グロース（内国株式）,サービス業
7352,2026-10-01,311.0,-0.0032,-0.0401,-0.0633,-0.2083,-0.0621,-0.2412,324.7568,348.0383,False,-0.0424,0.3454,900.3441,303.1059,0.031,0.1778,31100.0,0.5878,0.3007,ＴＷＯＳＴＯＮＥ＆Ｓｏｎｓ,グロース（内国株式）,サービス業
7353,2026-10-01,508.0,0.004,0.002,-0.0679,-0.088,-0.0667,-0.1208,522.84,548.2133,False,-0.0284,0.6195,820.0,496.0,0.0173,0.0676,50800.0,1.2924,0.1593,ＫＩＹＯラーニング,グロース（内国株式）,サービス業
7354,2026-10-01,359.0,-0.0245,-0.0028,-0.0957,0.0945,-0.0946,0.0617,383.96,353.88,True,-0.065,0.8291,433.0,247.0967,0.0501,1.7449,35900.0,1.0351,0.3111,ダイレクトマーケティングミックス,スタンダード（内国株式）,サービス業
7356,2026-10-01,115.0,-0.0171,-0.0171,-0.0086,0.0088,-0.0075,-0.0241,116.56,116.8667,False,-0.0134,0.5044,228.0,110.0,0.0236,0.0362,11500.0,0.303,0.3684,Ｒｅｔｔｙ,グロース（内国株式）,サービス業
7357,2026-10-01,1711.0,-0.011,0.0059,-0.0217,0.0607,-0.0206,0.0279,1738.8834,1684.418,True,-0.016,0.8695,1967.8466,1181.3221,0.019,0.0757,171100.0,0.6029,0.293,ジオコード,スタンダード（内国株式）,サービス業
7358,2026-10-01,1752.0,-0.0057,-0.0368,-0.0636,0.2218,-0.0624,0.1889,1817.12,1612.7733,True,-0.0358,0.9135,1918.0,1280.9724,0.0242,0.2877,175200.0,0.6839,0.2786,ポピンズ,スタンダード（内国株式）,サービス業
7359,2026-10-01,268.0,-0.0255,-0.0255,-0.1007,0.1911,-0.0995,0.1583,272.32,242.2667,True,-0.0159,0.6147,436.0,207.0,0.0416,0.143,26800.0,0.4164,0.2782,東京通信グループ,グロース（内国株式）,サービス業
7360,2026-10-01,608.0,0.0,-0.0632,-0.0617,-0.0065,-0.0606,-0.0394,640.68,634.0667,False,-0.051,0.4975,1222.0,572.0,0.017,0.0092,60800.0,0.7988,0.6855,オンデック,グロース（内国株式）,サービス業
7361,2026-10-01,1205.0,0.0042,0.0291,-0.0041,0.0388,-0.003,0.0059,1194.0581,1188.086,True,0.0092,0.8427,1430.0,1120.0,0.0131,0.0555,120500.0,0.8897,0.3215,ヒューマンクリエイションホールディングス,グロース（内国株式）,サービス業
7362,2026-10-01,877.0,-0.0034,-0.0057,-0.0079,0.0011,-0.0068,-0.0317,875.32,862.7333,True,0.0019,0.8606,1019.0,741.0,0.0111,0.0077,87700.0,0.4587,0.3397,Ｔ．Ｓ．Ｉ,グロース（内国株式）,サービス業
7363,2026-10-01,1388.0,0.0014,-0.026,0.0555,0.3219,0.0567,0.289,1337.6,1200.6267,True,0.0377,0.694,2000.0,987.0,0.0689,0.354,138800.0,3.6379,0.475,ベビーカレンダー,グロース（内国株式）,サービス業
7366,2026-10-01,1946.0,0.0041,0.013,0.0183,0.2064,0.0195,0.1736,1863.68,1730.3867,True,0.0442,0.9939,1958.0,1123.0,0.0237,1.626,194600.0,0.7888,0.3207,ＬＩＴＡＬＩＣＯ,プライム（内国株式）,サービス業
7367,2026-10-01,331.0,-0.0119,0.0108,0.0,-0.0236,0.0012,-0.0565,331.22,334.82,True,-0.0007,0.9424,351.2195,307.0,0.0135,0.0182,33100.0,0.3433,0.2126,セルム,スタンダード（内国株式）,サービス業
7368,2026-10-01,1720.0,0.0053,0.0212,0.0094,0.038,0.0105,0.0052,1706.697,1688.659,True,0.0078,0.9792,1756.5782,1575.8118,0.0135,0.0248,172000.0,0.7657,0.3512,表示灯,スタンダード（内国株式）,サービス業
7369,2026-10-01,392.0,0.0077,0.0289,0.1073,0.1915,0.1085,0.1586,373.08,364.3733,False,0.0507,0.5227,750.0,311.0,0.027,0.0735,39200.0,0.6438,0.2176,メイホーホールディングス,グロース（内国株式）,サービス業
7370,2026-10-01,715.0,-0.0069,-0.0014,-0.0014,0.02,-0.0002,-0.0129,715.48,710.6933,False,-0.0007,0.8046,888.6793,677.0,0.0058,0.0224,71500.0,0.9307,0.2897,Ｅｎｊｉｎ,グロース（内国株式）,サービス業
7371,2026-10-01,792.0,-0.0075,-0.0137,0.0,0.0954,0.0012,0.0626,797.92,752.896,True,-0.0074,0.9612,824.0,601.2938,0.0152,0.1493,79200.0,0.6279,0.2154,Ｚｅｎｋｅｎ,グロース（内国株式）,サービス業
7372,2026-10-01,437.0,0.0163,0.0871,0.1234,0.15,0.1246,0.1171,398.56,386.92,True,0.0964,0.89,491.0,344.0,0.019,0.0302,43700.0,1.1631,0.6879,デコルテ・ホールディングス,グロース（内国株式）,サービス業
7373,2026-10-01,890.0,-0.01,-0.0263,-0.0964,-0.2304,-0.0953,-0.2632,924.7752,992.3822,False,-0.0376,0.2821,3155.1532,883.0552,0.0186,0.4817,89000.0,0.3707,0.2595,アイドマ・ホールディングス,グロース（内国株式）,サービス業
7374,2026-10-01,1500.0,-0.0013,0.0161,-0.0241,-0.0291,-0.0229,-0.062,1516.8031,1525.0677,False,-0.0111,0.8847,1695.584,1476.1838,0.0106,0.1988,150000.0,1.4582,0.3498,コンフィデンス・インターワークス,グロース（内国株式）,サービス業
7375,2026-10-01,1247.0,-0.0056,-0.0659,0.0349,0.0081,0.036,-0.0248,1222.96,1227.9067,False,0.0197,0.4688,2660.0,752.0,0.0483,0.7902,124700.0,1.4352,0.3521,リファインバースグループ,グロース（内国株式）,サービス業
7376,2026-10-01,730.0,-0.0082,-0.0806,-0.2057,-0.3339,-0.2045,-0.3668,786.96,958.0667,False,-0.0724,0.5573,1310.0,560.0,0.0608,0.2592,73000.0,0.4618,0.2863,ＢＣＣ,グロース（内国株式）,サービス業
7377,2026-10-01,1721.0,-0.0081,0.0006,-0.0064,-0.0293,-0.0052,-0.0622,1714.68,1731.7935,False,0.0037,0.8167,2107.1736,1646.0,0.0081,0.1495,172100.0,2.0343,0.4474,ＤＮホールディングス,スタンダード（内国株式）,サービス業
7378,2026-10-01,1558.0,0.0006,-0.0083,-0.0383,0.0026,-0.0371,-0.0303,1557.32,1533.0133,True,0.0004,0.7266,2144.1422,1146.6371,0.0249,0.2015,155800.0,0.8348,0.2702,アシロ,グロース（内国株式）,サービス業
7380,2026-10-01,2806.0,-0.0206,0.0376,0.0637,0.1524,0.0648,0.1195,2670.2135,2496.5912,True,0.0509,0.9666,2902.9444,1020.5043,0.0347,14.8592,280600.0,1.4144,0.3111,十六フィナンシャルグループ,プライム（内国株式）,銀行業
7381,2026-10-01,1343.0,-0.0211,0.0252,0.0371,0.3039,0.0382,0.271,1300.1801,1167.5267,True,0.0329,0.9512,1411.9048,602.4066,0.0347,6.439,134300.0,1.1885,0.2748,ＣＣＩグループ,プライム（内国株式）,銀行業
7383,2026-10-01,381.0,0.016,-0.0403,-0.1496,0.0242,-0.1484,-0.0087,405.76,401.4667,True,-0.061,0.4002,952.0,322.0,0.0309,2.8718,38100.0,0.8077,0.297,ネットプロテクションズホールディングス,プライム（内国株式）,その他金融業
7384,2026-10-01,5400.0,-0.0182,0.0089,0.1638,0.3793,0.165,0.3465,5045.7094,4378.1698,True,0.0702,0.9375,5760.0,1587.2814,0.0412,6.798,540000.0,1.4175,0.3057,プロクレアホールディングス,プライム（内国株式）,銀行業
7388,2026-10-01,2318.0,-0.0094,-0.0073,-0.0182,0.0672,-0.0171,0.0344,2322.48,2212.84,True,-0.0019,0.941,2463.3971,1989.1391,0.0139,0.6885,231800.0,0.7816,0.1711,ＦＰパートナー,プライム（内国株式）,保険業
7389,2026-10-01,2051.0,-0.0154,0.0842,0.038,0.399,0.0391,0.3662,1960.6872,1717.8957,True,0.0461,0.958,2140.8949,582.4393,0.0456,23.6812,205100.0,1.1753,0.2971,あいちフィナンシャルグループ,プライム（内国株式）,銀行業
7399,2026-10-01,618.0,0.0032,0.0114,0.0115,0.0492,0.0126,0.0164,614.8438,600.5213,True,0.0051,0.981,630.0,541.9225,0.0085,0.0163,61800.0,0.8962,0.2656,ナンシン,スタンダード（内国株式）,輸送用機器
7409,2026-10-01,1443.0,-0.0184,-0.0399,-0.0809,-0.1834,-0.0797,-0.2162,1498.64,1589.2267,False,-0.0371,0.5081,2840.0,767.5,0.0383,1.5122,144300.0,0.4542,0.2225,ＡｅｒｏＥｄｇｅ,グロース（内国株式）,輸送用機器
7412,2026-10-01,317.0,-0.0509,-0.0891,-0.1809,-0.1145,-0.1797,-0.1474,364.72,379.6133,False,-0.1308,0.4522,701.0,317.0,0.0223,2.0589,31700.0,1.1509,0.6646,アトム,スタンダード（内国株式）,小売業
7414,2026-10-01,1392.0,-0.0071,-0.01,-0.0407,0.0373,-0.0395,0.0044,1426.8922,1403.4441,True,-0.0245,0.9437,1475.0,1289.0,0.0126,0.7225,139200.0,1.0773,0.3144,小野建,プライム（内国株式）,卸売業
7416,2026-10-01,676.0,-0.0059,-0.0102,-0.0189,0.0165,-0.0177,-0.0163,684.88,679.9867,True,-0.013,0.7664,882.0463,650.0,0.0072,0.0398,67600.0,2.8393,0.2882,はるやまホールディングス,スタンダード（内国株式）,小売業
7417,2026-10-01,1825.0,0.0116,-0.0302,-0.039,0.1536,-0.0378,0.1207,1873.311,1782.0503,True,-0.0258,0.9217,1980.0,1245.9213,0.0202,0.0624,182500.0,0.4014,0.3983,南陽,スタンダード（内国株式）,卸売業
7419,2026-10-01,1239.0,0.0073,-0.0259,-0.0305,-0.0635,-0.0294,-0.0963,1259.874,1323.2247,False,-0.0166,0.771,1607.0,1048.4253,0.019,8.2741,123900.0,0.9967,0.3907,ノジマ,プライム（内国株式）,小売業
7421,2026-10-01,1498.0,-0.0027,-0.0753,-0.091,0.006,-0.0899,-0.0268,1612.76,1553.16,True,-0.0712,0.8817,1699.0,1352.0,0.0168,1.6268,149800.0,1.3071,0.6306,カッパ・クリエイト,プライム（内国株式）,小売業
7422,2026-10-01,519.0,0.0019,0.2387,0.384,0.4258,0.3852,0.393,408.36,382.4473,True,0.2709,0.8865,585.4276,351.0,0.0372,0.1147,51900.0,3.553,0.6689,東邦レマック,スタンダード（内国株式）,卸売業
7425,2026-10-01,1110.0,-0.0089,0.0082,-0.0177,-0.1084,-0.0165,-0.1413,1112.52,1178.12,False,-0.0023,0.8087,1372.5,959.0718,0.0115,0.0425,111000.0,0.1654,0.2346,初穂商事,スタンダード（内国株式）,卸売業
7427,2026-10-01,833.0,0.0,-0.006,-0.0024,0.0026,-0.0012,-0.0302,831.3507,820.5089,True,0.002,0.8996,925.9248,796.4485,0.0117,0.065,83300.0,1.5666,0.35,エコートレーディング,スタンダード（内国株式）,卸売業
7433,2026-10-01,1904.0,-0.0068,0.0883,-0.6408,-0.5905,-0.6396,-0.6234,4497.6217,4681.7406,False,-0.5767,0.3424,5560.0,1709.028,0.1937,5.5212,190400.0,2.2882,1.044,伯東,プライム（内国株式）,卸売業
7434,2026-10-01,1759.0,0.0017,-0.0335,-0.0435,-0.0367,-0.0423,-0.0695,1818.88,1806.2133,True,-0.0329,0.8564,2054.0293,1707.0,0.0151,0.0506,175900.0,2.5803,0.4241,オータケ,スタンダード（内国株式）,卸売業
7435,2026-10-01,1412.0,-0.0042,0.0522,0.0601,0.0812,0.0612,0.0483,1320.0,1280.0133,True,0.0697,0.9765,1446.0,919.0,0.0295,0.3125,141200.0,0.863,0.5067,ナ・デックス,スタンダード（内国株式）,卸売業
7438,2026-10-01,1718.0,-0.0381,-0.0163,0.0124,0.1273,0.0135,0.0944,1728.9038,1601.0879,True,-0.0063,0.9507,1807.0,1395.0,0.0217,0.7628,171800.0,1.0018,0.2759,コンドーテック,プライム（内国株式）,卸売業
7442,2026-10-01,472.0,-0.0146,-0.0207,-0.0187,0.0021,-0.0176,-0.0307,479.88,481.6667,True,-0.0164,0.9478,498.0,392.1751,0.0091,0.0517,47200.0,1.432,0.28,中山福,スタンダード（内国株式）,卸売業
7443,2026-10-01,677.0,0.0,0.0288,0.018,0.0746,0.0192,0.0417,666.8031,649.7744,True,0.0153,0.9449,716.4956,593.9502,0.0122,0.0174,67700.0,0.8213,0.2891,横浜魚類,スタンダード（内国株式）,卸売業
7444,2026-10-01,1990.0,-0.01,-0.005,0.0035,0.0091,0.0047,-0.0237,1988.08,1979.2133,True,0.001,0.9323,2134.5132,1811.2786,0.0095,0.0221,199000.0,1.0714,0.2545,ハリマ共和物産,スタンダード（内国株式）,卸売業
7447,2026-10-01,1635.0,0.0018,-0.0085,-0.0394,-0.01,-0.0382,-0.0428,1669.847,1667.8721,True,-0.0209,0.8233,1985.8046,1535.2278,0.0109,1.3615,163500.0,0.956,0.2811,ナガイレーベン,プライム（内国株式）,卸売業
7453,2026-10-01,4254.0,0.0148,0.0789,-0.0171,0.2165,-0.0159,0.1836,4136.2812,4038.5529,True,0.0285,0.9232,4607.7786,2601.606,0.0257,114.8474,425400.0,0.7039,0.3898,良品計画,プライム（内国株式）,小売業
7456,2026-10-01,6730.0,-0.0161,-0.0452,-0.0372,0.1786,-0.036,0.1458,7017.9381,6324.646,True,-0.041,0.7655,8791.9512,3981.0259,0.0389,7.9275,673000.0,0.8112,0.3015,松田産業,プライム（内国株式）,卸売業
7458,2026-10-01,1795.5,-0.005,-0.0287,-0.0552,0.0427,-0.0541,0.0098,1861.4183,1794.0928,True,-0.0354,0.9378,1914.5,1502.0579,0.0194,9.0988,179550.0,2.1862,0.3766,第一興商,プライム（内国株式）,卸売業
7459,2026-10-01,2953.0,-0.0014,-0.0404,0.0211,0.1017,0.0223,0.0688,2938.8157,2818.9786,True,0.0048,0.9415,3136.3651,2428.1061,0.0252,17.8205,295300.0,1.4901,0.3089,メディパルホールディングス,プライム（内国株式）,卸売業
7460,2026-10-01,1712.0,0.0326,0.0651,-0.0006,0.0094,0.0006,-0.0234,1666.1485,1676.7073,True,0.0275,0.9097,1882.0,928.207,0.0209,0.2419,171200.0,0.6327,0.3635,ヤギ,スタンダード（内国株式）,卸売業
7461,2026-10-01,469.0,-0.0064,-0.0168,-0.0229,-0.0064,-0.0218,-0.0392,474.92,472.3467,True,-0.0125,0.903,519.3959,442.0,0.0128,0.0124,46900.0,0.8439,0.35,キムラ,スタンダード（内国株式）,卸売業
7462,2026-10-01,376.0,0.0108,-0.0717,-0.0647,0.1534,-0.0635,0.1205,396.7253,380.4884,True,-0.0522,0.8847,425.0,213.9009,0.0294,0.0941,37600.0,1.4779,0.4621,ＣＡＰＩＴＡ,スタンダード（内国株式）,小売業
7463,2026-10-01,956.0,-0.0104,-0.0177,-0.0134,0.0587,-0.0123,0.0258,963.9712,936.0037,True,-0.0083,0.9465,1010.0,767.1332,0.0158,0.2963,95600.0,1.2632,0.2905,アドヴァングループ,スタンダード（内国株式）,小売業
7464,2026-10-01,1500.0,-0.0157,-0.006,-0.026,-0.0476,-0.0248,-0.0805,1522.92,1538.1333,False,-0.0151,0.8846,1695.7664,1499.0,0.0136,0.0208,150000.0,1.0653,0.3622,セフテック,スタンダード（内国株式）,卸売業
7466,2026-10-01,1469.0,-0.0094,0.0088,-0.0054,0.1129,-0.0043,0.08,1454.5643,1378.9748,True,0.0099,0.9793,1500.0,1093.0275,0.0163,0.5021,146900.0,1.1171,0.3418,ＳＰＫ,プライム（内国株式）,卸売業
7472,2026-10-01,3835.0,-0.0167,-0.0103,-0.0291,0.0026,-0.028,-0.0302,3915.2,3844.9333,True,-0.0205,0.9263,4140.0,3500.0,0.0088,0.0233,383500.0,0.8342,0.2979,鳥羽洋行,スタンダード（内国株式）,卸売業
7475,2026-10-01,3770.0,0.0013,0.0013,0.4931,0.5026,0.4942,0.4697,3184.36,2742.7467,True,0.1839,0.9987,3775.0,2360.0,0.0254,4.2825,377000.0,2.2142,0.0104,アルビス,プライム（内国株式）,小売業
7476,2026-10-01,2492.5,0.0067,0.0048,-0.0131,0.0686,-0.0119,0.0357,2491.9666,2401.1155,True,0.0002,0.9552,2609.5,1959.0,0.0188,3.2837,249250.0,0.9116,0.2291,アズワン,プライム（内国株式）,卸売業
7477,2026-10-01,1632.0,0.0018,0.0383,0.0349,-0.1277,0.036,-0.1606,1592.1676,1700.6559,False,0.025,0.6205,2630.0,1111.0685,0.0379,0.021,163200.0,1.0016,0.4708,ムラキ,スタンダード（内国株式）,卸売業
7480,2026-10-01,3860.0,0.0078,0.097,0.0827,0.5533,0.0839,0.5205,3515.9746,2929.1382,True,0.0978,0.9961,3875.0,1558.1443,0.031,2.2567,386000.0,0.8518,0.3968,スズデン,スタンダード（内国株式）,卸売業
7481,2026-10-01,2563.0,-0.0097,0.0013,-0.024,-0.0188,-0.0228,-0.0516,2596.7703,2574.7634,True,-0.013,0.9105,2814.8079,2061.9079,0.0104,0.0603,256300.0,1.2877,0.2444,尾家産業,スタンダード（内国株式）,卸売業
7482,2026-10-01,1458.0,-0.0109,-0.0162,-0.0624,0.0832,-0.0612,0.0504,1514.5123,1426.4641,True,-0.0373,0.9234,1579.0,1223.8257,0.0243,0.6666,145800.0,1.114,0.2913,シモジマ,プライム（内国株式）,卸売業
7483,2026-10-01,3015.0,0.0017,-0.0131,-0.0066,0.0546,-0.0054,0.0217,3054.9839,2975.408,True,-0.0131,0.8171,3689.7902,2655.0768,0.0163,1.7099,301500.0,0.8407,0.3963,ドウシシャ,プライム（内国株式）,卸売業
7486,2026-10-01,823.0,0.0037,0.0198,0.0012,0.0901,0.0024,0.0572,811.68,793.0667,True,0.0139,0.7873,1045.3689,666.5558,0.033,0.0254,82300.0,1.8341,0.3832,サンリン,スタンダード（内国株式）,卸売業
7487,2026-10-01,1865.0,0.0011,-0.0027,0.0402,0.0338,0.0413,0.001,1826.8,1791.8533,True,0.0209,0.9386,1987.0077,1655.8397,0.0075,0.1087,186500.0,1.079,0.4595,小津産業,スタンダード（内国株式）,卸売業
7490,2026-10-01,2191.0,-0.0005,0.0005,0.0009,0.0027,0.0021,-0.0301,2188.56,2189.3467,False,0.0011,0.9794,2237.0,1150.1771,0.0007,0.08,219100.0,1.0343,0.4455,日新商事,スタンダード（内国株式）,卸売業
7494,2026-10-01,232.0,-0.0128,-0.0128,-0.0607,0.0175,-0.0596,-0.0153,241.88,234.1467,True,-0.0408,0.8842,262.3982,215.0,0.0108,0.0831,23200.0,1.1982,0.5212,コナカ,スタンダード（内国株式）,小売業
7500,2026-10-01,10910.0,-0.0082,0.0592,0.1213,0.0592,0.1224,0.0264,10098.8,9889.9869,True,0.0803,0.81,13469.8758,8549.8565,0.0145,0.0389,1091000.0,1.6994,0.8235,西川計測,スタンダード（内国株式）,卸売業
7501,2026-10-01,1460.0,0.0421,0.0282,0.0041,-0.0818,0.0053,-0.1146,1446.04,1491.88,False,0.0097,0.6854,2130.0,1012.9501,0.0152,0.0039,146000.0,0.3469,0.2656,ティムコ,スタンダード（内国株式）,卸売業
7502,2026-10-01,1676.0,0.0,-0.01,-0.003,0.0378,-0.0018,0.0049,1691.84,1658.5867,True,-0.0094,0.8715,1923.1895,1585.0,0.0065,0.0149,167600.0,1.3996,0.4789,プラザホールディングス,スタンダード（内国株式）,サービス業
7504,2026-10-01,4530.0,-0.0033,0.0504,-0.0631,0.2779,-0.0619,0.245,4570.9605,4128.8402,True,-0.009,0.8712,5200.0,2728.0,0.0334,2.341,453000.0,0.6404,0.2548,高速,プライム（内国株式）,卸売業
7505,2026-10-01,1969.0,-0.0025,-0.0163,-0.105,-0.1291,-0.1038,-0.162,2114.5025,2161.1275,True,-0.0688,0.8037,2450.0,1438.2055,0.0228,0.4769,196900.0,1.4543,0.4283,扶桑電通,スタンダード（内国株式）,卸売業
7506,2026-10-01,1371.0,-0.0015,0.0004,-0.0115,0.0029,-0.0104,-0.0299,1381.0196,1376.8732,True,-0.0073,0.8901,1540.3204,1348.0,0.0045,0.0138,137100.0,0.6801,0.3827,ハウス　オブ　ローゼ,スタンダード（内国株式）,小売業
7508,2026-10-01,1414.0,0.0057,0.0008,-0.0242,0.0232,-0.023,-0.0097,1429.7122,1411.2107,True,-0.011,0.9391,1505.7319,1135.5648,0.015,0.8508,141400.0,1.1811,0.3735,Ｇ‐７ホールディングス,プライム（内国株式）,小売業
7509,2026-10-01,4765.0,-0.0073,0.0356,0.0182,0.0292,0.0193,-0.0037,4719.6471,4715.749,True,0.0096,0.9568,4980.0,3650.1404,0.0092,0.0134,476500.0,1.0751,0.5797,アイエーグループ,スタンダード（内国株式）,小売業
7510,2026-10-01,2901.0,-0.0041,0.0512,0.048,0.269,0.0492,0.2362,2758.5951,2587.2517,True,0.0516,0.9827,2952.0,1851.2156,0.0206,1.587,290100.0,1.6936,0.4588,たけびし,プライム（内国株式）,卸売業
7512,2026-10-01,854.0,-0.0047,-0.0023,-0.0161,0.0179,-0.015,-0.015,860.44,847.88,True,-0.0075,0.9059,942.7285,809.0,0.0109,1.084,85400.0,0.7816,0.2908,イオン北海道,スタンダード（内国株式）,小売業
7513,2026-10-01,1464.0,0.0007,-0.0048,0.057,0.179,0.0582,0.1462,1439.0801,1360.8781,True,0.0173,0.9767,1499.0,1043.5805,0.0221,3.1701,146400.0,0.5982,0.2411,コジマ,プライム（内国株式）,小売業
7514,2026-10-01,853.0,-0.0023,0.0,0.0024,0.0044,0.0035,-0.0285,854.9618,855.2334,True,-0.0023,0.975,874.8967,815.6241,0.0038,0.0417,85300.0,0.5839,0.1556,ヒマラヤ,スタンダード（内国株式）,小売業
7515,2026-10-01,4565.0,-0.0076,-0.0044,-0.0076,0.0055,-0.0065,-0.0273,4606.0,4598.6,True,-0.0089,0.9591,4759.7474,4108.8843,0.0026,0.0096,456500.0,1.3846,0.8909,マルヨシセンター,スタンダード（内国株式）,小売業
7516,2026-10-01,4385.0,-0.0034,-0.0373,-0.0234,0.1107,-0.0222,0.0779,4481.2186,4228.2103,True,-0.0215,0.943,4650.0,3592.3565,0.02,3.4271,438500.0,0.9168,0.3486,コーナン商事,プライム（内国株式）,小売業
7520,2026-10-01,2538.0,-0.0024,-0.0121,-0.0205,0.0959,-0.0193,0.063,2567.96,2455.96,True,-0.0117,0.7871,3224.5725,2194.0,0.0152,0.4018,253800.0,0.7972,0.3091,エコス,プライム（内国株式）,小売業
7521,2026-10-01,2721.0,0.0276,0.0213,-0.0275,-0.0105,-0.0264,-0.0434,2749.9613,2713.4938,True,-0.0105,0.898,3030.0,2101.6512,0.0181,0.0334,272100.0,0.8578,0.3167,ムサシ,スタンダード（内国株式）,卸売業
7522,2026-10-01,874.0,0.0011,-0.0246,-0.1027,-0.0622,-0.1015,-0.0951,925.04,936.1867,False,-0.0552,0.8324,1050.0,862.0,0.0137,1.9271,87400.0,2.3873,0.4917,ワタミ,プライム（内国株式）,小売業
7523,2026-10-01,1875.0,0.0,0.0,-0.0016,0.0959,-0.0004,0.063,1876.84,1834.2533,True,-0.001,0.8819,2126.0728,1429.0,0.0004,0.0314,187500.0,0.0447,0.3818,アールビバン,スタンダード（内国株式）,小売業
7524,2026-10-01,183.0,0.0167,0.0702,0.0281,-0.0054,0.0292,-0.0383,176.6,179.9867,True,0.0362,0.7991,229.0,150.0,0.0281,0.037,18300.0,1.9477,0.3694,マルシェ,スタンダード（内国株式）,小売業
7525,2026-10-01,3570.0,-0.007,0.0108,-0.0192,0.0156,-0.0181,-0.0172,3591.3762,3580.6587,True,-0.006,0.921,3876.174,3126.2611,0.0132,0.4948,357000.0,0.885,0.2594,リックス,プライム（内国株式）,卸売業
7527,2026-10-01,48.0,0.0,-0.0204,-0.1273,-0.0204,-0.1261,-0.0533,51.24,49.6933,True,-0.0632,0.4848,99.0,44.0,0.0387,0.5975,4800.0,0.9535,0.2154,システムソフト,スタンダード（内国株式）,情報・通信業
7532,2026-10-01,704.7,-0.0151,-0.0158,-0.1268,-0.1413,-0.1256,-0.1742,753.076,826.4661,False,-0.0642,0.6657,1058.5729,691.0,0.027,137.842,70470.0012,1.2428,0.293,パン・パシフィック・インターナショナルホールディングス,プライム（内国株式）,小売業
7537,2026-10-01,1918.0,0.0229,0.0323,0.0121,0.1533,0.0133,0.1205,1830.5848,1748.5149,True,0.0478,0.9938,1930.0,1002.9285,0.0268,1.4705,191800.0,0.7092,0.3735,丸文,プライム（内国株式）,卸売業
7538,2026-10-01,386.0,0.0,-0.0077,-0.0077,0.0904,-0.0066,0.0575,389.28,378.0533,True,-0.0084,0.8477,455.3381,324.539,0.0139,0.0147,38600.0,1.2891,0.3733,大水,スタンダード（内国株式）,卸売業
7539,2026-10-01,787.0,0.0025,-0.018,-0.0391,-0.0332,-0.0379,-0.066,806.2342,800.0381,True,-0.0239,0.935,841.7363,672.4045,0.0113,0.2291,78700.0,2.7457,0.5716,アイナボホールディングス,スタンダード（内国株式）,卸売業
7544,2026-10-01,559.0,0.0054,0.0,-0.0018,0.011,-0.0006,-0.0219,555.2426,552.0647,True,0.0068,0.9463,590.729,516.4053,0.0116,0.0249,55900.0,0.9942,0.2154,スリーエフ,スタンダード（内国株式）,小売業
7545,2026-10-01,1967.0,0.0031,0.0077,-0.0209,0.0034,-0.0197,-0.0295,1981.84,1969.8403,True,-0.0075,0.8755,2246.735,1815.4835,0.0163,3.6713,196700.0,0.6618,0.2053,西松屋チェーン,プライム（内国株式）,小売業
7550,2026-10-01,10790.0,0.0079,0.0598,-0.0848,0.3068,-0.0837,0.2739,11260.2586,10013.3662,True,-0.0418,0.894,12070.0,7381.0,0.0324,66.4006,1079000.0,1.1912,0.4222,ゼンショーホールディングス,プライム（内国株式）,小売業
75505,2026-10-01,4893.0,0.0006,0.0151,-0.0055,-0.0095,-0.0043,-0.0424,4910.636,4931.3587,False,-0.0036,0.9074,5392.459,4820.1156,0.0051,0.1388,489300.0,2.0933,0.4762,ゼンショーホールディングス第１回社債型種類株式,プライム（内国株式）,小売業
7551,2026-10-01,669.0,0.0015,-0.0247,-0.0785,-0.0388,-0.0774,-0.0716,709.1159,703.7186,True,-0.0566,0.8643,774.0,598.0488,0.013,0.2694,66900.0,2.7349,0.5515,ウェッズ,スタンダード（内国株式）,輸送用機器
7552,2026-10-01,5110.0,-0.0154,0.2238,0.3377,0.6949,0.3389,0.662,4005.614,3423.2847,True,0.2757,0.9715,5260.0,2485.0,0.0361,13.7753,511000.0,1.8591,0.7613,ハピネット,プライム（内国株式）,卸売業
7554,2026-10-01,1162.0,0.0052,-0.003,-0.0428,0.0593,-0.0417,0.0264,1179.2208,1137.9936,True,-0.0146,0.9381,1238.6777,1014.5454,0.0138,0.5857,116200.0,0.9631,0.2871,幸楽苑,プライム（内国株式）,小売業
7555,2026-10-01,736.0,-0.0067,-0.0094,-0.0174,-0.0067,-0.0162,-0.0396,745.6,744.4667,False,-0.0129,0.8878,829.0,728.315,0.0051,0.0083,73600.0,1.4013,0.3962,大田花き,スタンダード（内国株式）,卸売業
7561,2026-10-01,689.0,-0.0157,-0.0072,-0.051,0.0519,-0.0498,0.0191,707.9617,678.8539,True,-0.0268,0.8583,802.7592,598.8838,0.0131,0.0958,68900.0,0.8189,0.3315,ハークスレイホールディングス,スタンダード（内国株式）,小売業
7562,2026-10-01,3735.0,0.0013,-0.0248,-0.0299,-0.0027,-0.0287,-0.0355,3822.0,3787.4667,True,-0.0228,0.9652,3869.7845,3590.8812,0.0061,0.1828,373500.0,2.2779,0.7219,安楽亭,スタンダード（内国株式）,小売業
7564,2026-10-01,5480.0,0.0111,0.0498,-0.1204,-0.119,-0.1192,-0.1518,5766.4,6101.4667,False,-0.0497,0.6579,8330.0,5170.0,0.0261,25.7626,548000.0,1.0868,0.336,ワークマン,スタンダード（内国株式）,小売業
7565,2026-10-01,7270.0,-0.0558,-0.0679,-0.1304,0.1802,-0.1292,0.1473,8168.4,7242.2667,True,-0.11,0.8078,9000.0,4680.0,0.0153,0.0511,727000.0,0.6391,0.9603,萬世電機,スタンダード（内国株式）,卸売業
7567,2026-10-01,632.0,-0.0262,0.0344,0.031,0.1947,0.0322,0.1619,614.0,572.92,True,0.0293,0.924,684.0,430.6564,0.0205,0.0857,63200.0,1.0423,0.4022,栄電子,スタンダード（内国株式）,卸売業
7570,2026-10-01,1376.0,-0.015,-0.0051,-0.0398,-0.0289,-0.0386,-0.0618,1403.4734,1404.2111,True,-0.0196,0.904,1522.1449,1138.9064,0.0163,0.144,137600.0,1.082,0.2897,橋本総業ホールディングス,スタンダード（内国株式）,卸売業
7571,2026-10-01,86.0,0.0118,0.0238,-0.0549,0.0238,-0.0538,-0.009,87.08,84.88,False,-0.0124,0.661,130.0962,78.0,0.0216,0.2459,8600.0,0.9966,0.2154,ヤマノホールディングス,スタンダード（内国株式）,小売業
7575,2026-10-01,1526.0,0.0086,-0.0069,-0.0439,0.1613,-0.0427,0.1285,1545.6089,1451.4296,True,-0.0127,0.9408,1622.0,1239.0,0.0202,4.5957,152600.0,1.9137,0.3315,日本ライフライン,プライム（内国株式）,卸売業
7578,2026-10-01,70.0,-0.0411,-0.0789,-0.1139,-0.0789,-0.1128,-0.1118,76.92,73.44,False,-0.09,0.4667,150.0,64.0,0.0561,0.0605,7000.0,0.9964,0.56,ニチリョク,スタンダード（内国株式）,小売業
7581,2026-10-01,6540.0,0.0093,0.0365,-0.0763,0.217,-0.0751,0.1842,6841.3729,6625.4255,True,-0.0441,0.7805,8379.1826,4662.2888,0.0321,29.3235,654000.0,0.6015,0.3095,サイゼリヤ,プライム（内国株式）,小売業
7585,2026-10-01,408.0,0.0025,0.0025,0.0,0.0049,0.0012,-0.0279,407.08,408.52,False,0.0023,0.8242,495.0,398.0,0.004,0.012,40800.0,1.1636,0.2435,かんなん丸,スタンダード（内国株式）,小売業
7590,2026-10-01,400.0,-0.005,0.0152,-0.0025,0.0,-0.0013,-0.0329,400.64,398.0933,True,-0.0016,0.8386,477.0,375.0,0.0361,1.0363,40000.0,4.2758,0.5891,タカショー,スタンダード（内国株式）,卸売業
7593,2026-10-01,520.0,0.0117,0.0117,-0.0335,0.1304,-0.0323,0.0976,525.4354,493.5185,True,-0.0103,0.9261,561.4706,428.0,0.017,2.7001,52000.0,1.1431,0.2944,ＶＴホールディングス,プライム（内国株式）,小売業
7595,2026-10-01,1227.0,0.0,-0.0252,-0.0843,-0.0152,-0.0832,-0.0481,1282.254,1280.1647,False,-0.0431,0.7475,1641.5396,1161.2763,0.0157,2.6282,122700.0,0.9739,0.3851,アルゴグラフィックス,プライム（内国株式）,情報・通信業
7596,2026-10-01,2243.0,-0.0027,-0.0301,-0.0556,-0.0018,-0.0544,-0.0346,2326.6242,2297.5681,True,-0.0359,0.8875,2527.1859,2115.0,0.01,0.7016,224300.0,1.734,0.5639,魚力,プライム（内国株式）,小売業
7599,2026-10-01,1160.0,-0.0128,-0.0349,-0.0727,-0.1684,-0.0716,-0.2013,1225.8884,1281.9391,False,-0.0537,0.7629,1520.4227,951.8409,0.0151,9.4448,116000.0,0.7437,0.4457,ＩＤＯＭ,プライム（内国株式）,卸売業
7600,2026-10-01,615.0,-0.033,-0.0682,-0.1564,-0.2915,-0.1552,-0.3243,682.2,823.3333,False,-0.0985,0.6119,1005.0,445.0,0.0416,2.079,61500.0,0.6709,0.2855,日本エム・ディ・エム,プライム（内国株式）,精密機器
7601,2026-10-01,167.0,0.006,0.0183,0.006,0.0183,0.0072,-0.0146,163.68,165.0667,False,0.0203,0.799,209.0,160.0,0.0175,0.0667,16700.0,2.1493,0.3756,ポプラ,スタンダード（内国株式）,小売業
7602,2026-10-01,168.0,0.012,-0.0289,-0.0059,-0.1204,-0.0048,-0.1533,174.48,164.5333,True,-0.0371,0.435,386.1698,125.4057,0.0791,0.439,16800.0,1.5015,0.4065,レダックス,スタンダード（内国株式）,卸売業
7603,2026-10-01,35.0,0.0,-0.0278,-0.1667,-0.375,-0.1655,-0.4079,37.84,46.44,False,-0.0751,0.1111,315.0,33.0,0.0633,0.2062,3500.0,0.4794,0.1806,ジーイエット,スタンダード（内国株式）,小売業
7604,2026-10-01,915.0,-0.0033,-0.0054,0.0167,0.0386,0.0178,0.0057,908.56,892.12,True,0.0071,0.9913,923.0,796.6038,0.006,0.0648,91500.0,0.9244,0.3091,梅の花グループ,スタンダード（内国株式）,小売業
7606,2026-10-01,2405.0,0.0021,0.0135,-0.0259,0.008,-0.0248,-0.0249,2399.5285,2444.7628,False,0.0023,0.8726,2756.0,1847.4339,0.0183,5.049,240500.0,0.9213,0.1724,ユナイテッドアローズ,プライム（内国株式）,小売業
7607,2026-10-01,3040.0,0.0016,-0.0114,-0.0194,-0.0472,-0.0182,-0.0801,3044.1724,3080.4477,True,-0.0014,0.912,3333.438,2796.6668,0.0109,0.8207,304000.0,0.9402,0.2903,進和,プライム（内国株式）,卸売業
7608,2026-10-01,975.0,0.0146,0.0317,0.1566,0.2634,0.1577,0.2306,886.4812,811.4235,True,0.0999,0.975,1000.0,523.6596,0.0325,0.9114,97500.0,1.0363,0.4068,エスケイジャパン,スタンダード（内国株式）,卸売業
7609,2026-10-01,4370.0,0.0392,0.0186,0.0817,0.2005,0.0828,0.1677,4047.4,3859.0951,True,0.0797,0.89,4910.0,2008.6903,0.033,3.4531,437000.0,0.5326,0.4401,ダイトロン,プライム（内国株式）,卸売業
7610,2026-10-01,138.0,0.0,0.0,-0.0548,-0.035,-0.0536,-0.0678,138.8,142.4533,True,-0.0058,0.8364,165.0,126.5743,0.0186,0.7073,13800.0,0.6693,0.3111,テイツー,スタンダード（内国株式）,小売業
7611,2026-10-01,2931.0,0.0121,0.027,-0.0223,0.1577,-0.0212,0.1248,2971.7586,2805.0327,True,-0.0137,0.7935,3693.8717,2434.6647,0.0195,4.2438,293100.0,0.6683,0.3998,ハイデイ日高,プライム（内国株式）,小売業
7613,2026-10-01,1629.0,0.0162,0.0207,0.0143,0.2589,0.0155,0.226,1577.76,1476.0578,True,0.0325,0.9622,1693.0,1123.8277,0.0211,2.9224,162900.0,0.7219,0.3784,シークス,プライム（内国株式）,卸売業
7614,2026-10-01,1548.0,-0.0026,-0.0019,0.0052,0.0013,0.0064,-0.0316,1545.36,1541.8667,True,0.0017,0.7731,2002.4319,1437.5683,0.007,0.052,154800.0,0.7638,0.204,オーエムツーネットワーク,スタンダード（内国株式）,小売業
7615,2026-10-01,95.0,0.0,-0.0206,-0.05,0.0,-0.0488,-0.0329,98.76,96.8133,True,-0.0381,0.4509,210.6848,91.0,0.0226,0.1961,9500.0,0.3424,0.3267,京都きもの友禅ホールディングス,スタンダード（内国株式）,小売業
7616,2026-10-01,1997.5,0.0063,-0.004,-0.0692,0.0874,-0.068,0.0545,2057.98,1973.7067,True,-0.0294,0.9214,2168.0,1651.783,0.0207,13.1401,199750.0,1.8008,0.2996,コロワイド,プライム（内国株式）,小売業
7619,2026-10-01,1012.0,0.001,-0.0001,0.0465,0.1396,0.0477,0.1068,984.2046,935.4282,True,0.0282,0.9825,1030.0,766.4715,0.015,0.0917,101200.0,2.0543,0.3764,田中商事,スタンダード（内国株式）,卸売業
7621,2026-10-01,3270.0,0.0015,-0.0549,-0.0576,-0.0091,-0.0565,-0.0419,3431.6,3389.7333,True,-0.0471,0.8466,3862.5747,3205.0,0.0126,0.1405,327000.0,2.5732,0.633,うかい,スタンダード（内国株式）,小売業
7624,2026-10-01,182.0,-0.0521,0.0769,0.1895,0.2908,0.1907,0.2579,162.32,148.3333,True,0.1212,0.8792,207.0,128.3333,0.0428,0.6122,18200.0,4.2765,0.6679,ＮａＩＴＯ,スタンダード（内国株式）,卸売業
7625,2026-10-01,457.0,-0.0044,-0.0044,-0.0399,0.0066,-0.0388,-0.0262,466.28,467.0267,False,-0.0199,0.8623,530.0,362.7523,0.0105,0.0262,45700.0,0.8434,0.209,グローバルダイニング,スタンダード（内国株式）,小売業
7628,2026-10-01,1159.0,0.0131,0.0022,-0.0445,0.0357,-0.0434,0.0029,1168.0946,1153.0449,True,-0.0078,0.9104,1273.0926,989.7458,0.0183,0.6791,115900.0,2.3632,0.2732,オーハシテクニカ,プライム（内国株式）,卸売業
7630,2026-10-01,1114.0,-0.0009,0.0258,0.0211,0.2709,0.0222,0.2381,1069.4797,956.4244,True,0.0416,0.9353,1191.0,832.8889,0.0216,9.2455,111400.0,1.0044,0.378,壱番屋,プライム（内国株式）,小売業
7636,2026-10-01,792.0,0.0,-0.0075,-0.0125,0.0246,-0.0113,-0.0083,796.24,787.4864,True,-0.0053,0.8882,891.6613,756.8529,0.0053,0.0406,79200.0,0.6337,0.2373,ハンズマン,スタンダード（内国株式）,小売業
7637,2026-10-01,3590.0,0.0014,-0.0041,-0.0375,0.0813,-0.0364,0.0485,3617.3673,3551.4558,True,-0.0076,0.8788,4085.0,2121.9434,0.0263,1.0338,359000.0,0.7967,0.3802,白銅,プライム（内国株式）,卸売業
7638,2026-10-01,1398.0,0.0007,-0.0148,-0.0078,0.0295,-0.0066,-0.0034,1403.48,1380.84,True,-0.0039,0.866,1614.2476,1301.0,0.0111,0.2057,139800.0,0.9564,0.2903,ＮＥＷ　ＡＲＴ　ＨＯＬＤＩＮＧＳ,スタンダード（内国株式）,小売業
7640,2026-10-01,200.0,0.0101,0.0526,0.0152,0.2422,0.0164,0.2094,193.24,178.6933,True,0.035,0.7194,278.0,153.0,0.0193,0.0581,20000.0,0.7391,0.4148,トップカルチャー,スタンダード（内国株式）,小売業
7643,2026-10-01,1651.0,0.0073,-0.0288,-0.0566,-0.026,-0.0554,-0.0588,1719.2363,1713.3321,True,-0.0397,0.8894,1856.3295,1542.799,0.0124,0.0829,165100.0,1.6303,0.5492,ダイイチ,スタンダード（内国株式）,小売業
7646,2026-10-01,1794.0,0.0039,-0.0143,-0.0558,0.0246,-0.0546,-0.0083,1863.6029,1816.5343,True,-0.0373,0.8447,2123.9534,1472.7643,0.0183,0.2067,179400.0,2.7071,0.4021,ＰＬＡＮＴ,スタンダード（内国株式）,小売業
7649,2026-10-01,1247.5,-0.0044,-0.0111,-0.0553,-0.1928,-0.0541,-0.2257,1291.8019,1402.9545,False,-0.0343,0.6372,1957.6762,1223.5,0.0252,31.301,124750.0,1.0633,0.286,スギホールディングス,プライム（内国株式）,小売業
7670,2026-10-01,1219.0,-0.0016,0.0124,-0.0153,0.1858,-0.0142,0.1529,1221.4356,1126.8919,True,-0.002,0.9479,1286.0,918.3022,0.0149,0.0576,121900.0,0.4988,0.2365,オーウエル,スタンダード（内国株式）,卸売業
7673,2026-10-01,1705.0,-0.0047,0.0155,0.0265,0.065,0.0276,0.0321,1679.24,1647.6667,True,0.0153,0.9147,1864.0525,1422.7941,0.0126,0.0268,170500.0,0.7228,0.2893,ダイコー通産,スタンダード（内国株式）,卸売業
7674,2026-10-01,2752.0,0.004,-0.0058,0.0444,-0.0414,0.0456,-0.0743,2674.08,2699.9467,True,0.0291,0.8835,3115.0,2373.0,0.0118,0.1102,275200.0,1.4749,0.3863,ＮＡＴＴＹ　ＳＷＡＮＫＹホールディングス,グロース（内国株式）,小売業
7678,2026-10-01,3805.0,0.0066,-0.0181,0.1654,0.1654,0.1665,0.1325,3456.2,3240.84,True,0.1009,0.9769,3895.0,2087.5,0.0333,0.5648,380500.0,0.8578,0.4141,あさくま,スタンダード（内国株式）,小売業
7679,2026-10-01,1614.0,0.0012,-0.0116,-0.0289,-0.0218,-0.0277,-0.0547,1645.64,1683.6,False,-0.0192,0.7019,2299.4081,1594.0,0.0155,0.956,161400.0,1.1024,0.2912,薬王堂ホールディングス,プライム（内国株式）,小売業
7681,2026-10-01,984.0,-0.0051,0.002,-0.0209,0.0696,-0.0197,0.0367,1000.24,961.68,True,-0.0162,0.8269,1190.0,725.0,0.0259,0.02,98400.0,1.7042,0.4317,レオクラン,スタンダード（内国株式）,卸売業
7682,2026-10-01,3715.0,-0.0027,-0.0288,-0.0487,-0.0823,-0.0475,-0.1152,3883.4,3960.8208,False,-0.0434,0.9032,4112.9382,3705.0,0.0109,0.1605,371500.0,2.4407,0.6071,浜木綿,スタンダード（内国株式）,小売業
7683,2026-10-01,1409.0,-0.0084,-0.0042,-0.0112,-0.017,-0.0101,-0.0498,1411.28,1406.4867,True,-0.0016,0.9689,1454.2055,1268.5491,0.0077,0.2819,140900.0,0.7531,0.306,ダブルエー,プライム（内国株式）,小売業
7685,2026-10-01,2851.0,0.0345,-0.0668,-0.102,-0.1676,-0.1009,-0.2004,3003.24,3228.6133,False,-0.0507,0.6862,4155.0,1539.5233,0.0406,12.4896,285100.0,1.1702,0.3627,ＢｕｙＳｅｌｌ　Ｔｅｃｈｎｏｌｏｇｉｅｓ,グロース（内国株式）,卸売業
7686,2026-10-01,437.0,0.0139,0.0026,-0.0113,0.0607,-0.0102,0.0278,438.9073,425.9291,True,-0.0043,0.9123,479.0,394.6697,0.0111,0.1288,43700.0,1.5432,0.2689,ひとまいる,スタンダード（内国株式）,小売業
7687,2026-10-01,455.0,-0.0087,0.0123,0.0156,0.1098,0.0168,0.0769,451.7376,432.5925,True,0.0072,0.8006,568.339,400.0,0.0219,0.027,45500.0,0.9804,0.2412,ミクリード,グロース（内国株式）,卸売業
7689,2026-10-01,360.0,-0.0932,-0.1743,0.1881,0.204,0.1893,0.1712,376.44,329.8133,False,-0.0437,0.6498,554.0,283.0,0.202,0.9416,36000.0,4.5239,0.3026,コパ・コーポレーション,グロース（内国株式）,卸売業
7692,2026-10-01,76.0,-0.0256,-0.0256,-0.0617,0.0037,-0.0606,-0.0291,79.08,77.5153,False,-0.0389,0.5887,129.1,71.7833,0.0273,0.2166,7600.0,0.8483,0.1448,アースインフィニティ,スタンダード（内国株式）,電気・ガス業
7694,2026-10-01,546.0,-0.0144,0.0018,-0.1292,0.2215,-0.128,0.1886,575.0,489.8133,True,-0.0504,0.598,913.0,408.0,0.0566,0.8776,54600.0,0.2948,0.194,いつも,グロース（内国株式）,小売業
7695,2026-10-01,893.0,0.0182,-0.056,-0.0045,0.2613,-0.0033,0.2284,917.88,801.6267,True,-0.0271,0.9322,958.0,669.0,0.0301,0.0717,89300.0,0.6338,0.3947,交換できるくん,グロース（内国株式）,小売業
7698,2026-10-01,2725.0,0.0322,-0.052,0.0108,0.0922,0.0119,0.0593,2748.6758,2631.6919,True,-0.0086,0.9237,2950.0,1916.4401,0.0234,0.11,272500.0,2.0611,0.5157,アイスコ,スタンダード（内国株式）,卸売業
7701,2026-10-01,3996.0,-0.0148,0.0154,-0.0261,-0.0336,-0.0249,-0.0665,3937.3665,4018.8422,True,0.0149,0.8899,4490.5367,3388.0,0.019,42.0388,399600.0,1.185,0.4344,島津製作所,プライム（内国株式）,精密機器
7702,2026-10-01,449.0,-0.011,-0.0035,-0.0406,-0.0088,-0.0394,-0.0417,455.9044,454.5148,True,-0.0151,0.9393,478.0,416.8454,0.0142,0.1031,44900.0,0.7821,0.241,ＪＭＳ,スタンダード（内国株式）,精密機器
7707,2026-10-01,216.0,0.0189,0.0237,-0.0182,0.1192,-0.017,0.0863,211.36,205.8459,False,0.022,0.7302,295.8022,173.1284,0.0208,0.2202,21600.0,0.8369,0.2889,プレシジョン・システム・サイエンス,グロース（内国株式）,精密機器
7711,2026-10-01,5110.0,0.02,0.0112,-0.0248,0.0624,-0.0237,0.0295,5106.6486,4902.2829,False,0.0007,0.4188,12202.2493,3939.5835,0.046,4.0935,511000.0,1.538,0.3805,助川電気工業,スタンダード（内国株式）,精密機器
7713,2026-10-01,2500.0,0.0081,-0.0087,0.0097,0.1765,0.0109,0.1436,2394.88,2212.48,True,0.0439,0.9638,2594.0,1422.1898,0.0303,0.4555,250000.0,0.4209,0.3563,シグマ光機,スタンダード（内国株式）,精密機器
7715,2026-10-01,4370.0,-0.0011,0.0737,0.0343,0.0104,0.0355,-0.0225,4009.1869,4046.0623,True,0.09,0.902,4845.0,1971.8521,0.033,3.5092,437000.0,0.8239,0.4581,長野計器,プライム（内国株式）,精密機器
7716,2026-10-01,1481.0,0.0214,-0.032,-0.5261,-0.5025,-0.5249,-0.5354,2708.2,2938.8707,False,-0.4531,0.4375,3385.0,1406.0,0.1114,7.5226,148100.0,1.4347,1.0204,ナカニシ,スタンダード（内国株式）,精密機器
7717,2026-10-01,6590.0,0.0698,0.1094,0.1643,-0.1783,0.1655,-0.2112,5718.3813,6384.1938,True,0.1524,0.6473,10180.0,2748.5143,0.0384,9.3598,659000.0,0.5545,0.5292,ブイ・テクノロジー,プライム（内国株式）,精密機器
7719,2026-10-01,508.0,0.016,-0.0487,-0.0342,0.1925,-0.0331,0.1596,512.04,463.8,True,-0.0079,0.5168,983.0,242.0,0.0524,1.7497,50800.0,0.6834,0.3491,東京衡機,スタンダード（内国株式）,精密機器
7721,2026-10-01,7390.0,0.0123,0.0096,0.0278,0.1619,0.029,0.1291,7120.8,6798.6667,True,0.0378,0.7791,9485.4076,4364.8783,0.0416,19.1168,739000.0,0.8899,0.3809,東京計器,プライム（内国株式）,精密機器
7722,2026-10-01,751.0,-0.0066,-0.0218,-0.0433,-0.031,-0.0422,-0.0638,774.5363,779.6721,True,-0.0304,0.6747,1113.0651,609.4201,0.0162,0.2091,75100.0,0.7607,0.2791,国際計測器,スタンダード（内国株式）,精密機器
7723,2026-10-01,2888.0,0.0077,0.0233,-0.0253,-0.0351,-0.0242,-0.0679,2869.8841,2912.8014,False,0.0063,0.8846,3264.6699,2463.1641,0.0134,0.5934,288800.0,0.7587,0.2542,愛知時計電機,プライム（内国株式）,精密機器
7725,2026-10-01,1867.0,0.0208,0.0253,0.0424,-0.0143,0.0436,-0.0471,1778.36,1805.32,False,0.0498,0.8297,2250.2186,1247.0617,0.0285,1.3519,186700.0,0.48,0.4209,インターアクション,プライム（内国株式）,精密機器
7726,2026-10-01,1496.0,0.0324,0.044,0.096,0.0686,0.0971,0.0357,1390.9606,1376.9602,True,0.0755,0.9315,1606.0,899.1501,0.0313,0.1108,149600.0,0.4414,0.2926,黒田精工,スタンダード（内国株式）,機械
7727,2026-10-01,948.0,-0.0011,0.0157,0.1127,0.2408,0.1138,0.208,866.0705,798.2235,True,0.0946,0.9916,956.0,538.9549,0.0352,1.1698,94800.0,1.1051,0.3718,オーバル,スタンダード（内国株式）,精密機器
7729,2026-10-01,19690.0,0.056,0.1486,0.109,0.0304,0.1101,-0.0025,17344.9466,18068.1155,True,0.1352,0.924,21310.0,9263.3661,0.0357,53.1932,1969000.0,0.7854,0.57,東京精密,プライム（内国株式）,精密機器
7730,2026-10-01,1461.0,0.0041,0.0014,-0.0712,-0.153,-0.07,-0.1859,1489.8442,1569.4871,False,-0.0194,0.7586,1925.9295,1207.1088,0.0142,4.1117,146100.0,0.6892,0.2261,マニー,プライム（内国株式）,精密機器
7731,2026-10-01,1960.0,0.0119,0.0603,0.0158,-0.1175,0.017,-0.1504,1848.5021,2021.754,False,0.0603,0.8201,2390.0,1617.5,0.0322,33.271,196000.0,1.0786,0.4526,ニコン,プライム（内国株式）,精密機器
7733,2026-10-01,2008.5,-0.003,0.0068,-0.0461,0.1691,-0.0449,0.1362,2036.26,1891.4067,True,-0.0136,0.9086,2210.5,1276.9608,0.0207,81.8091,200850.0,0.8524,0.1755,オリンパス,プライム（内国株式）,精密機器
7734,2026-10-01,3590.0,0.0199,0.0099,0.0436,-0.0452,0.0448,-0.0781,3422.5797,3473.9266,False,0.0489,0.9135,3930.0,2905.0,0.0246,3.36,359000.0,1.1234,0.2772,理研計器,プライム（内国株式）,精密機器
7735,2026-10-01,15590.0,0.0722,0.1772,0.1463,-0.1365,0.1475,-0.1694,13303.9513,14819.9838,True,0.1718,0.7886,19770.0,5773.0999,0.043,254.916,1559000.0,0.7746,0.5642,ＳＣＲＥＥＮホールディングス,プライム（内国株式）,電気機器
7740,2026-10-01,1373.0,0.0118,0.0193,-0.0072,0.2023,-0.0061,0.1694,1359.32,1274.941,True,0.0101,0.9385,1463.0,935.8499,0.0145,5.2046,137300.0,0.6876,0.2921,タムロン,プライム（内国株式）,精密機器
7741,2026-10-01,24390.0,0.0344,0.054,-0.0085,-0.0469,-0.0074,-0.0797,23666.6,24996.8,False,0.0306,0.8023,30400.0,19805.8025,0.0227,296.7423,2439000.0,1.2315,0.4022,ＨＯＹＡ,プライム（内国株式）,精密機器
7743,2026-10-01,793.0,0.0,0.0013,0.0,0.5488,0.0012,0.516,763.28,598.0933,True,0.0389,0.9987,794.0,468.0,0.0013,3.5721,79300.0,1.7112,0.2,シード,スタンダード（内国株式）,精密機器
7744,2026-10-01,2013.0,0.003,0.0,-0.0455,-0.0214,-0.0444,-0.0542,2014.0,2012.4749,True,-0.0005,0.8684,2317.9788,1534.9357,0.0187,5.4136,201300.0,0.7757,0.2715,ノーリツ鋼機,プライム（内国株式）,精密機器
7745,2026-10-01,3015.0,0.0138,0.035,0.0389,0.0443,0.0401,0.0115,2877.6658,2881.4353,True,0.0477,0.8842,3410.0,1671.7183,0.0265,2.4834,301500.0,0.899,0.3249,Ａ＆Ｄホロンホールディングス,プライム（内国株式）,精密機器
7746,2026-10-01,954.0,0.0415,0.1749,0.1985,0.0866,0.1996,0.0537,814.28,791.1733,False,0.1716,0.5824,1638.0,218.0,0.045,8.0758,95400.0,2.2004,0.4496,岡本硝子,スタンダード（内国株式）,精密機器
7747,2026-10-01,3365.0,0.012,0.0081,-0.1074,-0.11,-0.1063,-0.1429,3466.4,3606.8047,False,-0.0293,0.7858,4282.0,2242.9055,0.0274,49.6455,336500.0,1.0887,0.2057,朝日インテック,プライム（内国株式）,精密機器
7749,2026-10-01,2767.0,-0.004,-0.0215,-0.0386,-0.0047,-0.0374,-0.0375,2873.5509,2833.7036,True,-0.0371,0.9091,3043.5026,2557.7221,0.0216,0.1162,276700.0,1.8175,0.3392,メディキット,スタンダード（内国株式）,精密機器
7751,2026-10-01,4676.0,0.0154,0.0245,0.0002,0.1123,0.0014,0.0794,4555.76,4449.3392,True,0.0264,0.9469,4938.4391,3912.0917,0.0153,135.5049,467600.0,0.7957,0.3776,キヤノン,プライム（内国株式）,電気機器
7752,2026-10-01,1664.0,0.0079,0.0165,-0.0197,0.1698,-0.0186,0.1369,1653.0105,1571.6835,True,0.0066,0.9522,1747.5,1236.6655,0.0221,31.6819,166400.0,0.7882,0.2407,リコー,プライム（内国株式）,電気機器
7760,2026-10-01,2116.0,-0.0009,0.0121,0.0071,-0.1712,0.0083,-0.204,2054.7454,2248.9018,False,0.0298,0.4973,4255.0,1736.0,0.0301,1.4554,211600.0,0.5251,0.2448,ＩＭＶ,スタンダード（内国株式）,精密機器
7762,2026-10-01,2427.0,0.0434,0.0326,-0.1412,0.0193,-0.14,-0.0135,2477.7514,2406.4771,True,-0.0205,0.8312,2920.0,973.9548,0.0339,40.199,242700.0,0.8203,0.254,シチズン時計,プライム（内国株式）,精密機器
7769,2026-10-01,3830.0,0.0039,0.0147,-0.0484,0.0039,-0.0473,-0.0289,3870.9625,3857.5875,True,-0.0106,0.9183,4170.6909,3124.4351,0.0125,0.7863,383000.0,0.8438,0.2199,リズム,プライム（内国株式）,精密機器
7771,2026-10-01,259.0,-0.0115,0.0078,-0.0717,-0.1591,-0.0705,-0.1919,263.88,288.7333,False,-0.0185,0.2755,940.0,83.0,0.0292,0.3532,25900.0,1.1196,0.4094,日本精密,スタンダード（内国株式）,精密機器
7774,2026-10-01,874.0,-0.0224,0.0186,0.0116,0.4446,0.0127,0.4118,851.92,740.4267,True,0.0259,0.9428,927.0,448.0,0.0432,0.8755,87400.0,0.7401,0.3076,ジャパン・ティッシュエンジニアリング,グロース（内国株式）,精密機器
7775,2026-10-01,418.0,0.0024,0.0072,-0.0188,0.0048,-0.0176,-0.028,423.1592,422.8264,False,-0.0122,0.8756,477.4073,409.0,0.0082,0.0859,41800.0,1.1591,0.3786,大研医器,スタンダード（内国株式）,精密機器
7776,2026-10-01,218.0,-0.0268,-0.0354,-0.0684,-0.0354,-0.0672,-0.0683,225.0,222.2133,False,-0.0311,0.4208,518.0,200.0,0.0311,0.3584,21800.0,0.9053,0.2211,セルシード,グロース（内国株式）,精密機器
7777,2026-10-01,432.0,-0.0069,0.0023,0.1398,0.2203,0.141,0.1875,389.16,362.9867,False,0.1101,0.5448,793.0,264.0,0.0608,12.7128,43200.0,1.515,0.2549,スリー・ディー・マトリックス,グロース（内国株式）,精密機器
7779,2026-10-01,231.0,-0.0212,-0.0335,0.0221,-0.0043,0.0233,-0.0372,229.64,233.5733,False,0.0059,0.55,420.0,164.0,0.0247,1.8956,23100.0,0.571,0.28,ＣＹＢＥＲＤＹＮＥ,グロース（内国株式）,精密機器
7780,2026-10-01,1775.0,0.0344,0.0068,-0.0707,0.0572,-0.0695,0.0243,1801.88,1767.6267,True,-0.0149,0.8509,2086.0,1072.8732,0.0265,4.9638,177500.0,1.2286,0.2489,メニコン,プライム（内国株式）,精密機器
7781,2026-10-01,883.0,0.0057,-0.0067,-0.0045,0.0575,-0.0034,0.0246,879.4,817.1179,True,0.0041,0.965,915.0,517.7037,0.0193,0.1541,88300.0,0.6059,0.2109,平山ホールディングス,スタンダード（内国株式）,精密機器
7782,2026-10-01,507.0,0.006,0.0326,0.0454,0.1094,0.0465,0.0766,487.56,471.9067,True,0.0399,0.8793,576.6272,420.0,0.0147,0.02,50700.0,1.3744,0.5115,シンシア,スタンダード（内国株式）,精密機器
7791,2026-10-01,815.0,-0.0012,0.0074,-0.0097,0.0062,-0.0086,-0.0267,825.9209,820.7336,True,-0.0132,0.9013,904.2992,767.4323,0.0128,0.0208,81500.0,0.9869,0.2766,ドリームベッド,スタンダード（内国株式）,その他製品
7792,2026-10-01,1476.0,-0.004,0.0163,-0.0114,0.0179,-0.0102,-0.0149,1474.9662,1459.0687,True,0.0007,0.9248,1596.0,1350.0,0.0173,0.2223,147600.0,1.7361,0.3581,コラントッテ,グロース（内国株式）,その他製品
7793,2026-10-01,1598.0,-0.0075,-0.0118,0.0604,0.1785,0.0615,0.1456,1540.12,1438.1067,True,0.0376,0.846,1888.9932,1324.0,0.0184,0.0264,159800.0,1.2295,0.5689,イメージ・マジック,グロース（内国株式）,その他製品
7794,2026-10-01,1028.0,0.0168,0.0148,0.0373,-0.1588,0.0385,-0.1916,996.64,1002.8,False,0.0315,0.3316,3100.0,360.0,0.0332,2.913,102800.0,0.4988,0.2929,イーディーピー,グロース（内国株式）,その他製品
7795,2026-10-01,214.0,0.0,-0.0093,-0.0614,0.0388,-0.0602,0.006,220.0814,210.1738,True,-0.0276,0.8218,260.3913,179.8174,0.0206,0.107,21400.0,0.5517,0.2266,ＫＹＯＲＩＴＳＵ,スタンダード（内国株式）,その他製品
7800,2026-10-01,977.0,-0.0031,0.0182,-0.025,0.104,-0.0238,0.0711,985.9378,950.7926,True,-0.0091,0.5599,1745.0,576.0,0.0185,0.097,97700.0,0.5435,0.2493,アミファ,スタンダード（内国株式）,その他製品
7803,2026-10-01,451.0,0.0344,-0.0585,-0.0066,0.5236,-0.0055,0.4908,445.68,379.8645,True,0.0119,0.8948,504.0,234.7299,0.0447,6.3835,45100.0,0.9581,0.3922,ブシロード,グロース（内国株式）,その他製品
7804,2026-10-01,2523.0,0.0052,0.0486,0.0637,0.1273,0.0648,0.0945,2399.96,2294.6267,True,0.0513,0.9155,2755.9767,2091.0,0.016,0.1122,252300.0,2.4117,0.7025,ビーアンドピー,スタンダード（内国株式）,その他製品
7805,2026-10-01,708.0,0.0085,-0.0056,-0.0014,-0.0389,-0.0003,-0.0718,712.9458,729.4638,False,-0.0069,0.9171,772.0219,622.725,0.0078,0.0639,70800.0,0.4472,0.3273,プリントネット,スタンダード（内国株式）,その他製品
7806,2026-10-01,9040.0,0.0878,0.1116,-0.0195,0.1501,-0.0184,0.1173,8362.6849,7933.4283,True,0.081,0.9617,9400.0,3500.0,0.0426,15.22,904000.0,1.2636,0.4263,ＭＴＧ,グロース（内国株式）,その他製品
7807,2026-10-01,875.0,-0.0068,0.0034,-0.0068,0.0802,-0.0057,0.0474,866.8,850.0,True,0.0095,0.9777,895.0,777.4603,0.0136,0.0157,87500.0,0.8008,0.388,幸和製作所,スタンダード（内国株式）,その他製品
7808,2026-10-01,2600.0,-0.0023,-0.0189,-0.0441,0.0192,-0.043,-0.0136,2709.72,2654.0,True,-0.0405,0.7829,3320.9773,2490.0,0.0084,0.0584,260000.0,1.9222,0.6447,シー・エス・ランバー,スタンダード（内国株式）,その他製品
7809,2026-10-01,1328.0,0.0038,0.0061,0.003,0.0061,0.0042,-0.0268,1323.16,1319.9453,True,0.0037,0.7499,1770.8577,1261.168,0.0043,0.0423,132800.0,0.7424,0.1925,壽屋,スタンダード（内国株式）,その他製品
7810,2026-10-01,154.0,0.0065,0.0132,-0.0994,-0.0275,-0.0983,-0.0603,160.48,155.3996,False,-0.0404,0.3781,407.3376,140.4269,0.0376,0.404,15400.0,0.1487,0.1556,クロスフォー,スタンダード（内国株式）,その他製品
7811,2026-10-01,2300.0,0.0013,-0.0026,0.1705,0.2046,0.1716,0.1718,2089.2458,1949.1857,True,0.1009,0.9787,2350.0,1634.0855,0.0252,0.7193,230000.0,2.3495,0.4057,中本パックス,スタンダード（内国株式）,その他製品
7812,2026-10-01,2082.0,-0.0216,0.0,-0.0294,-0.0334,-0.0282,-0.0663,2113.08,2130.6288,True,-0.0147,0.9071,2295.3361,1664.5792,0.0195,0.0655,208200.0,1.6062,0.281,クレステック,スタンダード（内国株式）,その他製品
7813,2026-10-01,892.0,0.0125,-0.0045,0.0159,0.0265,0.0171,-0.0064,898.12,867.6625,True,-0.0068,0.9367,952.2919,749.5522,0.0239,0.0285,89200.0,0.9307,0.2903,プラッツ,スタンダード（内国株式）,その他製品
7814,2026-10-01,629.0,0.0261,0.0638,-0.0016,-0.0141,-0.0004,-0.047,615.1105,620.6529,True,0.0226,0.7148,879.9537,528.8131,0.0135,0.1294,62900.0,1.1806,0.5405,日本創発グループ,スタンダード（内国株式）,その他製品
7815,2026-10-01,340.0,-0.0202,-0.0423,-0.0608,-0.1727,-0.0596,-0.2056,349.88,337.7333,True,-0.0282,0.4823,705.0,221.0,0.0395,0.0147,34000.0,0.1038,0.3574,東京ボード工業,スタンダード（内国株式）,その他製品
7818,2026-10-01,1199.0,0.0033,-0.0252,0.011,-0.1158,0.0121,-0.1487,1191.3988,1237.3352,False,0.0064,0.8553,1401.8752,971.9538,0.0188,1.6219,119900.0,0.7174,0.3244,トランザクション,プライム（内国株式）,その他製品
7819,2026-10-01,957.0,-0.0042,-0.0186,-0.0718,0.0753,-0.0706,0.0424,992.7107,938.7436,True,-0.036,0.7256,1318.9845,779.7584,0.0219,0.3069,95700.0,1.221,0.4445,粧美堂,スタンダード（内国株式）,その他製品
7820,2026-10-01,694.0,-0.0057,-0.0057,-0.0184,-0.0307,-0.0172,-0.0636,705.801,712.3737,False,-0.0167,0.8157,850.7852,690.0,0.0092,0.3021,69400.0,0.7666,0.3437,ニホンフラッシュ,プライム（内国株式）,その他製品
7821,2026-10-01,1952.0,0.0,-0.0136,-0.0543,0.0838,-0.0531,0.051,1980.92,1912.3378,True,-0.0146,0.879,2220.6504,1698.4359,0.0192,2.4629,195200.0,1.0326,0.2987,前田工繊,プライム（内国株式）,その他製品
7822,2026-10-01,257.0,-0.0039,0.0079,0.0,0.0798,0.0012,0.047,256.2385,248.0928,True,0.003,0.965,266.3333,218.3542,0.0136,0.0755,25700.0,0.7571,0.2005,永大産業,スタンダード（内国株式）,その他製品
7823,2026-10-01,779.0,-0.0189,-0.0359,-0.1158,-0.0994,-0.1146,-0.1323,833.3207,850.0002,True,-0.0652,0.856,910.0,769.7758,0.016,0.6477,77900.0,1.6314,0.4649,アートネイチャー,スタンダード（内国株式）,その他製品
7826,2026-10-01,11820.0,0.026,0.1047,0.2975,0.5512,0.2986,0.5183,10376.0,8628.6613,True,0.1392,0.985,12000.0,2619.4543,0.0622,65.7145,1182000.0,0.9386,0.2882,フルヤ金属,プライム（内国株式）,その他製品
7827,2026-10-01,1750.0,-0.0213,-0.0267,0.004,0.0769,0.0052,0.0441,1753.72,1678.5733,True,-0.0021,0.9465,1849.0,1431.0,0.0165,0.0858,175000.0,2.7495,0.4193,オービス,スタンダード（内国株式）,その他製品
7831,2026-10-01,67.0,0.0152,0.0152,-0.0147,-0.0147,-0.0135,-0.0476,66.6,66.9867,False,0.006,0.5583,120.0,62.0,0.0171,0.0144,6700.0,0.542,0.175,ウイルコホールディングス,スタンダード（内国株式）,その他製品
7832,2026-10-01,5755.0,0.0063,0.0551,0.0061,0.4791,0.0073,0.4462,5560.3744,4752.7515,True,0.035,0.9838,5850.0,3530.0,0.0296,150.9664,575500.0,0.8637,0.2135,バンダイナムコホールディングス,プライム（内国株式）,その他製品
7833,2026-10-01,688.0,0.0058,0.0073,0.0472,0.0903,0.0483,0.0575,673.88,650.6533,True,0.021,0.9535,721.5502,604.0,0.0146,0.0396,68800.0,1.005,0.2085,アイフィスジャパン,スタンダード（内国株式）,その他製品
7836,2026-10-01,74.0,0.0137,0.0,-0.039,-0.075,-0.0378,-0.1079,75.64,78.8,False,-0.0217,0.6789,109.0,72.0,0.0212,0.0477,7400.0,1.2028,0.2545,アビックス,スタンダード（内国株式）,その他製品
7837,2026-10-01,351.0,-0.0028,-0.0277,0.0478,0.0415,0.0489,0.0087,342.88,334.68,True,0.0237,0.4081,860.0,291.0,0.0242,0.0097,35100.0,0.7609,0.3176,アールシーコア,スタンダード（内国株式）,その他製品
7839,2026-10-01,2161.0,0.0232,0.0368,0.0213,0.2019,0.0224,0.169,2091.0134,1965.9111,True,0.0335,0.9931,2176.0,1551.0,0.0186,4.8264,216100.0,1.1584,0.3631,ＳＨＯＥＩ,プライム（内国株式）,その他製品
7840,2026-10-01,1285.0,0.0078,-0.0016,-0.025,0.0288,-0.0239,-0.004,1296.2816,1269.2672,True,-0.0087,0.9393,1368.0,1175.0,0.0114,0.4215,128500.0,1.1448,0.3489,フランスベッドホールディングス,プライム（内国株式）,その他製品
7841,2026-10-01,1101.0,0.0018,0.0129,0.0046,0.0101,0.0057,-0.0228,1086.44,1091.2133,True,0.0134,0.818,1346.0,1040.0,0.0149,0.1364,110100.0,0.3543,0.207,遠藤製作所,スタンダード（内国株式）,その他製品
7844,2026-10-01,532.0,0.0,-0.0037,0.0172,0.2258,0.0184,0.193,523.88,479.1733,True,0.0155,0.8802,604.4351,407.0,0.022,0.9267,53200.0,1.1452,0.2305,マーベラス,プライム（内国株式）,情報・通信業
7846,2026-10-01,2110.5,0.005,-0.0124,0.0019,0.2256,0.0031,0.1928,2092.6,1888.8358,True,0.0086,0.9726,2170.0,1458.9318,0.0202,7.5001,211050.0,1.1325,0.2104,パイロットコーポレーション,プライム（内国株式）,その他製品
7847,2026-10-01,677.0,-0.0117,0.0258,0.0242,0.1346,0.0254,0.1018,654.2505,631.5734,True,0.0348,0.9713,697.0,581.0116,0.019,0.0467,67700.0,1.3665,0.5522,グラファイトデザイン,スタンダード（内国株式）,その他製品
7849,2026-10-01,2997.0,-0.0027,-0.0125,-0.0174,-0.0821,-0.0162,-0.1149,3033.12,3181.6451,False,-0.0119,0.696,4305.8749,2911.0,0.0102,0.0628,299700.0,0.9545,0.3122,スターツ出版,スタンダード（内国株式）,情報・通信業
7850,2026-10-01,797.0,0.0,0.005,-0.016,-0.0776,-0.0149,-0.1105,804.52,831.4412,False,-0.0093,0.8977,887.8186,791.0,0.0091,0.0258,79700.0,0.8191,0.3569,総合商研,スタンダード（内国株式）,その他製品
7856,2026-10-01,2060.0,-0.0091,0.029,0.0928,0.1839,0.094,0.1511,1972.44,1843.4133,True,0.0444,0.9763,2110.0,1510.9115,0.0199,2.6449,206000.0,1.1522,0.2317,萩原工業,プライム（内国株式）,その他製品
7857,2026-10-01,1275.0,-0.0023,0.0101,-0.017,-0.0177,-0.0158,-0.0506,1286.856,1289.192,False,-0.0092,0.9107,1400.0,1258.0,0.0092,0.0082,127500.0,2.241,0.3213,セキ,スタンダード（内国株式）,その他製品
7859,2026-10-01,266.0,0.0472,-0.0567,0.031,0.1176,0.0322,0.0848,266.72,244.28,False,-0.0027,0.7209,369.0,149.2308,0.043,0.3214,26600.0,0.6459,0.3938,アルメディオ,スタンダード（内国株式）,その他製品
7860,2026-10-01,1216.0,-0.0025,-0.0217,-0.0625,0.0041,-0.0613,-0.0287,1262.7121,1249.6774,True,-0.037,0.8935,1361.0,1132.2725,0.0153,1.4209,121600.0,0.7673,0.4663,エイベックス,プライム（内国株式）,情報・通信業
7863,2026-10-01,949.0,0.0139,0.0237,-0.0094,-0.0073,-0.0082,-0.0402,941.68,952.7867,False,0.0078,0.7598,1249.0732,860.0,0.0107,0.0058,94900.0,1.7003,0.3352,平賀,スタンダード（内国株式）,その他製品
7864,2026-10-01,3365.0,0.0182,0.0025,0.0105,0.168,0.0117,0.1351,3310.8324,3111.9975,True,0.0164,0.9843,3418.8309,2460.0,0.0178,4.4949,336500.0,1.0678,0.2427,フジシールインターナショナル,プライム（内国株式）,その他製品
7865,2026-10-01,330.0,0.0,-0.009,-0.0379,-0.0179,-0.0367,-0.0507,337.12,337.9867,False,-0.0211,0.6334,521.0,324.0,0.011,0.0156,33000.0,0.9364,0.302,ピープル,スタンダード（内国株式）,その他製品
7867,2026-10-01,4203.0,-0.0115,0.0462,0.1223,0.3012,0.1235,0.2684,3822.5805,3525.4468,True,0.0995,0.985,4267.0,2496.0,0.0278,27.1841,420300.0,1.2804,0.388,タカラトミー,プライム（内国株式）,その他製品
7868,2026-10-01,536.0,-0.0147,-0.0042,-0.0342,-0.0147,-0.0331,-0.0476,539.2376,534.4392,False,-0.006,0.7118,753.0,404.3146,0.0294,2.0698,53600.0,0.8577,0.2355,広済堂ホールディングス,プライム（内国株式）,その他製品
7871,2026-10-01,1002.0,-0.003,-0.0025,-0.0439,0.1011,-0.0427,0.0682,1010.1727,965.7509,True,-0.0081,0.7439,1347.0,841.4836,0.0153,0.0491,100200.0,0.6178,0.1649,フクビ化学工業,スタンダード（内国株式）,化学
7872,2026-10-01,617.0,0.0033,-0.0016,-0.0032,0.0318,-0.0021,-0.0011,617.08,608.64,True,-0.0001,0.9889,623.9235,552.1531,0.0063,0.021,61700.0,1.124,0.363,エステールホールディングス,スタンダード（内国株式）,その他製品
7874,2026-10-01,971.0,0.0178,0.0156,0.0041,0.0286,0.0053,-0.0043,960.9594,955.6265,True,0.0104,0.7897,1229.5031,857.0,0.0161,0.6884,97100.0,0.864,0.2434,レック,プライム（内国株式）,化学
7875,2026-10-01,885.0,0.0103,0.0472,0.0859,0.0291,0.087,-0.0038,823.2839,833.0013,True,0.075,0.7916,1118.0,488.9815,0.0238,0.1888,88500.0,1.0388,0.4231,竹田ｉＰホールディングス,スタンダード（内国株式）,その他製品
7877,2026-10-01,2208.0,0.0041,0.026,-0.013,0.0904,-0.0118,0.0575,2205.48,2136.2533,True,0.0011,0.9569,2307.5039,1597.577,0.0093,0.0152,220800.0,0.725,0.3197,永大化工,スタンダード（内国株式）,化学
7878,2026-10-01,1116.0,0.0145,-0.0371,-0.2298,-0.3786,-0.2287,-0.4115,1342.84,1389.84,True,-0.1689,0.5895,1893.0,841.0,0.071,0.1601,111600.0,1.6749,0.1591,光・彩,スタンダード（内国株式）,その他製品
7879,2026-10-01,678.0,0.003,0.0015,-0.0088,0.0528,-0.0076,0.0199,674.8,657.8,True,0.0047,0.9579,707.795,634.0,0.0085,0.0446,67800.0,0.7804,0.1901,ノダ,スタンダード（内国株式）,その他製品
7883,2026-10-01,450.0,-0.0175,0.1198,0.1194,0.178,0.1206,0.1452,416.4035,400.2545,True,0.0807,0.8027,560.6117,337.3658,0.0614,0.5031,45000.0,5.2682,0.5887,サンメッセ,スタンダード（内国株式）,その他製品
7885,2026-10-01,1055.0,-0.0094,-0.0762,-0.0786,-0.0538,-0.0774,-0.0867,1126.32,1104.9733,False,-0.0633,0.615,1715.4941,726.6547,0.021,0.1499,105500.0,1.0706,0.4742,タカノ,スタンダード（内国株式）,その他製品
7886,2026-10-01,574.0,0.007,-0.0221,-0.1128,-0.187,-0.1117,-0.2198,606.16,671.1067,True,-0.0531,0.531,1081.0,504.0,0.0329,0.0215,57400.0,0.6332,0.2333,ヤマト　モビリティ　＆　Ｍｆｇ．,スタンダード（内国株式）,化学
7887,2026-10-01,1546.0,-0.009,-0.009,-0.0115,0.0453,-0.0104,0.0124,1562.36,1532.3333,True,-0.0105,0.5876,2631.0949,1399.9781,0.0113,0.0386,154600.0,0.7788,0.2984,南海プライウッド,スタンダード（内国株式）,その他製品
7888,2026-10-01,917.0,-0.0129,0.02,0.0011,0.2066,0.0022,0.1737,897.84,871.1733,True,0.0213,0.8575,1069.4017,746.0,0.0178,0.8765,91700.0,0.6137,0.4114,三光合成,プライム（内国株式）,化学
7893,2026-10-01,1075.0,-0.0056,-0.0129,-0.0512,-0.0315,-0.05,-0.0644,1108.0753,1116.4251,True,-0.0298,0.8804,1221.0,1019.0,0.0139,0.5669,107500.0,1.0957,0.3828,プロネクサス,プライム（内国株式）,その他製品
7897,2026-10-01,112.0,-0.0508,0.0467,0.037,0.1429,0.0382,0.11,109.0,103.9867,True,0.0275,0.7568,148.0,96.0,0.0587,1.1052,11200.0,4.2488,0.6543,ホクシン,スタンダード（内国株式）,その他製品
7898,2026-10-01,935.0,0.0054,0.0129,-0.0106,0.0859,-0.0094,0.0531,927.442,900.9207,True,0.0081,0.845,1106.5599,815.1,0.0179,0.0499,93500.0,0.7362,0.2029,ウッドワン,スタンダード（内国株式）,その他製品
7901,2026-10-01,968.0,0.1834,0.1848,0.1295,0.23,0.1307,0.1971,835.72,814.2133,False,0.1583,0.3429,2823.0,647.0,0.04,0.058,96800.0,2.4428,0.6664,マツモト,スタンダード（内国株式）,その他製品
7902,2026-10-01,1131.0,0.0217,0.0062,-0.0009,0.0761,0.0003,0.0433,1114.76,1101.5733,True,0.0146,0.7999,1414.0,840.3155,0.0133,0.0146,113100.0,1.0211,0.3067,ソノコム,スタンダード（内国株式）,その他製品
7906,2026-10-01,2319.0,0.0,-0.0207,-0.1658,-0.0132,-0.1647,-0.046,2507.9013,2513.6738,True,-0.0753,0.5557,4172.844,2181.0,0.0347,11.1663,231900.0,0.8764,0.2071,ヨネックス,スタンダード（内国株式）,その他製品
7908,2026-10-01,243.0,0.0,0.0042,0.0041,0.034,0.0053,0.0012,240.1575,236.9058,True,0.0118,0.8194,296.5572,219.0,0.0161,0.206,24300.0,0.8582,0.2296,きもと,スタンダード（内国株式）,化学
7911,2026-10-01,2417.5,0.0233,-0.0056,-0.5253,-0.535,-0.5242,-0.5679,4315.0633,4704.8211,False,-0.4398,0.4105,5888.9399,2312.5,0.1152,73.5536,241750.0,1.2847,0.8727,ＴＯＰＰＡＮホールディングス,プライム（内国株式）,その他製品
7912,2026-10-01,2997.5,0.0154,0.0144,-0.0334,-0.0008,-0.0322,-0.0337,3032.1721,3032.2174,True,-0.0114,0.8911,3364.0,2417.0652,0.022,43.2873,299750.0,1.0013,0.252,大日本印刷,プライム（内国株式）,その他製品
7914,2026-10-01,1716.0,-0.0052,-0.0066,-0.03,0.0902,-0.0288,0.0574,1744.4499,1665.5633,True,-0.0163,0.9533,1800.0,1366.7457,0.0166,1.204,171600.0,1.0864,0.3225,共同印刷,プライム（内国株式）,その他製品
7915,2026-10-01,1085.0,-0.0647,-0.0913,-0.153,-0.2016,-0.1518,-0.2345,1212.16,1295.1807,False,-0.1049,0.6459,1679.7666,1025.0,0.0296,4.2493,108500.0,1.6294,0.6253,ＮＩＳＳＨＡ,プライム（内国株式）,その他製品
7916,2026-10-01,1879.0,0.0,-0.0162,-0.0214,0.037,-0.0202,0.0041,1898.68,1862.2133,True,-0.0104,0.9395,2000.0,1415.4619,0.0146,0.0399,187900.0,0.7791,0.2668,光村印刷,スタンダード（内国株式）,その他製品
7917,2026-10-01,1223.0,0.0,-0.0112,-0.0556,-0.104,-0.0544,-0.1369,1246.9061,1307.7954,False,-0.0192,0.8008,1527.1593,1000.1106,0.0164,1.5435,122300.0,0.8754,0.2847,ＺＡＣＲＯＳ,プライム（内国株式）,化学
7918,2026-10-01,105.0,-0.0094,-0.0094,-0.0187,-0.0367,-0.0175,-0.0696,106.32,106.6133,True,-0.0124,0.8015,131.0,95.0,0.0122,0.0447,10500.0,0.6889,0.2333,ヴィア・ホールディングス,スタンダード（内国株式）,小売業
7919,2026-10-01,223.0,0.0,0.0028,-0.0219,0.1862,-0.0208,0.1533,226.1616,209.1605,True,-0.014,0.9654,231.0,181.5714,0.0161,0.0234,22300.0,0.6373,0.2317,野崎印刷紙業,スタンダード（内国株式）,その他製品
7921,2026-10-01,4050.0,-0.0229,-0.0122,-0.0657,0.2126,-0.0646,0.1797,4168.8,3972.8667,True,-0.0285,0.8612,4702.7882,2783.0,0.0229,1.0782,405000.0,0.7796,0.3285,ＴＡＫＡＲＡ　＆　ＣＯＭＰＡＮＹ,プライム（内国株式）,その他製品
7927,2026-10-01,2361.0,-0.0042,0.0158,0.0333,0.0621,0.0344,0.0292,2306.7278,2264.8693,True,0.0235,0.9916,2381.0,1570.2506,0.0156,0.4106,236100.0,0.9519,0.2927,ムトー精工,スタンダード（内国株式）,化学
7928,2026-10-01,615.0,-0.0016,0.0016,-0.0207,0.0011,-0.0195,-0.0318,620.5642,622.1476,True,-0.009,0.9361,657.0,564.0413,0.0051,0.0145,61500.0,0.3907,0.2227,旭化学工業,スタンダード（内国株式）,化学
7931,2026-10-01,3625.0,0.0069,-0.0096,-0.0242,0.16,-0.0231,0.1271,3643.9161,3415.9054,True,-0.0052,0.9465,3830.0,2800.0,0.0262,0.8947,362500.0,0.8199,0.1999,未来工業,プライム（内国株式）,化学
7932,2026-10-01,11290.0,-0.0088,-0.0183,-0.056,-0.0505,-0.0549,-0.0833,11622.8,11809.0667,False,-0.0286,0.8125,13895.8287,11100.0,0.0118,0.7306,1129000.0,1.0363,0.3086,ニッピ,スタンダード（内国株式）,その他製品
7936,2026-10-01,4249.0,0.0069,0.0338,-0.0558,-0.0503,-0.0546,-0.0831,4220.8,4540.606,False,0.0067,0.7811,5440.0,3474.8869,0.0269,226.0092,424900.0,0.9505,0.2272,アシックス,プライム（内国株式）,その他製品
7937,2026-10-01,2470.0,-0.012,-0.0149,-0.0753,-0.0295,-0.0741,-0.0623,2589.8666,2605.9289,False,-0.0463,0.7317,3375.705,2145.5999,0.0139,0.3709,247000.0,1.015,0.3109,ツツミ,スタンダード（内国株式）,その他製品
7938,2026-10-01,2105.0,-0.0038,-0.0038,-0.0237,0.0169,-0.0225,-0.0159,2131.6,2143.92,True,-0.0125,0.8723,2413.2113,2040.0,0.0079,0.0487,210500.0,1.2195,0.3231,リーガルコーポレーション,スタンダード（内国株式）,その他製品
7939,2026-10-01,597.0,-0.0033,-0.0116,-0.0083,0.0188,-0.0071,-0.0141,601.56,595.52,True,-0.0076,0.9552,625.0,515.2332,0.0073,0.0066,59700.0,0.691,0.2984,研創,スタンダード（内国株式）,その他製品
7942,2026-10-01,3015.0,0.0033,0.0185,-0.0429,0.2123,-0.0417,0.1794,2995.1633,2774.6678,True,0.0066,0.9306,3240.0,1809.58,0.02,1.7466,301500.0,0.9373,0.3316,ＪＳＰ,プライム（内国株式）,化学
7943,2026-10-01,2857.0,-0.0162,-0.0446,-0.0724,-0.0493,-0.0712,-0.0821,3015.6904,3041.4968,True,-0.0526,0.7782,3671.1635,2619.4512,0.0206,1.8957,285700.0,0.9911,0.38,ニチハ,プライム（内国株式）,ガラス・土石製品
7944,2026-10-01,3695.0,-0.0094,-0.012,-0.044,-0.1296,-0.0428,-0.1624,3761.4,4029.1608,False,-0.0177,0.8007,4615.0,3082.9721,0.0178,2.8013,369500.0,0.6052,0.2739,ローランド,プライム（内国株式）,その他製品
7947,2026-10-01,2781.0,-0.0036,-0.0002,-0.01,0.057,-0.0088,0.0242,2810.3301,2679.83,True,-0.0104,0.9606,2895.0,2243.0,0.0177,5.2893,278100.0,0.8159,0.2562,エフピコ,プライム（内国株式）,化学
7949,2026-10-01,2770.0,-0.0061,0.0021,-0.027,0.0841,-0.0259,0.0513,2812.5145,2697.7582,True,-0.0151,0.9273,2987.0359,2373.0341,0.0148,1.4883,277000.0,1.1183,0.312,小松ウオール工業,プライム（内国株式）,その他製品
7951,2026-10-01,1222.0,0.0008,-0.0102,-0.0881,0.058,-0.0869,0.0252,1274.6558,1239.2653,True,-0.0413,0.8534,1432.0,951.9051,0.022,27.7601,122200.0,0.9656,0.3744,ヤマハ,プライム（内国株式）,その他製品
7952,2026-10-01,3445.0,0.0147,0.0439,-0.0072,0.0715,-0.006,0.0387,3376.4,3357.0667,True,0.0203,0.9349,3685.0,2311.6895,0.0259,0.527,344500.0,0.8626,0.28,河合楽器製作所,プライム（内国株式）,その他製品
7953,2026-10-01,405.0,-0.0025,0.0175,0.0125,0.0492,0.0137,0.0164,400.7607,392.7336,True,0.0106,0.9975,406.0,362.7,0.0095,0.0425,40500.0,1.3429,0.2845,菊水化学工業,スタンダード（内国株式）,その他製品
7955,2026-10-01,934.0,-0.0032,-0.0076,-0.0632,0.0141,-0.062,-0.0187,967.0459,940.8286,True,-0.0342,0.8639,1081.1429,731.5342,0.0169,0.3933,93400.0,0.87,0.3224,クリナップ,プライム（内国株式）,その他製品
7956,2026-10-01,2036.5,-0.002,0.0044,-0.0371,-0.0309,-0.036,-0.0638,2036.46,2033.6651,True,0.0,0.9267,2197.5,1503.5092,0.0203,19.006,203650.0,0.9567,0.3228,ピジョン,プライム（内国株式）,その他製品
7957,2026-10-01,2354.0,-0.0105,-0.095,-0.1056,0.3896,-0.1045,0.3568,2548.4,2143.96,True,-0.0763,0.826,2850.0,1374.0,0.0243,1.1685,235400.0,3.9434,0.5296,フジコピアン,スタンダード（内国株式）,その他製品
7962,2026-10-01,784.0,-0.0025,-0.0163,-0.0333,0.0289,-0.0321,-0.004,798.12,792.7225,True,-0.0177,0.9316,841.5332,759.0,0.0116,0.2056,78400.0,0.8328,0.2315,キングジム,プライム（内国株式）,その他製品
7963,2026-10-01,1800.0,0.0017,-0.0011,0.0073,0.0441,0.0084,0.0112,1811.28,1788.6533,True,-0.0062,0.7888,2282.0,1671.0,0.0108,0.0467,180000.0,0.8394,0.2015,興研,スタンダード（内国株式）,その他製品
7965,2026-10-01,1437.0,-0.0062,-0.009,-0.0284,0.0512,-0.0272,0.0184,1461.96,1435.8533,False,-0.0171,0.831,1729.3259,1322.0,0.0139,1.5109,143700.0,0.7111,0.2659,象印マホービン,プライム（内国株式）,電気機器
7966,2026-10-01,5930.0,0.0068,0.0493,0.0723,-0.1553,0.0735,-0.1881,5510.0742,6105.3581,False,0.0762,0.8057,7360.0,3503.6918,0.0314,89.8663,593000.0,1.2904,0.4139,リンテック,プライム（内国株式）,その他製品
7970,2026-10-01,2452.0,0.0208,0.0672,0.0927,-0.0077,0.0938,-0.0405,2253.309,2308.5563,False,0.0882,0.9627,2547.0,1786.3186,0.0182,2.5645,245200.0,0.6899,0.6355,信越ポリマー,プライム（内国株式）,化学
7971,2026-10-01,672.0,-0.0118,-0.0203,-0.0601,0.0136,-0.059,-0.0193,698.6771,675.0924,True,-0.0382,0.8469,793.4501,531.8625,0.0149,0.6108,67200.0,0.8152,0.3908,東リ,スタンダード（内国株式）,化学
7972,2026-10-01,2436.0,-0.0094,-0.0299,-0.0866,-0.0821,-0.0855,-0.115,2518.16,2642.0667,False,-0.0326,0.6593,3695.0,2136.01,0.0206,4.3704,243600.0,0.9241,0.2732,イトーキ,プライム（内国株式）,その他製品
7974,2026-10-01,7940.0,-0.0005,-0.0312,-0.1221,0.1125,-0.1209,0.0797,8461.08,7814.6933,True,-0.0616,0.5533,14348.9891,6544.0,0.0314,637.268,794000.0,0.7421,0.279,任天堂,プライム（内国株式）,その他製品
7975,2026-10-01,1180.0,-0.0051,0.0199,0.0,0.0806,0.0012,0.0477,1165.92,1122.4267,True,0.0121,0.8926,1322.0,1057.0,0.0129,0.0293,118000.0,1.267,0.3286,リヒトラブ,スタンダード（内国株式）,その他製品
7976,2026-10-01,3430.0,-0.0115,0.0178,0.0803,0.2885,0.0815,0.2556,3214.08,2875.3866,True,0.0672,0.9772,3510.0,1961.5361,0.022,3.1212,343000.0,1.0074,0.4047,三菱鉛筆,プライム（内国株式）,その他製品
7979,2026-10-01,2233.0,0.0077,0.0042,-0.0346,0.1109,-0.0334,0.0781,2259.1831,2181.3144,True,-0.0116,0.9227,2420.0,1618.1381,0.0215,1.5298,223300.0,0.7521,0.2359,松風,プライム（内国株式）,精密機器
7980,2026-10-01,840.0,-0.0221,-0.0233,-0.0175,0.0593,-0.0164,0.0264,854.2,831.2667,False,-0.0166,0.6334,1326.1271,754.1301,0.0308,0.2212,84000.0,1.238,0.232,重松製作所,スタンダード（内国株式）,その他製品
7981,2026-10-01,3040.0,0.0016,-0.0028,-0.0425,-0.0114,-0.0414,-0.0442,3093.5837,3076.0746,True,-0.0173,0.9129,3330.0,2360.1484,0.017,2.8231,304000.0,0.8198,0.2321,タカラスタンダード,プライム（内国株式）,その他製品
7983,2026-10-01,1158.0,-0.0034,0.0061,-0.0616,0.1071,-0.0604,0.0742,1201.8,1100.4,True,-0.0364,0.7361,1573.0701,1010.0,0.0162,0.0354,115800.0,0.2936,0.2502,ミロク,スタンダード（内国株式）,その他製品
7984,2026-10-01,869.0,0.0009,-0.0309,-0.0577,0.0738,-0.0565,0.0409,903.932,866.0785,True,-0.0386,0.9046,960.6979,755.1578,0.0188,8.1741,86900.0,0.8887,0.3115,コクヨ,プライム（内国株式）,その他製品
7986,2026-10-01,1922.0,0.0042,-0.0026,0.0068,0.0284,0.008,-0.0045,1915.92,1882.08,True,0.0032,0.929,2069.0,1622.2222,0.0059,0.0134,192200.0,1.125,0.4873,日本アイ・エス・ケイ,スタンダード（内国株式）,その他製品
7987,2026-10-01,554.0,-0.0036,-0.0055,-0.0264,-0.0177,-0.0252,-0.0506,562.5221,566.014,True,-0.0151,0.8791,630.2252,522.4106,0.0126,0.2766,55400.0,0.9396,0.3152,ナカバヤシ,スタンダード（内国株式）,その他製品
7988,2026-10-01,2425.0,0.0108,0.0052,-0.5425,-0.517,-0.5413,-0.5499,4384.705,4773.235,False,-0.4469,0.4409,5500.0,2350.0,0.1057,13.3497,242500.0,1.3012,1.0474,ニフコ,プライム（内国株式）,化学
7989,2026-10-01,2646.0,-0.0101,-0.0178,-0.02,0.05,-0.0188,0.0171,2678.8,2593.0868,True,-0.0122,0.9646,2743.0,1767.3458,0.0117,0.9109,264600.0,1.0405,0.3613,立川ブラインド工業,プライム（内国株式）,金属製品
7990,2026-10-01,2372.0,0.0008,-0.0049,-0.0501,0.0189,-0.0489,-0.014,2418.1844,2437.6081,False,-0.0191,0.8641,2745.0,2027.0,0.0166,1.7562,237200.0,0.834,0.3216,グローブライド,プライム（内国株式）,その他製品
7991,2026-10-01,1053.0,-0.0057,-0.0047,-0.0313,0.0145,-0.0301,-0.0184,1070.56,1072.1733,False,-0.0164,0.5518,1908.2319,1011.0,0.0082,0.0619,105300.0,0.5015,0.2314,マミヤ・オーピー,スタンダード（内国株式）,機械
7992,2026-10-01,103.0,0.0,0.0098,-0.0283,0.0,-0.0271,-0.0329,103.64,102.68,False,-0.0062,0.6688,154.0,99.0,0.0187,0.0262,10300.0,0.7313,0.1037,セーラー万年筆,スタンダード（内国株式）,その他製品
7994,2026-10-01,2240.0,-0.0075,-0.0208,-0.0639,-0.0009,-0.0628,-0.0337,2343.6776,2310.3059,True,-0.0442,0.8281,2705.0483,2104.4708,0.0149,5.276,224000.0,0.9785,0.4477,オカムラ,プライム（内国株式）,その他製品
7995,2026-10-01,6870.0,0.0059,0.0386,0.0148,-0.02,0.0159,-0.0528,6585.3594,6839.3865,False,0.0432,0.7933,8660.0,3490.4057,0.0278,3.2144,687000.0,0.6015,0.356,バルカー,プライム（内国株式）,化学
7997,2026-10-01,1136.0,-0.0061,0.0441,0.0432,0.1115,0.0443,0.0787,1093.16,1051.5733,True,0.0392,0.9845,1153.8655,883.0,0.0091,0.0324,113600.0,1.5176,0.6708,くろがね工作所,スタンダード（内国株式）,その他製品
8001,2026-10-01,2202.5,-0.0023,0.0018,0.0448,0.1678,0.046,0.135,2221.7881,2036.0227,True,-0.0087,0.9181,2399.0,1632.5979,0.0262,439.9844,220250.0,1.3923,0.4207,伊藤忠商事,プライム（内国株式）,卸売業
8002,2026-10-01,4832.0,0.0017,0.0025,-0.0195,0.0054,-0.0183,-0.0274,4975.8449,4973.575,False,-0.0289,0.7713,6264.731,3516.1415,0.0256,260.7784,483200.0,1.2722,0.3234,丸紅,プライム（内国株式）,卸売業
8005,2026-10-01,1754.0,-0.0028,0.0069,-0.0309,0.0663,-0.0298,0.0334,1777.335,1747.4983,True,-0.0131,0.9159,1915.0,1047.3514,0.0144,4.2266,175400.0,0.8346,0.2854,スクロール,プライム（内国株式）,小売業
8006,2026-10-01,1483.0,-0.0013,0.0164,-0.0358,0.0242,-0.0346,-0.0087,1503.2036,1536.3879,True,-0.0134,0.7596,1952.2369,1338.0,0.0189,0.0399,148300.0,0.8176,0.1854,ユアサ・フナショク,スタンダード（内国株式）,卸売業
8007,2026-10-01,781.0,-0.0051,-0.0023,-0.051,0.0344,-0.0499,0.0016,801.1097,787.3432,True,-0.0251,0.8534,915.1176,680.0,0.012,1.0772,78100.0,1.2998,0.4039,高島,プライム（内国株式）,卸売業
8008,2026-10-01,2103.0,0.0072,0.0062,-0.0085,0.0839,-0.0073,0.0511,2104.0364,2026.0869,True,-0.0005,0.9687,2171.0,1618.5502,0.0143,1.4644,210300.0,0.5903,0.209,ヨンドシーホールディングス,プライム（内国株式）,小売業
8011,2026-10-01,1315.0,-0.0245,-0.0387,-0.1888,-0.0691,-0.1876,-0.102,1438.9324,1443.5049,True,-0.0861,0.6884,1910.1192,976.6068,0.0294,2.3533,131500.0,0.9323,0.2273,三陽商会,プライム（内国株式）,繊維製品
8012,2026-10-01,1163.0,-0.0004,-0.0017,-0.0098,-0.0064,-0.0086,-0.0393,1154.9154,1180.2118,True,0.007,0.8902,1306.5,767.946,0.0184,10.205,116300.0,0.9942,0.2888,長瀬産業,プライム（内国株式）,卸売業
8013,2026-10-01,381.0,0.0026,0.0026,0.0763,0.1108,0.0774,0.0779,369.28,357.3067,True,0.0317,0.967,394.0,260.0,0.0135,0.0178,38100.0,0.6339,0.525,ナイガイ,スタンダード（内国株式）,繊維製品
8014,2026-10-01,4115.0,-0.0096,-0.0108,-0.0363,0.0511,-0.0351,0.0182,4229.388,4050.2627,True,-0.027,0.8825,4662.812,3346.0221,0.0148,1.3245,411500.0,0.6754,0.3285,蝶理,プライム（内国株式）,卸売業
8015,2026-10-01,7253.0,0.0037,-0.0063,-0.0301,0.1877,-0.0289,0.1548,7465.1899,6849.41,True,-0.0284,0.9301,7798.0,3975.4189,0.0281,170.6252,725300.0,0.9344,0.2719,豊田通商,プライム（内国株式）,卸売業
8016,2026-10-01,709.0,-0.0084,-0.0234,-0.0572,-0.0152,-0.056,-0.048,726.5241,728.6664,True,-0.0241,0.8763,809.0564,613.9563,0.0143,5.2386,70900.0,0.9034,0.2761,オンワードホールディングス,プライム（内国株式）,繊維製品
8018,2026-10-01,840.0,0.0108,0.0076,-0.0444,0.05,-0.0432,0.0171,853.7901,834.01,False,-0.0162,0.8759,959.0,627.1495,0.0201,0.2876,84000.0,0.957,0.3437,三共生興,スタンダード（内国株式）,卸売業
8020,2026-10-01,2248.0,0.0025,-0.015,-0.004,0.0913,-0.0028,0.0584,2269.9385,2164.5728,True,-0.0097,0.9245,2431.6904,1464.6303,0.022,14.7872,224800.0,1.3403,0.3174,兼松,プライム（内国株式）,卸売業
8022,2026-10-01,4190.0,0.0257,0.0289,0.0282,0.2774,0.0294,0.2446,4061.4463,3796.5488,True,0.0317,0.9395,4460.0,2537.4347,0.0315,9.4785,419000.0,0.8803,0.1932,美津濃,プライム（内国株式）,その他製品
8023,2026-10-01,1021.0,0.0059,-0.0142,-0.023,0.0537,-0.0218,0.0208,1040.0632,1000.7411,True,-0.0183,0.8532,1196.7354,871.0,0.0216,0.2211,102100.0,2.4199,0.2948,ＤＡＩＫＯ　ＸＴＥＣＨ,スタンダード（内国株式）,情報・通信業
8025,2026-10-01,1403.0,0.0331,0.0743,0.0393,0.1188,0.0404,0.086,1325.72,1297.4533,True,0.0583,0.9922,1414.0,1181.0,0.0113,0.0159,140300.0,0.9128,0.7158,ツカモトコーポレーション,スタンダード（内国株式）,卸売業
8029,2026-10-01,2753.0,0.0011,0.0234,0.0257,0.0081,0.0269,-0.0248,2678.12,2662.7467,True,0.028,0.9957,2765.0,2399.0,0.0102,0.2915,275300.0,0.9296,0.4025,ルックホールディングス,スタンダード（内国株式）,繊維製品
8030,2026-10-01,3890.0,-0.0038,-0.0202,0.021,0.0806,0.0222,0.0477,3890.4,3696.6667,True,-0.0001,0.8998,4323.3096,3264.3417,0.0102,0.0827,389000.0,0.6516,0.4036,中央魚類,スタンダード（内国株式）,卸売業
8031,2026-10-01,4916.0,-0.0028,-0.0094,-0.0186,0.0802,-0.0174,0.0473,5049.1654,4853.5351,False,-0.0264,0.7365,6675.0,3566.9725,0.0239,344.3387,491600.0,1.038,0.3859,三井物産,プライム（内国株式）,卸売業
8032,2026-10-01,1250.0,0.0105,0.0015,0.0356,0.1531,0.0368,0.1203,1233.009,1167.083,True,0.0138,0.9697,1289.0,659.1878,0.0202,2.7907,125000.0,1.1107,0.2926,日本紙パルプ商事,プライム（内国株式）,卸売業
8035,2026-10-01,12580.0,0.0647,0.2077,-0.7771,-0.8275,-0.776,-0.8604,43502.6,58141.5333,False,-0.7108,0.1548,81260.0,10221.2497,0.3558,1690.7206,1258000.0,2.2743,0.9691,東京エレクトロン,プライム（内国株式）,電気機器
8037,2026-10-01,4595.0,-0.0275,-0.0975,-0.0129,0.3073,-0.0117,0.2744,4704.9602,4084.5201,True,-0.0234,0.8803,5219.6049,2630.8639,0.0347,3.908,459500.0,1.6464,0.4171,カメイ,プライム（内国株式）,卸売業
8039,2026-10-01,3505.0,0.0,0.0086,-0.0127,0.0339,-0.0115,0.0011,3496.4,3528.4,False,0.0025,0.846,4143.2411,3370.0,0.0078,0.073,350500.0,0.7363,0.2364,築地魚市場,スタンダード（内国株式）,卸売業
8040,2026-10-01,1050.0,-0.0094,0.0038,0.0067,0.0294,0.0079,-0.0034,1048.28,1035.48,True,0.0016,0.8396,1250.5537,871.4526,0.0082,0.0117,105000.0,1.0588,0.3471,東京ソワール,スタンダード（内国株式）,繊維製品
8041,2026-10-01,4320.0,-0.0148,-0.07,-0.0828,0.0117,-0.0816,-0.0211,4595.8,4453.6,True,-0.06,0.9085,4755.0,3539.6998,0.0143,0.1937,432000.0,1.3832,0.6312,ＯＵＧホールディングス,スタンダード（内国株式）,卸売業
8043,2026-10-01,1499.0,0.0081,-0.0156,-0.0649,0.2247,-0.0637,0.1918,1530.8923,1382.8974,True,-0.0208,0.9293,1613.0,1080.0,0.021,3.7411,149900.0,1.7043,0.3533,スターゼン,プライム（内国株式）,卸売業
8045,2026-10-01,2030.0,-0.0098,-0.0209,-0.0073,0.0902,-0.0062,0.0574,2047.8615,1976.2338,True,-0.0087,0.9376,2165.0,1037.7231,0.0201,0.0274,203000.0,0.8155,0.2137,横浜丸魚,スタンダード（内国株式）,卸売業
8046,2026-10-01,970.0,-0.0142,-0.0172,-0.0377,0.1332,-0.0365,0.1003,993.24,933.3467,True,-0.0234,0.8255,1175.0645,685.7753,0.0164,0.1616,97000.0,0.9178,0.2574,丸藤シートパイル,スタンダード（内国株式）,卸売業
8050,2026-10-01,10560.0,0.0732,0.0408,-0.1058,0.3469,-0.1047,0.3141,10228.3676,9022.2559,True,0.0324,0.8859,11920.0,3097.4265,0.0459,58.1299,1056000.0,1.1871,0.2928,セイコーグループ,プライム（内国株式）,精密機器
8051,2026-10-01,2025.0,0.0476,0.0221,0.0353,0.1692,0.0364,0.1363,1963.9306,1845.7635,True,0.0311,0.9802,2066.0,1313.8398,0.024,4.2194,202500.0,1.0401,0.3213,山善,プライム（内国株式）,卸売業
8052,2026-10-01,2990.0,0.0174,0.0313,0.0184,0.0829,0.0195,0.0501,2919.8845,2819.6948,True,0.024,0.9747,3067.6187,2486.283,0.0161,2.4123,299000.0,1.4521,0.2136,椿本興業,プライム（内国株式）,卸売業
8053,2026-10-01,1751.5,-0.0105,0.0016,-0.0223,0.1057,-0.0212,0.0729,1795.5642,1686.9881,True,-0.0245,0.9011,1943.75,1027.8392,0.0259,200.5912,175150.0,0.9939,0.2809,住友商事,プライム（内国株式）,卸売業
8056,2026-10-01,4675.0,0.0073,-0.01,-0.0183,0.0615,-0.0171,0.0287,4731.7475,4583.7025,True,-0.012,0.7435,6287.6479,4036.0,0.0216,20.6204,467500.0,1.0378,0.3172,ＢＩＰＲＯＧＹ,プライム（内国株式）,情報・通信業
8057,2026-10-01,2239.0,0.0049,0.0067,-0.0444,0.1479,-0.0432,0.115,2249.4,2109.6452,True,-0.0046,0.8989,2490.7294,1848.2716,0.0282,4.7076,223900.0,0.82,0.1885,内田洋行,プライム（内国株式）,卸売業
8058,2026-10-01,4722.0,-0.0099,-0.0057,-0.0171,0.0769,-0.0159,0.044,4869.3825,4714.8875,False,-0.0303,0.7854,6012.0,3394.2883,0.0241,421.0944,472200.0,1.0392,0.3517,三菱商事,プライム（内国株式）,卸売業
8059,2026-10-01,3535.0,0.0043,-0.0173,-0.0746,0.1403,-0.0734,0.1075,3652.0431,3424.321,True,-0.032,0.9206,3840.0,2483.6401,0.0218,4.4367,353500.0,1.2763,0.3114,第一実業,プライム（内国株式）,卸売業
8060,2026-10-01,3751.0,0.0165,0.0196,0.0032,0.0869,0.0044,0.0541,3666.32,3561.8156,True,0.0231,0.9632,3894.2363,2819.5705,0.019,11.1487,375100.0,0.9149,0.1912,キヤノンマーケティングジャパン,プライム（内国株式）,卸売業
8061,2026-10-01,2966.0,-0.0227,-0.0176,-0.0702,0.0574,-0.0691,0.0245,3052.874,2893.758,False,-0.0285,0.816,3635.0,1811.2543,0.0296,3.79,296600.0,0.624,0.2383,西華産業,プライム（内国株式）,卸売業
8065,2026-10-01,2974.0,0.0081,-0.0247,-0.1918,0.0461,-0.1907,0.0132,3317.8881,3241.7894,True,-0.1036,0.7263,4095.0,1652.0433,0.0386,5.1295,297400.0,1.3889,0.1997,佐藤商事,プライム（内国株式）,卸売業
8066,2026-10-01,3480.0,-0.0225,-0.0152,-0.0238,0.3192,-0.0227,0.2863,3537.3785,3047.3128,True,-0.0162,0.9457,3680.0,2028.7088,0.0259,0.9475,348000.0,0.9417,0.2219,三谷商事,スタンダード（内国株式）,卸売業
8070,2026-10-01,1013.0,0.0,0.0098,0.0347,0.246,0.0359,0.2131,989.8924,892.0975,True,0.0233,0.9126,1110.001,765.0,0.0224,1.0411,101300.0,1.0419,0.2553,東京産業,プライム（内国株式）,卸売業
8074,2026-10-01,6240.0,-0.0016,-0.0091,-0.0326,0.1751,-0.0314,0.1423,6378.0491,5855.3497,True,-0.0216,0.9469,6590.0,4753.7055,0.0243,2.2323,624000.0,1.073,0.2502,ＹＵＡＳＡ,プライム（内国株式）,卸売業
8075,2026-10-01,3160.0,0.0032,0.0139,0.0227,0.3216,0.0238,0.2888,3117.3372,2772.9657,True,0.0137,0.9844,3210.0,2100.4859,0.018,1.6659,316000.0,0.9716,0.2638,神鋼商事,プライム（内国株式）,卸売業
8076,2026-10-01,2090.0,0.0019,0.0076,-0.0099,0.0408,-0.0088,0.008,2106.713,2061.7843,True,-0.0079,0.9576,2182.5827,1833.4476,0.0144,0.1161,209000.0,1.3922,0.2512,カノークス,スタンダード（内国株式）,卸売業
8077,2026-10-01,210.0,0.0048,0.0,-0.0141,0.0096,-0.0129,-0.0232,213.0,210.0,True,-0.0141,0.7866,266.9756,197.1564,0.0136,0.023,21000.0,0.6447,0.14,トルク,スタンダード（内国株式）,卸売業
8078,2026-10-01,1864.0,-0.0132,-0.0055,-0.0059,0.0844,-0.0047,0.0515,1903.5627,1792.7476,True,-0.0208,0.9381,1987.0,1200.1977,0.0225,9.6465,186400.0,0.9834,0.219,阪和興業,プライム（内国株式）,卸売業
8079,2026-10-01,4345.0,-0.0069,-0.0181,-0.0301,0.0702,-0.029,0.0373,4470.8,4364.9333,True,-0.0281,0.9405,4620.0,3841.5654,0.0154,2.2702,434500.0,1.1141,0.292,正栄食品工業,プライム（内国株式）,卸売業
8081,2026-10-01,2640.0,0.0115,0.0346,0.0205,0.0581,0.0216,0.0253,2552.8431,2516.8677,True,0.0341,0.9362,2820.0,1903.8226,0.0184,1.3998,264000.0,1.1991,0.2904,カナデン,プライム（内国株式）,卸売業
8084,2026-10-01,2426.0,0.0315,0.043,-0.4903,-0.3897,-0.4892,-0.4225,4183.046,4168.7487,True,-0.42,0.4956,4895.0,2301.8308,0.1123,1.9988,242600.0,1.2284,0.9481,ＲＹＯＤＥＮ,プライム（内国株式）,卸売業
8085,2026-10-01,4475.0,-0.0022,0.024,0.0542,0.0744,0.0553,0.0416,4265.0,4206.4667,True,0.0492,0.9572,4675.0,3207.6426,0.0196,0.0956,447500.0,0.9825,0.4457,ナラサキ産業,スタンダード（内国株式）,卸売業
8086,2026-10-01,1350.5,-0.0132,-0.0549,-0.1213,-0.1376,-0.1202,-0.1705,1467.1928,1557.4443,False,-0.0795,0.7671,1760.5,1338.5,0.0206,11.6609,135050.0,1.3022,0.5009,ニプロ,プライム（内国株式）,精密機器
8088,2026-10-01,2018.0,-0.0084,-0.0387,-0.0894,0.0461,-0.0882,0.0133,2140.6411,2056.4604,True,-0.0573,0.8803,2292.5,1546.2143,0.0232,15.5333,201800.0,0.8533,0.3357,岩谷産業,プライム（内国株式）,卸売業
8089,2026-10-01,1916.0,-0.0031,-0.0198,-0.041,0.0368,-0.0399,0.0039,1979.9018,1923.7406,True,-0.0323,0.7965,2405.6019,1703.723,0.0127,0.0816,191600.0,2.1469,0.4946,ナイス,スタンダード（内国株式）,卸売業
8091,2026-10-01,2379.0,-0.0108,0.0039,-0.0282,0.0366,-0.027,0.0037,2405.0301,2351.1834,True,-0.0108,0.8887,2676.8872,2092.0,0.0159,0.2737,237900.0,1.1385,0.2221,ニチモウ,プライム（内国株式）,卸売業
8093,2026-10-01,1773.0,0.0017,0.0004,-0.029,0.0417,-0.0279,0.0089,1795.0481,1774.296,True,-0.0123,0.8126,2181.9751,1662.6905,0.013,0.6149,177300.0,0.8444,0.2956,極東貿易,プライム（内国株式）,卸売業
8095,2026-10-01,546.0,0.0225,0.042,-0.0073,0.0855,-0.0061,0.0526,529.48,519.0,True,0.0312,0.9891,552.0,441.0711,0.0148,0.4868,54600.0,0.8279,0.4584,アステナホールディングス,プライム（内国株式）,卸売業
8097,2026-10-01,2421.0,0.0067,-0.0106,-0.009,0.1501,-0.0078,0.1173,2433.1176,2292.1992,True,-0.005,0.9262,2614.0,1961.3421,0.0177,2.9302,242100.0,1.1872,0.3127,三愛オブリ,プライム（内国株式）,卸売業
8098,2026-10-01,4425.0,-0.0034,0.001,-0.0023,0.1317,-0.0011,0.0989,4444.6093,4137.7364,True,-0.0044,0.963,4595.0,3306.3389,0.0188,5.764,442500.0,1.2375,0.2759,稲畑産業,プライム（内国株式）,卸売業
8101,2026-10-01,2524.0,-0.0144,-0.03,-0.0724,0.0517,-0.0712,0.0188,2641.16,2577.3867,True,-0.0444,0.8982,2810.0,2148.929,0.0146,0.9302,252400.0,1.0144,0.4159,ＧＳＩクレオス,プライム（内国株式）,卸売業
8103,2026-10-01,995.0,-0.004,-0.002,0.0102,0.113,0.0113,0.0801,981.36,932.2133,True,0.0139,0.9707,1025.0,705.2204,0.0173,1.5177,99500.0,0.9246,0.3021,明和産業,プライム（内国株式）,卸売業
8104,2026-10-01,805.0,-0.0219,-0.0062,0.1181,0.1752,0.1192,0.1423,739.6,696.4933,True,0.0884,0.9572,841.0,526.2707,0.0235,0.1169,80500.0,1.6866,0.6762,クワザワホールディングス,スタンダード（内国株式）,卸売業
8105,2026-10-01,75.0,-0.026,-0.0385,-0.1573,-0.4565,-0.1561,-0.4894,80.48,110.9333,False,-0.0681,0.0749,1001.0,73.0,0.0476,0.9301,7500.0,0.6427,0.224,Ｂｉｔｃｏｉｎ　Ｊａｐａｎ,スタンダード（内国株式）,卸売業
8107,2026-10-01,30.0,0.0,0.0,-0.0323,-0.0909,-0.0311,-0.1238,30.6,31.5333,False,-0.0196,0.6667,45.0,29.0,0.0333,0.0442,3000.0,1.3637,0.1,キムラタン,スタンダード（内国株式）,繊維製品
8111,2026-10-01,2116.0,-0.0014,-0.0062,-0.0154,-0.0496,-0.0142,-0.0825,2128.88,2190.0533,False,-0.0061,0.6702,3157.3682,2031.0,0.0176,11.945,211600.0,1.1126,0.2433,ゴールドウイン,プライム（内国株式）,繊維製品
8113,2026-10-01,936.9,-0.0013,-0.0168,-0.0604,-0.0158,-0.0592,-0.0486,965.928,966.8827,True,-0.0301,0.8586,1091.1912,861.5989,0.0172,42.7483,93690.0024,0.8586,0.408,ユニ・チャーム,プライム（内国株式）,化学
8115,2026-10-01,1316.0,0.0,-0.0067,-0.0053,-0.1754,-0.0041,-0.2083,1317.7146,1490.9715,False,-0.0013,0.711,1851.0,1099.9138,0.0099,0.0188,131600.0,0.3311,0.3111,ムーンバット,スタンダード（内国株式）,卸売業
8117,2026-10-01,2125.0,-0.0084,-0.0105,-0.0363,0.0453,-0.0351,0.0124,2172.9936,2121.5179,True,-0.0221,0.9124,2329.0,1660.5773,0.0222,12.6263,212500.0,1.815,0.2438,中央自動車工業,スタンダード（内国株式）,卸売業
8118,2026-10-01,1180.0,-0.0407,0.0017,-0.0084,-0.0709,-0.0072,-0.1037,1188.72,1214.2133,True,-0.0073,0.9291,1270.0,831.8766,0.016,0.0197,118000.0,1.4788,0.3712,キング,スタンダード（内国株式）,繊維製品
8119,2026-10-01,782.0,-0.0038,0.0072,-0.0114,0.0317,-0.0102,-0.0012,785.8537,777.0046,True,-0.0049,0.8319,940.0,750.0,0.0059,0.0105,78200.0,0.474,0.4634,三栄コーポレーション,スタンダード（内国株式）,卸売業
8123,2026-10-01,1391.0,0.0007,-0.0029,-0.0327,0.057,-0.0315,0.0241,1406.04,1365.9733,True,-0.0107,0.9302,1495.4225,1262.9085,0.009,0.0142,139100.0,0.8164,0.3102,川辺,スタンダード（内国株式）,卸売業
8125,2026-10-01,1924.0,-0.0031,-0.0199,-0.0036,0.1264,-0.0025,0.0935,1952.9531,1844.0477,True,-0.0148,0.9636,1996.6716,1568.6741,0.0127,2.6522,192400.0,0.8389,0.3184,ワキタ,プライム（内国株式）,卸売業
8127,2026-10-01,520.0,0.0039,0.0,-0.0563,-0.1032,-0.0551,-0.136,536.2406,566.1307,False,-0.0303,0.81,641.9583,455.1444,0.0143,0.068,52000.0,1.2599,0.2558,ヤマトインターナショナル,スタンダード（内国株式）,繊維製品
8129,2026-10-01,3745.0,-0.0529,-0.0571,-0.0521,-0.0268,-0.051,-0.0596,3959.9921,3947.784,False,-0.0543,0.6905,5423.4464,3574.0,0.019,5.8774,374500.0,1.1402,0.4481,東邦ホールディングス,プライム（内国株式）,卸売業
8130,2026-10-01,3150.0,0.0,0.0024,-0.0217,0.057,-0.0206,0.0242,3184.2759,3077.3586,True,-0.0108,0.9583,3287.2187,2818.0,0.0121,3.8153,315000.0,0.9215,0.3266,サンゲツ,プライム（内国株式）,卸売業
8131,2026-10-01,2456.0,-0.0012,-0.0073,0.0433,0.236,0.0445,0.2032,2439.24,2176.5067,True,0.0069,0.9029,2720.0,1695.0,0.0376,1.5684,245600.0,1.2104,0.3684,ミツウロコグループホールディングス,スタンダード（内国株式）,卸売業
8132,2026-10-01,7530.0,-0.0066,-0.0013,-0.0208,0.1357,-0.0196,0.1029,7552.4,7331.4667,False,-0.003,0.8123,9270.0,5791.8002,0.0302,0.5857,753000.0,0.636,0.2553,シナネンホールディングス,プライム（内国株式）,卸売業
8133,2026-10-01,2267.0,0.0035,-0.0156,0.0004,0.1301,0.0016,0.0973,2293.6831,2141.201,True,-0.0116,0.9497,2387.0,1729.3532,0.0232,2.8498,226700.0,0.9883,0.3247,伊藤忠エネクス,プライム（内国株式）,卸売業
8135,2026-10-01,434.0,-0.0069,0.0093,-0.0136,0.0,-0.0125,-0.0329,435.8,430.88,True,-0.0041,0.7353,590.2322,402.0,0.0123,0.0518,43400.0,0.9185,0.1867,ゼット,スタンダード（内国株式）,卸売業
8136,2026-10-01,1191.5,0.0034,-0.0102,-0.0738,0.0715,-0.0727,0.0386,1227.9618,1174.2979,True,-0.0297,0.7529,1582.5778,818.8,0.0337,198.2243,119150.0,0.5798,0.2641,サンリオ,プライム（内国株式）,卸売業
8137,2026-10-01,4820.0,0.0147,0.0386,0.1315,0.2888,0.1326,0.2559,4393.3781,4008.926,True,0.0971,0.9969,4835.0,2521.1227,0.0277,2.1188,482000.0,0.819,0.4007,サンワテクノス,プライム（内国株式）,卸売業
8138,2026-10-01,4125.0,0.0,0.0136,-0.0271,0.0312,-0.026,-0.0016,4208.5756,4139.1919,True,-0.0199,0.8383,4920.8552,3835.0,0.0072,0.0091,412500.0,1.44,0.44,三京化成,スタンダード（内国株式）,卸売業
8141,2026-10-01,1569.0,-0.0006,0.0019,0.0013,-0.012,0.0024,-0.0448,1567.2,1575.4133,False,0.0011,0.8854,1772.0,939.4441,0.0018,1.1413,156900.0,0.3353,0.245,新光商事,プライム（内国株式）,卸売業
8142,2026-10-01,1404.0,0.0137,0.0211,-0.0154,0.0672,-0.0143,0.0343,1409.12,1364.5,True,-0.0036,0.961,1461.0,1043.121,0.0168,1.2943,140400.0,0.6925,0.1527,トーホー,プライム（内国株式）,卸売業
8143,2026-10-01,155.0,0.0197,-0.0491,0.0915,0.1151,0.0927,0.0823,152.88,148.1733,False,0.0139,0.5236,296.0,135.0,0.118,0.4419,15500.0,5.5758,0.3664,ラピーヌ,スタンダード（内国株式）,繊維製品
8144,2026-10-01,1261.0,0.0072,0.0009,0.0112,-0.0118,0.0124,-0.0446,1259.1969,1271.039,False,0.0014,0.9033,1396.0,1179.646,0.0103,0.1078,126100.0,2.7192,0.7308,デンキョーグループホールディングス,スタンダード（内国株式）,卸売業
8147,2026-10-01,1472.0,-0.002,0.0138,0.0477,0.1118,0.0488,0.0789,1425.36,1379.28,True,0.0327,0.9637,1527.4931,1128.9313,0.0157,0.0221,147200.0,1.0541,0.3598,トミタ,スタンダード（内国株式）,卸売業
8150,2026-10-01,3380.0,0.0242,0.0382,0.0045,0.2154,0.0056,0.1825,3269.0359,3010.9853,True,0.0339,0.984,3435.0,2516.6018,0.0184,1.402,338000.0,0.7555,0.3305,三信電気,プライム（内国株式）,卸売業
8151,2026-10-01,1885.0,0.0086,0.0213,-0.0248,-0.0167,-0.0237,-0.0495,1879.3758,1950.6719,False,0.003,0.8445,2232.0,1519.8999,0.0189,3.1609,188500.0,0.9706,0.3,東陽テクニカ,プライム（内国株式）,卸売業
8152,2026-10-01,7140.0,-0.0056,-0.0179,-0.0325,-0.0593,-0.0314,-0.0921,7231.2,7410.2667,False,-0.0126,0.837,8530.0,5139.2017,0.0155,0.1388,714000.0,0.6729,0.28,ソマール,スタンダード（内国株式）,卸売業
8153,2026-10-01,3835.0,0.0092,-0.0161,-0.0229,0.045,-0.0218,0.0121,3920.7486,3800.4495,True,-0.0219,0.8657,4430.0,3420.0,0.0169,9.2248,383500.0,2.2185,0.4694,モスフードサービス,プライム（内国株式）,卸売業
8154,2026-10-01,5440.0,-0.0181,0.0644,0.073,0.3093,0.0741,0.2764,5058.8512,4688.0837,True,0.0753,0.9396,5789.698,3281.1939,0.0304,7.8888,544000.0,1.2436,0.5946,加賀電子,プライム（内国株式）,卸売業
8157,2026-10-01,4320.0,0.0189,0.0347,0.0082,0.1034,0.0093,0.0706,4206.5199,4069.1066,True,0.027,0.9897,4365.0,2927.4856,0.0221,2.2085,432000.0,1.5384,0.272,都築電気,プライム（内国株式）,情報・通信業
8158,2026-10-01,1322.0,0.0023,0.0182,-0.0251,0.1607,-0.0239,0.1278,1328.7758,1237.9919,True,-0.0051,0.9396,1407.0,953.3933,0.0187,0.7434,132200.0,0.6849,0.2186,ソーダニッカ,プライム（内国株式）,卸売業
8159,2026-10-01,4325.0,0.0117,0.0222,0.0679,0.339,0.0691,0.3062,4126.611,3702.4703,True,0.0481,0.9789,4418.3487,2621.9949,0.0243,1.5032,432500.0,0.7833,0.4117,立花エレテック,プライム（内国株式）,卸売業
8160,2026-10-01,2315.0,-0.0094,-0.0297,-0.0646,-0.0141,-0.0635,-0.0469,2433.7476,2398.4892,True,-0.0488,0.8774,2638.3635,2228.0,0.0119,3.2803,231500.0,1.7829,0.6675,木曽路,プライム（内国株式）,小売業
8163,2026-10-01,1392.0,-0.0259,-0.0751,-0.1284,0.1217,-0.1272,0.0888,1524.84,1400.9333,True,-0.0871,0.8657,1608.0,1117.0,0.0218,2.6425,139200.0,1.3608,0.5139,ＳＲＳホールディングス,プライム（内国株式）,小売業
8165,2026-10-01,100.0,0.0,-0.0099,-0.0654,-0.0741,-0.0643,-0.1069,103.28,107.9467,False,-0.0318,0.4082,245.0,100.0,0.0164,0.1858,10000.0,1.5272,0.1826,千趣会,スタンダード（内国株式）,小売業
8166,2026-10-01,79.0,0.0128,0.0128,0.0128,0.0,0.014,-0.0329,78.36,78.3733,False,0.0082,0.693,114.0,76.0,0.0127,0.0263,7900.0,0.9402,0.2,タカキュー,スタンダード（内国株式）,小売業
8167,2026-10-01,1448.0,0.0147,0.0183,0.0425,0.0926,0.0436,0.0597,1412.3239,1368.7316,True,0.0253,0.9751,1485.0251,1203.0084,0.0202,1.1663,144800.0,0.5654,0.2362,リテールパートナーズ,プライム（内国株式）,小売業
8173,2026-10-01,4310.0,0.0,-0.0137,-0.0486,0.1664,-0.0474,0.1336,4291.7659,4004.5886,True,0.0042,0.9289,4640.0,2435.5831,0.0289,9.1155,431000.0,1.4938,0.2521,Ｊｏｓｈｉｎ,プライム（内国株式）,小売業
8174,2026-10-01,945.2,0.0098,-0.0127,-0.6904,-0.6663,-0.6892,-0.6992,2549.4741,2746.9114,False,-0.6293,0.3007,3143.0,914.5,0.2037,9.3388,94520.0012,2.5868,1.1557,日本瓦斯,プライム（内国株式）,小売業
8179,2026-10-01,1310.0,0.0023,0.0069,-0.0493,0.088,-0.0482,0.0552,1344.24,1295.4667,True,-0.0255,0.843,1554.0,1184.0,0.0168,3.4303,131000.0,0.8521,0.3942,ロイヤルホールディングス,プライム（内国株式）,小売業
8181,2026-10-01,1002.0,-0.0234,0.0101,0.0091,-0.0243,0.0102,-0.0572,993.48,1011.0267,True,0.0086,0.7879,1271.7366,950.0,0.0141,0.0456,100200.0,0.6272,0.3182,東天紅,スタンダード（内国株式）,小売業
8185,2026-10-01,986.0,-0.002,-0.0169,-0.007,0.028,-0.0059,-0.0049,998.6349,980.7833,True,-0.0127,0.8312,1186.1757,905.536,0.0123,1.513,98600.0,0.6727,0.2388,チヨダ,プライム（内国株式）,小売業
8194,2026-10-01,2634.0,-0.0011,-0.0175,-0.0255,0.0457,-0.0244,0.0128,2696.3008,2576.0042,True,-0.0231,0.9307,2830.0,2255.5633,0.0212,6.3336,263400.0,1.0115,0.2771,ライフコーポレーション,プライム（内国株式）,小売業
8198,2026-10-01,3340.0,-0.003,-0.0089,-0.0361,0.0671,-0.0349,0.0342,3355.6,3256.4,False,-0.0046,0.865,3861.2947,3070.0,0.015,0.5792,334000.0,0.5912,0.23,マックスバリュ東海,スタンダード（内国株式）,小売業
8200,2026-10-01,2297.0,0.0114,0.0141,0.0009,0.0578,0.002,0.025,2311.4404,2264.7514,True,-0.0062,0.9369,2451.7509,2022.8441,0.0146,2.0278,229700.0,0.5434,0.3068,リンガーハット,プライム（内国株式）,小売業
8202,2026-10-01,149.0,0.0068,0.0,0.0068,0.0205,0.0079,-0.0123,148.12,147.32,True,0.0059,0.8531,174.6625,141.0,0.0091,0.0854,14900.0,1.1508,0.2211,ラオックスホールディングス,スタンダード（内国株式）,小売業
8203,2026-10-01,739.0,0.0027,-0.016,-0.0646,-0.0276,-0.0634,-0.0605,763.88,771.5467,True,-0.0326,0.8522,867.2104,693.0,0.0107,0.4304,73900.0,0.6556,0.3532,ＭｒＭａｘＨＤ,プライム（内国株式）,小売業
8207,2026-10-01,290.0,0.0,-0.0365,-0.0429,0.0035,-0.0417,-0.0294,299.88,293.72,True,-0.0329,0.9508,305.0,275.0,0.0094,0.1199,29000.0,2.009,0.6263,テンアライド,スタンダード（内国株式）,小売業
8214,2026-10-01,1686.0,0.0066,-0.0105,-0.048,0.0187,-0.0468,-0.0141,1726.5461,1696.6887,True,-0.0235,0.9178,1837.0048,1481.0,0.0136,3.7188,168600.0,1.3402,0.3369,ＡＯＫＩホールディングス,プライム（内国株式）,小売業
8217,2026-10-01,782.0,0.0143,-0.0237,-0.0225,0.0293,-0.0213,-0.0036,796.36,785.1759,True,-0.018,0.816,958.2761,738.1098,0.0159,0.8277,78200.0,1.4036,0.4586,オークワ,プライム（内国株式）,小売業
8218,2026-10-01,3740.0,0.0054,-0.0363,-0.0311,0.0841,-0.0299,0.0512,3867.69,3716.9633,True,-0.033,0.8926,4190.0,3016.1568,0.0175,3.4859,374000.0,0.8418,0.4419,コメリ,プライム（内国株式）,小売業
8219,2026-10-01,727.0,0.0083,-0.0148,-0.0595,0.0552,-0.0584,0.0223,757.7079,732.436,True,-0.0405,0.8127,894.528,662.0,0.018,4.9793,72700.0,1.1913,0.4651,青山商事,プライム（内国株式）,小売業
8226,2026-10-01,403.0,0.0177,0.005,-0.0098,0.0775,-0.0087,0.0447,391.32,381.7067,False,0.0298,0.6562,614.1182,341.0,0.0248,0.5026,40300.0,0.7719,0.32,理経,スタンダード（内国株式）,卸売業
8227,2026-10-01,3263.0,-0.0043,0.0213,-0.0034,-0.0024,-0.0022,-0.0353,3244.84,3292.3396,True,0.0056,0.2941,11095.5198,3079.1895,0.0202,24.7382,326300.0,1.2464,0.205,しまむら,プライム（内国株式）,小売業
8230,2026-10-01,300.0,-0.0033,0.0049,-0.0385,-0.026,-0.0373,-0.0588,307.62,310.5667,False,-0.0248,0.9024,332.4332,297.5488,0.0097,0.0566,30000.0,1.657,0.3924,はせがわ,スタンダード（内国株式）,小売業
8233,2026-10-01,2083.5,-0.0109,-0.0174,-0.1109,-0.1159,-0.1098,-0.1488,2199.854,2275.1471,True,-0.0529,0.8053,2587.3271,1494.517,0.0198,36.6167,208350.0,0.8362,0.2145,高島屋,プライム（内国株式）,小売業
8237,2026-10-01,2136.0,-0.0524,-0.017,-0.0557,0.2717,-0.0545,0.2388,2335.1842,1996.5817,True,-0.0853,0.6969,3065.0,1340.345,0.0492,8.5032,213600.0,0.5453,0.1932,松屋,プライム（内国株式）,小売業
8242,2026-10-01,2735.0,0.0029,-0.0314,-0.1021,-0.0447,-0.1009,-0.0776,2885.9605,2835.2402,True,-0.0523,0.8909,3070.0,1953.8019,0.0191,10.5088,273500.0,1.0574,0.4535,エイチ・ツー・オー　リテイリング,プライム（内国株式）,小売業
8244,2026-10-01,1867.0,0.0081,-0.0101,-0.058,0.0512,-0.0569,0.0184,1906.4,1861.8133,True,-0.0207,0.9036,2066.1694,1609.0,0.0161,0.7142,186700.0,0.5488,0.2867,近鉄百貨店,スタンダード（内国株式）,小売業
8247,2026-10-01,355.0,-0.0056,0.0693,0.1342,0.1953,0.1353,0.1624,330.56,307.2267,True,0.0739,0.8701,408.0,222.0,0.0326,0.0932,35500.0,1.3728,0.5444,大和,スタンダード（内国株式）,小売業
8252,2026-10-01,2772.5,-0.0068,-0.0088,-0.05,-0.034,-0.0489,-0.0668,2882.7483,2904.6761,True,-0.0382,0.8664,3200.135,2663.0,0.0146,29.5243,277250.0,1.0252,0.4144,丸井グループ,プライム（内国株式）,小売業
8253,2026-10-01,4487.0,-0.0062,-0.0224,-0.0394,-0.0071,-0.0382,-0.0399,4634.12,4581.9067,True,-0.0317,0.9183,4886.0,3451.0665,0.0202,33.4566,448700.0,0.9668,0.3144,クレディセゾン,プライム（内国株式）,その他金融業
8254,2026-10-01,312.0,0.0,0.0505,0.0909,0.1503,0.0921,0.1175,286.6144,287.112,True,0.0886,0.4847,643.6678,203.4187,0.0701,0.752,31200.0,0.3773,0.1693,さいか屋,スタンダード（内国株式）,小売業
8255,2026-10-01,1284.0,0.0,-0.0146,-0.0023,0.1464,-0.0012,0.1136,1297.5949,1216.8783,True,-0.0105,0.942,1363.0,982.0,0.0239,2.8534,128400.0,1.3612,0.3359,アクシアル　リテイリング,プライム（内国株式）,小売業
8260,2026-10-01,375.0,0.0054,-0.031,-0.0132,-0.0106,-0.012,-0.0434,382.52,379.9067,False,-0.0197,0.7022,534.0,352.0,0.029,0.0613,37500.0,1.4969,0.2855,井筒屋,スタンダード（内国株式）,小売業
8267,2026-10-01,1250.0,-0.0303,-0.0385,-0.0785,-0.0717,-0.0774,-0.1045,1344.344,1356.5812,False,-0.0702,0.4318,2894.9243,1250.0,0.0267,149.6899,125000.0,1.141,0.4262,イオン,プライム（内国株式）,小売業
8273,2026-10-01,958.0,0.0031,-0.0204,-0.0708,0.013,-0.0696,-0.0199,1005.5628,983.211,True,-0.0473,0.8832,1084.7063,850.0499,0.0171,4.1089,95800.0,0.5812,0.3774,イズミ,プライム（内国株式）,小売業
8275,2026-10-01,1057.0,0.0173,0.0559,0.0465,0.0497,0.0477,0.0168,1007.68,1005.5733,False,0.0489,0.7377,1432.7683,976.0,0.0134,0.5629,105700.0,2.4678,0.5417,フォーバル,スタンダード（内国株式）,卸売業
8276,2026-10-01,2564.0,-0.0085,-0.0354,-0.0383,0.0274,-0.0371,-0.0055,2676.68,2610.3576,True,-0.0421,0.8068,3177.9241,2337.5977,0.018,2.9387,256400.0,0.6587,0.5426,平和堂,プライム（内国株式）,小売業
8278,2026-10-01,2009.0,-0.003,-0.0123,-0.0229,0.0214,-0.0217,-0.0115,2054.752,2003.7854,True,-0.0223,0.8778,2288.5984,1859.6723,0.0154,2.2045,200900.0,0.8677,0.4245,フジ,プライム（内国株式）,小売業
8281,2026-10-01,1103.0,-0.0036,-0.0111,-0.0491,0.0328,-0.048,-0.0001,1132.7313,1112.3504,True,-0.0262,0.8817,1251.0,951.0,0.0166,2.033,110300.0,1.6986,0.3334,ゼビオホールディングス,プライム（内国株式）,小売業
8282,2026-10-01,1752.5,-0.0104,-0.0578,-0.1001,-0.0429,-0.099,-0.0757,1880.7175,1891.8658,False,-0.0682,0.7962,2201.0,1419.6227,0.0229,21.2878,175250.0,1.8087,0.4593,ケーズホールディングス,プライム（内国株式）,小売業
8285,2026-10-01,816.0,0.0062,-0.0168,0.0303,0.1809,0.0315,0.148,798.7578,738.2659,True,0.0216,0.9726,839.0,435.2023,0.0229,0.4416,81600.0,1.0694,0.278,三谷産業,スタンダード（内国株式）,卸売業
8291,2026-10-01,546.0,0.0018,-0.0072,-0.0144,-0.0127,-0.0133,-0.0455,548.9991,553.493,False,-0.0055,0.8653,631.0,468.1759,0.0111,0.4933,54600.0,0.8092,0.2152,日産東京販売ホールディングス,スタンダード（内国株式）,小売業
8303,2026-10-01,1529.5,-0.0208,-0.0216,-0.0258,0.0832,-0.0246,0.0504,1575.4933,1507.9444,True,-0.0292,0.0,53969555456.0,1325.0,0.0307,51.438,152950.0,1.0051,0.2696,ＳＢＩ新生銀行,プライム（内国株式）,銀行業
8304,2026-10-01,3491.0,-0.0003,0.0259,0.0244,0.2508,0.0255,0.218,3445.8,3149.6636,True,0.0131,0.9716,3593.0,2121.1256,0.028,46.0964,349100.0,0.8227,0.2026,あおぞら銀行,プライム（内国株式）,銀行業
8306,2026-10-01,3586.0,-0.0308,0.0168,-0.0255,0.0847,-0.0244,0.0518,3653.08,3532.8,True,-0.0184,0.9405,3813.0,2188.601,0.0259,1596.9319,358600.0,1.0924,0.2424,三菱ＵＦＪフィナンシャル・グループ,プライム（内国株式）,銀行業
8308,2026-10-01,2473.5,-0.0296,0.03,-0.0223,0.1259,-0.0212,0.093,2492.3863,2349.1954,True,-0.0076,0.951,2601.0,1390.3465,0.0317,240.8702,247350.0,0.9662,0.2324,りそなホールディングス,プライム（内国株式）,銀行業
8309,2026-10-01,1778.5,-0.0031,0.024,0.0008,0.1364,0.002,0.1036,1771.8402,1676.7334,True,0.0038,0.9759,1822.5,982.4025,0.0227,171.2208,177850.0,1.0339,0.225,三井住友トラストグループ,プライム（内国株式）,銀行業
8316,2026-10-01,3383.0,-0.0254,0.0398,-0.515,-0.4853,-0.5138,-0.5182,6054.6767,6500.0522,False,-0.4413,0.466,7260.0,3251.5559,0.1158,884.6482,338300.0,1.6292,0.9552,三井住友フィナンシャルグループ,プライム（内国株式）,銀行業
8331,2026-10-01,2826.5,-0.0082,0.0464,0.0023,0.1063,0.0035,0.0734,2783.1956,2692.2252,True,0.0156,0.9772,2892.5,1400.9076,0.0286,80.6603,282650.0,1.0646,0.2796,千葉銀行,プライム（内国株式）,銀行業
8334,2026-10-01,3067.0,-0.0319,0.0333,0.079,0.275,0.0801,0.2421,2922.3236,2646.7145,True,0.0495,0.9609,3191.7047,1483.4027,0.0343,40.6913,306700.0,1.4741,0.3249,群馬銀行,プライム（内国株式）,銀行業
8336,2026-10-01,2888.0,-0.0116,0.0282,0.0212,0.1246,0.0224,0.0918,2826.5589,2680.9863,True,0.0217,0.98,2947.0,1248.5371,0.0264,7.5635,288800.0,0.9891,0.2073,武蔵野銀行,プライム（内国株式）,銀行業
8337,2026-10-01,2775.0,-0.0107,0.0405,0.0495,0.0999,0.0507,0.067,2718.4,2632.2933,True,0.0208,0.9682,2866.0,1435.8564,0.0299,3.6257,277500.0,0.9811,0.2315,千葉興業銀行,プライム（内国株式）,銀行業
8338,2026-10-01,802.0,-0.0267,0.1047,0.0567,0.263,0.0578,0.2301,751.52,689.84,True,0.0672,0.9663,830.0,279.6847,0.0446,14.2641,80200.0,1.0563,0.3186,筑波銀行,プライム（内国株式）,銀行業
8341,2026-10-01,4097.0,-0.025,0.0235,0.026,0.1886,0.0272,0.1557,4010.9884,3684.2761,True,0.0214,0.9688,4229.0,1830.2526,0.0335,31.9476,409700.0,1.4228,0.1845,七十七銀行,プライム（内国株式）,銀行業
8343,2026-10-01,2023.0,-0.0112,0.12,-0.7745,-0.7077,-0.7733,-0.7405,7392.8836,7333.0945,True,-0.7264,0.2048,9880.0,1775.768,0.4298,17.1687,202300.0,3.3152,0.932,秋田銀行,プライム（内国株式）,銀行業
8344,2026-10-01,5560.0,-0.0314,0.0703,0.2126,0.4536,0.2138,0.4207,4944.8851,4229.3617,True,0.1244,0.9619,5780.0,1517.2073,0.0504,10.5445,556000.0,1.4324,0.3265,山形銀行,プライム（内国株式）,銀行業
8345,2026-10-01,2810.0,-0.0178,0.0363,0.0816,0.3199,0.0828,0.287,2634.3824,2330.7008,True,0.0667,0.9691,2899.7201,884.7842,0.0407,11.0614,281000.0,1.4415,0.2403,岩手銀行,プライム（内国株式）,銀行業
8346,2026-10-01,1098.0,-0.0326,0.0989,0.1057,0.3725,0.1069,0.3396,1016.2978,910.6459,True,0.0804,0.9632,1140.0,405.5128,0.0378,12.3545,109800.0,1.4252,0.3796,東邦銀行,プライム（内国株式）,銀行業
8349,2026-10-01,1615.0,-0.023,-0.0007,-0.03,0.1397,-0.0289,0.1069,1660.0388,1522.7463,True,-0.0271,0.9373,1723.0,1208.1836,0.0283,0.5265,161500.0,1.2331,0.2735,東北銀行,スタンダード（内国株式）,銀行業
8354,2026-10-01,7788.0,-0.025,0.0304,-0.0118,0.1129,-0.0106,0.08,7797.7748,7477.9783,True,-0.0013,0.9685,8041.0,4096.2946,0.0266,60.1947,778800.0,1.2482,0.2485,ふくおかフィナンシャルグループ,プライム（内国株式）,銀行業
8358,2026-10-01,2974.0,0.0116,0.0654,-0.0027,0.1882,-0.0015,0.1553,2904.0824,2714.8675,True,0.0241,0.9815,3030.0,1371.3299,0.0289,27.4849,297400.0,1.2392,0.3315,スルガ銀行,プライム（内国株式）,銀行業
8359,2026-10-01,2809.5,-0.0213,0.0427,0.0339,0.1384,0.035,0.1055,2725.6459,2590.4286,True,0.0308,0.9728,2888.0,1360.0549,0.0325,39.3131,280950.0,1.1183,0.2933,八十二長野銀行,プライム（内国株式）,銀行業
8360,2026-10-01,1509.0,-0.0137,0.0914,-0.7955,-0.766,-0.7944,-0.7989,5855.295,6361.365,False,-0.7423,0.1955,7720.0,1369.3752,0.4083,10.4229,150900.0,2.5079,0.9933,山梨中央銀行,プライム（内国株式）,銀行業
8361,2026-10-01,1787.0,-0.0028,0.1042,-0.7834,-0.7673,-0.7822,-0.8002,6641.649,7292.283,False,-0.7309,0.2068,8640.0,1597.2421,0.3861,15.4804,178700.0,2.7853,1.0207,大垣共立銀行,プライム（内国株式）,銀行業
8362,2026-10-01,8100.0,-0.0086,0.0522,0.1571,0.3636,0.1583,0.3308,7465.9216,6415.3072,True,0.0849,0.9629,8411.7751,1889.1655,0.0527,10.2231,810000.0,1.5738,0.2255,福井銀行,プライム（内国株式）,銀行業
8364,2026-10-01,3235.0,-0.0241,0.0532,0.0189,0.3351,0.0201,0.3023,3170.0659,2835.4086,True,0.0205,0.9686,3340.0,1938.312,0.0354,1.1336,323500.0,0.8671,0.3032,清水銀行,プライム（内国株式）,銀行業
8365,2026-10-01,2358.0,-0.0272,0.0101,-0.0159,0.0443,-0.0147,0.0114,2361.742,2308.5007,True,-0.0016,0.8993,2621.9924,1619.6095,0.0227,0.1693,235800.0,0.9238,0.2574,富山銀行,スタンダード（内国株式）,銀行業
8366,2026-10-01,3050.0,-0.0081,0.0741,0.0713,0.1762,0.0725,0.1434,2874.3543,2676.4514,True,0.0611,0.9791,3115.0,1186.695,0.0319,18.6439,305000.0,0.7888,0.3355,滋賀銀行,プライム（内国株式）,銀行業
8367,2026-10-01,2023.0,-0.0189,0.0226,0.0264,0.1091,0.0275,0.0762,1975.9464,1876.1155,True,0.0238,0.9666,2092.8407,910.0807,0.0304,8.9911,202300.0,0.9122,0.2293,南都銀行,プライム（内国株式）,銀行業
8368,2026-10-01,2584.0,-0.0039,0.0593,0.0534,0.2667,0.0546,0.2338,2435.8992,2185.5397,True,0.0608,0.9878,2616.0,845.27,0.0334,20.1571,258400.0,1.0924,0.2562,百五銀行,プライム（内国株式）,銀行業
8370,2026-10-01,1760.0,-0.0135,0.0612,-0.6542,-0.608,-0.6531,-0.6409,4296.9306,4555.0435,False,-0.5904,0.3296,5340.0,1658.4994,0.1999,8.3273,176000.0,1.982,1.0462,紀陽銀行,プライム（内国株式）,銀行業
8377,2026-10-01,882.6,-0.0346,0.1545,-0.8947,-0.8748,-0.8936,-0.9077,6484.4176,7104.3525,False,-0.8639,0.1015,8692.0,760.5852,0.8458,44.3017,88259.9976,4.1725,1.0507,ほくほくフィナンシャルグループ,プライム（内国株式）,銀行業
8381,2026-10-01,2585.0,-0.0084,0.0168,-0.0223,0.0907,-0.0212,0.0579,2596.6664,2462.7021,True,-0.0045,0.9581,2698.0,1261.8208,0.0264,10.1805,258500.0,1.0153,0.2184,山陰合同銀行,プライム（内国株式）,銀行業
8383,2026-10-01,1951.0,-0.0127,0.0338,-0.0151,0.2171,-0.014,0.1842,1942.9004,1784.7135,True,0.0042,0.9587,2035.0,1277.2392,0.0277,0.4494,195100.0,0.6828,0.22,鳥取銀行,スタンダード（内国株式）,銀行業
8386,2026-10-01,3230.0,-0.0077,0.0514,0.0303,0.2305,0.0315,0.1976,3112.7379,2868.6193,True,0.0377,0.9818,3290.0,1177.7328,0.0316,9.3037,323000.0,0.9927,0.2447,百十四銀行,プライム（内国株式）,銀行業
8387,2026-10-01,4595.0,-0.0377,0.0613,0.2469,0.4799,0.2481,0.447,4028.5634,3481.7211,True,0.1406,0.9504,4835.0,1333.8904,0.0499,11.88,459500.0,1.9068,0.3359,四国銀行,プライム（内国株式）,銀行業
8388,2026-10-01,2234.0,0.0009,0.1432,-0.777,-0.7041,-0.7759,-0.737,8095.1958,8030.7986,True,-0.724,0.21,10640.0,1931.1645,0.386,13.9505,223400.0,2.6054,1.01,阿波銀行,プライム（内国株式）,銀行業
8392,2026-10-01,3255.0,-0.0121,0.0546,0.0585,0.2795,0.0597,0.2466,3042.5095,2726.5565,True,0.0698,0.9775,3330.0,922.0713,0.037,6.9394,325500.0,0.826,0.2697,大分銀行,プライム（内国株式）,銀行業
8393,2026-10-01,2924.0,-0.0244,0.0717,0.1034,0.3273,0.1046,0.2944,2694.6792,2417.6397,True,0.0851,0.9587,3050.0,830.4149,0.0387,8.6821,292400.0,1.1958,0.3372,宮崎銀行,プライム（内国株式）,銀行業
8395,2026-10-01,6940.0,-0.0086,0.0409,0.0547,0.2876,0.0559,0.2547,6648.6629,6005.421,True,0.0438,0.9802,7080.0,2907.72,0.035,3.5304,694000.0,0.9081,0.2314,佐賀銀行,プライム（内国株式）,銀行業
8399,2026-10-01,3270.0,-0.0224,0.01,0.0046,0.2419,0.0058,0.2091,3263.1633,2984.2278,True,0.0021,0.952,3435.0,1345.0456,0.0346,5.2616,327000.0,1.2146,0.2166,琉球銀行,プライム（内国株式）,銀行業
8410,2026-10-01,341.7,-0.0096,0.0185,0.0089,0.1877,0.01,0.1548,340.0363,317.2001,True,0.0049,0.9735,351.0,260.9297,0.0183,13.6227,34170.0012,0.757,0.2814,セブン銀行,プライム（内国株式）,銀行業
8411,2026-10-01,8611.0,-0.0276,0.0489,-0.0014,0.08,-0.0002,0.0472,8572.3559,8312.652,True,0.0045,0.9672,8903.0,4517.0713,0.0315,818.9683,861100.0,1.0895,0.2564,みずほフィナンシャルグループ,プライム（内国株式）,銀行業
8416,2026-10-01,1210.0,-0.0049,0.0867,0.0324,-0.0218,0.0336,-0.0547,1151.8594,1174.6731,False,0.0505,0.8274,1462.4788,808.6531,0.0273,0.4143,121000.0,0.7572,0.3341,高知銀行,スタンダード（内国株式）,銀行業
8418,2026-10-01,3502.0,-0.0093,0.035,0.0809,0.1938,0.082,0.1609,3277.7913,3095.7171,True,0.0684,0.9826,3564.0,1616.6484,0.0305,21.0161,350200.0,1.3997,0.3457,山口フィナンシャルグループ,プライム（内国株式）,銀行業
8424,2026-10-01,4374.0,-0.0164,-0.0092,-0.0109,0.0462,-0.0097,0.0133,4451.9871,4379.2757,True,-0.0175,0.9468,4620.0,3867.3431,0.0173,8.9886,437400.0,1.249,0.2997,芙蓉総合リース,プライム（内国株式）,その他金融業
8425,2026-10-01,1311.0,-0.0187,-0.0181,-0.0459,0.0488,-0.0447,0.0159,1360.7592,1326.9997,True,-0.0366,0.8648,1515.8879,1199.7506,0.0168,7.5234,131100.0,0.9634,0.3625,みずほリース,プライム（内国株式）,その他金融業
8439,2026-10-01,2624.0,-0.0061,-0.0005,-0.0263,0.0608,-0.0252,0.028,2667.5752,2583.5584,True,-0.0163,0.9392,2794.0,1740.6505,0.0217,17.4711,262400.0,0.9535,0.2235,東京センチュリー,プライム（内国株式）,その他金融業
8473,2026-10-01,3157.0,-0.0016,-0.0198,-0.0474,0.1904,-0.0462,0.1576,3275.6862,3011.4154,True,-0.0362,0.8377,3768.799,2631.0,0.0266,122.5716,315700.0,0.8718,0.2941,ＳＢＩホールディングス,プライム（内国株式）,証券、商品先物取引業
8508,2026-10-01,791.0,-0.0088,-0.0247,0.1268,-0.0162,0.1279,-0.049,771.52,805.9733,True,0.0252,0.8291,954.0,380.0167,0.033,8.8447,79100.0,0.5196,0.3068,Ｊトラスト,スタンダード（内国株式）,その他金融業
8511,2026-10-01,2431.0,-0.0106,-0.0021,-0.0292,0.0433,-0.028,0.0105,2475.646,2426.362,True,-0.018,0.9354,2599.0,1698.1532,0.0179,5.347,243100.0,0.9414,0.266,日本証券金融,プライム（内国株式）,その他金融業
8518,2026-10-01,147.0,-0.0134,-0.0516,0.0652,0.1667,0.0664,0.1338,150.32,136.6533,True,-0.0221,0.4667,315.0,115.0,0.0194,0.1074,14700.0,0.4685,0.35,日本アジア投資,スタンダード（内国株式）,証券、商品先物取引業
8522,2026-10-01,7220.0,-0.027,0.0249,-0.0069,0.1442,-0.0057,0.1114,7162.9872,6664.4624,True,0.008,0.9601,7520.0,3200.7375,0.034,8.5734,722000.0,0.9706,0.2177,名古屋銀行,プライム（内国株式）,銀行業
8524,2026-10-01,1365.0,-0.0187,0.0417,0.0516,0.2166,0.0528,0.1837,1317.6542,1215.2648,True,0.0359,0.975,1400.0,656.2496,0.0316,21.5092,136500.0,1.0303,0.2484,北洋銀行,プライム（内国株式）,銀行業
8537,2026-10-01,3430.0,-0.0115,0.0787,0.1154,0.2146,0.1166,0.1817,3170.817,2918.1523,True,0.0817,0.9871,3475.0,1588.9334,0.0366,1.244,343000.0,0.8704,0.2865,大光銀行,スタンダード（内国株式）,銀行業
8541,2026-10-01,3575.0,-0.0111,0.0371,0.1367,0.6228,0.1379,0.5899,3305.1568,2764.6523,True,0.0816,0.9635,3710.4748,1100.1952,0.0398,6.3087,357500.0,0.7973,0.3237,愛媛銀行,プライム（内国株式）,銀行業
8542,2026-10-01,1948.0,-0.0097,0.0378,-0.0015,0.2807,-0.0004,0.2479,1933.6356,1730.2785,True,0.0074,0.9716,2005.0,1280.6185,0.0271,0.6826,194800.0,1.1698,0.272,トマト銀行,スタンダード（内国株式）,銀行業
8544,2026-10-01,2922.0,-0.0195,0.0411,0.0263,0.1226,0.0275,0.0897,2850.0243,2700.6081,True,0.0253,0.9719,3006.5265,1186.732,0.0337,8.7626,292200.0,0.8245,0.2518,京葉銀行,プライム（内国株式）,銀行業
8550,2026-10-01,1168.0,-0.0234,0.057,0.0696,0.2091,0.0708,0.1763,1105.7955,1028.7318,True,0.0563,0.9685,1206.0,453.7526,0.0404,7.7586,116800.0,1.1101,0.2707,栃木銀行,プライム（内国株式）,銀行業
8551,2026-10-01,2936.0,0.0007,0.0853,-0.6307,-0.4738,-0.6295,-0.5067,6864.6115,6441.4038,True,-0.5723,0.3266,8990.0,2679.3939,0.2285,4.3528,293600.0,2.2224,0.9409,北日本銀行,プライム（内国株式）,銀行業
8558,2026-10-01,1532.0,-0.034,0.0234,0.0457,0.0193,0.0469,-0.0136,1499.28,1448.6933,True,0.0218,0.9439,1623.0,846.3249,0.037,2.7126,153200.0,0.8298,0.2416,東和銀行,プライム（内国株式）,銀行業
8562,2026-10-01,411.0,-0.0144,0.0675,0.0593,0.2053,0.0604,0.1724,388.64,362.2133,True,0.0575,0.928,442.8995,216.0245,0.0341,1.1268,41100.0,0.9714,0.2714,福島銀行,スタンダード（内国株式）,銀行業
8563,2026-10-01,1240.0,0.0,0.0517,0.0708,0.2718,0.072,0.2389,1177.24,1068.7467,True,0.0533,0.992,1250.0,701.5122,0.0278,0.718,124000.0,1.0981,0.2353,大東銀行,スタンダード（内国株式）,銀行業
8566,2026-10-01,6610.0,-0.003,-0.0196,-0.0364,0.0765,-0.0353,0.0437,6801.4028,6576.6009,True,-0.0281,0.9511,6950.0,5443.5938,0.0156,3.1417,661000.0,1.3857,0.4161,リコーリース,プライム（内国株式）,その他金融業
8570,2026-10-01,1518.0,-0.0269,-0.0507,-0.0921,0.0398,-0.0909,0.0069,1631.1351,1562.3257,True,-0.0694,0.8416,1803.6222,1373.0802,0.024,9.9866,151800.0,0.9834,0.4836,イオンフィナンシャルサービス,プライム（内国株式）,その他金融業
8572,2026-10-01,458.0,-0.0172,-0.0277,-0.0586,-0.0093,-0.0574,-0.0422,481.9479,476.468,True,-0.0497,0.8701,526.346,419.3025,0.0176,6.8267,45800.0,1.3342,0.5164,アコム,スタンダード（内国株式）,その他金融業
8584,2026-10-01,3520.0,-0.0126,-0.0236,-0.0797,-0.0209,-0.0786,-0.0537,3729.7514,3684.9838,True,-0.0562,0.8077,4357.7972,3330.0,0.0169,5.4855,352000.0,1.6029,0.4465,ジャックス,プライム（内国株式）,その他金融業
8585,2026-10-01,802.0,-0.0184,-0.0509,-0.075,-0.0813,-0.0738,-0.1142,853.32,866.2533,False,-0.0601,0.7113,1127.4466,797.0,0.0186,4.3508,80200.0,1.1429,0.5024,オリエントコーポレーション,プライム（内国株式）,その他金融業
8591,2026-10-01,5911.0,-0.01,-0.0056,-0.0594,-0.0585,-0.0582,-0.0913,6147.4363,6280.3854,False,-0.0385,0.8849,6680.0,3624.1203,0.021,213.8325,591100.0,1.077,0.342,オリックス,プライム（内国株式）,その他金融業
8593,2026-10-01,1325.0,-0.0119,-0.0116,-0.0495,-0.0038,-0.0483,-0.0366,1381.2771,1382.4324,True,-0.0407,0.8729,1518.0,1149.6177,0.0165,58.9528,132500.0,1.1323,0.3938,三菱ＨＣキャピタル,プライム（内国株式）,その他金融業
8595,2026-10-01,2220.5,-0.0065,0.0053,-0.0501,-0.0666,-0.0489,-0.0995,2274.6728,2286.3576,True,-0.0238,0.8731,2543.1679,2124.5,0.0122,8.0385,222050.0,1.1967,0.3392,ジャフコ　グループ,プライム（内国株式）,証券、商品先物取引業
8596,2026-10-01,1538.0,-0.0019,0.0003,-0.0494,0.0563,-0.0483,0.0235,1569.0704,1530.2768,True,-0.0198,0.9101,1690.0,1246.8551,0.0173,0.3848,153800.0,0.9429,0.3081,九州リースサービス,スタンダード（内国株式）,その他金融業
8600,2026-10-01,1187.0,-0.0166,0.0184,0.057,0.3189,0.0581,0.286,1146.8654,1026.7951,True,0.035,0.9738,1218.939,624.3149,0.0281,6.2693,118700.0,1.0331,0.2337,トモニホールディングス,プライム（内国株式）,銀行業
8601,2026-10-01,1802.5,-0.0036,0.0011,-0.0222,0.0944,-0.0211,0.0616,1833.84,1771.84,True,-0.0171,0.9497,1898.0,1092.6982,0.0231,101.1699,180250.0,1.3941,0.2461,大和証券グループ本社,プライム（内国株式）,証券、商品先物取引業
8604,2026-10-01,1548.5,-0.0016,-0.0006,-0.0532,0.0621,-0.052,0.0292,1614.0,1546.14,True,-0.0406,0.9174,1688.0,1009.3219,0.0277,159.7105,154850.0,1.0937,0.3529,野村ホールディングス,プライム（内国株式）,証券、商品先物取引業
8609,2026-10-01,1241.0,0.0032,0.0106,0.0049,0.2586,0.006,0.2258,1230.8,1103.32,True,0.0083,0.971,1278.0,618.5301,0.0249,6.0151,124100.0,0.9759,0.2106,岡三証券グループ,プライム（内国株式）,証券、商品先物取引業
8613,2026-10-01,1249.0,-0.0024,-0.0066,-0.0436,0.164,-0.0425,0.1312,1286.6891,1187.3897,True,-0.0293,0.9405,1328.0,880.4235,0.0196,3.3036,124900.0,0.992,0.3427,丸三証券,プライム（内国株式）,証券、商品先物取引業
8614,2026-10-01,706.0,0.0071,0.0071,-0.0574,0.1278,-0.0563,0.0949,719.88,675.1333,True,-0.0193,0.9314,758.0,486.9477,0.0186,3.5987,70600.0,0.6942,0.2663,東洋証券,プライム（内国株式）,証券、商品先物取引業
8616,2026-10-01,889.0,0.0125,0.0308,-0.0337,0.1728,-0.0325,0.14,889.4166,822.6589,True,-0.0005,0.958,928.0,541.2675,0.0214,9.1969,88900.0,1.2764,0.2467,東海東京フィナンシャル・ホールディングス,プライム（内国株式）,証券、商品先物取引業
8617,2026-10-01,606.0,0.005,-0.0066,-0.0427,0.1201,-0.0415,0.0873,615.52,576.92,True,-0.0155,0.9309,651.0,423.7241,0.015,0.0389,60600.0,0.4919,0.3417,光世証券,スタンダード（内国株式）,証券、商品先物取引業
8622,2026-10-01,897.0,-0.0033,-0.0013,-0.0809,0.3489,-0.0798,0.316,939.0896,813.7099,True,-0.0448,0.897,1000.0,481.651,0.0279,3.307,89700.0,0.8745,0.2839,水戸証券,プライム（内国株式）,証券、商品先物取引業
8624,2026-10-01,1668.0,0.003,0.0184,-0.0419,0.173,-0.0408,0.1401,1699.5146,1568.1449,True,-0.0185,0.9282,1797.0,776.3663,0.0273,2.5509,166800.0,1.1659,0.2899,いちよし証券,プライム（内国株式）,証券、商品先物取引業
8628,2026-10-01,1131.0,0.0357,0.0132,-0.0567,0.1672,-0.0556,0.1343,1168.6487,1081.1229,True,-0.0322,0.9225,1226.0,728.079,0.0268,13.8026,113100.0,1.3024,0.4789,松井証券,プライム（内国株式）,証券、商品先物取引業
8630,2026-10-01,6620.0,-0.0122,-0.0075,-0.0336,0.0207,-0.0324,-0.0122,6797.0538,6715.0713,True,-0.026,0.893,7413.0,4381.8144,0.0234,160.4407,662000.0,1.063,0.3196,ＳＯＭＰＯホールディングス,プライム（内国株式）,保険業
8697,2026-10-01,2327.0,0.0128,0.0418,0.0342,0.0953,0.0354,0.0625,2239.0885,2205.2695,True,0.0393,0.9877,2356.0,1493.78,0.0239,80.2559,232700.0,1.0278,0.277,日本取引所グループ,プライム（内国株式）,その他金融業
8698,2026-10-01,707.0,0.0086,0.0089,-0.0485,0.0428,-0.0473,0.0099,722.3929,700.211,True,-0.0213,0.8414,840.2626,609.0,0.0207,10.3207,70700.0,0.7447,0.314,マネックスグループ,プライム（内国株式）,証券、商品先物取引業
8699,2026-10-01,1113.0,-0.0107,-0.0194,-0.022,-0.0503,-0.0208,-0.0832,1132.32,1145.3333,False,-0.0171,0.838,1328.2103,960.1998,0.0133,0.4867,111300.0,0.697,0.2232,ＨＳホールディングス,スタンダード（内国株式）,証券、商品先物取引業
8700,2026-10-01,2110.0,-0.0005,-0.0094,-0.0085,0.1887,-0.0073,0.1559,2101.12,1946.6667,True,0.0042,0.95,2221.0,1505.8742,0.0216,0.0432,211000.0,0.5558,0.2563,丸八証券,スタンダード（内国株式）,証券、商品先物取引業
8704,2026-10-01,1438.0,0.0056,0.0497,0.036,0.1739,0.0372,0.141,1399.9678,1302.8959,True,0.0272,0.9729,1478.0,814.8825,0.0262,1.3426,143800.0,0.9336,0.3102,トレイダーズホールディングス,スタンダード（内国株式）,証券、商品先物取引業
8705,2026-10-01,218.0,0.0,-0.0219,-0.0224,-0.0396,-0.0213,-0.0725,220.4317,223.5039,False,-0.011,0.728,299.4404,154.982,0.0196,0.1998,21800.0,0.7438,0.3271,日産証券グループ,スタンダード（内国株式）,証券、商品先物取引業
8706,2026-10-01,1787.0,-0.0028,-0.0192,-0.0793,0.1274,-0.0782,0.0946,1886.1061,1763.0887,True,-0.0525,0.9071,1970.0,1385.5457,0.0176,3.1757,178700.0,1.026,0.444,極東証券,プライム（内国株式）,証券、商品先物取引業
8707,2026-10-01,4685.0,-0.0032,0.0204,-0.0064,0.1698,-0.0052,0.1369,4674.4601,4355.0867,True,0.0023,0.972,4820.0,2470.4554,0.0224,5.0416,468500.0,0.9197,0.2339,岩井コスモホールディングス,プライム（内国株式）,証券、商品先物取引業
8708,2026-10-01,1680.0,-0.01,-0.0217,-0.0943,0.0938,-0.0932,0.0609,1768.5683,1657.6294,True,-0.0501,0.8884,1891.0,1192.1916,0.0265,2.8897,168000.0,1.1791,0.3442,アイザワ証券グループ,プライム（内国株式）,証券、商品先物取引業
8713,2026-10-01,2835.0,-0.0204,0.044,-0.0156,0.4189,-0.0145,0.3861,2801.5921,2387.104,True,0.0119,0.9666,2933.0,1484.0079,0.0363,2.2435,283500.0,1.0387,0.2466,フィデアホールディングス,プライム（内国株式）,銀行業
8714,2026-10-01,1130.0,-0.0208,0.0493,0.032,0.1244,0.0331,0.0915,1092.0593,1043.2998,True,0.0347,0.9741,1160.0,597.3392,0.0292,10.7385,113000.0,1.1072,0.2995,池田泉州ホールディングス,プライム（内国株式）,銀行業
8715,2026-10-01,1004.0,-0.0157,-0.0214,-0.0922,-0.1929,-0.0911,-0.2258,1054.24,1156.6133,False,-0.0477,0.5871,1710.0,747.1657,0.0226,2.9836,100400.0,0.8582,0.2915,アニコム　ホールディングス,プライム（内国株式）,保険業
8725,2026-10-01,4886.0,-0.0033,-0.0001,-0.0433,0.1117,-0.0421,0.0789,5075.4165,4807.0588,True,-0.0373,0.9174,5326.0,3047.066,0.0266,250.1415,488600.0,1.2853,0.4152,ＭＳ＆ＡＤインシュアランスグループホールディングス,プライム（内国株式）,保険業
8729,2026-10-01,153.2,-0.0298,-0.0113,-0.0322,0.0472,-0.0311,0.0143,160.713,154.043,True,-0.0467,0.7486,204.6586,129.3,0.0242,92.2531,15319.9997,1.0079,0.3373,ソニーフィナンシャルグループ,プライム（内国株式）,保険業
8737,2026-10-01,586.0,-0.0101,-0.0217,-0.0786,-0.0118,-0.0775,-0.0447,615.56,609.68,True,-0.048,0.7813,750.037,496.7778,0.0133,0.2159,58600.0,0.8798,0.5407,あかつき本社,スタンダード（内国株式）,証券、商品先物取引業
8739,2026-10-01,2676.0,0.0117,0.0393,0.0237,0.1846,0.0249,0.1517,2611.1798,2406.9799,True,0.0248,0.9875,2710.0,1355.9969,0.0211,4.335,267600.0,1.5728,0.274,スパークス・グループ,プライム（内国株式）,証券、商品先物取引業
8742,2026-10-01,588.0,0.0138,-0.0297,0.0557,0.0691,0.0568,0.0362,585.44,563.0533,True,0.0044,0.906,649.0,296.3415,0.0324,0.0501,58800.0,1.2004,0.2831,小林洋行,スタンダード（内国株式）,証券、商品先物取引業
8746,2026-10-01,136.0,0.36,0.283,0.3878,0.271,0.3889,0.2382,112.52,121.96,False,0.2087,0.2333,583.0,91.0,0.1098,1.9798,13600.0,2.0549,0.3416,ｕｎｂａｎｋｅｄ,スタンダード（内国株式）,証券、商品先物取引業
8747,2026-10-01,2253.0,-0.0088,-0.0297,-0.0144,0.0283,-0.0133,-0.0046,2248.0,2249.6267,False,0.0022,0.7009,3214.602,1551.7803,0.0282,0.1814,225300.0,0.8596,0.3248,豊トラスティ証券,スタンダード（内国株式）,証券、商品先物取引業
8750,2026-10-01,1818.0,-0.0312,-0.0097,-0.0112,-0.0036,-0.01,-0.0364,1861.6211,1848.507,True,-0.0234,0.928,1959.0,1029.8335,0.026,180.7606,181800.0,1.1775,0.2975,第一ライフグループ,プライム（内国株式）,保険業
8766,2026-10-01,521.0,-0.0307,0.2755,-0.9324,-0.9306,-0.9312,-0.9635,6101.5025,7092.2608,False,-0.9146,0.0615,8468.0,407.8514,1.3133,473.8301,52100.0,4.4051,1.1625,東京海上ホールディングス,プライム（内国株式）,保険業
8769,2026-10-01,514.0,0.0098,-0.0153,0.0118,0.0178,0.013,-0.015,508.44,502.7067,True,0.0109,0.7676,669.625,451.0,0.0275,0.1706,51400.0,1.0035,0.2616,アドバンテッジリスクマネジメント,スタンダード（内国株式）,サービス業
8771,2026-10-01,1735.0,-0.0017,0.0017,-0.0091,-0.0164,-0.008,-0.0493,1754.0819,1784.414,True,-0.0109,0.9098,1907.0,1457.0457,0.0166,2.8151,173500.0,1.1615,0.3397,イー・ギャランティ,プライム（内国株式）,その他金融業
8772,2026-10-01,916.0,0.0088,0.0269,0.0269,0.1337,0.0281,0.1008,897.32,853.6533,True,0.0208,0.9727,941.6842,768.0,0.0136,0.058,91600.0,1.1543,0.2736,アサックス,スタンダード（内国株式）,その他金融業
8783,2026-10-01,45.0,0.0227,-0.0217,-0.2373,-0.5161,-0.2361,-0.549,52.68,67.9733,False,-0.1458,0.1293,348.0,43.0,0.0492,0.3083,4500.0,0.4347,0.3613,ａｂｃ,スタンダード（内国株式）,その他金融業
8789,2026-10-01,156.0,0.0263,0.0,-0.0602,0.2381,-0.0591,0.2052,161.7175,143.2258,True,-0.0354,0.8764,178.0,101.0,0.0269,1.8038,15600.0,0.8431,0.3574,フィンテック　グローバル,スタンダード（内国株式）,その他金融業
8793,2026-10-01,4100.0,-0.012,-0.0086,-0.0364,0.0327,-0.0353,-0.0001,4202.1965,4130.5322,True,-0.0243,0.9491,4320.0,3702.1127,0.0134,0.7706,410000.0,1.1331,0.3377,ＮＥＣキャピタルソリューション,プライム（内国株式）,その他金融業
8795,2026-10-01,4775.0,-0.0209,-0.0046,-0.0215,-0.0263,-0.0204,-0.0592,4883.2285,4900.8228,True,-0.0222,0.9225,5176.0,3132.0672,0.0268,65.5896,477500.0,0.8719,0.3208,Ｔ＆Ｄホールディングス,プライム（内国株式）,保険業
8798,2026-10-01,89.0,-0.1524,-0.3643,-0.3551,-0.2992,-0.3539,-0.3321,134.88,130.6133,False,-0.3402,0.2543,350.0,87.0,0.1477,0.3742,8900.0,3.9096,0.738,アドバンスクリエイト,プライム（内国株式）,保険業
8801,2026-10-01,1475.0,0.0003,-0.005,-0.0312,-0.0245,-0.03,-0.0573,1498.6269,1510.6823,False,-0.0158,0.6908,2135.164,1425.0,0.0197,146.2027,147500.0,1.1188,0.2189,三井不動産,プライム（内国株式）,不動産業
8802,2026-10-01,3592.0,-0.0044,-0.0053,-0.0535,-0.1215,-0.0523,-0.1544,3672.5521,3889.384,False,-0.0219,0.6678,5378.8195,3178.3479,0.0221,129.787,359200.0,1.0624,0.2433,三菱地所,プライム（内国株式）,不動産業
8803,2026-10-01,2302.0,-0.0078,-0.0102,-0.0332,-0.0332,-0.032,-0.066,2359.5014,2360.5405,True,-0.0244,0.9146,2517.0,2105.6813,0.0134,4.4214,230200.0,1.2329,0.367,平和不動産,プライム（内国株式）,不動産業
8804,2026-10-01,3255.0,-0.0073,-0.0115,-0.0552,-0.0049,-0.054,-0.0377,3341.6,3350.4685,True,-0.0259,0.7581,4293.5859,2707.4442,0.02,30.3946,325500.0,1.1757,0.2154,東京建物,プライム（内国株式）,不動産業
8818,2026-10-01,999.0,-0.0329,-0.0628,-0.1104,-0.0826,-0.1093,-0.1155,1100.395,1097.1583,True,-0.0921,0.8452,1182.0,794.8914,0.0248,6.3335,99900.0,1.8743,0.568,京阪神ビルディング,プライム（内国株式）,不動産業
8830,2026-10-01,3180.0,-0.0009,-0.0027,-0.0439,-0.1472,-0.0427,-0.1801,3252.0604,3494.1935,False,-0.0222,0.5966,5330.4983,3069.1653,0.0221,98.2191,318000.0,1.0616,0.2346,住友不動産,プライム（内国株式）,不動産業
8835,2026-10-01,792.0,0.0025,-0.0013,-0.0161,0.0089,-0.015,-0.0239,796.84,785.7867,True,-0.0061,0.5126,1545.0,733.3775,0.0092,0.1234,79200.0,0.8122,0.3569,太平洋興発,スタンダード（内国株式）,卸売業
8836,2026-10-01,26.0,0.0,0.0,-0.037,0.0,-0.0359,-0.0329,26.8,26.44,True,-0.0299,0.6667,39.0,22.0,0.0385,0.0135,2600.0,0.7415,0.2,ＲＩＳＥ,スタンダード（内国株式）,不動産業
8841,2026-10-01,992.0,0.001,-0.0279,-0.0425,0.0333,-0.0413,0.0005,1012.0978,976.8593,True,-0.0199,0.8378,1184.0,783.2758,0.0223,0.9349,99200.0,0.8266,0.2844,テーオーシー,スタンダード（内国株式）,不動産業
8844,2026-10-01,1190.0,-0.0141,-0.0058,-0.0578,-0.1506,-0.0566,-0.1835,1238.0021,1284.174,True,-0.0388,0.7881,1510.0,1021.7504,0.0212,0.6912,119000.0,0.5664,0.2979,コスモスイニシア,スタンダード（内国株式）,不動産業
8848,2026-10-01,1020.0,-0.002,-0.001,0.5839,0.5765,0.585,0.5437,788.44,694.9067,True,0.2937,0.9623,1060.0,598.0,0.04,42.4279,102000.0,3.3873,0.6595,レオパレス２１,プライム（内国株式）,不動産業
8850,2026-10-01,4640.0,-0.0054,-0.0066,-0.019,-0.0011,-0.0179,-0.0339,4702.4562,4674.4187,True,-0.0133,0.8807,5268.2792,4390.0,0.0166,2.7585,464000.0,1.0936,0.2395,スターツコーポレーション,プライム（内国株式）,不動産業
8860,2026-10-01,721.0,-0.0083,-0.0111,-0.0649,-0.0476,-0.0637,-0.0804,745.4426,753.3475,False,-0.0328,0.7905,912.0723,704.0,0.0133,0.5061,72100.0,1.2605,0.3434,フジ住宅,プライム（内国株式）,不動産業
8864,2026-10-01,940.0,-0.0074,-0.0073,-0.0289,0.0021,-0.0278,-0.0307,961.2269,952.5156,True,-0.0221,0.8599,1093.1736,848.0,0.0159,0.6706,94000.0,0.8213,0.2805,空港施設,スタンダード（内国株式）,不動産業
8869,2026-10-01,802.0,-0.0025,-0.0062,-0.052,0.0113,-0.0509,-0.0215,821.6,818.2,True,-0.0239,0.6832,1173.9295,756.0,0.0105,0.4523,80200.0,0.938,0.2492,明和地所,スタンダード（内国株式）,不動産業
8871,2026-10-01,3075.0,-0.0113,-0.016,-0.0738,-0.0625,-0.0726,-0.0954,3215.995,3274.665,False,-0.0438,0.7987,3850.0,3055.0,0.0168,1.5939,307500.0,0.9572,0.3875,ゴールドクレスト,スタンダード（内国株式）,不動産業
8876,2026-10-01,2287.5,0.0064,0.012,0.0353,0.1077,0.0365,0.0749,2225.6907,2083.9636,True,0.0278,0.9922,2305.5,1560.292,0.023,13.9961,228750.0,1.1192,0.3235,リログループ,プライム（内国株式）,サービス業
8877,2026-10-01,5050.0,-0.0213,-0.0117,-0.0578,0.0275,-0.0567,-0.0054,5214.6988,5125.9663,True,-0.0316,0.6825,7399.5286,4760.0,0.0182,1.5411,505000.0,1.2086,0.2834,エスリード,プライム（内国株式）,不動産業
8881,2026-10-01,647.0,-0.0107,-0.0197,-0.0457,0.0109,-0.0446,-0.0219,663.56,660.96,True,-0.025,0.8119,796.8824,549.0482,0.0115,0.7332,64700.0,0.8698,0.2692,日神グループホールディングス,プライム（内国株式）,不動産業
8887,2026-10-01,363.0,-0.0027,0.0111,-0.0522,0.0225,-0.0511,-0.0103,368.04,367.9867,True,-0.0137,0.7464,486.3603,333.0,0.0132,0.2312,36300.0,0.8877,0.1881,シーラホールディングス,スタンダード（内国株式）,不動産業
8891,2026-10-01,2101.0,-0.0108,0.0265,-0.0099,0.0568,-0.0087,0.024,2066.1079,2028.556,True,0.0169,0.7476,2810.3508,1648.0,0.0219,0.0921,210100.0,1.1455,0.3104,ＡＭＧホールディングス,スタンダード（内国株式）,不動産業
8892,2026-10-01,1063.0,-0.0121,-0.0363,-0.0492,-0.0203,-0.048,-0.0531,1108.52,1099.44,True,-0.0411,0.8692,1223.0,948.2425,0.016,1.914,106300.0,1.0867,0.4706,エスコン,プライム（内国株式）,不動産業
8894,2026-10-01,17.0,0.0625,0.0625,-0.2273,-0.3462,-0.2261,-0.379,19.44,22.2133,False,-0.1255,0.2267,75.0,15.0,0.0924,0.161,1700.0,1.4713,0.3182,ＲＥＶＯＬＵＴＩＯＮ,スタンダード（内国株式）,不動産業
8897,2026-10-01,438.0,-0.009,-0.0023,-0.0581,0.0788,-0.0569,0.046,450.72,428.6933,True,-0.0282,0.928,472.0,350.7561,0.0166,3.67,43800.0,1.0755,0.3577,ＭＩＲＡＲＴＨホールディングス,プライム（内国株式）,不動産業
8898,2026-10-01,1133.0,-0.0148,-0.0044,-0.0079,0.0071,-0.0067,-0.0257,1137.3609,1130.6003,True,-0.0038,0.9709,1167.0,1067.6386,0.0146,0.0502,113300.0,1.242,0.2763,センチュリー２１・ジャパン,スタンダード（内国株式）,不動産業
8904,2026-10-01,817.0,-0.0049,-0.0049,-0.0192,0.0101,-0.0181,-0.0227,826.6659,827.425,True,-0.0117,0.9515,858.6698,756.8257,0.0064,0.1306,81700.0,0.5605,0.211,ＡＶＡＮＴＩＡ,スタンダード（内国株式）,不動産業
8908,2026-10-01,881.0,-0.0101,-0.0145,-0.0079,0.0268,-0.0067,-0.006,885.12,866.92,True,-0.0047,0.9601,917.6293,765.9406,0.0122,0.0458,88100.0,0.8845,0.2613,毎日コムネット,スタンダード（内国株式）,不動産業
8912,2026-10-01,158.0,0.0,0.0,0.0194,0.0533,0.0205,0.0205,158.2,156.4699,False,-0.0013,0.5753,274.6497,145.6328,0.0145,0.4636,15800.0,0.3301,0.2625,エリアクエスト,スタンダード（内国株式）,不動産業
8914,2026-10-01,847.0,-0.0174,-0.0536,-0.0989,0.047,-0.0978,0.0141,897.28,892.8866,False,-0.056,0.6444,1314.4129,796.0,0.0211,0.5355,84700.0,0.4793,0.3416,エリアリンク,スタンダード（内国株式）,不動産業
8917,2026-10-01,1077.0,-0.0065,-0.0092,-0.0553,-0.011,-0.0541,-0.0439,1103.76,1109.8133,True,-0.0242,0.8683,1240.3308,999.0,0.0174,0.8648,107700.0,0.9371,0.2502,ファースト住建,スタンダード（内国株式）,不動産業
8918,2026-10-01,10.0,-0.0909,0.0,-0.0909,0.0,-0.0898,-0.0329,10.4,10.24,True,-0.0385,0.8333,12.0,8.0,0.1,31.2606,1000.0,0.8239,0.1,ランド,スタンダード（内国株式）,不動産業
8919,2026-10-01,3500.0,0.0029,-0.0084,-0.0921,0.0972,-0.0909,0.0643,3587.7848,3443.0616,True,-0.0245,0.8997,3890.0,2394.11,0.023,6.8084,350000.0,0.9254,0.2051,カチタス,プライム（内国株式）,不動産業
8920,2026-10-01,666.0,-0.006,-0.0221,-0.0951,-0.1283,-0.094,-0.1611,701.2012,731.8804,False,-0.0502,0.6835,974.4,662.0,0.019,0.5136,66600.0,0.8997,0.3562,東祥,スタンダード（内国株式）,サービス業
8923,2026-10-01,1733.0,-0.0097,0.0093,-0.0561,0.0206,-0.0549,-0.0122,1743.24,1740.8933,True,-0.0059,0.8919,1943.0,1477.0,0.0188,3.6043,173300.0,1.0777,0.3415,トーセイ,プライム（内国株式）,不動産業
8927,2026-10-01,501.0,-0.0157,-0.004,0.0351,0.1242,0.0363,0.0913,488.0,462.6588,True,0.0266,0.927,540.4619,391.569,0.0148,0.5763,50100.0,1.4666,0.35,明豊エンタープライズ,スタンダード（内国株式）,不動産業
8928,2026-10-01,2311.0,-0.0039,0.003,-0.0203,0.041,-0.0192,0.0081,2313.96,2293.0729,False,-0.0013,0.8091,2856.3963,2043.4411,0.0072,0.14,231100.0,0.5589,0.2595,穴吹興産,スタンダード（内国株式）,不動産業
8929,2026-10-01,1360.0,-0.0152,-0.0058,-0.0516,0.0811,-0.0504,0.0482,1379.76,1309.8317,True,-0.0143,0.6732,2020.2999,1185.0,0.0203,0.8353,136000.0,0.7287,0.1741,青山財産ネットワークス,スタンダード（内国株式）,不動産業
8931,2026-10-01,1319.0,0.0015,-0.0266,-0.0142,0.063,-0.013,0.0302,1331.9811,1323.9662,True,-0.0097,0.7555,1745.7588,1198.5514,0.0157,0.1407,131900.0,1.0973,0.6055,和田興産,スタンダード（内国株式）,不動産業
8934,2026-10-01,2275.0,-0.0122,-0.036,-0.0911,-0.0622,-0.0899,-0.0951,2412.8293,2445.1564,True,-0.0571,0.7886,2885.0,2184.8234,0.0179,3.4061,227500.0,1.2236,0.4042,サンフロンティア不動産,プライム（内国株式）,不動産業
8935,2026-10-01,1950.0,-0.0096,0.0017,-0.0566,0.1029,-0.0554,0.0701,1990.1398,1898.3266,True,-0.0202,0.9353,2085.0,1354.8032,0.0198,1.0854,195000.0,0.9698,0.2127,ＦＪネクストホールディングス,プライム（内国株式）,不動産業
8938,2026-10-01,316.0,-0.0125,-0.0277,-0.0595,-0.0706,-0.0584,-0.1034,328.48,331.68,True,-0.038,0.4992,633.0,268.0,0.0409,0.017,31600.0,0.3722,0.2088,グローム・ホールディングス,グロース（内国株式）,不動産業
8944,2026-10-01,254.0,-0.0039,0.0449,0.041,0.0672,0.0421,0.0344,246.3257,243.3486,False,0.0312,0.7299,348.0,224.0,0.0238,0.1051,25400.0,0.9659,0.2629,ランドビジネス,スタンダード（内国株式）,不動産業
8945,2026-10-01,1094.0,0.0018,0.0046,-0.0055,0.0055,-0.0043,-0.0273,1090.4,1097.6509,False,0.0033,0.8019,1364.3024,974.2761,0.0052,0.0297,109400.0,0.9356,0.3544,サンネクスタグループ,スタンダード（内国株式）,不動産業
8946,2026-10-01,73.0,0.0,-0.0135,-0.0395,-0.0395,-0.0383,-0.0723,74.52,75.8667,False,-0.0204,0.4591,159.0,71.0,0.0215,0.0546,7300.0,0.8565,0.2545,ＡＳＩＡＮ　ＳＴＡＲ,スタンダード（内国株式）,不動産業
8995,2026-10-01,1950.0,0.0632,0.0215,0.3096,1.3187,0.3108,1.2858,1865.32,1314.7067,True,0.0454,0.6658,2929.0,761.0131,0.1793,9.369,195000.0,1.1778,0.1235,誠建設工業,スタンダード（内国株式）,不動産業
8996,2026-10-01,1102.0,0.0018,0.0525,-0.0134,0.1131,-0.0123,0.0803,1090.6,1047.1867,True,0.0105,0.9675,1139.0,833.9279,0.018,0.0295,110200.0,1.2977,0.3324,ハウスフリーダム,スタンダード（内国株式）,不動産業
8999,2026-10-01,565.0,0.0,-0.0053,-0.0157,0.095,-0.0145,0.0621,568.64,547.4267,True,-0.0064,0.9051,624.264,499.0,0.0116,0.2692,56500.0,0.7313,0.1978,グランディハウス,プライム（内国株式）,不動産業
9001,2026-10-01,2797.5,-0.0083,-0.0385,-0.0703,-0.0256,-0.0691,-0.0585,2945.3216,2953.0272,True,-0.0502,0.8645,3236.0,2430.6682,0.0177,24.5352,279750.0,1.5977,0.4816,東武鉄道,プライム（内国株式）,陸運業
9003,2026-10-01,2482.5,-0.0104,-0.0415,-0.057,0.011,-0.0558,-0.0219,2607.2448,2551.9083,True,-0.0478,0.7839,3167.0,2323.0,0.0188,13.7305,248250.0,2.166,0.4873,相鉄ホールディングス,プライム（内国株式）,陸運業
9005,2026-10-01,1605.5,-0.005,-0.0123,-0.0331,-0.0343,-0.032,-0.0671,1649.5153,1681.2518,False,-0.0267,0.8052,1993.9622,1580.0,0.0158,40.0594,160550.0,1.0518,0.4521,東急,プライム（内国株式）,陸運業
9006,2026-10-01,1532.0,-0.0013,0.0042,-0.0239,0.0268,-0.0227,-0.006,1556.9015,1536.2272,True,-0.016,0.9185,1668.0,1379.8582,0.016,14.8087,153200.0,1.3699,0.3481,京浜急行電鉄,プライム（内国株式）,陸運業
9007,2026-10-01,1718.0,-0.0003,-0.0157,-0.0365,0.0315,-0.0353,-0.0013,1782.3332,1730.7511,True,-0.0361,0.9175,1872.5,1536.5,0.0185,27.1003,171800.0,1.2244,0.5125,小田急電鉄,プライム（内国株式）,陸運業
9008,2026-10-01,753.0,-0.0062,-0.0345,-0.0383,0.017,-0.0372,-0.0158,783.8833,770.2251,True,-0.0394,0.8866,849.3,711.4,0.0216,20.2896,75300.0,1.5949,0.449,京王電鉄,プライム（内国株式）,陸運業
9009,2026-10-01,1328.0,-0.0056,0.0011,-0.0264,0.1269,-0.0252,0.094,1360.5233,1269.7811,True,-0.0239,0.9309,1426.5,1033.0,0.0211,27.3547,132800.0,1.1207,0.3995,京成電鉄,プライム（内国株式）,陸運業
9010,2026-10-01,2654.0,0.0064,0.0038,-0.0491,0.0283,-0.0479,-0.0046,2656.04,2637.36,True,-0.0008,0.9362,2835.0,1921.0913,0.0216,4.9011,265400.0,1.2325,0.2269,富士急行,プライム（内国株式）,陸運業
9017,2026-10-01,1984.0,-0.007,-0.0035,-0.002,-0.0075,-0.0009,-0.0404,1993.28,1992.0267,True,-0.0047,0.9214,2153.2445,1950.0,0.0032,0.0148,198400.0,0.8392,0.2227,新潟交通,スタンダード（内国株式）,陸運業
9020,2026-10-01,3326.0,-0.0072,-0.0277,-0.0712,-0.0246,-0.0701,-0.0575,3505.3701,3501.31,False,-0.0512,0.7983,4166.2632,3243.0,0.0191,100.4354,332600.0,1.0187,0.4732,東日本旅客鉄道,プライム（内国株式）,陸運業
9021,2026-10-01,2902.0,-0.0136,-0.0188,-0.0375,0.0748,-0.0363,0.042,2999.2574,2901.6458,True,-0.0324,0.8362,3470.4961,2453.0,0.0179,58.323,290200.0,0.787,0.3892,西日本旅客鉄道,プライム（内国株式）,陸運業
9022,2026-10-01,3672.0,-0.014,-0.0179,-0.0765,0.0634,-0.0753,0.0306,3843.5988,3740.6663,True,-0.0446,0.7631,4811.6914,3202.0,0.0191,85.2438,367200.0,0.8941,0.3665,東海旅客鉄道,プライム（内国株式）,陸運業
9023,2026-10-01,1466.0,-0.0088,-0.0296,-0.0034,0.0107,-0.0022,-0.0222,1503.0782,1458.1727,True,-0.0247,0.8506,1723.4821,1315.5,0.0176,28.3058,146600.0,1.012,0.5038,東京地下鉄,プライム（内国株式）,陸運業
9024,2026-10-01,3539.0,0.0094,0.0024,0.0312,0.079,0.0323,0.0461,3515.2221,3405.5607,True,0.0068,0.6058,5841.5112,2579.5,0.0257,45.9873,353900.0,0.7975,0.2181,西武ホールディングス,プライム（内国株式）,陸運業
9025,2026-10-01,2798.0,-0.0148,-0.0301,-0.0405,0.0197,-0.0393,-0.0132,2892.2227,2846.4742,True,-0.0326,0.7874,3553.3445,2600.0,0.0184,2.6826,279800.0,0.988,0.3802,鴻池運輸,プライム（内国株式）,陸運業
9028,2026-10-01,3250.0,-0.0091,-0.0269,-0.0793,-0.1156,-0.0782,-0.1485,3381.8,3514.5504,False,-0.039,0.795,4087.9449,2828.7613,0.0155,0.4946,325000.0,1.1205,0.278,ゼロ,スタンダード（内国株式）,陸運業
9029,2026-10-01,1861.0,0.0158,0.0242,-0.0307,-0.0257,-0.0296,-0.0585,1856.6,1898.7467,False,0.0024,0.8589,2166.6665,1519.3798,0.0177,0.1035,186100.0,0.6982,0.2727,ヒガシホールディングス,スタンダード（内国株式）,陸運業
9031,2026-10-01,2855.0,-0.0165,-0.0579,-0.0867,-0.0179,-0.0855,-0.0507,3078.0953,3024.5518,True,-0.0725,0.8654,3299.0,2160.9684,0.0249,10.9678,285500.0,2.1487,0.4854,西日本鉄道,プライム（内国株式）,陸運業
9033,2026-10-01,623.0,0.0048,-0.0174,-0.022,-0.0095,-0.0208,-0.0424,631.16,626.64,True,-0.0129,0.9402,662.5994,587.5509,0.0065,0.0736,62300.0,1.0824,0.393,広島電鉄,スタンダード（内国株式）,陸運業
9034,2026-10-01,1637.0,-0.0067,-0.0044,0.0006,0.027,0.0018,-0.0059,1650.3399,1622.4733,True,-0.0081,0.9629,1700.0,1380.1784,0.0143,0.0954,163700.0,0.7695,0.3306,南総通運,スタンダード（内国株式）,陸運業
9036,2026-10-01,1223.0,0.0183,0.0017,-0.0216,-0.0278,-0.0204,-0.0607,1234.9941,1273.638,False,-0.0097,0.8458,1446.0,899.9691,0.0193,0.0345,122300.0,1.3293,0.361,東部ネットワーク,スタンダード（内国株式）,陸運業
9037,2026-10-01,1790.0,-0.0127,-0.0225,-0.0371,-0.0061,-0.036,-0.039,1836.157,1829.719,False,-0.0251,0.9227,1940.0304,1481.9265,0.015,1.964,179000.0,0.9792,0.4048,ハマキョウレックス,プライム（内国株式）,陸運業
9039,2026-10-01,2933.0,-0.0027,-0.0288,-0.02,0.0024,-0.0189,-0.0305,2992.1403,2951.0468,True,-0.0198,0.9492,3090.0,2614.891,0.0147,3.1517,293300.0,1.6065,0.345,サカイ引越センター,プライム（内国株式）,陸運業
9041,2026-10-01,3350.0,-0.0133,-0.0387,-0.0404,-0.0068,-0.0392,-0.0397,3489.2617,3475.9406,False,-0.0399,0.8986,3728.0,2745.7249,0.016,31.7759,335000.0,1.8124,0.4687,近鉄グループホールディングス,プライム（内国株式）,陸運業
9042,2026-10-01,4360.0,-0.0062,-0.0217,-0.0725,-0.0059,-0.0714,-0.0388,4617.4374,4589.7325,False,-0.0558,0.8412,5183.0,3774.3315,0.0194,43.0307,436000.0,1.2193,0.4983,阪急阪神ホールディングス,プライム（内国株式）,陸運業
9044,2026-10-01,3016.0,-0.0023,-0.0549,-0.0293,0.0722,-0.0281,0.0393,3126.15,2972.7233,True,-0.0352,0.909,3318.0,2583.5,0.0236,20.6318,301600.0,2.6624,0.4433,ＮＡＮＫＡＩ,プライム（内国株式）,陸運業
9045,2026-10-01,3131.0,-0.0003,-0.0249,-0.0216,-0.0006,-0.0204,-0.0335,3208.48,3192.84,True,-0.0241,0.8973,3489.1669,2993.3481,0.017,9.8391,313100.0,1.2801,0.4254,京阪ホールディングス,プライム（内国株式）,陸運業
9046,2026-10-01,2382.0,-0.005,-0.0337,-0.0372,-0.0226,-0.036,-0.0554,2467.08,2449.3067,True,-0.0345,0.9112,2614.1714,2302.3714,0.0132,0.3019,238200.0,1.9644,0.4455,神戸電鉄,スタンダード（内国株式）,陸運業
9048,2026-10-01,1846.5,-0.0049,-0.0073,-0.0271,0.0024,-0.026,-0.0304,1880.26,1870.26,True,-0.018,0.9177,2012.0,1539.3765,0.0151,23.8393,184650.0,2.194,0.3603,名古屋鉄道,プライム（内国株式）,陸運業
9049,2026-10-01,6530.0,-0.0061,0.0031,-0.0195,-0.0166,-0.0184,-0.0494,6622.8,6682.9333,False,-0.014,0.7888,8278.8539,6500.0,0.0043,0.0205,653000.0,0.8617,0.4308,京福電気鉄道,スタンダード（内国株式）,陸運業
9051,2026-10-01,1215.0,-0.0082,-0.0214,-0.0865,-0.1027,-0.0853,-0.1355,1298.304,1307.5413,False,-0.0642,0.7813,1555.0749,1155.0,0.0255,0.0232,121500.0,2.3273,0.4773,センコン物流,スタンダード（内国株式）,陸運業
9052,2026-10-01,1942.0,-0.0005,-0.0158,-0.048,-0.0082,-0.0469,-0.041,2002.2954,1980.6051,True,-0.0301,0.9039,2148.5403,1850.0,0.0107,0.988,194200.0,1.4226,0.4806,山陽電気鉄道,プライム（内国株式）,陸運業
9057,2026-10-01,3230.0,-0.0031,0.0008,0.0047,0.0173,0.0058,-0.0155,3236.8719,3202.9573,True,-0.0021,0.844,3826.7884,3006.1863,0.0155,0.0308,323000.0,0.8903,0.3493,遠州トラック,スタンダード（内国株式）,陸運業
9059,2026-10-01,924.0,-0.0011,0.013,0.0065,-0.0011,0.0077,-0.0339,920.9683,903.8561,True,0.0033,0.984,939.0591,780.2476,0.0085,0.0299,92400.0,0.7849,0.3533,カンダホールディングス,スタンダード（内国株式）,陸運業
9060,2026-10-01,4200.0,0.0,0.0193,0.012,-0.0334,0.0132,-0.0662,4153.2134,4213.8045,True,0.0113,0.8149,5153.9316,4060.0,0.0036,0.0093,420000.0,0.242,0.5328,日本ロジテム,スタンダード（内国株式）,陸運業
9063,2026-10-01,4135.0,-0.0012,-0.006,-0.0483,0.0562,-0.0472,0.0233,4178.6,4087.3333,True,-0.0104,0.86,4808.1968,3336.2997,0.0086,0.0349,413500.0,1.4502,0.2121,岡山県貨物運送,スタンダード（内国株式）,陸運業
9064,2026-10-01,1979.5,-0.0234,0.0001,0.0146,0.0369,0.0158,0.0041,1970.2635,1941.6278,True,0.0047,0.8285,2389.3027,1674.9796,0.0201,23.6251,197950.0,0.9973,0.2344,ヤマトホールディングス,プライム（内国株式）,陸運業
9065,2026-10-01,1591.5,-0.0072,0.056,-0.8089,-0.8142,-0.8077,-0.847,6582.14,8024.4333,False,-0.7582,0.1604,9919.1961,1492.3954,0.3673,18.0375,159150.0,2.4516,1.1593,山九,プライム（内国株式）,陸運業
9068,2026-10-01,3580.0,-0.0097,0.0055,-0.5142,-0.5123,-0.5131,-0.5451,6412.6054,7129.0018,False,-0.4417,0.3778,9476.6818,3530.0,0.1064,1.9191,358000.0,1.5959,1.0374,丸全昭和運輸,プライム（内国株式）,陸運業
9069,2026-10-01,2289.5,-0.022,-0.0162,0.0221,0.2009,0.0233,0.168,2278.0045,2165.2282,True,0.005,0.9626,2378.5,1671.5624,0.0191,8.1378,228950.0,1.0131,0.235,センコーグループホールディングス,プライム（内国株式）,陸運業
9072,2026-10-01,4459.0,-0.1269,-0.1093,-0.1919,-0.2123,-0.1908,-0.2452,5162.3657,5422.0286,False,-0.1362,0.6666,6689.0,3284.188,0.0314,13.5334,445900.0,1.3595,0.6772,ニッコンホールディングス,プライム（内国株式）,陸運業
9073,2026-10-01,1275.0,0.0,0.0095,0.0299,0.0216,0.031,-0.0112,1249.24,1246.0267,True,0.0206,0.8302,1535.7253,1200.0,0.0109,0.0076,127500.0,0.7183,0.3175,京極運輸商事,スタンダード（内国株式）,陸運業
9074,2026-10-01,2601.0,0.0172,0.0799,-0.4767,-0.5388,-0.4755,-0.5717,4389.8141,4994.6714,False,-0.4075,0.4512,5764.0219,2398.755,0.1003,0.1083,260100.0,2.5015,1.0009,日本石油輸送,スタンダード（内国株式）,陸運業
9075,2026-10-01,5860.0,-0.025,-0.0726,-0.0713,0.039,-0.0702,0.0062,6223.9263,6063.5754,False,-0.0585,0.8254,7100.0,3575.615,0.0256,4.5589,586000.0,0.725,0.4137,福山通運,プライム（内国株式）,陸運業
9076,2026-10-01,2602.0,-0.0151,-0.0351,-0.0637,-0.0181,-0.0625,-0.051,2715.1924,2695.8641,True,-0.0417,0.9143,2846.0,2076.6823,0.0169,9.9018,260200.0,0.9877,0.4055,セイノーホールディングス,プライム（内国株式）,陸運業
9081,2026-10-01,3910.0,-0.0051,-0.0227,-0.0298,0.0771,-0.0286,0.0443,4003.648,3816.616,True,-0.0234,0.9548,4095.0,3210.0,0.0202,0.7961,391000.0,2.0587,0.3098,神奈川中央交通,プライム（内国株式）,陸運業
9082,2026-10-01,2614.0,-0.0034,-0.0628,0.2537,0.8153,0.2549,0.7824,2277.1736,1835.8445,True,0.1479,0.7947,3289.1785,1065.8973,0.1122,0.4869,261400.0,2.9753,0.3783,大和自動車交通,スタンダード（内国株式）,陸運業
9083,2026-10-01,1974.0,-0.013,-0.0161,-0.0025,0.0362,-0.0014,0.0034,1984.9211,1951.467,True,-0.0055,0.9272,2128.9536,1784.1439,0.017,0.0943,197400.0,1.7726,0.3177,神姫バス,スタンダード（内国株式）,陸運業
9087,2026-10-01,2100.0,-0.0255,-0.0255,-0.0455,0.0254,-0.0443,-0.0075,2160.48,2050.9467,True,-0.028,0.8955,2345.0,1188.5146,0.029,0.0177,210000.0,0.2124,0.2295,タカセ,スタンダード（内国株式）,陸運業
9090,2026-10-01,856.0,0.0,-0.039,-0.0541,0.0687,-0.053,0.0358,889.9792,859.3664,True,-0.0382,0.7681,1114.3899,738.0,0.0234,5.2925,85600.0,1.4614,0.4243,ＡＺ－ＣＯＭ丸和ホールディングス,プライム（内国株式）,陸運業
9101,2026-10-01,7139.0,-0.0101,0.0005,0.0141,0.3774,0.0152,0.3445,7207.6308,6251.7569,True,-0.0095,0.9395,7599.0,4699.5137,0.0253,198.4958,713900.0,0.8641,0.3004,日本郵船,プライム（内国株式）,海運業
9104,2026-10-01,7053.0,-0.0052,0.007,0.0067,0.3773,0.0079,0.3444,7080.618,6222.9927,True,-0.0039,0.9393,7509.0,4222.6933,0.0284,208.1827,705300.0,0.9425,0.3,商船三井,プライム（内国株式）,海運業
9107,2026-10-01,3264.0,-0.0186,-0.0245,-0.0198,0.3153,-0.0187,0.2825,3375.1697,2949.0299,True,-0.0329,0.9042,3610.0,1951.7947,0.0303,138.0478,326400.0,0.84,0.3739,川崎汽船,プライム（内国株式）,海運業
9110,2026-10-01,10510.0,-0.001,0.0,0.0,0.6396,0.0012,0.6068,10492.4,8840.2667,True,0.0017,0.9972,10540.0,4828.6305,0.0019,14.3819,1051000.0,0.8492,0.3,ＮＳユナイテッド海運,プライム（内国株式）,海運業
9115,2026-10-01,1012.0,-0.0307,-0.0453,-0.026,0.2372,-0.0248,0.2043,1074.08,935.3467,False,-0.0578,0.5771,1753.7142,597.8571,0.0558,1.0505,101200.0,0.8975,0.2924,明海グループ,スタンダード（内国株式）,海運業
9119,2026-10-01,1680.0,-0.0112,-0.0216,-0.0525,0.1974,-0.0513,0.1646,1729.7476,1578.1425,True,-0.0288,0.8696,1932.0,1108.8163,0.0223,4.1116,168000.0,0.9286,0.3741,飯野海運,プライム（内国株式）,海運業
9127,2026-10-01,3590.0,0.0346,-0.0029,0.0466,0.3532,0.0478,0.3203,3489.0043,3059.6681,True,0.0289,0.7762,4625.0551,2097.2067,0.0412,0.2123,359000.0,1.0024,0.2637,玉井商船,スタンダード（内国株式）,海運業
9130,2026-10-01,1663.0,-0.0348,-0.0288,0.0284,0.167,0.0296,0.1342,1684.0523,1539.4308,True,-0.0125,0.5545,2999.1453,992.4444,0.0777,6.1704,166300.0,2.6095,0.3622,共栄タンカー,スタンダード（内国株式）,海運業
9142,2026-10-01,3410.0,0.0044,-0.0211,-0.0578,-0.0263,-0.0566,-0.0591,3532.9963,3532.3588,False,-0.0348,0.8334,4091.4888,3358.0,0.0172,30.0156,341000.0,1.3034,0.4082,九州旅客鉄道,プライム（内国株式）,陸運業
9143,2026-10-01,1415.5,-0.0197,-0.0338,-0.0641,-0.088,-0.063,-0.1208,1483.9935,1536.7712,True,-0.0462,0.8451,1675.0,1368.0,0.0171,21.1724,141550.0,1.0311,0.4918,ＳＧホールディングス,プライム（内国株式）,陸運業
9145,2026-10-01,537.0,-0.0183,-0.0661,-0.1124,-0.0037,-0.1112,-0.0366,575.84,561.1349,True,-0.0674,0.5665,947.8615,494.0,0.0364,0.1268,53700.0,1.0723,0.3628,ビーイングホールディングス,スタンダード（内国株式）,陸運業
9147,2026-10-01,5749.0,-0.0045,0.0164,-0.0042,0.1086,-0.003,0.0757,5620.08,5423.1978,True,0.0229,0.9801,5866.0,3090.6225,0.0198,52.8732,574900.0,0.7956,0.3245,ＮＩＰＰＯＮ　ＥＸＰＲＥＳＳホールディングス,プライム（内国株式）,陸運業
9158,2026-10-01,766.0,-0.023,-0.0389,0.0282,-0.034,0.0293,-0.0669,764.0,778.3333,False,0.0026,0.5821,1316.0,670.0,0.0269,0.2064,76600.0,0.5508,0.2188,シーユーシー,グロース（内国株式）,サービス業
9159,2026-10-01,1905.0,0.0,-0.0165,-0.0648,0.0011,-0.0636,-0.0318,1968.36,1915.6,False,-0.0322,0.6619,2878.0,1485.0,0.0146,0.0612,190500.0,0.6514,0.3815,Ｗ　ＴＯＫＹＯ,グロース（内国株式）,サービス業
9160,2026-10-01,335.0,0.003,0.003,0.0308,0.1592,0.0319,0.1263,331.16,310.1067,True,0.0116,0.9103,368.0,280.0,0.0149,0.1186,33500.0,1.201,0.2,オンザページ,スタンダード（内国株式）,サービス業
9162,2026-10-01,224.0,-0.0175,-0.0303,-0.0261,-0.0588,-0.0249,-0.0917,229.36,232.08,False,-0.0234,0.56,400.0,223.0,0.014,0.0209,22400.0,0.7804,0.2864,ブリーチ,グロース（内国株式）,サービス業
9163,2026-10-01,2370.0,-0.0113,-0.0104,-0.0182,0.0538,-0.0171,0.0209,2376.2,2309.12,True,-0.0026,0.9769,2426.0,2071.0,0.0132,0.4535,237000.0,1.1275,0.2114,ナレルグループ,グロース（内国株式）,サービス業
9165,2026-10-01,1830.0,0.0027,0.0184,0.0487,0.0469,0.0499,0.0141,1754.72,1725.4804,False,0.0429,0.8005,2286.1192,1284.1179,0.0174,0.1084,183000.0,0.7172,0.2725,クオルテック,グロース（内国株式）,サービス業
9166,2026-10-01,650.0,-0.0122,-0.0399,-0.131,0.1264,-0.1299,0.0936,711.52,646.0475,True,-0.0865,0.674,964.3833,451.8995,0.0441,8.9068,65000.0,0.8174,0.2549,ＧＥＮＤＡ,グロース（内国株式）,サービス業
9168,2026-10-01,426.0,-0.0139,0.0024,-0.0139,0.0758,-0.0127,0.0429,424.4,405.92,True,0.0038,0.4027,1057.9358,377.0,0.0171,0.2849,42600.0,0.5495,0.1647,ライズ・コンサルティング・グループ,グロース（内国株式）,サービス業
9173,2026-10-01,2803.0,-0.0036,-0.006,-0.0043,-0.0361,-0.0031,-0.069,2813.96,2878.96,False,-0.0039,0.8392,3339.9851,2740.0,0.0038,0.0304,280300.0,0.6687,0.2893,東海汽船,スタンダード（内国株式）,海運業
9193,2026-10-01,873.0,-0.0136,-0.0257,-0.0068,0.0633,-0.0057,0.0305,881.12,870.3067,False,-0.0092,0.6702,1302.5631,801.0,0.0106,0.047,87300.0,0.4629,0.3147,東京汽船,スタンダード（内国株式）,倉庫・運輸関連業
9201,2026-10-01,3022.0,-0.0153,-0.0048,0.0033,0.0037,0.0045,-0.0292,3017.8108,2960.5569,True,0.0014,0.9411,3211.0802,2406.5,0.0169,64.9383,302200.0,0.9778,0.1982,日本航空,プライム（内国株式）,空運業
92015,2026-10-01,10155.0,-0.0044,0.0035,-0.0073,-0.0207,-0.0062,-0.0536,10177.8,10259.7333,False,-0.0022,0.9671,10500.0,10080.0,0.0064,0.3348,1015500.0,1.3624,0.3403,日本航空株式会社第１回社債型種類株式,プライム（内国株式）,空運業
9202,2026-10-01,2971.0,-0.01,-0.0037,-0.0224,-0.0363,-0.0212,-0.0692,2994.4572,3031.8657,True,-0.0078,0.8883,3344.4995,2582.0,0.015,72.2436,297100.0,1.0482,0.1873,ＡＮＡホールディングス,プライム（内国株式）,空運業
92025,2026-10-01,4730.0,0.0,0.011,-0.0071,-0.0067,-0.006,-0.0396,4759.9139,4778.5313,False,-0.0063,0.9504,4977.0,4678.6829,0.0077,0.3439,473000.0,2.2155,0.3113,ＡＮＡホールディングス第１回社債型種類株式,プライム（内国株式）,空運業
9204,2026-10-01,430.0,-0.016,0.0118,0.007,0.0312,0.0082,-0.0017,423.52,420.4,True,0.0153,0.8653,496.9643,318.0,0.0204,0.2412,43000.0,0.6199,0.239,スカイマーク,グロース（内国株式）,空運業
9206,2026-10-01,1921.0,-0.0189,-0.0174,-0.0395,-0.0047,-0.0383,-0.0375,1959.68,1941.2667,True,-0.0197,0.7743,2481.0,1900.0,0.017,0.0329,192100.0,1.2568,0.2144,スターフライヤー,スタンダード（内国株式）,空運業
9211,2026-10-01,1450.0,-0.0048,-0.0687,-0.0216,0.0402,-0.0204,0.0073,1473.28,1434.5733,False,-0.0158,0.6447,2249.0,1284.0,0.0343,1.4506,145000.0,0.7805,0.3475,エフ・コード,グロース（内国株式）,サービス業
9212,2026-10-01,272.0,-0.0145,-0.1111,-0.0109,-0.0717,-0.0098,-0.1045,275.28,277.1867,False,-0.0119,0.5495,495.0,249.0,0.0625,0.362,27200.0,2.4805,0.4647,Ｇｒｅｅｎ　Ｅａｒｔｈ　Ｉｎｓｔｉｔｕｔｅ,グロース（内国株式）,サービス業
9213,2026-10-01,1011.0,-0.0353,-0.0251,-0.0471,-0.0381,-0.046,-0.0709,1040.0,1048.8267,False,-0.0279,0.5457,1852.7763,675.0,0.0116,0.0272,101100.0,1.2777,0.4183,セイファート,スタンダード（内国株式）,サービス業
9214,2026-10-01,1271.0,-0.0039,-0.0178,-0.007,0.0209,-0.0059,-0.012,1290.24,1274.36,False,-0.0149,0.7647,1662.0,1211.0,0.0094,0.0194,127100.0,1.4894,0.4024,Ｒｅｃｏｖｅｒｙ　Ｉｎｔｅｒｎａｔｉｏｎａｌ,グロース（内国株式）,サービス業
9215,2026-10-01,1017.0,0.0,0.0273,0.0378,0.1401,0.0389,0.1073,989.28,940.7333,True,0.028,0.678,1500.0,861.0,0.0143,0.0187,101700.0,1.0458,0.331,ＣａＳｙ,グロース（内国株式）,サービス業
9216,2026-10-01,1667.0,-0.0124,-0.024,-0.0331,0.0706,-0.0319,0.0378,1677.36,1618.1467,True,-0.0062,0.8624,1933.0194,1402.2548,0.014,0.3552,166700.0,0.9454,0.3607,ビーウィズ,プライム（内国株式）,サービス業
9218,2026-10-01,820.0,-0.0109,0.0289,0.0289,0.1187,0.03,0.0858,790.16,752.32,True,0.0378,0.9341,877.8514,663.0,0.0157,0.1986,82000.0,1.4144,0.3811,メンタルヘルステクノロジーズ,グロース（内国株式）,サービス業
9219,2026-10-01,903.0,-0.0033,0.0078,0.0078,0.0599,0.009,0.027,893.56,879.0859,True,0.0106,0.9126,989.4858,824.5001,0.0119,0.0553,90300.0,0.5159,0.2689,ギックス,グロース（内国株式）,サービス業
9220,2026-10-01,1319.0,0.0076,0.0348,0.041,0.091,0.0422,0.0581,1289.4692,1244.0764,True,0.0229,0.9628,1370.0,1113.2927,0.0238,0.0511,131900.0,1.9597,0.2928,エフビー介護サービス,スタンダード（内国株式）,サービス業
9221,2026-10-01,1155.0,0.0026,-0.0385,-0.0179,0.0017,-0.0167,-0.0311,1177.3801,1185.46,True,-0.019,0.7798,1481.14,1073.6998,0.0177,0.6501,115500.0,0.9854,0.3909,フルハシＥＰＯ,スタンダード（内国株式）,サービス業
9225,2026-10-01,967.0,0.0031,-0.0031,-0.0072,0.0179,-0.006,-0.015,971.08,970.4933,False,-0.0042,0.6646,1455.0,941.0,0.0078,0.0116,96700.0,1.3893,0.2267,ブリッジコンサルティンググループ,グロース（内国株式）,サービス業
9227,2026-10-01,821.0,0.0136,-0.0108,-0.1312,-0.1331,-0.1301,-0.1659,852.56,873.6667,False,-0.037,0.5068,1620.0,588.0,0.0264,1.2729,82100.0,0.7099,0.3132,マイクロ波化学,グロース（内国株式）,サービス業
9229,2026-10-01,108.0,0.0,-0.0357,-0.069,-0.2941,-0.0678,-0.327,113.36,125.6533,False,-0.0473,0.16,675.0,104.0,0.039,0.1719,10800.0,0.535,0.2847,サンウェルズ,プライム（内国株式）,サービス業
9233,2026-10-01,1142.0,0.0,0.0034,-0.0273,-0.0147,-0.0261,-0.0475,1153.7331,1139.6444,True,-0.0102,0.8707,1311.5691,1058.0,0.0086,0.1071,114200.0,0.6032,0.3306,アジア航測,スタンダード（内国株式）,空運業
9235,2026-10-01,400.0,0.0,-0.0148,-0.1919,-0.1952,-0.1908,-0.228,439.24,481.4133,False,-0.0893,0.3137,1275.0,393.0,0.0312,0.2594,40000.0,0.8186,0.16,売れるネット広告社グループ,グロース（内国株式）,サービス業
9236,2026-10-01,1489.0,0.0185,-0.0033,0.0319,0.4875,0.033,0.4547,1403.8,1208.2,True,0.0607,0.9644,1544.0,934.0,0.0482,0.0691,148900.0,1.4686,0.3775,ジャパンＭ＆Ａソリューション,グロース（内国株式）,サービス業
9237,2026-10-01,808.0,-0.0253,-0.0404,-0.1696,0.0716,-0.1684,0.0388,918.68,845.0133,True,-0.1205,0.7078,1141.5,511.0,0.0516,0.2348,80800.0,2.3928,0.2469,笑美面,グロース（内国株式）,サービス業
9238,2026-10-01,356.0,-0.0084,-0.0139,-0.0895,-0.0705,-0.0884,-0.1034,374.52,391.7333,False,-0.0494,0.1945,1830.0,350.0,0.0167,0.0168,35600.0,0.1501,0.3542,バリュークリエーション,グロース（内国株式）,サービス業
9240,2026-10-01,382.0,0.0106,-0.0052,-0.1137,-0.045,-0.1125,-0.0779,410.88,405.3733,False,-0.0703,0.2894,1320.0,370.0,0.04,0.1004,38200.0,2.782,0.157,デリバリーコンサルティング,グロース（内国株式）,サービス業
9241,2026-10-01,1255.0,0.0154,-0.0233,-0.0195,-0.0634,-0.0184,-0.0963,1276.96,1348.8133,False,-0.0172,0.445,2820.0,1181.0,0.0181,0.0161,125500.0,0.4199,0.2509,フューチャーリンクネットワーク,グロース（内国株式）,サービス業
9242,2026-10-01,1974.0,0.0,0.0087,0.0175,0.0225,0.0187,-0.0104,1948.24,1919.022,True,0.0132,0.7879,2505.3192,1550.3945,0.0099,0.036,197400.0,0.5169,0.2103,メディア総研,グロース（内国株式）,サービス業
9244,2026-10-01,1127.0,-0.0919,-0.2446,-0.2041,-0.0867,-0.2029,-0.1196,1409.12,1276.3733,True,-0.2002,0.6458,1745.0,862.0,0.0841,0.2028,112700.0,2.8801,0.6541,デジタリフト,グロース（内国株式）,サービス業
9245,2026-10-01,2060.0,-0.0181,0.0158,0.0489,0.0848,0.05,0.0519,1985.48,1981.96,True,0.0375,0.7202,2860.1914,1800.0,0.0131,0.1151,206000.0,0.9507,0.6276,リベロ,グロース（内国株式）,サービス業
9246,2026-10-01,2195.0,0.26,0.9757,0.9408,1.1126,0.9419,1.0798,1190.8,1092.6533,True,0.8433,0.9991,2197.0,948.0,0.0409,0.3168,219500.0,4.723,1.2395,プロジェクトホールディングス,グロース（内国株式）,サービス業
9247,2026-10-01,1721.0,-0.0012,-0.0205,-0.1041,-0.1726,-0.103,-0.2055,1822.9882,1974.2894,True,-0.0559,0.7437,2314.0,1386.0,0.0222,4.6381,172100.0,0.8982,0.3186,ＴＲＥホールディングス,プライム（内国株式）,サービス業
9248,2026-10-01,1616.0,-0.0012,-0.003,-0.0723,0.0439,-0.0712,0.0111,1681.87,1612.89,True,-0.0392,0.8799,1836.5644,1455.0,0.0171,0.5106,161600.0,1.5948,0.4264,人・夢・技術グループ,スタンダード（内国株式）,サービス業
9249,2026-10-01,1585.0,-0.005,-0.0388,-0.0503,-0.0204,-0.0492,-0.0533,1650.8058,1634.2286,True,-0.0399,0.9407,1685.0,1477.0,0.0184,0.1334,158500.0,1.9274,0.3226,日本エコシステム,スタンダード（内国株式）,サービス業
9250,2026-10-01,1040.0,0.0097,-0.001,0.0689,0.1738,0.07,0.141,1004.68,930.9067,True,0.0352,0.4864,2138.0,842.0,0.022,0.0087,104000.0,0.8598,0.3053,ＧＲＣＳ,グロース（内国株式）,サービス業
9251,2026-10-01,1554.0,-0.0108,-0.0312,-0.0239,0.1702,-0.0227,0.1373,1567.84,1416.9467,True,-0.0088,0.9361,1660.0,1050.0,0.0235,0.8883,155400.0,1.9922,0.3145,ＡＢ＆Ｃｏｍｐａｎｙ,グロース（内国株式）,サービス業
9252,2026-10-01,4110.0,0.0074,-0.0012,0.0512,0.1631,0.0523,0.1302,4022.3354,3767.4144,True,0.0218,0.87,4723.9378,3170.7944,0.0193,0.4344,411000.0,1.0287,0.2901,ラストワンマイル,グロース（内国株式）,サービス業
9253,2026-10-01,752.0,-0.0105,-0.0131,0.0204,0.0652,0.0215,0.0323,747.32,731.9867,True,0.0063,0.7801,964.0,683.0,0.0252,0.0249,75200.0,3.474,0.4755,スローガン,グロース（内国株式）,サービス業
9254,2026-10-01,1059.0,-0.0231,-0.0258,-0.0519,-0.0711,-0.0508,-0.1039,1099.12,1126.0,False,-0.0365,0.6076,1743.0,1026.0,0.0091,0.0217,105900.0,1.6401,0.7985,ラバブルマーケティンググループ,グロース（内国株式）,サービス業
9256,2026-10-01,967.0,0.0,-0.0464,-0.1707,-0.8066,-0.1695,-0.8395,1046.0,2252.4533,False,-0.0755,0.1742,5550.0,763.0,0.0302,0.2846,96700.0,0.1185,0.3389,サクシード,グロース（内国株式）,サービス業
9258,2026-10-01,300.0,-0.0033,-0.0066,-0.0291,-0.0099,-0.028,-0.0428,301.88,300.6533,False,-0.0062,0.6897,435.0,270.0,0.0262,0.0135,30000.0,0.6078,0.3691,ＣＳ－Ｃ,グロース（内国株式）,サービス業
9259,2026-10-01,825.0,-0.0084,0.0026,-0.0351,0.0185,-0.0339,-0.0143,845.1586,838.0262,True,-0.0239,0.7088,1164.0,690.0,0.0194,0.0693,82500.0,0.7286,0.2997,タカヨシホールディングス,グロース（内国株式）,サービス業
9262,2026-10-01,685.0,0.0118,0.0029,-0.0172,0.0861,-0.0161,0.0532,682.68,658.5157,False,0.0034,0.7592,902.28,618.0667,0.0196,0.1431,68500.0,0.9326,0.1862,シルバーライフ,スタンダード（内国株式）,小売業
9264,2026-10-01,1608.0,-0.008,-0.0123,-0.0231,-0.0114,-0.0219,-0.0443,1621.2146,1625.8458,True,-0.0082,0.9065,1773.8774,1513.7725,0.0107,0.2016,160800.0,0.5513,0.2672,ポエック,スタンダード（内国株式）,卸売業
9265,2026-10-01,3615.0,-0.0308,-0.0136,-0.0347,0.0539,-0.0336,0.0211,3672.4,3496.1467,True,-0.0156,0.8796,4110.0,2842.2754,0.0193,0.1165,361500.0,1.2014,0.7682,ヤマシタヘルスケアホールディングス,スタンダード（内国株式）,卸売業
9267,2026-10-01,3460.0,0.0044,-0.01,-0.0546,0.0313,-0.0535,-0.0016,3533.8,3580.4566,True,-0.0209,0.6357,5442.6517,3169.0441,0.0242,2.7032,346000.0,0.8934,0.2692,Ｇｅｎｋｙ　ＤｒｕｇＳｔｏｒｅｓ,プライム（内国株式）,小売業
9268,2026-10-01,413.0,-0.0048,0.0198,-0.0462,0.0403,-0.045,0.0074,409.2808,407.4803,True,0.0091,0.8394,492.0174,311.0568,0.0198,1.2295,41300.0,1.3785,0.232,オプティマスグループ,スタンダード（内国株式）,卸売業
9270,2026-10-01,1890.0,-0.0136,-0.0517,-0.0927,-0.1027,-0.0915,-0.1355,1990.7406,2035.0965,False,-0.0506,0.6925,2729.0695,862.429,0.0311,0.8902,189000.0,0.4904,0.3368,バリュエンスホールディングス,グロース（内国株式）,卸売業
9271,2026-10-01,1003.0,0.0,0.0962,0.0203,0.0426,0.0215,0.0098,957.24,973.3342,False,0.0478,0.7761,1292.4219,707.3055,0.0277,0.1065,100300.0,0.5465,0.3671,和心,グロース（内国株式）,小売業
9272,2026-10-01,1549.0,0.0204,0.0502,0.069,0.0272,0.0702,-0.0057,1445.92,1458.9733,True,0.0713,0.898,1725.0,1255.0,0.0186,0.0978,154900.0,0.8239,0.4968,ブティックス,グロース（内国株式）,サービス業
9273,2026-10-01,762.0,-0.0065,0.0106,0.0026,-0.0078,0.0038,-0.0407,757.4,763.0114,False,0.0061,0.8493,897.1768,726.3324,0.014,0.3849,76200.0,0.9439,0.2631,コーア商事ホールディングス,プライム（内国株式）,卸売業
9274,2026-10-01,1137.0,0.0188,0.0167,0.0271,0.1136,0.0283,0.0808,1106.7228,1073.9876,True,0.0274,0.9706,1171.4305,690.6122,0.0268,4.2865,113700.0,1.6916,0.2867,ＫＰＰグループホールディングス,プライム（内国株式）,卸売業
9278,2026-10-01,3050.0,0.0539,0.0963,-0.0161,0.5697,-0.015,0.5369,2866.68,2564.08,True,0.0639,0.9652,3160.0,1284.6719,0.0325,3.163,305000.0,0.7213,0.4714,ブックオフグループホールディングス,プライム（内国株式）,小売業
9279,2026-10-01,2087.0,0.0043,0.0562,-0.1397,-0.0202,-0.1386,-0.053,2235.64,2307.68,True,-0.0665,0.7617,2740.0,1525.5947,0.0356,6.8575,208700.0,1.6828,0.3594,ギフトホールディングス,プライム（内国株式）,小売業
9301,2026-10-01,1467.0,-0.0095,-0.043,-0.0402,-0.065,-0.0391,-0.0979,1528.6822,1534.1341,True,-0.0403,0.8883,1651.5,1050.9022,0.0207,14.7824,146700.0,1.0827,0.4166,三菱倉庫,プライム（内国株式）,倉庫・運輸関連業
9302,2026-10-01,3234.0,0.0034,-0.0235,-0.0346,-0.0867,-0.0335,-0.1196,3331.1474,3462.3825,False,-0.0292,0.7486,4320.0,3130.0,0.0197,7.797,323400.0,1.1326,0.3883,三井倉庫ホールディングス,プライム（内国株式）,倉庫・運輸関連業
9303,2026-10-01,4080.0,-0.0097,-0.0106,-0.0343,0.0779,-0.0332,0.0451,4162.6323,4016.7441,True,-0.0199,0.9522,4285.0,3012.1507,0.0164,4.1731,408000.0,0.9747,0.2911,住友倉庫,プライム（内国株式）,倉庫・運輸関連業
9304,2026-10-01,2111.0,-0.0391,0.0048,0.0091,0.2238,0.0102,0.1909,2108.4955,1902.9118,True,0.0012,0.9499,2222.356,1044.6558,0.0282,3.4785,211100.0,0.6157,0.309,澁澤倉庫,プライム（内国株式）,倉庫・運輸関連業
9305,2026-10-01,2015.0,0.0055,-0.0264,-0.0308,-0.0127,-0.0296,-0.0456,2074.8804,2074.2535,True,-0.0289,0.6583,3060.7379,1914.0,0.0176,1.3623,201500.0,1.1009,0.4335,ヤマタネ,プライム（内国株式）,卸売業
9306,2026-10-01,2005.0,0.001,0.0049,-0.002,-0.001,-0.0008,-0.0339,2003.1717,2007.6572,False,0.0009,0.9282,2160.0,1722.5649,0.0094,0.0588,200500.0,0.3719,0.2626,東陽倉庫,スタンダード（内国株式）,倉庫・運輸関連業
9307,2026-10-01,994.0,-0.005,0.0827,-0.008,0.0311,-0.0068,-0.0017,960.2434,968.8011,False,0.0352,0.8883,1119.0,841.4659,0.0215,0.0856,99400.0,2.0005,0.44,杉村倉庫,スタンダード（内国株式）,倉庫・運輸関連業
9308,2026-10-01,2278.0,-0.0811,-0.0303,0.0498,0.5635,0.0509,0.5306,2203.1292,1886.0431,True,0.034,0.9156,2488.0,1265.1631,0.0375,3.5453,227800.0,1.5744,0.4139,乾汽船,スタンダード（内国株式）,海運業
9310,2026-10-01,1396.0,-0.0043,0.0064,-0.0279,0.2014,-0.0267,0.1685,1399.9613,1310.4938,True,-0.0028,0.9439,1479.0,1032.9077,0.021,1.1593,139600.0,0.7398,0.2395,日本トランスシティ,プライム（内国株式）,倉庫・運輸関連業
9311,2026-10-01,7500.0,-0.0053,-0.0385,-0.031,-0.0542,-0.0299,-0.0871,7760.8,7842.9333,True,-0.0336,0.7858,9544.2656,6366.1237,0.0204,0.0241,750000.0,2.35,0.314,アサガミ,スタンダード（内国株式）,倉庫・運輸関連業
9312,2026-10-01,3000.0,0.0,0.004,0.0391,0.0523,0.0403,0.0194,2895.4,2857.9067,True,0.0361,0.8877,3379.3519,2413.8228,0.0183,0.2309,300000.0,1.2687,0.6234,ケイヒン,スタンダード（内国株式）,倉庫・運輸関連業
9319,2026-10-01,1745.0,-0.0147,-0.0231,-0.0438,-0.037,-0.0427,-0.0698,1797.6245,1806.3415,False,-0.0293,0.7738,2255.0,1281.15,0.0198,0.5181,174500.0,1.7083,0.35,中央倉庫,プライム（内国株式）,倉庫・運輸関連業
9322,2026-10-01,2374.0,-0.0034,-0.0094,-0.0613,-0.0067,-0.0601,-0.0396,2457.7349,2410.125,True,-0.0341,0.7931,2993.5053,1254.8774,0.0136,0.3803,237400.0,1.4877,0.4165,川西倉庫,スタンダード（内国株式）,倉庫・運輸関連業
9324,2026-10-01,2605.0,-0.0327,-0.0287,0.0313,0.08,0.0324,0.0472,2616.5887,2519.0496,True,-0.0044,0.9382,2776.6147,1969.4256,0.0247,2.4909,260500.0,0.8269,0.2835,安田倉庫,プライム（内国株式）,倉庫・運輸関連業
9325,2026-10-01,1051.0,-0.0085,0.0039,-0.0445,-0.0764,-0.0434,-0.1093,1064.1493,1096.0898,False,-0.0124,0.7627,1378.0,986.5229,0.0169,0.0985,105100.0,0.7661,0.2198,ファイズホールディングス,スタンダード（内国株式）,倉庫・運輸関連業
9326,2026-10-01,480.0,0.0,0.0127,-0.0283,0.1456,-0.0272,0.1127,482.92,469.12,True,-0.006,0.8872,541.0,394.2009,0.0109,0.0383,48000.0,0.2198,0.211,関通ホールディングス,グロース（内国株式）,倉庫・運輸関連業
9327,2026-10-01,187.0,0.0,-0.0053,-0.0361,-0.0556,-0.0349,-0.0884,188.72,193.24,False,-0.0091,0.5282,354.0,180.0,0.0279,0.0231,18700.0,0.5124,0.2301,イー・ロジット,スタンダード（内国株式）,倉庫・運輸関連業
9330,2026-10-01,881.0,-0.0034,-0.0211,0.0034,0.034,0.0046,0.0012,888.36,870.2,True,-0.0083,0.9382,939.0,766.0,0.012,0.0247,88100.0,2.338,0.4824,揚羽,グロース（内国株式）,サービス業
9331,2026-10-01,675.0,-0.0217,-0.0288,-0.0866,-0.1324,-0.0854,-0.1652,714.88,773.08,False,-0.0558,0.5026,1343.0,655.0,0.0121,0.0059,67500.0,0.3381,0.4789,キャスター,グロース（内国株式）,サービス業
9332,2026-10-01,668.0,-0.003,-0.0205,-0.0319,0.1458,-0.0307,0.1129,674.84,632.7333,True,-0.0101,0.9495,703.5397,557.0,0.0164,0.7277,66800.0,1.3317,0.2562,ＮＩＳＳＯホールディングス,プライム（内国株式）,サービス業
9336,2026-10-01,3645.0,0.0139,-0.0311,-0.0618,-0.028,-0.0606,-0.0609,3775.8794,3776.6931,False,-0.0347,0.8351,4365.0,3241.5316,0.0224,4.9442,364500.0,1.0333,0.3435,大栄環境,プライム（内国株式）,サービス業
9337,2026-10-01,1440.0,0.0049,0.0007,-0.0237,-0.1273,-0.0226,-0.1601,1448.88,1528.1467,False,-0.0061,0.4011,3590.0,1314.0,0.0204,0.2587,144000.0,0.6375,0.2384,トリドリ,グロース（内国株式）,サービス業
9339,2026-10-01,1499.0,0.0067,0.0512,0.0505,0.1575,0.0516,0.1247,1437.64,1369.28,True,0.0427,0.9797,1530.0,1201.0,0.0083,0.025,149900.0,1.5142,0.7644,コーチ・エィ,スタンダード（内国株式）,サービス業
9340,2026-10-01,800.0,-0.005,-0.0315,0.0323,0.1561,0.0334,0.1232,786.68,727.8631,True,0.0169,0.9445,847.0,621.1721,0.0197,0.1021,80000.0,0.8924,0.3548,アソインターナショナル,スタンダード（内国株式）,サービス業
9341,2026-10-01,619.0,-0.0096,0.0081,-0.065,0.0438,-0.0638,0.011,624.4,613.7467,True,-0.0086,0.917,675.0,524.4917,0.0167,0.3956,61900.0,0.6275,0.1931,ＧＥＮＯＶＡ,プライム（内国株式）,サービス業
9342,2026-10-01,878.0,-0.0057,-0.0902,-0.1104,0.0694,-0.1093,0.0366,964.56,891.8933,True,-0.0897,0.6775,1296.0,738.0,0.0278,0.0219,87800.0,0.9817,0.6263,スマサポ,グロース（内国株式）,サービス業
9343,2026-10-01,788.0,0.0168,-0.015,-0.0472,0.0328,-0.046,-0.0001,794.44,778.2133,False,-0.0081,0.926,851.0,577.0,0.0201,0.3798,78800.0,0.5038,0.2712,アイビス,グロース（内国株式）,サービス業
9344,2026-10-01,1364.0,-0.0173,0.0172,0.0476,0.4667,0.0488,0.4338,1323.32,1086.9303,True,0.0307,0.9619,1418.0,796.5316,0.0252,0.1845,136400.0,0.7487,0.3464,アクシスコンサルティング,グロース（内国株式）,サービス業
9345,2026-10-01,583.0,-0.0085,-0.0185,-0.0102,0.0392,-0.009,0.0064,592.12,594.48,True,-0.0154,0.4723,1234.3534,526.0,0.0108,0.0064,58300.0,0.7066,0.2705,ビズメイツ,グロース（内国株式）,サービス業
9346,2026-10-01,1866.0,-0.0096,-0.0074,0.0038,0.1427,0.0049,0.1098,1863.6,1724.7302,True,0.0013,0.9347,1996.3271,1539.3365,0.0166,0.0942,186600.0,0.4174,0.2645,ココルポート,グロース（内国株式）,サービス業
9347,2026-10-01,2861.0,0.0039,-0.0202,-0.008,0.0776,-0.0068,0.0447,2910.1212,2800.2937,True,-0.0169,0.9244,3095.0,2546.142,0.0143,4.0047,286100.0,2.022,0.4388,日本管財ホールディングス,プライム（内国株式）,サービス業
9348,2026-10-01,409.0,-0.0073,0.0,-0.0376,-0.0726,-0.0365,-0.1054,416.56,429.2933,False,-0.0181,0.5761,710.0,397.0,0.0159,1.9318,40900.0,0.4122,0.2615,ｉｓｐａｃｅ,グロース（内国株式）,サービス業
9351,2026-10-01,1920.0,-0.0005,0.0156,0.0031,0.0458,0.0043,0.0129,1922.7021,1862.634,True,-0.0014,0.938,2046.9162,1467.1646,0.0112,0.0718,192000.0,1.2251,0.2476,東洋埠頭,スタンダード（内国株式）,倉庫・運輸関連業
9360,2026-10-01,2815.0,0.0043,0.0236,0.0162,0.0018,0.0174,-0.0311,2769.76,2820.3067,False,0.0163,0.9006,3125.5389,2691.0,0.0091,0.0258,281500.0,0.6441,0.3793,鈴与シンワート,スタンダード（内国株式）,情報・通信業
9361,2026-10-01,2000.0,-0.0249,-0.0074,-0.0123,-0.0074,-0.0112,-0.0403,2037.96,2047.1854,False,-0.0186,0.8167,2448.9113,1614.2967,0.0044,0.0029,200000.0,0.7969,0.7,伏木海陸運送,スタンダード（内国株式）,倉庫・運輸関連業
9363,2026-10-01,516.0,-0.0039,-0.0427,-0.0264,-0.0039,-0.0253,-0.0367,530.4,527.5867,True,-0.0271,0.9034,571.1637,396.9928,0.0234,0.0433,51600.0,1.1041,0.2899,大運,スタンダード（内国株式）,倉庫・運輸関連業
9364,2026-10-01,4747.0,-0.0054,-0.0096,-0.0288,-0.0779,-0.0277,-0.1108,4847.0327,4963.1709,True,-0.0206,0.8332,5697.4469,4281.4089,0.0147,15.4715,474700.0,1.1582,0.4364,上組,プライム（内国株式）,倉庫・運輸関連業
9365,2026-10-01,1607.0,0.0012,-0.0319,0.0019,0.012,0.003,-0.0209,1641.16,1614.1733,True,-0.0208,0.937,1715.0,1328.1026,0.0115,0.0072,160700.0,0.4979,0.4054,トレーディア,スタンダード（内国株式）,倉庫・運輸関連業
9366,2026-10-01,1270.0,-0.007,-0.0201,0.1329,0.2725,0.1341,0.2397,1173.44,1084.3867,True,0.0823,0.9485,1339.0,808.7915,0.0286,0.1306,127000.0,1.9161,0.5787,サンリツ,スタンダード（内国株式）,倉庫・運輸関連業
9367,2026-10-01,2039.0,0.0074,0.0272,-0.0197,0.0863,-0.0186,0.0535,2042.5543,1940.5314,True,-0.0017,0.7509,2715.4666,766.9184,0.0159,0.0401,203900.0,0.9642,0.2776,大東港運,スタンダード（内国株式）,倉庫・運輸関連業
9368,2026-10-01,930.0,-0.0127,-0.0157,-0.0252,0.058,-0.024,0.0252,949.7113,915.2504,True,-0.0208,0.9588,970.0,809.8869,0.0134,0.2352,93000.0,1.7004,0.3127,キムラユニティー,スタンダード（内国株式）,倉庫・運輸関連業
9369,2026-10-01,2891.0,-0.0052,-0.0096,-0.0923,-0.0793,-0.0912,-0.1122,3009.04,3055.8933,False,-0.0392,0.7906,3656.6748,2431.1407,0.0266,1.2357,289100.0,1.0391,0.3073,キユーソー流通システム,スタンダード（内国株式）,倉庫・運輸関連業
9376,2026-10-01,776.0,-0.019,-0.0568,-0.0762,-0.0276,-0.075,-0.0604,827.2986,807.0195,True,-0.062,0.8016,968.0174,647.4857,0.0201,0.0532,77600.0,2.3929,0.6287,ユーラシア旅行社,スタンダード（内国株式）,サービス業
9380,2026-10-01,447.0,-0.0022,0.0158,0.0182,0.0823,0.0194,0.0495,439.3221,424.134,True,0.0175,0.9911,451.0,325.2301,0.0069,0.0505,44700.0,0.8778,0.522,東海運,スタンダード（内国株式）,倉庫・運輸関連業
9381,2026-10-01,2285.0,-0.0142,-0.0214,-0.033,0.0009,-0.0319,-0.032,2329.9302,2280.5824,True,-0.0193,0.9567,2388.4503,1894.828,0.0123,0.4251,228500.0,0.6524,0.3411,エーアイテイー,プライム（内国株式）,倉庫・運輸関連業
9385,2026-10-01,745.0,0.0095,-0.0067,-0.0197,0.0319,-0.0186,-0.001,751.24,747.4267,True,-0.0083,0.9189,810.7603,546.8808,0.0095,0.0491,74500.0,0.559,0.2687,ショーエイコーポレーション,スタンダード（内国株式）,化学
9401,2026-10-01,5818.0,0.023,0.014,-0.0344,-0.0931,-0.0332,-0.1259,5836.3723,6029.5241,False,-0.0031,0.877,6634.0,5017.4861,0.0205,17.5429,581800.0,1.0829,0.3392,ＴＢＳホールディングス,プライム（内国株式）,情報・通信業
9404,2026-10-01,2821.0,0.0147,-0.0378,-0.072,-0.0169,-0.0709,-0.0498,2975.2532,2906.3644,True,-0.0518,0.7003,4028.2284,2652.0,0.0246,17.9523,282100.0,1.4724,0.5127,日本テレビホールディングス,プライム（内国株式）,情報・通信業
9405,2026-10-01,818.0,0.0062,-0.0511,-0.063,0.0289,-0.0618,-0.0039,861.0459,828.6553,True,-0.05,0.8835,925.8173,678.8031,0.0216,0.804,81800.0,1.626,0.4578,朝日放送グループホールディングス,プライム（内国株式）,情報・通信業
9408,2026-10-01,2662.0,-0.0195,-0.0105,0.016,-0.0148,0.0172,-0.0477,2651.3599,2648.1733,False,0.004,0.907,2935.0,2107.96,0.0132,0.0035,266200.0,0.8129,0.5766,ＢＳＮメディアホールディングス,スタンダード（内国株式）,情報・通信業
9409,2026-10-01,2986.0,0.0156,-0.0209,-0.049,-0.0683,-0.0479,-0.1012,3102.6941,3129.5647,False,-0.0376,0.7945,3758.2417,2919.0,0.0184,8.1299,298600.0,1.457,0.5292,テレビ朝日ホールディングス,プライム（内国株式）,情報・通信業
9412,2026-10-01,2002.0,0.0,-0.0198,-0.0444,-0.233,-0.0432,-0.2658,2040.5183,2360.7728,False,-0.0189,0.4242,4720.0,1288.2118,0.0302,34.3501,200200.0,0.7297,0.319,スカパーＪＳＡＴ,プライム（内国株式）,情報・通信業
9413,2026-10-01,3300.0,0.0123,-0.0178,-0.0504,-0.1141,-0.0492,-0.1469,3396.1795,3488.3932,False,-0.0283,0.6589,5008.3978,3235.0,0.0155,2.4973,330000.0,1.1367,0.4969,テレビ東京ホールディングス,プライム（内国株式）,情報・通信業
9414,2026-10-01,961.0,0.0021,-0.0021,0.0607,0.0915,0.0619,0.0586,933.6735,900.8775,True,0.0293,0.8497,1131.0455,857.2338,0.0351,1.5373,96100.0,3.7911,0.4271,日本ＢＳ放送,スタンダード（内国株式）,情報・通信業
9416,2026-10-01,1051.0,-0.0085,-0.0196,-0.0113,0.0692,-0.0101,0.0363,1055.28,1025.48,True,-0.0041,0.8004,1313.0344,944.4462,0.0154,2.7767,105100.0,0.933,0.2714,ビジョン,プライム（内国株式）,情報・通信業
9417,2026-10-01,337.0,0.006,0.0274,-0.0146,0.0274,-0.0135,-0.0054,333.72,331.28,True,0.0098,0.6347,531.0,283.0,0.0231,0.017,33700.0,0.5908,0.3083,スマートバリュー,スタンダード（内国株式）,情報・通信業
9418,2026-10-01,1776.0,0.0051,-0.0084,0.0248,0.0591,0.026,0.0263,1753.1703,1701.0793,True,0.013,0.8228,2158.4112,1496.7032,0.0179,8.065,177600.0,0.7241,0.2417,Ｕ－ＮＥＸＴ　ＨＯＬＤＩＮＧＳ,プライム（内国株式）,情報・通信業
9419,2026-10-01,295.0,-0.0199,-0.0134,0.0068,0.0351,0.008,0.0022,295.84,291.84,True,-0.0028,0.8333,354.0,232.0,0.0177,0.0383,29500.0,1.0949,0.211,ワイヤレスゲート,スタンダード（内国株式）,情報・通信業
9421,2026-10-01,548.0,0.0148,0.0359,0.0745,0.1004,0.0757,0.0675,519.4,518.4933,False,0.0551,0.7919,692.0,495.0,0.0123,0.0125,54800.0,1.0832,0.4766,エヌジェイホールディングス,スタンダード（内国株式）,情報・通信業
9423,2026-10-01,106.0,0.0095,0.0,0.0095,0.0392,0.0107,0.0064,104.88,103.6,True,0.0107,0.9213,115.05,99.0,0.0121,0.1001,10600.0,1.0696,0.1556,フォーバル・リアルストレート,スタンダード（内国株式）,情報・通信業
9424,2026-10-01,120.0,0.0169,0.0,0.0084,0.1111,0.0096,0.0783,118.44,114.36,True,0.0132,0.7643,157.0,102.0,0.0262,2.4162,12000.0,1.0237,0.2545,日本通信,プライム（内国株式）,情報・通信業
9425,2026-10-01,235.0,-0.0042,0.0262,-0.2244,0.119,-0.2233,0.0862,244.72,215.9067,True,-0.0397,0.2852,824.0,149.0,0.0717,2.6845,23500.0,0.4205,0.1898,ＲｅＹｕｕ　Ｊａｐａｎ,スタンダード（内国株式）,情報・通信業
9432,2026-10-01,170.3,-0.0076,-0.011,-0.0128,0.1656,-0.0116,0.1328,173.207,158.9397,True,-0.0168,0.9456,180.1,142.6,0.018,357.4201,17030.0003,0.8585,0.3587,ＮＴＴ,プライム（内国株式）,情報・通信業
9433,2026-10-01,2931.0,0.001,-0.0192,-0.0096,0.0762,-0.0085,0.0433,2982.3997,2874.2666,True,-0.0172,0.9391,3121.0,2273.6036,0.019,258.6173,293100.0,1.1258,0.4016,ＫＤＤＩ,プライム（内国株式）,情報・通信業
9434,2026-10-01,240.8,-0.0012,-0.0044,0.0156,0.1461,0.0168,0.1133,242.1577,227.2406,True,-0.0056,0.9522,252.9,202.4362,0.0191,197.0954,24080.0003,1.1161,0.3304,ソフトバンク,プライム（内国株式）,情報・通信業
94345,2026-10-01,3790.0,0.0,0.0109,-0.0024,0.0008,-0.0012,-0.0321,3795.1715,3794.8038,True,-0.0014,0.9929,3817.0,3661.6425,0.0038,0.2488,379000.0,2.0457,0.4685,ソフトバンク第１回社債型種類株式,プライム（内国株式）,情報・通信業
94346,2026-10-01,7480.0,-0.0013,0.0118,-0.0133,-0.0136,-0.0122,-0.0464,7550.8419,7572.774,False,-0.0094,0.9802,7631.0,7310.365,0.0049,0.3131,748000.0,1.3323,0.7625,ソフトバンク第２回社債型種類株式,プライム（内国株式）,情報・通信業
9435,2026-10-01,36360.0,-0.0074,-0.0614,-0.1016,0.0356,-0.1004,0.0027,38628.8145,37912.3693,True,-0.0587,0.7995,45477.6766,33005.8152,0.0237,31.0812,3636000.0,1.1174,0.43,光通信,プライム（内国株式）,情報・通信業
9436,2026-10-01,4185.0,0.0133,-0.0423,0.006,0.113,0.0072,0.0802,4235.1808,3968.1269,True,-0.0118,0.929,4505.0,2495.8258,0.0243,7.2151,418500.0,1.527,0.462,沖縄セルラー電話,スタンダード（内国株式）,情報・通信業
9438,2026-10-01,612.0,0.0116,0.0351,-0.0347,0.0948,-0.0335,0.062,599.2949,590.565,True,0.0212,0.7202,849.8043,527.0,0.0212,0.1772,61200.0,0.7037,0.2006,エムティーアイ,プライム（内国株式）,情報・通信業
9439,2026-10-01,218.0,0.0,0.0,-0.048,-0.1029,-0.0469,-0.1357,223.16,231.4667,False,-0.0231,0.6877,317.0,210.0,0.0187,0.0381,21800.0,0.3499,0.6877,エム・エイチ・グループ,スタンダード（内国株式）,サービス業
9441,2026-10-01,3065.0,-0.0113,-0.0033,-0.0065,0.2771,-0.0053,0.2442,3022.04,2805.414,True,0.0142,0.9704,3158.5404,2370.0,0.0151,0.0755,306500.0,0.3969,0.4155,ベルパーク,スタンダード（内国株式）,情報・通信業
9444,2026-10-01,278.0,0.0859,0.0451,-0.0347,0.2636,-0.0336,0.2308,272.4,259.64,True,0.0206,0.4413,630.0,163.0,0.0527,0.136,27800.0,0.9512,0.4302,トーシンホールディングス,スタンダード（内国株式）,情報・通信業
9445,2026-10-01,535.0,0.0094,0.0022,-0.0019,0.0038,-0.0007,-0.0291,536.2277,534.3559,False,-0.0023,0.9124,586.3636,517.0,0.0117,0.01,53500.0,2.0944,0.4462,フォーバルテレコム,スタンダード（内国株式）,情報・通信業
9446,2026-10-01,675.0,-0.0103,0.0044,-0.0316,0.0045,-0.0304,-0.0284,689.6348,683.8916,True,-0.0212,0.9024,748.0,487.6093,0.0114,0.0246,67500.0,0.6291,0.2599,サカイホールディングス,スタンダード（内国株式）,情報・通信業
9449,2026-10-01,3979.0,0.0104,0.014,-0.0522,0.1259,-0.051,0.0931,3991.08,3857.9723,True,-0.003,0.9064,4390.0,2696.5771,0.0217,10.9177,397900.0,0.6935,0.214,ＧＭＯインターネットグループ,プライム（内国株式）,情報・通信業
9450,2026-10-01,770.0,0.0,-0.0216,-0.0387,0.0065,-0.0375,-0.0263,778.56,766.8814,True,-0.011,0.9288,829.0,628.5,0.0177,0.2772,77000.0,0.7667,0.2712,ファイバーゲート,スタンダード（内国株式）,情報・通信業
9466,2026-10-01,241.0,-0.0041,0.0003,0.0084,0.0856,0.0095,0.0527,240.7942,230.2381,True,0.0009,0.9679,249.0,216.0,0.0121,0.0434,24100.0,0.4643,0.2381,アイドママーケティングコミュニケーション,スタンダード（内国株式）,情報・通信業
9467,2026-10-01,1072.0,-0.0019,-0.0156,-0.0946,0.0828,-0.0934,0.05,1123.84,1070.6533,True,-0.0461,0.632,1696.2061,940.0,0.0217,1.194,107200.0,0.6327,0.2972,アルファポリス,グロース（内国株式）,情報・通信業
9468,2026-10-01,3796.0,0.0265,0.0383,0.0232,0.0377,0.0243,0.0049,3668.12,3569.2933,True,0.0349,0.9569,3967.0,2680.3119,0.0201,14.5841,379600.0,1.004,0.2357,ＫＡＤＯＫＡＷＡ,プライム（内国株式）,情報・通信業
9470,2026-10-01,1035.0,-0.0236,-0.0222,-0.0077,0.0207,-0.0065,-0.0121,1044.5735,1022.0312,True,-0.0092,0.902,1147.4692,923.0,0.0174,3.1541,103500.0,2.3195,0.306,学研ホールディングス,プライム（内国株式）,情報・通信業
9474,2026-10-01,905.0,0.0,-0.0,-0.0331,0.0226,-0.032,-0.0103,912.7564,896.6388,True,-0.0085,0.8417,1075.1703,841.0,0.0131,1.3732,90500.0,0.7491,0.3197,ゼンリン,プライム（内国株式）,情報・通信業
9475,2026-10-01,513.0,0.0079,-0.057,-0.0247,0.0491,-0.0236,0.0162,533.2,513.92,True,-0.0379,0.8847,579.8864,410.3811,0.015,0.0141,51300.0,0.763,0.5185,昭文社ホールディングス,スタンダード（内国株式）,情報・通信業
9478,2026-10-01,495.0,0.0102,-0.0351,-0.0695,-0.0553,-0.0684,-0.0882,515.04,515.88,False,-0.0389,0.8609,575.0,346.0548,0.0189,0.056,49500.0,0.5857,0.3313,ＳＥホールディングス・アンド・インキュベーションズ,スタンダード（内国株式）,情報・通信業
9501,2026-10-01,518.5,-0.0292,-0.0131,-0.0364,0.1336,-0.0353,0.1007,542.22,516.3187,False,-0.0437,0.5519,939.4,442.8,0.0416,211.8616,51850.0,0.9484,0.2776,東京電力ホールディングス,プライム（内国株式）,電気・ガス業
9502,2026-10-01,2647.5,-0.0229,-0.0657,-0.0786,-0.1482,-0.0775,-0.181,2895.9417,2912.9006,True,-0.0858,0.8057,3286.0,1951.2484,0.0356,100.2197,264750.0,1.0268,0.389,中部電力,プライム（内国株式）,電気・ガス業
9503,2026-10-01,2673.0,-0.012,-0.0193,-0.0489,0.1667,-0.0478,0.1339,2833.733,2516.191,True,-0.0567,0.8755,3053.0,2013.5475,0.034,139.4783,267300.0,1.1861,0.4159,関西電力,プライム（内国株式）,電気・ガス業
9504,2026-10-01,1013.5,-0.0141,-0.0134,0.005,0.1132,0.0061,0.0804,1046.5766,962.4629,True,-0.0316,0.8945,1133.0,823.1803,0.0317,23.7161,101350.0,1.0561,0.4263,中国電力,プライム（内国株式）,電気・ガス業
9505,2026-10-01,1105.0,-0.0264,-0.0035,0.0844,0.2494,0.0856,0.2166,1079.4345,970.2862,True,0.0237,0.9368,1179.5,782.2,0.0324,12.4373,110500.0,1.3047,0.2808,北陸電力,プライム（内国株式）,電気・ガス業
9506,2026-10-01,1266.0,-0.0239,-0.0388,-0.0481,0.1904,-0.047,0.1576,1358.6528,1212.7776,True,-0.0682,0.8601,1472.0,972.2,0.0333,64.9415,126600.0,1.3879,0.5328,東北電力,プライム（内国株式）,電気・ガス業
9507,2026-10-01,2136.5,-0.0211,0.0205,0.0856,0.4504,0.0868,0.4176,2104.6275,1760.6425,True,0.0151,0.9295,2298.5,1292.8366,0.0385,30.0125,213650.0,1.469,0.2735,四国電力,プライム（内国株式）,電気・ガス業
9509,2026-10-01,1109.0,-0.0203,0.0147,0.005,0.1921,0.0061,0.1592,1120.6921,1033.8267,True,-0.0104,0.8697,1275.0949,887.0,0.0287,28.192,110900.0,1.0779,0.2515,北海道電力,プライム（内国株式）,電気・ガス業
9511,2026-10-01,1172.0,-0.0176,-0.0103,-0.0093,0.2979,-0.0081,0.265,1187.8874,1046.0825,True,-0.0134,0.9429,1243.0,873.0,0.0251,3.371,117200.0,1.0926,0.3091,沖縄電力,プライム（内国株式）,電気・ガス業
9513,2026-10-01,4029.0,-0.0076,-0.0034,-0.0159,0.0939,-0.0147,0.0611,4114.1191,3901.1864,True,-0.0207,0.8926,4514.0,2674.3334,0.0242,23.5642,402900.0,1.0055,0.3244,電源開発,プライム（内国株式）,電気・ガス業
9514,2026-10-01,343.0,-0.0228,0.0059,-0.0144,0.0652,-0.0132,0.0324,344.12,334.2493,False,-0.0033,0.7677,446.7607,310.0,0.0314,0.3837,34300.0,1.3514,0.3523,エフオン,スタンダード（内国株式）,電気・ガス業
9517,2026-10-01,829.0,0.0085,0.0061,-0.0471,0.0951,-0.046,0.0623,848.92,825.1333,True,-0.0235,0.7415,1118.0,583.8841,0.0238,1.8955,82900.0,1.1006,0.2993,イーレックス,プライム（内国株式）,電気・ガス業
9519,2026-10-01,847.0,0.0217,-0.0128,-0.0723,-0.1366,-0.0711,-0.1695,884.4,921.8267,False,-0.0423,0.605,1400.0,616.0,0.041,7.5556,84700.0,1.1635,0.3198,レノバ,プライム（内国株式）,電気・ガス業
9531,2026-10-01,6110.0,-0.0129,0.0005,-0.0123,0.0173,-0.0111,-0.0155,6216.1605,6140.8668,False,-0.0171,0.7729,7905.3756,4961.3254,0.0257,63.9457,611000.0,1.0732,0.3187,東京瓦斯,プライム（内国株式）,電気・ガス業
9532,2026-10-01,5696.0,-0.0096,-0.0074,-0.0106,0.0679,-0.0094,0.035,5847.7662,5579.5621,True,-0.026,0.842,6764.6114,4037.1692,0.0278,65.8512,569600.0,1.2501,0.4011,大阪瓦斯,プライム（内国株式）,電気・ガス業
9533,2026-10-01,1230.5,-0.0069,0.0034,-0.0089,0.0086,-0.0077,-0.0242,1264.092,1221.9773,True,-0.0266,0.8711,1412.554,1028.861,0.0283,11.4898,123050.0,1.122,0.3899,東邦瓦斯,プライム（内国株式）,電気・ガス業
9534,2026-10-01,852.0,-0.015,-0.0652,-0.0012,0.1482,-0.0,0.1154,901.4488,813.5629,True,-0.0549,0.8765,972.0,629.7245,0.0287,3.0359,85200.0,1.3414,0.5068,北海道瓦斯,プライム（内国株式）,電気・ガス業
9535,2026-10-01,420.0,-0.0094,-0.0346,-0.0187,0.066,-0.0175,0.0331,434.8027,417.8676,True,-0.034,0.9272,453.0,354.7445,0.0199,0.3851,42000.0,0.7692,0.4075,広島ガス,プライム（内国株式）,電気・ガス業
9536,2026-10-01,2459.0,-0.0144,-0.0433,-0.0387,0.1052,-0.0375,0.0723,2549.832,2399.8507,True,-0.0356,0.9124,2695.0,1798.3363,0.0242,5.2123,245900.0,1.9568,0.4224,西部ガスホールディングス,プライム（内国株式）,電気・ガス業
9537,2026-10-01,4250.0,-0.0128,-0.0128,0.0,0.0559,0.0012,0.023,4295.4,4302.5333,False,-0.0106,0.7574,5611.0185,3473.7217,0.0056,0.0264,425000.0,0.8942,0.4179,北陸瓦斯,スタンダード（内国株式）,電気・ガス業
9543,2026-10-01,1292.0,-0.0115,-0.0373,-0.0182,0.0608,-0.0171,0.0279,1338.76,1276.209,True,-0.0349,0.8092,1596.6719,1072.6281,0.0239,2.2713,129200.0,1.0374,0.3912,静岡ガス,プライム（内国株式）,電気・ガス業
9551,2026-10-01,3065.0,-0.0097,-0.0191,-0.0192,-0.067,-0.018,-0.0998,3102.7898,3203.5966,False,-0.0122,0.7336,4178.2179,2815.8416,0.019,3.1159,306500.0,0.8031,0.2236,メタウォーター,プライム（内国株式）,電気・ガス業
9552,2026-10-01,1022.0,0.001,-0.0126,-0.1561,0.172,-0.1549,0.1392,1084.2,986.9867,True,-0.0574,0.73,1400.0,556.0,0.0362,2.9534,102200.0,0.6474,0.2243,クオンツ総研ホールディングス,プライム（内国株式）,サービス業
9553,2026-10-01,648.0,0.0157,-0.0107,0.0746,0.1655,0.0758,0.1326,612.92,589.7867,True,0.0572,0.6771,957.0,416.0,0.0262,0.5343,64800.0,0.8077,0.2824,マイクロアド,グロース（内国株式）,サービス業
9554,2026-10-01,1749.0,-0.0085,-0.0256,-0.0697,0.0678,-0.0685,0.0349,1738.88,1653.44,True,0.0058,0.7389,2367.0,1180.0,0.0255,0.4565,174900.0,0.5333,0.3853,ＡＶｉＣ,グロース（内国株式）,サービス業
9556,2026-10-01,2373.0,-0.0377,-0.0431,0.0215,0.3797,0.0227,0.3468,2336.64,2025.5333,True,0.0156,0.4868,4875.0,1401.0,0.0736,2.2985,237300.0,1.003,0.2347,ＩＮＴＬＯＯＰ,グロース（内国株式）,サービス業
9557,2026-10-01,262.0,0.0195,0.0438,0.1441,0.5233,0.1453,0.4904,247.36,204.0933,True,0.0592,0.6485,404.0,148.0,0.0278,0.188,26200.0,0.1142,0.1922,エアークローゼット,グロース（内国株式）,サービス業
9558,2026-10-01,2004.0,0.0005,0.0162,-0.0025,0.0111,-0.0013,-0.0218,1984.56,1955.0133,False,0.0098,0.8393,2387.8353,1860.0,0.0096,0.0817,200400.0,0.3917,0.2403,ジャパニアス,グロース（内国株式）,サービス業
9560,2026-10-01,895.0,-0.011,-0.0197,-0.0438,0.2228,-0.0426,0.1899,896.7298,814.3982,True,-0.0019,0.757,1182.2293,656.8722,0.0251,0.1994,89500.0,0.4556,0.1471,プログリット,グロース（内国株式）,サービス業
9561,2026-10-01,422.0,-0.0186,-0.0343,-0.0071,0.0193,-0.0059,-0.0135,425.84,415.3867,False,-0.009,0.5553,760.0,385.0,0.0279,0.0562,42200.0,0.5875,0.28,グラッドキューブ,グロース（内国株式）,サービス業
9562,2026-10-01,587.0,-0.0168,-0.1309,0.0017,0.1787,0.0029,0.1459,645.1763,561.4321,True,-0.0902,0.6216,944.3333,481.0,0.054,0.0857,58700.0,1.18,0.372,ビジネスコーチ,グロース（内国株式）,サービス業
9563,2026-10-01,360.0,0.0084,0.0315,0.0315,0.2081,0.0327,0.1752,345.84,320.3333,True,0.0409,0.8955,402.0,265.0,0.0323,0.0861,36000.0,1.4063,0.3607,Ａｔｌａｓ　Ｔｅｃｈｎｏｌｏｇｉｅｓ,グロース（内国株式）,サービス業
9564,2026-10-01,553.0,0.0147,0.0059,-0.0737,0.1038,-0.0725,0.0709,564.3832,535.5144,True,-0.0202,0.6947,796.0,424.0,0.026,0.2363,55300.0,0.9125,0.2988,ＦＣＥ,スタンダード（内国株式）,サービス業
9565,2026-10-01,658.0,0.0046,0.0249,-0.0237,-0.0015,-0.0226,-0.0344,658.92,667.8667,False,-0.0014,0.6673,986.0,631.0,0.0139,0.0142,65800.0,0.9808,0.2625,ＧＬＯＥ,グロース（内国株式）,サービス業
9601,2026-10-01,10740.0,-0.0028,-0.0101,0.017,0.018,0.0182,-0.0148,10852.4,10820.1333,True,-0.0104,0.7665,14011.6421,9860.0,0.0153,4.7752,1074000.0,0.6812,0.3348,松竹,プライム（内国株式）,情報・通信業
9602,2026-10-01,1567.5,0.0077,-0.0079,-0.0073,0.2065,-0.0061,0.1736,1582.1521,1454.1301,True,-0.0093,0.7939,1974.5088,1182.5857,0.0242,48.8185,156750.0,0.7425,0.3672,東宝,プライム（内国株式）,情報・通信業
9603,2026-10-01,1105.0,0.0055,0.0,-0.0596,0.0908,-0.0584,0.058,1153.88,1071.4533,True,-0.0424,0.769,1436.9802,907.0,0.0326,5.8396,110500.0,1.0198,0.2972,エイチ・アイ・エス,プライム（内国株式）,サービス業
9605,2026-10-01,5920.0,0.0,-0.0107,-0.0166,0.0225,-0.0155,-0.0104,6010.082,5902.694,True,-0.015,0.9108,6500.0,5024.6232,0.0188,3.8521,592000.0,1.017,0.333,東映,プライム（内国株式）,情報・通信業
9610,2026-10-01,105.0,-0.0094,-0.0278,0.0096,0.0194,0.0108,-0.0134,113.16,108.36,False,-0.0721,0.307,342.0,87.0,0.0347,1.1227,10500.0,0.174,0.1922,ウィルソン・ラーニング　ワールドワイド,スタンダード（内国株式）,サービス業
9612,2026-10-01,1241.0,-0.0112,-0.0016,0.0089,0.0172,0.0101,-0.0156,1225.88,1239.7968,False,0.0123,0.6419,1933.1787,1098.7064,0.0204,0.5854,124100.0,0.8593,0.2847,ラックランド,プライム（内国株式）,サービス業
9616,2026-10-01,3274.0,0.0158,0.0199,-0.0505,0.0675,-0.0493,0.0346,3251.0054,3165.7751,True,0.0071,0.9241,3543.0,2321.0,0.0206,32.188,327400.0,1.0614,0.2665,共立メンテナンス,プライム（内国株式）,サービス業
9619,2026-10-01,2728.0,-0.0004,0.0138,-0.0037,0.2366,-0.0025,0.2038,2708.6821,2480.254,True,0.0071,0.9873,2763.0,1889.7134,0.0167,0.9462,272800.0,0.9434,0.1842,イチネンホールディングス,プライム（内国株式）,サービス業
9621,2026-10-01,3345.0,0.0167,0.0292,0.034,0.1623,0.0352,0.1294,3231.4,3057.04,True,0.0352,0.9357,3575.0,2563.0,0.019,2.0771,334500.0,0.9916,0.2281,建設技術研究所,プライム（内国株式）,サービス業
9622,2026-10-01,1418.0,-0.0042,-0.018,-0.0308,-0.0098,-0.0296,-0.0426,1431.36,1430.4167,True,-0.0093,0.8509,1666.4523,1254.7856,0.0132,0.6411,141800.0,1.4487,0.3247,スペース,プライム（内国株式）,サービス業
9625,2026-10-01,917.0,-0.0076,-0.014,-0.0468,-0.1462,-0.0456,-0.179,941.44,1002.3867,False,-0.026,0.8232,1113.9636,825.0,0.0152,0.0287,91700.0,0.1682,0.1938,セレスポ,スタンダード（内国株式）,サービス業
9627,2026-10-01,5355.0,-0.0058,-0.0246,-0.1293,-0.0407,-0.1281,-0.0735,5841.0,5792.3733,True,-0.0832,0.7457,7181.288,5254.7696,0.0298,8.2858,535500.0,1.2744,0.3175,アインホールディングス,プライム（内国株式）,小売業
9628,2026-10-01,1322.0,-0.0053,-0.0222,-0.0251,-0.0337,-0.0239,-0.0665,1331.2525,1355.7038,True,-0.007,0.8345,1584.1335,1243.3048,0.0178,0.8479,132200.0,1.1835,0.3267,燦ホールディングス,プライム（内国株式）,サービス業
9629,2026-10-01,1550.0,0.0006,-0.0127,-0.0752,0.1273,-0.074,0.0944,1587.52,1466.5867,True,-0.0236,0.7867,1970.2838,1164.0,0.0189,0.3932,155000.0,0.4828,0.2657,ピー・シー・エー,プライム（内国株式）,情報・通信業
9632,2026-10-01,4870.0,0.1679,0.3816,0.2935,0.3792,0.2947,0.3464,3681.0,3612.2907,True,0.323,1.0,4870.0,2963.2836,0.0312,1.0318,487000.0,1.8499,0.9454,スバル興業,スタンダード（内国株式）,サービス業
9633,2026-10-01,1815.0,-0.0141,-0.0492,-0.0716,0.1197,-0.0705,0.0868,1906.72,1739.36,True,-0.0481,0.9052,2005.0,1347.9151,0.011,0.1672,181500.0,1.2262,0.6373,東京テアトル,スタンダード（内国株式）,不動産業
9636,2026-10-01,4220.0,-0.0012,0.0036,0.006,-0.0152,0.0071,-0.048,4201.8,4204.3333,True,0.0043,0.9635,4380.0,4025.0,0.004,0.0659,422000.0,0.3146,0.1787,きんえい,スタンダード（内国株式）,サービス業
9639,2026-10-01,2327.0,-0.0013,-0.0028,-0.0144,0.0153,-0.0132,-0.0176,2358.1383,2309.1928,True,-0.0132,0.9664,2408.0,1863.773,0.0134,0.1531,232700.0,0.6086,0.2058,三協フロンテア,スタンダード（内国株式）,サービス業
9640,2026-10-01,1949.0,0.001,0.0162,-0.0303,-0.0488,-0.0292,-0.0817,1975.4092,2041.2697,False,-0.0134,0.781,2495.4865,1784.5914,0.0206,0.0962,194900.0,0.8706,0.228,セゾンテクノロジー,スタンダード（内国株式）,情報・通信業
9644,2026-10-01,693.0,-0.017,-0.0612,-0.1104,-0.0894,-0.1092,-0.1222,751.0496,752.8965,True,-0.0773,0.8862,782.0,631.6552,0.0144,0.7013,69300.0,1.9121,0.6521,タナベコンサルティンググループ,プライム（内国株式）,サービス業
9647,2026-10-01,6800.0,0.0074,0.0074,-0.0258,-0.0188,-0.0246,-0.0516,6780.0,6670.1333,False,0.0029,0.6239,10900.0,5840.0,0.0125,0.0325,680000.0,0.5806,0.2706,協和コンサルタンツ,スタンダード（内国株式）,サービス業
9651,2026-10-01,1970.0,-0.0081,0.0276,-0.0465,0.1136,-0.0453,0.0808,1992.16,1924.76,True,-0.0111,0.921,2139.0,1517.2635,0.0217,0.3397,197000.0,1.1242,0.2968,日本プロセス,スタンダード（内国株式）,情報・通信業
9656,2026-10-01,599.0,-0.0017,-0.0017,-0.0196,0.0017,-0.0185,-0.0312,600.8,600.6996,False,-0.003,0.9667,619.6458,580.0,0.0047,0.026,59900.0,1.2721,0.2872,グリーンランドリゾート,スタンダード（内国株式）,サービス業
9658,2026-10-01,1137.0,0.0071,0.039,0.0216,0.1302,0.0227,0.0974,1097.0662,1051.2487,True,0.0364,0.9556,1189.8015,913.0,0.0198,1.0015,113700.0,1.2523,0.3161,ビジネスブレイン太田昭和,プライム（内国株式）,情報・通信業
9661,2026-10-01,4115.0,-0.0012,-0.0108,-0.0594,-0.0774,-0.0583,-0.1102,4247.4,4393.2,False,-0.0312,0.86,4784.8329,4105.0,0.0084,0.3974,411500.0,1.3168,0.3464,歌舞伎座,スタンダード（内国株式）,サービス業
9663,2026-10-01,4770.0,-0.0104,-0.0295,-0.0845,-0.0629,-0.0833,-0.0957,5022.2,5047.2667,True,-0.0502,0.6975,6838.4429,4670.0,0.0128,1.5443,477000.0,1.3972,0.4912,ナガワ,プライム（内国株式）,サービス業
9672,2026-10-01,4750.0,0.0,-0.0266,-0.0594,-0.0084,-0.0582,-0.0412,4930.8,4906.1904,True,-0.0367,0.791,6005.1693,4523.6308,0.015,2.9153,475000.0,0.9918,0.406,東京都競馬,プライム（内国株式）,サービス業
9678,2026-10-01,5370.0,0.0075,-0.0092,-0.0289,0.0248,-0.0278,-0.008,5459.2,5341.4667,True,-0.0163,0.9323,5760.0,3352.8111,0.0234,5.5386,537000.0,1.0575,0.2148,カナモト,プライム（内国株式）,サービス業
9679,2026-10-01,2187.0,-0.018,-0.0347,-0.0772,-0.0471,-0.0761,-0.0799,2317.3206,2328.0669,False,-0.0562,0.8985,2434.0,1824.0,0.0152,0.02,218700.0,1.6667,0.5306,ホウライ,スタンダード（内国株式）,サービス業
9682,2026-10-01,1114.0,-0.0124,-0.0108,-0.0296,0.0774,-0.0285,0.0445,1117.0488,1075.7763,True,-0.0027,0.8355,1333.4085,958.0,0.0236,7.2014,111400.0,1.311,0.3549,ＤＴＳ,プライム（内国株式）,情報・通信業
9684,2026-10-01,2887.0,-0.0047,-0.02,-0.023,0.1567,-0.0219,0.1238,2935.1946,2725.9515,True,-0.0164,0.8698,3318.969,2325.0,0.0231,41.3031,288700.0,0.8698,0.2802,スクウェア・エニックス・ホールディングス,プライム（内国株式）,情報・通信業
9685,2026-10-01,581.0,0.0104,0.0211,-0.0085,-0.0153,-0.0074,-0.0481,573.28,574.4267,True,0.0135,0.8591,676.2991,525.0,0.0123,0.0122,58100.0,0.729,0.364,ＫＹＣＯＭホールディングス,スタンダード（内国株式）,情報・通信業
9686,2026-10-01,1660.0,-0.006,-0.025,-0.0235,0.0291,-0.0224,-0.0037,1699.6024,1650.8675,True,-0.0233,0.8945,1855.7612,1441.6334,0.0171,0.0557,166000.0,1.1967,0.5106,東洋テック,スタンダード（内国株式）,サービス業
9687,2026-10-01,1498.0,-0.0158,-0.0304,-0.6856,-0.6568,-0.6845,-0.6897,3900.5467,4229.6489,False,-0.616,0.2687,5575.2656,1494.0,0.1768,0.0844,149800.0,2.2871,1.1898,ＫＳＫ,スタンダード（内国株式）,情報・通信業
9692,2026-10-01,2280.0,0.0247,0.016,-0.1121,0.0824,-0.111,0.0495,2326.8,2228.9891,True,-0.0201,0.8841,2579.0,1832.2182,0.0257,3.3445,228000.0,1.2129,0.1829,シーイーシー,プライム（内国株式）,情報・通信業
9697,2026-10-01,4359.0,0.0044,-0.0041,0.0208,0.3554,0.022,0.3226,4308.7506,3759.7702,True,0.0117,0.9689,4499.0,2736.0,0.0303,159.6894,435900.0,1.4424,0.1848,カプコン,プライム（内国株式）,情報・通信業
9698,2026-10-01,1300.0,0.0008,0.0164,-0.0023,0.0779,-0.0011,0.0451,1296.8,1261.76,True,0.0025,0.963,1350.0,1092.6274,0.0115,0.0191,130000.0,0.4358,0.3333,クレオ,スタンダード（内国株式）,情報・通信業
9699,2026-10-01,4405.0,-0.0189,-0.0281,-0.0517,0.104,-0.0505,0.0712,4623.1032,4327.7011,True,-0.0472,0.9027,4880.0,3650.0,0.0216,3.4234,440500.0,1.2645,0.426,ニシオホールディングス,プライム（内国株式）,サービス業
9701,2026-10-01,4550.0,-0.0109,0.0033,0.0693,0.0885,0.0705,0.0557,4392.4,4278.2,True,0.0359,0.8288,5490.0,3876.6129,0.0155,0.045,455000.0,1.2841,0.3111,東京會舘,スタンダード（内国株式）,サービス業
9702,2026-10-01,2498.0,-0.0008,0.0183,0.0109,0.0856,0.0121,0.0528,2427.88,2362.9733,True,0.0289,0.966,2586.0,1589.097,0.0202,0.6497,249800.0,1.2107,0.2399,アイ・エス・ビー,プライム（内国株式）,情報・通信業
9704,2026-10-01,26.0,-0.037,-0.037,-0.1333,-0.2121,-0.1322,-0.245,28.08,30.6533,False,-0.0741,0.3768,69.0,25.0,0.044,0.1115,2600.0,0.9598,0.2625,アゴーラ　ホスピタリティー　グループ,スタンダード（内国株式）,サービス業
9706,2026-10-01,5405.0,-0.0079,-0.0139,-0.0854,0.0528,-0.0843,0.0199,5627.3297,5433.1366,True,-0.0395,0.8995,6009.0,4074.0528,0.0194,69.1874,540500.0,1.1937,0.1755,日本空港ビルデング,プライム（内国株式）,不動産業
9708,2026-10-01,940.0,-0.0063,-0.0157,-0.0543,-0.0757,-0.0532,-0.1086,965.4795,986.3198,False,-0.0264,0.5643,1665.921,934.0,0.0131,1.6453,94000.0,0.7843,0.2197,帝国ホテル,スタンダード（内国株式）,サービス業
9709,2026-10-01,1252.0,0.0113,0.0066,-0.1057,0.0064,-0.1046,-0.0264,1277.3017,1284.8072,False,-0.0198,0.7186,1742.2232,1139.0,0.0248,0.152,125200.0,1.0539,0.3218,ＮＣＳ＆Ａ,スタンダード（内国株式）,情報・通信業
9713,2026-10-01,907.0,-0.0033,-0.0195,-0.0033,-0.0044,-0.0021,-0.0372,913.28,906.04,True,-0.0069,0.832,1090.1223,864.5455,0.0076,0.0509,90700.0,0.8417,0.3646,ロイヤルホテル,スタンダード（内国株式）,サービス業
9715,2026-10-01,3475.0,-0.0071,-0.0347,-0.0659,-0.0334,-0.0647,-0.0662,3621.8,3655.6,False,-0.0405,0.8559,4060.0,3352.6099,0.0193,4.487,347500.0,1.2225,0.3277,トランス・コスモス,プライム（内国株式）,サービス業
9716,2026-10-01,1233.0,0.0057,-0.0136,-0.0276,0.1542,-0.0264,0.1213,1249.8599,1171.9442,True,-0.0135,0.8558,1440.8031,954.167,0.0196,3.8773,123300.0,0.9882,0.2684,乃村工藝社,プライム（内国株式）,サービス業
9722,2026-10-01,3000.0,0.037,0.0772,-0.0115,0.5424,-0.0104,0.5096,2824.88,2286.0267,True,0.062,0.9494,3160.0,1735.0,0.0391,9.3655,300000.0,1.077,0.356,藤田観光,プライム（内国株式）,サービス業
9723,2026-10-01,639.0,0.0063,0.0127,0.0079,0.0063,0.009,-0.0266,633.96,634.16,False,0.008,0.9181,695.9713,605.6241,0.0047,0.0128,63900.0,1.2595,0.4,京都ホテル,スタンダード（内国株式）,サービス業
9726,2026-10-01,2015.0,0.001,0.0035,0.0213,0.1163,0.0224,0.0835,1958.72,1913.5733,True,0.0287,0.9523,2116.0,1386.0841,0.0225,0.685,201500.0,1.2294,0.2998,ＫＮＴ－ＣＴホールディングス,スタンダード（内国株式）,サービス業
9729,2026-10-01,2517.0,0.0076,0.0106,-0.0122,0.0492,-0.011,0.0163,2525.8531,2449.6977,True,-0.0035,0.8782,2866.0,2052.2448,0.0203,0.7371,251700.0,0.8996,0.2717,トーカイ,プライム（内国株式）,サービス業
9731,2026-10-01,3370.0,-0.003,-0.0074,-0.0059,-0.0189,-0.0047,-0.0518,3386.0,3433.1581,False,-0.0047,0.8973,3755.5714,2936.6071,0.0075,0.0506,337000.0,0.6885,0.2366,白洋舎,スタンダード（内国株式）,サービス業
9733,2026-10-01,2267.0,-0.0122,0.0075,-0.0447,-0.0291,-0.0435,-0.062,2310.5169,2305.8656,True,-0.0188,0.8319,2725.2061,1809.2261,0.0119,0.4241,226700.0,0.7672,0.3402,ナガセ,スタンダード（内国株式）,サービス業
9735,2026-10-01,6286.0,0.0149,-0.0009,-0.0316,-0.0325,-0.0304,-0.0653,6370.8159,6517.8586,False,-0.0133,0.8702,7224.0,5022.5225,0.0182,84.9234,628600.0,1.0764,0.3429,セコム,プライム（内国株式）,サービス業
9739,2026-10-01,2631.0,0.0042,0.0098,-0.0637,0.0432,-0.0625,0.0104,2687.3796,2600.0999,True,-0.021,0.9294,2831.0,2207.4602,0.0137,0.6509,263100.0,0.9065,0.2644,ＮＳＷ,プライム（内国株式）,情報・通信業
9740,2026-10-01,2654.0,0.0004,-0.0034,-0.0484,0.0171,-0.0472,-0.0157,2704.1308,2681.131,True,-0.0185,0.8037,3302.364,2355.2525,0.0177,0.5775,265400.0,0.9711,0.2006,セントラル警備保障,プライム（内国株式）,サービス業
9742,2026-10-01,2244.0,0.014,-0.0066,-0.0487,0.0336,-0.0476,0.0008,2211.16,2197.3733,True,0.0149,0.888,2527.0,1637.4191,0.0277,0.6443,224400.0,0.9429,0.385,アイネス,プライム（内国株式）,情報・通信業
9743,2026-10-01,1405.0,0.0007,-0.0344,-0.0811,0.0611,-0.0799,0.0283,1480.36,1410.6983,True,-0.0509,0.8831,1590.9269,1237.7049,0.0218,5.1807,140500.0,0.7663,0.3369,丹青社,プライム（内国株式）,サービス業
9744,2026-10-01,3275.0,-0.0076,-0.036,-0.0432,0.05,-0.0421,0.0172,3372.0429,3265.0943,True,-0.0288,0.9094,3601.0887,2952.5,0.0189,17.3454,327500.0,1.6186,0.4139,メイテックグループホールディングス,プライム（内国株式）,サービス業
9746,2026-10-01,4080.0,0.0149,-0.0022,-0.0145,0.1843,-0.0133,0.1515,4100.1005,3805.9668,True,-0.0049,0.9465,4310.4893,3310.0,0.0172,2.9138,408000.0,0.9258,0.2634,ＴＫＣ,プライム（内国株式）,情報・通信業
9753,2026-10-01,1403.0,-0.0357,-0.0189,0.0241,0.0952,0.0252,0.0624,1405.08,1333.2,True,-0.0015,0.9414,1490.3333,1173.3846,0.0211,0.0733,140300.0,0.8123,0.2097,アイエックス・ナレッジ,スタンダード（内国株式）,情報・通信業
9755,2026-10-01,2807.0,-0.0007,-0.0168,-0.014,0.0185,-0.0129,-0.0144,2837.08,2809.1971,True,-0.0106,0.9014,3113.985,2476.5276,0.0127,1.6652,280700.0,0.786,0.2772,応用地質,プライム（内国株式）,サービス業
9757,2026-10-01,1173.0,0.0017,-0.0135,-0.0135,0.0791,-0.0123,0.0463,1176.96,1126.4936,True,-0.0034,0.9223,1271.8829,1017.9094,0.0122,2.7912,117300.0,0.6139,0.2577,船井総研ホールディングス,プライム（内国株式）,サービス業
9759,2026-10-01,2964.0,0.0059,0.0133,0.0007,0.1621,0.0018,0.1293,2893.84,2738.7333,True,0.0242,0.8359,3545.8343,2378.0,0.0205,9.6059,296400.0,1.4892,0.2465,ＮＳＤ,プライム（内国株式）,情報・通信業
9760,2026-10-01,116.0,-0.0085,-0.0085,-0.0333,-0.0252,-0.0322,-0.0581,118.44,117.8133,True,-0.0206,0.6444,180.0,108.0,0.0185,0.0387,11600.0,1.2994,0.2333,進学会ホールディングス,スタンダード（内国株式）,サービス業
9761,2026-10-01,2407.0,0.0113,-0.0092,-0.0171,0.0465,-0.016,0.0137,2435.9904,2365.2368,True,-0.0119,0.9001,2674.1973,2109.0,0.0157,0.1078,240700.0,0.9212,0.3437,東海リース,スタンダード（内国株式）,サービス業
9763,2026-10-01,1254.0,-0.0095,0.0014,-0.0486,0.0321,-0.0474,-0.0008,1289.9667,1260.8289,True,-0.0279,0.7594,1651.3229,1062.7325,0.0151,0.1352,125400.0,0.7437,0.4013,丸建リース,スタンダード（内国株式）,卸売業
9765,2026-10-01,1205.0,-0.0033,0.0101,0.0273,0.0769,0.0284,0.044,1182.52,1140.64,True,0.019,0.9291,1296.995,1016.0,0.0108,0.1614,120500.0,0.9875,0.3519,オオバ,プライム（内国株式）,サービス業
9766,2026-10-01,22140.0,0.0346,0.0405,0.0016,0.2263,0.0027,0.1934,21399.9559,20081.5186,True,0.0346,0.8368,26457.0054,16850.0,0.0302,102.71,2214000.0,0.9414,0.249,コナミグループ,プライム（内国株式）,情報・通信業
9767,2026-10-01,1750.0,-0.0119,-0.0085,0.1211,0.1792,0.1222,0.1464,1650.36,1557.3733,True,0.0604,0.8345,2097.0,1331.0,0.0235,0.0309,175000.0,1.2144,0.5104,日建工学,スタンダード（内国株式）,サービス業
9768,2026-10-01,3810.0,-0.0013,0.0256,-0.0142,0.0948,-0.0131,0.062,3797.8,3590.0667,True,0.0032,0.784,4860.0,2990.0,0.0151,0.3426,381000.0,0.6325,0.2435,いであ,スタンダード（内国株式）,サービス業
9769,2026-10-01,2543.0,0.0036,0.0053,-0.0418,0.0091,-0.0407,-0.0237,2584.4133,2586.6978,True,-0.016,0.9154,2778.0,2186.6011,0.0135,0.4011,254300.0,1.2326,0.3285,学究社,プライム（内国株式）,サービス業
9778,2026-10-01,5550.0,0.0036,0.0073,-0.0194,0.0054,-0.0183,-0.0274,5581.6,5620.9333,False,-0.0057,0.8087,6862.9693,5380.0,0.0064,0.0166,555000.0,0.4743,0.252,昴,スタンダード（内国株式）,サービス業
9780,2026-10-01,1142.0,0.0178,0.0249,0.0062,0.2508,0.0073,0.218,1129.5638,1004.3346,True,0.011,0.9719,1175.0,804.572,0.0315,0.0719,114200.0,0.5317,0.1613,ハリマビステム,スタンダード（内国株式）,サービス業
9782,2026-10-01,3240.0,-0.0107,-0.0382,-0.0886,-0.0471,-0.0875,-0.0799,3444.3039,3424.968,True,-0.0593,0.8209,3946.7346,2711.5707,0.0161,1.3261,324000.0,1.1587,0.5478,ディーエムエス,スタンダード（内国株式）,サービス業
9788,2026-10-01,512.0,0.0039,0.0019,-0.0229,0.0039,-0.0217,-0.0289,517.28,519.5733,True,-0.0102,0.9383,545.6612,478.0,0.0088,0.2056,51200.0,0.7716,0.3117,ナック,プライム（内国株式）,サービス業
9790,2026-10-01,2990.0,0.0064,-0.0197,-0.0417,-0.0355,-0.0405,-0.0683,3030.0,3087.4267,False,-0.0132,0.8617,3470.0,2826.7964,0.0159,1.0329,299000.0,0.8554,0.3095,福井コンピュータホールディングス,プライム（内国株式）,情報・通信業
9791,2026-10-01,1178.0,0.0017,-0.0001,-0.0312,0.0068,-0.0301,-0.026,1187.412,1180.0573,True,-0.0079,0.8059,1461.6405,1072.0,0.0121,0.0303,117800.0,0.9634,0.4444,ビケンテクノ,スタンダード（内国株式）,サービス業
9793,2026-10-01,3540.0,0.0014,-0.0432,-0.0672,-0.1118,-0.066,-0.1446,3705.4555,3775.7835,False,-0.0447,0.809,4376.0232,3004.0626,0.0204,4.865,354000.0,1.0286,0.4158,ダイセキ,プライム（内国株式）,サービス業
9795,2026-10-01,2195.0,-0.005,-0.0166,-0.0583,-0.0249,-0.0572,-0.0577,2279.1946,2253.5182,True,-0.0369,0.8527,2574.1448,2156.0,0.013,0.663,219500.0,2.2418,0.4605,ステップ,プライム（内国株式）,サービス業
9799,2026-10-01,938.0,-0.0074,-0.0155,-0.0448,0.0263,-0.0436,-0.0066,953.9472,931.9157,True,-0.0167,0.6769,1385.7747,825.0,0.0179,0.0473,93800.0,0.6144,0.2568,旭情報サービス,スタンダード（内国株式）,情報・通信業
9812,2026-10-01,231.0,-0.0043,-0.0212,-0.0685,0.0221,-0.0674,-0.0107,240.36,233.6533,True,-0.0389,0.7086,326.0,216.0,0.0114,0.01,23100.0,0.9485,0.5297,テーオーホールディングス,スタンダード（内国株式）,小売業
9816,2026-10-01,257.0,-0.0115,0.0,0.0078,0.0936,0.009,0.0608,254.36,246.6667,False,0.0104,0.68,377.9623,228.0,0.0442,0.0459,25700.0,3.0102,0.4667,ストライダーズ,スタンダード（内国株式）,不動産業
9818,2026-10-01,1531.0,-0.0142,-0.0026,-0.0359,-0.0058,-0.0347,-0.0387,1555.7899,1542.01,False,-0.0159,0.6058,2527.1842,1427.8045,0.014,0.0206,153100.0,0.8653,0.3078,大丸エナウィン,スタンダード（内国株式）,卸売業
9820,2026-10-01,3935.0,-0.0025,0.0424,0.0301,0.1132,0.0313,0.0803,3812.0,3694.4,True,0.0323,0.9276,4242.2005,3184.1226,0.0101,0.0213,393500.0,0.8086,0.5802,エムティジェネックス,スタンダード（内国株式）,不動産業
9823,2026-10-01,987.0,-0.01,-0.0137,-0.0436,-0.0361,-0.0424,-0.069,1012.7702,1024.7634,False,-0.0254,0.5515,1789.6937,974.0,0.0142,0.8565,98700.0,1.0849,0.256,マミーマートホールディングス,スタンダード（内国株式）,小売業
9824,2026-10-01,8170.0,0.0225,0.0408,0.1131,0.2212,0.1142,0.1884,7662.0,7000.4,True,0.0663,1.0,8170.0,4104.5317,0.0301,6.1363,817000.0,1.0035,0.2483,泉州電業,プライム（内国株式）,卸売業
9827,2026-10-01,651.0,-0.0031,0.0301,0.0046,0.0603,0.0058,0.0274,637.36,624.0933,True,0.0214,0.9355,695.8519,580.0,0.0108,0.0927,65100.0,0.8666,0.4571,リリカラ,スタンダード（内国株式）,卸売業
9828,2026-10-01,3225.0,-0.0077,-0.0286,-0.0979,0.0222,-0.0967,-0.0107,3391.1937,3284.8912,True,-0.049,0.8764,3680.0,2571.0,0.0222,2.774,322500.0,1.3021,0.4532,Ｇｅｎｋｉ　Ｇｌｏｂａｌ　Ｄｉｎｉｎｇ　Ｃｏｎｃｅｐｔｓ,スタンダード（内国株式）,小売業
9830,2026-10-01,2399.0,0.0084,0.0013,-0.0119,0.0499,-0.0108,0.017,2400.92,2347.4975,True,-0.0008,0.8845,2712.2137,2061.7554,0.018,2.4317,239900.0,0.9146,0.2252,トラスコ中山,プライム（内国株式）,卸売業
9831,2026-10-01,712.8,-0.0008,-0.0092,-0.0056,0.1136,-0.0044,0.0807,711.3,692.4547,True,0.0021,0.9286,767.6,427.2969,0.0192,35.5375,71279.9988,1.2582,0.1723,ヤマダホールディングス,プライム（内国株式）,小売業
9832,2026-10-01,1551.0,-0.0006,-0.0127,-0.019,0.0594,-0.0178,0.0266,1575.1442,1525.1414,True,-0.0153,0.8854,1751.7597,1431.0,0.0166,6.5929,155100.0,2.1521,0.3852,オートバックスセブン,プライム（内国株式）,卸売業
9835,2026-10-01,511.0,0.0,0.002,0.0039,0.0079,0.0051,-0.025,509.96,510.0933,True,0.002,0.9733,525.0,471.5871,0.0046,0.0128,51100.0,0.5545,0.297,ジュンテンドー,スタンダード（内国株式）,小売業
9837,2026-10-01,1830.0,0.006,0.0155,-0.0071,0.0252,-0.0059,-0.0076,1804.44,1798.2667,True,0.0142,0.8804,2078.58,1468.451,0.013,0.908,183000.0,0.8578,0.3036,モリト,プライム（内国株式）,卸売業
9842,2026-10-01,1865.0,-0.0005,-0.008,0.0059,-0.0147,0.0071,-0.0476,1875.187,1874.4191,True,-0.0054,0.9299,2005.5801,1695.9741,0.0122,3.2976,186500.0,0.4986,0.2245,アークランズ,プライム（内国株式）,小売業
9843,2026-10-01,2953.0,0.0044,-0.0214,-0.0312,0.2547,-0.03,0.2219,3111.0807,2761.3336,True,-0.0508,0.8504,3472.6243,2216.5,0.0366,130.1108,295300.0,1.1029,0.3968,ニトリホールディングス,プライム（内国株式）,小売業
9845,2026-10-01,1351.0,-0.0329,-0.0144,-0.0513,-0.021,-0.0501,-0.0539,1377.0312,1417.2371,True,-0.0189,0.7903,1709.4791,1027.2469,0.0202,0.1375,135100.0,1.1187,0.3126,パーカーコーポレーション,スタンダード（内国株式）,化学
9846,2026-10-01,982.0,0.0041,-0.001,0.0,-0.001,0.0012,-0.0339,983.0776,986.6095,True,-0.0011,0.9812,1000.829,931.321,0.0046,0.0757,98200.0,0.9406,0.2222,天満屋ストア,スタンダード（内国株式）,小売業
9849,2026-10-01,4465.0,0.0011,-0.0165,-0.0122,0.0,-0.011,-0.0329,4510.8,4491.2,True,-0.0102,0.9563,4669.2475,4420.0,0.0038,0.0128,446500.0,2.0769,0.525,共同紙販ホールディングス,スタンダード（内国株式）,卸売業
9850,2026-10-01,953.0,-0.0083,-0.0364,-0.0403,-0.0094,-0.0391,-0.0422,986.4,972.6267,True,-0.0339,0.9282,1026.711,927.4159,0.0081,0.5301,95300.0,1.5243,0.5704,グルメ杵屋,プライム（内国株式）,小売業
9853,2026-10-01,909.0,0.0022,0.0011,-0.0022,0.0078,-0.001,-0.0251,908.64,907.1333,True,0.0004,0.9372,969.9219,897.0,0.0028,0.0186,90900.0,1.0349,0.24,銀座ルノアール,スタンダード（内国株式）,小売業
9854,2026-10-01,266.0,-0.0075,-0.0327,-0.0634,-0.0397,-0.0622,-0.0726,280.04,272.92,True,-0.0501,0.8185,325.0,165.0,0.0226,0.1354,26600.0,0.5159,0.3833,愛眼,スタンダード（内国株式）,小売業
9856,2026-10-01,1203.0,0.0017,-0.0075,-0.052,0.0443,-0.0509,0.0114,1229.5226,1195.3742,True,-0.0216,0.9215,1305.4529,1109.6834,0.0124,0.4127,120300.0,0.9363,0.356,ケーユーホールディングス,スタンダード（内国株式）,小売業
9861,2026-10-01,3688.0,0.0129,0.0196,-0.0358,0.1885,-0.0347,0.1557,3762.2643,3571.3873,True,-0.0197,0.9024,4087.0874,2944.0588,0.0214,13.1352,368800.0,0.6564,0.4329,吉野家ホールディングス,プライム（内国株式）,小売業
9869,2026-10-01,6560.0,-0.0061,-0.0238,-0.018,0.0933,-0.0168,0.0605,6707.9765,6357.3255,True,-0.0221,0.9266,7080.0,5632.2439,0.0178,2.5187,656000.0,1.2691,0.3677,加藤産業,プライム（内国株式）,卸売業
9872,2026-10-01,960.0,-0.0052,0.0084,-0.0021,0.0667,-0.0009,0.0338,956.36,933.4,True,0.0038,0.9915,968.2615,854.0,0.0083,0.0365,96000.0,1.1903,0.3405,北恵,スタンダード（内国株式）,卸売業
9876,2026-10-01,224.0,0.009,0.0182,0.0045,-0.0132,0.0056,-0.0461,220.4,223.9733,True,0.0163,0.6914,324.0,210.0,0.0172,0.0413,22400.0,0.7279,0.2593,コックス,スタンダード（内国株式）,小売業
9878,2026-10-01,381.0,-0.0155,-0.0231,-0.0752,-0.095,-0.0741,-0.1279,405.36,413.6,False,-0.0601,0.5498,693.0,380.0,0.0219,0.0377,38100.0,1.5746,0.4547,セキド,スタンダード（内国株式）,小売業
9880,2026-10-01,3860.0,0.0619,0.1349,0.114,0.0225,0.1152,-0.0103,3466.6153,3618.4718,False,0.1135,0.7854,4915.0,1493.7265,0.0291,4.6982,386000.0,0.8079,0.5335,イノテック,プライム（内国株式）,電気機器
9882,2026-10-01,1665.0,0.003,-0.017,-0.0604,-0.0567,-0.0592,-0.0895,1742.8075,1768.2958,True,-0.0446,0.8805,1891.0,1407.2689,0.017,3.7327,166500.0,1.3128,0.4915,イエローハット,プライム（内国株式）,卸売業
9885,2026-10-01,332.0,0.003,-0.006,-0.006,-0.003,-0.0048,-0.0359,333.12,334.5733,False,-0.0034,0.8709,381.2113,327.0,0.0073,0.0258,33200.0,1.6511,0.2059,シャルレ,スタンダード（内国株式）,卸売業
9887,2026-10-01,5150.0,0.0098,-0.0013,-0.0445,0.0763,-0.0434,0.0434,5237.2298,4995.1433,True,-0.0167,0.7469,6895.3497,4385.0,0.0217,3.3538,515000.0,1.0304,0.3584,松屋フーズホールディングス,プライム（内国株式）,小売業
9888,2026-10-01,1247.0,0.0097,-0.0128,-0.056,0.2882,-0.0549,0.2554,1251.1056,1118.3019,True,-0.0033,0.9369,1331.0,693.0,0.0237,0.6989,124700.0,0.7389,0.2202,ＵＥＸ,スタンダード（内国株式）,卸売業
9889,2026-10-01,1744.0,0.0093,0.0529,-0.0262,0.3572,-0.0251,0.3243,1685.1136,1531.7179,True,0.0349,0.9593,1818.0,1145.0,0.0261,2.9529,174400.0,0.8858,0.2812,ＪＢＣＣホールディングス,プライム（内国株式）,情報・通信業
9890,2026-10-01,1417.0,-0.0105,-0.0289,0.0165,0.067,0.0177,0.0342,1427.3707,1371.2702,True,-0.0073,0.8873,1597.0,1146.0128,0.0254,0.1549,141700.0,1.2149,0.3066,マキヤ,スタンダード（内国株式）,小売業
9895,2026-10-01,1257.0,-0.0087,-0.0241,-0.0087,-0.0263,-0.0075,-0.0592,1274.8,1267.5467,True,-0.014,0.8643,1454.3931,1185.0611,0.0068,0.0095,125700.0,1.4621,0.5176,コンセック,スタンダード（内国株式）,卸売業
9896,2026-10-01,1385.0,-0.0142,-0.0046,-0.0335,-0.0501,-0.0323,-0.0829,1411.4617,1428.5006,True,-0.0187,0.8839,1566.8485,1159.2131,0.0204,0.4734,138500.0,1.1219,0.2164,ＪＫホールディングス,スタンダード（内国株式）,卸売業
9900,2026-10-01,1087.0,0.0492,-0.0037,-0.0431,0.3305,-0.042,0.2976,1110.42,997.0667,True,-0.0211,0.9165,1186.0,757.5,0.0308,3.7948,108700.0,1.4425,0.4657,サガミホールディングス,プライム（内国株式）,小売業
9902,2026-10-01,3205.0,-0.0062,0.0047,0.0457,0.2223,0.0468,0.1895,3128.5963,2906.7454,True,0.0244,0.9639,3325.0,2286.5017,0.0224,2.6062,320500.0,1.351,0.2436,日伝,プライム（内国株式）,卸売業
9903,2026-10-01,900.0,-0.0153,0.0135,0.0045,-0.0175,0.0056,-0.0503,894.44,915.64,False,0.0062,0.6338,1420.0,828.8145,0.0112,0.0128,90000.0,0.4449,0.3277,カンセキ,スタンダード（内国株式）,小売業
9904,2026-10-01,230.0,-0.0254,-0.0496,-0.0763,0.0455,-0.0751,0.0126,243.52,236.6645,False,-0.0555,0.5513,417.2055,207.1233,0.0158,0.042,23000.0,0.5433,0.4118,ベリテ,スタンダード（内国株式）,小売業
9906,2026-10-01,4175.0,-0.0107,-0.0118,-0.0533,-0.0257,-0.0521,-0.0585,4287.0112,4124.8704,True,-0.0261,0.8384,4980.0,3220.4305,0.0256,0.1197,417500.0,1.1132,0.2476,藤井産業,スタンダード（内国株式）,卸売業
9908,2026-10-01,2951.0,0.0024,0.0158,0.0058,0.1144,0.007,0.0816,2867.8546,2706.6982,True,0.029,0.9788,3015.0,1971.4411,0.0182,0.4797,295100.0,0.781,0.283,日本電計,スタンダード（内国株式）,卸売業
9913,2026-10-01,3700.0,-0.0094,0.0095,0.0193,0.0511,0.0204,0.0183,3604.4,3411.4667,True,0.0265,0.815,4540.0,2503.0597,0.0162,0.0989,370000.0,0.2523,0.25,日邦産業,スタンダード（内国株式）,卸売業
9928,2026-10-01,2133.0,0.009,0.0245,0.026,0.2161,0.0271,0.1832,2044.08,1887.24,True,0.0435,0.9944,2145.0,1624.0814,0.0193,0.934,213300.0,1.3132,0.3433,ミロク情報サービス,プライム（内国株式）,情報・通信業
9929,2026-10-01,470.0,-0.0021,0.0086,-0.0042,0.0086,-0.0031,-0.0243,472.2,469.4,True,-0.0047,0.9332,503.625,431.5641,0.008,0.0104,47000.0,1.4176,0.3429,平和紙業,スタンダード（内国株式）,卸売業
9930,2026-10-01,395.0,0.0128,-0.01,-0.0025,0.1127,-0.0014,0.0798,398.84,381.4,True,-0.0096,0.945,418.0,321.676,0.0143,0.0242,39500.0,0.8084,0.2835,北沢産業,スタンダード（内国株式）,卸売業
9932,2026-10-01,1348.0,-0.0044,0.0432,-0.0007,0.1058,0.0004,0.073,1316.2457,1271.5219,True,0.0241,0.6832,1973.0209,1113.0,0.0166,0.4288,134800.0,0.9675,0.3648,杉本商事,プライム（内国株式）,卸売業
9934,2026-10-01,3139.0,0.0123,0.0199,0.0175,0.1404,0.0187,0.1076,3066.5584,2901.7728,True,0.0236,0.9902,3170.0,1987.2975,0.0179,6.4992,313900.0,1.1572,0.2086,因幡電機産業,プライム（内国株式）,卸売業
9936,2026-10-01,2887.0,0.0137,-0.0052,-0.025,-0.0096,-0.0238,-0.0425,2938.4454,2903.1351,True,-0.0175,0.7446,3877.0849,2599.0,0.0142,9.4056,288700.0,1.3893,0.4859,王将フードサービス,プライム（内国株式）,小売業
9941,2026-10-01,1042.0,-0.044,-0.073,-0.1324,-0.2718,-0.1312,-0.3047,1180.56,1255.6267,True,-0.1174,0.5085,2049.0,603.0,0.0478,0.3386,104200.0,0.4124,0.367,太洋物産,スタンダード（内国株式）,卸売業
9946,2026-10-01,1787.0,-0.0022,0.0017,-0.0089,-0.0283,-0.0077,-0.0612,1799.6798,1812.9252,False,-0.007,0.8214,2175.4356,1726.7265,0.0103,1.3036,178700.0,0.6304,0.2062,ミニストップ,プライム（内国株式）,小売業
9948,2026-10-01,3590.0,-0.0083,-0.0323,-0.0414,0.0674,-0.0402,0.0346,3714.4951,3543.9484,True,-0.0335,0.9097,3946.5029,2924.4223,0.0191,3.6577,359000.0,0.9695,0.3427,アークス,プライム（内国株式）,小売業
9950,2026-10-01,3340.0,0.0015,-0.0045,-0.0277,-0.0248,-0.0265,-0.0577,3401.9988,3411.3329,False,-0.0182,0.9557,3494.7063,3315.0,0.0066,0.1603,334000.0,2.791,0.4744,ハチバン,スタンダード（内国株式）,小売業
9955,2026-10-01,2737.0,0.0167,-0.027,-0.0376,0.01,-0.0365,-0.0229,2805.56,2764.96,True,-0.0244,0.864,3167.6643,2479.602,0.0076,0.0567,273700.0,1.6558,0.6808,ヨンキュウ,スタンダード（内国株式）,卸売業
9956,2026-10-01,1632.0,0.0025,-0.0037,-0.5017,-0.5256,-0.5005,-0.5584,2901.7599,3221.3866,False,-0.4376,0.4085,3995.0,1608.0,0.1112,5.9021,163200.0,0.7886,1.0174,バローホールディングス,プライム（内国株式）,小売業
9959,2026-10-01,920.0,0.0022,-0.0116,-0.0631,0.0166,-0.062,-0.0163,959.0671,972.849,True,-0.0407,0.6379,1442.2139,673.25,0.0091,0.267,92000.0,0.4657,0.395,アシードホールディングス,スタンダード（内国株式）,小売業
9960,2026-10-01,4195.0,0.006,-0.0362,0.091,0.0219,0.0922,-0.0109,4073.3116,4008.7039,True,0.0299,0.9281,4520.0,2923.3971,0.0291,4.1027,419500.0,1.1155,0.3198,東テク,プライム（内国株式）,卸売業
9962,2026-10-01,3974.0,0.0298,0.0457,0.0569,-0.0224,0.0581,-0.0552,3683.8374,3768.1191,True,0.0788,0.9453,4204.0,2089.3996,0.0308,49.2826,397400.0,1.0834,0.435,ミスミグループ本社,プライム（内国株式）,卸売業
9969,2026-10-01,235.0,-0.0126,-0.0126,0.0,0.0217,0.0012,-0.0111,235.88,234.32,True,-0.0037,0.8921,263.4225,221.0,0.0106,0.0112,23500.0,1.1677,0.24,ショクブン,スタンダード（内国株式）,小売業
9972,2026-10-01,289.0,0.0212,0.0471,0.0321,0.1115,0.0333,0.0787,279.24,275.72,True,0.035,0.906,319.0,245.7447,0.0188,0.026,28900.0,0.3795,0.3684,アルテック,スタンダード（内国株式）,卸売業
9973,2026-10-01,19.0,0.0,0.0,-0.0952,-0.0952,-0.0941,-0.1281,19.8,19.9733,False,-0.0404,0.4419,43.0,19.0,0.0564,0.126,1900.0,0.6325,0.1867,ＫＯＺＯホールディングス,スタンダード（内国株式）,小売業
9974,2026-10-01,6610.0,-0.0045,-0.0279,-0.0322,0.0205,-0.0311,-0.0124,6820.0915,6569.3416,True,-0.0308,0.8203,8058.2271,5912.8957,0.0214,1.9309,661000.0,1.0219,0.403,ベルク,プライム（内国株式）,小売業
9976,2026-10-01,1077.0,-0.0137,-0.0643,0.0209,0.0446,0.022,0.0118,1093.8,1066.1467,True,-0.0154,0.7636,1410.4546,967.8636,0.0245,0.0337,107700.0,2.759,0.5297,セキチュー,スタンダード（内国株式）,小売業
9978,2026-10-01,44.0,-0.0222,0.0,-0.0222,-0.0222,-0.0211,-0.0551,44.4,44.9067,False,-0.009,0.7333,60.0,43.0,0.0227,0.0208,4400.0,0.8074,0.1,文教堂グループホールディングス,スタンダード（内国株式）,小売業
9979,2026-10-01,1002.0,-0.0109,-0.0253,-0.052,-0.0664,-0.0509,-0.0993,1046.9308,1076.9359,False,-0.0429,0.8186,1223.9685,998.0,0.0158,0.9987,100200.0,2.017,0.3421,大庄,スタンダード（内国株式）,小売業
9980,2026-10-01,89.0,-0.0111,-0.043,-0.0729,-0.043,-0.0718,-0.0759,94.0,94.5067,False,-0.0532,0.4937,180.283,85.1887,0.0201,0.1145,8900.0,1.4949,0.392,ＭＲＫホールディングス,スタンダード（内国株式）,小売業
9982,2026-10-01,2759.0,-0.0171,0.0162,0.1036,0.0698,0.1048,0.0369,2643.8708,2537.1201,False,0.0435,0.9059,3045.4555,1719.7962,0.0296,0.1093,275900.0,0.6481,0.2619,タキヒヨー,スタンダード（内国株式）,卸売業
9983,2026-10-01,72750.0,0.0267,0.0711,0.0041,-0.1123,0.0053,-0.1451,69129.3191,76295.5692,False,0.0524,0.824,88293.2863,43972.6207,0.0222,761.955,7275000.0,0.9885,0.4617,ファーストリテイリング,プライム（内国株式）,小売業
9984,2026-10-01,6701.0,0.0421,0.0559,0.2887,0.0817,0.2898,0.0488,5931.1795,5933.8598,False,0.1298,0.7385,9074.0,3360.31,0.0619,4346.0868,670100.0,1.3207,0.2441,ソフトバンクグループ,プライム（内国株式）,情報・通信業
9986,2026-10-01,2499.0,0.006,0.0183,0.004,0.0159,0.0052,-0.017,2486.6551,2486.5784,False,0.005,0.8952,2791.7069,2363.6024,0.0073,0.0474,249900.0,0.7556,0.4301,蔵王産業,スタンダード（内国株式）,卸売業
9987,2026-10-01,2615.0,0.0077,-0.009,-0.492,-0.4689,-0.4909,-0.5018,4563.2493,4876.9364,False,-0.4269,0.3955,6612.4333,2538.0,0.1002,9.6554,261500.0,1.5772,1.0876,スズケン,プライム（内国株式）,卸売業
9989,2026-10-01,3573.0,-0.0011,-0.006,-0.0426,-0.0573,-0.0414,-0.0901,3677.4342,3747.3181,False,-0.0284,0.8137,4391.0555,3515.0,0.0147,20.8864,357300.0,1.2647,0.4964,サンドラッグ,プライム（内国株式）,小売業
9990,2026-10-01,754.0,0.004,-0.0131,-0.0105,0.0,-0.0093,-0.0329,756.12,754.3867,True,-0.0028,0.9237,816.2874,705.0,0.0102,0.413,75400.0,0.7853,0.35,サックスバー　ホールディングス,プライム（内国株式）,小売業
9991,2026-10-01,1773.0,-0.0011,-0.0068,0.0057,0.1315,0.0068,0.0986,1782.3945,1683.1182,True,-0.0053,0.9323,1901.8189,1301.3986,0.0156,0.6613,177300.0,0.7594,0.2597,ジェコス,プライム（内国株式）,卸売業
9993,2026-10-01,1150.0,-0.0017,-0.0103,-0.0069,-0.016,-0.0058,-0.0488,1158.7427,1164.3774,True,-0.0075,0.9621,1195.3532,1104.8414,0.0047,0.0471,115000.0,1.0402,0.2211,ヤマザワ,スタンダード（内国株式）,小売業
9994,2026-10-01,2004.0,-0.0005,0.0026,-0.0314,-0.0035,-0.0303,-0.0363,2037.8658,2055.3419,False,-0.0166,0.8312,2411.0,1986.0178,0.01,0.2612,200400.0,1.4079,0.3924,やまや,スタンダード（内国株式）,小売業
9996,2026-10-01,1993.0,0.0005,-0.0024,-0.0409,0.0066,-0.0397,-0.0263,2034.6237,2082.5012,False,-0.0205,0.8118,2454.9928,1902.0,0.0127,0.0193,199300.0,0.7207,0.2882,サトー商会,スタンダード（内国株式）,卸売業
9997,2026-10-01,1063.0,-0.0047,0.007,-0.0212,0.1131,-0.02,0.0802,1061.4485,1025.3495,True,0.0015,0.9594,1108.0,823.0,0.0191,3.9967,106300.0,1.7304,0.2413,ベルーナ,プライム（内国株式）,小売業
