code,date,close,ret1d,ret5d,ret20d,ret60d,rs20,rs60,sma25,sma75,sma75_rising,dev25,near_high,hi52w,lo52w,atr_pct,turn20_oku,lot_yen,vol_trend,contraction,name,market,sector33
1301,2026-10-02,4500.0,-0.0175,-0.0456,-0.0486,0.0239,-0.036,0.0082,4673.8,4568.0,True,-0.0372,0.8504,5291.8764,4165.0,0.0131,1.592,450000.0,0.8419,0.4073,極洋,プライム（内国株式）,水産・農林業
130A,2026-10-02,434.0,0.0046,0.0093,-0.0203,0.007,-0.0077,-0.0087,432.96,424.8933,True,0.0024,0.5473,793.0,390.0,0.0247,0.0399,43400.0,0.5168,0.1773,Ｖｅｒｉｔａｓ　Ｉｎ　Ｓｉｌｉｃｏ,グロース（内国株式）,医薬品
1332,2026-10-02,1098.0,-0.0183,-0.0384,-0.1318,-0.1392,-0.1192,-0.1548,1187.5313,1233.9139,False,-0.0754,0.7186,1528.0194,992.726,0.0201,23.5296,109800.0,1.2698,0.4225,ニッスイ,プライム（内国株式）,水産・農林業
1333,2026-10-02,1209.5,-0.0183,-0.0468,-0.0592,-0.0588,-0.0465,-0.0745,1260.9322,1272.787,True,-0.0408,0.7892,1532.6077,1066.4274,0.0147,5.6598,120950.0,1.0016,0.462,Ｕｍｉｏｓ,プライム（内国株式）,水産・農林業
135A,2026-10-02,5410.0,0.0364,0.112,0.3292,0.1838,0.3419,0.1681,4531.6,4211.8667,True,0.1938,0.9854,5490.0,2140.0,0.0401,4.278,541000.0,0.9851,0.4936,ＶＲＡＩＮ　Ｓｏｌｕｔｉｏｎ,グロース（内国株式）,情報・通信業
1375,2026-10-02,1136.0,-0.0198,-0.0307,-0.0266,-0.0114,-0.014,-0.0271,1166.5469,1147.4264,True,-0.0262,0.9475,1198.907,978.1538,0.0112,0.4861,113600.0,1.1929,0.337,ユキグニファクトリー,プライム（内国株式）,水産・農林業
1376,2026-10-02,1536.0,-0.0192,-0.0412,-0.0611,0.0528,-0.0485,0.0371,1597.8,1545.9733,True,-0.0387,0.8541,1798.4399,1351.7573,0.0173,0.2211,153600.0,0.9305,0.3358,カネコ種苗,スタンダード（内国株式）,水産・農林業
1377,2026-10-02,4255.0,-0.0116,-0.0308,-0.0362,0.0216,-0.0236,0.0059,4361.2,4334.9333,True,-0.0244,0.9024,4715.0,3448.6692,0.0133,4.1837,425500.0,0.9201,0.3722,サカタのタネ,プライム（内国株式）,水産・農林業
1379,2026-10-02,2018.0,-0.0151,-0.0458,-0.0686,0.0745,-0.056,0.0588,2095.41,1979.9382,True,-0.0369,0.9292,2171.6538,1767.0132,0.0178,1.6371,201800.0,0.8591,0.3749,ホクト,プライム（内国株式）,水産・農林業
137A,2026-10-02,697.0,-0.0099,-0.0169,0.0087,-0.1572,0.0213,-0.1729,705.28,719.0533,True,-0.0117,0.4697,1484.0,549.0,0.0232,0.0131,69700.0,0.3333,0.2044,Ｃｏｃｏｌｉｖｅ,グロース（内国株式）,情報・通信業
1381,2026-10-02,3485.0,-0.0141,-0.0306,-0.0211,-0.0085,-0.0084,-0.0242,3560.2,3519.1674,False,-0.0211,0.7842,4443.847,2907.8217,0.0184,0.1268,348500.0,0.6565,0.1944,アクシーズ,スタンダード（内国株式）,水産・農林業
1382,2026-10-02,769.0,-0.0363,-0.1291,-0.1446,-0.3078,-0.132,-0.3235,866.96,1014.2345,False,-0.113,0.2185,3519.3102,739.0,0.0354,0.0255,76900.0,1.1918,0.5843,ホーブ,スタンダード（内国株式）,水産・農林業
1383,2026-10-02,3060.0,0.0,0.0049,0.0214,0.0681,0.034,0.0524,3014.52,2969.8933,True,0.0151,0.9094,3365.0,2803.0,0.0085,0.0393,306000.0,0.9594,0.3133,ベルグアース,スタンダード（内国株式）,水産・農林業
1384,2026-10-02,2090.0,-0.0076,-0.0252,-0.0577,0.024,-0.0451,0.0083,2173.76,2101.4533,True,-0.0385,0.6452,3239.2881,1952.0,0.0147,0.232,209000.0,0.6782,0.3735,ホクリヨウ,スタンダード（内国株式）,水産・農林業
138A,2026-10-02,3105.0,-0.0111,-0.0064,-0.008,0.0448,0.0046,0.0291,3114.0,3032.1733,True,-0.0029,0.8771,3540.0,2349.0542,0.0084,0.0362,310500.0,0.9503,0.5178,光フードサービス,グロース（内国株式）,小売業
1401,2026-10-02,1735.0,0.0303,0.1974,0.2804,0.3418,0.2931,0.3262,1399.96,1334.52,True,0.2393,0.8776,1977.0,1186.2069,0.0308,0.1701,173500.0,2.762,0.8217,エムビーエス,グロース（内国株式）,建設業
1407,2026-10-02,2217.0,-0.0014,0.0231,-0.1672,-0.0599,-0.1545,-0.0756,2345.0831,2445.2128,False,-0.0546,0.6868,3228.0309,1250.6684,0.0381,9.9211,221700.0,0.6363,0.1635,ウエストホールディングス,スタンダード（内国株式）,建設業
1414,2026-10-02,1247.0,-0.0095,-0.0146,-0.0326,-0.0103,-0.02,-0.026,1264.22,1268.9107,True,-0.0136,0.828,1506.0763,1152.8426,0.0148,13.8639,124700.0,1.318,0.3,ショーボンドホールディングス,プライム（内国株式）,建設業
1417,2026-10-02,3441.0,-0.0035,-0.0265,-0.0571,-0.0945,-0.0444,-0.1102,3520.5546,3594.0324,False,-0.0226,0.801,4295.9705,2700.0957,0.0142,7.6466,344100.0,0.9256,0.3055,ミライト・ワン,プライム（内国株式）,建設業
1418,2026-10-02,604.0,-0.0066,0.0203,0.0168,0.1709,0.0295,0.1552,588.917,562.4194,True,0.0256,0.8804,686.0536,367.0246,0.014,0.2741,60400.0,0.7808,0.3322,インターライフホールディングス,スタンダード（内国株式）,建設業
1419,2026-10-02,2889.0,-0.0069,-0.0089,-0.0069,-0.0079,0.0057,-0.0236,2909.0,2936.4133,False,-0.0069,0.7252,3983.7329,2701.0,0.0106,2.4989,288900.0,0.4958,0.2093,タマホーム,プライム（内国株式）,建設業
141A,2026-10-02,3750.0,-0.017,0.0302,-0.0554,0.2195,-0.0428,0.2038,3904.8,3409.6449,True,-0.0396,0.7793,4812.1275,1984.5053,0.0382,20.7682,375000.0,0.8159,0.2479,トライアルホールディングス,グロース（内国株式）,小売業
1420,2026-10-02,629.0,-0.0032,-0.0047,-0.0126,-0.011,0.0001,-0.0267,632.08,633.9067,True,-0.0049,0.8802,714.5734,602.0,0.0045,0.0732,62900.0,0.7617,0.245,サンヨーホームズ,スタンダード（内国株式）,建設業
1429,2026-10-02,797.0,-0.0099,-0.0136,-0.0112,0.0829,0.0015,0.0672,800.0,768.84,True,-0.0038,0.8616,925.0,678.0,0.013,0.5918,79700.0,0.7935,0.3283,日本アクア,プライム（内国株式）,建設業
142A,2026-10-02,1070.0,0.0113,0.1568,0.2633,0.3914,0.2759,0.3757,892.56,808.48,True,0.1988,0.8472,1263.0,513.0,0.0565,0.2908,107000.0,3.0043,0.7149,ジンジブ,グロース（内国株式）,サービス業
1430,2026-10-02,1068.0,-0.0047,0.0009,0.0191,0.1435,0.0317,0.1278,1047.24,1003.8933,True,0.0198,0.9738,1096.7821,853.0,0.0116,0.2086,106800.0,0.8927,0.2253,ファーストコーポレーション,スタンダード（内国株式）,建設業
1431,2026-10-02,639.0,-0.0047,-0.0115,-0.022,-0.0038,-0.0094,-0.0194,650.333,646.8392,True,-0.0174,0.8247,774.8252,623.4663,0.015,0.2937,63900.0,2.8186,0.6396,Ｌｉｂ　Ｗｏｒｋ,グロース（内国株式）,建設業
1433,2026-10-02,1201.0,0.005,-0.005,-0.0747,0.062,-0.0621,0.0463,1232.64,1168.8843,True,-0.0257,0.8982,1337.124,980.789,0.0234,1.0085,120100.0,0.5899,0.1563,ベステラ,プライム（内国株式）,建設業
1434,2026-10-02,1613.0,-0.02,-0.0122,-0.0266,-0.13,-0.0139,-0.1457,1618.2879,1694.9741,False,-0.0033,0.6326,2549.9105,1069.9129,0.0218,0.4447,161300.0,0.2894,0.2357,ＪＥＳＣＯホールディングス,スタンダード（内国株式）,建設業
1435,2026-10-02,167.0,-0.0347,-0.067,-0.0618,0.0183,-0.0492,0.0026,176.6,169.8678,True,-0.0544,0.6067,275.2795,150.0621,0.0261,0.5571,16700.0,0.9011,0.3902,ｒｏｂｏｔ　ｈｏｍｅ,スタンダード（内国株式）,不動産業
1436,2026-10-02,1971.0,-0.003,0.1446,0.207,0.2635,0.2196,0.2478,1760.24,1537.3733,True,0.1197,0.9025,2184.0,690.4428,0.0449,1.8898,197100.0,0.9345,0.4048,グリーンエナジー＆カンパニー,グロース（内国株式）,建設業
1438,2026-10-02,2196.0,-0.0023,-0.036,-0.0569,0.179,-0.0443,0.1633,2268.2059,2075.2964,True,-0.0318,0.9246,2375.1653,1723.6774,0.0188,0.0517,219600.0,0.4821,0.2972,岐阜造園,スタンダード（内国株式）,建設業
143A,2026-10-02,695.0,-0.0029,-0.017,-0.0014,-0.0492,0.0112,-0.0649,704.44,694.8933,True,-0.0134,0.6065,1146.0,621.0,0.0224,0.0075,69500.0,0.6627,0.1606,イシン,グロース（内国株式）,サービス業
1443,2026-10-02,274.0,-0.0108,0.0,-0.0352,0.083,-0.0226,0.0673,277.12,262.2533,True,-0.0113,0.7334,373.5825,217.176,0.0211,0.1195,27400.0,0.7827,0.242,技研ホールディングス,スタンダード（内国株式）,建設業
1444,2026-10-02,2891.0,-0.0028,0.034,0.084,0.014,0.0966,-0.0016,2720.56,2757.4267,False,0.0626,0.9621,3005.0,2520.0,0.0107,0.0461,289100.0,0.6546,0.6176,ニッソウ,グロース（内国株式）,建設業
1446,2026-10-02,537.0,0.0,0.0172,0.0134,0.0325,0.026,0.0168,529.5869,526.6467,True,0.014,0.9151,586.8225,506.3551,0.0062,0.0282,53700.0,1.5796,0.421,キャンディル,スタンダード（内国株式）,建設業
1447,2026-10-02,315.0,-0.0125,-0.0367,-0.2464,-0.0337,-0.2338,-0.0494,363.52,354.4267,True,-0.1335,0.6704,469.8618,227.512,0.0576,0.573,31500.0,0.4255,0.248,ＳＡＡＦホールディングス,グロース（内国株式）,建設業
1450,2026-10-02,1505.0,0.0007,0.021,0.019,0.0712,0.0316,0.0555,1479.12,1433.6667,True,0.0175,0.8344,1803.6451,1300.0,0.0177,0.0501,150500.0,1.2022,0.3003,ＴＡＮＡＫＥＮ,スタンダード（内国株式）,建設業
145A,2026-10-02,879.0,-0.0023,-0.0057,-0.0456,0.0852,-0.033,0.0695,896.76,855.0,True,-0.0198,0.6767,1299.0,740.0,0.018,0.0495,87900.0,0.505,0.1892,Ｌ　ｉｓ　Ｂ,グロース（内国株式）,情報・通信業
146A,2026-10-02,3620.0,0.0,-0.0203,0.0328,0.1384,0.0454,0.1227,3618.2,3367.0267,True,0.0005,0.7686,4710.0,2550.0,0.0322,1.6883,362000.0,0.4867,0.2233,コロンビア・ワークス,スタンダード（内国株式）,不動産業
147A,2026-10-02,971.0,-0.0072,-0.0142,-0.0122,-0.1708,0.0004,-0.1865,989.92,1024.8667,False,-0.0191,0.7273,1335.0,852.0,0.0218,0.8752,97100.0,0.734,0.2791,ソラコム,グロース（内国株式）,情報・通信業
148A,2026-10-02,1888.0,-0.0063,0.0431,0.0977,0.1333,0.1103,0.1176,1744.52,1709.2133,True,0.0822,0.5984,3155.0,1640.0,0.0217,0.0463,188800.0,2.026,0.5122,ハッチ・ワーク,グロース（内国株式）,情報・通信業
1491,2026-10-02,701.0,-0.0085,-0.0514,-0.0397,-0.0397,-0.0271,-0.0554,724.64,718.6133,True,-0.0326,0.5709,1227.8723,632.0,0.0358,0.2014,70100.0,0.9962,0.4068,中外鉱業,スタンダード（内国株式）,非鉄金属
149A,2026-10-02,806.0,-0.0037,0.0012,0.01,0.0062,0.0226,-0.0094,801.64,777.4,True,0.0054,0.4543,1774.0,672.0,0.0183,0.0422,80600.0,0.9537,0.1563,シンカ,グロース（内国株式）,情報・通信業
150A,2026-10-02,740.0,0.0335,-0.068,-0.0715,1.0728,-0.0589,1.0572,765.88,571.5333,True,-0.0338,0.8409,880.0,329.0,0.0751,2.0808,74000.0,0.4735,0.3329,ＪＳＨ,グロース（内国株式）,サービス業
1514,2026-10-02,617.0,-0.0191,-0.0404,-0.0623,0.13,-0.0497,0.1144,652.28,607.8933,True,-0.0541,0.4043,1526.1378,495.9703,0.027,1.601,61700.0,0.6613,0.2764,住石ホールディングス,スタンダード（内国株式）,鉱業
1515,2026-10-02,3190.0,-0.0109,-0.0075,-0.1897,0.3077,-0.1771,0.292,3454.589,3028.9531,True,-0.0766,0.7233,4410.1905,1525.819,0.0476,23.1187,319000.0,0.7185,0.2509,日鉄鉱業,プライム（内国株式）,鉱業
1518,2026-10-02,2207.0,-0.0165,-0.0121,-0.0429,0.4641,-0.0302,0.4484,2228.6189,1954.962,True,-0.0097,0.9456,2333.9787,1173.9273,0.0172,8.2359,220700.0,0.8745,0.327,三井松島ホールディングス,プライム（内国株式）,その他製品
151A,2026-10-02,618.0,-0.0048,-0.0222,-0.0735,-0.0359,-0.0608,-0.0516,639.52,632.7467,True,-0.0337,0.7611,812.0,566.0,0.0212,0.0591,61800.0,1.1363,0.2295,ダイブグループ,グロース（内国株式）,サービス業
153A,2026-10-02,1544.0,-0.0754,-0.0637,0.0612,0.2091,0.0738,0.1934,1577.08,1360.2933,False,-0.021,0.5849,2639.6417,958.0,0.0736,1.6184,154400.0,1.1575,0.2374,カウリス,グロース（内国株式）,情報・通信業
155A,2026-10-02,732.0,-0.024,-0.085,-0.1286,-0.1775,-0.1159,-0.1932,811.28,842.08,False,-0.0977,0.4183,1750.0,727.0,0.0341,0.3296,73200.0,1.2207,0.4934,情報戦略テクノロジー,グロース（内国株式）,情報・通信業
156A,2026-10-02,850.0,-0.0162,-0.0275,-0.0082,-0.0294,0.0045,-0.045,863.9932,838.2963,True,-0.0162,0.898,946.5167,624.5458,0.0181,0.266,85000.0,0.5122,0.2474,マテリアルグループ,グロース（内国株式）,サービス業
157A,2026-10-02,760.0,-0.0143,-0.0117,0.0229,-0.1264,0.0355,-0.1421,750.24,800.8514,False,0.013,0.3586,2119.2418,507.591,0.0337,0.1199,76000.0,0.399,0.3549,グリーンモンスター,グロース（内国株式）,サービス業
1605,2026-10-02,3696.0,0.0235,-0.0417,-0.1012,0.14,-0.0885,0.1244,3866.64,3632.5772,True,-0.0441,0.7586,4872.1947,2501.3907,0.0278,221.1304,369600.0,1.0814,0.4686,ＩＮＰＥＸ,プライム（内国株式）,鉱業
160A,2026-10-02,1930.0,-0.0257,-0.0355,-0.0311,-0.035,-0.0185,-0.0507,1968.4,1998.8667,False,-0.0195,0.5617,3435.6946,1880.0,0.0175,0.1688,193000.0,0.9463,0.3485,アズパートナーズ,スタンダード（内国株式）,サービス業
1662,2026-10-02,1754.0,0.0069,-0.0571,-0.1033,0.1007,-0.0907,0.0851,1862.7872,1747.7825,True,-0.0584,0.6407,2737.8208,1160.5874,0.0285,25.6559,175400.0,0.9732,0.465,石油資源開発,プライム（内国株式）,鉱業
1663,2026-10-02,1894.0,0.0,-0.0125,-0.0614,0.0016,-0.0488,-0.0141,1949.48,1896.046,False,-0.0285,0.6708,2823.3652,1503.7409,0.0209,3.6608,189400.0,0.9592,0.3468,Ｋ＆Ｏエナジーグループ,プライム（内国株式）,鉱業
166A,2026-10-02,972.0,-0.0357,-0.0845,-0.1673,-0.0911,-0.1547,-0.1068,1070.7834,1084.0929,True,-0.0923,0.8112,1198.2726,605.8778,0.0263,3.9847,97200.0,0.9,0.4361,タスキホールディングス,プライム（内国株式）,不動産業
167A,2026-10-02,3210.0,-0.0273,-0.0344,0.001,0.1895,0.0136,0.1738,3181.0459,2938.8473,True,0.0091,0.9614,3338.9585,2551.7084,0.0189,4.6822,321000.0,0.9147,0.3072,リョーサン菱洋ホールディングス,プライム（内国株式）,卸売業
168A,2026-10-02,1061.0,-0.0047,0.0057,-0.013,-0.0275,-0.0004,-0.0432,1070.24,1075.8133,False,-0.0086,0.5573,1903.7453,1032.0,0.018,0.0295,106100.0,0.7711,0.173,イタミアート,グロース（内国株式）,その他製品
1711,2026-10-02,235.0,-0.0042,-0.0447,-0.0524,0.0398,-0.0398,0.0242,244.04,236.9067,True,-0.037,0.6891,341.0,212.0,0.0198,0.0686,23500.0,1.093,0.4738,ＳＤＳホールディングス,スタンダード（内国株式）,建設業
1716,2026-10-02,1336.0,-0.0147,-0.0255,-0.0505,-0.0347,-0.0378,-0.0504,1379.48,1388.3911,True,-0.0315,0.8492,1573.2838,1230.7608,0.0118,0.3401,133600.0,1.0629,0.3564,第一カッター興業,スタンダード（内国株式）,建設業
1717,2026-10-02,928.0,-0.0054,-0.0085,-0.0252,0.0087,-0.0126,-0.007,939.96,935.12,True,-0.0127,0.8385,1106.692,880.0,0.0094,0.1234,92800.0,1.058,0.2984,明豊ファシリティワークス,スタンダード（内国株式）,サービス業
1718,2026-10-02,2283.0,-0.0176,-0.0408,-0.0553,-0.0145,-0.0427,-0.0302,2352.3333,2316.7763,True,-0.0295,0.7018,3253.0229,2195.8721,0.0123,0.0856,228300.0,0.4967,0.4167,美樹工業,スタンダード（内国株式）,建設業
1719,2026-10-02,1775.5,-0.0166,-0.0427,-0.0732,0.0042,-0.0606,-0.0115,1857.4289,1807.4182,True,-0.0441,0.8168,2173.6873,1541.6903,0.0182,13.7686,177550.0,1.156,0.3664,安藤・間,プライム（内国株式）,建設業
1720,2026-10-02,1187.0,-0.0117,-0.0109,0.0047,0.0157,0.0174,0.0001,1178.3383,1157.7961,True,0.0074,0.7237,1640.1899,993.0269,0.02,3.456,118700.0,1.049,0.197,東急建設,プライム（内国株式）,建設業
1721,2026-10-02,5487.0,0.0103,-0.0073,0.0004,0.0186,0.0131,0.0029,5424.5041,5318.4226,True,0.0115,0.894,6137.7971,3507.9949,0.0246,30.7139,548700.0,1.3643,0.3172,コムシスホールディングス,プライム（内国株式）,建設業
1723,2026-10-02,2125.0,-0.0189,-0.163,-0.1091,-0.1109,-0.0964,-0.1266,2396.2842,2279.0848,True,-0.1132,0.6879,3089.3336,1221.9921,0.0454,5.9395,212500.0,1.2202,0.5534,日本電技,スタンダード（内国株式）,建設業
1724,2026-10-02,731.0,0.0027,0.0055,0.0139,0.0564,0.0265,0.0407,719.48,701.1712,True,0.016,0.9863,741.1487,635.9529,0.0096,0.0236,73100.0,1.1055,0.3571,シンクレイヤ,スタンダード（内国株式）,建設業
1736,2026-10-02,2500.0,-0.0016,0.0159,0.0515,0.0111,0.0642,-0.0046,2402.0223,2405.0138,True,0.0408,0.934,2676.5758,1533.8543,0.0156,0.0977,250000.0,0.6832,0.4399,オーテック,スタンダード（内国株式）,建設業
173A,2026-10-02,1599.0,0.0013,0.0123,0.0343,0.1822,0.0469,0.1666,1549.5348,1472.8439,True,0.0319,0.9004,1775.8248,1261.7094,0.0224,0.041,159900.0,0.9877,0.3419,ハンモック,グロース（内国株式）,情報・通信業
175A,2026-10-02,643.0,0.0078,-0.0031,-0.0062,0.0611,0.0064,0.0454,640.6,618.3467,True,0.0037,0.3989,1612.0,586.0,0.019,0.0708,64300.0,0.2085,0.1965,Ｗｉｌｌ　Ｓｍａｒｔ,グロース（内国株式）,情報・通信業
1762,2026-10-02,4040.0,-0.0062,-0.026,-0.0486,0.1261,-0.036,0.1104,4083.9868,3794.167,True,-0.0108,0.9514,4246.2939,3086.2507,0.0208,1.7068,404000.0,1.0684,0.2696,高松コンストラクショングループ,プライム（内国株式）,建設業
1766,2026-10-02,12870.0,-0.0153,-0.0309,-0.0728,0.0102,-0.0601,-0.0055,13448.0,13133.0667,True,-0.043,0.8558,15038.0009,11800.0,0.0236,2.862,1287000.0,1.1542,0.28,東建コーポレーション,プライム（内国株式）,建設業
1768,2026-10-02,1027.0,0.0029,-0.0096,-0.0077,-0.0284,0.0049,-0.0441,1028.36,1046.32,True,-0.0013,0.5931,1731.4421,938.9892,0.0106,0.0433,102700.0,0.9086,0.2303,ソネック,スタンダード（内国株式）,建設業
1770,2026-10-02,2091.0,-0.0127,-0.1026,0.0359,0.0234,0.0485,0.0077,2163.0547,2067.3892,True,-0.0333,0.8655,2415.9026,1471.3717,0.0419,0.181,209100.0,2.1518,0.3776,藤田エンジニアリング,スタンダード（内国株式）,建設業
177A,2026-10-02,823.0,-0.0202,-0.0072,-0.0352,-0.0518,-0.0225,-0.0675,836.44,878.1333,False,-0.0161,0.4373,1882.0,823.0,0.0115,0.0191,82300.0,1.0398,0.2758,コージンバイオ,グロース（内国株式）,化学
1780,2026-10-02,1426.0,-0.0145,-0.0233,-0.0318,-0.0051,-0.0192,-0.0208,1465.9606,1451.2772,True,-0.0273,0.8595,1659.1409,1299.8543,0.01,0.4122,142600.0,1.1185,0.4067,ヤマウラ,プライム（内国株式）,建設業
1783,2026-10-02,80.0,0.0811,0.0811,0.6327,0.5385,0.6453,0.5228,63.92,54.4933,True,0.2516,1.0,80.0,46.0,0.0911,3.0682,8000.0,1.6704,0.2471,ｆａｎｔａｓｉｓｔａ,スタンダード（内国株式）,不動産業
1786,2026-10-02,336.0,-0.0118,-0.0261,-0.0425,-0.0035,-0.0298,-0.0192,346.2146,346.2153,True,-0.0295,0.7948,422.7403,303.8527,0.0168,1.399,33600.0,0.7029,0.2997,オリエンタル白石,プライム（内国株式）,建設業
1787,2026-10-02,5620.0,0.0,0.0036,-0.0294,-0.014,-0.0167,-0.0297,5696.0,5733.7333,True,-0.0133,0.8772,6406.8665,4859.7271,0.0037,0.0127,562000.0,0.251,0.2414,ナカボーテック,スタンダード（内国株式）,建設業
1793,2026-10-02,2055.0,-0.0214,-0.0339,-0.0316,0.0368,-0.019,0.0212,2103.84,2037.5867,True,-0.0232,0.9341,2200.0,1333.349,0.0136,0.0532,205500.0,0.7496,0.2979,大本組,スタンダード（内国株式）,建設業
1795,2026-10-02,5400.0,0.0189,-0.0147,-0.0164,0.1241,-0.0038,0.1084,5539.2942,5263.6863,True,-0.0251,0.918,5882.3529,4098.0391,0.0205,0.0271,540000.0,1.3714,0.3761,マサル,スタンダード（内国株式）,建設業
1798,2026-10-02,1110.0,0.0174,-0.0263,-0.0142,0.0009,-0.0016,-0.0148,1087.64,1073.8667,True,0.0206,0.7568,1466.7197,915.9713,0.0203,0.0218,111000.0,0.3424,0.4209,守谷商会,スタンダード（内国株式）,建設業
1799,2026-10-02,3315.0,-0.0045,-0.0178,-0.0119,-0.0501,0.0007,-0.0658,3329.4,3345.8667,True,-0.0043,0.7664,4325.4473,2920.3964,0.0181,0.517,331500.0,0.8613,0.2417,第一建設工業,スタンダード（内国株式）,建設業
1801,2026-10-02,12110.0,-0.0074,-0.011,-0.0536,-0.1605,-0.041,-0.1762,12439.2107,13121.5506,False,-0.0265,0.6014,20136.743,9531.5389,0.0279,98.9675,1211000.0,1.0715,0.2465,大成建設,プライム（内国株式）,建設業
1802,2026-10-02,2965.0,-0.0057,-0.0182,-0.0175,-0.0889,-0.0049,-0.1045,2991.1386,3083.4109,False,-0.0087,0.6867,4318.0574,2237.3351,0.0225,77.4529,296500.0,1.072,0.2367,大林組,プライム（内国株式）,建設業
1803,2026-10-02,2089.5,-0.0169,-0.0377,-0.1334,-0.1817,-0.1207,-0.1974,2301.0192,2386.9131,False,-0.0919,0.5981,3493.4081,1874.6412,0.0352,103.0589,208950.0,1.5088,0.4066,清水建設,プライム（内国株式）,建設業
1807,2026-10-02,1929.0,-0.0005,0.0304,0.0103,0.0866,0.0229,0.071,1900.8105,1842.2339,True,0.0148,0.9397,2052.8563,1612.3415,0.0139,0.0186,192900.0,0.8826,0.4197,佐藤渡辺,スタンダード（内国株式）,建設業
1808,2026-10-02,2589.5,-0.0225,-0.0343,-0.1097,-0.0662,-0.0971,-0.0819,2734.5429,2733.4923,True,-0.053,0.7598,3408.2748,2308.8624,0.0205,24.8223,258950.0,1.0003,0.2946,長谷工コーポレーション,プライム（内国株式）,建設業
1810,2026-10-02,1388.0,-0.0218,-0.0233,-0.0391,0.0328,-0.0265,0.0171,1425.1744,1400.314,True,-0.0261,0.7471,1857.8382,1248.6488,0.0145,0.5396,138800.0,1.1139,0.304,松井建設,スタンダード（内国株式）,建設業
1811,2026-10-02,7410.0,-0.0237,-0.0133,-0.0584,-0.0326,-0.0458,-0.0483,7648.4,7941.2,False,-0.0312,0.7653,9682.1755,5994.6664,0.0177,0.1543,741000.0,1.3434,0.2435,錢高組,スタンダード（内国株式）,建設業
1812,2026-10-02,4884.0,-0.0107,0.01,-0.0116,-0.1909,0.0011,-0.2066,4875.5781,5244.3626,False,0.0017,0.6259,7802.6517,4019.7243,0.0256,109.9338,488400.0,1.1502,0.1925,鹿島建設,プライム（内国株式）,建設業
1813,2026-10-02,2920.0,-0.0098,-0.0235,0.0282,0.0487,0.0409,0.033,2898.4771,2768.8016,True,0.0074,0.7625,3829.2714,2272.7657,0.0251,2.1698,292000.0,1.105,0.2244,不動テトラ,プライム（内国株式）,建設業
1814,2026-10-02,3475.0,-0.0128,-0.0308,-0.0399,0.0584,-0.0273,0.0427,3528.336,3441.2987,True,-0.0151,0.8122,4278.367,2209.4285,0.02,2.4897,347500.0,1.0165,0.2172,大末建設,プライム（内国株式）,建設業
1815,2026-10-02,2270.0,-0.0118,-0.0055,-0.0141,0.0179,-0.0015,0.0023,2260.68,2234.96,True,0.0041,0.8065,2814.6071,1614.5436,0.0193,3.4149,227000.0,0.7872,0.235,鉄建建設,プライム（内国株式）,建設業
1820,2026-10-02,5299.0,-0.0075,-0.045,-0.0492,0.0284,-0.0366,0.0127,5475.3103,5334.978,True,-0.0322,0.8017,6609.5915,4815.9566,0.0176,7.4479,529900.0,1.1664,0.3869,西松建設,プライム（内国株式）,建設業
1822,2026-10-02,804.0,-0.0147,-0.0552,-0.0383,0.0401,-0.0257,0.0244,828.08,795.72,True,-0.0291,0.9251,869.0689,706.0,0.0147,2.0525,80400.0,1.6097,0.4048,大豊建設,スタンダード（内国株式）,建設業
1826,2026-10-02,1060.0,-0.0056,-0.0176,-0.0355,0.0433,-0.0229,0.0276,1081.84,1064.32,True,-0.0202,0.8682,1220.857,962.0,0.0132,0.1059,106000.0,1.1848,0.2857,佐田建設,スタンダード（内国株式）,建設業
1827,2026-10-02,1420.0,-0.0379,-0.02,0.0441,0.1216,0.0567,0.106,1389.12,1327.68,True,0.0222,0.8543,1662.2207,791.2559,0.0485,0.2215,142000.0,1.2977,0.3612,ナカノフドー建設,スタンダード（内国株式）,建設業
1828,2026-10-02,2304.0,-0.0056,-0.0503,-0.0638,-0.0615,-0.0512,-0.0772,2426.84,2380.3467,True,-0.0506,0.8041,2865.3677,2175.0,0.0174,0.3597,230400.0,1.0951,0.4733,田辺工業,スタンダード（内国株式）,建設業
1833,2026-10-02,5360.0,-0.0129,-0.0427,-0.0686,-0.0309,-0.056,-0.0466,5588.8776,5567.5935,True,-0.041,0.7565,7085.3546,4304.1876,0.0168,9.1209,536000.0,1.4203,0.3973,奥村組,プライム（内国株式）,建設業
1835,2026-10-02,3780.0,-0.0143,-0.0179,-0.0493,-0.0908,-0.0367,-0.1065,3866.872,3990.2768,False,-0.0225,0.6624,5706.8747,3731.041,0.0155,2.8994,378000.0,1.0795,0.2266,東鉄工業,プライム（内国株式）,建設業
1840,2026-10-02,259.0,0.0,0.0278,0.0039,0.0837,0.0165,0.068,255.32,246.0267,True,0.0144,0.9811,264.0,211.0,0.0179,0.0593,25900.0,1.4123,0.3446,土屋ホールディングス,スタンダード（内国株式）,建設業
1844,2026-10-02,430.0,-0.0115,-0.0423,-0.1134,-0.1396,-0.1008,-0.1553,462.48,473.3684,False,-0.0702,0.406,1059.0637,389.4622,0.0276,0.7913,43000.0,0.663,0.2193,大盛工業,スタンダード（内国株式）,建設業
1847,2026-10-02,3340.0,-0.0291,-0.0177,-0.022,0.2724,-0.0093,0.2567,3361.1824,2979.5934,True,-0.0063,0.9561,3493.5058,1670.4591,0.0186,0.8823,334000.0,0.878,0.2699,イチケン,スタンダード（内国株式）,建設業
1848,2026-10-02,873.0,-0.0113,0.0011,0.0954,0.3472,0.108,0.3316,795.96,702.68,True,0.0968,0.9287,940.0,472.8454,0.0426,0.3333,87300.0,2.2593,0.3547,富士ピー・エス,スタンダード（内国株式）,建設業
184A,2026-10-02,334.0,0.0536,0.0309,0.0437,0.0774,0.0564,0.0617,322.48,318.6133,False,0.0357,0.4684,713.0,298.0,0.0331,0.0171,33400.0,0.2341,0.1897,学びエイド,グロース（内国株式）,情報・通信業
1850,2026-10-02,437.0,0.0046,-0.0091,0.0234,0.0307,0.036,0.015,433.0,425.2267,True,0.0092,0.6811,641.6302,374.0,0.018,0.0963,43700.0,0.2881,0.1782,南海辰村建設,スタンダード（内国株式）,建設業
1852,2026-10-02,864.0,-0.0204,-0.0226,-0.047,0.0192,-0.0344,0.0035,882.1087,861.7837,True,-0.0205,0.735,1175.5677,752.5444,0.0146,3.3539,86400.0,0.873,0.2441,淺沼組,プライム（内国株式）,建設業
1853,2026-10-02,320.0,-0.0093,-0.0184,-0.0274,-0.0123,-0.0147,-0.028,325.6,326.5067,True,-0.0172,0.9467,338.0,296.2765,0.0094,0.0733,32000.0,1.0406,0.3333,森組,スタンダード（内国株式）,建設業
1860,2026-10-02,1404.0,-0.0175,-0.039,-0.0862,-0.1133,-0.0736,-0.129,1472.8589,1499.6721,False,-0.0468,0.8647,1623.6264,941.0731,0.0186,10.8068,140400.0,0.8037,0.3929,戸田建設,プライム（内国株式）,建設業
1861,2026-10-02,1243.0,-0.0111,-0.0319,-0.0297,-0.123,-0.0171,-0.1387,1272.6099,1341.5031,False,-0.0233,0.631,1969.8661,1165.7209,0.0187,11.1317,124300.0,0.9507,0.2732,熊谷組,プライム（内国株式）,建設業
1866,2026-10-02,1095.0,-0.0241,-0.0403,-0.0814,-0.0344,-0.0688,-0.0501,1146.96,1132.8267,True,-0.0453,0.6539,1674.4461,925.0,0.0229,0.1697,109500.0,0.875,0.2353,北野建設,スタンダード（内国株式）,建設業
1867,2026-10-02,2696.0,-0.0074,-0.0132,-0.0114,0.0429,0.0013,0.0273,2719.12,2660.2933,True,-0.0085,0.8577,3143.4298,2200.0,0.0166,0.1699,269600.0,0.9379,0.1946,植木組,スタンダード（内国株式）,建設業
186A,2026-10-02,1192.0,-0.0058,-0.034,0.0624,-0.0213,0.075,-0.037,1114.96,1141.2667,False,0.0691,0.3954,3015.0,575.0,0.0546,43.7641,119200.0,1.0151,0.4334,アストロスケールホールディングス,グロース（内国株式）,サービス業
1870,2026-10-02,2086.0,-0.0174,-0.0219,-0.048,0.1694,-0.0354,0.1538,2108.028,1950.2061,True,-0.0104,0.8668,2406.5304,1735.0093,0.0148,2.5853,208600.0,0.8714,0.2023,矢作建設工業,プライム（内国株式）,建設業
1871,2026-10-02,2082.0,-0.0147,-0.0342,-0.086,-0.0527,-0.0734,-0.0684,2164.9745,2191.2501,True,-0.0383,0.6174,3371.9996,1635.6574,0.0225,2.255,208200.0,1.2212,0.2135,ピーエス・コンストラクション,プライム（内国株式）,建設業
1873,2026-10-02,307.0,-0.0192,-0.016,-0.0612,0.0132,-0.0485,-0.0025,314.8,311.68,True,-0.0248,0.9219,333.0,285.0,0.0144,0.2835,30700.0,1.0426,0.2484,日本ハウスホールディングス,プライム（内国株式）,建設業
1878,2026-10-02,3110.0,-0.0118,-0.0337,-0.0524,0.0377,-0.0398,0.022,3223.1925,3150.8542,True,-0.0351,0.8287,3752.9732,2712.5547,0.016,51.8621,311000.0,1.1046,0.4027,大東建託,プライム（内国株式）,不動産業
1879,2026-10-02,2203.0,-0.0117,-0.0406,-0.0504,0.0585,-0.0377,0.0429,2257.4558,2169.1244,True,-0.0241,0.9385,2347.3586,1674.4164,0.0193,5.8481,220300.0,1.6198,0.2921,新日本建設,プライム（内国株式）,建設業
1882,2026-10-02,1557.0,-0.0195,-0.0114,-0.0162,0.03,-0.0036,0.0143,1567.7669,1548.522,True,-0.0069,0.8407,1851.966,1380.9184,0.0132,6.0314,155700.0,1.1413,0.2381,東亜道路工業,プライム（内国株式）,建設業
1885,2026-10-02,2085.0,-0.0179,-0.0163,-0.0154,0.0186,-0.0028,0.003,2094.7664,2061.9347,False,-0.0047,0.4623,4509.8291,1896.5818,0.0262,8.4178,208500.0,0.8866,0.1949,東亜建設工業,プライム（内国株式）,建設業
1887,2026-10-02,523.0,-0.0224,-0.0404,-0.056,0.0,-0.0433,-0.0157,546.52,533.5467,True,-0.043,0.7478,699.4265,469.9671,0.0141,1.3449,52300.0,0.7029,0.4485,日本国土開発,プライム（内国株式）,建設業
1888,2026-10-02,3620.0,-0.0216,-0.0385,-0.0436,0.1003,-0.031,0.0846,3705.8,3561.6,True,-0.0232,0.6933,5221.172,3135.0,0.0227,0.5834,362000.0,0.7716,0.3104,若築建設,プライム（内国株式）,建設業
1893,2026-10-02,1449.0,-0.016,-0.0291,-0.0159,-0.1361,-0.0032,-0.1518,1467.6046,1531.8913,False,-0.0127,0.6649,2179.2805,1060.1906,0.0332,31.929,144900.0,1.058,0.2986,五洋建設,プライム（内国株式）,建設業
1898,2026-10-02,1442.0,-0.0089,-0.0074,-0.0212,0.0186,-0.0086,0.0029,1452.7102,1436.3862,True,-0.0074,0.8753,1647.3935,1360.1486,0.0108,2.5041,144200.0,1.1505,0.2277,世紀東急工業,プライム（内国株式）,建設業
1899,2026-10-02,4735.0,-0.0247,-0.0146,-0.0125,0.2955,0.0001,0.2798,4710.2,4260.7333,True,0.0053,0.9212,5140.0,3177.0225,0.025,2.3466,473500.0,0.6888,0.2235,福田組,プライム（内国株式）,建設業
189A,2026-10-02,1099.0,0.0,0.0185,0.0817,0.1272,0.0943,0.1115,1046.04,1001.48,True,0.0506,0.7484,1468.4543,869.3249,0.0142,0.034,109900.0,1.6082,0.39,Ｄ＆Ｍカンパニー,グロース（内国株式）,サービス業
1904,2026-10-02,1249.0,-0.0079,0.0496,0.0536,0.0661,0.0663,0.0504,1191.5213,1176.1523,True,0.0482,0.9619,1298.4256,917.4791,0.0195,0.636,124900.0,1.5431,0.4338,大成温調,スタンダード（内国株式）,建設業
190A,2026-10-02,62.0,-0.0462,-0.1014,-0.1389,-0.225,-0.1263,-0.2407,69.68,74.8933,False,-0.1102,0.3464,179.0,61.0,0.0565,0.4417,6200.0,1.9227,0.7143,Ｃｈｏｒｄｉａ　Ｔｈｅｒａｐｅｕｔｉｃｓ,グロース（内国株式）,医薬品
1911,2026-10-02,1180.5,-0.0171,-0.0328,-0.119,-0.1329,-0.1064,-0.1486,1261.56,1313.4196,False,-0.0643,0.6414,1840.4183,1178.0,0.0212,61.4848,118050.0,1.1531,0.308,住友林業,プライム（内国株式）,建設業
1914,2026-10-02,798.0,-0.016,-0.0304,-0.0244,0.1753,-0.0118,0.1596,810.04,736.5067,True,-0.0149,0.9455,844.0,585.8214,0.0164,0.2021,79800.0,0.5693,0.2372,日本基礎技術,スタンダード（内国株式）,建設業
1921,2026-10-02,1986.0,0.0328,-0.002,0.0005,0.1164,0.0131,0.1007,1941.84,1832.48,True,0.0227,0.8645,2297.2735,1426.0971,0.0356,0.2595,198600.0,0.8848,0.2885,巴コーポレーション,スタンダード（内国株式）,建設業
1925,2026-10-02,2144.5,-0.0142,-0.0203,-0.0602,-0.0099,-0.0475,-0.0255,2222.7579,2198.8908,True,-0.0352,0.7836,2736.677,1962.8698,0.0162,92.8,214450.0,1.2328,0.243,大和ハウス工業,プライム（内国株式）,建設業
1926,2026-10-02,952.0,-0.0355,0.0158,0.021,-0.0313,0.0336,-0.0469,928.9213,932.9801,False,0.0248,0.9316,1021.9381,718.6231,0.0218,5.6205,95200.0,1.0852,0.349,ライト工業,プライム（内国株式）,建設業
1928,2026-10-02,3310.0,-0.0178,-0.0175,-0.0461,-0.0204,-0.0335,-0.036,3376.44,3386.7623,True,-0.0197,0.8807,3758.4254,3033.2462,0.0163,86.0223,331000.0,0.9549,0.2037,積水ハウス,プライム（内国株式）,建設業
1929,2026-10-02,1188.0,-0.0133,-0.023,-0.002,0.0897,0.0106,0.074,1192.9138,1138.1692,True,-0.0041,0.8437,1408.0974,1054.8524,0.0143,1.1362,118800.0,1.0708,0.3052,日特建設,プライム（内国株式）,建設業
192A,2026-10-02,1328.0,-0.0075,0.0176,0.0556,0.0718,0.0683,0.0562,1288.2,1244.5333,False,0.0309,0.5852,2269.2779,1175.0,0.0334,0.0611,132800.0,2.3714,0.4937,インテグループ,グロース（内国株式）,サービス業
1930,2026-10-02,1538.0,-0.0185,-0.0309,-0.0043,-0.0567,0.0083,-0.0723,1556.1771,1565.1275,False,-0.0117,0.8724,1762.947,1268.2376,0.0177,0.8362,153800.0,0.6762,0.3118,北陸電気工事,プライム（内国株式）,建設業
1934,2026-10-02,2517.0,-0.0141,-0.0267,-0.0417,0.0416,-0.029,0.0259,2569.7734,2442.6105,True,-0.0205,0.7837,3211.869,2200.8345,0.0176,3.2285,251700.0,0.8709,0.301,ユアテック,プライム（内国株式）,建設業
1938,2026-10-02,2544.0,-0.0101,-0.0177,0.0146,-0.0353,0.0272,-0.0509,2532.9271,2527.4298,False,0.0044,0.8044,3162.4564,1809.3208,0.021,1.8462,254400.0,0.715,0.1694,日本リーテック,プライム（内国株式）,建設業
1939,2026-10-02,2233.0,-0.0198,-0.0316,-0.0088,0.1335,0.0038,0.1178,2241.8291,2078.5581,True,-0.0039,0.9602,2325.4974,1250.3236,0.0202,2.2721,223300.0,1.0153,0.2613,四電工,プライム（内国株式）,建設業
1941,2026-10-02,5080.0,-0.0039,-0.0135,-0.0078,-0.0446,0.0048,-0.0603,5087.967,5122.2128,True,-0.0016,0.9003,5642.8517,3624.5948,0.0156,3.9973,508000.0,0.9789,0.226,中電工,プライム（内国株式）,建設業
1942,2026-10-02,5516.0,0.0025,-0.0127,-0.0374,-0.176,-0.0248,-0.1917,5516.581,5832.0033,False,-0.0001,0.748,7374.3285,3789.6245,0.0258,52.6705,551600.0,1.1395,0.2101,関電工,プライム（内国株式）,建設業
1944,2026-10-02,6838.0,0.0007,-0.0052,-0.0426,-0.1231,-0.0299,-0.1388,6846.2876,7157.2654,True,-0.0012,0.8118,8423.2879,4762.785,0.023,36.7011,683800.0,0.7043,0.2071,きんでん,プライム（内国株式）,建設業
1945,2026-10-02,2088.0,-0.0104,-0.0089,0.0123,0.0018,0.0249,-0.0139,2086.2699,2065.4618,False,0.0008,0.8001,2609.7314,1507.5161,0.0227,3.3212,208800.0,0.7179,0.1822,東京エネシス,プライム（内国株式）,建設業
1946,2026-10-02,2128.0,-0.0065,-0.0397,-0.0679,-0.0397,-0.0552,-0.0553,2184.4207,2141.3345,True,-0.0258,0.8584,2479.1613,1282.8899,0.0256,3.5599,212800.0,0.8553,0.2578,トーエネック,プライム（内国株式）,建設業
194A,2026-10-02,1701.0,-0.0247,0.0173,-0.167,0.1363,-0.1544,0.1206,1804.88,1630.36,True,-0.0576,0.5866,2900.0,980.0,0.0365,1.538,170100.0,1.3806,0.3299,ＷＯＬＶＥＳ　ＨＡＮＤ,グロース（内国株式）,サービス業
1950,2026-10-02,3935.0,-0.0113,-0.0402,-0.032,-0.1026,-0.0194,-0.1183,4029.8,4093.8,False,-0.0235,0.7328,5370.0,2573.0969,0.024,4.2635,393500.0,1.1009,0.3129,日本電設工業,プライム（内国株式）,建設業
1951,2026-10-02,2521.5,-0.0065,-0.0211,-0.047,-0.0502,-0.0344,-0.0658,2563.7202,2607.9488,False,-0.0165,0.8374,3011.143,2033.6652,0.0148,11.6636,252150.0,0.8878,0.247,エクシオグループ,プライム（内国株式）,建設業
1952,2026-10-02,3100.0,-0.0064,-0.0221,-0.019,-0.1687,-0.0064,-0.1844,3123.6661,3278.1492,False,-0.0076,0.7326,4231.4049,2655.2064,0.0197,3.851,310000.0,0.7212,0.2439,新日本空調,プライム（内国株式）,建設業
1959,2026-10-02,7993.0,-0.0051,-0.0013,-0.036,-0.1166,-0.0234,-0.1323,7995.0636,8449.9402,False,-0.0003,0.7762,10297.1371,6683.4061,0.0175,13.6328,799300.0,0.8678,0.2577,クラフティア,プライム（内国株式）,建設業
195A,2026-10-02,687.0,0.0193,-0.0524,-0.0087,0.0331,0.004,0.0174,680.56,687.04,True,0.0095,0.4709,1459.0,570.0,0.0472,0.1506,68700.0,0.8408,0.3546,ＭＵＳＣＡＴ　ＧＲＯＵＰ,グロース（内国株式）,サービス業
1960,2026-10-02,1656.0,-0.0054,-0.0344,-0.0253,0.0974,-0.0127,0.0817,1673.6,1557.3867,True,-0.0105,0.9251,1790.0,903.9858,0.0261,0.2324,165600.0,0.4871,0.2449,サンテック,スタンダード（内国株式）,建設業
1961,2026-10-02,2647.0,-0.0026,0.043,0.0861,-0.0413,0.0987,-0.057,2455.4613,2530.7892,True,0.078,0.8185,3234.094,1522.1273,0.0257,11.6,264700.0,0.8533,0.4478,三機工業,プライム（内国株式）,建設業
1963,2026-10-02,2245.5,-0.0044,-0.0298,-0.0561,-0.0995,-0.0435,-0.1151,2323.18,2369.7933,False,-0.0334,0.767,2927.5,1388.8007,0.0292,34.7992,224550.0,0.9054,0.2779,日揮ホールディングス,プライム（内国株式）,建設業
1964,2026-10-02,3805.0,-0.0168,-0.033,-0.0558,-0.064,-0.0432,-0.0796,3937.6,3993.0667,False,-0.0337,0.7572,5025.0575,3755.0,0.0162,0.804,380500.0,0.5352,0.2671,中外炉工業,プライム（内国株式）,建設業
1965,2026-10-02,2308.0,-0.0237,-0.0132,0.0307,0.2156,0.0434,0.1999,2263.7771,2043.7954,True,0.0195,0.7847,2941.365,1440.8832,0.0371,4.4765,230800.0,0.917,0.3212,テクノ菱和,スタンダード（内国株式）,建設業
1966,2026-10-02,1740.0,-0.0017,-0.008,0.0029,-0.0192,0.0155,-0.0348,1737.2,1734.9333,True,0.0016,0.8829,1970.7513,1465.8004,0.0078,0.0369,174000.0,0.4403,0.3168,高田工業所,スタンダード（内国株式）,建設業
1967,2026-10-02,2147.0,-0.0088,0.0014,0.0085,0.0822,0.0211,0.0665,2117.4,2058.48,True,0.014,0.8715,2463.7074,1785.6764,0.0174,0.3429,214700.0,0.7404,0.2682,ヤマト,スタンダード（内国株式）,建設業
1968,2026-10-02,2426.0,-0.0142,-0.0392,-0.0346,-0.0538,-0.022,-0.0695,2510.48,2502.2133,False,-0.0337,0.7751,3130.0,1957.8438,0.0207,2.9641,242600.0,0.7792,0.351,太平電業,プライム（内国株式）,建設業
1969,2026-10-02,4661.0,-0.0058,-0.0001,0.073,-0.083,0.0857,-0.0987,4450.6795,4505.2079,True,0.0473,0.8345,5585.0635,3842.2205,0.0227,23.9496,466100.0,0.9435,0.2616,高砂熱学工業,プライム（内国株式）,建設業
196A,2026-10-02,329.0,-0.006,0.0123,-0.0758,0.1792,-0.0632,0.1635,329.84,298.24,True,-0.0025,0.8414,391.0,226.0,0.0337,0.3762,32900.0,0.7852,0.2619,ＭＦＳ,グロース（内国株式）,その他金融業
1972,2026-10-02,1280.0,-0.0207,-0.0058,-0.0323,0.0334,-0.0196,0.0177,1291.1189,1259.2664,True,-0.0086,0.8494,1506.9362,1137.0764,0.0155,0.4288,128000.0,1.1321,0.2312,三晃金属工業,スタンダード（内国株式）,建設業
1975,2026-10-02,3835.0,-0.0039,-0.0248,-0.0284,-0.1292,-0.0158,-0.1448,3839.1235,3965.7574,True,-0.0011,0.8037,4771.9696,2702.8805,0.0244,2.3905,383500.0,0.6648,0.2519,朝日工業社,プライム（内国株式）,建設業
1976,2026-10-02,1691.0,-0.0117,-0.0025,-0.0168,-0.0711,-0.0042,-0.0868,1697.6229,1780.4038,False,-0.0039,0.8131,2079.7188,1498.737,0.0154,1.3259,169100.0,0.9235,0.2046,明星工業,プライム（内国株式）,建設業
1979,2026-10-02,3775.0,-0.004,0.0001,-0.0601,-0.2225,-0.0474,-0.2381,3792.4945,4216.0483,False,-0.0046,0.7531,5012.893,2660.7022,0.0183,7.048,377500.0,0.6948,0.2226,大氣社,プライム（内国株式）,建設業
197A,2026-10-02,509.0,-0.0097,-0.036,0.0,0.0946,0.0126,0.079,511.08,488.0852,True,-0.0041,0.9228,551.6041,458.1961,0.0146,1.0066,50900.0,0.774,0.3635,タウンズ,スタンダード（内国株式）,医薬品
1980,2026-10-02,2970.0,0.0017,0.0231,0.0591,0.0636,0.0717,0.0479,2795.7267,2709.2262,True,0.0623,0.8353,3555.7152,1893.8049,0.028,13.9513,297000.0,0.8001,0.3657,ダイダン,プライム（内国株式）,建設業
1981,2026-10-02,1370.0,0.0066,0.0156,0.0216,0.0301,0.0342,0.0144,1340.84,1326.5867,True,0.0217,0.7294,1878.2014,1290.0,0.0091,0.0362,137000.0,0.6349,0.4506,協和日成,スタンダード（内国株式）,建設業
1982,2026-10-02,3195.0,-0.0078,-0.0092,0.069,0.0517,0.0816,0.036,3069.0538,2971.814,True,0.041,0.9365,3411.5466,1990.5595,0.0273,2.8066,319500.0,0.7792,0.3383,日比谷総合設備,プライム（内国株式）,建設業
198A,2026-10-02,161.0,-0.0062,-0.0062,-0.0694,0.0805,-0.0567,0.0649,165.04,154.68,True,-0.0245,0.3226,499.0,129.0,0.0173,0.0588,16100.0,0.2599,0.2872,ＰｏｓｔＰｒｉｍｅ,グロース（内国株式）,情報・通信業
1992,2026-10-02,2962.0,0.0,-0.001,-0.008,-0.0123,0.0046,-0.028,2972.44,2955.2667,True,-0.0035,0.9403,3150.0,2534.7792,0.0025,0.0077,296200.0,1.7922,1.3592,神田通信機,スタンダード（内国株式）,建設業
1994,2026-10-02,611.0,-0.0081,-0.0113,-0.0177,0.0776,-0.0051,0.0619,616.08,577.6823,True,-0.0082,0.9373,651.8907,475.9461,0.0198,0.068,61100.0,0.4968,0.2071,高橋カーテンウォール工業,スタンダード（内国株式）,建設業
1997,2026-10-02,4100.0,0.0199,0.0024,0.0354,0.0152,0.048,-0.0005,4002.863,3902.413,True,0.0243,0.9294,4411.4935,2992.6488,0.0115,0.0486,410000.0,0.4554,0.3394,暁飯島工業,スタンダード（内国株式）,建設業
2001,2026-10-02,2767.0,-0.0171,-0.0516,-0.0571,0.0121,-0.0445,-0.0035,2905.0997,2821.9876,True,-0.0475,0.9164,3019.5009,2124.496,0.0187,4.737,276700.0,0.8745,0.4414,ニップン,プライム（内国株式）,食料品
2002,2026-10-02,1954.0,-0.0119,-0.021,-0.0372,-0.0058,-0.0245,-0.0215,2005.4849,1985.6755,True,-0.0257,0.9031,2163.7412,1672.613,0.0184,19.5329,195400.0,1.1188,0.3181,日清製粉グループ本社,プライム（内国株式）,食料品
2003,2026-10-02,1839.0,-0.0202,-0.0203,0.0389,0.0802,0.0515,0.0646,1824.907,1765.7035,True,0.0077,0.9665,1902.6903,1589.739,0.0146,0.4318,183900.0,0.9836,0.2301,日東富士製粉,スタンダード（内国株式）,食料品
2004,2026-10-02,3690.0,-0.0107,-0.0525,-0.0203,0.1132,-0.0077,0.0975,3785.8916,3544.5821,True,-0.0253,0.9393,3928.6624,2720.2137,0.0199,2.2852,369000.0,1.0849,0.3731,昭和産業,プライム（内国株式）,食料品
2009,2026-10-02,1128.0,0.0071,0.0135,0.0181,0.0474,0.0307,0.0317,1107.56,1090.4133,True,0.0185,0.9965,1132.0,975.2195,0.0079,0.1591,112800.0,1.476,0.3136,鳥越製粉,スタンダード（内国株式）,食料品
2053,2026-10-02,1902.0,-0.0226,-0.0588,-0.0556,0.0248,-0.043,0.0091,1984.9309,1911.5521,True,-0.0418,0.9259,2054.2596,1519.5045,0.0211,2.0472,190200.0,1.9858,0.3796,中部飼料,プライム（内国株式）,食料品
2055,2026-10-02,346.0,-0.0057,0.0029,0.0058,0.0549,0.0184,0.0392,346.28,337.5067,True,-0.0008,0.8473,408.3423,310.0,0.0126,0.0283,34600.0,0.5738,0.2525,日和産業,スタンダード（内国株式）,食料品
205A,2026-10-02,1611.0,-0.0117,-0.0353,-0.033,-0.0324,-0.0204,-0.0481,1651.08,1703.6267,False,-0.0243,0.7333,2197.0,1367.3476,0.014,0.3983,161100.0,0.7125,0.3411,ロゴスホールディングス,グロース（内国株式）,建設業
2060,2026-10-02,1395.0,-0.0238,-0.0463,-0.0353,0.1288,-0.0227,0.1131,1426.4075,1318.4834,True,-0.022,0.9467,1473.5951,929.0215,0.0206,1.4091,139500.0,1.1667,0.2939,フィード・ワン,プライム（内国株式）,食料品
206A,2026-10-02,146.0,-0.0267,-0.1512,-0.1657,0.0282,-0.1531,0.0125,168.32,156.8,True,-0.1326,0.5233,279.0,125.0,0.0499,0.1627,14600.0,0.8801,0.3843,ＰＲＩＳＭ　ＢｉｏＬａｂ,グロース（内国株式）,医薬品
208A,2026-10-02,2836.0,-0.0115,-0.0241,-0.0531,-0.0204,-0.0405,-0.0361,2905.04,2898.9196,True,-0.0238,0.8331,3404.2012,2728.1351,0.0094,0.2172,283600.0,0.6164,0.3219,構造計画研究所ホールディングス,スタンダード（内国株式）,情報・通信業
2108,2026-10-02,1793.0,-0.0105,0.0207,-0.013,0.0812,-0.0004,0.0655,1777.92,1697.9067,True,0.0085,0.8995,1993.3334,897.5612,0.0197,2.0651,179300.0,1.3123,0.3022,日本甜菜製糖,プライム（内国株式）,食料品
2109,2026-10-02,3770.0,-0.022,-0.0157,0.0169,0.165,0.0295,0.1493,3741.3331,3461.3474,True,0.0077,0.9692,3890.0,2890.9423,0.0157,2.33,377000.0,1.3108,0.2512,ＤＭ三井製糖,プライム（内国株式）,食料品
2112,2026-10-02,442.0,-0.0243,-0.0285,-0.059,0.0436,-0.0464,0.028,458.4538,444.677,True,-0.0359,0.7848,563.2186,404.8503,0.0163,0.1528,44200.0,0.9303,0.3167,塩水港精糖,スタンダード（内国株式）,食料品
2114,2026-10-02,638.0,0.0,-0.0406,-0.0476,0.0331,-0.035,0.0174,662.9966,636.189,True,-0.0377,0.9304,685.7258,510.2434,0.0105,0.1932,63800.0,2.3439,0.5533,フジ日本,スタンダード（内国株式）,食料品
2117,2026-10-02,2754.0,-0.0262,-0.0233,-0.0112,0.0575,0.0014,0.0419,2778.7187,2695.2911,True,-0.0089,0.9433,2919.6815,2404.6688,0.0142,0.7752,275400.0,1.3269,0.2631,ウェルネオシュガー,プライム（内国株式）,食料品
211A,2026-10-02,3155.0,-0.011,-0.0232,-0.0748,-0.12,-0.0622,-0.1356,3316.2,3389.5472,False,-0.0486,0.6539,4824.6508,3075.0,0.0163,0.1598,315500.0,0.55,0.3111,カドス・コーポレーション,スタンダード（内国株式）,建設業
2120,2026-10-02,231.0,-0.0128,-0.0049,0.0078,0.1891,0.0204,0.1735,227.7701,209.2869,True,0.0142,0.9551,241.8492,152.4913,0.0294,2.192,23100.0,1.384,0.2054,ＬＩＦＵＬＬ,プライム（内国株式）,サービス業
2121,2026-10-02,3695.0,-0.0094,-0.0198,0.0038,0.3346,0.0164,0.3189,3642.7328,3173.875,True,0.0143,0.9663,3823.7387,2410.3824,0.0246,12.0484,369500.0,0.8492,0.1964,ＭＩＸＩ,プライム（内国株式）,情報・通信業
2122,2026-10-02,1324.0,-0.0112,-0.0684,-0.1048,0.0103,-0.0922,-0.0054,1424.383,1369.2554,True,-0.0705,0.8893,1488.8312,1119.5619,0.0214,0.1432,132400.0,2.2428,0.4716,インタースペース,スタンダード（内国株式）,サービス業
2124,2026-10-02,1053.0,-0.0009,0.0233,0.0253,0.2359,0.0379,0.2202,1007.6,942.7117,True,0.0451,0.9862,1067.7617,801.7991,0.0233,4.371,105300.0,0.6953,0.1913,ジェイエイシーリクルートメント,プライム（内国株式）,サービス業
2127,2026-10-02,613.5,-0.0184,-0.0112,-0.0753,-0.0443,-0.0627,-0.06,636.4556,641.8081,False,-0.0361,0.7899,776.6727,593.0608,0.0185,22.332,61350.0,0.9298,0.3012,日本Ｍ＆Ａセンターホールディングス,プライム（内国株式）,サービス業
212A,2026-10-02,2735.0,-0.0253,-0.0165,-0.0763,-0.0349,-0.0637,-0.0506,2849.24,2828.8533,True,-0.0401,0.7749,3529.706,2097.8725,0.0354,5.5596,273500.0,1.4118,0.3614,フィットイージー,プライム（内国株式）,サービス業
2130,2026-10-02,691.0,-0.1026,-0.244,-0.2456,-0.3432,-0.233,-0.3588,900.48,984.0667,False,-0.2326,0.4817,1434.4129,672.0,0.0436,0.8402,69100.0,1.4831,0.8626,メンバーズ,プライム（内国株式）,サービス業
2134,2026-10-02,18.0,-0.0526,-0.0526,-0.1,-0.3077,-0.0874,-0.3234,19.4,23.1467,False,-0.0722,0.3529,51.0,16.0,0.0754,0.3487,1800.0,1.7232,0.2947,北浜キャピタルパートナーズ,スタンダード（内国株式）,サービス業
2136,2026-10-02,1422.0,-0.0118,-0.0035,0.0014,-0.0796,0.014,-0.0953,1419.96,1434.8533,True,0.0014,0.8957,1587.5508,1280.7454,0.0133,0.0239,142200.0,2.0078,0.2068,ヒップ,スタンダード（内国株式）,サービス業
2138,2026-10-02,421.0,-0.0164,0.0194,-0.0768,0.1317,-0.0641,0.116,436.2,434.0667,False,-0.0348,0.6704,628.0,356.0,0.0365,0.1922,42100.0,1.6151,0.1693,クルーズ,スタンダード（内国株式）,情報・通信業
2139,2026-10-02,509.0,-0.0039,-0.023,-0.0342,0.0059,-0.0215,-0.0097,520.72,517.52,True,-0.0225,0.9235,551.1633,396.0571,0.0119,0.0305,50900.0,2.811,0.4447,中広,スタンダード（内国株式）,サービス業
2146,2026-10-02,239.0,0.0,-0.0042,0.0214,0.3503,0.034,0.3346,232.8,203.0159,True,0.0266,0.9835,243.0,163.5952,0.023,9.7207,23900.0,0.692,0.2545,ＵＴグループ,プライム（内国株式）,サービス業
2148,2026-10-02,1116.0,-0.0253,-0.0219,-0.089,-0.0453,-0.0764,-0.061,1172.56,1183.8267,False,-0.0482,0.6139,1817.818,1116.0,0.0164,0.4875,111600.0,0.9646,0.3323,アイティメディア,プライム（内国株式）,サービス業
2152,2026-10-02,1503.0,-0.0151,-0.0316,-0.0118,0.0585,0.0008,0.0428,1533.48,1503.5867,True,-0.0199,0.9232,1628.0,1327.1047,0.0086,0.0125,150300.0,1.0721,0.4615,幼児活動研究会,スタンダード（内国株式）,サービス業
2153,2026-10-02,1856.0,-0.0085,-0.019,-0.0252,0.1181,-0.0126,0.1024,1865.64,1757.7467,True,-0.0052,0.9722,1909.0,1537.8384,0.0119,1.0903,185600.0,1.1065,0.2673,Ｅ・Ｊホールディングス,プライム（内国株式）,サービス業
2154,2026-10-02,1995.0,-0.008,-0.0201,-0.0316,0.0385,-0.0189,0.0229,2008.76,1973.5825,True,-0.0068,0.9473,2106.0,1559.6947,0.0167,3.1368,199500.0,0.9974,0.2133,オープンアップグループ,プライム（内国株式）,サービス業
2156,2026-10-02,272.0,0.0,-0.0286,-0.032,0.0342,-0.0194,0.0185,278.84,271.3333,True,-0.0245,0.7207,377.4262,251.0,0.0368,0.2983,27200.0,5.0453,0.68,セーラー広告,スタンダード（内国株式）,サービス業
2157,2026-10-02,973.0,-0.027,-0.0338,-0.047,0.0211,-0.0344,0.0054,1006.3443,998.5062,True,-0.0331,0.6857,1418.9686,889.8367,0.0191,6.4653,97300.0,0.8147,0.2315,コシダカホールディングス,プライム（内国株式）,サービス業
2158,2026-10-02,678.0,-0.0188,0.0383,0.0779,0.0762,0.0905,0.0605,637.68,628.0533,True,0.0632,0.6136,1105.0,536.0,0.027,1.2349,67800.0,1.0743,0.5742,ＦＲＯＮＴＥＯ,グロース（内国株式）,サービス業
215A,2026-10-02,1377.0,-0.0192,0.0495,-0.205,-0.1813,-0.1923,-0.197,1501.16,1518.7067,True,-0.0827,0.7545,1825.0,1032.0,0.0575,35.7135,137700.0,1.134,0.1971,タイミー,グロース（内国株式）,サービス業
2160,2026-10-02,3305.0,0.0138,0.0185,0.1683,0.1564,0.1809,0.1407,3003.4,2765.0667,True,0.1004,0.8837,3740.0,2112.0,0.042,33.6223,330500.0,1.2396,0.4465,ジーエヌアイグループ,グロース（内国株式）,医薬品
2163,2026-10-02,930.0,-0.0106,-0.02,-0.0452,-0.0344,-0.0326,-0.05,955.28,954.3857,True,-0.0265,0.8778,1059.4254,901.7784,0.015,0.3851,93000.0,0.5816,0.1938,アルトナー,プライム（内国株式）,サービス業
2164,2026-10-02,107.0,-0.0183,-0.0531,-0.1832,-0.3141,-0.1706,-0.3298,121.0,146.7926,False,-0.1157,0.4686,228.3333,107.0,0.0367,0.0776,10700.0,0.4158,0.2545,地域新聞社,スタンダード（内国株式）,サービス業
2168,2026-10-02,1492.0,-0.021,-0.0411,-0.1503,-0.0033,-0.1377,-0.019,1605.68,1571.1467,False,-0.0708,0.6735,2215.3834,1345.0,0.0217,2.2331,149200.0,0.8529,0.4234,パソナグループ,プライム（内国株式）,サービス業
2169,2026-10-02,1761.0,0.0006,0.004,0.0173,0.028,0.03,0.0124,1737.32,1721.7779,False,0.0136,0.9723,1811.1079,1688.0488,0.0077,0.0483,176100.0,0.8146,0.3556,ＣＤＳ,スタンダード（内国株式）,サービス業
2170,2026-10-02,625.0,-0.0458,-0.0684,-0.1143,0.113,-0.1017,0.0973,671.2519,619.4345,True,-0.0689,0.8395,744.4505,462.186,0.0318,2.0172,62500.0,0.6176,0.5124,リンクアンドモチベーション,プライム（内国株式）,サービス業
2173,2026-10-02,781.0,-0.0051,0.013,0.0655,0.1452,0.0781,0.1295,734.84,707.694,True,0.0628,0.7318,1067.2306,573.8532,0.0158,0.0751,78100.0,0.9294,0.6555,博展,グロース（内国株式）,サービス業
2175,2026-10-02,2568.0,-0.0475,-0.0236,0.0367,0.1323,0.0494,0.1166,2575.28,2371.88,True,-0.0028,0.948,2709.0,1239.8793,0.029,10.2559,256800.0,0.6106,0.2098,エス・エム・エス,プライム（内国株式）,サービス業
2179,2026-10-02,829.0,0.0085,0.0263,-0.0155,0.0884,-0.0028,0.0728,817.8861,797.9456,True,0.0136,0.9524,870.4527,722.4365,0.0085,0.0133,82900.0,0.3646,0.5422,成学社,スタンダード（内国株式）,サービス業
2181,2026-10-02,279.4,-0.0096,-0.0272,-0.0608,0.1243,-0.0482,0.1087,286.7064,266.2932,True,-0.0255,0.9392,297.4818,211.6301,0.0253,27.1888,27939.9994,1.0172,0.2342,パーソルホールディングス,プライム（内国株式）,サービス業
2183,2026-10-02,202.0,0.0,-0.0098,-0.0242,-0.0648,-0.0115,-0.0805,205.0,207.0,False,-0.0146,0.5866,344.3633,198.0,0.012,0.0544,20200.0,0.7662,0.2059,リニカル,スタンダード（内国株式）,サービス業
2185,2026-10-02,1960.0,-0.0101,-0.0076,-0.0066,0.0796,0.006,0.064,1964.0563,1886.1453,True,-0.0021,0.9431,2078.1972,1501.3518,0.0143,0.0383,196000.0,1.1494,0.2314,シイエム・シイ,スタンダード（内国株式）,サービス業
2186,2026-10-02,899.0,-0.0055,-0.0011,-0.0022,0.0103,0.0104,-0.0053,901.1614,897.1909,True,-0.0024,0.9646,932.0,862.2542,0.0048,0.059,89900.0,0.3745,0.21,ソーバル,スタンダード（内国株式）,サービス業
218A,2026-10-02,1023.0,-0.0078,0.0029,-0.1538,-0.0068,-0.1412,-0.0225,1103.0,1065.6533,False,-0.0725,0.3567,2868.0,705.0,0.0554,3.1479,102300.0,0.6827,0.1746,Ｌｉｂｅｒａｗａｒｅ,グロース（内国株式）,精密機器
2193,2026-10-02,121.0,-0.032,-0.0692,-0.1103,0.0,-0.0977,-0.0157,128.84,123.08,True,-0.0609,0.6798,178.0,111.0,0.023,0.3093,12100.0,0.9773,0.359,クックパッド,スタンダード（内国株式）,サービス業
2195,2026-10-02,371.0,-0.0107,0.0027,-0.0211,0.1311,-0.0085,0.1154,372.68,345.76,False,-0.0045,0.5496,675.0,283.102,0.036,0.2912,37100.0,0.5546,0.2021,アミタホールディングス,グロース（内国株式）,サービス業
2198,2026-10-02,753.0,-0.017,-0.0246,-0.0432,0.0561,-0.0306,0.0404,777.04,756.9067,False,-0.0309,0.9018,835.0,656.0,0.0156,0.2228,75300.0,0.5892,0.2646,アイ・ケイ・ケイホールディングス,プライム（内国株式）,サービス業
219A,2026-10-02,2579.0,-0.0156,-0.0438,0.0505,0.5716,0.0631,0.5559,2448.36,1972.64,True,0.0534,0.6787,3800.0,1343.0,0.0488,11.2605,257900.0,1.269,0.3272,Ｈｅａｒｔｓｅｅｄ,グロース（内国株式）,医薬品
2201,2026-10-02,2336.5,-0.016,-0.0418,-0.0686,-0.113,-0.0559,-0.1287,2451.9698,2533.7742,False,-0.0471,0.8264,2827.3703,2326.5,0.0133,8.8813,233650.0,1.1648,0.5083,森永製菓,プライム（内国株式）,食料品
2204,2026-10-02,3060.0,-0.0065,-0.0161,-0.0316,-0.0286,-0.019,-0.0442,3138.2,3178.7333,True,-0.0249,0.8987,3405.0,2948.4927,0.011,0.3066,306000.0,1.2641,0.3574,中村屋,スタンダード（内国株式）,食料品
2206,2026-10-02,4981.0,-0.0084,-0.0137,-0.0417,-0.0707,-0.0291,-0.0864,5060.84,5156.7372,False,-0.0158,0.7985,6238.2256,4685.0,0.0133,9.6965,498100.0,0.9789,0.2082,江崎グリコ,プライム（内国株式）,食料品
2207,2026-10-02,3310.0,-0.0193,-0.0367,-0.0381,0.0477,-0.0255,0.032,3409.9988,3271.8215,True,-0.0293,0.8926,3708.2172,2020.4885,0.0257,2.0423,331000.0,1.3518,0.3228,ｍｅｉｔｏ,プライム（内国株式）,食料品
2208,2026-10-02,3015.0,-0.0017,-0.0421,-0.0173,-0.033,-0.0047,-0.0487,3075.3863,3070.0338,True,-0.0196,0.9057,3328.7584,2349.3638,0.0133,0.1448,301500.0,1.2954,0.3938,ブルボン,スタンダード（内国株式）,食料品
2209,2026-10-02,2275.0,-0.0181,-0.0344,-0.0591,-0.0409,-0.0465,-0.0566,2372.68,2373.64,True,-0.0412,0.861,2642.2512,2183.0,0.0103,0.771,227500.0,1.8358,0.4681,井村屋グループ,プライム（内国株式）,食料品
2211,2026-10-02,2460.0,-0.0152,-0.0261,-0.0195,0.0362,-0.0069,0.0206,2503.0,2446.2933,True,-0.0172,0.9267,2654.6952,2265.0,0.0105,0.6932,246000.0,1.0644,0.2901,不二家,プライム（内国株式）,食料品
2212,2026-10-02,3526.0,-0.0154,-0.0319,-0.0733,0.0937,-0.0607,0.078,3725.4,3471.3467,True,-0.0535,0.8897,3963.0,2785.5058,0.0245,23.6351,352600.0,0.9991,0.4073,山崎製パン,プライム（内国株式）,食料品
2215,2026-10-02,613.0,-0.0065,-0.0129,-0.0049,0.0234,0.0078,0.0077,615.68,608.0267,True,-0.0044,0.9246,663.0,586.0,0.0105,0.0487,61300.0,0.7539,0.2644,第一屋製パン,スタンダード（内国株式）,食料品
2216,2026-10-02,1037.0,-0.0171,-0.0521,-0.0504,-0.0607,-0.0377,-0.0764,1084.88,1114.773,True,-0.0441,0.4301,2411.0595,1030.8145,0.0156,0.6583,103700.0,0.5817,0.4502,カンロ,スタンダード（内国株式）,食料品
2217,2026-10-02,1459.0,-0.0048,-0.026,-0.028,-0.0552,-0.0154,-0.0709,1490.84,1519.4996,True,-0.0214,0.9028,1616.0,1455.4966,0.0085,0.521,145900.0,1.1742,0.4127,モロゾフ,プライム（内国株式）,食料品
2220,2026-10-02,1221.0,-0.0137,-0.0757,-0.1118,0.0022,-0.0992,-0.0135,1332.309,1283.9725,True,-0.0835,0.7969,1532.1432,1160.5635,0.0233,2.9583,122100.0,1.0763,0.4989,亀田製菓,プライム（内国株式）,食料品
2221,2026-10-02,3030.0,-0.0033,-0.0066,-0.0098,-0.0146,0.0028,-0.0303,3054.2,3059.5333,True,-0.0079,0.908,3337.0718,2904.3417,0.0071,0.0985,303000.0,1.0639,0.1633,岩塚製菓,スタンダード（内国株式）,食料品
2222,2026-10-02,2405.0,-0.0235,-0.0397,-0.1183,-0.0512,-0.1057,-0.0669,2565.6933,2540.6815,True,-0.0626,0.8664,2775.9494,1681.198,0.0305,21.2298,240500.0,1.2283,0.3981,寿スピリッツ,プライム（内国株式）,食料品
2224,2026-10-02,3810.0,0.0026,0.0106,0.0311,0.0381,0.0437,0.0225,3721.8,3689.6667,True,0.0237,0.946,4027.508,3204.0399,0.0084,0.0697,381000.0,1.3106,0.42,コモ,スタンダード（内国株式）,食料品
2226,2026-10-02,4715.0,-0.0032,-0.0298,-0.0484,-0.0032,-0.0358,-0.0188,4874.2,4795.3333,True,-0.0327,0.9429,5000.7244,4353.3975,0.0095,0.4155,471500.0,3.3416,0.5333,湖池屋,スタンダード（内国株式）,食料品
2229,2026-10-02,3002.0,-0.0003,-0.0186,-0.0297,0.0099,-0.0171,-0.0057,3041.78,2988.62,True,-0.0131,0.9355,3209.0,2647.4284,0.0138,8.7087,300200.0,0.9815,0.2952,カルビー,プライム（内国株式）,食料品
2264,2026-10-02,1040.5,-0.0189,-0.0687,-0.0849,-0.1912,-0.0723,-0.2069,1108.9461,1178.7013,False,-0.0617,0.7688,1353.4714,797.7674,0.0246,22.3419,104050.0,1.1092,0.4678,森永乳業,プライム（内国株式）,食料品
2266,2026-10-02,1080.0,-0.0173,-0.0305,-0.0698,-0.0046,-0.0571,-0.0203,1107.04,1088.8,True,-0.0244,0.8379,1288.888,1013.0,0.0149,1.0183,108000.0,1.4835,0.28,六甲バター,プライム（内国株式）,食料品
2267,2026-10-02,2720.0,-0.0102,-0.0192,-0.0399,-0.032,-0.0273,-0.0476,2787.0245,2777.7453,True,-0.024,0.8912,3052.1959,2230.1739,0.0169,29.3292,272000.0,0.9374,0.3084,ヤクルト本社,プライム（内国株式）,食料品
2268,2026-10-02,4055.0,0.0,0.0025,0.0012,-0.0061,0.0139,-0.0218,4051.0,4068.5883,False,0.001,0.971,4176.3038,3882.5427,0.0033,0.2163,405500.0,0.6421,0.1842,Ｂ－Ｒ　サーティワン　アイスクリーム,スタンダード（内国株式）,食料品
2269,2026-10-02,4059.0,-0.0269,-0.0482,-0.0951,0.077,-0.0825,0.0613,4299.1062,3988.6548,True,-0.0559,0.8923,4548.7989,2831.4437,0.021,46.0025,405900.0,1.0594,0.3356,明治ホールディングス,プライム（内国株式）,食料品
2270,2026-10-02,3495.0,-0.0071,-0.0477,-0.0766,-0.0398,-0.064,-0.0555,3700.0,3689.0,True,-0.0554,0.8651,4040.0,2706.0902,0.0213,5.7886,349500.0,0.9802,0.4846,雪印メグミルク,プライム（内国株式）,食料品
2281,2026-10-02,2277.0,-0.0164,-0.0411,-0.0601,-0.0294,-0.0475,-0.0451,2368.4751,2361.8202,True,-0.0386,0.8024,2837.7832,2144.0812,0.0139,5.8072,227700.0,2.0223,0.4368,プリマハム,プライム（内国株式）,食料品
2282,2026-10-02,1997.0,-0.0055,-0.0088,-0.0599,-0.0206,-0.0473,-0.0363,2055.92,2057.8355,True,-0.0287,0.8074,2473.3333,1807.1497,0.0219,36.4351,199700.0,1.0165,0.4,日本ハム,プライム（内国株式）,食料品
2286,2026-10-02,892.0,-0.0056,-0.0067,-0.0429,0.0,-0.0303,-0.0157,906.36,892.56,True,-0.0158,0.8685,1027.0,636.8371,0.0123,0.1417,89200.0,0.5847,0.2,林兼産業,スタンダード（内国株式）,食料品
2288,2026-10-02,2119.0,-0.0162,-0.0564,-0.0489,-0.0451,-0.0363,-0.0608,2215.1418,2210.0758,True,-0.0434,0.8705,2434.3347,1746.5324,0.0153,4.31,211900.0,1.9705,0.5012,丸大食品,プライム（内国株式）,食料品
228A,2026-10-02,1744.0,-0.0023,0.0029,0.0187,0.0075,0.0313,-0.0082,1709.92,1675.7467,True,0.0199,0.602,2897.0,1347.0,0.0155,0.0277,174400.0,0.877,0.2852,オプロ,グロース（内国株式）,情報・通信業
2291,2026-10-02,507.0,0.0,-0.0059,-0.0078,0.0368,0.0048,0.0211,509.12,506.5467,False,-0.0042,0.4601,1102.0,468.0,0.0048,0.0113,50700.0,1.0435,0.2882,福留ハム,スタンダード（内国株式）,食料品
2292,2026-10-02,2649.0,-0.0182,-0.0392,-0.0981,0.0099,-0.0854,-0.0058,2786.6688,2712.9094,True,-0.0494,0.8351,3172.0924,2392.8296,0.0166,3.9286,264900.0,0.6203,0.3864,Ｓ　Ｆｏｏｄｓ,プライム（内国株式）,食料品
2293,2026-10-02,2655.0,-0.0052,0.0,-0.0203,-0.0067,-0.0077,-0.0224,2688.96,2702.68,True,-0.0126,0.8592,3090.0,2602.0,0.0048,0.0332,265500.0,1.586,0.236,滝沢ハム,スタンダード（内国株式）,食料品
2294,2026-10-02,2468.0,-0.0048,-0.0128,-0.0453,-0.0187,-0.0326,-0.0344,2529.76,2550.4133,False,-0.0244,0.8206,3007.5997,2454.0,0.0095,0.552,246800.0,1.0771,0.2355,柿安本店,プライム（内国株式）,食料品
2296,2026-10-02,4805.0,-0.0133,-0.0322,-0.051,0.0334,-0.0384,0.0178,4954.2205,4854.1644,True,-0.0301,0.7623,6303.5302,4536.2002,0.0146,6.4273,480500.0,1.2207,0.3041,伊藤ハム米久ホールディングス,プライム（内国株式）,食料品
2300,2026-10-02,502.0,0.004,0.002,0.004,0.0275,0.0166,0.0119,498.4382,495.2046,True,0.0071,0.9394,534.377,477.6656,0.0074,0.0122,50200.0,0.78,0.5385,きょくとう,スタンダード（内国株式）,サービス業
2301,2026-10-02,1707.0,-0.015,-0.0195,-0.0223,0.0655,-0.0097,0.0499,1722.0,1651.88,True,-0.0087,0.917,1861.4639,1506.0,0.0223,2.0354,170700.0,1.3032,0.2596,学情,プライム（内国株式）,サービス業
2303,2026-10-02,1334.0,0.0,-0.0052,-0.0184,0.0262,-0.0058,0.0105,1354.96,1300.5733,True,-0.0155,0.8694,1534.3829,1150.2922,0.0233,0.182,133400.0,0.6617,0.2382,ドーン,スタンダード（内国株式）,情報・通信業
2304,2026-10-02,900.0,0.0033,0.0101,-0.002,-0.0009,0.0106,-0.0166,893.6356,900.4741,False,0.0071,0.877,1026.2658,872.4386,0.0062,0.0427,90000.0,0.902,0.3392,ＣＳＳホールディングス,スタンダード（内国株式）,サービス業
2305,2026-10-02,1812.0,-0.0082,-0.0321,-0.0433,-0.0341,-0.0307,-0.0498,1860.68,1891.8,True,-0.0262,0.8806,2057.7205,1720.0,0.0125,0.4137,181200.0,0.612,0.317,スタジオアリス,スタンダード（内国株式）,サービス業
2307,2026-10-02,1042.0,-0.0253,-0.0262,-0.0298,0.0665,-0.0172,0.0509,1057.4,1015.88,True,-0.0146,0.8745,1191.5436,891.2515,0.0248,0.5427,104200.0,1.9021,0.2127,クロスキャット,プライム（内国株式）,情報・通信業
2311,2026-10-02,792.0,-0.0075,-0.0025,0.0115,0.0518,0.0241,0.0361,786.8,776.1821,True,0.0066,0.9345,847.5533,736.0,0.0106,0.0672,79200.0,0.823,0.2254,エプコ,スタンダード（内国株式）,サービス業
2315,2026-10-02,68.0,-0.0423,0.0303,0.0,0.1148,0.0126,0.0991,67.24,62.7867,True,0.0113,0.4964,137.0,53.0,0.0483,3.3256,6800.0,1.0129,0.3348,ＣＡＩＣＡ　ＤＩＧＩＴＡＬ,スタンダード（内国株式）,情報・通信業
2317,2026-10-02,424.0,0.0024,-0.007,-0.0729,0.0483,-0.0603,0.0327,431.1208,417.1434,True,-0.0165,0.7953,533.1398,377.0345,0.0172,3.7427,42400.0,0.7552,0.2439,システナ,プライム（内国株式）,情報・通信業
2321,2026-10-02,139.0,-0.0071,-0.0142,-0.0071,-0.0211,0.0055,-0.0368,146.08,136.8533,False,-0.0485,0.3096,449.0,117.0,0.0781,2.2444,13900.0,0.3741,0.0921,ソフトフロントホールディングス,グロース（内国株式）,情報・通信業
2323,2026-10-02,355.0,-0.0139,-0.0111,0.0823,0.3148,0.0949,0.2991,338.8,303.32,False,0.0478,0.7505,473.0,233.3333,0.0465,0.1591,35500.0,0.578,0.2788,ｆｏｎｆｕｎ,スタンダード（内国株式）,情報・通信業
2325,2026-10-02,4625.0,0.021,-0.0022,-0.0344,0.0154,-0.0218,-0.0003,4661.2,4610.4739,False,-0.0078,0.774,5975.3775,4265.6602,0.0178,0.9262,462500.0,0.7274,0.2009,ＮＪＳ,プライム（内国株式）,サービス業
2326,2026-10-02,5080.0,0.0,0.0485,0.1121,0.3348,0.1248,0.3192,4665.6328,4228.1315,True,0.0888,0.6436,7893.3912,3464.2128,0.0292,5.8855,508000.0,0.8839,0.2559,デジタルアーツ,プライム（内国株式）,情報・通信業
2327,2026-10-02,3821.0,0.0034,-0.0053,-0.0523,0.0756,-0.0397,0.0599,3851.9067,3691.8574,True,-0.008,0.8404,4546.4426,3040.3464,0.0268,12.5416,382100.0,1.7053,0.2943,日鉄ソリューションズ,プライム（内国株式）,情報・通信業
2329,2026-10-02,487.0,-0.0061,-0.0086,-0.0223,-0.0505,-0.0097,-0.0662,493.9272,496.9651,False,-0.014,0.731,666.1722,462.5985,0.0103,0.3658,48700.0,0.7093,0.3401,東北新社,スタンダード（内国株式）,情報・通信業
2330,2026-10-02,84.0,-0.0345,-0.087,0.0,0.0909,0.0126,0.0752,92.88,81.12,True,-0.0956,0.3529,238.0,69.0,0.0714,4.6786,8400.0,0.3954,0.2833,フォーサイド,スタンダード（内国株式）,情報・通信業
2331,2026-10-02,1157.0,-0.0187,-0.0325,-0.0385,0.0837,-0.0258,0.068,1193.0715,1137.8087,True,-0.0302,0.8787,1316.7199,1018.6282,0.0232,15.0029,115700.0,1.1501,0.3865,ＡＬＳＯＫ,プライム（内国株式）,サービス業
2332,2026-10-02,1749.0,-0.0046,-0.0006,0.0264,-0.0046,0.039,-0.0202,1705.24,1711.84,False,0.0257,0.7878,2220.0,1374.0803,0.0245,0.1231,174900.0,0.5392,0.2758,クエスト,スタンダード（内国株式）,情報・通信業
2334,2026-10-02,569.0,0.0035,-0.0087,0.0252,-0.0672,0.0378,-0.0829,571.08,556.9067,True,-0.0036,0.827,688.0,262.0,0.0412,4.3585,56900.0,0.6113,0.2732,イオレ,グロース（内国株式）,サービス業
2335,2026-10-02,1022.0,-0.0097,-0.0529,-0.0639,-0.0021,-0.0513,-0.0178,1072.9973,1051.3346,True,-0.0475,0.8846,1155.3541,972.9081,0.0109,0.5288,102200.0,1.6549,0.5914,キューブシステム,プライム（内国株式）,情報・通信業
2337,2026-10-02,376.0,-0.0408,-0.0716,-0.0576,-0.1396,-0.045,-0.1553,398.84,415.52,False,-0.0573,0.7108,529.0,337.7198,0.0188,3.4213,37600.0,1.0759,0.4949,いちご,プライム（内国株式）,不動産業
2338,2026-10-02,105.0,-0.0278,-0.0455,-0.16,-0.1026,-0.1474,-0.1182,116.68,121.4933,False,-0.1001,0.1235,850.0,91.0,0.0422,0.4585,10500.0,0.5469,0.3161,クオンタムソリューションズ,スタンダード（内国株式）,情報・通信業
2340,2026-10-02,510.0,-0.0039,-0.0556,-0.0192,0.0366,-0.0066,0.0209,524.24,507.68,True,-0.0272,0.9273,550.0,462.2927,0.0161,0.2765,51000.0,1.88,0.487,極楽湯ホールディングス,スタンダード（内国株式）,サービス業
2341,2026-10-02,180.0,0.0,0.0405,0.0465,0.0588,0.0591,0.0432,173.12,168.7733,True,0.0397,0.7258,248.0,151.0,0.0151,0.0358,18000.0,0.7256,0.5526,アルバイトタイムス,スタンダード（内国株式）,サービス業
2342,2026-10-02,244.0,-0.0279,-0.0279,-0.0279,0.1296,-0.0153,0.114,252.6,232.3333,True,-0.034,0.501,487.0,182.0,0.0269,0.1058,24400.0,0.3561,0.213,トランスジェニックグループ,スタンダード（内国株式）,サービス業
2345,2026-10-02,95.0,-0.0306,-0.05,-0.0865,-0.2213,-0.0739,-0.237,103.08,108.1067,False,-0.0784,0.3333,285.0,84.0,0.0414,0.0693,9500.0,0.1751,0.2545,ＨＯＤＬ１,スタンダード（内国株式）,情報・通信業
2351,2026-10-02,330.0,-0.0179,-0.0208,-0.0237,0.0345,-0.011,0.0188,334.24,326.9467,False,-0.0127,0.7082,466.0,282.7381,0.0314,0.0204,33000.0,0.3993,0.2124,ＡＳＪ,スタンダード（内国株式）,情報・通信業
2353,2026-10-02,256.0,0.0,-0.0116,-0.0554,0.0512,-0.0427,0.0355,265.48,255.6747,True,-0.0357,0.8889,287.9925,225.1754,0.0301,5.4672,25600.0,0.8376,0.2722,日本駐車場開発,プライム（内国株式）,不動産業
2354,2026-10-02,1196.0,-0.0485,-0.0347,-0.15,0.4283,-0.1373,0.4126,1345.8167,1171.8906,True,-0.1113,0.6803,1758.0,582.577,0.0517,7.444,119600.0,0.3429,0.3383,ＹＥ　ＤＩＧＩＴＡＬ,スタンダード（内国株式）,情報・通信業
2359,2026-10-02,2042.0,-0.0121,-0.0289,-0.0552,0.0597,-0.0426,0.044,2096.1243,2038.4033,True,-0.0258,0.8828,2313.197,1910.1249,0.0133,0.3025,204200.0,0.7578,0.2889,コア,プライム（内国株式）,情報・通信業
2370,2026-10-02,24.0,-0.04,0.0,-0.04,-0.0769,-0.0274,-0.0926,24.6,24.76,False,-0.0244,0.5581,43.0,23.0,0.0417,0.0585,2400.0,0.4939,0.1,メディネット,グロース（内国株式）,サービス業
2371,2026-10-02,3810.0,0.0013,-0.0005,0.0314,0.069,0.044,0.0534,3752.76,3634.08,True,0.0153,0.9848,3869.0,1546.469,0.0119,10.7733,381000.0,0.9864,0.2003,カカクコム,プライム（内国株式）,サービス業
2373,2026-10-02,444.0,0.0045,0.0137,0.0882,0.0829,0.1009,0.0673,426.88,413.1733,True,0.0401,0.7507,591.4668,390.0,0.0301,0.0818,44400.0,0.8718,0.1797,ケア２１,スタンダード（内国株式）,サービス業
2375,2026-10-02,214.0,0.0,0.0542,0.0,0.049,0.0126,0.0333,211.16,206.7333,True,0.0134,0.7839,273.0,196.0,0.0441,0.2189,21400.0,0.9238,0.2652,ギグワークス,スタンダード（内国株式）,サービス業
2376,2026-10-02,783.0,0.0209,-0.0101,-0.0013,-0.0645,0.0113,-0.0802,786.56,790.7733,True,-0.0045,0.7949,985.0,634.0,0.0208,0.0225,78300.0,2.2669,0.393,サイネックス,スタンダード（内国株式）,サービス業
2378,2026-10-02,994.0,-0.0119,-0.046,-0.0506,-0.0255,-0.038,-0.0412,1039.7195,1037.1284,True,-0.044,0.7792,1275.5952,963.2736,0.0105,0.5769,99400.0,1.703,0.5815,ルネサンス,プライム（内国株式）,サービス業
2379,2026-10-02,1784.0,-0.0056,-0.0214,-0.0182,-0.0019,-0.0055,-0.0175,1820.0881,1790.0068,True,-0.0198,0.8018,2225.0157,1643.0901,0.0137,4.1733,178400.0,0.6964,0.3224,ディップ,プライム（内国株式）,サービス業
2384,2026-10-02,5110.0,-0.0116,-0.0519,-0.0248,0.1842,-0.0122,0.1686,5101.2,4701.0667,True,0.0017,0.9325,5480.0,3242.2887,0.0277,5.1128,511000.0,1.5163,0.3854,ＳＢＳホールディングス,プライム（内国株式）,陸運業
2385,2026-10-02,215.0,-0.0227,-0.0359,-0.0402,0.0287,-0.0276,0.013,219.76,219.2925,False,-0.0217,0.6897,311.7347,172.6531,0.0548,1.7196,21500.0,5.108,0.6873,総医研ホールディングス,グロース（内国株式）,サービス業
2388,2026-10-02,13.0,-0.2353,-0.5806,-0.6286,-0.6667,-0.6159,-0.6823,31.24,35.88,False,-0.5839,0.1757,74.0,13.0,0.2033,0.1009,1300.0,2.7772,0.7946,ウェッジホールディングス,グロース（内国株式）,その他金融業
2391,2026-10-02,1166.0,-0.0034,-0.011,-0.0102,-0.0153,0.0024,-0.0309,1174.32,1177.3125,False,-0.0071,0.8758,1331.3455,1147.7454,0.0059,0.0456,116600.0,0.7486,0.2309,プラネット,スタンダード（内国株式）,サービス業
2393,2026-10-02,4375.0,-0.0057,-0.0068,0.0151,0.0057,0.0277,-0.0099,4329.6,4263.2667,True,0.0105,0.9449,4630.0,2052.2042,0.0236,0.211,437500.0,0.3207,0.2325,日本ケアサプライ,スタンダード（内国株式）,サービス業
2395,2026-10-02,1293.0,-0.0227,-0.0292,-0.0557,0.1218,-0.0431,0.1062,1325.0843,1279.8283,True,-0.0242,0.6684,1934.59,1051.0983,0.0201,2.1074,129300.0,0.7202,0.2348,新日本科学,プライム（内国株式）,サービス業
2404,2026-10-02,531.0,-0.0019,0.0038,-0.0019,-0.1061,0.0107,-0.1217,531.64,565.1067,False,-0.0012,0.885,600.0,451.0,0.0071,0.0561,53100.0,0.3753,0.5019,鉄人化ホールディングス,スタンダード（内国株式）,サービス業
2408,2026-10-02,834.0,0.0024,-0.0107,-0.0257,0.0024,-0.0131,-0.0133,836.6,840.3575,True,-0.0031,0.8981,928.64,627.5594,0.016,0.0261,83400.0,0.4756,0.307,ＫＧ情報,スタンダード（内国株式）,サービス業
2410,2026-10-02,2560.0,-0.0251,-0.0488,-0.0757,-0.0577,-0.0631,-0.0734,2701.4588,2705.7239,True,-0.0524,0.9088,2816.8291,1946.4818,0.0178,1.6886,256000.0,2.4959,0.4861,キャリアデザインセンター,プライム（内国株式）,サービス業
2411,2026-10-02,460.0,0.0088,0.0001,0.0001,0.0196,0.0127,0.0039,458.4647,451.9963,True,0.0033,0.9423,488.1694,383.6973,0.0145,0.073,46000.0,1.3995,0.1945,ゲンダイエージェンシー,スタンダード（内国株式）,情報・通信業
2413,2026-10-02,1753.0,-0.0256,-0.0082,-0.0421,-0.0578,-0.0295,-0.0735,1761.14,1773.8667,True,-0.0046,0.6471,2708.8233,1297.0,0.0288,57.0429,175300.0,0.7378,0.1646,エムスリー,プライム（内国株式）,サービス業
2415,2026-10-02,1601.0,-0.0068,-0.0111,-0.0582,0.0107,-0.0456,-0.0049,1647.92,1612.1067,True,-0.0285,0.7883,2031.0554,1496.0,0.0172,0.109,160100.0,1.5272,0.2285,ヒューマンホールディングス,スタンダード（内国株式）,サービス業
2418,2026-10-02,580.0,-0.0169,-0.0317,-0.06,-0.0429,-0.0473,-0.0586,600.92,600.9903,True,-0.0348,0.8194,707.8105,522.3548,0.0161,0.5231,58000.0,0.902,0.342,ツカダ・グローバルホールディング,スタンダード（内国株式）,サービス業
241A,2026-10-02,428.0,0.0023,0.019,0.019,0.019,0.0317,0.0034,422.2,418.0,False,0.0137,0.488,877.0,390.0,0.0165,0.0323,42800.0,0.5296,0.3677,ＲＯＸＸ,グロース（内国株式）,情報・通信業
2424,2026-10-02,616.0,0.0033,-0.0016,0.0284,0.0144,0.041,-0.0012,607.44,606.5435,True,0.0141,0.9161,672.4069,583.5426,0.0219,0.0473,61600.0,0.8182,0.4074,ブラス,スタンダード（内国株式）,サービス業
2425,2026-10-02,682.0,-0.0145,0.0256,0.0164,0.0673,0.029,0.0516,669.88,663.12,False,0.0181,0.8264,825.297,620.0,0.0142,0.0147,68200.0,0.731,0.3706,ケアサービス,スタンダード（内国株式）,サービス業
2428,2026-10-02,619.0,-0.0048,-0.0064,-0.0283,-0.0096,-0.0156,-0.0253,628.76,626.6116,True,-0.0155,0.8891,696.2405,578.124,0.009,0.237,61900.0,1.1682,0.2692,ウェルネット,スタンダード（内国株式）,サービス業
2429,2026-10-02,2851.0,-0.008,0.0004,-0.0306,0.1395,-0.018,0.1238,2838.64,2686.3733,True,0.0044,0.9671,2948.0,2288.0,0.0189,1.2232,285100.0,0.8201,0.2593,ワールドホールディングス,プライム（内国株式）,サービス業
2432,2026-10-02,2532.0,-0.0096,-0.0053,-0.0286,-0.0495,-0.016,-0.0652,2552.66,2511.7133,False,-0.0081,0.901,2810.2561,2217.5211,0.0194,27.8548,253200.0,0.961,0.2721,ディー・エヌ・エー,プライム（内国株式）,情報・通信業
2433,2026-10-02,1298.0,-0.0076,-0.0126,-0.0462,0.1205,-0.0336,0.1048,1312.5436,1241.6635,True,-0.0111,0.9351,1388.1103,961.7975,0.0255,11.5213,129800.0,1.0183,0.1852,博報堂ＤＹホールディングス,プライム（内国株式）,サービス業
2435,2026-10-02,205.0,0.0,0.0,-0.0238,-0.0049,-0.0112,-0.0205,207.88,209.3867,True,-0.0139,0.8046,254.7773,193.9782,0.0098,0.0244,20500.0,1.1504,0.25,シダー,スタンダード（内国株式）,サービス業
2436,2026-10-02,580.0,-0.0136,-0.0268,-0.06,-0.0492,-0.0473,-0.0649,592.36,593.0333,True,-0.0209,0.867,669.0,407.3034,0.0257,0.1891,58000.0,0.5995,0.4086,共同ピーアール,スタンダード（内国株式）,サービス業
2437,2026-10-02,611.0,-0.0302,-0.0317,-0.0378,0.2196,-0.0252,0.2039,621.56,602.7467,True,-0.017,0.7695,794.0,236.0,0.0275,0.3087,61100.0,0.3058,0.1906,Ｓｈｉｎｗａ　Ｗｉｓｅ　Ｈｏｌｄｉｎｇｓ,スタンダード（内国株式）,サービス業
2438,2026-10-02,341.0,-0.0201,-0.0201,-0.0734,-0.0421,-0.0607,-0.0578,348.96,340.9867,True,-0.0228,0.8423,404.8563,302.0,0.0207,0.1703,34100.0,0.4503,0.2263,アスカネット,グロース（内国株式）,サービス業
2440,2026-10-02,116.0,-0.0252,-0.0413,-0.1077,-0.072,-0.0951,-0.0877,124.0,123.6933,False,-0.0645,0.4874,238.0,115.0,0.0216,0.1853,11600.0,0.9904,0.36,ぐるなび,スタンダード（内国株式）,サービス業
2445,2026-10-02,385.0,-0.0204,-0.0254,-0.0254,-0.0254,-0.0128,-0.0411,392.9247,398.3605,True,-0.0202,0.8309,463.3546,333.5769,0.0129,0.2674,38500.0,0.9364,0.3218,タカミヤ,スタンダード（内国株式）,サービス業
2449,2026-10-02,1348.0,0.2863,0.3037,0.2887,0.326,0.3013,0.3103,1063.4308,1039.6172,True,0.2676,1.0,1348.0,970.4455,0.0277,0.1999,134800.0,1.1081,0.8914,プラップジャパン,スタンダード（内国株式）,サービス業
244A,2026-10-02,1263.0,0.0293,0.0613,0.0596,0.0194,0.0722,0.0037,1185.0,1176.5333,True,0.0658,0.5421,2330.0,1045.0,0.0274,0.0331,126300.0,1.0198,0.3558,グロースエクスパートナーズ,グロース（内国株式）,情報・通信業
2454,2026-10-02,330.0,0.003,-0.0407,-0.0678,-0.003,-0.0552,-0.0187,348.28,343.2,False,-0.0525,0.7973,413.9221,327.0,0.0193,0.0439,33000.0,2.1176,0.409,オールアバウト,スタンダード（内国株式）,サービス業
2459,2026-10-02,175.0,-0.0169,-0.0223,-0.0169,0.087,-0.0042,0.0713,177.56,170.92,False,-0.0144,0.3103,564.0,154.0,0.0257,0.0636,17500.0,0.1528,0.1333,アウンコンサルティング,スタンダード（内国株式）,サービス業
245A,2026-10-02,2499.0,-0.0091,0.0056,-0.0215,0.0739,-0.0089,0.0582,2524.04,2455.1333,True,-0.0099,0.714,3500.0,2250.0,0.0098,0.0485,249900.0,0.6131,0.2367,ＩＮＧＳ,グロース（内国株式）,小売業
2461,2026-10-02,383.0,-0.0052,-0.0304,-0.0254,-0.0328,-0.0128,-0.0485,389.44,397.32,False,-0.0165,0.7425,515.7993,376.0,0.016,0.6376,38300.0,1.7824,0.3256,ファンコミュニケーションズ,プライム（内国株式）,サービス業
2462,2026-10-02,1496.0,-0.0086,-0.0177,-0.0348,-0.002,-0.0222,-0.0177,1518.8,1505.16,True,-0.015,0.9237,1619.6132,1396.0,0.0101,0.3382,149600.0,0.9604,0.2179,ライク,プライム（内国株式）,サービス業
2464,2026-10-02,372.0,-0.0027,-0.0185,-0.0106,0.1735,0.002,0.1578,372.52,343.2933,True,-0.0014,0.9738,382.0,304.0,0.0205,0.032,37200.0,0.6635,0.1832,Ａｏｂａ‐ＢＢＴ,スタンダード（内国株式）,サービス業
2469,2026-10-02,1320.0,0.003,-0.0053,-0.0486,-0.015,-0.036,-0.0307,1347.9642,1338.8063,True,-0.0207,0.6321,2088.3035,1166.4871,0.0226,0.3229,132000.0,0.854,0.1896,ヒビノ,スタンダード（内国株式）,サービス業
246A,2026-10-02,1118.0,-0.0018,0.0145,0.1944,0.1147,0.2071,0.099,1002.64,1026.5331,False,0.1151,0.9222,1212.3063,568.3928,0.033,0.1233,111800.0,1.3337,0.306,アスア,グロース（内国株式）,サービス業
2471,2026-10-02,265.0,-0.0221,-0.0536,-0.0767,0.0,-0.064,-0.0157,278.68,273.2267,True,-0.0491,0.7753,341.7931,222.0,0.0275,0.8029,26500.0,0.779,0.3569,エスプール,プライム（内国株式）,サービス業
2475,2026-10-02,1714.0,-0.0161,-0.0125,-0.049,-0.0041,-0.0364,-0.0198,1746.6154,1750.2717,False,-0.0187,0.9313,1840.4821,1451.8271,0.0129,0.2752,171400.0,1.1402,0.2115,ＷＤＢホールディングス,プライム（内国株式）,サービス業
2477,2026-10-02,3160.0,-0.0217,-0.0322,-0.0637,0.3703,-0.0511,0.3547,3248.4,2725.6897,True,-0.0272,0.9226,3425.0,2074.1365,0.0324,0.4271,316000.0,0.8763,0.2732,手間いらず,スタンダード（内国株式）,情報・通信業
2479,2026-10-02,252.0,-0.0233,-0.0455,-0.0195,0.0456,-0.0068,0.03,260.48,244.1067,True,-0.0326,0.9299,271.0,217.0,0.0261,0.2503,25200.0,1.7165,0.3043,ジェイテック,スタンダード（内国株式）,サービス業
247A,2026-10-02,950.0,-0.0326,-0.0594,-0.064,0.1163,-0.0514,0.1007,1008.04,880.2267,True,-0.0576,0.4427,2146.0,628.0,0.0456,9.8897,95000.0,0.8855,0.2191,Ａｉロボティクス,グロース（内国株式）,化学
2480,2026-10-02,1736.0,-0.0091,-0.0702,0.0006,0.0206,0.0132,0.0049,1786.96,1734.04,True,-0.0285,0.8903,1950.0,1465.493,0.0317,0.0403,173600.0,2.2482,0.4255,システム・ロケーション,スタンダード（内国株式）,情報・通信業
2481,2026-10-02,700.0,-0.0358,-0.0291,0.037,0.0989,0.0497,0.0832,694.04,659.3268,True,0.0086,0.9409,744.0,610.0934,0.0144,0.0136,70000.0,1.5088,0.566,タウンニュース社,スタンダード（内国株式）,サービス業
2483,2026-10-02,2204.0,-0.0243,-0.0333,-0.0041,-0.0248,0.0086,-0.0404,2221.16,2219.9067,True,-0.0077,0.8941,2465.0,1692.5209,0.0252,0.1363,220400.0,0.9089,0.2667,翻訳センター,スタンダード（内国株式）,サービス業
2484,2026-10-02,153.0,0.02,0.0479,-0.1404,0.2339,-0.1278,0.2182,158.88,140.76,True,-0.037,0.7688,199.0,112.0,0.0434,0.9155,15300.0,0.6326,0.3011,出前館,スタンダード（内国株式）,情報・通信業
2485,2026-10-02,431.0,-0.0182,-0.0181,-0.0115,-0.0597,0.0011,-0.0754,436.3396,448.5109,False,-0.0122,0.8271,521.0797,425.3467,0.0088,0.2196,43100.0,1.4277,0.2642,ティア,スタンダード（内国株式）,サービス業
2488,2026-10-02,1387.0,-0.0142,-0.0273,-0.0625,0.0455,-0.0499,0.0298,1432.1327,1389.6143,True,-0.0315,0.9024,1537.0428,1101.8018,0.0198,0.1836,138700.0,0.6727,0.2608,ＪＴＰ,スタンダード（内国株式）,サービス業
2489,2026-10-02,424.0,-0.0162,0.0521,-0.0275,0.4276,-0.0149,0.4119,415.96,349.7733,True,0.0193,0.9703,437.0,247.115,0.0263,0.6545,42400.0,0.4851,0.3141,アドウェイズ,スタンダード（内国株式）,サービス業
248A,2026-10-02,807.0,-0.0025,0.0,-0.0062,-0.0528,0.0065,-0.0685,810.16,831.12,False,-0.0039,0.3513,2297.0,805.0,0.0038,0.0109,80700.0,0.6259,0.2279,キッズスター,グロース（内国株式）,情報・通信業
2491,2026-10-02,448.0,-0.011,-0.0345,-0.1076,0.0,-0.0949,-0.0157,475.16,466.8853,True,-0.0572,0.5796,772.915,400.9807,0.0166,0.4283,44800.0,0.5406,0.4577,バリューコマース,プライム（内国株式）,サービス業
2492,2026-10-02,738.0,0.025,0.0365,0.1604,0.5407,0.173,0.525,692.16,561.5709,True,0.0662,0.9919,744.0,293.0368,0.0333,24.4979,73800.0,0.9518,0.2483,インフォマート,プライム（内国株式）,サービス業
2493,2026-10-02,949.0,-0.0297,-0.0104,0.0032,0.0128,0.0158,-0.0029,949.72,941.4267,True,-0.0008,0.9241,1027.0,901.0,0.0124,0.0745,94900.0,2.5736,0.6279,イーサポートリンク,スタンダード（内国株式）,サービス業
2497,2026-10-02,495.0,-0.0198,-0.0407,-0.0638,-0.0029,-0.0512,-0.0186,517.4242,508.355,True,-0.0433,0.8541,579.5695,451.6314,0.0128,0.123,49500.0,1.1602,0.3767,ユナイテッド,グロース（内国株式）,サービス業
2498,2026-10-02,2983.0,-0.009,-0.0201,-0.0412,0.0085,-0.0286,-0.0072,3035.0536,3006.8869,True,-0.0172,0.9084,3283.8747,2726.8146,0.0137,0.3593,298300.0,1.8002,0.269,オリエンタルコンサルタンツホールディングス,スタンダード（内国株式）,サービス業
2499,2026-10-02,310.0,0.0131,0.0132,0.0367,0.0947,0.0493,0.079,302.9493,290.8399,True,0.0233,0.7733,400.8719,259.6422,0.0167,0.0318,31000.0,1.1599,0.2502,日本和装ホールディングス,スタンダード（内国株式）,サービス業
2501,2026-10-02,1839.0,0.006,0.0104,-0.0121,-0.0313,0.0005,-0.047,1855.84,1921.1454,True,-0.0091,0.8365,2198.5,1365.2877,0.0231,21.5465,183900.0,0.9585,0.3238,サッポロビール,プライム（内国株式）,食料品
2502,2026-10-02,1572.0,-0.0144,-0.026,-0.0715,0.0122,-0.0588,-0.0034,1625.34,1616.7903,True,-0.0328,0.8707,1805.5,1428.3381,0.0163,94.6932,157200.0,0.8625,0.2992,アサヒグループホールディングス,プライム（内国株式）,食料品
2503,2026-10-02,2805.0,-0.0139,-0.0218,-0.0836,-0.003,-0.071,-0.0187,2891.4,2894.1718,True,-0.0299,0.8874,3161.0,2050.6697,0.0177,87.0328,280500.0,0.9435,0.2348,キリンホールディングス,プライム（内国株式）,食料品
250A,2026-10-02,1532.0,-0.0186,-0.0358,-0.0304,-0.0602,-0.0178,-0.0759,1570.0942,1600.7372,False,-0.0243,0.7978,1920.2321,1494.4935,0.0096,0.6929,153200.0,1.6271,0.4183,シマダヤ,スタンダード（内国株式）,食料品
2531,2026-10-02,2600.0,-0.0057,-0.0269,0.1894,0.2299,0.202,0.2142,2431.0,2240.94,True,0.0695,0.9596,2709.5,1340.8332,0.0352,17.5777,260000.0,1.498,0.282,宝ホールディングス,プライム（内国株式）,食料品
2533,2026-10-02,475.0,-0.0145,-0.0226,0.015,-0.0443,0.0276,-0.0599,472.2,481.1067,False,0.0059,0.7892,601.8896,409.0,0.0212,0.6239,47500.0,0.7399,0.2482,オエノンホールディングス,プライム（内国株式）,食料品
253A,2026-10-02,1037.0,0.0147,0.0108,0.0079,-0.0575,0.0206,-0.0731,1020.7952,1047.0501,False,0.0159,0.6981,1485.5354,917.3353,0.0178,0.1517,103700.0,0.729,0.226,ＥＴＳグループ,スタンダード（内国株式）,建設業
254A,2026-10-02,1140.0,0.0088,-0.0476,-0.0747,0.1265,-0.0621,0.1108,1194.68,1158.9733,True,-0.0458,0.8389,1359.0,814.0,0.0212,0.2271,114000.0,0.478,0.4791,ＡＩフュージョンキャピタルグループ,スタンダード（内国株式）,証券、商品先物取引業
255A,2026-10-02,5490.0,0.0018,0.0073,0.0517,-0.1475,0.0643,-0.1632,5230.2,5615.9333,False,0.0497,0.7689,7140.0,2763.6717,0.0376,2.3284,549000.0,0.4849,0.3246,ジーエルテクノホールディングス,スタンダード（内国株式）,精密機器
256A,2026-10-02,2279.0,-0.0083,-0.0202,0.0445,0.1254,0.0571,0.1098,2241.2,2110.9867,True,0.0169,0.891,2557.7365,1886.0,0.0254,6.0306,227900.0,1.022,0.263,飛島ホールディングス,プライム（内国株式）,建設業
2573,2026-10-02,4135.0,-0.0012,0.0012,0.0098,0.0416,0.0224,0.0259,4075.4,4030.818,False,0.0146,0.938,4408.4268,3528.9148,0.0058,0.1439,413500.0,0.8797,0.397,北海道コカ・コーラボトリング,スタンダード（内国株式）,食料品
2579,2026-10-02,3786.0,-0.0267,-0.0117,-0.0518,-0.1436,-0.0392,-0.1593,3829.08,4003.5027,True,-0.0113,0.8124,4660.0,2393.1195,0.0228,27.9999,378600.0,0.9076,0.2339,コカ・コーラ　ボトラーズジャパンホールディングス,プライム（内国株式）,食料品
2585,2026-10-02,1325.0,-0.0038,0.0099,-0.1587,-0.1418,-0.1461,-0.1575,1422.08,1503.1067,False,-0.0683,0.5517,2401.8076,919.0641,0.0417,8.4296,132500.0,0.9105,0.2786,ライフドリンク　カンパニー,プライム（内国株式）,食料品
2586,2026-10-02,58.0,-0.0333,-0.0645,-0.2468,-0.4727,-0.2341,-0.4884,69.28,87.2133,False,-0.1628,0.2086,278.0,58.0,0.0431,0.5987,5800.0,0.9404,0.44,フルッタフルッタ,グロース（内国株式）,食料品
2587,2026-10-02,4466.0,-0.0117,-0.0167,-0.0135,-0.0262,-0.0009,-0.0418,4510.0,4538.8951,True,-0.0098,0.8383,5327.2522,4049.462,0.0158,42.8085,446600.0,0.8291,0.2496,サントリービバレッジ＆フード,プライム（内国株式）,食料品
2588,2026-10-02,3560.0,-0.0084,-0.0084,-0.0387,-0.0438,-0.0261,-0.0595,3624.4076,3633.8198,True,-0.0178,0.8446,4214.9391,3066.7318,0.0301,0.1586,356000.0,1.3,0.2708,プレミアムウォーターホールディングス,スタンダード（内国株式）,食料品
2590,2026-10-02,2852.0,-0.0216,-0.0339,-0.0452,0.0649,-0.0326,0.0493,2992.68,2882.2972,True,-0.047,0.8034,3550.0,2374.1045,0.0224,2.3653,285200.0,0.6203,0.3841,ダイドーグループホールディングス,プライム（内国株式）,食料品
2593,2026-10-02,3085.0,-0.0112,-0.02,0.0246,0.0451,0.0372,0.0294,3127.56,3012.7867,True,-0.0136,0.8656,3563.8499,2630.0,0.0225,16.9795,308500.0,1.0288,0.3827,伊藤園,プライム（内国株式）,食料品
2594,2026-10-02,1940.0,-0.0117,-0.0212,-0.0438,-0.0157,-0.0312,-0.0314,2004.2856,1989.3222,True,-0.0321,0.942,2059.5359,1892.573,0.0083,2.192,194000.0,1.6813,0.4731,キーコーヒー,プライム（内国株式）,食料品
2597,2026-10-02,1323.0,0.0038,0.0336,0.0627,0.1812,0.0753,0.1656,1269.08,1182.2133,True,0.0425,0.9932,1332.0,971.709,0.0174,0.1202,132300.0,0.996,0.4,ユニカフェ,スタンダード（内国株式）,食料品
2602,2026-10-02,1986.0,-0.011,-0.0353,-0.0334,0.0847,-0.0208,0.069,2040.8539,1932.9201,True,-0.0269,0.9448,2101.9822,1588.053,0.0178,5.491,198600.0,1.1204,0.363,日清オイリオグループ,プライム（内国株式）,食料品
2607,2026-10-02,4226.0,-0.0052,-0.0501,-0.1003,0.0537,-0.0876,0.038,4443.6838,4159.9725,True,-0.049,0.8941,4726.7057,3019.7294,0.0249,12.5552,422600.0,0.908,0.3323,不二製油,プライム（内国株式）,食料品
2612,2026-10-02,2870.0,0.0021,0.0,0.6007,0.4688,0.6133,0.4531,2459.32,2000.16,True,0.167,0.9958,2882.0,1180.4052,0.0242,6.0972,287000.0,3.7298,0.1194,かどや製油,スタンダード（内国株式）,食料品
2613,2026-10-02,2168.0,-0.0234,-0.0374,-0.0596,0.0679,-0.0469,0.0522,2234.1859,2113.4713,True,-0.0296,0.9392,2308.2717,1881.2207,0.0176,1.6101,216800.0,0.9666,0.3462,Ｊ－オイルミルズ,プライム（内国株式）,食料品
261A,2026-10-02,1987.0,-0.01,-0.0075,-0.026,0.0117,-0.0134,-0.004,1991.36,1993.8283,False,-0.0022,0.6369,3119.8604,1918.0,0.012,0.4091,198700.0,0.7825,0.2766,日水コン,スタンダード（内国株式）,サービス業
262A,2026-10-02,1662.0,-0.0235,-0.0421,-0.072,-0.2157,-0.0594,-0.2313,1743.84,1894.8,False,-0.0469,0.582,2855.437,1643.0,0.0281,3.5267,166200.0,0.6316,0.2551,インターメスティック,プライム（内国株式）,小売業
264A,2026-10-02,290.0,-0.0068,-0.0675,-0.0615,0.0943,-0.0489,0.0787,315.84,299.0133,True,-0.0818,0.3511,826.0,241.0,0.0633,0.431,29000.0,0.2832,0.3432,Ｓｃｈｏｏ,グロース（内国株式）,サービス業
2652,2026-10-02,405.0,-0.0241,-0.0334,-0.0752,-0.0425,-0.0626,-0.0582,431.7973,430.2675,True,-0.0621,0.8285,488.8193,306.2602,0.0275,0.6872,40500.0,0.9291,0.3859,まんだらけ,スタンダード（内国株式）,小売業
2653,2026-10-02,2752.0,-0.0086,-0.0168,-0.0154,-0.0158,-0.0028,-0.0315,2798.04,2798.0925,True,-0.0165,0.9289,2962.6917,2720.8446,0.0053,0.4731,275200.0,0.6831,0.469,イオン九州,スタンダード（内国株式）,小売業
2654,2026-10-02,392.0,-0.0175,-0.0926,-0.0884,-0.0175,-0.0757,-0.0332,427.4,411.8,True,-0.0828,0.8711,450.0,348.1194,0.0295,0.067,39200.0,1.8577,0.4235,アスモ,スタンダード（内国株式）,小売業
2656,2026-10-02,160.0,0.0256,-0.0244,-0.0588,-0.0303,-0.0462,-0.046,162.76,167.7467,False,-0.017,0.6107,262.0,114.0,0.0304,0.341,16000.0,0.677,0.2676,ベクターホールディングス,スタンダード（内国株式）,小売業
2659,2026-10-02,3190.0,-0.0215,-0.0492,-0.0645,0.0016,-0.0519,-0.0141,3350.2,3279.0,True,-0.0478,0.9154,3485.0,2527.7212,0.0193,6.2678,319000.0,1.2154,0.4395,サンエー,プライム（内国株式）,小売業
265A,2026-10-02,766.0,0.0052,0.0026,0.0595,0.0713,0.0721,0.0557,747.48,698.6533,True,0.0248,0.567,1351.0,580.0,0.064,0.6038,76600.0,0.8462,0.2265,Ｈｍｃｏｍｍ,グロース（内国株式）,情報・通信業
2664,2026-10-02,3790.0,0.004,0.0161,0.0554,0.1332,0.068,0.1175,3693.4268,3540.3905,True,0.0261,0.9863,3842.718,2711.7865,0.0174,2.3864,379000.0,0.6879,0.2427,カワチ薬品,プライム（内国株式）,小売業
2666,2026-10-02,189.0,-0.0053,-0.0105,0.0216,0.125,0.0342,0.1093,187.28,181.0533,True,0.0092,0.9643,196.0,140.2839,0.0147,0.1099,18900.0,0.5313,0.359,オートウェーブ,スタンダード（内国株式）,小売業
2667,2026-10-02,105.0,-0.0187,-0.0187,0.0396,-0.2045,0.0522,-0.2202,105.92,116.7067,False,-0.0087,0.3017,348.0,98.0,0.0639,0.7638,10500.0,0.9608,0.2383,イメージ　ワン,スタンダード（内国株式）,卸売業
2668,2026-10-02,1273.0,-0.0031,-0.0016,0.0055,0.0087,0.0182,-0.007,1270.4,1265.36,True,0.002,0.9686,1314.3156,1172.6236,0.0038,0.0093,127300.0,0.5872,0.1853,タビオ,スタンダード（内国株式）,卸売業
2669,2026-10-02,3925.0,0.0038,-0.0013,0.0038,-0.0165,0.0165,-0.0322,3919.0781,3926.9225,True,0.0015,0.9654,4065.4989,3232.022,0.0098,0.1684,392500.0,0.4254,0.1685,カネ美食品,スタンダード（内国株式）,小売業
2670,2026-10-02,2666.5,-0.0195,-0.025,-0.0124,-0.0338,0.0002,-0.0494,2700.5531,2709.379,True,-0.0126,0.8999,2963.0161,2305.4846,0.0175,15.2472,266650.0,0.8255,0.2255,エービーシー・マート,プライム（内国株式）,小売業
2673,2026-10-02,102.0,0.0,-0.0192,-0.1356,0.0625,-0.123,0.0468,108.56,104.6133,True,-0.0604,0.2519,405.0,84.0,0.042,0.0874,10200.0,0.1564,0.1633,夢みつけ隊,スタンダード（内国株式）,小売業
2674,2026-10-02,2528.0,-0.0446,-0.0303,-0.0634,-0.0395,-0.0507,-0.0552,2602.2,2686.0933,True,-0.0285,0.8168,3095.0,1695.7404,0.0221,1.344,252800.0,0.6735,0.2474,ハードオフコーポレーション,プライム（内国株式）,小売業
2676,2026-10-02,2043.0,-0.0126,-0.0039,-0.002,-0.0277,0.0106,-0.0434,2040.3592,2057.4474,True,0.0013,0.944,2164.1248,1806.0465,0.0111,0.4239,204300.0,1.3117,0.2283,高千穂交易,プライム（内国株式）,卸売業
2678,2026-10-02,1198.0,-0.0346,-0.0339,-0.0883,-0.0228,-0.0757,-0.0385,1255.76,1243.88,True,-0.046,0.734,1632.1681,1042.1681,0.0252,4.9635,119800.0,1.0203,0.2416,アスクル,プライム（内国株式）,小売業
2681,2026-10-02,2237.0,-0.0257,-0.0536,-0.0836,0.1046,-0.071,0.0889,2328.9148,2177.9407,True,-0.0395,0.9071,2466.0,1565.7161,0.0278,3.6277,223700.0,0.8505,0.2409,ゲオホールディングス,プライム（内国株式）,小売業
2683,2026-10-02,995.0,0.002,0.001,-0.003,-0.006,0.0096,-0.0217,996.0,1003.92,False,-0.001,0.9736,1022.0,980.0,0.0019,0.0154,99500.0,0.4694,0.2692,魚喜,スタンダード（内国株式）,小売業
2685,2026-10-02,2988.0,-0.0171,-0.0663,-0.112,-0.1426,-0.0994,-0.1583,3223.9098,3345.4896,False,-0.0732,0.8326,3588.7272,2498.3789,0.0256,6.9184,298800.0,0.9826,0.316,アンドエスティＨＤ,プライム（内国株式）,小売業
2687,2026-10-02,492.0,-0.004,-0.0061,0.0,0.0437,0.0126,0.028,493.832,485.3189,True,-0.0037,0.8487,579.6861,461.4417,0.0073,0.0182,49200.0,0.5714,0.28,シー・ヴイ・エス・ベイエリア,スタンダード（内国株式）,サービス業
2689,2026-10-02,1930.0,0.0036,0.0026,0.026,0.0142,0.0387,-0.0015,1918.44,1914.8791,False,0.006,0.8981,2148.9253,1780.0,0.0081,0.0555,193000.0,0.7747,0.1413,オルバヘルスケアホールディングス,スタンダード（内国株式）,卸売業
268A,2026-10-02,1795.0,-0.0191,0.0761,0.1375,-0.2601,0.1501,-0.2758,1647.96,2067.5553,False,0.0892,0.5299,3387.2635,871.0462,0.0445,38.9283,179500.0,0.9011,0.3995,リガク・ホールディングス,プライム（内国株式）,精密機器
2693,2026-10-02,279.0,-0.0176,-0.0245,-0.0141,-0.2439,-0.0015,-0.2596,283.08,323.4667,False,-0.0144,0.5091,548.0,221.0,0.0212,0.13,27900.0,0.4969,0.2867,ＹＫＴ,スタンダード（内国株式）,卸売業
2694,2026-10-02,70.0,-0.0141,-0.0278,-0.0278,0.0,-0.0152,-0.0157,71.68,71.2133,True,-0.0234,0.9526,73.4861,68.5208,0.0184,0.1346,7000.0,0.6771,0.2333,焼肉坂井ホールディングス,スタンダード（内国株式）,小売業
2695,2026-10-02,1682.0,-0.003,0.0,-0.0378,0.0421,-0.0251,0.0265,1710.52,1655.48,True,-0.0167,0.8911,1887.5,1514.0,0.0225,8.9913,168200.0,0.925,0.2483,くら寿司,プライム（内国株式）,小売業
2698,2026-10-02,3225.0,-0.0107,-0.0183,-0.0487,-0.0843,-0.036,-0.0999,3326.5191,3447.9496,True,-0.0305,0.8784,3671.3831,3102.7177,0.0133,0.5124,322500.0,0.7775,0.21,キャンドゥ,スタンダード（内国株式）,小売業
269A,2026-10-02,3035.0,0.0033,-0.0033,0.087,0.3573,0.0997,0.3417,2871.2,2546.3333,True,0.057,0.9712,3125.0,1965.0,0.03,0.2486,303500.0,1.0854,0.3297,Ｓａｐｅｅｔ,グロース（内国株式）,情報・通信業
2700,2026-10-02,1773.0,-0.0051,0.0108,-0.021,-0.0139,-0.0084,-0.0296,1764.96,1758.1587,True,0.0046,0.3399,5216.2288,1659.0,0.0196,0.1749,177300.0,0.6728,0.4033,木徳神糧,スタンダード（内国株式）,卸売業
2702,2026-10-02,7440.0,-0.0159,-0.0185,-0.0916,-0.0275,-0.079,-0.0431,7938.8,7788.5333,True,-0.0628,0.8474,8780.0,5928.7167,0.0182,43.063,744000.0,1.153,0.5305,日本マクドナルドホールディングス,スタンダード（内国株式）,小売業
2705,2026-10-02,8680.0,0.0309,-0.0225,-0.1397,0.1273,-0.1271,0.1116,9081.6,8431.7333,True,-0.0442,0.851,10200.0,5443.9412,0.0264,2.1481,868000.0,1.0684,0.3358,大戸屋ホールディングス,スタンダード（内国株式）,小売業
2708,2026-10-02,1860.0,-0.0106,-0.0211,-0.0262,-0.0558,-0.0136,-0.0715,1899.6,1934.2133,True,-0.0208,0.7758,2397.5743,1730.0,0.0077,0.0179,186000.0,0.8523,0.4597,久世,スタンダード（内国株式）,卸売業
2721,2026-10-02,98.0,-0.02,-0.0392,-0.1091,-0.1967,-0.0965,-0.2124,105.04,118.36,False,-0.067,0.3784,259.0,96.0,0.0306,0.059,9800.0,0.2663,0.3,ジェイホールディングス,スタンダード（内国株式）,卸売業
2722,2026-10-02,361.0,0.0028,0.0,0.0056,0.0112,0.0182,-0.0045,360.28,357.6267,False,0.002,0.6431,561.3456,349.0,0.0073,0.0153,36100.0,0.8983,0.1892,ＩＫホールディングス,スタンダード（内国株式）,小売業
2726,2026-10-02,1399.0,-0.021,-0.047,-0.0735,-0.076,-0.0609,-0.0916,1480.76,1471.1733,True,-0.0552,0.5413,2584.665,1314.0,0.0248,12.887,139900.0,0.8462,0.3514,パルグループホールディングス,プライム（内国株式）,小売業
2730,2026-10-02,2359.0,-0.0304,-0.0455,-0.0584,0.0774,-0.0457,0.0618,2467.8688,2406.8509,True,-0.0441,0.883,2671.5041,1847.3156,0.0192,7.3794,235900.0,1.229,0.3498,エディオン,プライム（内国株式）,小売業
2733,2026-10-02,2523.0,-0.0229,-0.0527,-0.0517,0.0261,-0.0391,0.0104,2633.947,2540.5818,True,-0.0421,0.8295,3041.4776,2319.7741,0.0161,3.7863,252300.0,1.958,0.4277,あらた,プライム（内国株式）,卸売業
2734,2026-10-02,1176.0,-0.0167,-0.0539,-0.0423,0.0759,-0.0297,0.0603,1220.16,1160.5467,True,-0.0362,0.9333,1260.0,943.0,0.0182,1.6628,117600.0,0.8656,0.4107,サーラコーポレーション,プライム（内国株式）,小売業
2735,2026-10-02,725.0,-0.0109,0.0042,0.0447,0.1728,0.0573,0.1571,716.0756,667.3125,True,0.0125,0.9693,748.0,578.0979,0.019,0.3581,72500.0,0.6916,0.2176,ワッツ,スタンダード（内国株式）,小売業
2736,2026-10-02,600.0,-0.0017,-0.0115,-0.0099,-0.1161,0.0027,-0.1317,609.7192,645.7456,False,-0.0159,0.8675,691.6421,552.1263,0.0114,0.0192,60000.0,0.6163,0.3062,フェスタリアホールディングス,スタンダード（内国株式）,小売業
2737,2026-10-02,37100.0,-0.0929,-0.151,0.06,1.2176,0.0726,1.2019,35852.0,25909.7333,True,0.0348,0.8394,44200.0,6315.1081,0.0828,57.8377,3710000.0,1.4769,0.3044,トーメンデバイス,プライム（内国株式）,卸売業
2742,2026-10-02,3660.0,-0.0214,-0.0663,-0.0758,-0.0151,-0.0631,-0.0308,3935.4965,3822.0527,True,-0.07,0.7128,5134.5851,3547.6181,0.0233,1.389,366000.0,1.0902,0.4335,ハローズ,プライム（内国株式）,小売業
2747,2026-10-02,3220.0,0.0,0.0063,0.0222,0.0455,0.0348,0.0298,3148.6,3115.8,True,0.0227,0.9398,3426.2963,2943.0,0.007,0.0127,322000.0,1.2044,0.5333,北雄ラッキー,スタンダード（内国株式）,小売業
2749,2026-10-02,631.0,-0.0171,-0.054,-0.0582,0.0395,-0.0456,0.0239,659.72,630.64,True,-0.0435,0.8059,782.9287,563.0,0.0197,2.4883,63100.0,1.7088,0.4989,ＪＰホールディングス,プライム（内国株式）,サービス業
274A,2026-10-02,2219.0,-0.008,-0.012,-0.0268,0.0145,-0.0141,-0.0012,2262.0762,2243.7383,True,-0.019,0.9173,2418.96,1952.042,0.0098,0.2026,221900.0,0.7226,0.2218,ガーデン,スタンダード（内国株式）,小売業
2750,2026-10-02,1313.0,-0.0038,-0.0294,-0.0322,0.0568,-0.0196,0.0412,1335.4052,1284.3755,True,-0.0168,0.9232,1422.295,1099.5653,0.0121,0.1089,131300.0,1.0854,0.3762,石光商事,スタンダード（内国株式）,卸売業
2751,2026-10-02,3645.0,-0.0135,0.0083,-0.0357,-0.0068,-0.0231,-0.0225,3689.6,3731.2,True,-0.0121,0.8978,4060.0732,3416.6464,0.0177,0.3554,364500.0,1.5566,0.1856,テンポスホールディングス,スタンダード（内国株式）,卸売業
2752,2026-10-02,1149.0,-0.0137,-0.0196,-0.0017,0.0649,0.0109,0.0492,1152.36,1129.1733,True,-0.0029,0.9648,1190.9618,1045.0,0.0099,0.8796,114900.0,0.765,0.2553,フジオフードグループ本社,プライム（内国株式）,小売業
2753,2026-10-02,1375.0,-0.0115,0.011,-0.0119,0.0579,0.0007,0.0422,1377.1176,1348.3181,True,-0.0015,0.8968,1533.2757,1251.3693,0.0122,0.4313,137500.0,1.1774,0.244,あみやき亭,プライム（内国株式）,小売業
2760,2026-10-02,4550.0,-0.0109,0.0004,0.0738,0.1902,0.0864,0.1745,4186.2912,4027.2236,True,0.0869,0.9733,4675.0,2646.9339,0.0336,4.913,455000.0,0.8294,0.4126,東京エレクトロン　デバイス,プライム（内国株式）,卸売業
2762,2026-10-02,68.0,0.0,-0.0145,-0.0286,-0.2184,-0.0159,-0.2341,68.48,78.56,False,-0.007,0.6239,109.0,63.0,0.0273,0.1241,6800.0,1.236,0.3769,ＳＡＮＫＯ　ＭＡＲＫＥＴＩＮＧ　ＦＯＯＤＳ,スタンダード（内国株式）,小売業
2764,2026-10-02,159.0,-0.0185,-0.0479,-0.0185,0.089,-0.0059,0.0734,164.12,150.72,True,-0.0312,0.8833,180.0,107.0,0.0292,0.3553,15900.0,0.8736,0.3446,ひらまつ,スタンダード（内国株式）,小売業
2767,2026-10-02,2515.0,-0.0067,-0.0111,0.0093,0.8765,0.0219,0.8608,2488.1118,2006.6478,True,0.0108,0.9659,2603.6576,1284.8082,0.0268,10.5289,251500.0,0.5703,0.2263,円谷フィールズホールディングス,プライム（内国株式）,卸売業
2768,2026-10-02,5535.0,-0.0128,-0.023,-0.0326,0.0758,-0.02,0.0602,5647.5863,5394.3951,True,-0.0199,0.7849,7051.6005,3729.3708,0.0225,69.4676,553500.0,0.9828,0.272,双日,プライム（内国株式）,卸売業
2769,2026-10-02,932.0,-0.0075,0.0043,0.0076,0.0591,0.0202,0.0434,925.28,895.2133,True,0.0073,0.9022,1033.0,808.0,0.0051,0.0373,93200.0,1.0705,0.4455,ヴィレッジヴァンガードコーポレーション,スタンダード（内国株式）,小売業
276A,2026-10-02,4200.0,-0.0255,-0.04,0.1245,0.2362,0.1371,0.2205,4054.7887,3580.8281,True,0.0358,0.5428,7737.2658,2452.1179,0.0389,1.0449,420000.0,0.6228,0.2726,ククレブ・アドバイザーズ,グロース（内国株式）,不動産業
2776,2026-10-02,92.0,-0.0213,-0.0108,-0.1154,-0.0316,-0.1028,-0.0472,98.96,95.44,False,-0.0703,0.5897,156.0,89.0,0.0427,0.2659,9200.0,0.6787,0.2036,新都ホールディングス,スタンダード（内国株式）,卸売業
2778,2026-10-02,124.0,0.0081,0.0248,0.0598,0.1171,0.0725,0.1014,116.2,113.44,True,0.0671,0.6927,179.0,105.0,0.0294,0.0688,12400.0,2.1426,0.4118,パレモ・ホールディングス,スタンダード（内国株式）,小売業
277A,2026-10-02,1837.0,-0.0049,-0.0187,-0.0367,-0.1879,-0.0241,-0.2036,1862.6,1883.3333,False,-0.0137,0.5742,3199.3376,1552.0,0.0302,1.9902,183700.0,0.4319,0.2162,グロービング,プライム（内国株式）,サービス業
2780,2026-10-02,4480.0,-0.0088,0.01,-0.1412,-0.0698,-0.1285,-0.0855,4642.6987,4940.7867,False,-0.035,0.7508,5967.115,2587.8582,0.0231,4.5801,448000.0,0.721,0.2948,コメ兵ホールディングス,スタンダード（内国株式）,小売業
2782,2026-10-02,4475.0,-0.0251,-0.0376,0.0317,0.2608,0.0444,0.2452,4583.2013,4067.1664,True,-0.0236,0.9203,4862.8065,2837.5055,0.0276,16.5222,447500.0,0.9103,0.3545,セリア,スタンダード（内国株式）,小売業
2784,2026-10-02,2220.5,-0.022,-0.0559,-0.0334,0.035,-0.0208,0.0193,2287.1032,2240.6591,True,-0.0291,0.8509,2609.5934,1996.9147,0.0176,10.7097,222050.0,1.1269,0.394,アルフレッサ　ホールディングス,プライム（内国株式）,卸売業
2788,2026-10-02,402.0,-0.036,-0.029,-0.0519,0.0607,-0.0393,0.045,408.84,394.2267,True,-0.0167,0.9034,445.0,323.2346,0.0288,0.3953,40200.0,1.9953,0.5185,アップルインターナショナル,スタンダード（内国株式）,卸売業
2789,2026-10-02,486.0,0.0104,0.0,0.0167,0.0497,0.0294,0.034,479.04,472.5733,True,0.0145,0.957,507.8182,453.0,0.0096,0.0113,48600.0,1.4018,0.3662,カルラ,スタンダード（内国株式）,小売業
278A,2026-10-02,9080.0,-0.0452,-0.0828,0.0219,1.1593,0.0346,1.1437,9649.2,6890.8,True,-0.059,0.7761,11700.0,1000.0,0.0783,477.3953,908000.0,0.4441,0.2799,Ｔｅｒｒａ　Ｄｒｏｎｅ,グロース（内国株式）,精密機器
2790,2026-10-02,1990.0,-0.01,-0.0528,-0.0608,-0.0784,-0.0481,-0.094,2081.0213,2125.9574,False,-0.0437,0.8606,2312.4298,1869.4168,0.0149,0.1962,199000.0,1.1995,0.4618,ナフコ,スタンダード（内国株式）,小売業
2791,2026-10-02,4340.0,-0.0148,-0.0409,-0.0451,0.0046,-0.0325,-0.011,4575.0,4472.2,True,-0.0514,0.5843,7428.3178,3965.0,0.0214,2.1636,434000.0,0.7076,0.3715,大黒天物産,プライム（内国株式）,小売業
2792,2026-10-02,1380.0,-0.024,-0.0329,-0.0528,-0.0192,-0.0402,-0.0349,1437.96,1418.1467,True,-0.0403,0.8973,1537.8982,1315.0,0.0123,0.8943,138000.0,1.1794,0.4471,ハニーズホールディングス,プライム（内国株式）,小売業
2796,2026-10-02,509.0,0.002,0.0099,0.0079,0.0604,0.0205,0.0447,505.2,496.5467,False,0.0075,0.9367,543.3708,471.0,0.0157,0.0511,50900.0,2.1619,0.3,ファーマライズホールディングス,スタンダード（内国株式）,小売業
2798,2026-10-02,2996.0,-0.003,0.002,0.0023,-0.0007,0.015,-0.0163,3002.72,3013.5733,True,-0.0022,0.9696,3090.0,2880.0,0.0029,0.056,299600.0,0.4943,0.175,ワイズテーブルコーポレーション,スタンダード（内国株式）,小売業
2801,2026-10-02,1647.5,-0.0078,-0.0027,-0.0928,0.0159,-0.0802,0.0002,1711.1567,1676.7937,True,-0.0372,0.8875,1856.2838,1182.3654,0.022,61.7776,164750.0,0.9726,0.1793,キッコーマン,プライム（内国株式）,食料品
2802,2026-10-02,5212.0,-0.0091,0.0371,-0.0183,-0.1506,-0.0057,-0.1663,5103.9507,5328.7372,False,0.0212,0.8262,6308.338,3236.4314,0.0248,155.7417,521200.0,0.9329,0.3855,味の素,プライム（内国株式）,食料品
2804,2026-10-02,1840.0,-0.0176,0.0032,-0.0054,0.0616,0.0072,0.0459,1845.5327,1796.3425,True,-0.003,0.867,2122.1481,1669.9851,0.0117,0.3126,184000.0,0.9626,0.2034,ブルドックソース,プライム（内国株式）,食料品
2805,2026-10-02,6970.0,-0.0183,-0.0719,-0.028,0.2888,-0.0154,0.2731,7314.3514,6429.8432,True,-0.0471,0.8759,7957.9548,3125.5182,0.0423,6.3263,697000.0,1.2667,0.3825,ヱスビー食品,スタンダード（内国株式）,食料品
2806,2026-10-02,1990.0,0.0051,0.0492,0.0591,0.079,0.0718,0.0633,1908.342,1872.6358,False,0.0428,0.8639,2303.4019,1780.9523,0.0166,0.0327,199000.0,1.6339,0.4441,ユタカフーズ,スタンダード（内国株式）,食料品
2809,2026-10-02,4255.0,-0.0296,-0.0399,-0.1078,-0.0365,-0.0952,-0.0521,4577.6,4520.2267,True,-0.0705,0.8633,4929.0,3792.3381,0.0204,19.0072,425500.0,1.3233,0.4167,キユーピー,プライム（内国株式）,食料品
280A,2026-10-02,1115.0,-0.0045,-0.0089,0.0136,-0.448,0.0263,-0.4637,1098.24,1357.5067,False,0.0153,0.3379,3300.0,805.0,0.0353,0.2818,111500.0,0.3109,0.2134,ＴＭＨ,グロース（内国株式）,卸売業
2810,2026-10-02,3976.0,-0.0171,-0.0004,0.0059,0.0456,0.0185,0.0299,3890.1997,3788.7742,True,0.0221,0.9735,4084.2389,2681.2458,0.0171,10.5824,397600.0,1.1715,0.285,ハウス食品グループ本社,プライム（内国株式）,食料品
2811,2026-10-02,2616.0,-0.0149,-0.0402,-0.0491,-0.016,-0.0364,-0.0317,2716.82,2677.9333,True,-0.0371,0.8945,2924.6379,2492.5,0.0163,9.287,261600.0,1.3022,0.335,カゴメ,プライム（内国株式）,食料品
2813,2026-10-02,3850.0,0.0,-0.0153,-0.0216,-0.0423,-0.009,-0.058,3910.2,3956.2,True,-0.0154,0.9356,4115.0,2870.0723,0.0144,0.0345,385000.0,0.8418,0.1806,和弘食品,スタンダード（内国株式）,食料品
2814,2026-10-02,1730.0,-0.0103,-0.0838,-0.0985,0.1279,-0.0859,0.1123,1889.0831,1676.2088,True,-0.0842,0.856,2021.0052,1478.8229,0.0289,0.1244,173000.0,1.4756,0.5158,佐藤食品工業,スタンダード（内国株式）,食料品
2815,2026-10-02,5000.0,-0.0138,-0.0365,-0.0719,-0.014,-0.0593,-0.0297,5242.8321,5188.2037,False,-0.0463,0.8187,6107.5242,4883.2184,0.0135,5.1628,500000.0,1.361,0.3848,アリアケジャパン,プライム（内国株式）,食料品
2816,2026-10-02,1402.0,-0.0014,-0.0063,-0.0021,0.0064,0.0105,-0.0092,1406.2812,1400.7963,True,-0.003,0.9915,1414.0,1371.4896,0.0041,0.0802,140200.0,2.922,0.246,ダイショー,スタンダード（内国株式）,食料品
2818,2026-10-02,1752.0,0.0006,-0.0045,-0.009,0.0075,0.0036,-0.0082,1761.0,1753.3467,True,-0.0051,0.9854,1778.0,1708.7126,0.0045,0.0578,175200.0,1.5795,0.2545,ピエトロ,スタンダード（内国株式）,食料品
2819,2026-10-02,2451.0,-0.0101,-0.0161,-0.0284,0.023,-0.0158,0.0073,2490.6689,2461.6759,True,-0.0159,0.8815,2780.6138,2285.0849,0.0119,0.2584,245100.0,0.9725,0.2206,エバラ食品工業,スタンダード（内国株式）,食料品
281A,2026-10-02,377.0,-0.0157,-0.0599,-0.1471,-0.3978,-0.1344,-0.4134,411.28,487.8267,False,-0.0833,0.2376,1587.0,306.0,0.0421,0.3333,37700.0,0.4245,0.2396,インフォメティス,グロース（内国株式）,情報・通信業
2820,2026-10-02,6160.0,-0.0048,-0.0253,0.0132,0.2174,0.0258,0.2017,6294.0,5492.8371,True,-0.0213,0.8993,6850.0,3475.6163,0.0376,1.1424,616000.0,0.8359,0.229,やまみ,スタンダード（内国株式）,食料品
2831,2026-10-02,3630.0,-0.0095,-0.023,-0.0003,0.0574,0.0123,0.0417,3656.2558,3573.6314,True,-0.0072,0.9504,3819.4466,3145.1165,0.0128,0.0567,363000.0,1.0933,0.4069,はごろもフーズ,スタンダード（内国株式）,食料品
285A,2026-10-02,19300.0,0.0105,0.038,0.1353,-0.3049,0.1479,-0.3206,17853.0001,21094.3334,False,0.0811,0.5138,37566.668,1451.6666,0.0536,13694.7699,1930000.0,0.5603,0.2833,キオクシアホールディングス,プライム（内国株式）,電気機器
286A,2026-10-02,749.0,0.0013,0.0081,-0.1073,0.0624,-0.0946,0.0467,790.36,771.04,True,-0.0523,0.7174,1044.0,613.0,0.0258,0.1807,74900.0,0.9367,0.4081,ユカリア,グロース（内国株式）,サービス業
2871,2026-10-02,2087.0,-0.0128,-0.049,-0.0216,-0.0246,-0.009,-0.0402,2141.4011,2131.6687,True,-0.0254,0.891,2342.2739,1668.2305,0.0209,27.6763,208700.0,0.8187,0.3505,ニチレイ,プライム（内国株式）,食料品
2872,2026-10-02,1903.0,-0.001,-0.0119,-0.0201,-0.0495,-0.0075,-0.0651,1935.0,1987.3333,False,-0.0165,0.8499,2239.0,1903.0,0.0036,0.0441,190300.0,0.44,0.3646,セイヒョー,スタンダード（内国株式）,食料品
2874,2026-10-02,1871.0,-0.0376,-0.131,-0.1334,-0.0792,-0.1208,-0.0948,2140.4639,2087.6511,False,-0.1259,0.6941,2695.5609,1143.452,0.0427,4.1603,187100.0,1.2309,0.4415,横浜冷凍,プライム（内国株式）,卸売業
2875,2026-10-02,9478.0,-0.0111,-0.0225,-0.0992,-0.0928,-0.0866,-0.1085,9991.1995,10258.7019,False,-0.0514,0.7803,12146.1834,9415.0,0.0188,43.7974,947800.0,1.1342,0.3405,東洋水産,プライム（内国株式）,食料品
2876,2026-10-02,475.0,0.0106,0.0085,0.0304,0.065,0.043,0.0494,472.8,467.8133,True,0.0047,0.9373,506.7797,409.322,0.0162,0.014,47500.0,0.5393,0.3241,デルソーレ,スタンダード（内国株式）,食料品
2877,2026-10-02,755.0,0.0,-0.0092,-0.0013,0.0203,0.0113,0.0046,752.8,746.3867,True,0.0029,0.9473,797.0,708.5714,0.0114,0.0144,75500.0,0.5348,0.3818,日東ベスト,スタンダード（内国株式）,食料品
287A,2026-10-02,1136.0,-0.0291,-0.0043,-0.0332,0.0599,-0.0206,0.0442,1133.0466,1099.2306,True,0.0026,0.9411,1207.1453,784.2742,0.0178,4.8625,113600.0,0.8774,0.3988,黒田グループ,スタンダード（内国株式）,卸売業
2882,2026-10-02,2007.0,-0.003,-0.002,-0.0219,-0.0057,-0.0093,-0.0214,2020.6351,2028.2697,True,-0.0067,0.9609,2088.6261,1904.9009,0.0068,0.3645,200700.0,0.7784,0.1466,イートアンドホールディングス,プライム（内国株式）,食料品
2883,2026-10-02,1970.0,0.0,-0.0414,-0.0296,-0.0076,-0.0169,-0.0232,2026.72,2003.8133,True,-0.028,0.9572,2058.0,1878.5235,0.0075,0.1012,197000.0,2.4567,0.7101,大冷,スタンダード（内国株式）,食料品
2884,2026-10-02,585.0,-0.0217,-0.0472,-0.0816,-0.0503,-0.069,-0.066,623.28,630.36,False,-0.0614,0.5488,1066.0,570.0,0.0183,0.5034,58500.0,0.9257,0.3827,ヨシムラ・フード・ホールディングス,プライム（内国株式）,食料品
288A,2026-10-02,95.0,0.0106,0.0215,-0.0104,0.0106,0.0022,-0.005,94.4,94.5333,False,0.0064,0.5337,178.0,87.0,0.0226,0.0552,9500.0,1.1368,0.2333,ラクサス・テクノロジーズ,グロース（内国株式）,サービス業
2892,2026-10-02,4900.0,0.0187,0.0307,0.0893,0.1824,0.1019,0.1668,4606.9416,4367.506,True,0.0636,0.9899,4950.0,3227.2742,0.0213,0.2612,490000.0,1.3276,0.3547,日本食品化工,スタンダード（内国株式）,食料品
2894,2026-10-02,365.0,0.0055,0.0139,0.0055,0.1061,0.0181,0.0904,361.92,343.4267,True,0.0085,0.9441,386.6067,307.5056,0.0188,0.0313,36500.0,0.8964,0.2188,石井食品,スタンダード（内国株式）,食料品
2897,2026-10-02,2806.5,-0.0095,-0.0335,-0.0598,-0.0042,-0.0471,-0.0199,2916.1811,2865.546,True,-0.0376,0.857,3274.9272,2496.7934,0.0206,34.3904,280650.0,0.8969,0.3241,日清食品ホールディングス,プライム（内国株式）,食料品
2901,2026-10-02,135.0,-0.0074,-0.1118,-0.1118,-0.2823,-0.0992,-0.298,147.878,166.4236,False,-0.0871,0.1897,711.519,128.0,0.0434,0.1737,13500.0,0.9247,0.4439,ウェルディッシュ,スタンダード（内国株式）,食料品
2903,2026-10-02,1500.0,-0.0112,-0.0152,-0.0719,-0.0023,-0.0593,-0.0179,1580.503,1573.942,True,-0.0509,0.7229,2075.1127,1362.1905,0.0225,0.0359,150000.0,0.6279,0.3477,シノブフーズ,スタンダード（内国株式）,食料品
2904,2026-10-02,756.0,0.0013,0.0,0.0013,-0.0066,0.0139,-0.0222,754.48,758.0792,False,0.002,0.9755,774.9823,727.835,0.0034,0.0272,75600.0,0.8812,0.1944,一正蒲鉾,スタンダード（内国株式）,食料品
2907,2026-10-02,1504.0,-0.0112,-0.042,-0.017,-0.0396,-0.0044,-0.0553,1535.52,1519.6533,True,-0.0205,0.8899,1690.0,1146.069,0.0125,0.0428,150400.0,0.8982,0.4667,あじかん,スタンダード（内国株式）,食料品
2908,2026-10-02,1545.0,-0.0172,-0.0485,-0.0351,0.0344,-0.0224,0.0187,1597.7927,1551.1666,True,-0.033,0.9485,1628.818,1434.507,0.0103,0.7264,154500.0,0.9548,0.5133,フジッコ,プライム（内国株式）,食料品
290A,2026-10-02,1427.0,0.0128,-0.0306,-0.0575,0.1062,-0.0448,0.0905,1463.8,1328.4133,False,-0.0251,0.6668,2140.0,842.0,0.0416,14.1233,142700.0,0.8026,0.3618,Ｓｙｎｓｐｅｃｔｉｖｅ,グロース（内国株式）,情報・通信業
2910,2026-10-02,1360.0,-0.0181,-0.0327,-0.0423,0.0157,-0.0296,0.0,1405.88,1370.1867,True,-0.0326,0.9183,1480.938,1214.0,0.0145,0.8027,136000.0,1.1301,0.3336,ロック・フィールド,プライム（内国株式）,食料品
2911,2026-10-02,2246.0,0.0004,-0.0127,-0.0058,-0.0127,0.0069,-0.0284,2258.6,2261.2,True,-0.0056,0.9599,2339.9055,2208.4391,0.0087,0.0147,224600.0,1.222,0.2698,旭松食品,スタンダード（内国株式）,食料品
2914,2026-10-02,6830.0,-0.0038,-0.0163,-0.0312,0.1276,-0.0186,0.112,6852.96,6578.9362,True,-0.0034,0.9462,7218.0,4536.8772,0.0178,262.829,683000.0,1.0652,0.2094,日本たばこ産業,プライム（内国株式）,食料品
2915,2026-10-02,1963.0,-0.0136,-0.016,-0.0298,0.0192,-0.0172,0.0035,2010.6832,1996.5353,True,-0.0237,0.854,2298.4729,1737.7025,0.0161,0.6171,196300.0,1.0584,0.3776,ケンコーマヨネーズ,プライム（内国株式）,食料品
2916,2026-10-02,721.0,-0.0083,-0.0164,-0.0361,-0.023,-0.0235,-0.0387,738.32,735.68,True,-0.0235,0.9474,761.0,680.5209,0.0099,0.0178,72100.0,1.0103,0.35,仙波糖化工業,スタンダード（内国株式）,食料品
2917,2026-10-02,889.0,-0.0022,-0.0284,-0.0502,-0.0305,-0.0376,-0.0462,919.44,926.1067,True,-0.0331,0.9338,952.0,883.0,0.0077,0.043,88900.0,1.9102,0.5833,大森屋,スタンダード（内国株式）,食料品
2918,2026-10-02,2633.0,-0.019,-0.0316,-0.0606,0.009,-0.048,-0.0066,2746.8108,2681.485,True,-0.0414,0.7163,3675.9379,2481.1532,0.0142,2.0906,263300.0,0.7738,0.4061,わらべや日洋ホールディングス,プライム（内国株式）,食料品
291A,2026-10-02,2016.0,-0.0137,-0.0079,0.003,0.1494,0.0156,0.1337,2007.6,1867.1867,True,0.0042,0.5209,3870.0,1636.0,0.0183,0.0499,201600.0,1.1671,0.352,リスキル,グロース（内国株式）,サービス業
2922,2026-10-02,1962.0,-0.0131,-0.0151,-0.0111,0.0127,0.0015,-0.003,1979.2985,1959.4126,True,-0.0087,0.968,2026.7687,1833.0314,0.0099,0.3051,196200.0,0.8724,0.1905,なとり,プライム（内国株式）,食料品
2923,2026-10-02,7050.0,-0.007,-0.0486,-0.1065,-0.1706,-0.0938,-0.1863,7583.2,7979.6,True,-0.0703,0.7851,8980.0,6610.0,0.0301,0.2455,705000.0,1.1271,0.2593,サトウ食品,スタンダード（内国株式）,食料品
2924,2026-10-02,1853.0,-0.0242,-0.0287,-0.0262,-0.0781,-0.0136,-0.0938,1889.2956,1960.4621,False,-0.0192,0.8128,2279.7979,1752.4343,0.0116,0.0397,185300.0,0.5235,0.3581,イフジ産業,スタンダード（内国株式）,食料品
2926,2026-10-02,110.0,0.0,-0.0754,-0.0902,0.0831,-0.0775,0.0675,119.7908,110.5884,True,-0.0817,0.8301,132.5082,86.082,0.0387,0.178,11000.0,0.7172,0.529,篠崎屋,スタンダード（内国株式）,食料品
2927,2026-10-02,840.0,-0.0094,-0.0118,-0.0433,0.0106,-0.0307,-0.0051,859.238,845.5646,True,-0.0224,0.941,892.6581,790.2219,0.0059,0.1467,84000.0,0.6275,0.3449,ＡＦＣ－ＨＤアムスライフサイエンス,スタンダード（内国株式）,食料品
2929,2026-10-02,678.0,-0.0369,-0.0557,0.1042,0.1858,0.1169,0.1701,662.36,601.8769,True,0.0236,0.8254,821.4337,502.2588,0.0483,2.7241,67800.0,1.5529,0.269,ファーマフーズ,プライム（内国株式）,食料品
2930,2026-10-02,132.0,-0.0075,0.0,-0.0075,0.1145,0.0051,0.0988,131.4635,123.4015,True,0.0041,0.9096,145.12,110.5466,0.0249,0.4552,13200.0,0.8996,0.213,北の達人コーポレーション,プライム（内国株式）,化学
2931,2026-10-02,333.0,-0.0206,-0.0513,-0.0458,-0.006,-0.0332,-0.0216,348.0,344.1333,False,-0.0431,0.7151,465.6774,318.0,0.0202,2.0248,33300.0,0.8415,0.3426,ユーグレナ,プライム（内国株式）,食料品
2932,2026-10-02,1107.0,-0.0036,0.0064,-0.0081,0.0424,0.0046,0.0267,1107.96,1088.3023,True,-0.0009,0.853,1297.8479,980.9886,0.0112,0.1046,110700.0,1.0683,0.1851,ＳＴＩフードホールディングス,スタンダード（内国株式）,食料品
2933,2026-10-02,1087.0,-0.0055,-0.0295,-0.044,0.0207,-0.0314,0.005,1123.4,1098.8533,True,-0.0324,0.9141,1189.1967,1007.6773,0.0101,1.0,108700.0,2.0577,0.5216,紀文食品,プライム（内国株式）,食料品
2934,2026-10-02,2037.0,0.0114,0.0054,0.0099,0.3008,0.0225,0.2851,2010.08,1841.8133,True,0.0134,0.9723,2095.0,1196.0,0.0184,0.0762,203700.0,0.397,0.2538,ジェイフロンティア,グロース（内国株式）,食料品
2935,2026-10-02,1161.0,-0.0144,-0.0444,-0.0421,0.0404,-0.0295,0.0247,1199.883,1153.0285,True,-0.0324,0.8526,1361.7416,1053.7179,0.0123,0.2842,116100.0,1.2219,0.413,ピックルスホールディングス,プライム（内国株式）,食料品
2936,2026-10-02,273.0,0.0,-0.0109,0.0,-0.0586,0.0126,-0.0743,274.56,274.04,False,-0.0057,0.546,500.0,255.0,0.0243,0.0695,27300.0,0.6088,0.3011,ベースフード,グロース（内国株式）,食料品
2937,2026-10-02,1701.0,-0.0162,-0.0497,-0.0302,0.0167,-0.0176,0.0011,1755.4,1726.08,True,-0.031,0.8718,1951.2027,1594.4786,0.0122,0.0932,170100.0,2.0033,0.611,サンクゼール,グロース（内国株式）,食料品
2938,2026-10-02,1222.0,-0.0255,-0.0498,-0.0468,0.0091,-0.0342,-0.0066,1272.08,1297.5492,False,-0.0394,0.7285,1677.3212,1012.3018,0.0188,0.6444,122200.0,0.9382,0.3664,オカムラ食品工業,スタンダード（内国株式）,食料品
2961,2026-10-02,1477.0,0.0286,0.0045,-0.0641,-0.1054,-0.0515,-0.121,1488.3485,1481.5719,True,-0.0076,0.7994,1847.6202,988.149,0.0325,0.0141,147700.0,0.8225,0.4303,日本調理機,スタンダード（内国株式）,金属製品
2962,2026-10-02,2732.0,0.095,0.2509,0.7927,0.8336,0.8053,0.8179,1871.44,1540.5333,True,0.4598,0.9831,2779.0,266.0,0.0805,9.5141,273200.0,1.6922,0.5133,テクニスコ,スタンダード（内国株式）,金属製品
296A,2026-10-02,1105.0,-0.0383,-0.0447,0.0271,0.4961,0.0398,0.4805,1142.9419,933.1306,True,-0.0332,0.8979,1230.6228,587.6527,0.042,0.7965,110500.0,0.4992,0.3032,令和アカウンティング・ホールディングス,グロース（内国株式）,サービス業
2970,2026-10-02,1193.0,0.0127,0.0511,0.1026,0.2571,0.1152,0.2414,1104.12,1042.12,False,0.0805,0.9364,1274.0,783.0,0.0151,0.0704,119300.0,0.5425,0.5722,ＧＬＣ　ＧＲＯＵＰ,スタンダード（内国株式）,不動産業
2975,2026-10-02,1266.0,-0.0495,-0.0957,-0.1977,-0.1666,-0.1851,-0.1822,1442.32,1511.4,False,-0.1222,0.6976,1814.8052,1059.5059,0.0363,4.2421,126600.0,2.0326,0.4196,スター・マイカ・ホールディングス,プライム（内国株式）,不動産業
2978,2026-10-02,313.0,-0.0063,-0.0032,-0.0767,-0.1133,-0.0641,-0.129,331.76,341.5867,False,-0.0565,0.514,609.0,304.0,0.0283,0.0267,31300.0,1.6044,0.3613,ツクルバ,グロース（内国株式）,不動産業
297A,2026-10-02,210.0,0.0,-0.0047,-0.0187,-0.0233,-0.0061,-0.0389,212.44,213.9333,True,-0.0115,0.8249,254.5833,206.0,0.0092,0.0556,21000.0,0.8089,0.2074,アルピコホールディングス,スタンダード（内国株式）,小売業
2980,2026-10-02,2335.0,0.0009,0.0108,-0.0504,-0.1054,-0.0378,-0.121,2349.44,2463.08,False,-0.0061,0.5627,4150.0,2199.0,0.0197,5.2215,233500.0,0.581,0.2199,ＳＲＥホールディングス,プライム（内国株式）,不動産業
2981,2026-10-02,2187.0,-0.0166,-0.0664,0.0062,0.0868,0.0189,0.0711,2224.0063,2098.8058,True,-0.0166,0.7541,2900.3066,1822.5765,0.0258,0.0959,218700.0,0.9178,0.3204,ランディックス,グロース（内国株式）,不動産業
2982,2026-10-02,404.0,-0.0242,-0.0583,-0.0755,-0.0074,-0.0629,-0.023,426.28,412.8858,True,-0.0523,0.8087,499.5426,360.9976,0.0209,0.9343,40400.0,0.8505,0.439,ＡＤワークスグループ,プライム（内国株式）,不動産業
2983,2026-10-02,1609.0,0.0012,-0.0213,-0.0485,0.0814,-0.0359,0.0658,1687.72,1555.6605,True,-0.0466,0.6822,2358.5063,1074.3704,0.0329,1.0518,160900.0,1.0759,0.2705,アールプランナー,グロース（内国株式）,不動産業
2984,2026-10-02,810.0,0.0037,0.0318,0.0616,0.105,0.0742,0.0894,770.96,749.4133,True,0.0506,0.9926,816.0,663.1745,0.0182,0.0693,81000.0,1.5077,0.4214,ヤマイチエステート,スタンダード（内国株式）,不動産業
2986,2026-10-02,2795.0,-0.0329,-0.0483,-0.0165,-0.0268,-0.0039,-0.0425,2855.96,2807.485,True,-0.0213,0.7214,3874.4683,2234.5688,0.0202,3.9169,279500.0,0.9388,0.3615,ＬＡホールディングス,グロース（内国株式）,不動産業
298A,2026-10-02,310.0,-0.0064,-0.0801,-0.1365,-0.0064,-0.1239,-0.0221,336.4,329.7467,True,-0.0785,0.3333,930.0,266.0,0.0532,0.021,31000.0,0.679,0.2727,ＧＶＡ　ＴＥＣＨ,グロース（内国株式）,情報・通信業
2991,2026-10-02,523.0,-0.0188,-0.0243,-0.0491,-0.0943,-0.0365,-0.11,532.68,550.9412,False,-0.0182,0.6586,794.1428,500.0,0.0254,0.1672,52300.0,0.7796,0.2183,ランドネット,スタンダード（内国株式）,不動産業
2993,2026-10-02,2220.0,0.023,-0.0155,-0.0129,0.016,-0.0003,0.0003,2218.24,2179.64,True,0.0008,0.8492,2614.1922,2007.479,0.0111,0.021,222000.0,0.9422,0.4127,長栄,スタンダード（内国株式）,不動産業
2997,2026-10-02,1322.0,0.0,0.0008,-0.0015,0.4094,0.0111,0.3937,1322.8,1232.84,True,-0.0006,0.98,1349.0,881.0,0.0005,0.0571,132200.0,0.1047,0.28,ストレージ王,グロース（内国株式）,不動産業
2998,2026-10-02,461.0,-0.0436,-0.1269,-0.2065,-0.151,-0.1939,-0.1667,534.0,518.4267,True,-0.1367,0.3353,1374.8913,415.0,0.0383,0.6344,46100.0,1.1483,0.4478,クリアル,グロース（内国株式）,不動産業
2999,2026-10-02,519.0,-0.0057,0.0137,-0.0353,-0.1252,-0.0227,-0.1408,524.6813,577.8504,False,-0.0108,0.7993,649.3377,398.4572,0.018,0.0931,51900.0,0.4428,0.3206,ホームポジション,スタンダード（内国株式）,不動産業
299A,2026-10-02,1192.0,-0.0124,-0.0149,-0.0935,0.2176,-0.0809,0.2019,1256.2,1127.0267,True,-0.0511,0.63,1892.0,900.0,0.0289,1.9149,119200.0,0.5012,0.2899,クラシル,グロース（内国株式）,サービス業
3001,2026-10-02,2935.0,-0.0249,-0.0608,-0.0345,0.1425,-0.0219,0.1268,2995.32,2779.24,True,-0.0201,0.9059,3240.0,2325.0,0.0254,0.9348,293500.0,0.8822,0.3446,片倉工業,スタンダード（内国株式）,繊維製品
3002,2026-10-02,4020.0,-0.0171,-0.0255,-0.0451,0.005,-0.0325,-0.0107,4094.4,4040.1333,True,-0.0182,0.8892,4520.815,3443.9785,0.0143,7.5574,402000.0,1.2136,0.2957,グンゼ,プライム（内国株式）,繊維製品
3003,2026-10-02,1684.0,-0.0209,-0.0288,-0.0637,-0.0291,-0.051,-0.0448,1750.64,1747.05,True,-0.0381,0.8202,2053.0969,1466.9629,0.0161,34.4182,168400.0,0.9487,0.307,ヒューリック,プライム（内国株式）,不動産業
3004,2026-10-02,2012.0,-0.0147,-0.0233,-0.0396,-0.101,-0.027,-0.1167,2068.84,2131.6667,False,-0.0275,0.7442,2703.5013,1981.4839,0.0117,0.123,201200.0,1.2729,0.3521,神栄,スタンダード（内国株式）,卸売業
300A,2026-10-02,2861.0,-0.0021,-0.0932,-0.146,-0.0192,-0.1333,-0.0349,3166.0,3051.8667,True,-0.0963,0.8198,3490.0,2262.8572,0.025,0.6048,286100.0,1.4828,0.5524,ＭＩＣ,スタンダード（内国株式）,サービス業
3010,2026-10-02,188.0,-0.0105,-0.0157,-0.0157,-0.0359,-0.0031,-0.0516,190.0,190.68,True,-0.0105,0.8868,212.0,161.0,0.0118,0.2249,18800.0,0.6759,0.271,ポラリス・ホールディングス,スタンダード（内国株式）,サービス業
3011,2026-10-02,141.0,-0.007,-0.014,-0.0276,-0.0537,-0.015,-0.0694,142.92,145.1333,False,-0.0134,0.5321,265.0,134.0,0.0152,0.0184,14100.0,0.6358,0.3267,バナーズ,スタンダード（内国株式）,小売業
3020,2026-10-02,4955.0,0.0051,0.0387,0.1357,0.219,0.1483,0.2033,4615.4628,4275.3613,True,0.0736,0.9529,5200.0,3578.6188,0.0243,0.1456,495500.0,1.2846,0.5375,アプライド,スタンダード（内国株式）,小売業
3021,2026-10-02,1614.0,-0.0049,-0.0159,0.0075,-0.0835,0.0201,-0.0991,1606.64,1636.9467,False,0.0046,0.6519,2475.9218,1237.9609,0.0138,0.1501,161400.0,0.5734,0.3231,パシフィックネット,スタンダード（内国株式）,サービス業
3023,2026-10-02,2087.0,0.0043,0.013,0.0287,0.1644,0.0413,0.1487,2027.3295,1915.8326,True,0.0294,0.8696,2399.9015,1512.6478,0.0149,0.4832,208700.0,0.9421,0.334,ラサ商事,スタンダード（内国株式）,卸売業
3024,2026-10-02,1195.0,-0.0067,0.0195,0.0178,0.1452,0.0304,0.1295,1172.0985,1105.5671,True,0.0195,0.956,1250.0,962.0398,0.0208,0.0259,119500.0,1.013,0.3613,クリエイト,スタンダード（内国株式）,卸売業
3028,2026-10-02,2341.0,-0.016,0.0021,-0.0172,0.1287,-0.0046,0.1131,2332.4,2231.4862,True,0.0037,0.9734,2405.0,1824.2128,0.013,1.7474,234100.0,0.7941,0.2918,アルペン,プライム（内国株式）,小売業
302A,2026-10-02,613.0,0.0099,0.0497,0.0217,0.1045,0.0343,0.0888,602.8,590.9867,True,0.0169,0.852,719.5,495.0,0.0368,0.0654,61300.0,1.7057,0.4032,ビースタイルホールディングス,グロース（内国株式）,サービス業
3030,2026-10-02,891.0,0.0,0.0079,0.0433,0.0933,0.0559,0.0776,865.36,844.3333,False,0.0296,0.8161,1091.8317,759.5351,0.0119,0.0994,89100.0,0.8681,0.3311,ハブ,スタンダード（内国株式）,小売業
3031,2026-10-02,703.0,-0.0209,0.0323,0.0159,0.1815,0.0285,0.1658,677.52,635.64,True,0.0376,0.9701,724.661,550.0,0.0194,0.637,70300.0,1.3048,0.3445,ラクーンホールディングス,プライム（内国株式）,情報・通信業
3034,2026-10-02,2355.0,0.0,-0.0271,-0.0039,0.2296,0.0087,0.2139,2327.2092,2168.5883,True,0.0119,0.8971,2625.2674,1662.1749,0.0267,2.7477,235500.0,0.8408,0.2204,クオールホールディングス,プライム（内国株式）,小売業
3035,2026-10-02,750.0,-0.0625,-0.0372,-0.036,-0.0834,-0.0234,-0.0991,771.88,785.9759,True,-0.0283,0.85,882.3621,587.5547,0.0175,0.1024,75000.0,0.6735,0.487,ケイティケイ,スタンダード（内国株式）,卸売業
3036,2026-10-02,3400.0,-0.0159,-0.0037,0.0123,0.3635,0.025,0.3479,3339.144,2938.1242,True,0.0182,0.9107,3733.3615,1975.2289,0.03,3.9454,340000.0,0.8466,0.2655,アルコニックス,プライム（内国株式）,卸売業
3038,2026-10-02,2995.0,-0.005,0.0165,0.0636,0.1253,0.0762,0.1096,2983.98,2800.3733,True,0.0037,0.6945,4312.5739,2516.0,0.0303,78.4893,299500.0,1.034,0.2434,神戸物産,プライム（内国株式）,卸売業
303A,2026-10-02,613.0,-0.0016,0.0016,0.0183,0.0869,0.0309,0.0712,593.24,589.6,False,0.0333,0.4272,1435.0,539.0,0.0207,0.0229,61300.0,1.7839,0.4955,ｖｉｓｕｍｏ,グロース（内国株式）,情報・通信業
3040,2026-10-02,2648.0,0.0099,-0.0261,0.1178,0.3333,0.1304,0.3177,2444.0,2192.3261,True,0.0835,0.9661,2741.0,1345.0783,0.0377,2.9035,264800.0,1.2227,0.4023,ソリトンシステムズ,プライム（内国株式）,情報・通信業
3041,2026-10-02,401.0,-0.0025,-0.0025,-0.0267,-0.0845,-0.0141,-0.1001,405.96,426.6533,False,-0.0122,0.665,603.0,400.0,0.0069,0.0167,40100.0,0.6623,0.2872,ビューティカダンホールディングス,スタンダード（内国株式）,卸売業
3042,2026-10-02,338.0,0.04,0.1155,0.1419,0.1818,0.1545,0.1661,302.0,294.48,True,0.1192,0.7852,430.4483,268.2931,0.0497,2.3855,33800.0,5.6366,0.5719,セキュアヴェイル,スタンダード（内国株式）,情報・通信業
3045,2026-10-02,1461.0,-0.0027,-0.0075,0.0034,0.0087,0.0161,-0.007,1463.3693,1460.3851,True,-0.0016,0.9673,1510.4001,1339.2634,0.0027,0.0114,146100.0,0.6173,0.475,カワサキ,スタンダード（内国株式）,卸売業
3046,2026-10-02,5550.0,-0.0212,-0.0448,-0.0415,-0.314,-0.0288,-0.3297,5789.3731,6636.8774,False,-0.0413,0.5826,9526.84,4822.2277,0.0251,12.7961,555000.0,0.5998,0.3087,ジンズホールディングス,プライム（内国株式）,小売業
3048,2026-10-02,1645.0,-0.0123,-0.0519,-0.0841,0.0198,-0.0715,0.0041,1731.2915,1694.395,False,-0.0498,0.8835,1861.834,1476.0276,0.0186,10.1759,164500.0,0.8493,0.4205,ビックカメラ,プライム（内国株式）,小売業
304A,2026-10-02,2175.0,0.0154,0.0533,0.0891,0.1514,0.1018,0.1357,2000.08,1932.28,True,0.0875,0.7912,2749.0,1676.0,0.0147,0.028,217500.0,1.5148,0.736,フォルシア,グロース（内国株式）,情報・通信業
3050,2026-10-02,1511.0,-0.0085,-0.0603,-0.0503,0.0314,-0.0377,0.0157,1586.4418,1530.8461,True,-0.0476,0.8907,1696.3762,1370.8973,0.0178,4.7723,151100.0,1.3928,0.4716,ＤＣＭホールディングス,プライム（内国株式）,小売業
3053,2026-10-02,198.0,-0.005,-0.0198,-0.0341,0.1186,-0.0215,0.103,202.56,194.6933,True,-0.0225,0.9,220.0,166.0,0.017,0.4162,19800.0,0.8157,0.2085,ペッパーフードサービス,スタンダード（内国株式）,小売業
3054,2026-10-02,381.0,-0.0052,0.0133,-0.0206,0.5615,-0.0079,0.5458,371.52,292.112,True,0.0255,0.9794,389.0,224.6043,0.0214,0.1091,38100.0,0.1544,0.3316,ハイパー,スタンダード（内国株式）,卸売業
3058,2026-10-02,712.0,-0.0014,-0.0056,0.0028,0.0334,0.0154,0.0177,710.8,701.88,True,0.0017,0.9557,745.0,661.0,0.0076,0.0075,71200.0,0.879,0.35,三洋堂ホールディングス,スタンダード（内国株式）,小売業
3059,2026-10-02,709.0,0.0,0.0129,0.01,0.0157,0.0226,0.0,701.4789,699.231,False,0.0107,0.8563,828.0039,689.1549,0.0041,0.0131,70900.0,0.8566,0.4123,ヒラキ,スタンダード（内国株式）,小売業
3063,2026-10-02,1121.0,-0.0192,-0.0369,0.0145,-0.0435,0.0271,-0.0591,1147.5568,1178.0116,True,-0.0231,0.8706,1287.6322,745.3405,0.0199,0.3429,112100.0,0.4959,0.2962,ジェイグループホールディングス,グロース（内国株式）,小売業
3064,2026-10-02,2060.0,0.0518,0.051,0.0831,0.0715,0.0957,0.0559,1929.2,1897.4685,True,0.0678,0.8225,2504.4301,1667.4752,0.0258,35.5635,206000.0,0.8721,0.3024,ＭｏｎｏｔａＲＯ,プライム（内国株式）,小売業
3065,2026-10-02,1587.0,-0.0013,-0.0006,-0.0019,-0.0198,0.0107,-0.0354,1590.8,1608.1733,False,-0.0024,0.9584,1655.9236,1581.0,0.0023,0.0215,158700.0,0.7812,0.4118,ライフフーズ,スタンダード（内国株式）,小売業
3067,2026-10-02,456.0,0.0044,-0.0172,-0.0236,0.0066,-0.0109,-0.009,463.52,457.0,True,-0.0162,0.96,475.0,420.0,0.0122,0.1223,45600.0,3.7369,0.3051,東京一番フーズ,スタンダード（内国株式）,小売業
3068,2026-10-02,3080.0,-0.0048,0.0082,0.0132,0.0298,0.0258,0.0141,3055.6,2999.5467,True,0.008,0.9399,3276.9888,2842.0,0.0077,0.0533,308000.0,0.9873,0.2758,ＷＤＩ,スタンダード（内国株式）,小売業
3069,2026-10-02,156.0,-0.0311,-0.037,-0.0714,0.0196,-0.0588,0.0039,165.2,159.6,True,-0.0557,0.8667,180.0,143.0,0.0215,0.1612,15600.0,1.2165,0.3872,ＪＦＬＡホールディングス,スタンダード（内国株式）,食料品
3070,2026-10-02,47.0,0.0444,0.0,-0.3188,-0.3974,-0.3062,-0.4131,58.32,67.5867,False,-0.1941,0.3241,145.0,42.0,0.0897,0.6507,4700.0,1.2487,0.2847,ジェリービーンズグループ,グロース（内国株式）,卸売業
3071,2026-10-02,102.0,-0.0097,0.0,-0.0467,0.0099,-0.0341,-0.0058,103.24,102.1333,True,-0.012,0.904,112.8364,96.0,0.0168,0.0956,10200.0,0.7128,0.175,ストリーム,スタンダード（内国株式）,小売業
3075,2026-10-02,1703.0,0.0053,0.0012,0.0321,0.034,0.0447,0.0183,1673.44,1675.88,True,0.0177,0.9362,1819.0,1493.5316,0.0153,0.233,170300.0,2.0887,0.6885,銚子丸,スタンダード（内国株式）,小売業
3076,2026-10-02,2971.0,-0.013,-0.0162,-0.0146,0.1065,-0.002,0.0908,2984.24,2842.6229,True,-0.0044,0.9773,3040.0,2441.1411,0.0166,3.19,297100.0,0.7935,0.2084,あい　ホールディングス,プライム（内国株式）,卸売業
3077,2026-10-02,1443.0,-0.0237,0.0556,0.1335,0.7771,0.1462,0.7614,1303.16,1004.1733,True,0.1073,0.9456,1526.0,340.0,0.0397,0.3116,144300.0,1.1733,0.5027,ホリイフードサービス,スタンダード（内国株式）,小売業
3080,2026-10-02,836.0,-0.0107,-0.0012,0.0233,0.1014,0.0359,0.0858,819.08,791.08,True,0.0207,0.9893,845.0,690.2914,0.0109,0.0324,83600.0,1.4725,0.3307,ジェーソン,スタンダード（内国株式）,小売業
3082,2026-10-02,989.0,-0.001,0.0102,0.0071,0.0356,0.0198,0.0199,982.08,963.8884,True,0.007,0.999,990.0,898.8448,0.0059,0.0574,98900.0,1.0375,0.2247,きちりホールディングス,スタンダード（内国株式）,小売業
3083,2026-10-02,1050.0,0.0324,-0.1124,-0.1049,0.0345,-0.0922,0.0188,1184.72,1045.3733,True,-0.1137,0.7732,1358.0,623.8029,0.0478,5.6786,105000.0,1.6986,0.5118,スターシーズ,スタンダード（内国株式）,小売業
3086,2026-10-02,2559.0,-0.0272,-0.0552,-0.1275,-0.1862,-0.1149,-0.2019,2735.5032,2906.7991,True,-0.0645,0.7139,3584.7363,2063.2433,0.0224,40.5246,255900.0,0.8453,0.3801,Ｊ．フロント　リテイリング,プライム（内国株式）,小売業
3087,2026-10-02,3165.0,-0.0216,-0.014,-0.0759,0.1654,-0.0633,0.1497,3290.5982,3053.5814,True,-0.0382,0.9161,3455.0,2332.4747,0.0179,3.2959,316500.0,0.7793,0.2553,ドトール・日レスホールディングス,プライム（内国株式）,小売業
3088,2026-10-02,2431.0,-0.0071,-0.0253,-0.0564,0.0223,-0.0437,0.0066,2511.1488,2460.5668,True,-0.0319,0.8,3038.5939,2147.057,0.0225,42.0681,243100.0,1.077,0.2768,マツキヨココカラ＆カンパニー,プライム（内国株式）,小売業
3089,2026-10-02,1010.0,-0.0049,-0.0622,-0.0901,-0.0194,-0.0775,-0.0351,1077.0,1071.4667,False,-0.0622,0.6871,1470.0,983.0,0.0306,0.1124,101000.0,1.9436,0.4116,テクノアルファ,スタンダード（内国株式）,卸売業
3091,2026-10-02,2866.0,-0.0059,0.0239,-0.0202,0.2992,-0.0075,0.2835,2825.24,2575.6811,True,0.0144,0.9778,2931.0,1817.4002,0.0205,1.865,286600.0,0.6112,0.282,ブロンコビリー,プライム（内国株式）,小売業
3092,2026-10-02,1088.0,-0.0091,-0.0362,-0.0543,-0.0366,-0.0417,-0.0523,1113.6746,1121.378,True,-0.0231,0.7942,1369.9036,956.9967,0.0222,30.5068,108800.0,0.9268,0.3724,ＺＯＺＯ,プライム（内国株式）,小売業
3093,2026-10-02,1939.0,-0.0172,-0.0127,-0.0157,-0.1242,-0.0031,-0.1399,1939.5093,2044.5196,True,-0.0003,0.8348,2322.7542,1548.1992,0.0239,3.0639,193900.0,0.7284,0.2614,トレジャー・ファクトリー,プライム（内国株式）,小売業
3096,2026-10-02,1524.0,-0.0149,-0.0421,-0.0504,-0.0373,-0.0378,-0.053,1592.0451,1603.1096,False,-0.0427,0.8569,1778.4849,1333.8637,0.0109,0.071,152400.0,1.6836,0.5513,オーシャンシステム,スタンダード（内国株式）,小売業
3097,2026-10-02,5510.0,0.0036,0.0556,-0.0417,0.1624,-0.0291,0.1468,5548.0,5267.265,True,-0.0068,0.9168,6010.0,3734.805,0.0283,9.5588,551000.0,0.972,0.244,物語コーポレーション,プライム（内国株式）,小売業
3099,2026-10-02,1607.5,-0.0204,-0.0146,-0.0631,-0.1614,-0.0505,-0.177,1613.2291,1762.0387,False,-0.0036,0.7858,2045.6002,1085.8416,0.0227,70.227,160750.0,0.8645,0.2143,三越伊勢丹ホールディングス,プライム（内国株式）,小売業
3101,2026-10-02,1647.0,-0.0108,-0.0185,-0.0711,-0.054,-0.0584,-0.0697,1650.56,1660.08,False,-0.0022,0.8468,1945.0,1054.7708,0.0238,7.0363,164700.0,0.6501,0.2172,東洋紡,プライム（内国株式）,化学
3103,2026-10-02,1500.0,-0.05,-0.0132,0.004,0.4549,0.0166,0.4392,1489.2,1217.0667,True,0.0073,0.3425,4380.0,186.0,0.0598,99.1376,150000.0,0.5074,0.29,ユニチカ,スタンダード（内国株式）,繊維製品
3104,2026-10-02,3460.0,0.0,0.0603,0.0398,-0.2196,0.0524,-0.2352,3299.8133,3648.8453,False,0.0485,0.7577,4566.6666,2050.3527,0.0265,4.497,346000.0,1.0601,0.3711,富士紡ホールディングス,プライム（内国株式）,繊維製品
3105,2026-10-02,2698.5,0.0168,0.0545,0.1851,0.0881,0.1977,0.0724,2363.24,2315.0929,True,0.1419,0.9969,2707.0,1069.0301,0.0324,21.2655,269850.0,1.1184,0.5038,日清紡ホールディングス,プライム（内国株式）,電気機器
3106,2026-10-02,2315.0,-0.0281,0.0659,0.094,0.1744,0.1066,0.1587,2101.8936,1961.213,True,0.1014,0.9539,2427.0,1219.9435,0.0335,3.7472,231500.0,1.1154,0.5857,倉敷紡績,プライム（内国株式）,繊維製品
3107,2026-10-02,3644.0,-0.0162,-0.0178,-0.0425,0.0553,-0.0299,0.0397,3695.113,3541.7899,True,-0.0138,0.9573,3806.7179,2545.1908,0.0204,12.87,364400.0,1.3439,0.2402,ダイワボウホールディングス,プライム（内国株式）,卸売業
3109,2026-10-02,1018.0,-0.0174,-0.0239,-0.0392,0.0131,-0.0266,-0.0026,1037.8103,1022.4195,True,-0.0191,0.9116,1116.7074,930.5895,0.0086,0.4634,101800.0,1.087,0.3506,シキボウ,プライム（内国株式）,繊維製品
3110,2026-10-02,3370.0,0.0105,0.1353,0.0757,-0.0667,0.0883,-0.0824,3029.003,3275.9808,False,0.1126,0.5141,6554.5292,1226.1504,0.0495,132.647,337000.0,0.772,0.3619,日東紡績,プライム（内国株式）,ガラス・土石製品
3111,2026-10-02,172.0,-0.0058,-0.0115,-0.1088,0.0683,-0.0962,0.0527,178.68,173.7067,False,-0.0374,0.585,294.0,158.0,0.0203,0.0163,17200.0,1.6921,0.4,オーミケンシ,スタンダード（内国株式）,繊維製品
3113,2026-10-02,81.0,-0.0241,-0.0241,0.0,0.0658,0.0126,0.0501,82.72,77.2267,True,-0.0208,0.6983,116.0,59.0,0.03,0.1211,8100.0,0.6197,0.2059,ＵＮＩＶＡ・Ｏａｋホールディングス,スタンダード（内国株式）,証券、商品先物取引業
3116,2026-10-02,2131.0,-0.0258,-0.0292,-0.0747,-0.0338,-0.0621,-0.0494,2203.8493,2186.5953,True,-0.0331,0.6719,3171.4488,2064.7083,0.0177,12.3019,213100.0,0.8446,0.2893,トヨタ紡織,プライム（内国株式）,輸送用機器
3121,2026-10-02,252.0,-0.0195,-0.0156,-0.0836,0.1667,-0.071,0.151,260.32,236.8933,True,-0.032,0.7339,343.3588,189.0,0.0374,0.1424,25200.0,0.7142,0.1273,マーチャント・バンカーズ,スタンダード（内国株式）,サービス業
3123,2026-10-02,643.0,-0.0138,0.0047,0.0016,0.0109,0.0142,-0.0048,642.6284,633.0487,True,0.0006,0.9045,710.8817,545.5603,0.0095,0.0162,64300.0,0.6928,0.5055,サイボー,スタンダード（内国株式）,繊維製品
3131,2026-10-02,7940.0,-0.0161,-0.0013,0.2348,0.9727,0.2475,0.957,6796.8,5118.8667,True,0.1682,0.9566,8300.0,2478.0677,0.0522,2.9422,794000.0,0.8287,0.4538,シンデン・ハイテックス,スタンダード（内国株式）,卸売業
3132,2026-10-02,4178.0,-0.005,-0.0161,0.126,0.3285,0.1386,0.3128,3807.6074,3480.7925,True,0.0973,0.9683,4314.75,1924.8693,0.0345,34.7709,417800.0,1.0721,0.3737,マクニカホールディングス,プライム（内国株式）,卸売業
3133,2026-10-02,40.0,-0.0909,-0.0698,-0.4203,-0.6078,-0.4077,-0.6235,58.0,80.3333,False,-0.3103,0.0533,750.0,40.0,0.1393,0.6164,4000.0,1.2312,0.4128,海帆,グロース（内国株式）,小売業
3134,2026-10-02,297.0,-0.023,-0.0067,-0.0481,0.0569,-0.0355,0.0413,301.56,292.24,False,-0.0151,0.2098,1415.7347,250.0,0.0298,0.1677,29700.0,0.6097,0.2371,Ｈａｍｅｅ,スタンダード（内国株式）,小売業
3135,2026-10-02,1157.0,-0.0094,-0.0302,0.0061,0.0988,0.0187,0.0831,1166.56,1155.3333,False,-0.0082,0.5949,1945.0,918.0,0.0216,0.1252,115700.0,1.0303,0.288,マーケットエンタープライズ,スタンダード（内国株式）,小売業
3137,2026-10-02,219.0,0.0092,0.0282,0.058,0.0788,0.0706,0.0631,212.12,208.2533,True,0.0324,0.6499,337.0,185.0,0.0228,0.0538,21900.0,0.854,0.2,ファンデリー,スタンダード（内国株式）,小売業
3138,2026-10-02,1198.0,0.0008,0.0319,0.0536,0.0871,0.0663,0.0714,1143.8,1141.44,True,0.0474,1.0,1198.0,855.0,0.0127,0.0262,119800.0,1.1191,0.3812,富士山マガジンサービス,スタンダード（内国株式）,小売業
3139,2026-10-02,3400.0,-0.0173,-0.023,-0.023,0.0134,-0.0104,-0.0023,3435.4,3389.0,True,-0.0103,0.8307,4093.1775,3065.0,0.0125,0.8162,340000.0,0.7887,0.2353,ラクト・ジャパン,プライム（内国株式）,卸売業
3140,2026-10-02,1023.0,0.0029,0.0039,0.001,0.021,0.0136,0.0053,1018.2,1017.3257,False,0.0047,0.9576,1068.3381,979.3099,0.004,0.053,102300.0,0.6313,0.2456,ＢＲＵＮＯ,グロース（内国株式）,卸売業
3143,2026-10-02,1096.0,0.0579,0.5048,0.5738,0.599,0.5864,0.5833,766.5505,712.7553,True,0.4298,0.9973,1099.0,628.5682,0.0417,0.4571,109600.0,3.9471,0.8487,オーウイル,スタンダード（内国株式）,卸売業
3148,2026-10-02,3235.0,-0.0031,-0.0227,-0.0471,-0.0061,-0.0345,-0.0218,3345.0,3327.6667,True,-0.0329,0.91,3555.0,3003.1194,0.0136,2.3782,323500.0,0.8885,0.3756,クリエイトＳＤホールディングス,プライム（内国株式）,小売業
3150,2026-10-02,2345.0,-0.018,-0.026,-0.0363,-0.0363,-0.0236,-0.0519,2404.2916,2453.4087,True,-0.0247,0.7805,3004.4591,2169.8445,0.0143,1.0454,234500.0,0.9402,0.2426,グリムス,プライム（内国株式）,電気・ガス業
3151,2026-10-02,1526.0,-0.0249,-0.0328,-0.0741,0.0223,-0.0615,0.0067,1584.543,1566.9266,True,-0.0369,0.9033,1689.2691,1170.2405,0.017,1.1762,152600.0,1.0238,0.4037,バイタルケーエスケー・ホールディングス,プライム（内国株式）,卸売業
3153,2026-10-02,3110.0,-0.0111,-0.0251,-0.0064,0.1024,0.0062,0.0868,3082.08,2932.6933,True,0.0091,0.8637,3600.8072,2047.1894,0.032,3.1508,311000.0,1.4753,0.2762,八洲電機,プライム（内国株式）,卸売業
3154,2026-10-02,777.0,-0.0177,-0.0263,-0.0324,-0.0616,-0.0198,-0.0773,788.52,796.0985,False,-0.0146,0.9006,862.75,756.3702,0.0157,0.1556,77700.0,0.7485,0.2292,メディアスホールディングス,プライム（内国株式）,卸売業
3156,2026-10-02,6080.0,-0.0114,-0.0207,0.1002,0.5298,0.1128,0.5142,5513.5091,4642.1364,True,0.1027,0.9564,6356.9318,2381.2795,0.0435,5.7451,608000.0,0.9615,0.4298,レスター,プライム（内国株式）,卸売業
3157,2026-10-02,1430.0,-0.0131,0.0026,0.004,0.0216,0.0166,0.0059,1418.9932,1393.4353,True,0.0078,0.8591,1664.4383,1209.5369,0.0115,0.0362,143000.0,0.7543,0.3891,ジオリーブグループ,スタンダード（内国株式）,卸売業
3159,2026-10-02,370.0,-0.0212,-0.0263,-0.0796,0.0221,-0.067,0.0064,391.36,379.04,True,-0.0546,0.8605,430.0,318.2823,0.0176,0.3068,37000.0,0.4342,0.2615,丸善ＣＨＩホールディングス,スタンダード（内国株式）,小売業
3160,2026-10-02,580.0,-0.0017,0.0069,0.0,0.0211,0.0126,0.0055,580.28,575.0267,True,-0.0005,0.9715,597.0,545.9102,0.0103,0.0759,58000.0,2.4485,0.45,大光,スタンダード（内国株式）,卸売業
3161,2026-10-02,670.0,-0.0015,-0.0074,0.006,0.0106,0.0186,-0.0051,669.76,664.68,True,0.0004,0.9585,699.0,612.5997,0.011,0.0424,67000.0,0.851,0.1495,アゼアス,スタンダード（内国株式）,卸売業
3166,2026-10-02,1431.0,-0.0111,0.0056,-0.0148,0.0341,-0.0022,0.0185,1437.7886,1410.9442,True,-0.0047,0.9207,1554.2136,1324.8794,0.01,0.0322,143100.0,1.0514,0.4153,ＯＣＨＩホールディングス,スタンダード（内国株式）,卸売業
3167,2026-10-02,1332.0,-0.0075,-0.0147,0.0203,0.1767,0.0329,0.161,1322.0712,1207.995,True,0.0075,0.9533,1397.2328,956.5105,0.0198,8.4129,133200.0,2.2678,0.3308,ＴＯＫＡＩホールディングス,プライム（内国株式）,卸売業
3168,2026-10-02,1264.0,-0.0148,-0.0016,-0.1016,-0.0141,-0.089,-0.0298,1305.1556,1312.5346,False,-0.0315,0.6624,1908.3288,521.6565,0.0329,0.9176,126400.0,0.4131,0.1515,ＭＥＲＦ,スタンダード（内国株式）,卸売業
3169,2026-10-02,693.0,0.0014,-0.0014,0.0117,0.0564,0.0243,0.0407,681.92,664.36,True,0.0162,0.9819,705.7695,625.0,0.0125,0.0387,69300.0,1.4219,0.3008,ミサワ,スタンダード（内国株式）,小売業
3172,2026-10-02,1125.0,-0.0053,-0.0027,0.0036,-0.0132,0.0162,-0.0289,1123.48,1130.8006,False,0.0014,0.9743,1154.7316,1097.6083,0.0034,0.0327,112500.0,0.3703,0.337,ティーライフ,スタンダード（内国株式）,小売業
3173,2026-10-02,1502.0,0.0162,0.0524,-0.0167,0.4443,-0.004,0.4287,1450.173,1228.9624,True,0.0357,0.8833,1700.4374,829.121,0.0198,0.1047,150200.0,0.6119,0.4695,Ｃｏｍｉｎｉｘ,スタンダード（内国株式）,卸売業
3174,2026-10-02,339.0,-0.0174,-0.1079,-0.1567,-0.1671,-0.1441,-0.1827,388.8,405.8933,False,-0.1281,0.452,750.0,339.0,0.0198,0.0909,33900.0,1.2938,0.8191,ハピネス・アンド・ディ,スタンダード（内国株式）,小売業
3175,2026-10-02,932.0,0.0011,-0.0412,-0.0251,-0.0011,-0.0125,-0.0167,962.56,945.8667,True,-0.0317,0.9292,1003.0,895.0,0.009,0.1967,93200.0,1.9537,0.7419,エー・ピーホールディングス,スタンダード（内国株式）,小売業
3176,2026-10-02,1175.0,-0.0009,0.0325,0.01,0.5143,0.0226,0.4986,1138.5325,962.5837,True,0.032,0.9787,1200.6015,694.4801,0.0257,4.5548,117500.0,1.2148,0.2827,三洋貿易,プライム（内国株式）,卸売業
3177,2026-10-02,4835.0,-0.033,0.0179,0.0865,0.3697,0.0991,0.354,4503.2,4087.9333,True,0.0737,0.8954,5400.0,3161.6043,0.0377,0.1123,483500.0,1.3342,0.56,ありがとうサービス,スタンダード（内国株式）,小売業
3178,2026-10-02,1136.0,-0.0053,-0.0446,-0.065,0.0097,-0.0523,-0.006,1193.6,1150.7729,True,-0.0483,0.8278,1372.2544,1035.2394,0.0086,0.2242,113600.0,1.5356,0.7563,チムニー,スタンダード（内国株式）,小売業
3179,2026-10-02,1281.0,0.0008,-0.0206,0.0613,0.2119,0.0739,0.1962,1227.56,1197.4533,True,0.0435,0.9053,1415.0,972.0,0.0331,2.0053,128100.0,1.4667,0.3818,シュッピン,プライム（内国株式）,小売業
3180,2026-10-02,1640.0,-0.0049,0.0043,0.0061,0.1389,0.0188,0.1232,1608.88,1503.7333,True,0.0193,0.9647,1700.0,1231.4106,0.0347,0.877,164000.0,1.1671,0.2424,ビューティガレージ,プライム（内国株式）,卸売業
3181,2026-10-02,1067.0,0.0076,0.0152,-0.0093,0.0789,0.0033,0.0632,1058.72,1036.76,True,0.0078,0.9527,1120.0,809.7458,0.0137,0.035,106700.0,0.4246,0.2527,買取王国,スタンダード（内国株式）,小売業
3182,2026-10-02,1618.0,-0.02,0.0,-0.0582,0.0638,-0.0456,0.0481,1644.08,1604.2,True,-0.0159,0.8913,1815.3727,1279.9816,0.023,1.4205,161800.0,0.9985,0.1885,オイシックス,プライム（内国株式）,小売業
3183,2026-10-02,1237.0,-0.0136,-0.0306,-0.0229,-0.0032,-0.0103,-0.0189,1262.12,1271.2667,True,-0.0199,0.8415,1469.9751,1175.0,0.0123,0.2529,123700.0,1.195,0.3023,ウイン・パートナーズ,プライム（内国株式）,卸売業
3185,2026-10-02,109.0,-0.0091,-0.0268,-0.2431,-0.2431,-0.2304,-0.2587,129.88,142.3333,False,-0.1608,0.3893,280.0,102.0,0.1088,0.6885,10900.0,3.3649,0.2952,夢展望,グロース（内国株式）,小売業
3186,2026-10-02,2819.0,0.0097,-0.0289,-0.1585,-0.3048,-0.1459,-0.3205,3041.36,3445.5867,False,-0.0731,0.6518,4325.0,2210.4016,0.0267,17.4387,281900.0,1.041,0.2973,ネクステージ,プライム（内国株式）,小売業
3187,2026-10-02,402.0,-0.005,-0.0073,0.1469,0.5798,0.1595,0.5641,381.052,325.2977,True,0.055,0.862,466.3596,219.8128,0.0555,0.5766,40200.0,0.5166,0.142,ミラタップ,グロース（内国株式）,小売業
3189,2026-10-02,96.0,-0.0303,-0.1351,-0.1864,-0.1504,-0.1738,-0.1661,109.04,108.0533,False,-0.1196,0.131,733.0,95.0,0.0685,0.3469,9600.0,0.5393,0.35,ＡＮＡＰホールディングス,スタンダード（内国株式）,小売業
3190,2026-10-02,572.0,0.0088,-0.0239,-0.0189,0.0,-0.0062,-0.0157,582.0,578.8533,True,-0.0172,0.9533,600.0,548.3246,0.0081,0.009,57200.0,1.0918,0.4738,ホットマン,スタンダード（内国株式）,小売業
3191,2026-10-02,2236.0,-0.0115,-0.0278,0.0063,-0.004,0.0189,-0.0197,2256.6,2267.7796,True,-0.0091,0.8786,2545.0,1945.3392,0.016,3.1164,223600.0,0.8066,0.2263,ジョイフル本田,プライム（内国株式）,小売業
3192,2026-10-02,222.0,-0.0472,-0.1328,-0.2371,-0.3729,-0.2245,-0.3886,269.16,295.6533,False,-0.1752,0.4189,530.0,222.0,0.0409,0.0811,22200.0,1.7228,0.5181,白鳩,スタンダード（内国株式）,小売業
3193,2026-10-02,1280.0,-0.0161,-0.0078,-0.0986,-0.0833,-0.086,-0.099,1362.96,1388.4354,False,-0.0609,0.6737,1899.8949,1260.0,0.0292,2.4529,128000.0,0.8853,0.1924,エターナルホスピタリティグループ,プライム（内国株式）,小売業
3195,2026-10-02,437.0,-0.0068,-0.0224,-0.4005,-0.1847,-0.3879,-0.2004,588.12,560.64,True,-0.257,0.5141,850.0,393.0,0.0659,0.3779,43700.0,1.7895,0.132,ジェネレーションパス,スタンダード（内国株式）,小売業
3196,2026-10-02,1651.0,-0.0143,0.0024,0.0104,0.057,0.023,0.0413,1645.72,1622.4533,True,0.0032,0.7752,2129.6639,1555.0,0.014,1.1556,165100.0,0.7282,0.208,ホットランドホールディングス,プライム（内国株式）,小売業
3197,2026-10-02,3167.0,-0.0009,-0.0013,-0.0647,0.1116,-0.0521,0.0959,3289.92,3104.8592,True,-0.0374,0.8478,3735.5201,2611.0363,0.0205,30.7843,316700.0,0.8084,0.3846,すかいらーくホールディングス,プライム（内国株式）,小売業
3199,2026-10-02,1268.0,-0.0117,-0.0276,-0.0537,-0.0488,-0.0411,-0.0644,1314.84,1328.9467,False,-0.0356,0.8013,1582.4498,1265.0,0.0101,0.6202,126800.0,1.5565,0.4278,綿半ホールディングス,プライム（内国株式）,小売業
319A,2026-10-02,21120.0,-0.0108,-0.0158,0.0105,0.2082,0.0231,0.1926,20537.2,18837.2,True,0.0284,0.9219,22910.0,6910.0,0.0515,7.7392,2112000.0,0.8397,0.3962,技術承継機構,グロース（内国株式）,金属製品
3201,2026-10-02,1898.0,-0.0211,-0.0519,-0.0467,0.0609,-0.0341,0.0453,1976.36,1891.56,True,-0.0396,0.907,2092.726,1515.9987,0.0181,1.4717,189800.0,0.8199,0.4124,日本毛織,プライム（内国株式）,繊維製品
3202,2026-10-02,129.0,0.0,0.0,0.0,-0.0077,0.0126,-0.0234,129.64,128.0133,False,-0.0049,0.8431,153.0,105.6857,0.0155,0.0415,12900.0,1.0624,0.25,ダイトウボウ,スタンダード（内国株式）,繊維製品
3204,2026-10-02,505.0,-0.002,0.0,0.004,0.006,0.0166,-0.0097,502.28,502.1733,False,0.0054,0.9066,557.0,417.7143,0.0065,0.0268,50500.0,0.4413,0.3348,トーア紡コーポレーション,スタンダード（内国株式）,繊維製品
3205,2026-10-02,735.0,-0.0108,-0.0161,-0.02,0.0152,-0.0074,-0.0005,738.52,734.72,False,-0.0048,0.5635,1304.2783,660.0,0.0118,0.6013,73500.0,0.7326,0.2314,ダイドーリミテッド,スタンダード（内国株式）,繊維製品
3221,2026-10-02,2929.0,-0.0285,-0.0595,-0.0997,-0.0595,-0.0871,-0.0751,3189.4075,3205.8487,False,-0.0816,0.8104,3614.1775,2457.6407,0.0167,1.4603,292900.0,1.8675,0.6446,ヨシックスホールディングス,プライム（内国株式）,小売業
3222,2026-10-02,802.0,-0.0135,-0.0349,-0.0196,0.0108,-0.0069,-0.0049,832.5219,814.6571,True,-0.0367,0.8146,984.4833,763.7435,0.0194,3.4396,80200.0,0.7303,0.4174,ユナイテッド・スーパーマーケット・ホールディングス,スタンダード（内国株式）,小売業
3223,2026-10-02,994.0,0.0102,0.004,0.0311,0.0746,0.0437,0.0589,968.28,940.6267,True,0.0266,0.8242,1206.0,869.0,0.0079,0.022,99400.0,1.525,0.3182,エスエルディー,スタンダード（内国株式）,小売業
3224,2026-10-02,665.0,0.0076,-0.0292,-0.0432,-0.0554,-0.0305,-0.0711,687.28,696.28,False,-0.0324,0.7646,869.7484,562.7203,0.0114,0.0328,66500.0,1.5444,0.5811,ゼネラル・オイスター,グロース（内国株式）,小売業
3231,2026-10-02,853.0,-0.0248,-0.0372,-0.0781,-0.0741,-0.0655,-0.0898,893.5469,904.3696,False,-0.0454,0.766,1113.5866,818.9541,0.0149,42.0731,85300.0,1.3985,0.3972,野村不動産ホールディングス,プライム（内国株式）,不動産業
3232,2026-10-02,550.0,-0.0161,-0.0663,-0.092,0.0298,-0.0794,0.0141,587.6312,552.7526,True,-0.064,0.885,621.4528,491.8607,0.018,1.445,55000.0,1.2199,0.5045,三重交通グループホールディングス,プライム（内国株式）,不動産業
3236,2026-10-02,275.0,-0.0317,-0.0317,-0.0646,0.011,-0.052,-0.0046,284.52,278.9067,True,-0.0335,0.6725,408.9474,215.1842,0.0174,0.2182,27500.0,0.7101,0.2299,プロパスト,スタンダード（内国株式）,不動産業
3237,2026-10-02,88.0,-0.0112,-0.0435,-0.1111,-0.1927,-0.0985,-0.2083,94.36,97.0133,True,-0.0674,0.7719,114.0,53.0,0.039,0.2644,8800.0,0.8863,0.4375,イントランス,グロース（内国株式）,不動産業
3238,2026-10-02,380.0,-0.013,-0.0052,-0.0206,0.0243,-0.008,0.0086,384.2,377.7067,True,-0.0109,0.8721,435.7394,332.2266,0.0098,0.0806,38000.0,0.7618,0.1615,セントラル総合開発,スタンダード（内国株式）,不動産業
323A,2026-10-02,380.0,0.0188,-0.0052,0.0133,-0.0617,0.026,-0.0774,375.72,379.7067,False,0.0114,0.4954,767.0,345.0,0.0241,0.0371,38000.0,0.5337,0.2734,フライヤー,グロース（内国株式）,情報・通信業
3241,2026-10-02,595.0,-0.0017,-0.01,-0.0182,0.0259,-0.0055,0.0102,596.8,589.0,True,-0.003,0.9643,617.0,500.3692,0.0155,0.0276,59500.0,0.5973,0.3473,ウィル,スタンダード（内国株式）,不動産業
3242,2026-10-02,539.0,-0.0019,0.017,0.0189,0.1091,0.0315,0.0934,527.68,513.6146,True,0.0215,0.8893,606.0769,482.0,0.0082,0.2356,53900.0,0.731,0.429,アーバネットコーポレーション,スタンダード（内国株式）,不動産業
3245,2026-10-02,950.0,-0.0196,-0.0079,-0.1169,-0.0307,-0.1043,-0.0464,1022.2897,1009.9855,True,-0.0707,0.7892,1203.6768,897.5359,0.0209,5.5457,95000.0,2.0843,0.4656,ディア・ライフ,プライム（内国株式）,不動産業
3246,2026-10-02,691.0,-0.0058,0.0,-0.01,0.1074,0.0026,0.0917,689.96,661.7733,True,0.0015,0.9351,738.9647,615.0,0.0076,0.0411,69100.0,1.0581,0.2081,コーセーアールイー,スタンダード（内国株式）,不動産業
3248,2026-10-02,880.0,-0.0101,-0.009,-0.0123,0.0233,0.0003,0.0076,889.28,879.5467,True,-0.0104,0.981,897.0,793.2599,0.009,0.0247,88000.0,1.961,0.2144,アールエイジ,スタンダード（内国株式）,不動産業
324A,2026-10-02,727.0,0.0014,-0.0041,-0.0176,0.0327,-0.0049,0.017,727.6,711.9067,False,-0.0008,0.5554,1309.0,637.0,0.0226,0.1022,72700.0,0.8412,0.3287,ブッキングリゾート,グロース（内国株式）,サービス業
3252,2026-10-02,2670.0,-0.033,-0.043,-0.1064,-0.0764,-0.0938,-0.0921,2839.76,2879.9012,False,-0.0598,0.7422,3597.5172,2666.0,0.0177,4.4153,267000.0,1.2699,0.3532,地主,プライム（内国株式）,不動産業
325A,2026-10-02,2105.0,0.0369,0.0647,0.1522,0.5593,0.1648,0.5436,1853.16,1626.4578,True,0.1359,0.97,2170.0,1081.6666,0.0479,5.9427,210500.0,1.0471,0.3631,ＴＥＮＴＩＡＬ,グロース（内国株式）,繊維製品
3261,2026-10-02,448.0,0.0045,0.0136,0.0667,0.1458,0.0793,0.1301,426.32,405.9333,True,0.0509,0.3773,1187.4698,376.0,0.0134,0.0244,44800.0,0.897,0.4833,グランディーズ,グロース（内国株式）,不動産業
3266,2026-10-02,79.0,-0.0125,-0.0247,-0.0125,-0.0366,0.0001,-0.0523,79.8,80.3067,False,-0.01,0.594,133.0,77.0,0.0181,0.0269,7900.0,0.8052,0.14,ファンドクリエーショングループ,スタンダード（内国株式）,不動産業
3267,2026-10-02,632.0,-0.0307,0.0064,-0.0202,-0.1271,-0.0075,-0.1427,635.2,649.88,False,-0.005,0.4965,1273.0,593.0,0.0227,0.1159,63200.0,0.7866,0.3274,フィル・カンパニー,スタンダード（内国株式）,建設業
3276,2026-10-02,2242.0,-0.0115,-0.0102,-0.0022,0.687,0.0104,0.6713,2257.52,1911.2,True,-0.0069,0.9553,2347.0,1199.7606,0.0043,3.4395,224200.0,0.3462,0.3134,ＪＰＭＣ,プライム（内国株式）,不動産業
3277,2026-10-02,814.0,-0.0321,-0.031,0.0162,0.262,0.0289,0.2463,820.68,724.7506,True,-0.0081,0.924,881.0,604.7145,0.0193,0.14,81400.0,0.4065,0.1973,サンセイランディック,スタンダード（内国株式）,不動産業
3280,2026-10-02,936.0,-0.0011,-0.0064,-0.0032,-0.039,0.0094,-0.0546,935.5156,932.1913,True,0.0005,0.8096,1156.1122,866.9283,0.0078,0.0485,93600.0,0.4313,0.1647,エストラスト,スタンダード（内国株式）,不動産業
3284,2026-10-02,1202.0,-0.0164,-0.0458,-0.0758,0.0365,-0.0631,0.0208,1252.9578,1213.9931,True,-0.0407,0.9041,1329.5338,1093.6537,0.0183,3.6896,120200.0,1.4608,0.3342,フージャースホールディングス,プライム（内国株式）,不動産業
3286,2026-10-02,873.0,-0.0034,-0.0057,-0.0278,0.0222,-0.0152,0.0066,885.8,897.8122,False,-0.0145,0.7692,1134.9464,851.0,0.0063,0.0249,87300.0,0.6018,0.2364,トラストホールディングス,スタンダード（内国株式）,不動産業
3288,2026-10-02,7333.0,-0.0158,-0.0292,-0.0724,-0.1302,-0.0598,-0.1459,7571.3481,8058.985,False,-0.0315,0.6369,11514.2278,7018.8934,0.0213,22.7749,733300.0,0.99,0.2566,オープンハウスグループ,プライム（内国株式）,不動産業
3289,2026-10-02,1202.0,-0.0224,-0.0448,-0.0955,-0.0806,-0.0829,-0.0963,1269.9494,1285.3426,False,-0.0535,0.7822,1536.7596,1131.8937,0.0169,33.8134,120200.0,1.0354,0.3962,東急不動産ホールディングス,プライム（内国株式）,不動産業
3291,2026-10-02,2114.5,-0.0233,-0.0474,-0.0966,-0.0089,-0.084,-0.0246,2231.5884,2206.7778,True,-0.0525,0.7871,2686.3389,1973.3513,0.0186,11.7857,211450.0,1.1206,0.3365,飯田グループホールディングス,プライム（内国株式）,不動産業
3293,2026-10-02,751.0,-0.004,0.002,-0.0096,0.0113,0.003,-0.0044,752.705,749.9668,True,-0.0023,0.9727,772.1168,714.7814,0.0067,0.024,75100.0,1.4787,0.4049,アズマハウス,スタンダード（内国株式）,不動産業
3297,2026-10-02,1187.0,-0.0084,0.0017,0.0094,0.0655,0.022,0.0499,1181.2,1153.32,False,0.0049,0.8835,1343.5225,1058.0,0.0057,0.0254,118700.0,1.5511,0.4766,東武住販,スタンダード（内国株式）,不動産業
3299,2026-10-02,1645.0,-0.0255,-0.0491,-0.048,-0.0937,-0.0354,-0.1093,1711.08,1788.2199,True,-0.0386,0.651,2527.0393,1574.3008,0.016,1.7371,164500.0,0.7341,0.4299,ムゲンエステート,スタンダード（内国株式）,不動産業
3300,2026-10-02,1817.0,-0.0231,-0.032,-0.0381,-0.1401,-0.0255,-0.1558,1861.68,2010.7983,False,-0.024,0.709,2562.8161,1795.0,0.0153,1.1703,181700.0,0.7828,0.3031,アンビション　ＤＸ　ホールディングス,グロース（内国株式）,不動産業
3302,2026-10-02,2937.0,-0.0226,-0.0587,-0.0646,-0.1285,-0.052,-0.1442,3111.88,3275.2267,False,-0.0562,0.7912,3712.1784,2676.0,0.019,1.4515,293700.0,0.8959,0.4846,帝国繊維,プライム（内国株式）,繊維製品
3306,2026-10-02,772.0,-0.0026,-0.0277,0.1254,0.1437,0.138,0.128,706.32,684.36,True,0.093,0.8112,951.6344,567.0,0.0452,0.4073,77200.0,1.562,0.3758,日本製麻,スタンダード（内国株式）,卸売業
330A,2026-10-02,536.0,-0.0165,-0.0111,-0.053,0.051,-0.0404,0.0353,542.96,488.7867,True,-0.0128,0.5009,1070.0,373.0,0.0361,0.1024,53600.0,0.4155,0.2376,ＴａｌｅｎｔＸ,グロース（内国株式）,情報・通信業
3315,2026-10-02,95.0,-0.0104,-0.0306,-0.0952,0.0215,-0.0826,0.0058,100.04,97.8133,True,-0.0504,0.6209,153.0,86.0,0.0256,7.2013,9500.0,1.0729,0.3294,日本コークス工業,プライム（内国株式）,石油・石炭製品
3317,2026-10-02,1490.0,-0.0047,0.0034,0.0074,0.0643,0.0201,0.0486,1484.44,1448.7467,True,0.0037,0.8619,1728.7678,1249.0,0.0063,0.0156,149000.0,0.6733,0.4242,フライングガーデン,スタンダード（内国株式）,小売業
331A,2026-10-02,477.0,-0.0042,-0.0041,-0.0102,-0.0082,0.0024,-0.0239,478.7855,483.232,True,-0.0037,0.8755,544.8447,437.7709,0.0079,0.0203,47700.0,1.3948,0.3692,メディックス,スタンダード（内国株式）,サービス業
3320,2026-10-02,1301.0,-0.0031,-0.0054,-0.0159,0.0016,-0.0033,-0.0141,1308.0,1292.5027,True,-0.0054,0.9074,1433.81,1180.3368,0.0107,0.0862,130100.0,0.5775,0.2513,クロスプラス,スタンダード（内国株式）,卸売業
3321,2026-10-02,1870.0,-0.0255,0.0081,0.0929,0.0252,0.1056,0.0095,1743.44,1688.04,False,0.0726,0.7814,2393.2814,1440.3731,0.0271,0.9699,187000.0,1.4013,0.5647,ミタチ産業,スタンダード（内国株式）,卸売業
3323,2026-10-02,92.0,-0.0108,0.0023,-0.039,0.2769,-0.0264,0.2613,92.4937,81.574,True,-0.0053,0.4894,187.9797,68.1,0.0271,0.2806,9200.0,0.2468,0.2378,レカム,スタンダード（内国株式）,卸売業
3326,2026-10-02,654.0,0.0031,-0.0297,0.0,0.0792,0.0126,0.0635,658.8,638.6933,True,-0.0073,0.7432,880.0,575.0,0.0165,0.0288,65400.0,1.5868,0.3616,ランシステム,スタンダード（内国株式）,サービス業
3329,2026-10-02,2137.0,-0.0005,-0.0037,0.0005,0.0314,0.0131,0.0157,2139.32,2110.76,True,-0.0011,0.9769,2187.6055,1992.0,0.0046,0.0863,213700.0,1.9879,0.3626,東和フードサービス,スタンダード（内国株式）,小売業
332A,2026-10-02,1191.0,-0.0141,-0.0356,0.0837,0.111,0.0963,0.0953,1158.6,1070.08,True,0.028,0.6748,1765.0,761.0,0.0331,0.7115,119100.0,0.9693,0.3855,ミーク,グロース（内国株式）,情報・通信業
3333,2026-10-02,1263.0,-0.0117,-0.0194,-0.0439,-0.0128,-0.0313,-0.0285,1300.4,1302.7497,True,-0.0288,0.8828,1430.6242,1201.8421,0.0187,1.7903,126300.0,1.5718,0.3055,あさひ,プライム（内国株式）,小売業
3349,2026-10-02,6198.0,-0.0021,-0.0151,-0.0437,-0.0347,-0.031,-0.0504,6489.32,6395.4933,True,-0.0449,0.712,8705.2748,5615.0,0.026,31.3333,619800.0,0.9837,0.388,コスモス薬品,プライム（内国株式）,小売業
334A,2026-10-02,1210.0,-0.0049,0.0315,0.1557,0.2886,0.1683,0.2729,1101.92,985.0133,True,0.0981,0.9713,1245.7015,687.5,0.0239,0.0398,121000.0,1.2436,0.4736,ビジュアル・プロセッシング・ジャパン,グロース（内国株式）,情報・通信業
3350,2026-10-02,291.0,-0.0521,-0.0068,-0.1074,0.3598,-0.0947,0.3441,279.4,248.8667,False,0.0415,0.4396,662.0,192.0,0.0641,75.7487,29100.0,0.8928,0.4023,メタプラネット,スタンダード（内国株式）,卸売業
3352,2026-10-02,1786.0,0.0034,0.0139,0.0167,0.0917,0.0293,0.076,1766.7852,1705.1834,True,0.0109,0.8772,2036.0269,1374.3181,0.0129,0.0198,178600.0,0.8234,0.4133,バッファロー,スタンダード（内国株式）,小売業
3353,2026-10-02,2797.0,-0.0025,0.0047,-0.006,0.0162,0.0066,0.0006,2801.3391,2767.8347,True,-0.0015,0.9002,3107.0579,2487.5673,0.0044,0.0475,279700.0,0.8771,0.2185,メディカル一光グループ,スタンダード（内国株式）,小売業
3355,2026-10-02,1778.0,-0.0198,-0.0332,-0.0522,0.1232,-0.0396,0.1075,1811.84,1704.8298,True,-0.0187,0.897,1982.1101,1490.7508,0.0186,0.4397,177800.0,0.736,0.2504,クリヤマホールディングス,スタンダード（内国株式）,卸売業
3358,2026-10-02,95.0,0.0215,0.0324,-0.0203,-0.0102,-0.0077,-0.0259,94.4345,94.0393,True,0.006,0.5518,172.1684,81.1368,0.0224,0.0661,9500.0,0.4205,0.1881,Ｔｒａｉｌｈｅａｄ　Ｇｌｏｂａｌ　Ｈｏｌｄｉｎｇｓ,スタンダード（内国株式）,小売業
3359,2026-10-02,491.0,-0.018,-0.0216,-0.0548,-0.053,-0.0422,-0.0687,510.0732,508.1263,True,-0.0374,0.8588,571.7573,450.8549,0.0155,0.2639,49100.0,2.2155,0.3226,ｃｏｔｔａ,グロース（内国株式）,卸売業
335A,2026-10-02,315.0,0.0032,-0.0094,-0.0922,-0.0512,-0.0796,-0.0669,328.92,337.1333,False,-0.0423,0.5215,604.0,311.0,0.0336,0.1532,31500.0,1.0862,0.6338,ミライロ,グロース（内国株式）,情報・通信業
3360,2026-10-02,2439.0,-0.0055,-0.0145,0.0095,0.0816,0.0221,0.0659,2418.78,2347.5333,True,0.0084,0.8809,2768.6262,1938.0,0.0203,6.0119,243900.0,0.9416,0.1819,シップヘルスケアホールディングス,プライム（内国株式）,卸売業
3361,2026-10-02,905.0,0.0078,-0.0011,0.0,0.0226,0.0126,0.0069,897.92,883.72,True,0.0079,0.9601,942.6129,770.0767,0.0141,0.0397,90500.0,1.8023,0.2346,トーエル,スタンダード（内国株式）,小売業
336A,2026-10-02,1621.0,0.0006,0.191,0.3749,0.8483,0.3875,0.8327,1364.88,1001.5867,True,0.1877,0.7927,2045.0,532.0,0.1082,141.1625,162100.0,1.4705,0.3171,ダイナミックマッププラットフォーム,グロース（内国株式）,情報・通信業
3370,2026-10-02,470.0,-0.0126,-0.0147,0.0086,-0.0269,0.0212,-0.0426,476.32,472.48,False,-0.0133,0.7492,627.3314,312.1744,0.0205,0.0533,47000.0,0.9048,0.2385,フジタコーポレーション,スタンダード（内国株式）,小売業
3371,2026-10-02,2157.0,-0.0124,-0.0049,0.0056,0.186,0.0182,0.1703,2108.9558,1961.5513,True,0.0228,0.9252,2331.5064,1546.6578,0.0223,1.4231,215700.0,1.5528,0.1984,ソフトクリエイトホールディングス,プライム（内国株式）,情報・通信業
3372,2026-10-02,215.0,0.0,-0.0271,-0.0227,-0.0227,-0.0101,-0.0384,219.64,219.9333,True,-0.0211,0.8113,265.0,210.0,0.0093,0.0423,21500.0,2.0926,0.6,関門海,スタンダード（内国株式）,小売業
3374,2026-10-02,5030.0,-0.002,0.0935,0.1863,0.4643,0.1989,0.4487,4261.2,3767.0933,True,0.1804,0.9636,5220.0,1916.8404,0.0388,1.6703,503000.0,1.0998,0.7064,内外テック,スタンダード（内国株式）,卸売業
3375,2026-10-02,1751.0,0.0006,-0.019,-0.0261,-0.0294,-0.0135,-0.045,1774.44,1733.6533,True,-0.0132,0.8798,1990.2106,1536.8421,0.0171,0.0106,175100.0,1.3904,0.401,ＺＯＡ,スタンダード（内国株式）,小売業
3377,2026-10-02,410.0,-0.0024,0.0486,0.0433,0.0992,0.0559,0.0835,390.8,381.4533,True,0.0491,0.7597,539.7147,358.0,0.0178,0.0889,41000.0,1.8832,0.7549,バイク王＆カンパニー,スタンダード（内国株式）,卸売業
3382,2026-10-02,1978.0,-0.0108,-0.0137,-0.0275,-0.0079,-0.0149,-0.0236,2020.1734,2004.986,True,-0.0209,0.8402,2354.0996,1784.0104,0.0168,156.5401,197800.0,0.8972,0.3049,セブン＆アイ・ホールディングス,プライム（内国株式）,小売業
3386,2026-10-02,1254.0,-0.0157,0.0088,-0.0079,-0.0095,0.0047,-0.0251,1252.36,1245.8312,True,0.0013,0.8775,1429.0872,1041.5219,0.0096,0.0306,125400.0,0.7316,0.3562,コスモ・バイオ,スタンダード（内国株式）,卸売業
3387,2026-10-02,771.0,-0.0153,0.0131,0.0092,0.0758,0.0218,0.0601,766.5994,755.9739,True,0.0057,0.9445,816.3478,682.7817,0.0183,8.1572,77100.0,0.6184,0.2416,クリエイト・レストランツ・ホールディングス,プライム（内国株式）,小売業
3388,2026-10-02,2096.0,-0.0132,0.0023,-0.008,-0.0148,0.0047,-0.0305,2074.7288,2087.2817,True,0.0103,0.8693,2411.0653,1849.5057,0.0127,0.6124,209600.0,0.8847,0.2482,明治電機工業,プライム（内国株式）,卸売業
338A,2026-10-02,4060.0,0.0125,0.3268,0.9016,0.7583,0.9143,0.7427,2860.16,2345.0933,True,0.4195,0.8494,4780.0,1890.0,0.1056,38.4393,406000.0,2.4674,0.3276,ＺｅｎｍｕＴｅｃｈ,グロース（内国株式）,情報・通信業
3391,2026-10-02,2061.0,-0.0167,-0.0489,-0.0852,-0.0239,-0.0726,-0.0396,2240.3517,2252.3044,True,-0.0801,0.7015,2937.7922,1869.9392,0.0255,36.9745,206100.0,1.1413,0.4151,ツルハホールディングス,プライム（内国株式）,小売業
3392,2026-10-02,753.0,0.0107,-0.0284,-0.0783,-0.1244,-0.0657,-0.1401,793.92,818.5867,False,-0.0515,0.7482,1006.3488,733.5727,0.0153,0.2398,75300.0,2.0466,0.5304,デリカフーズホールディングス,スタンダード（内国株式）,卸売業
3393,2026-10-02,3080.0,-0.0207,-0.0183,0.0232,0.015,0.0358,-0.0007,3034.0961,2990.2787,True,0.0151,0.9549,3225.4678,2408.9749,0.0213,1.2587,308000.0,1.4587,0.2912,スターティアホールディングス,プライム（内国株式）,卸売業
3395,2026-10-02,2427.0,-0.0222,-0.0245,-0.0187,-0.0322,-0.006,-0.0479,2457.4165,2466.8698,False,-0.0124,0.7744,3133.9916,2265.3959,0.0179,2.8843,242700.0,1.5091,0.3334,サンマルクホールディングス,プライム（内国株式）,小売業
3396,2026-10-02,860.0,0.013,-0.0012,-0.0081,-0.0035,0.0045,-0.0191,865.28,863.52,True,-0.0061,0.9185,936.3503,804.4011,0.0091,0.034,86000.0,1.37,0.6294,フェリシモ,スタンダード（内国株式）,小売業
3397,2026-10-02,4167.0,-0.0002,-0.0332,-0.0394,0.0852,-0.0268,0.0695,4288.64,4128.0133,True,-0.0284,0.824,5057.2174,3492.0,0.0239,17.2036,416700.0,1.2724,0.3868,トリドールホールディングス,プライム（内国株式）,小売業
3399,2026-10-02,3845.0,0.0,0.024,-0.0471,0.1426,-0.0345,0.127,3898.2,3674.6667,True,-0.0136,0.9047,4250.0,2576.6355,0.0421,4.0632,384500.0,0.7589,0.2318,丸千代山岡家,スタンダード（内国株式）,小売業
339A,2026-10-02,942.0,-0.0021,0.0118,0.0261,0.025,0.0388,0.0094,919.32,911.4,False,0.0247,0.6044,1558.604,843.0,0.017,0.1026,94200.0,0.5829,0.275,プログレス・テクノロジーズ　グループ,グロース（内国株式）,サービス業
3401,2026-10-02,1630.0,-0.0193,-0.0313,-0.0934,-0.0373,-0.0808,-0.0529,1680.772,1668.2278,True,-0.0302,0.9066,1798.0029,1166.3039,0.02,10.6517,163000.0,0.9025,0.2842,帝人,プライム（内国株式）,繊維製品
3402,2026-10-02,1223.5,-0.0065,-0.0133,-0.0609,0.0536,-0.0483,0.0379,1242.5584,1207.2484,True,-0.0153,0.8863,1380.5093,896.0994,0.02,53.9897,122350.0,1.0341,0.2274,東レ,プライム（内国株式）,繊維製品
3405,2026-10-02,1771.0,-0.0134,-0.0191,-0.0703,0.0255,-0.0577,0.0098,1809.48,1788.4666,True,-0.0213,0.8482,2088.0,1437.5979,0.0196,27.8888,177100.0,1.015,0.2047,クラレ,プライム（内国株式）,化学
3407,2026-10-02,1630.0,-0.0118,0.004,-0.0215,-0.1065,-0.0089,-0.1221,1596.9052,1698.0194,False,0.0207,0.8668,1880.455,1113.3333,0.0198,71.8424,163000.0,0.9041,0.3606,旭化成,プライム（内国株式）,化学
3409,2026-10-02,77.0,-0.0253,-0.0494,-0.163,-0.0833,-0.1504,-0.099,86.48,90.4933,False,-0.1096,0.3348,230.0,70.0,0.0464,0.0539,7700.0,1.3232,0.504,北紡,スタンダード（内国株式）,繊維製品
340A,2026-10-02,338.0,0.006,0.0562,0.0562,0.0368,0.0689,0.0211,324.4,320.4,False,0.0419,0.6365,531.0,299.0,0.0264,0.0282,33800.0,0.4097,0.2912,ジグザグ,グロース（内国株式）,情報・通信業
3415,2026-10-02,350.0,-0.0196,-0.0169,-0.0515,-0.0169,-0.0389,-0.0325,357.04,372.3333,True,-0.0197,0.71,492.9412,324.0,0.0278,1.22,35000.0,0.717,0.175,ＴＯＫＹＯ　ＢＡＳＥ,プライム（内国株式）,小売業
3416,2026-10-02,900.0,-0.0011,0.0216,-0.0228,0.0843,-0.0102,0.0687,903.36,860.76,True,-0.0037,0.8595,1047.1602,782.0,0.013,0.0162,90000.0,1.0204,0.3585,ピクスタ,スタンダード（内国株式）,小売業
3417,2026-10-02,993.0,-0.002,-0.002,-0.0424,-0.1289,-0.0298,-0.1446,1013.24,1074.5733,False,-0.02,0.69,1439.1673,985.0,0.0119,0.0668,99300.0,0.4061,0.2461,大木ヘルスケアホールディングス,スタンダード（内国株式）,卸売業
3418,2026-10-02,1050.0,-0.0028,0.0019,0.0,-0.0667,0.0126,-0.0824,1050.88,1080.4148,False,-0.0008,0.91,1153.8988,1001.2637,0.0086,0.1365,105000.0,0.5053,0.1433,バルニバービ,グロース（内国株式）,小売業
341A,2026-10-02,2097.0,-0.0524,-0.1299,-0.0038,0.034,0.0088,0.0184,2197.88,2063.1867,True,-0.0459,0.7465,2809.0,1755.0,0.0393,1.0667,209700.0,1.0317,0.4383,トヨコー,グロース（内国株式）,建設業
3420,2026-10-02,1545.0,-0.0071,-0.0159,-0.0283,0.0171,-0.0157,0.0014,1572.44,1576.4267,True,-0.0175,0.9035,1710.0,1410.6521,0.0094,0.0478,154500.0,0.607,0.4049,ケー・エフ・シー,スタンダード（内国株式）,金属製品
3421,2026-10-02,1595.0,-0.0081,-0.0209,-0.0807,-0.0856,-0.0681,-0.1013,1675.48,1709.7343,False,-0.048,0.8926,1786.8284,1517.9932,0.015,0.4756,159500.0,0.7255,0.2083,稲葉製作所,スタンダード（内国株式）,金属製品
3422,2026-10-02,657.0,-0.0238,0.0529,0.038,0.3412,0.0506,0.3255,618.8057,554.8245,True,0.0617,0.9095,722.3768,327.4451,0.0333,0.2687,65700.0,0.8624,0.461,Ｊ－ＭＡＸ,スタンダード（内国株式）,金属製品
3423,2026-10-02,265.0,0.0,0.0,-0.0399,-0.0149,-0.0272,-0.0305,271.6,270.28,True,-0.0243,0.791,335.0,248.6956,0.0119,0.0473,26500.0,1.9955,0.3818,エスイー,スタンダード（内国株式）,金属製品
3426,2026-10-02,1307.0,0.0015,0.0069,0.0046,0.0077,0.0172,-0.008,1298.64,1295.4169,True,0.0064,0.9195,1421.453,1256.8023,0.0042,0.0095,130700.0,1.4118,0.2026,アトムリビンテック,スタンダード（内国株式）,金属製品
3431,2026-10-02,1494.0,-0.0093,-0.0139,-0.0578,-0.0068,-0.0452,-0.0224,1545.0288,1541.0713,True,-0.033,0.7548,1979.4509,1403.9624,0.0142,1.2857,149400.0,1.2792,0.4117,宮地エンジニアリンググループ,プライム（内国株式）,金属製品
3433,2026-10-02,2987.0,0.0108,0.0398,0.1029,-0.0823,0.1155,-0.098,2773.5079,2926.0293,False,0.077,0.8766,3407.4853,1858.8506,0.0203,5.8609,298700.0,0.7797,0.5376,トーカロ,プライム（内国株式）,金属製品
3434,2026-10-02,1221.0,-0.0065,-0.0058,-0.0034,0.0039,0.0093,-0.0118,1225.8192,1214.1686,True,-0.0039,0.9038,1350.912,1098.0366,0.007,0.054,122100.0,0.8879,0.2547,アルファＣｏ,スタンダード（内国株式）,金属製品
3435,2026-10-02,1517.0,0.014,-0.0149,0.0147,0.0653,0.0273,0.0496,1512.16,1453.92,True,0.0032,0.9699,1564.0,1172.9051,0.0193,0.0484,151700.0,1.0232,0.3389,サンコーテクノ,スタンダード（内国株式）,金属製品
3436,2026-10-02,3588.0,0.0334,0.1511,0.0817,-0.2956,0.0943,-0.3113,3173.38,3721.6169,False,0.1307,0.6041,5939.0,1120.1768,0.0513,340.1889,358800.0,0.6921,0.432,ＳＵＭＣＯ,プライム（内国株式）,金属製品
3437,2026-10-02,2622.0,0.0019,-0.015,-0.0161,0.0157,-0.0035,-0.0,2639.8529,2646.8845,False,-0.0068,0.6953,3770.8934,2532.5745,0.0078,0.0091,262200.0,0.8261,0.38,特殊電極,スタンダード（内国株式）,金属製品
3439,2026-10-02,684.0,0.0,0.0103,0.0044,-0.0201,0.017,-0.0357,677.96,674.0547,True,0.0089,0.8787,778.4503,586.6165,0.0057,0.0092,68400.0,0.9737,0.3309,三ツ知,スタンダード（内国株式）,金属製品
343A,2026-10-02,1290.0,0.0,-0.019,-0.0235,-0.0792,-0.0108,-0.0949,1306.04,1346.64,True,-0.0123,0.7541,1710.6742,1100.6966,0.0203,0.084,129000.0,1.0742,0.2525,ＩＡＣＥトラベル,スタンダード（内国株式）,サービス業
3440,2026-10-02,841.0,-0.021,-0.0389,-0.0454,-0.0553,-0.0328,-0.0709,870.1582,872.3279,False,-0.0335,0.7518,1118.7056,812.7349,0.0131,0.1205,84100.0,0.7306,0.3545,日創グループ,スタンダード（内国株式）,金属製品
3441,2026-10-02,1719.0,-0.0244,-0.0461,-0.3904,-0.4859,-0.3778,-0.5016,2349.64,2704.3853,False,-0.2684,0.4077,4216.4509,922.7163,0.083,2.2915,171900.0,2.472,0.1914,山王,スタンダード（内国株式）,金属製品
3443,2026-10-02,1360.0,-0.0102,-0.0222,-0.0068,0.0288,0.0059,0.0131,1367.8751,1323.3456,True,-0.0058,0.7614,1786.2921,1112.1612,0.0219,2.7296,136000.0,0.7184,0.2596,川田テクノロジーズ,プライム（内国株式）,金属製品
3444,2026-10-02,1119.0,0.0045,0.0517,0.0992,-0.0675,0.1118,-0.0832,1071.12,1040.72,False,0.0447,0.5952,1880.0,297.1955,0.0832,8.7709,111900.0,1.2132,0.2169,菊池製作所,スタンダード（内国株式）,金属製品
3445,2026-10-02,6350.0,0.0047,0.0376,0.1239,-0.2485,0.1365,-0.2642,5752.0,6490.4,False,0.104,0.7341,8650.0,3415.0,0.0413,10.6892,635000.0,0.7444,0.5105,ＲＳ　Ｔｅｃｈｎｏｌｏｇｉｅｓ,プライム（内国株式）,金属製品
3446,2026-10-02,1570.0,-0.012,-0.0032,0.009,-0.1618,0.0216,-0.1774,1586.48,1617.0533,False,-0.0104,0.6245,2514.0,1120.0,0.0281,0.2643,157000.0,0.5074,0.2723,ジェイテックコーポレーション,スタンダード（内国株式）,金属製品
3447,2026-10-02,958.0,-0.0073,-0.0381,-0.0512,0.0171,-0.0386,0.0014,991.6044,970.234,True,-0.0339,0.9117,1050.7538,779.6227,0.0125,0.3268,95800.0,1.207,0.4306,信和,スタンダード（内国株式）,金属製品
3449,2026-10-02,4505.0,-0.0044,0.0227,0.1507,-0.4411,0.1633,-0.4567,4105.8,5440.3342,False,0.0972,0.4209,10703.6131,1544.4056,0.045,5.2988,450500.0,0.8305,0.3968,テクノフレックス,スタンダード（内国株式）,金属製品
3452,2026-10-02,1393.0,-0.036,-0.038,-0.0799,-0.0485,-0.0673,-0.0642,1456.88,1463.7733,True,-0.0438,0.7631,1825.5352,1330.0,0.0151,0.8528,139300.0,0.9888,0.3986,ビーロット,スタンダード（内国株式）,不動産業
3454,2026-10-02,1265.0,-0.0055,-0.0071,-0.0247,0.0437,-0.012,0.0281,1267.36,1249.0533,True,-0.0019,0.9731,1300.0,1092.9618,0.0124,0.0549,126500.0,0.9722,0.2673,ファーストブラザーズ,スタンダード（内国株式）,不動産業
3457,2026-10-02,834.0,-0.0425,-0.0855,-0.1137,-0.1203,-0.1011,-0.1359,916.88,937.53,False,-0.0904,0.7645,1090.8989,833.0,0.0146,1.2614,83400.0,1.5961,0.7778,Ａｎｄ　Ｄｏホールディングス,プライム（内国株式）,不動産業
3461,2026-10-02,561.0,-0.0175,-0.0969,-0.081,0.0009,-0.0684,-0.0147,604.8852,582.5529,True,-0.0726,0.8808,636.8993,486.983,0.025,0.0641,56100.0,1.9985,0.5428,パルマ,スタンダード（内国株式）,不動産業
3465,2026-10-02,3105.0,-0.0111,-0.0325,-0.1098,-0.1445,-0.0971,-0.1602,3262.7662,3503.6294,False,-0.0484,0.7748,4007.3067,2422.5774,0.0199,4.7052,310500.0,1.038,0.313,ケイアイスター不動産,プライム（内国株式）,不動産業
3467,2026-10-02,2718.0,-0.0258,-0.0423,-0.0827,0.0245,-0.0701,0.0088,2832.08,2735.3467,True,-0.0403,0.897,3030.0,2068.0518,0.0213,0.1528,271800.0,0.679,0.263,アグレ都市デザイン,スタンダード（内国株式）,不動産業
3469,2026-10-02,897.0,0.0079,0.009,0.0022,0.0124,0.0149,-0.0033,890.2,910.9886,False,0.0076,0.8774,1022.341,846.5181,0.0119,0.0286,89700.0,1.0332,0.2161,デュアルタップ,スタンダード（内国株式）,不動産業
3474,2026-10-02,596.0,0.0,0.0034,-0.0181,0.0896,-0.0055,0.0739,598.36,573.6267,True,-0.0039,0.8871,671.8867,526.0,0.0056,0.0138,59600.0,0.7104,0.1787,Ｇ－ＦＡＣＴＯＲＹ,グロース（内国株式）,不動産業
3475,2026-10-02,1480.0,-0.002,-0.0067,-0.0371,-0.0007,-0.0245,-0.0163,1492.6,1493.0933,True,-0.0084,0.8009,1848.0,1081.0,0.0213,2.2083,148000.0,1.5283,0.1647,グッドコムアセット,プライム（内国株式）,不動産業
3479,2026-10-02,1824.0,-0.0167,-0.0318,-0.0194,0.0654,-0.0067,0.0497,1880.36,1828.2133,True,-0.03,0.7522,2425.0,1457.0,0.0211,0.8514,182400.0,0.465,0.2779,ＴＫＰ,グロース（内国株式）,不動産業
3482,2026-10-02,2470.0,-0.0276,-0.0511,-0.0558,-0.0714,-0.0432,-0.0871,2562.8,2660.96,False,-0.0362,0.6491,3805.0,2448.0,0.0181,2.386,247000.0,0.8747,0.3305,ロードスターキャピタル,プライム（内国株式）,不動産業
3484,2026-10-02,1249.0,-0.0048,0.0297,0.0675,0.0861,0.0801,0.0704,1182.6,1123.4667,True,0.0561,0.9334,1338.1468,1020.3734,0.0289,0.0914,124900.0,1.5558,0.1937,イノベーションホールディングス,スタンダード（内国株式）,不動産業
3486,2026-10-02,1895.0,-0.0549,-0.0738,-0.0415,0.0,-0.0289,-0.0157,1981.48,1920.3333,True,-0.0436,0.6494,2918.1123,1676.0,0.0237,1.5896,189500.0,1.5375,0.3901,グローバル・リンク・マネジメント,プライム（内国株式）,不動産業
3489,2026-10-02,744.0,-0.0262,-0.0437,-0.1319,-0.0312,-0.1192,-0.0469,803.84,791.9333,True,-0.0744,0.8158,911.9359,679.0,0.0172,0.4171,74400.0,0.8141,0.4536,フェイスネットワーク,スタンダード（内国株式）,不動産業
3490,2026-10-02,3170.0,0.0177,0.0445,0.0462,0.0602,0.0588,0.0445,3072.4,3053.52,True,0.0318,0.9592,3305.0,2683.8901,0.0116,0.0384,317000.0,0.4976,0.4214,アズ企画設計,スタンダード（内国株式）,不動産業
3491,2026-10-02,1286.0,0.0031,0.0158,-0.1809,-0.1001,-0.1683,-0.1157,1434.72,1415.3333,False,-0.1037,0.543,2368.4402,1214.0,0.0462,4.2035,128600.0,1.5987,0.2241,ＧＡ　ｔｅｃｈｎｏｌｏｇｉｅｓ,グロース（内国株式）,不動産業
3494,2026-10-02,415.0,0.0,-0.0739,-0.0467,0.1147,-0.034,0.0991,439.2403,413.3688,True,-0.0552,0.8601,482.4949,312.2073,0.0179,0.0399,41500.0,0.9813,0.6175,マリオン,スタンダード（内国株式）,不動産業
3495,2026-10-02,2251.0,0.0,0.0073,-0.0136,-0.0365,-0.0009,-0.0521,2263.6619,2304.6122,False,-0.0056,0.8686,2591.4916,2208.0414,0.0141,0.0157,225100.0,1.7731,0.2937,香陵住販,スタンダード（内国株式）,不動産業
3496,2026-10-02,4640.0,-0.0313,-0.0276,-0.0245,0.0846,-0.0119,0.0689,4750.5777,4528.7805,True,-0.0233,0.7654,6061.976,3863.562,0.0301,1.9771,464000.0,0.8279,0.2007,アズーム,プライム（内国株式）,不動産業
3498,2026-10-02,7480.0,-0.0093,-0.0093,0.0027,0.0831,0.0153,0.0674,7453.4447,7149.4885,True,0.0036,0.7018,10658.0958,5397.6202,0.0328,18.4642,748000.0,0.7375,0.3052,霞ヶ関キャピタル,プライム（内国株式）,不動産業
3501,2026-10-02,1156.0,-0.0128,-0.0351,-0.0269,0.0538,-0.0143,0.0381,1178.88,1140.9333,True,-0.0194,0.8106,1426.0209,1041.0,0.0132,0.1978,115600.0,0.722,0.3484,ＳＵＭＩＮＯＥ,プライム（内国株式）,繊維製品
350A,2026-10-02,666.0,-0.022,-0.0263,-0.1644,-0.1418,-0.1517,-0.1574,743.96,757.1067,False,-0.1048,0.6195,1075.0,656.0,0.0518,5.6606,66600.0,1.2428,0.2058,デジタルグリッド,グロース（内国株式）,電気・ガス業
3512,2026-10-02,1023.0,0.0069,-0.0084,0.01,-0.0046,0.0226,-0.0202,1019.2877,963.3425,True,0.0036,0.943,1084.8871,556.6294,0.0406,0.2044,102300.0,1.1571,0.252,日本フエルト,スタンダード（内国株式）,繊維製品
3513,2026-10-02,3625.0,-0.0109,-0.0302,0.1258,0.021,0.1384,0.0054,3473.1421,3368.3954,True,0.0437,0.8695,4169.0971,1876.8232,0.0369,0.127,362500.0,1.1698,0.3101,イチカワ,スタンダード（内国株式）,繊維製品
3521,2026-10-02,157.0,-0.0063,0.0,0.0064,0.0467,0.019,0.031,156.68,153.1867,True,0.002,0.8601,182.5349,141.0,0.0082,0.0237,15700.0,1.0078,0.2333,テルマー湯ホールディングス,スタンダード（内国株式）,サービス業
3524,2026-10-02,1472.0,-0.0047,-0.0067,-0.0088,0.0455,0.0039,0.0298,1483.24,1459.9333,True,-0.0076,0.9293,1583.963,1385.8469,0.004,0.0356,147200.0,0.9494,0.2732,日東製網,スタンダード（内国株式）,繊維製品
3529,2026-10-02,1021.0,-0.0135,0.0069,-0.0377,-0.0794,-0.0251,-0.095,1039.36,1031.6267,True,-0.0177,0.7995,1277.0,809.0,0.0438,0.6366,102100.0,1.4739,0.4137,アツギ,スタンダード（内国株式）,繊維製品
352A,2026-10-02,532.0,-0.0075,-0.0037,-0.0075,0.0535,0.0052,0.0378,538.2,516.68,True,-0.0115,0.4389,1212.0,430.0,0.0252,0.0204,53200.0,0.4282,0.216,ＬＯＩＶＥ,グロース（内国株式）,サービス業
3536,2026-10-02,128.0,0.0,0.0159,0.0,0.0001,0.0126,-0.0155,127.5188,127.8161,False,0.0038,0.7223,177.2093,123.062,0.0089,0.0115,12800.0,0.4018,0.2625,アクサスホールディングス,スタンダード（内国株式）,小売業
3537,2026-10-02,1743.0,0.0104,-0.0428,-0.0108,0.0693,0.0018,0.0537,1750.88,1690.4933,True,-0.0045,0.9174,1900.0,1456.0789,0.0243,0.1048,174300.0,3.1442,0.473,昭栄薬品,スタンダード（内国株式）,卸売業
3538,2026-10-02,1001.0,-0.0186,-0.0375,-0.0282,0.1085,-0.0155,0.0929,1020.4,965.4989,True,-0.019,0.9495,1054.2261,866.2483,0.0173,0.1168,100100.0,0.8178,0.2881,ウイルプラスホールディングス,スタンダード（内国株式）,小売業
3539,2026-10-02,1468.0,0.0,0.0124,0.0075,0.1996,0.0202,0.184,1432.0,1353.826,True,0.0251,0.8109,1810.3093,1177.1469,0.0262,2.4472,146800.0,0.5887,0.203,ＪＭホールディングス,プライム（内国株式）,小売業
3542,2026-10-02,1569.0,0.0064,0.0051,0.0881,0.1215,0.1007,0.1058,1511.6,1397.04,True,0.038,0.6852,2289.9345,1190.0,0.031,0.2316,156900.0,0.4759,0.2176,ベガコーポレーション,グロース（内国株式）,小売業
3543,2026-10-02,2791.0,-0.0138,-0.0183,-0.0478,0.0073,-0.0351,-0.0084,2879.43,2831.1648,True,-0.0307,0.8822,3163.6939,2644.1667,0.0115,5.4154,279100.0,0.7004,0.3484,コメダホールディングス,プライム（内国株式）,卸売業
3544,2026-10-02,1247.0,0.0,0.0008,-0.0008,0.0081,0.0118,-0.0076,1248.36,1214.96,True,-0.0011,0.939,1328.0,791.0,0.0023,0.1375,124700.0,0.1456,0.239,サツドラホールディングス,スタンダード（内国株式）,小売業
3547,2026-10-02,1930.0,-0.0173,-0.0097,0.0212,0.2436,0.0338,0.2279,1902.4,1751.9867,True,0.0145,0.7545,2558.053,1440.0,0.0148,0.5099,193000.0,0.7888,0.294,ユニシアホールディングス,スタンダード（内国株式）,小売業
3548,2026-10-02,641.0,0.0094,-0.039,-0.1022,-0.1361,-0.0896,-0.1518,683.4,717.5733,False,-0.062,0.822,779.8133,632.0,0.0123,1.1221,64100.0,1.4969,0.5218,バロックジャパンリミテッド,プライム（内国株式）,小売業
3549,2026-10-02,4411.0,0.1886,0.1173,0.0835,0.18,0.0961,0.1644,4034.04,3910.9333,True,0.0934,0.9276,4755.1395,3351.0,0.0345,14.4418,441100.0,1.7242,0.5043,クスリのアオキホールディングス,スタンダード（内国株式）,小売業
3550,2026-10-02,223.0,-0.0045,0.0324,0.0324,-0.0346,0.045,-0.0503,216.96,219.4,False,0.0278,0.9386,237.6,180.8889,0.0119,0.0275,22300.0,1.1283,0.4919,スタジオアタオ,グロース（内国株式）,小売業
3551,2026-10-02,1550.0,-0.0019,-0.0039,-0.0537,0.1742,-0.0411,0.1586,1585.2,1463.44,True,-0.0222,0.936,1656.0,897.728,0.0191,0.2626,155000.0,0.6543,0.2841,ダイニック,スタンダード（内国株式）,繊維製品
3553,2026-10-02,879.0,-0.0157,-0.0241,-0.0335,0.0374,-0.0209,0.0217,900.0594,875.1234,True,-0.0234,0.7665,1146.8068,790.0855,0.0132,0.3461,87900.0,0.9516,0.3148,共和レザー,スタンダード（内国株式）,化学
3556,2026-10-02,760.0,-0.0281,-0.0629,-0.05,-0.0013,-0.0374,-0.017,798.76,801.3067,True,-0.0485,0.5766,1318.0,718.0,0.0197,0.2829,76000.0,0.6441,0.4,リネットジャパングループ,グロース（内国株式）,小売業
3557,2026-10-02,500.0,0.0,-0.0099,-0.0347,-0.0602,-0.0221,-0.0758,511.88,536.5867,False,-0.0232,0.498,1004.0,499.0,0.0064,0.0267,50000.0,0.7616,0.4044,ユナイテッド＆コレクティブ,グロース（内国株式）,小売業
3558,2026-10-02,1826.0,-0.0209,-0.0364,-0.0022,0.1463,0.0104,0.1306,1849.88,1714.3733,True,-0.0129,0.784,2329.0,1220.1228,0.0219,1.4541,182600.0,0.6883,0.2595,ジェイドグループ,グロース（内国株式）,小売業
3559,2026-10-02,443.0,-0.0199,-0.0242,-0.0514,0.0675,-0.0388,0.0518,457.32,430.04,True,-0.0313,0.7597,583.1237,375.0,0.0308,0.02,44300.0,0.3722,0.2859,ピーバンドットコム,スタンダード（内国株式）,卸売業
3560,2026-10-02,5090.0,-0.0078,-0.0212,0.192,0.1571,0.2047,0.1414,4597.9554,4355.3189,True,0.107,0.9732,5230.0,2939.2577,0.0296,0.2184,509000.0,1.4932,0.627,ほぼ日,スタンダード（内国株式）,小売業
3561,2026-10-02,1366.0,-0.0173,-0.0807,-0.1383,-0.1093,-0.1256,-0.1249,1507.0602,1548.4827,True,-0.0936,0.7873,1734.9517,1295.839,0.0144,1.6793,136600.0,1.8976,0.6995,力の源ホールディングス,プライム（内国株式）,小売業
3562,2026-10-02,1561.0,-0.0145,-0.0182,-0.0189,0.0133,-0.0062,-0.0023,1576.071,1537.6861,True,-0.0096,0.6497,2402.8141,1385.43,0.0124,0.2056,156100.0,0.5009,0.2325,Ｎｏ．１,スタンダード（内国株式）,卸売業
3563,2026-10-02,5067.0,-0.0041,0.034,-0.1578,0.0956,-0.1451,0.08,5366.3476,5300.2126,True,-0.0558,0.8292,6110.7701,3109.6697,0.0376,151.8941,506700.0,1.3037,0.2465,ＦＯＯＤ　＆　ＬＩＦＥ　ＣＯＭＰＡＮＩＥＳ,プライム（内国株式）,小売業
3565,2026-10-02,482.0,-0.0341,-0.0512,0.0169,0.1662,0.0295,0.1505,488.68,438.996,True,-0.0137,0.8327,578.8238,329.9985,0.0476,1.3552,48200.0,1.0806,0.2442,アセンテック,スタンダード（内国株式）,卸売業
3566,2026-10-02,717.0,-0.0042,-0.0097,-0.0615,-0.1672,-0.0489,-0.1829,730.24,803.92,False,-0.0181,0.6764,1060.0,580.7362,0.0199,0.0518,71700.0,0.4282,0.217,ユニフォームネクスト,グロース（内国株式）,小売業
3569,2026-10-02,3255.0,-0.0136,-0.0126,-0.0724,-0.0469,-0.0598,-0.0626,3303.2356,3302.5661,False,-0.0146,0.9095,3578.8844,2881.6609,0.0176,4.7088,325500.0,0.8084,0.2134,セーレン,プライム（内国株式）,繊維製品
3571,2026-10-02,697.0,-0.0099,-0.0153,-0.0327,0.0042,-0.02,-0.0115,709.3933,700.1931,True,-0.0175,0.894,779.6385,663.7563,0.0123,0.0356,69700.0,1.1521,0.2457,ソトー,スタンダード（内国株式）,繊維製品
3577,2026-10-02,927.0,0.0109,0.0065,-0.0128,-0.0138,-0.0002,-0.0295,929.64,931.4133,False,-0.0028,0.8712,1064.0,857.1125,0.0076,0.019,92700.0,0.7222,0.2143,東海染工,スタンダード（内国株式）,繊維製品
3580,2026-10-02,718.0,-0.0191,-0.0427,-0.0563,0.0116,-0.0437,-0.004,744.7296,723.5048,True,-0.0359,0.7994,898.2058,669.4425,0.016,0.451,71800.0,0.9665,0.3467,小松マテーレ,プライム（内国株式）,繊維製品
3591,2026-10-02,3605.0,-0.028,-0.0797,-0.1392,-0.1738,-0.1265,-0.1895,3975.0234,4214.9013,False,-0.0931,0.6328,5696.9233,3605.0,0.0207,5.6098,360500.0,1.5671,0.5299,ワコールホールディングス,プライム（内国株式）,繊維製品
3597,2026-10-02,8940.0,0.0022,-0.0056,-0.0197,0.0056,-0.0071,-0.01,9002.8,9089.1956,False,-0.007,0.9015,9916.4297,8720.0,0.0095,0.1555,894000.0,0.6837,0.1882,自重堂,スタンダード（内国株式）,繊維製品
3598,2026-10-02,157.0,-0.0063,-0.0542,-0.0599,-0.0063,-0.0473,-0.022,164.36,161.3067,True,-0.0448,0.8486,185.0,152.0,0.0191,0.0301,15700.0,1.4538,0.3667,山喜,スタンダード（内国株式）,繊維製品
3600,2026-10-02,1760.0,-0.0222,-0.0056,0.0233,0.0227,0.0359,0.007,1744.88,1722.44,True,0.0087,0.9778,1800.0,1528.9204,0.0049,0.0025,176000.0,0.773,0.9333,フジックス,スタンダード（内国株式）,繊維製品
3607,2026-10-02,354.0,-0.0084,-0.0432,0.0028,0.0461,0.0155,0.0304,358.6415,357.1672,True,-0.0129,0.8551,414.0,297.8057,0.0295,0.1639,35400.0,2.4876,0.6041,クラウディアホールディングス,スタンダード（内国株式）,繊維製品
3608,2026-10-02,1194.0,-0.0108,-0.0417,-0.0635,0.0136,-0.0509,-0.0021,1238.08,1220.4933,True,-0.0356,0.7758,1539.0,906.5087,0.0165,2.7605,119400.0,1.0278,0.3564,ＴＳＩホールディングス,プライム（内国株式）,繊維製品
3611,2026-10-02,2356.0,-0.0183,-0.0208,-0.0534,-0.0419,-0.0408,-0.0576,2426.32,2450.6133,True,-0.029,0.863,2730.0,1906.6135,0.0162,0.6378,235600.0,0.6843,0.2097,マツオカコーポレーション,スタンダード（内国株式）,繊維製品
3612,2026-10-02,1535.0,-0.0179,-0.0454,-0.0635,-0.0215,-0.0508,-0.0372,1598.3266,1583.2455,True,-0.0396,0.9049,1696.3965,1276.6437,0.0161,4.0633,153500.0,0.6838,0.3612,ワールド,プライム（内国株式）,繊維製品
3622,2026-10-02,490.0,-0.0101,-0.02,-0.0258,-0.0239,-0.0132,-0.0396,496.44,498.8267,False,-0.013,0.7143,685.9573,478.0,0.0115,0.0145,49000.0,0.9994,0.2127,ネットイヤーグループ,スタンダード（内国株式）,情報・通信業
3623,2026-10-02,1271.0,-0.0155,-0.0031,-0.0185,0.2093,-0.0059,0.1937,1269.44,1124.0667,True,0.0012,0.9629,1320.0,945.8476,0.0232,0.2203,127100.0,0.555,0.1695,ビリングシステム,グロース（内国株式）,情報・通信業
3624,2026-10-02,86.0,0.0118,-0.0337,-0.0115,0.0617,0.0011,0.0461,87.84,77.56,True,-0.0209,0.637,135.0,48.0,0.0839,0.8434,8600.0,0.7969,0.2356,アクセルマーク,グロース（内国株式）,情報・通信業
3625,2026-10-02,722.0,-0.0123,0.0042,0.0776,0.3103,0.0902,0.2947,678.92,622.1676,True,0.0635,0.8669,832.8417,512.518,0.0305,0.0909,72200.0,0.4043,0.3409,テックファームホールディングス,グロース（内国株式）,情報・通信業
3626,2026-10-02,4032.0,0.0213,0.0158,0.011,0.2461,0.0237,0.2304,3920.8697,3608.1316,True,0.0283,0.7649,5271.2552,2824.061,0.0266,38.4577,403200.0,1.0788,0.2466,ＴＩＳＩ,プライム（内国株式）,情報・通信業
3627,2026-10-02,269.0,-0.011,0.0075,0.0075,-0.0072,0.0201,-0.0229,266.5203,267.8806,False,0.0093,0.809,332.5,241.1866,0.0175,0.0459,26900.0,1.0799,0.3394,テクミラホールディングス,スタンダード（内国株式）,情報・通信業
3628,2026-10-02,722.0,0.007,-0.0137,0.1836,0.4498,0.1962,0.4341,665.88,593.6,True,0.0843,0.9665,747.0,422.0,0.0387,0.0866,72200.0,1.2509,0.333,データホライゾン,グロース（内国株式）,情報・通信業
3632,2026-10-02,415.0,-0.0166,-0.0189,-0.0235,0.048,-0.0109,0.0323,419.84,402.5737,True,-0.0115,0.9562,434.0,336.6,0.0186,2.1713,41500.0,0.7796,0.2333,グリーホールディングス,プライム（内国株式）,情報・通信業
3633,2026-10-02,2661.0,-0.0141,0.0298,0.0023,0.5671,0.0149,0.5515,2588.64,2068.64,True,0.028,0.968,2749.0,1556.0,0.0235,0.5242,266100.0,1.0405,0.3124,ＧＭＯペパボ,スタンダード（内国株式）,情報・通信業
3634,2026-10-02,698.0,0.1672,0.1653,0.1672,0.2668,0.1798,0.2511,598.72,583.7733,True,0.1658,0.634,1101.0,536.0,0.0204,0.0257,69800.0,1.7258,0.795,ソケッツ,スタンダード（内国株式）,情報・通信業
3635,2026-10-02,1645.5,-0.0048,-0.0153,-0.0532,0.0518,-0.0406,0.0361,1674.86,1607.06,True,-0.0175,0.7867,2091.686,1417.5,0.0207,14.2751,164550.0,0.835,0.292,コーエーテクモホールディングス,プライム（内国株式）,情報・通信業
3636,2026-10-02,4845.0,0.001,-0.0072,-0.0557,0.0858,-0.043,0.0701,4881.5909,4686.1283,True,-0.0075,0.9354,5179.6876,4300.0251,0.0167,1.7229,484500.0,0.7227,0.2375,三菱総合研究所,プライム（内国株式）,情報・通信業
3639,2026-10-02,232.0,-0.0085,-0.0085,0.0087,0.0043,0.0213,-0.0113,233.12,227.2,True,-0.0048,0.725,320.0,198.0,0.0126,0.0104,23200.0,0.3616,0.2732,ボルテージ,スタンダード（内国株式）,情報・通信業
3640,2026-10-02,2684.0,-0.0078,-0.0321,-0.0628,0.1482,-0.0502,0.1325,2764.8518,2558.8803,True,-0.0292,0.7144,3757.0893,2176.3696,0.0175,0.2557,268400.0,1.2313,0.3562,電算,スタンダード（内国株式）,情報・通信業
3641,2026-10-02,999.0,0.002,0.004,0.0111,0.0278,0.0238,0.0121,991.64,967.5333,True,0.0074,0.8996,1110.5135,893.5622,0.005,0.0397,99900.0,0.8491,0.16,パピレス,スタンダード（内国株式）,情報・通信業
3645,2026-10-02,254.0,-0.0078,-0.0193,-0.0117,0.0583,0.001,0.0427,259.84,247.7867,False,-0.0225,0.7998,317.5972,225.0,0.0264,0.4964,25400.0,0.2871,0.2681,メディカルネット,グロース（内国株式）,情報・通信業
3646,2026-10-02,342.0,-0.0058,-0.05,-0.1,0.0395,-0.0874,0.0238,351.76,339.2,True,-0.0277,0.7897,433.0707,291.9798,0.0155,0.0314,34200.0,0.7402,0.4351,駅探,スタンダード（内国株式）,情報・通信業
3647,2026-10-02,115.0,0.0,-0.0086,-0.065,-0.0086,-0.0524,-0.0243,119.48,117.56,True,-0.0375,0.4812,239.0,106.0,0.028,0.0934,11500.0,0.1999,0.3111,アスリナ,スタンダード（内国株式）,情報・通信業
3648,2026-10-02,1041.0,0.001,-0.0104,-0.0241,-0.0546,-0.0115,-0.0703,1048.3661,1057.7924,True,-0.007,0.6741,1544.2985,979.2135,0.0131,0.0881,104100.0,0.9473,0.2592,ＡＧＳ,スタンダード（内国株式）,情報・通信業
3649,2026-10-02,848.0,-0.0197,-0.044,-0.007,0.0367,0.0056,0.021,861.04,844.5744,True,-0.0151,0.8659,979.3388,705.2902,0.03,0.5573,84800.0,0.7488,0.2989,ファインデックス,プライム（内国株式）,情報・通信業
3652,2026-10-02,3080.0,-0.0508,0.0033,0.1961,0.2796,0.2087,0.2639,2720.16,2527.8533,False,0.1323,0.7847,3925.0,1940.0,0.0655,2.0659,308000.0,2.116,0.4556,ディジタルメディアプロフェッショナル,グロース（内国株式）,情報・通信業
3653,2026-10-02,983.0,0.0134,-0.116,0.1364,0.6356,0.149,0.6199,1101.96,795.5733,True,-0.108,0.5855,1679.0,557.0,0.1472,27.4171,98300.0,0.7683,0.2149,モルフォ,グロース（内国株式）,情報・通信業
3656,2026-10-02,177.0,-0.0167,-0.0275,-0.1061,-0.0923,-0.0934,-0.108,183.96,204.0533,False,-0.0378,0.3969,446.0,171.0,0.0299,3.3543,17700.0,0.3622,0.227,ＫＬａｂ,プライム（内国株式）,情報・通信業
3657,2026-10-02,332.0,-0.0541,-0.1075,-0.1027,0.021,-0.0901,0.0054,365.28,340.9213,True,-0.0911,0.8384,396.0,274.3882,0.0364,1.1765,33200.0,1.7374,0.5633,ポールトゥウィンホールディングス,プライム（内国株式）,情報・通信業
3659,2026-10-02,2685.0,0.0107,-0.0035,-0.0312,0.3565,-0.0186,0.3408,2695.9988,2292.9751,True,-0.0041,0.7102,3780.3862,1798.9659,0.0268,100.4146,268500.0,1.382,0.2944,ネクソン,プライム（内国株式）,情報・通信業
365A,2026-10-02,777.0,-0.0115,-0.0165,-0.0127,0.0757,-0.0001,0.06,786.0779,760.5063,True,-0.0115,0.9725,799.0,516.0946,0.0113,0.2466,77700.0,0.6654,0.2618,伊澤タオル,スタンダード（内国株式）,繊維製品
3660,2026-10-02,481.0,-0.0302,-0.0021,-0.0976,0.2333,-0.0849,0.2177,502.72,449.7992,True,-0.0432,0.8453,569.0,354.0274,0.0321,4.7161,48100.0,0.7267,0.2722,アイスタイル,プライム（内国株式）,情報・通信業
3661,2026-10-02,804.0,-0.0207,0.0025,-0.044,0.072,-0.0314,0.0563,812.52,772.4133,True,-0.0105,0.745,1079.2215,590.0,0.026,3.4902,80400.0,0.6575,0.1959,エムアップホールディングス,プライム（内国株式）,情報・通信業
3662,2026-10-02,937.0,-0.0158,0.0032,-0.0526,-0.0683,-0.04,-0.084,949.68,960.3152,True,-0.0134,0.7447,1258.2649,872.5727,0.0139,0.7621,93700.0,0.5286,0.2231,エイチームホールディングス,プライム（内国株式）,情報・通信業
3663,2026-10-02,1793.0,-0.005,-0.0287,-0.099,-0.0528,-0.0864,-0.0685,1846.88,1854.8929,True,-0.0292,0.8482,2114.0,1228.2914,0.0293,3.4973,179300.0,0.8101,0.3386,セルシス,プライム（内国株式）,情報・通信業
3664,2026-10-02,25.0,0.0,0.0,-0.0741,0.0417,-0.0615,0.026,25.0,23.6667,False,0.0,0.3333,75.0,20.0,0.0771,9.461,2500.0,1.3213,0.2593,ＷＩＺＥ,グロース（内国株式）,情報・通信業
3665,2026-10-02,406.0,-0.0217,-0.0049,-0.0688,0.0278,-0.0562,0.0122,418.24,405.1733,True,-0.0293,0.8217,494.1176,340.0,0.0197,0.6705,40600.0,0.8344,0.1875,エニグモ,プライム（内国株式）,情報・通信業
3667,2026-10-02,28.0,0.0,0.0,0.037,-0.0667,0.0497,-0.0823,27.52,28.2933,False,0.0174,0.2456,114.0,25.0,0.0485,0.0448,2800.0,0.1489,0.1474,ｅｎｉｓｈ,スタンダード（内国株式）,情報・通信業
3668,2026-10-02,408.0,-0.0377,-0.0973,-0.0706,0.0355,-0.058,0.0199,434.72,404.96,True,-0.0615,0.8101,503.6109,347.0,0.0285,2.1794,40800.0,1.189,0.4638,コロプラ,プライム（内国株式）,情報・通信業
366A,2026-10-02,1160.0,-0.0128,-0.0285,-0.0437,0.0672,-0.0311,0.0515,1165.48,1094.08,True,-0.0047,0.7091,1635.9029,869.2692,0.024,0.2987,116000.0,0.9959,0.2951,ウェルネス・コミュニケーションズ,グロース（内国株式）,サービス業
3671,2026-10-02,310.0,-0.0159,0.0131,0.0,0.0231,0.0126,0.0074,306.72,308.4667,True,0.0107,0.7663,404.54,270.0,0.0214,0.047,31000.0,0.5391,0.2559,ソフトマックス,スタンダード（内国株式）,情報・通信業
3672,2026-10-02,30.0,0.0345,0.0714,0.0345,0.1111,0.0471,0.0954,28.96,28.1067,False,0.0359,0.3488,86.0,25.0,0.0429,0.0356,3000.0,0.5558,0.1556,オルトプラス,スタンダード（内国株式）,情報・通信業
3673,2026-10-02,464.0,-0.0149,-0.0273,-0.0333,0.0816,-0.0207,0.0659,473.28,440.6683,True,-0.0196,0.868,534.5783,283.1285,0.0316,3.3984,46400.0,0.6167,0.2868,ブロードリーフ,プライム（内国株式）,情報・通信業
3674,2026-10-02,331.0,0.0,-0.0236,-0.0434,0.0312,-0.0307,0.0155,338.2,326.8533,True,-0.0213,0.8922,371.0,308.0,0.014,0.0432,33100.0,2.1877,0.3662,オークファン,グロース（内国株式）,情報・通信業
3675,2026-10-02,581.0,-0.0186,-0.0317,-0.0537,-0.0153,-0.0411,-0.0309,599.92,594.9295,True,-0.0315,0.8367,694.3718,530.921,0.0145,0.1533,58100.0,0.7433,0.3678,クロス・マーケティンググループ,スタンダード（内国株式）,情報・通信業
3676,2026-10-02,1051.0,0.0,0.001,-0.0066,0.4032,0.006,0.3875,1055.52,888.8133,True,-0.0043,0.9915,1060.0,680.0,0.0028,2.1697,105100.0,0.6281,0.4098,デジタルハーツホールディングス,プライム（内国株式）,情報・通信業
3678,2026-10-02,1140.0,-0.0412,-0.0799,-0.119,-0.1377,-0.1064,-0.1533,1246.68,1278.64,False,-0.0856,0.5981,1906.1655,1140.0,0.0237,0.4757,114000.0,1.3682,0.4889,メディアドゥ,プライム（内国株式）,情報・通信業
3679,2026-10-02,423.0,-0.0186,-0.0408,-0.0744,0.0818,-0.0618,0.0662,444.04,420.6533,True,-0.0474,0.7473,566.0328,371.0,0.0206,2.0326,42300.0,1.5638,0.4131,じげん,プライム（内国株式）,情報・通信業
367A,2026-10-02,2845.0,-0.0223,-0.0142,-0.0346,-0.0595,-0.022,-0.0752,2847.1398,2781.5838,True,-0.0008,0.9405,3024.9473,1733.259,0.0234,1.0934,284500.0,0.5912,0.3567,プリモグローバルホールディングス,スタンダード（内国株式）,小売業
3680,2026-10-02,206.0,0.0098,0.0049,-0.0096,-0.0374,0.003,-0.0531,205.84,211.1878,False,0.0008,0.6473,318.2377,189.1246,0.0139,0.0872,20600.0,1.3133,0.21,ホットリンク,グロース（内国株式）,情報・通信業
3682,2026-10-02,610.0,0.0099,0.041,0.0167,0.0235,0.0293,0.0078,587.92,593.92,True,0.0376,0.867,703.5743,555.0,0.0129,0.0245,61000.0,0.5389,0.4073,エンカレッジ・テクノロジ,スタンダード（内国株式）,情報・通信業
3683,2026-10-02,1065.0,-0.0175,-0.0121,-0.0723,0.0076,-0.0597,-0.0081,1103.72,1070.76,True,-0.0351,0.6748,1578.1863,940.0,0.0195,0.1815,106500.0,0.6078,0.2366,サイバーリンクス,スタンダード（内国株式）,情報・通信業
3686,2026-10-02,59.0,0.0172,-0.0167,-0.0167,-0.2133,-0.004,-0.229,60.32,65.04,False,-0.0219,0.3758,157.0,56.0,0.0593,0.319,5900.0,2.7977,0.6286,ディー・エル・イー,スタンダード（内国株式）,情報・通信業
3687,2026-10-02,2283.0,-0.0044,0.0364,0.0496,-0.0324,0.0622,-0.0481,2194.7411,2242.9407,False,0.0402,0.6241,3658.2759,1175.8035,0.0317,11.9854,228300.0,0.6328,0.2441,フィックスターズ,プライム（内国株式）,情報・通信業
368A,2026-10-02,1367.0,-0.0277,-0.0494,-0.0893,-0.0058,-0.0767,-0.0215,1443.76,1402.84,True,-0.0532,0.8309,1645.147,1155.0,0.0243,1.3458,136700.0,0.8184,0.3485,北里,プライム（内国株式）,精密機器
3690,2026-10-02,542.0,-0.0018,-0.0403,-0.0285,0.024,-0.0159,0.0083,563.4689,541.5052,True,-0.0381,0.8269,655.4659,502.6882,0.0155,0.0735,54200.0,1.3483,0.4127,イルグルム,スタンダード（内国株式）,情報・通信業
3691,2026-10-02,1791.0,-0.0138,-0.0484,-0.0623,0.0888,-0.0497,0.0731,1863.6,1671.2667,True,-0.039,0.7251,2470.0,1081.0,0.0461,0.3118,179100.0,0.8622,0.2831,デジタルプラス,グロース（内国株式）,情報・通信業
3692,2026-10-02,7600.0,0.0013,-0.0355,0.3287,0.4126,0.3413,0.397,6601.4,5572.4667,True,0.1513,0.5523,13761.6083,4395.0,0.0787,22.1187,760000.0,1.9215,0.2091,ＦＦＲＩセキュリティ,グロース（内国株式）,情報・通信業
3694,2026-10-02,472.0,0.0,-0.0207,0.0466,0.1626,0.0592,0.1469,453.8,426.92,True,0.0401,0.7295,647.0,380.0,0.0321,0.8866,47200.0,1.3962,0.2377,オプティム,プライム（内国株式）,情報・通信業
3695,2026-10-02,1602.0,-0.0279,-0.067,0.098,0.1218,0.1106,0.1062,1585.88,1505.1867,False,0.0102,0.7203,2224.0,1403.0,0.0328,0.1858,160200.0,1.1476,0.2435,ＧＭＯプロダクトプラットフォーム,グロース（内国株式）,情報・通信業
3696,2026-10-02,2284.0,0.0825,0.0302,0.0274,0.0897,0.0401,0.074,2181.0,2101.2533,True,0.0472,0.8331,2741.4285,1393.0,0.0267,2.2816,228400.0,0.8652,0.3758,セレス,プライム（内国株式）,情報・通信業
3697,2026-10-02,890.4,0.0334,0.0181,-0.0512,0.2621,-0.0385,0.2464,883.0065,809.0514,True,0.0084,0.656,1357.2197,587.4979,0.0358,37.3941,89040.0024,0.6111,0.2565,ＳＨＩＦＴ,プライム（内国株式）,情報・通信業
3698,2026-10-02,1212.0,-0.0154,0.005,-0.0089,0.0074,0.0038,-0.0082,1203.8536,1173.2974,True,0.0068,0.8373,1447.5939,876.5137,0.0154,0.0646,121200.0,0.5678,0.2022,ＣＲＩ・ミドルウェア,スタンダード（内国株式）,情報・通信業
369A,2026-10-02,2722.0,-0.0184,-0.0029,0.0976,0.2265,0.1102,0.2108,2615.9072,2375.661,True,0.0406,0.6993,3892.6007,1914.708,0.0279,0.294,272200.0,0.936,0.2697,エータイ,グロース（内国株式）,サービス業
3708,2026-10-02,2093.0,-0.0256,-0.0522,-0.0187,0.092,-0.0061,0.0764,2132.5711,2023.2049,True,-0.0186,0.9411,2223.9423,1380.3671,0.0205,1.3912,209300.0,1.2004,0.3359,特種東海製紙,プライム（内国株式）,パルプ・紙
3710,2026-10-02,641.0,0.0,0.0063,0.0078,0.0535,0.0204,0.0378,634.1885,619.6899,True,0.0107,0.821,780.7623,551.358,0.0068,0.0231,64100.0,0.7951,0.4526,ジョルダン,スタンダード（内国株式）,情報・通信業
3712,2026-10-02,974.0,-0.0112,-0.0171,-0.1021,0.0786,-0.0895,0.063,1026.202,976.3533,True,-0.0509,0.7328,1329.1052,817.0462,0.0231,0.0508,97400.0,0.5028,0.4451,情報企画,スタンダード（内国株式）,情報・通信業
3719,2026-10-02,114.0,-0.042,0.0,-0.0579,-0.3736,-0.0452,-0.3893,115.96,144.1867,False,-0.0169,0.2181,522.752,109.0,0.032,0.249,11400.0,0.5431,0.2196,ＡＩストーム,スタンダード（内国株式）,情報・通信業
3723,2026-10-02,2576.0,-0.0054,-0.0964,-0.0565,-0.0826,-0.0439,-0.0983,2731.0854,2695.8555,True,-0.0568,0.849,3034.1249,1296.3535,0.0338,0.4948,257600.0,1.4528,0.4741,日本ファルコム,グロース（内国株式）,情報・通信業
3726,2026-10-02,336.0,0.0,-0.1158,-0.1683,-0.0482,-0.1557,-0.0638,387.92,375.7333,True,-0.1338,0.5217,644.0,314.0,0.0236,0.0999,33600.0,2.1367,0.845,フォーシーズＨＤ,スタンダード（内国株式）,小売業
3727,2026-10-02,161.0,-0.0301,-0.0062,0.0063,0.1583,0.0189,0.1426,164.44,148.36,True,-0.0209,0.624,258.0,121.0,0.0306,0.1074,16100.0,0.5736,0.2638,アプリックス,グロース（内国株式）,情報・通信業
372A,2026-10-02,5600.0,-0.0141,0.0,-0.0088,0.1178,0.0038,0.1021,5579.2,5380.8667,True,0.0037,0.8728,6416.4312,4765.0,0.0166,0.2389,560000.0,0.5764,0.2477,レント,スタンダード（内国株式）,サービス業
3733,2026-10-02,11530.0,-0.0052,-0.0335,-0.0835,-0.0162,-0.0708,-0.0319,12021.6,11353.8667,True,-0.0409,0.7796,14790.0,9720.0,0.0221,0.5892,1153000.0,0.3311,0.3098,ソフトウェア・サービス,スタンダード（内国株式）,情報・通信業
373A,2026-10-02,1538.0,0.0145,0.026,0.052,0.0065,0.0646,-0.0091,1478.12,1491.0133,False,0.0405,0.4162,3695.0,1455.0,0.0082,0.0385,153800.0,0.8798,0.7557,リップス,グロース（内国株式）,化学
3741,2026-10-02,3240.0,-0.0015,-0.0107,-0.0167,0.0031,-0.0041,-0.0126,3214.8,3154.7467,False,0.0078,0.7431,4360.0,2202.5079,0.0278,2.0845,324000.0,0.6407,0.3111,セック,プライム（内国株式）,情報・通信業
3744,2026-10-02,456.0,-0.0236,-0.0256,-0.0044,-0.1264,0.0083,-0.1421,460.4,482.08,False,-0.0096,0.7204,633.0,405.0,0.0133,0.054,45600.0,0.3486,0.2471,サイオス,スタンダード（内国株式）,情報・通信業
3747,2026-10-02,423.0,0.0368,0.0393,-0.0186,0.0444,-0.0059,0.0288,414.84,411.3333,False,0.0197,0.3895,1086.0,370.0,0.0213,0.1277,42300.0,0.6915,0.3556,インタートレード,スタンダード（内国株式）,情報・通信業
3750,2026-10-02,795.0,-0.0038,-0.0756,-0.0625,0.0232,-0.0499,0.0075,824.6,801.7467,True,-0.0359,0.8377,949.0,759.0,0.0212,0.0591,79500.0,1.2916,0.4686,ＡＤＲバイオメディカルホールディングス,スタンダード（内国株式）,情報・通信業
3753,2026-10-02,220.0,0.028,0.0732,-0.0795,0.2644,-0.0669,0.2487,220.52,199.2533,True,-0.0024,0.8302,265.0,125.0,0.0419,0.2929,22000.0,0.4059,0.293,フライトソリューションズ,スタンダード（内国株式）,情報・通信業
3758,2026-10-02,247.0,-0.008,-0.004,-0.0198,0.0739,-0.0072,0.0582,247.68,240.8533,True,-0.0027,0.7958,310.3972,224.0,0.0127,0.0326,24700.0,0.5734,0.2227,アエリア,スタンダード（内国株式）,情報・通信業
3760,2026-10-02,726.0,0.0,0.0055,0.0041,0.0967,0.0168,0.081,716.0,703.2933,True,0.014,0.7626,952.0,591.0,0.0233,0.0758,72600.0,0.5632,0.2835,ケイブ,スタンダード（内国株式）,情報・通信業
3762,2026-10-02,2516.0,0.0048,0.0013,0.0215,0.3993,0.0341,0.3836,2429.0583,2125.1406,True,0.0358,0.9863,2551.0,1596.5735,0.025,6.1488,251600.0,1.1027,0.1587,テクマトリックス,プライム（内国株式）,情報・通信業
3763,2026-10-02,2080.0,-0.0024,-0.0048,-0.0597,0.1614,-0.0471,0.1457,2102.16,1946.8133,True,-0.0105,0.8254,2520.0,1311.0081,0.0393,1.2344,208000.0,0.9389,0.2325,プロシップ,プライム（内国株式）,情報・通信業
3765,2026-10-02,2380.0,-0.0169,-0.0438,-0.094,0.0055,-0.0814,-0.0102,2503.32,2395.24,True,-0.0493,0.8631,2757.6579,2125.0,0.0233,5.5824,238000.0,0.745,0.3419,ガンホー・オンライン・エンターテイメント,プライム（内国株式）,情報・通信業
3766,2026-10-02,1538.0,0.0013,0.0247,0.0931,0.1418,0.1057,0.1261,1462.76,1405.6,True,0.0514,0.979,1571.0,1148.6999,0.0316,0.0467,153800.0,2.2012,0.2837,システムズ・デザイン,スタンダード（内国株式）,情報・通信業
3768,2026-10-02,550.0,0.0,-0.0368,-0.03,-0.0143,-0.0174,-0.03,560.76,560.04,True,-0.0192,0.8916,616.8895,478.9394,0.0192,0.0182,55000.0,1.3412,0.3784,リスクモンスター,スタンダード（内国株式）,情報・通信業
3769,2026-10-02,8484.0,-0.0136,-0.0481,-0.0658,-0.1101,-0.0532,-0.1257,8702.672,9059.731,True,-0.0251,0.8274,10254.0108,6752.6414,0.0249,27.17,848400.0,1.0222,0.2559,ＧＭＯペイメントゲートウェイ,プライム（内国株式）,情報・通信業
3771,2026-10-02,1857.0,-0.0107,-0.0467,-0.0482,0.0248,-0.0356,0.0092,1904.96,1849.9867,True,-0.0252,0.8487,2188.1703,1601.7791,0.0207,1.9435,185700.0,1.5297,0.2623,システムリサーチ,プライム（内国株式）,情報・通信業
3772,2026-10-02,1056.0,-0.0075,-0.0452,-0.0452,0.0,-0.0326,-0.0157,1094.64,1070.8133,True,-0.0353,0.9245,1142.2836,994.1007,0.0134,0.2493,105600.0,1.4568,0.4455,ウェルス・マネジメント,スタンダード（内国株式）,不動産業
3773,2026-10-02,1051.0,-0.0214,0.0174,-0.025,-0.0608,-0.0124,-0.0764,1053.32,1068.0267,True,-0.0022,0.8802,1194.0,889.0,0.0229,0.314,105100.0,0.777,0.2409,アドバンスト・メディア,グロース（内国株式）,情報・通信業
3774,2026-10-02,3465.0,0.0035,0.0063,0.0243,0.0537,0.0369,0.0381,3341.6764,3345.5076,True,0.0369,0.9553,3627.1942,2068.2702,0.0215,15.1964,346500.0,0.8613,0.172,インターネットイニシアティブ,プライム（内国株式）,情報・通信業
3776,2026-10-02,265.0,-0.0149,0.0433,0.06,-0.0925,0.0726,-0.1081,250.44,258.4806,False,0.0581,0.8746,303.0,154.7561,0.0358,1.0251,26500.0,1.3192,0.6211,ブロードバンドタワー,スタンダード（内国株式）,情報・通信業
3777,2026-10-02,46.0,-0.0213,0.0455,-0.0417,-0.08,-0.029,-0.0957,46.0,47.9867,False,0.0,0.561,82.0,39.0,0.0466,0.4218,4600.0,0.7629,0.2333,環境フレンドリーホールディングス,グロース（内国株式）,情報・通信業
3778,2026-10-02,3930.0,-0.0175,0.048,0.0369,0.3956,0.0496,0.3799,3712.4,3326.24,True,0.0586,0.9034,4350.0,2448.0,0.0424,27.4734,393000.0,0.6596,0.3388,さくらインターネット,プライム（内国株式）,情報・通信業
3779,2026-10-02,120.0,0.0,-0.0164,-0.0769,-0.1111,-0.0643,-0.1268,126.52,129.76,False,-0.0515,0.5581,215.0,117.0,0.0304,0.0314,12000.0,1.2174,0.3569,ジェイ・エスコムホールディングス,スタンダード（内国株式）,情報・通信業
3788,2026-10-02,1967.0,-0.003,-0.0447,-0.0566,-0.0367,-0.044,-0.0524,1999.0,2085.16,True,-0.016,0.7996,2459.9814,1830.0,0.0239,0.7943,196700.0,1.2659,0.2596,ＧＭＯグローバルサイン・ホールディングス,プライム（内国株式）,情報・通信業
378A,2026-10-02,913.0,-0.013,0.0088,-0.075,-0.1685,-0.0624,-0.1842,935.44,1010.6621,False,-0.024,0.6104,1495.7804,794.8166,0.0194,0.5079,91300.0,0.6428,0.1806,ヒット,グロース（内国株式）,サービス業
3791,2026-10-02,1120.0,0.0173,0.0285,0.0467,-0.1908,0.0594,-0.2064,1065.96,1144.12,False,0.0507,0.7203,1554.9604,930.0,0.0235,0.5911,112000.0,0.4371,0.3842,ＩＧポート,スタンダード（内国株式）,情報・通信業
3793,2026-10-02,554.0,-0.0018,-0.016,0.0414,0.3285,0.054,0.3129,529.52,462.2,True,0.0462,0.9568,579.0,372.0,0.0331,0.6821,55400.0,1.2622,0.2615,ドリコム,グロース（内国株式）,情報・通信業
3796,2026-10-02,292.0,-0.0135,-0.1361,-0.0846,0.0542,-0.072,0.0385,321.16,296.8267,True,-0.0908,0.7192,406.0,228.9653,0.0369,0.1251,29200.0,1.9266,0.5099,いい生活,スタンダード（内国株式）,情報・通信業
3798,2026-10-02,534.0,-0.0129,-0.0413,-0.0184,-0.0309,-0.0058,-0.0465,541.04,539.3467,True,-0.013,0.6342,842.0112,465.3738,0.0254,1.1641,53400.0,1.0123,0.3242,ＵＬＳグループ,スタンダード（内国株式）,情報・通信業
3799,2026-10-02,1110.0,0.0018,-0.0187,-0.0109,0.0924,0.0017,0.0767,1111.7533,1071.0236,True,-0.0016,0.8875,1250.6995,942.4227,0.0128,0.0756,111000.0,1.5847,0.3632,キーウェアソリューションズ,スタンダード（内国株式）,情報・通信業
3800,2026-10-02,1951.0,-0.0046,0.0043,0.0043,0.0156,0.0169,-0.0001,1939.3442,1929.5072,True,0.006,0.9724,2006.4152,1820.4602,0.0067,0.044,195100.0,0.9899,0.4103,ユニリタ,スタンダード（内国株式）,情報・通信業
3802,2026-10-02,481.0,-0.0082,-0.0475,-0.0399,0.0021,-0.0273,-0.0136,500.12,490.56,True,-0.0382,0.9204,522.6062,421.3938,0.0107,0.0107,48100.0,1.2045,0.6028,エコミック,スタンダード（内国株式）,情報・通信業
3803,2026-10-02,611.0,-0.1561,-0.1358,-0.0255,0.3168,-0.0129,0.3011,630.96,543.2,True,-0.0316,0.5808,1052.0,405.0,0.1079,0.5143,61100.0,2.8452,0.4778,イメージ情報開発,グロース（内国株式）,情報・通信業
3804,2026-10-02,450.0,-0.0044,0.0045,-0.0281,0.0227,-0.0155,0.0071,457.2,445.4933,False,-0.0157,0.638,705.294,407.0,0.0221,0.026,45000.0,1.4909,0.2417,システム　ディ,スタンダード（内国株式）,情報・通信業
3807,2026-10-02,88.0,-0.0222,-0.0435,0.0233,0.0,0.0359,-0.0157,88.92,87.24,False,-0.0103,0.5752,153.0,79.0,0.0276,0.252,8800.0,1.126,0.2882,フィスコ,グロース（内国株式）,情報・通信業
3810,2026-10-02,184.0,-0.0213,-0.0213,0.0575,-0.0213,0.0701,-0.0369,182.68,185.92,False,0.0072,0.408,451.0,146.0,0.0411,0.8721,18400.0,0.3028,0.1981,サイバーステップホールディングス,スタンダード（内国株式）,情報・通信業
3815,2026-10-02,432.0,0.0023,0.0,0.0117,-0.027,0.0243,-0.0427,432.8,442.5067,False,-0.0018,0.812,532.0,421.0,0.0073,0.0288,43200.0,0.5607,0.2864,メディア工房,グロース（内国株式）,情報・通信業
3816,2026-10-02,1098.0,-0.0161,0.0,-0.036,-0.0041,-0.0234,-0.0197,1118.16,1110.9716,True,-0.018,0.9343,1175.2565,1061.173,0.0101,0.0128,109800.0,0.9101,0.3252,大和コンピューター,スタンダード（内国株式）,情報・通信業
3817,2026-10-02,4710.0,-0.0167,-0.0097,-0.0287,0.0567,-0.016,0.0411,4733.4041,4592.0055,True,-0.0049,0.8386,5616.7602,4182.8574,0.0156,1.7715,471000.0,1.0732,0.254,ＳＲＡホールディングス,プライム（内国株式）,情報・通信業
3823,2026-10-02,39.0,-0.025,-0.0714,0.2188,0.2188,0.2314,0.2031,36.48,32.9067,True,0.0691,0.4875,80.0,28.0,0.1227,2.8946,3900.0,2.8658,0.3552,ＴＨＥ　ＷＨＹ　ＨＯＷ　ＤＯ　ＣＯＭＰＡＮＹ,スタンダード（内国株式）,情報・通信業
3825,2026-10-02,250.0,-0.0272,0.0121,0.0417,0.3298,0.0543,0.3141,236.8,215.4667,True,0.0557,0.7004,356.9604,148.0,0.0394,3.0989,25000.0,0.7228,0.4768,リミックスポイント,スタンダード（内国株式）,小売業
3826,2026-10-02,494.0,-0.002,-0.01,-0.01,0.1279,0.0026,0.1122,496.84,471.32,True,-0.0057,0.935,528.3449,406.4942,0.0147,0.048,49400.0,0.518,0.2471,システムインテグレータ,スタンダード（内国株式）,情報・通信業
3834,2026-10-02,585.0,-0.0168,-0.0192,-0.0335,-0.0304,-0.0209,-0.0461,598.0792,605.8407,True,-0.0219,0.8479,689.9799,573.9523,0.0096,0.3435,58500.0,1.3276,0.3193,朝日ネット,プライム（内国株式）,情報・通信業
3835,2026-10-02,425.0,-0.0162,0.0059,-0.0214,0.0628,-0.0087,0.0471,426.197,414.7501,True,-0.0028,0.8734,486.6114,373.9523,0.0151,0.2451,42500.0,1.0364,0.2094,ｅＢＡＳＥ,プライム（内国株式）,情報・通信業
3836,2026-10-02,1210.0,0.0058,-0.0041,0.0117,0.0333,0.0243,0.0176,1203.56,1178.2576,True,0.0054,0.6534,1851.9339,1024.9698,0.018,0.8994,121000.0,0.837,0.3167,アバントグループ,プライム（内国株式）,情報・通信業
3837,2026-10-02,1301.0,-0.0218,-0.027,-0.0541,-0.0924,-0.0415,-0.108,1348.5304,1395.9568,False,-0.0352,0.6906,1883.8839,1213.8228,0.0196,1.1385,130100.0,0.6851,0.2607,アドソル日進,プライム（内国株式）,情報・通信業
3839,2026-10-02,626.0,0.0032,-0.0035,-0.0221,0.0108,-0.0095,-0.0048,630.3316,628.2002,True,-0.0069,0.9005,695.1759,578.985,0.0167,0.0355,62600.0,2.0326,0.3991,ＯＤＫソリューションズ,スタンダード（内国株式）,情報・通信業
3840,2026-10-02,64.0,0.0323,0.0,0.0323,0.0159,0.0449,0.0002,61.24,59.3067,True,0.0451,0.5872,109.0,51.0,0.0346,0.094,6400.0,1.0399,0.2258,パス,スタンダード（内国株式）,情報・通信業
3841,2026-10-02,1300.0,-0.0076,-0.024,-0.0668,0.04,-0.0541,0.0243,1333.32,1268.9333,True,-0.025,0.9091,1430.0,992.6074,0.0188,0.0194,130000.0,0.2801,0.2,ジーダット,スタンダード（内国株式）,情報・通信業
3842,2026-10-02,1370.0,-0.0007,0.1033,0.3299,0.4837,0.3425,0.468,1147.7601,1016.7266,True,0.1936,0.992,1381.0,867.019,0.0381,0.111,137000.0,2.1609,0.4769,ネクストジェン,スタンダード（内国株式）,情報・通信業
3843,2026-10-02,1635.0,-0.0168,-0.0279,-0.0747,0.0885,-0.0621,0.0729,1711.56,1617.4267,True,-0.0447,0.8984,1820.0,1317.0,0.0244,0.6088,163500.0,0.9175,0.2634,フリービット,プライム（内国株式）,情報・通信業
3844,2026-10-02,1265.0,-0.0163,-0.0358,-0.0641,-0.043,-0.0514,-0.0587,1307.925,1328.1504,False,-0.0328,0.7444,1699.4176,1203.2075,0.0229,4.057,126500.0,1.3271,0.3262,コムチュア,プライム（内国株式）,情報・通信業
3845,2026-10-02,325.0,-0.0152,-0.0091,0.0417,0.5854,0.0543,0.5697,310.8,252.5333,True,0.0457,0.942,345.0,177.0,0.0508,0.3909,32500.0,0.6801,0.2424,アイフリークモバイル,スタンダード（内国株式）,情報・通信業
3848,2026-10-02,853.0,0.0024,0.0191,-0.0081,0.0428,0.0045,0.0271,840.04,826.32,False,0.0154,0.6962,1225.2353,764.8088,0.0167,0.021,85300.0,1.3413,0.546,データ・アプリケーション,スタンダード（内国株式）,情報・通信業
3850,2026-10-02,3865.0,-0.0039,-0.0128,0.0225,0.2468,0.0351,0.2311,3805.6,3335.48,True,0.0156,0.941,4107.5385,2501.0,0.0309,1.5311,386500.0,0.8289,0.2347,エヌ・ティ・ティ・データ・イントラマート,スタンダード（内国株式）,情報・通信業
3851,2026-10-02,1352.0,-0.0007,-0.037,-0.0778,0.6172,-0.0651,0.6016,1395.12,1105.5467,True,-0.0309,0.8661,1561.0,758.4583,0.0503,1.862,135200.0,0.4845,0.2632,日本一ソフトウェア,スタンダード（内国株式）,情報・通信業
3853,2026-10-02,1077.0,-0.011,-0.0306,-0.0795,-0.1047,-0.0669,-0.1204,1112.52,1140.16,False,-0.0319,0.3912,2753.0,929.6469,0.0334,1.5954,107700.0,0.5943,0.2278,アステリア,プライム（内国株式）,情報・通信業
3854,2026-10-02,2038.0,-0.0073,-0.053,-0.1871,-0.1087,-0.1745,-0.1244,2235.36,2266.3362,False,-0.0883,0.7392,2757.0603,2023.0,0.0221,3.2967,203800.0,0.7662,0.4149,アイル,プライム（内国株式）,情報・通信業
3858,2026-10-02,328.0,-0.003,0.0218,0.0861,0.0861,0.0987,0.0704,308.2,299.08,False,0.0642,0.6469,507.0,280.0,0.029,0.0898,32800.0,1.2416,0.3895,ユビキタスＡＩ,スタンダード（内国株式）,情報・通信業
3861,2026-10-02,835.4,-0.0107,-0.0258,-0.043,0.0479,-0.0304,0.0323,853.3129,832.9053,True,-0.021,0.8794,949.9498,722.2188,0.0147,30.2567,83540.0024,1.116,0.34,王子ホールディングス,プライム（内国株式）,パルプ・紙
3863,2026-10-02,1328.0,0.0091,0.0,-0.0478,0.0183,-0.0352,0.0027,1326.8675,1341.5092,True,0.0009,0.8269,1605.9398,1027.9512,0.0177,6.6813,132800.0,0.7176,0.2208,日本製紙,プライム（内国株式）,パルプ・紙
3864,2026-10-02,1223.0,-0.0216,0.0016,0.0041,0.2118,0.0167,0.1961,1197.4602,1126.2885,True,0.0213,0.973,1257.0,572.0198,0.0229,1.6615,122300.0,0.7215,0.2709,三菱製紙,プライム（内国株式）,パルプ・紙
3865,2026-10-02,868.0,-0.0192,-0.0448,-0.028,0.0169,-0.0154,0.0012,894.1379,893.2777,True,-0.0292,0.8463,1025.6958,785.7841,0.0181,1.72,86800.0,0.9198,0.3289,北越コーポレーション,プライム（内国株式）,パルプ・紙
386A,2026-10-02,1257.0,0.0032,0.0024,0.0008,-0.0126,0.0134,-0.0282,1253.24,1271.2321,False,0.003,0.5769,2179.0231,1246.0,0.0031,0.0338,125700.0,0.7364,0.3111,みのや,スタンダード（内国株式）,小売業
3877,2026-10-02,2143.0,-0.0206,-0.0203,-0.0251,0.0833,-0.0125,0.0676,2168.4908,2089.1893,True,-0.0118,0.9659,2218.5996,1535.3434,0.0126,0.9475,214300.0,1.096,0.2416,中越パルプ工業,プライム（内国株式）,パルプ・紙
3878,2026-10-02,969.0,-0.0252,0.1189,0.1074,0.2313,0.1201,0.2156,867.72,834.48,True,0.1167,0.9604,1009.0,703.836,0.0314,0.5002,96900.0,1.1803,0.6146,巴川コーポレーション,スタンダード（内国株式）,化学
387A,2026-10-02,927.0,0.0087,-0.0032,-0.019,-0.0344,-0.0064,-0.05,923.16,929.2533,True,0.0042,0.389,2383.0,801.0,0.0118,0.0198,92700.0,0.6314,0.3111,フラー,グロース（内国株式）,情報・通信業
3880,2026-10-02,951.0,-0.0186,-0.0711,-0.0307,0.0243,-0.018,0.0086,973.1478,958.0225,True,-0.0228,0.7751,1226.9935,801.8856,0.0231,3.2463,95100.0,1.7106,0.3586,大王製紙,プライム（内国株式）,パルプ・紙
3891,2026-10-02,7340.0,-0.0041,0.0804,0.1046,-0.2042,0.1172,-0.2199,6532.3996,7405.5303,False,0.1236,0.6662,11018.5258,2082.1125,0.0391,7.8876,734000.0,0.7011,0.4639,ニッポン高度紙工業,スタンダード（内国株式）,パルプ・紙
3892,2026-10-02,1584.0,-0.0063,-0.0131,-0.0031,-0.0441,0.0095,-0.0597,1587.08,1607.4133,False,-0.0019,0.7742,2046.1003,1463.4241,0.016,0.0283,158400.0,0.7155,0.2248,岡山製紙,スタンダード（内国株式）,パルプ・紙
3895,2026-10-02,434.0,0.014,-0.0462,-0.0977,0.0637,-0.0851,0.0481,467.84,438.4,True,-0.0723,0.7627,569.0,365.1868,0.0253,0.096,43400.0,0.1688,0.4273,ハビックス,スタンダード（内国株式）,パルプ・紙
3896,2026-10-02,417.0,-0.0048,-0.0025,0.0244,0.1354,0.037,0.1197,411.7392,384.1379,True,0.0128,0.7236,576.2881,318.5012,0.0174,0.0434,41700.0,0.7026,0.2743,阿波製紙,スタンダード（内国株式）,パルプ・紙
3900,2026-10-02,668.0,-0.0074,0.0121,0.0015,0.1322,0.0141,0.1165,664.64,650.0667,True,0.0051,0.6802,982.0,546.0,0.0297,0.7251,66800.0,1.4802,0.2367,クラウドワークス,グロース（内国株式）,情報・通信業
3901,2026-10-02,1518.0,-0.0104,0.008,-0.0168,0.1588,-0.0042,0.1431,1522.12,1428.56,True,-0.0027,0.7346,2066.3198,1212.0,0.0176,1.0144,151800.0,0.6885,0.2134,マークラインズ,プライム（内国株式）,情報・通信業
3903,2026-10-02,204.0,-0.0097,0.0,-0.2966,-0.1535,-0.2839,-0.1692,238.56,244.7733,False,-0.1449,0.3096,659.0,191.0,0.0609,1.8238,20400.0,1.2113,0.1126,ｇｕｍｉ,プライム（内国株式）,情報・通信業
3904,2026-10-02,429.0,0.0047,0.0288,0.0,0.0567,0.0126,0.041,425.44,414.8267,True,0.0084,0.7133,601.393,374.0,0.0135,0.0363,42900.0,0.6075,0.242,カヤック,グロース（内国株式）,情報・通信業
3905,2026-10-02,2042.0,-0.0154,-0.0169,0.2489,-0.3538,0.2616,-0.3695,1679.72,2471.7733,False,0.2157,0.3326,6140.0,1270.0,0.0773,96.7049,204200.0,1.8382,0.5976,データセクション,グロース（内国株式）,情報・通信業
3907,2026-10-02,1888.0,-0.0465,-0.1136,-0.1014,1.1001,-0.0888,1.0844,2102.52,1447.4133,True,-0.102,0.6319,2988.0,568.0,0.1028,8.2079,188800.0,0.4328,0.286,シリコンスタジオ,スタンダード（内国株式）,情報・通信業
3908,2026-10-02,363.0,0.0028,-0.0027,0.0371,0.1204,0.0498,0.1047,357.2,342.9333,True,0.0162,0.7416,489.4737,270.3947,0.0205,0.0224,36300.0,1.609,0.3365,コラボス,スタンダード（内国株式）,情報・通信業
3909,2026-10-02,206.0,0.0249,0.051,0.0674,0.0619,0.08,0.0462,193.2,195.8533,False,0.0663,0.6113,337.0,181.0,0.0236,0.0142,20600.0,0.4385,0.3294,ショーケース,スタンダード（内国株式）,情報・通信業
3910,2026-10-02,294.0,0.0,0.0138,0.0352,0.05,0.0478,0.0343,286.68,279.2133,True,0.0255,0.916,320.9589,257.0,0.0121,0.0114,29400.0,0.7606,0.448,エムケイシステム,スタンダード（内国株式）,情報・通信業
3911,2026-10-02,167.0,-0.0291,-0.0291,-0.1022,-0.1692,-0.0895,-0.1848,177.28,184.0133,True,-0.058,0.5943,281.0,156.0,0.0214,0.2539,16700.0,0.4187,0.392,Ａｉｍｉｎｇ,グロース（内国株式）,情報・通信業
3912,2026-10-02,1095.0,-0.0027,-0.0144,-0.0344,0.0139,-0.0218,-0.0018,1122.52,1099.8029,True,-0.0245,0.8631,1268.6335,937.7905,0.0181,0.1363,109500.0,2.0547,0.4532,モバイルファクトリー,スタンダード（内国株式）,情報・通信業
3913,2026-10-02,1040.0,-0.0133,-0.0756,-0.1019,0.1207,-0.0893,0.105,1121.48,1035.16,True,-0.0727,0.6718,1548.0,850.0,0.0361,0.0691,104000.0,0.4714,0.3627,ＧｒｅｅｎＢｅｅ,スタンダード（内国株式）,情報・通信業
3914,2026-10-02,2481.0,-0.0221,-0.0538,0.0517,0.0235,0.0643,0.0078,2472.36,2410.2133,False,0.0035,0.5783,4290.0,2208.0,0.0355,0.3405,248100.0,0.7734,0.3318,ＪＩＧ－ＳＡＷ,グロース（内国株式）,情報・通信業
3915,2026-10-02,2225.0,0.0045,-0.025,-0.0874,-0.0237,-0.0747,-0.0394,2313.2,2302.72,False,-0.0381,0.5989,3715.0,1494.0,0.0294,1.9755,222500.0,0.5246,0.2947,テラスカイ,プライム（内国株式）,情報・通信業
3916,2026-10-02,938.0,-0.0157,-0.0239,-0.0379,0.0782,-0.0253,0.0625,949.04,919.3719,True,-0.0116,0.6788,1381.8905,772.4914,0.017,0.7451,93800.0,0.7424,0.2009,デジタル・インフォメーション・テクノロジー,プライム（内国株式）,情報・通信業
3917,2026-10-02,491.0,-0.0141,0.0103,0.0697,0.1746,0.0823,0.159,479.76,460.4267,True,0.0234,0.6754,727.0,393.0,0.025,0.0805,49100.0,0.8579,0.2279,アイリッジ,グロース（内国株式）,情報・通信業
3918,2026-10-02,1167.0,0.0017,-0.0051,-0.0239,-0.0255,-0.0113,-0.0412,1165.2774,1179.4603,False,0.0015,0.7515,1552.89,973.6374,0.0215,0.0879,116700.0,0.8211,0.3706,ＰＣＩホールディングス,スタンダード（内国株式）,情報・通信業
3921,2026-10-02,1599.0,-0.0031,-0.0522,-0.0448,0.0154,-0.0322,-0.0003,1634.6,1595.428,True,-0.0218,0.8218,1945.6875,1414.2972,0.0256,0.2595,159900.0,0.8714,0.2937,ネオジャパン,プライム（内国株式）,情報・通信業
3922,2026-10-02,2144.0,-0.0201,-0.0188,-0.0138,-0.1129,-0.0012,-0.1286,2177.96,2192.4533,False,-0.0156,0.6646,3225.9522,1971.0,0.0176,0.6571,214400.0,0.5946,0.3108,ＰＲ　ＴＩＭＥＳ,プライム（内国株式）,情報・通信業
3923,2026-10-02,1019.0,0.002,-0.0272,-0.1065,-0.0059,-0.0939,-0.0215,1073.04,1034.764,True,-0.0504,0.7373,1382.0577,715.2025,0.0328,17.5848,101900.0,0.8609,0.2884,ラクス,プライム（内国株式）,情報・通信業
3925,2026-10-02,1280.0,-0.0229,-0.0266,-0.0623,0.0552,-0.0496,0.0396,1315.96,1261.5867,True,-0.0273,0.7102,1802.2101,1140.0,0.0181,0.507,128000.0,0.6903,0.2031,ダブルスタンダード,プライム（内国株式）,情報・通信業
3926,2026-10-02,430.0,0.0312,0.0142,0.0565,0.3396,0.0691,0.3239,428.48,383.0933,True,0.0035,0.8687,495.0,225.0,0.0551,0.2054,43000.0,0.5628,0.3036,オープンドア,スタンダード（内国株式）,情報・通信業
3927,2026-10-02,917.0,-0.0022,0.0269,0.049,-0.0072,0.0617,-0.0229,888.1896,922.0963,False,0.0324,0.7315,1253.5891,681.6391,0.0276,0.2142,91700.0,0.959,0.308,フーバーブレイン,スタンダード（内国株式）,情報・通信業
3928,2026-10-02,235.0,-0.0208,-0.0249,-0.0084,0.0262,0.0042,0.0105,238.24,234.2933,False,-0.0136,0.6772,347.0,211.0,0.0191,0.0223,23500.0,0.5306,0.2889,マイネット,スタンダード（内国株式）,情報・通信業
3929,2026-10-02,244.0,0.0041,-0.0615,0.0083,-0.1254,0.0209,-0.1411,244.12,256.8933,False,-0.0005,0.6507,375.0,227.0,0.0237,0.0938,24400.0,0.8791,0.4667,ソーシャルワイヤー,グロース（内国株式）,情報・通信業
3930,2026-10-02,743.0,0.0,-0.0288,-0.0326,-0.3539,-0.0199,-0.3696,769.28,895.6533,False,-0.0342,0.5483,1355.0,716.0,0.0152,0.0729,74300.0,0.2024,0.3101,はてな,グロース（内国株式）,情報・通信業
3931,2026-10-02,1473.0,-0.0067,-0.018,-0.0328,-0.2542,-0.0202,-0.2698,1500.32,1660.1867,False,-0.0182,0.7402,1990.0,1378.6768,0.0064,0.0172,147300.0,0.1921,0.3579,バリューゴルフ,グロース（内国株式）,情報・通信業
3932,2026-10-02,1315.0,0.021,0.0715,0.0379,0.3406,0.0505,0.325,1198.2215,1046.2548,True,0.0975,0.994,1323.0,772.0912,0.0379,3.2931,131500.0,0.9852,0.3451,アカツキ,プライム（内国株式）,情報・通信業
3933,2026-10-02,534.0,0.0,-0.0129,-0.0599,0.1056,-0.0472,0.0899,549.56,509.4,True,-0.0283,0.7188,742.9403,423.0,0.0132,0.0155,53400.0,0.3713,0.2545,チエル,スタンダード（内国株式）,情報・通信業
3934,2026-10-02,2320.0,0.0043,-0.0107,0.0026,0.0087,0.0152,-0.007,2300.8,2259.0933,True,0.0083,0.9166,2531.0,1625.5538,0.0139,0.0334,232000.0,0.9025,0.2084,ベネフィットジャパン,スタンダード（内国株式）,情報・通信業
3935,2026-10-02,715.0,-0.0351,-0.0441,-0.0232,-0.0083,-0.0106,-0.024,722.08,709.8267,True,-0.0098,0.5799,1232.8929,612.0,0.021,0.2013,71500.0,0.6622,0.3,エディア,スタンダード（内国株式）,情報・通信業
3936,2026-10-02,130.0,0.0156,0.0,-0.1275,-0.172,-0.1149,-0.1876,137.08,151.32,False,-0.0516,0.4659,279.0,117.0,0.0297,0.4148,13000.0,0.3743,0.2333,グローバルウェイ,グロース（内国株式）,情報・通信業
3937,2026-10-02,1120.0,-0.0328,-0.0252,-0.099,0.12,-0.0863,0.1043,1180.96,1080.68,True,-0.0516,0.8524,1314.0,873.6256,0.0253,0.6323,112000.0,0.6349,0.2751,Ｕｂｉｃｏｍホールディングス,スタンダード（内国株式）,情報・通信業
3939,2026-10-02,490.0,-0.022,0.0105,-0.051,0.0292,-0.0384,0.0135,491.1687,491.0123,False,-0.0024,0.8562,572.2918,436.8265,0.0167,0.8242,49000.0,1.1902,0.3173,カナミックネットワーク,プライム（内国株式）,情報・通信業
3940,2026-10-02,130.0,-0.0076,-0.0226,0.0,0.1504,0.0126,0.1348,130.92,122.2667,True,-0.007,0.8725,149.0,108.0,0.0258,0.2688,13000.0,0.7352,0.2979,ノムラシステムコーポレーション,スタンダード（内国株式）,情報・通信業
3941,2026-10-02,1511.0,-0.0033,-0.0082,-0.0587,0.0888,-0.0461,0.0731,1525.6383,1481.499,True,-0.0096,0.9227,1637.6421,868.4913,0.0188,13.982,151100.0,1.0323,0.2419,レンゴー,プライム（内国株式）,パルプ・紙
3943,2026-10-02,1312.0,0.0,0.01,0.0131,0.0784,0.0257,0.0627,1300.6981,1265.7496,True,0.0087,0.9086,1443.9075,1176.4528,0.0092,0.0258,131200.0,0.6139,0.2391,大石産業,スタンダード（内国株式）,パルプ・紙
3944,2026-10-02,3100.0,0.0,-0.0096,-0.0476,0.2653,-0.035,0.2496,3162.6,2814.4597,True,-0.0198,0.9509,3260.0,2187.1255,0.0107,0.0132,310000.0,0.3127,0.4366,古林紙工,スタンダード（内国株式）,パルプ・紙
3945,2026-10-02,2191.0,-0.0099,0.0018,0.005,0.0023,0.0177,-0.0134,2181.32,2195.1067,True,0.0044,0.7664,2858.9786,2081.0,0.0088,0.0459,219100.0,0.8086,0.3279,スーパーバッグ,スタンダード（内国株式）,パルプ・紙
3946,2026-10-02,4385.0,-0.0157,-0.021,-0.0113,0.1159,0.0013,0.1002,4355.0781,4247.5088,True,0.0069,0.9272,4729.3582,3066.3963,0.0184,2.6211,438500.0,0.6264,0.2794,トーモク,プライム（内国株式）,パルプ・紙
3947,2026-10-02,2500.0,-0.015,0.0142,0.0012,0.1116,0.0138,0.0959,2480.28,2336.2533,True,0.008,0.9012,2774.0,1960.0,0.0215,0.0875,250000.0,1.4155,0.4667,ダイナパック,スタンダード（内国株式）,パルプ・紙
3948,2026-10-02,1190.0,0.0,0.0042,0.0223,0.0673,0.035,0.0516,1176.8,1143.6736,True,0.0112,0.8757,1358.862,918.9426,0.0085,0.0213,119000.0,0.8501,0.5262,光ビジネスフォーム,スタンダード（内国株式）,パルプ・紙
3950,2026-10-02,1428.0,-0.0063,-0.0165,-0.0618,0.0515,-0.0491,0.0359,1467.92,1427.5368,True,-0.0272,0.9237,1546.0,1151.8359,0.0167,1.2719,142800.0,0.7242,0.3237,ザ・パック,プライム（内国株式）,パルプ・紙
3951,2026-10-02,885.0,-0.0067,-0.0088,-0.0011,0.0343,0.0115,0.0187,889.2234,869.7073,True,-0.0047,0.979,904.0,814.3544,0.0092,0.1573,88500.0,0.7386,0.259,朝日印刷,スタンダード（内国株式）,パルプ・紙
3953,2026-10-02,789.0,-0.0088,-0.0063,-0.0075,0.0382,0.0051,0.0225,791.84,780.3867,True,-0.0036,0.9311,847.374,712.7175,0.008,0.0078,78900.0,0.4873,0.4295,大村紙業,スタンダード（内国株式）,パルプ・紙
3954,2026-10-02,3115.0,0.0114,-0.0048,-0.0264,0.1048,-0.0138,0.0891,3091.8901,2976.8188,True,0.0075,0.9139,3408.3633,2360.3162,0.0149,0.0191,311500.0,0.6525,0.4375,昭和パックス,スタンダード（内国株式）,パルプ・紙
3955,2026-10-02,867.0,-0.0023,-0.008,0.0224,0.0851,0.035,0.0694,856.8,832.24,True,0.0119,0.771,1124.5743,759.0,0.0131,0.0307,86700.0,0.7934,0.1145,イムラ,スタンダード（内国株式）,パルプ・紙
3958,2026-10-02,542.0,0.0,0.0207,-0.0163,-0.0145,-0.0037,-0.0302,545.4,547.0661,False,-0.0062,0.9327,581.1336,506.1162,0.0112,0.0673,54200.0,1.9703,0.3294,笹徳印刷,スタンダード（内国株式）,パルプ・紙
3962,2026-10-02,996.0,-0.0187,-0.005,-0.0283,0.0897,-0.0157,0.074,998.2,965.16,True,-0.0022,0.8437,1180.4565,885.8302,0.0165,1.5187,99600.0,0.6415,0.1887,チェンジホールディングス,プライム（内国株式）,情報・通信業
3963,2026-10-02,328.0,-0.0091,0.0123,-0.0655,0.0186,-0.0529,0.003,333.84,330.36,True,-0.0175,0.4534,723.3948,275.0,0.0327,0.1993,32800.0,0.704,0.224,シンクロ・フード,プライム（内国株式）,情報・通信業
3964,2026-10-02,1352.0,-0.0139,-0.011,-0.0364,-0.0022,-0.0237,-0.0179,1349.96,1385.4005,False,0.0015,0.8495,1591.6031,865.7256,0.0198,5.7703,135200.0,0.8563,0.3219,オークネット,プライム（内国株式）,情報・通信業
3965,2026-10-02,852.0,-0.0047,-0.0299,-0.0501,0.0096,-0.0375,-0.0061,876.8477,853.5886,True,-0.0283,0.9325,913.6564,705.4528,0.0152,0.0757,85200.0,1.9675,0.2649,キャピタル・アセット・プランニング,スタンダード（内国株式）,情報・通信業
3967,2026-10-02,773.0,0.1486,0.342,0.3514,0.3561,0.364,0.3405,585.28,581.1467,True,0.3207,1.0,773.0,540.0,0.0305,0.1142,77300.0,1.3022,0.8952,エルテス,グロース（内国株式）,情報・通信業
3968,2026-10-02,692.0,-0.0072,0.0422,0.063,0.1849,0.0756,0.1693,649.28,608.9164,True,0.0658,0.8784,787.806,475.125,0.0249,1.4834,69200.0,0.8257,0.3834,セグエグループ,プライム（内国株式）,情報・通信業
3969,2026-10-02,1393.0,0.0007,0.0036,0.0079,0.0151,0.0205,-0.0005,1387.8697,1376.5746,True,0.0037,0.8972,1552.5626,1288.3168,0.0073,0.0668,139300.0,1.1006,0.2267,エイトレッド,スタンダード（内国株式）,情報・通信業
3970,2026-10-02,811.0,-0.0049,-0.0252,-0.0624,0.0546,-0.0498,0.0389,843.0,811.8667,True,-0.038,0.8318,975.0,736.0,0.0169,0.0301,81100.0,0.8848,0.3938,イノベーション,スタンダード（内国株式）,情報・通信業
3974,2026-10-02,661.0,0.0046,0.0046,-0.0134,0.1166,-0.0008,0.1009,664.96,628.12,True,-0.006,0.9664,684.0,490.0343,0.0139,0.053,66100.0,2.3835,0.1953,ＳＣＡＴ,スタンダード（内国株式）,情報・通信業
3976,2026-10-02,518.0,0.0117,-0.0928,-0.2128,-0.0832,-0.2001,-0.0989,586.16,581.7867,True,-0.1163,0.6934,747.0,351.0,0.0524,0.2001,51800.0,0.75,0.3832,シャノン,グロース（内国株式）,情報・通信業
3979,2026-10-02,477.0,0.0106,0.0258,0.0438,0.2076,0.0564,0.1919,451.0,419.3467,True,0.0576,0.9876,483.0,326.0,0.0253,0.0492,47700.0,0.6152,0.3065,うるる,グロース（内国株式）,情報・通信業
3981,2026-10-02,1236.0,0.0041,0.0198,0.0041,0.0181,0.0167,0.0025,1221.96,1215.0133,False,0.0115,0.9293,1330.0,1172.0,0.0089,0.0312,123600.0,0.8015,0.2455,ビーグリー,スタンダード（内国株式）,情報・通信業
3983,2026-10-02,1902.0,-0.0016,-0.0011,-0.0789,-0.0969,-0.0663,-0.1125,1959.92,2068.6572,False,-0.0296,0.7185,2647.275,1762.0919,0.0156,0.8188,190200.0,0.6293,0.2019,オロ,プライム（内国株式）,情報・通信業
3984,2026-10-02,1519.0,-0.0257,-0.0641,-0.0052,-0.1528,0.0074,-0.1685,1546.96,1655.0506,False,-0.0181,0.7325,2073.6145,1338.0982,0.0231,1.3629,151900.0,0.6963,0.2965,ユーザーローカル,プライム（内国株式）,情報・通信業
3985,2026-10-02,187.0,-0.0158,-0.065,-0.0361,0.0389,-0.0235,0.0232,191.88,183.1867,True,-0.0254,0.5974,313.0,168.0,0.0172,0.0222,18700.0,1.7625,0.4356,テモナ,スタンダード（内国株式）,情報・通信業
3986,2026-10-02,488.0,-0.024,0.0083,0.0274,0.054,0.04,0.0383,479.52,484.3701,False,0.0177,0.868,562.2364,413.7334,0.0181,0.0243,48800.0,1.0069,0.4403,ビーブレイクシステムズ,スタンダード（内国株式）,情報・通信業
3987,2026-10-02,618.0,-0.0096,-0.0128,-0.0762,0.1075,-0.0636,0.0919,646.44,616.96,True,-0.044,0.7984,774.0,425.0,0.0191,0.0833,61800.0,0.2585,0.2206,エコモット,グロース（内国株式）,情報・通信業
3988,2026-10-02,564.0,0.0292,0.0036,0.0071,0.0698,0.0198,0.0541,558.36,543.1803,True,0.0101,0.8943,630.674,498.6266,0.0301,0.0503,56400.0,1.8599,0.1471,ＳＹＳホールディングス,スタンダード（内国株式）,情報・通信業
3989,2026-10-02,1546.0,0.0,0.0006,-0.019,0.0864,-0.0064,0.0708,1543.2,1409.8667,True,0.0018,0.9502,1627.0,881.2726,0.0047,9.4645,154600.0,1.3793,0.0554,シェアリングテクノロジー,グロース（内国株式）,情報・通信業
3991,2026-10-02,953.0,-0.0083,0.0085,-0.0315,0.0819,-0.0189,0.0663,962.6009,922.533,True,-0.01,0.6805,1400.5208,851.4697,0.019,0.0181,95300.0,0.6298,0.3154,ウォンテッドリー,グロース（内国株式）,情報・通信業
3992,2026-10-02,433.0,-0.0092,-0.0417,-0.0658,0.0195,-0.0531,0.0039,453.1498,436.4447,True,-0.0445,0.735,589.1479,382.0347,0.0163,0.2305,43300.0,1.1424,0.4322,ニーズウェル,プライム（内国株式）,情報・通信業
3993,2026-10-02,3270.0,0.0077,0.0414,-0.0044,0.18,0.0082,0.1643,3175.1071,2950.2808,True,0.0299,0.7266,4500.6438,2476.1017,0.0289,6.2002,327000.0,0.4739,0.2328,ＰＫＳＨＡ　Ｔｅｃｈｎｏｌｏｇｙ,プライム（内国株式）,情報・通信業
3994,2026-10-02,5987.0,-0.0022,0.0389,-0.0477,0.3193,-0.0351,0.3036,6119.0,5420.7733,True,-0.0216,0.8492,7050.0,2750.5,0.0407,32.8048,598700.0,0.8717,0.2669,マネーフォワード,プライム（内国株式）,情報・通信業
3996,2026-10-02,224.0,-0.0088,0.0275,0.0769,0.2444,0.0895,0.2288,210.24,197.1733,True,0.0654,0.549,408.0,165.0,0.0233,0.0819,22400.0,0.2805,0.4411,サインポスト,スタンダード（内国株式）,情報・通信業
3997,2026-10-02,424.0,-0.0297,-0.014,0.0844,0.2619,0.097,0.2462,408.0,376.44,True,0.0392,0.6523,650.0,240.8975,0.0487,0.8402,42400.0,1.4911,0.4796,トレードワークス,スタンダード（内国株式）,情報・通信業
3998,2026-10-02,282.0,-0.007,-0.014,-0.0441,-0.0844,-0.0314,-0.1001,291.8,301.96,False,-0.0336,0.6635,425.0,278.0,0.019,0.0148,28200.0,1.1129,0.3173,すららネット,グロース（内国株式）,情報・通信業
4004,2026-10-02,17280.0,0.0871,0.1754,0.0787,-0.0126,0.0913,-0.0282,15200.6895,15856.4298,False,0.1368,0.8431,20495.0,4919.1981,0.0545,317.8722,1728000.0,0.9356,0.4083,レゾナック・ホールディングス,プライム（内国株式）,化学
4005,2026-10-02,574.8,-0.0091,-0.0057,-0.0601,0.0521,-0.0475,0.0364,572.9587,541.1453,True,0.0032,0.9124,629.992,407.3049,0.0282,64.555,57479.9988,0.7197,0.1834,住友化学,プライム（内国株式）,化学
4008,2026-10-02,1485.0,-0.0126,-0.0225,-0.0098,0.1047,0.0029,0.089,1465.2353,1366.7763,True,0.0135,0.9572,1551.4342,882.9941,0.0196,2.549,148500.0,0.854,0.3391,住友精化,プライム（内国株式）,化学
4011,2026-10-02,2294.0,-0.0188,-0.0209,-0.0394,0.0518,-0.0267,0.0361,2375.72,2173.8533,True,-0.0344,0.5778,3970.0,1840.0,0.0427,1.1021,229400.0,0.7031,0.2412,ヘッドウォータース,グロース（内国株式）,情報・通信業
4012,2026-10-02,1733.0,-0.0313,-0.0017,-0.0142,0.0352,-0.0016,0.0196,1738.24,1706.2533,True,-0.003,0.9564,1812.0,1417.0,0.0204,0.1483,173300.0,1.7283,0.3133,アクシス,スタンダード（内国株式）,情報・通信業
4013,2026-10-02,657.0,0.025,0.0155,-0.0252,-0.0492,-0.0126,-0.0649,651.28,668.0133,True,0.0088,0.4329,1517.5,555.0,0.0242,0.2419,65700.0,1.0219,0.3139,勤次郎,グロース（内国株式）,情報・通信業
4014,2026-10-02,446.0,-0.0176,-0.0022,-0.1238,-0.1203,-0.1111,-0.136,486.52,497.0533,True,-0.0833,0.7458,598.0,385.0,0.0509,0.2465,44600.0,1.8974,0.1673,カラダノート,グロース（内国株式）,情報・通信業
4015,2026-10-02,521.0,-0.0076,-0.0019,0.0156,0.0156,0.0282,-0.0001,518.84,526.0267,True,0.0042,0.7529,692.0,388.0,0.0274,0.1047,52100.0,0.7839,0.203,ペイクラウドホールディングス,グロース（内国株式）,情報・通信業
4016,2026-10-02,1085.0,-0.0064,0.014,0.0255,0.2082,0.0381,0.1926,1060.08,967.1733,True,0.0235,0.855,1268.9537,856.0,0.0141,0.0542,108500.0,1.348,0.2879,ＭＩＴホールディングス,スタンダード（内国株式）,情報・通信業
4017,2026-10-02,210.0,0.0145,-0.0233,-0.0455,0.0194,-0.0328,0.0037,214.0,210.1467,True,-0.0187,0.6818,308.0,191.0,0.0276,0.0161,21000.0,1.1039,0.2765,クリーマ,グロース（内国株式）,情報・通信業
4019,2026-10-02,596.0,-0.0197,-0.0479,-0.1091,-0.0629,-0.0965,-0.0786,631.32,621.0533,True,-0.0559,0.4583,1300.435,545.0,0.0241,0.2423,59600.0,0.8516,0.2995,スタメン,グロース（内国株式）,情報・通信業
4020,2026-10-02,870.0,0.0081,0.0662,0.0235,0.2738,0.0362,0.2581,834.52,746.8933,True,0.0425,0.9335,932.0,651.0,0.0119,0.0124,87000.0,1.0028,0.6276,ビートレンド,グロース（内国株式）,情報・通信業
4021,2026-10-02,8392.0,-0.0073,0.0147,0.0167,-0.0189,0.0293,-0.0346,8061.6273,7965.6926,True,0.041,0.9721,8632.9071,4719.6192,0.0202,42.664,839200.0,0.8751,0.32,日産化学,プライム（内国株式）,化学
4022,2026-10-02,2064.0,-0.0124,0.0969,0.0068,0.0005,0.0194,-0.0152,1941.5919,2021.2112,False,0.063,0.7416,2782.9951,854.088,0.0399,12.7207,206400.0,0.6898,0.4084,ラサ工業,プライム（内国株式）,化学
4023,2026-10-02,3940.0,-0.0223,-0.0288,-0.1338,-0.0098,-0.1212,-0.0254,4244.0008,4136.238,True,-0.0716,0.8454,4660.7222,3418.7654,0.0247,13.6391,394000.0,1.5205,0.3999,クレハ,プライム（内国株式）,化学
4025,2026-10-02,5560.0,-0.033,-0.043,-0.0496,0.121,-0.0369,0.1053,5742.4,5338.3333,True,-0.0318,0.8715,6380.0,3414.9129,0.0356,1.293,556000.0,0.6774,0.2375,多木化学,プライム（内国株式）,化学
4026,2026-10-02,1600.0,0.0038,0.0343,-0.0338,-0.0396,-0.0212,-0.0553,1601.6,1611.8933,False,-0.001,0.7556,2117.5485,1331.5084,0.0231,1.1979,160000.0,0.6238,0.1865,神島化学工業,スタンダード（内国株式）,ガラス・土石製品
4027,2026-10-02,2311.0,-0.0141,-0.0037,-0.0636,-0.0046,-0.051,-0.0202,2335.3847,2307.7994,True,-0.0104,0.9341,2473.956,1146.9794,0.0263,1.1233,231100.0,0.6406,0.1796,テイカ,プライム（内国株式）,化学
4028,2026-10-02,2791.0,-0.0186,-0.02,-0.118,-0.0213,-0.1053,-0.037,2942.0667,2928.2029,False,-0.0513,0.726,3844.1949,2101.6838,0.0192,5.6885,279100.0,0.8588,0.2652,石原産業,プライム（内国株式）,化学
402A,2026-10-02,321.0,-0.0587,-0.4153,-0.3943,-0.4185,-0.3817,-0.4341,509.0,513.0667,False,-0.3694,0.3163,1015.0,317.0,0.0906,8.0117,32100.0,1.1857,0.8496,アクセルスペースホールディングス,グロース（内国株式）,輸送用機器
4031,2026-10-02,1018.0,-0.0378,-0.0513,-0.1047,-0.0378,-0.092,-0.0535,1093.8,1067.2933,False,-0.0693,0.5479,1858.0,840.2278,0.0236,0.1458,101800.0,0.7444,0.4583,片倉コープアグリ,スタンダード（内国株式）,化学
4040,2026-10-02,4000.0,-0.0172,0.005,0.0075,0.1164,0.0202,0.1007,3904.8509,3703.1153,False,0.0244,0.9427,4243.0176,2558.4987,0.0239,0.2668,400000.0,0.7055,0.3961,南海化学,スタンダード（内国株式）,化学
4041,2026-10-02,3665.0,-0.0135,-0.0341,-0.0826,0.0185,-0.07,0.0028,3801.6792,3709.007,True,-0.036,0.9138,4010.8176,3141.807,0.0169,5.4308,366500.0,1.5925,0.3837,日本曹達,プライム（内国株式）,化学
4042,2026-10-02,2603.0,-0.0159,-0.0013,-0.0267,-0.0613,-0.0141,-0.077,2587.2585,2686.2583,False,0.0061,0.8597,3027.6855,2055.1574,0.0164,27.6427,260300.0,0.984,0.2516,東ソー,プライム（内国株式）,化学
4043,2026-10-02,4061.0,-0.0102,-0.0241,-0.0026,-0.1807,0.01,-0.1963,4013.6612,4308.3088,False,0.0118,0.7145,5683.6723,3426.7674,0.0234,20.2304,406100.0,0.7219,0.2344,トクヤマ,プライム（内国株式）,化学
4044,2026-10-02,4490.0,-0.0175,-0.0131,-0.0121,0.0372,0.0005,0.0215,4388.4943,4272.2325,True,0.0231,0.9549,4701.9675,3013.662,0.0282,4.4229,449000.0,1.4668,0.3407,セントラル硝子,プライム（内国株式）,化学
4045,2026-10-02,1792.0,-0.0162,-0.0194,-0.0583,0.0119,-0.0457,-0.0038,1829.08,1798.4093,True,-0.0203,0.9392,1908.0,1403.4093,0.0136,5.0194,179200.0,0.8406,0.2117,東亞合成,プライム（内国株式）,化学
4046,2026-10-02,2036.0,-0.0136,0.0196,-0.0259,0.0923,-0.0133,0.0767,2012.3853,1920.8054,True,0.0117,0.8167,2492.9227,1543.5658,0.0274,6.5587,203600.0,1.0437,0.2774,大阪ソーダ,プライム（内国株式）,化学
4047,2026-10-02,2435.0,-0.0065,0.0221,0.0596,-0.2948,0.0722,-0.3105,2251.9838,2774.6031,False,0.0813,0.5571,4370.897,902.2696,0.039,14.5056,243500.0,0.9632,0.3761,関東電化工業,プライム（内国株式）,化学
4051,2026-10-02,5880.0,-0.0151,-0.0318,-0.0487,-0.13,-0.036,-0.1457,6005.9033,6314.5815,True,-0.021,0.8443,6964.36,4662.4966,0.0274,1.7841,588000.0,0.7995,0.2371,ＧＭＯフィナンシャルゲート,プライム（内国株式）,情報・通信業
4052,2026-10-02,1015.0,-0.0487,-0.001,0.5835,3.2647,0.5961,3.249,906.68,530.4133,True,0.1195,0.6265,1620.0,221.0,0.1911,47.1266,101500.0,1.2869,0.2037,フィーチャ,グロース（内国株式）,情報・通信業
4053,2026-10-02,518.0,-0.0263,0.0257,0.1188,0.1746,0.1314,0.1589,478.48,457.0533,True,0.0826,0.9628,538.0,379.0,0.0334,0.7233,51800.0,1.5936,0.405,Ｓｕｎ　Ａｓｔｅｒｉｓｋ,プライム（内国株式）,情報・通信業
4054,2026-10-02,519.0,-0.0019,-0.0038,-0.0057,-0.0598,0.0069,-0.0755,520.92,539.0138,True,-0.0037,0.6739,770.1831,496.2596,0.0077,0.0594,51900.0,0.8981,0.2,日本情報クリエイト,グロース（内国株式）,情報・通信業
4055,2026-10-02,1610.0,-0.0019,-0.0207,-0.0588,-0.0544,-0.0462,-0.0701,1642.2174,1646.4653,False,-0.0196,0.5954,2703.9081,1056.9281,0.0236,0.416,161000.0,0.4612,0.2743,ティアンドエスグループ,グロース（内国株式）,情報・通信業
4056,2026-10-02,200.0,-0.005,-0.0291,-0.1667,-0.095,-0.154,-0.1107,223.44,217.0133,False,-0.1049,0.2574,777.0,200.0,0.0425,2.5665,20000.0,0.3407,0.2118,ニューラルグループ,グロース（内国株式）,情報・通信業
4057,2026-10-02,343.0,-0.0029,-0.0256,-0.0419,-0.0603,-0.0293,-0.0759,351.52,353.5867,False,-0.0242,0.6305,544.0,342.0,0.0133,0.0159,34300.0,1.13,0.2844,インターファクトリー,グロース（内国株式）,情報・通信業
4058,2026-10-02,2155.0,-0.0227,-0.0414,-0.1589,0.0089,-0.1462,-0.0068,2331.6,2230.0533,True,-0.0757,0.6783,3176.9867,1616.0,0.0319,0.646,215500.0,0.7328,0.3802,トヨクモ,グロース（内国株式）,情報・通信業
4059,2026-10-02,363.0,-0.0163,-0.0547,-0.0856,-0.1103,-0.073,-0.126,391.76,399.3333,True,-0.0734,0.4979,729.0,347.0,0.0189,0.0097,36300.0,0.9703,0.4521,まぐまぐ,スタンダード（内国株式）,情報・通信業
4060,2026-10-02,1193.0,-0.0301,-0.0017,-0.0293,0.0642,-0.0167,0.0486,1208.64,1149.8133,True,-0.0129,0.8723,1367.58,979.108,0.02,0.0539,119300.0,0.4475,0.2222,ｒａｋｕｍｏ,グロース（内国株式）,情報・通信業
4061,2026-10-02,3180.0,-0.0173,-0.0367,-0.0433,-0.2336,-0.0307,-0.2493,3255.371,3614.2119,False,-0.0232,0.6882,4620.9522,2106.9234,0.0262,20.9286,318000.0,0.8591,0.1799,デンカ,プライム（内国株式）,化学
4062,2026-10-02,12100.0,0.0088,0.038,0.1795,0.038,0.1921,0.0223,10437.5312,10227.0578,True,0.1593,0.8818,13721.5245,2167.0828,0.0622,1715.4577,1210000.0,0.9584,0.4278,イビデン,プライム（内国株式）,電気機器
4063,2026-10-02,6030.0,0.0005,0.0275,0.0139,-0.1304,0.0265,-0.1461,5840.3993,6424.5034,False,0.0325,0.763,7902.7211,4313.4237,0.0185,395.5012,603000.0,0.9808,0.3217,信越化学工業,プライム（内国株式）,化学
4064,2026-10-02,3770.0,0.0013,0.0596,0.1149,0.0729,0.1275,0.0572,3462.0714,3401.8875,True,0.0889,0.9773,3857.4629,1978.97,0.0276,3.2618,377000.0,1.2822,0.3844,日本カーバイド工業,プライム（内国株式）,化学
4068,2026-10-02,1843.0,0.011,0.0371,0.0484,0.1548,0.061,0.1391,1775.72,1708.68,True,0.0379,0.9215,2000.0,1551.0,0.0147,0.0276,184300.0,1.1482,0.3916,ベイシス,グロース（内国株式）,情報・通信業
4069,2026-10-02,599.0,-0.0323,-0.0567,-0.1839,-0.1086,-0.1713,-0.1243,672.76,688.3733,False,-0.1096,0.2455,2440.0,591.0,0.0361,0.0493,59900.0,0.9661,0.4066,ＢｌｕｅＭｅｍｅ,グロース（内国株式）,情報・通信業
4071,2026-10-02,2029.0,-0.0093,-0.0133,-0.0464,-0.2846,-0.0338,-0.3003,2052.8629,2289.554,False,-0.0116,0.6937,2925.0603,1897.3364,0.0211,4.7706,202900.0,0.7964,0.1825,プラスアルファ・コンサルティング,プライム（内国株式）,情報・通信業
4072,2026-10-02,3150.0,-0.011,-0.0337,0.0112,0.0851,0.0239,0.0694,3126.6,2982.2139,True,0.0075,0.7679,4101.9751,2680.1458,0.0207,0.967,315000.0,0.9329,0.2525,電算システムホールディングス,プライム（内国株式）,情報・通信業
4073,2026-10-02,683.0,-0.0144,0.0722,0.3498,0.5847,0.3624,0.569,549.0,498.72,True,0.2441,0.7806,875.0,414.0,0.1198,2.0221,68300.0,4.0035,0.5009,ジィ・シィ企画,グロース（内国株式）,情報・通信業
4074,2026-10-02,808.0,0.0113,0.0164,-0.0146,0.0359,-0.002,0.0202,791.28,807.2533,True,0.0211,0.6464,1250.0,633.0,0.0216,0.0235,80800.0,0.2536,0.3328,ラキール,グロース（内国株式）,情報・通信業
4075,2026-10-02,1430.0,0.0021,-0.0192,0.031,0.5978,0.0436,0.5821,1318.04,1021.6133,True,0.0849,0.681,2100.0,775.0,0.1312,12.8893,143000.0,3.315,0.2463,ブレインズテクノロジー,グロース（内国株式）,情報・通信業
4076,2026-10-02,2005.0,0.0005,-0.0074,-0.0094,0.1843,0.0032,0.1686,1998.4,1868.3333,True,0.0033,0.9896,2026.0,1484.9135,0.0098,0.0774,200500.0,2.201,0.3551,シイエヌエス,グロース（内国株式）,情報・通信業
4078,2026-10-02,3635.0,-0.0228,-0.0027,-0.0511,-0.1772,-0.0384,-0.1928,3667.31,3985.4765,False,-0.0088,0.5646,6438.1131,2650.0717,0.0247,6.176,363500.0,0.5201,0.302,堺化学工業,プライム（内国株式）,化学
407A,2026-10-02,915.0,-0.0151,-0.0097,-0.0358,0.059,-0.0232,0.0434,933.36,894.9008,True,-0.0197,0.6856,1334.5038,814.2287,0.0156,0.097,91500.0,0.5775,0.203,ＵＮＩＣＯＮホールディングス,スタンダード（内国株式）,建設業
4082,2026-10-02,2190.0,-0.0352,-0.0462,-0.1914,0.0752,-0.1788,0.0595,2465.3465,2114.1993,True,-0.1117,0.5038,4346.8037,668.815,0.0363,15.635,219000.0,0.3922,0.384,第一稀元素化学工業,プライム（内国株式）,化学
4088,2026-10-02,2899.0,-0.0051,-0.0041,0.0725,0.0439,0.0851,0.0283,2858.8,2681.9467,True,0.0141,0.9017,3215.0,1718.5,0.0289,40.6437,289900.0,1.0276,0.3208,エア・ウォーター,プライム（内国株式）,化学
4091,2026-10-02,5347.0,-0.0105,-0.0445,-0.0563,-0.1427,-0.0436,-0.1584,5483.185,5743.1394,False,-0.0248,0.8264,6469.8889,4413.242,0.0232,38.8026,534700.0,1.495,0.2807,日本酸素ホールディングス,プライム（内国株式）,化学
4092,2026-10-02,5720.0,-0.0087,0.0348,0.0929,0.3154,0.1055,0.2997,5335.2563,5121.3356,True,0.0721,0.9193,6221.9889,2342.8576,0.0423,6.694,572000.0,0.5321,0.2588,日本化学工業,プライム（内国株式）,化学
4093,2026-10-02,425.0,-0.0047,-0.0139,0.0069,0.014,0.0195,-0.0016,422.2383,418.1793,True,0.0065,0.8685,489.3513,332.3713,0.012,0.0637,42500.0,0.6515,0.3487,東邦アセチレン,スタンダード（内国株式）,化学
4094,2026-10-02,2223.0,-0.012,-0.0037,-0.0145,0.0824,-0.0019,0.0668,2234.6904,2133.6912,True,-0.0052,0.8248,2695.2989,1939.0289,0.0153,0.2998,222300.0,1.1855,0.3004,日本化学産業,スタンダード（内国株式）,化学
4095,2026-10-02,1762.0,-0.0096,-0.0072,0.0017,0.042,0.0143,0.0263,1742.5977,1699.8733,True,0.0111,0.9526,1849.7403,1273.7513,0.0146,3.6765,176200.0,1.1019,0.2688,日本パーカライジング,プライム（内国株式）,化学
4097,2026-10-02,1172.0,-0.0184,-0.0338,-0.0431,0.0675,-0.0305,0.0518,1188.8181,1133.8712,True,-0.0141,0.9478,1236.6108,965.401,0.0185,0.6004,117200.0,0.8378,0.2949,高圧ガス工業,プライム（内国株式）,化学
4098,2026-10-02,998.0,-0.0109,-0.002,-0.0254,-0.0206,-0.0128,-0.0363,1008.0,1022.0533,False,-0.0099,0.5828,1712.332,762.1362,0.0161,0.0435,99800.0,0.8328,0.3858,チタン工業,スタンダード（内国株式）,化学
4099,2026-10-02,2349.0,-0.0172,0.0557,-0.0176,-0.2903,-0.0049,-0.306,2250.56,2732.192,False,0.0437,0.6257,3754.2039,1065.5399,0.0333,19.4198,234900.0,1.2849,0.4139,四国化成ホールディングス,プライム（内国株式）,化学
409A,2026-10-02,1051.0,-0.0259,-0.0806,-0.1,-0.128,-0.0874,-0.1436,1145.7424,1181.0809,False,-0.0827,0.4857,2163.835,1044.0,0.0187,2.6146,105100.0,1.6354,0.5805,オリオンビール,プライム（内国株式）,食料品
4100,2026-10-02,2005.0,-0.0113,0.0465,0.2159,0.2256,0.2285,0.2099,1701.28,1610.9867,True,0.1785,0.9036,2219.0,1079.0,0.0457,1.192,200500.0,1.3533,0.5026,戸田工業,スタンダード（内国株式）,化学
4107,2026-10-02,3880.0,-0.0077,-0.0039,-0.0892,-0.0443,-0.0766,-0.06,4007.4,3852.7987,False,-0.0318,0.4613,8411.4596,2712.8499,0.0261,7.2411,388000.0,0.5805,0.1577,伊勢化学工業,スタンダード（内国株式）,化学
4109,2026-10-02,5310.0,-0.0185,-0.0036,0.0001,-0.1428,0.0127,-0.1584,5269.4817,5624.561,False,0.0077,0.6667,7964.2458,3754.2499,0.0201,2.2541,531000.0,0.4957,0.2699,ステラ　ケミファ,プライム（内国株式）,化学
410A,2026-10-02,1244.0,-0.0135,-0.0281,0.0669,0.0922,0.0795,0.0765,1169.08,1138.1467,True,0.0641,0.5699,2182.698,986.0,0.0267,0.3083,124400.0,2.6919,0.5811,ＧＭＯコマース,グロース（内国株式）,サービス業
4112,2026-10-02,2060.0,-0.0153,-0.0325,-0.051,-0.0119,-0.0384,-0.0276,2106.8599,2109.1491,False,-0.0222,0.7895,2609.3291,1596.3588,0.0243,1.0167,206000.0,0.991,0.2654,保土谷化学工業,プライム（内国株式）,化学
4113,2026-10-02,808.0,-0.0062,-0.0062,0.0137,0.1374,0.0263,0.1217,799.0698,751.7652,True,0.0112,0.5342,1512.4234,661.5766,0.0199,0.1537,80800.0,0.3872,0.3468,田岡化学工業,スタンダード（内国株式）,化学
4114,2026-10-02,2545.0,-0.0035,0.0061,-0.043,0.2418,-0.0304,0.2261,2523.4099,2291.2217,True,0.0086,0.957,2659.4644,1647.8725,0.0167,24.0901,254500.0,1.2935,0.2429,日本触媒,プライム（内国株式）,化学
4116,2026-10-02,1283.0,-0.0206,-0.0392,-0.051,0.216,-0.0384,0.2003,1311.846,1186.6157,True,-0.022,0.9249,1387.2196,865.7679,0.0211,1.888,128300.0,0.8771,0.2293,大日精化工業,プライム（内国株式）,化学
4118,2026-10-02,5960.0,-0.015,-0.0147,-0.044,0.0551,-0.0314,0.0394,5990.3623,5815.7895,True,-0.0051,0.9229,6457.5918,3945.4015,0.0166,11.8053,596000.0,0.8916,0.2726,カネカ,プライム（内国株式）,化学
4119,2026-10-02,6220.0,-0.0189,0.0081,0.0419,0.1561,0.0545,0.1405,6036.8,5792.9333,True,0.0303,0.9719,6400.0,3059.9253,0.0186,0.1114,622000.0,0.6208,0.3889,日本ピグメントホールディングス,スタンダード（内国株式）,化学
4124,2026-10-02,2935.0,-0.0168,-0.0274,0.0039,0.1366,0.0165,0.1209,2967.699,2764.6544,True,-0.011,0.9554,3072.0,2292.7959,0.0195,0.0458,293500.0,1.0139,0.2991,大阪油化工業,スタンダード（内国株式）,化学
4125,2026-10-02,3650.0,-0.0027,0.0069,-0.0135,0.1424,-0.0009,0.1267,3661.8,3483.1333,True,-0.0032,0.8902,4100.0,1489.3991,0.0294,0.396,365000.0,0.4319,0.21,三和油化工業,スタンダード（内国株式）,化学
414A,2026-10-02,824.0,-0.019,-0.0572,-0.0317,-0.0583,-0.0191,-0.074,852.5961,848.7783,False,-0.0335,0.5449,1512.2667,740.9156,0.0181,0.7163,82400.0,0.5749,0.4756,オーバーラップホールディングス,グロース（内国株式）,情報・通信業
4151,2026-10-02,2230.0,-0.0243,-0.0163,-0.1701,-0.1628,-0.1575,-0.1784,2352.28,2503.0401,False,-0.052,0.7765,2872.0079,2080.0359,0.0186,47.0213,223000.0,1.2253,0.2033,協和キリン,プライム（内国株式）,医薬品
415A,2026-10-02,5540.0,-0.0246,0.0394,0.082,0.175,0.0947,0.1593,5274.0,4975.2667,True,0.0504,0.8508,6511.8197,4482.2231,0.0327,0.0838,554000.0,1.2109,0.3307,ＧＭＯ　ＴＥＣＨホールディングス,グロース（内国株式）,サービス業
4165,2026-10-02,707.0,0.0187,0.0568,-0.007,0.2878,0.0056,0.2721,679.84,603.3867,True,0.04,0.6492,1089.0,432.0,0.0337,2.1938,70700.0,0.5774,0.285,プレイド,グロース（内国株式）,情報・通信業
4166,2026-10-02,641.0,-0.0258,-0.0138,0.0047,-0.0404,0.0173,-0.0561,634.92,645.48,False,0.0096,0.4981,1287.0,616.0,0.0286,0.0726,64100.0,2.68,0.5121,かっこ,グロース（内国株式）,情報・通信業
4167,2026-10-02,343.0,0.0059,0.03,0.0239,0.1588,0.0365,0.1431,333.16,310.1733,True,0.0295,0.7831,438.0,258.0,0.0439,0.0767,34300.0,1.029,0.2389,ココペリ,グロース（内国株式）,情報・通信業
4168,2026-10-02,788.0,-0.0125,-0.0088,0.009,0.0116,0.0216,-0.0041,780.0,771.4145,True,0.0103,0.7394,1065.6852,652.068,0.0196,0.3441,78800.0,0.6465,0.2398,ヤプリ,グロース（内国株式）,情報・通信業
4169,2026-10-02,262.0,0.0,0.0694,-0.0676,0.2476,-0.055,0.2319,262.0,239.9733,True,0.0,0.6718,390.0,161.0,0.048,0.9783,26200.0,0.3318,0.2068,ＥＮＥＣＨＡＮＧＥ,グロース（内国株式）,情報・通信業
416A,2026-10-02,1347.0,0.0189,-0.0071,0.0553,0.1591,0.0679,0.1434,1301.6217,1213.8952,True,0.0349,0.9887,1362.457,991.4589,0.0161,0.2291,134700.0,1.9047,0.3113,富士ユナイトホールディングス,スタンダード（内国株式）,卸売業
4170,2026-10-02,112.0,-0.0088,0.0,-0.1884,0.009,-0.1758,-0.0067,128.6,121.0,False,-0.1291,0.3709,302.0,97.0,0.0408,0.5152,11200.0,0.2143,0.2406,Ｋａｉｚｅｎ　Ｐｌａｔｆｏｒｍ,グロース（内国株式）,情報・通信業
4172,2026-10-02,2274.0,-0.0147,-0.0177,-0.0177,0.0492,-0.0051,0.0335,2307.4103,2235.0558,True,-0.0145,0.9371,2426.7036,2050.6827,0.0158,0.0276,227400.0,1.1467,0.2228,Ｈｉクラテス,スタンダード（内国株式）,情報・通信業
4174,2026-10-02,1067.0,-0.0193,0.0659,0.218,0.6462,0.2307,0.6305,973.32,809.3661,True,0.0962,0.8342,1279.0,593.2406,0.1255,4.5697,106700.0,2.1356,0.221,アピリッツ,スタンダード（内国株式）,情報・通信業
4175,2026-10-02,2834.0,-0.0187,-0.049,-0.039,0.1345,-0.0264,0.1188,2904.32,2673.0933,True,-0.0242,0.9157,3095.0,1651.0,0.0298,0.159,283400.0,0.5947,0.4012,ｃｏｌｙ,グロース（内国株式）,情報・通信業
4176,2026-10-02,271.0,-0.0252,-0.0181,-0.0491,-0.0037,-0.0365,-0.0193,277.8,268.36,True,-0.0245,0.5019,540.0,238.0,0.0213,0.2068,27100.0,0.6281,0.2074,ココナラ,グロース（内国株式）,情報・通信業
4177,2026-10-02,1400.0,-0.0057,0.0204,-0.0974,0.0,-0.0847,-0.0157,1482.52,1479.0133,True,-0.0557,0.7826,1788.8617,1085.8873,0.0242,0.1,140000.0,3.4946,0.4785,ｉ‐ｐｌｕｇ,グロース（内国株式）,情報・通信業
4178,2026-10-02,929.0,0.0678,0.686,0.6922,0.7797,0.7048,0.764,592.44,536.68,True,0.5681,0.9687,959.0,476.0,0.0421,0.3008,92900.0,3.977,1.1082,Ｓｈａｒｉｎｇ　Ｉｎｎｏｖａｔｉｏｎｓ,グロース（内国株式）,情報・通信業
4179,2026-10-02,333.0,-0.0376,-0.032,-0.0976,-0.334,-0.0849,-0.3497,352.2,402.7867,True,-0.0545,0.3171,1050.0,260.0,0.0549,0.1228,33300.0,0.3866,0.2734,ジーネクスト,グロース（内国株式）,情報・通信業
417A,2026-10-02,1818.0,-0.0019,-0.029,-0.0149,0.0545,-0.0023,0.0388,1865.5999,1793.478,True,-0.0255,0.9389,1936.272,1443.981,0.0172,4.6436,181800.0,0.908,0.3879,ブルーゾーンホールディングス,プライム（内国株式）,小売業
4180,2026-10-02,1404.0,-0.0071,-0.0488,-0.0106,0.6027,0.0021,0.5871,1431.04,1107.9733,True,-0.0189,0.8251,1701.5407,660.0,0.0397,21.7044,140400.0,0.7306,0.3446,Ａｐｐｉｅｒ　Ｇｒｏｕｐ,プライム（内国株式）,情報・通信業
4182,2026-10-02,3915.0,-0.0013,0.0169,0.0196,-0.2012,0.0322,-0.2169,3800.56,4262.3232,False,0.0301,0.6923,5655.3632,2373.9174,0.028,53.336,391500.0,0.7748,0.2491,三菱瓦斯化学,プライム（内国株式）,化学
4183,2026-10-02,2101.0,-0.0076,0.0084,-0.0779,-0.0195,-0.0652,-0.0352,2128.7029,2118.9436,True,-0.013,0.8804,2386.4577,1673.1694,0.0267,59.908,210100.0,1.4526,0.3193,三井化学,プライム（内国株式）,化学
4186,2026-10-02,8908.0,-0.0029,0.0658,0.0437,-0.1794,0.0563,-0.195,8354.72,9441.5145,False,0.0662,0.6917,12878.8594,4700.9834,0.0315,64.4535,890800.0,0.9148,0.4029,東京応化工業,プライム（内国株式）,化学
4187,2026-10-02,4500.0,-0.0066,0.0588,0.0011,-0.2334,0.0137,-0.2491,4281.2,4899.4667,False,0.0511,0.727,6190.0,2980.3613,0.0301,5.2938,450000.0,0.7904,0.4322,大阪有機化学工業,プライム（内国株式）,化学
4188,2026-10-02,1143.0,-0.0104,-0.0098,-0.0849,-0.0035,-0.0723,-0.0191,1172.7465,1154.1502,True,-0.0254,0.8881,1287.0154,771.9899,0.0281,72.5887,114300.0,1.1082,0.2605,三菱ケミカルグループ,プライム（内国株式）,化学
4189,2026-10-02,3360.0,-0.0059,0.0182,-0.0317,0.1268,-0.0191,0.1111,3302.4,3161.0564,True,0.0174,0.9412,3570.0,2225.1543,0.0212,3.967,336000.0,0.8976,0.3377,ＫＨネオケム,プライム（内国株式）,化学
4192,2026-10-02,325.0,-0.0061,0.035,0.1017,0.2218,0.1143,0.2061,301.76,281.8267,True,0.077,0.7303,445.0,234.0,0.0374,0.377,32500.0,1.0656,0.3459,スパイダープラス,グロース（内国株式）,情報・通信業
4193,2026-10-02,2111.0,0.0,-0.0248,-0.019,-0.0779,-0.0064,-0.0936,2137.357,2215.6486,False,-0.0123,0.8717,2421.7893,1835.2075,0.0128,0.135,211100.0,1.1568,0.4486,ファブリカホールディングス,スタンダード（内国株式）,情報・通信業
4194,2026-10-02,8804.0,0.0058,0.0354,-0.0536,0.1087,-0.041,0.093,8807.76,8509.32,True,-0.0004,0.7258,12130.0,6280.0,0.0326,24.2698,880400.0,1.0144,0.2428,ビジョナル,プライム（内国株式）,情報・通信業
4196,2026-10-02,1322.0,0.0352,-0.0142,-0.3891,-0.2201,-0.3765,-0.2357,1852.56,1815.4267,True,-0.2864,0.6009,2200.0,1058.0,0.0844,0.8163,132200.0,3.7184,0.8115,ネオマーケティング,スタンダード（内国株式）,情報・通信業
4197,2026-10-02,2404.0,0.0088,0.0126,0.0092,0.0804,0.0219,0.0648,2372.0,2311.1333,True,0.0135,0.9474,2537.5088,2147.0,0.0064,0.0191,240400.0,1.5835,0.4102,アスマーク,スタンダード（内国株式）,情報・通信業
4198,2026-10-02,509.0,0.0039,-0.0059,0.0262,0.0367,0.0388,0.021,503.64,497.6667,False,0.0106,0.7332,694.2369,481.0,0.0102,0.0195,50900.0,1.2819,0.326,テンダ,スタンダード（内国株式）,情報・通信業
4199,2026-10-02,805.0,0.0037,0.0012,-0.0159,0.2069,-0.0033,0.1912,814.24,792.12,True,-0.0113,0.4186,1923.0,650.0,0.0171,0.0355,80500.0,0.1111,0.2611,ワンダープラネット,グロース（内国株式）,情報・通信業
4202,2026-10-02,1405.0,-0.0219,-0.0015,-0.0524,0.0158,-0.0398,0.0001,1406.0563,1394.8872,True,-0.0008,0.8895,1579.533,1085.1946,0.0171,14.4292,140500.0,1.0837,0.2872,ダイセル,プライム（内国株式）,化学
4203,2026-10-02,8581.0,0.01,0.0564,0.148,0.1517,0.1607,0.136,7661.6417,7355.9419,True,0.12,0.9949,8625.0,4661.3602,0.0291,59.1392,858100.0,1.0813,0.3822,住友ベークライト,プライム（内国株式）,化学
4204,2026-10-02,2499.0,-0.0142,0.0056,-0.0523,-0.038,-0.0397,-0.0536,2511.6204,2555.2772,True,-0.005,0.8411,2971.0298,2212.3528,0.0159,36.2705,249900.0,1.0357,0.2364,積水化学工業,プライム（内国株式）,化学
4205,2026-10-02,2401.0,-0.014,0.0002,-0.0678,0.0578,-0.0552,0.0421,2384.6462,2325.2816,True,0.0069,0.9322,2575.7654,1480.1313,0.0195,21.2428,240100.0,0.9442,0.2806,日本ゼオン,プライム（内国株式）,化学
4206,2026-10-02,4188.0,-0.0062,-0.0246,0.0146,0.1426,0.0273,0.1269,4125.5352,3859.1938,True,0.0151,0.9725,4306.5408,3251.1037,0.0154,9.9753,418800.0,0.979,0.342,アイカ工業,プライム（内国株式）,化学
4208,2026-10-02,3319.0,-0.0195,-0.0198,-0.0613,0.0479,-0.0486,0.0322,3388.9531,3272.3768,True,-0.0206,0.9152,3626.4247,2088.12,0.0185,27.2029,331900.0,1.0102,0.2321,ＵＢＥ,プライム（内国株式）,化学
4212,2026-10-02,2917.0,-0.0155,-0.0087,-0.0014,0.1222,0.0112,0.1065,2896.7972,2715.3916,True,0.007,0.9562,3050.6408,1948.1154,0.0209,1.5933,291700.0,0.8219,0.1888,積水樹脂,プライム（内国株式）,化学
4216,2026-10-02,7150.0,-0.0042,0.1916,0.2176,0.0382,0.2303,0.0225,6059.1697,6333.6552,False,0.18,0.9151,7812.9999,4216.9546,0.0326,5.9029,715000.0,1.823,0.6378,旭有機材,プライム（内国株式）,化学
4218,2026-10-02,1873.0,-0.0095,-0.032,-0.0512,-0.0116,-0.0385,-0.0273,1931.24,1916.4267,True,-0.0302,0.9337,2006.0,1781.0,0.0108,0.5904,187300.0,1.8049,0.4667,ニチバン,プライム（内国株式）,化学
421A,2026-10-02,3835.0,-0.0065,-0.0229,-0.0748,0.0295,-0.0622,0.0139,3880.0,3746.9333,True,-0.0116,0.8618,4450.0,1758.0,0.0413,2.0388,383500.0,0.5286,0.2497,ムービン・ストラテジック・キャリア,グロース（内国株式）,サービス業
4220,2026-10-02,2345.0,0.0156,-0.0162,-0.0824,0.3592,-0.0697,0.3435,2397.3293,2159.437,True,-0.0218,0.8188,2864.0089,1147.1153,0.0234,3.8637,234500.0,1.2988,0.2862,リケンテクノス,プライム（内国株式）,化学
4221,2026-10-02,5260.0,-0.0205,-0.0836,-0.0772,0.079,-0.0646,0.0633,5557.2,5295.3111,True,-0.0535,0.9053,5810.0,4375.5555,0.024,3.0062,526000.0,1.4722,0.4192,大倉工業,プライム（内国株式）,化学
4222,2026-10-02,642.0,-0.0168,-0.0389,-0.0815,-0.0573,-0.0689,-0.0729,677.24,657.9867,False,-0.052,0.4346,1477.3336,538.0,0.0332,2.6571,64200.0,0.6423,0.2114,児玉化学工業,スタンダード（内国株式）,化学
4224,2026-10-02,2117.0,-0.0135,0.0028,-0.0094,0.048,0.0033,0.0323,2121.2,2087.4267,True,-0.002,0.9567,2212.7334,1694.7374,0.0134,0.2086,211700.0,1.459,0.1759,ロンシール工業,スタンダード（内国株式）,化学
4228,2026-10-02,602.0,-0.0259,-0.0351,-0.0457,0.1095,-0.0331,0.0939,595.1387,567.3121,True,0.0115,0.9086,662.5867,324.1103,0.0256,1.2783,60200.0,0.6908,0.3543,積水化成品工業,プライム（内国株式）,化学
4229,2026-10-02,4150.0,-0.0143,0.0012,-0.0507,-0.0974,-0.038,-0.1131,4173.58,4395.547,False,-0.0056,0.6638,6251.9594,3154.9489,0.0247,0.7099,415000.0,0.5855,0.1839,群栄化学工業,プライム（内国株式）,化学
4231,2026-10-02,1005.0,-0.0069,-0.0147,-0.0342,-0.0042,-0.0216,-0.0199,1019.7222,999.5781,True,-0.0144,0.8104,1240.0563,824.7861,0.0184,0.1474,100500.0,0.639,0.2518,タイガースポリマー,スタンダード（内国株式）,化学
4234,2026-10-02,1000.0,-0.0157,-0.0078,-0.0561,0.4519,-0.0435,0.4362,1002.0481,834.0312,True,-0.002,0.9326,1072.3105,554.2624,0.023,0.2536,100000.0,0.6353,0.2126,サンエー化研,スタンダード（内国株式）,化学
4235,2026-10-02,674.0,-0.0088,-0.0088,-0.033,0.0306,-0.0204,0.0149,679.04,683.2533,True,-0.0074,0.8474,795.3889,640.0,0.0125,0.1316,67400.0,1.1446,0.3559,ウルトラファブリックス・ホールディングス,スタンダード（内国株式）,化学
4237,2026-10-02,340.0,-0.0173,0.0119,-0.0341,-0.0116,-0.0215,-0.0273,344.8,337.6667,True,-0.0139,0.6489,523.9394,291.5152,0.0206,0.1203,34000.0,0.789,0.2857,フジプレアム,スタンダード（内国株式）,化学
4238,2026-10-02,1961.0,-0.0311,-0.0316,0.031,0.0911,0.0436,0.0755,1896.08,1785.0564,True,0.0342,0.9561,2051.028,1052.4625,0.0481,1.7952,196100.0,0.933,0.2798,ミライアル,スタンダード（内国株式）,化学
423A,2026-10-02,315.0,-0.0032,-0.0127,-0.0127,0.045,-0.0,0.0294,316.2122,306.4075,True,-0.0038,0.6189,508.9796,264.5166,0.0107,0.0813,31500.0,0.8306,0.3486,ライオン事務器,スタンダード（内国株式）,卸売業
4240,2026-10-02,306.0,0.0033,0.0033,-0.0437,-0.0316,-0.0311,-0.0473,312.44,315.4,False,-0.0206,0.6205,493.1515,285.4569,0.0187,0.0188,30600.0,0.6804,0.35,クラスターテクノロジー,スタンダード（内国株式）,化学
4241,2026-10-02,713.0,-0.0125,-0.0569,0.0706,0.0986,0.0832,0.0829,681.52,653.7867,True,0.0462,0.6104,1168.1196,404.1595,0.0324,0.1343,71300.0,1.8421,0.4594,アテクト,スタンダード（内国株式）,化学
4242,2026-10-02,1735.0,-0.012,-0.0011,-0.0194,-0.0084,-0.0068,-0.024,1748.3375,1765.2735,True,-0.0076,0.881,1969.2527,1304.7512,0.0101,0.0313,173500.0,0.8913,0.3439,タカギセイコー,スタンダード（内国株式）,化学
4243,2026-10-02,1046.0,-0.0178,-0.0032,0.0043,0.1482,0.0169,0.1326,1030.8451,961.8852,True,0.0147,0.9274,1127.9175,760.7798,0.03,0.026,104600.0,0.6558,0.3261,ニックス,スタンダード（内国株式）,化学
4245,2026-10-02,719.0,-0.0069,0.0014,-0.011,0.0747,0.0016,0.0591,715.92,690.7488,True,0.0043,0.946,760.0331,633.3609,0.0128,0.0832,71900.0,0.8893,0.3147,ダイキアクシス,スタンダード（内国株式）,化学
4246,2026-10-02,1055.0,-0.0103,-0.0264,-0.0675,0.0782,-0.0549,0.0625,1072.0357,1030.0241,True,-0.0159,0.9317,1132.3391,660.1356,0.0182,2.4527,105500.0,0.9375,0.2313,ダイキョーニシカワ,プライム（内国株式）,化学
4247,2026-10-02,1424.0,0.0042,0.0334,0.0304,0.0773,0.043,0.0616,1384.132,1341.5077,True,0.0288,0.906,1571.692,1186.0908,0.0084,0.0056,142400.0,0.7039,0.4653,ポバール興業,スタンダード（内国株式）,化学
4248,2026-10-02,881.0,-0.0045,0.0,-0.0056,0.0138,0.007,-0.0019,881.52,874.3516,True,-0.0006,0.9844,895.0,795.1023,0.0062,0.0399,88100.0,0.7616,0.2763,竹本容器,スタンダード（内国株式）,化学
4249,2026-10-02,2760.0,-0.023,-0.0346,-0.0422,0.1739,-0.0296,0.1582,2834.5352,2605.2587,True,-0.0263,0.934,2954.9137,2154.8076,0.0229,0.7815,276000.0,0.9221,0.2837,森六,プライム（内国株式）,化学
4251,2026-10-02,1173.0,-0.0126,-0.0184,-0.0085,-0.0306,0.0042,-0.0462,1177.56,1208.9733,False,-0.0039,0.8331,1408.0,1069.3918,0.0129,1.0661,117300.0,0.9127,0.2443,恵和,プライム（内国株式）,化学
4255,2026-10-02,3400.0,-0.0087,-0.023,-0.0516,0.3333,-0.039,0.3177,3516.4,2958.08,True,-0.0331,0.874,3890.0,930.0,0.0236,0.1814,340000.0,0.8227,0.3609,ＴＨＥＣＯＯ,グロース（内国株式）,情報・通信業
4256,2026-10-02,1213.0,0.0041,0.0254,0.0763,0.2932,0.0889,0.2775,1134.48,1021.5867,True,0.0692,0.7682,1579.0,898.0,0.0215,0.0516,121300.0,0.7359,0.3836,サインド,グロース（内国株式）,情報・通信業
4258,2026-10-02,5640.0,0.033,0.0108,0.2396,0.2833,0.2522,0.2676,5007.0,4448.6,True,0.1264,0.9608,5870.0,2571.0,0.0576,4.0421,564000.0,1.1478,0.2372,網屋,グロース（内国株式）,情報・通信業
4259,2026-10-02,853.0,-0.0081,-0.0127,0.0191,-0.0372,0.0317,-0.0529,851.4,834.8933,False,0.0019,0.5903,1445.0,533.0,0.046,10.2174,85300.0,0.657,0.2958,エクサウィザーズ,グロース（内国株式）,情報・通信業
4260,2026-10-02,201.0,-0.0147,-0.0099,-0.0607,-0.159,-0.0481,-0.1747,208.96,220.5733,False,-0.0381,0.5262,382.0,194.0,0.0302,0.0471,20100.0,2.6862,0.6588,ハイブリッドテクノロジーズ,グロース（内国株式）,情報・通信業
4261,2026-10-02,3040.0,-0.0065,0.0344,0.0181,-0.0146,0.0307,-0.0303,2963.76,3111.5067,False,0.0257,0.6179,4920.0,2699.0,0.0142,0.0879,304000.0,0.6434,0.3297,アジアクエスト,グロース（内国株式）,情報・通信業
4262,2026-10-02,1387.0,-0.0057,0.0211,0.006,0.0737,0.0186,0.058,1365.589,1325.3515,True,0.0157,0.9632,1440.0,1226.3552,0.0101,0.0466,138700.0,0.7519,0.6159,ニフティライフスタイル,グロース（内国株式）,情報・通信業
4263,2026-10-02,422.0,-0.0209,-0.0387,-0.0538,-0.4982,-0.0412,-0.5139,434.56,617.4267,False,-0.0289,0.3428,1231.0,392.0,0.0361,0.6822,42200.0,1.2195,0.2366,サスメド,グロース（内国株式）,情報・通信業
4264,2026-10-02,1358.0,-0.0167,-0.0396,-0.0718,-0.1295,-0.0591,-0.1452,1422.88,1508.44,False,-0.0456,0.6828,1989.0,1340.0,0.0238,0.2902,135800.0,1.6427,0.2472,セキュア,グロース（内国株式）,情報・通信業
4265,2026-10-02,245.0,-0.0161,-0.1219,-0.1463,-0.3586,-0.1337,-0.3743,279.12,307.1733,True,-0.1222,0.3329,736.0,208.0,0.0327,0.0923,24500.0,0.3972,0.5,Ｉｎｓｔｉｔｕｔｉｏｎ　ｆｏｒ　ａ　Ｇｌｏｂａｌ　Ｓｏｃｉｅｔｙ,グロース（内国株式）,情報・通信業
4270,2026-10-02,1870.0,-0.0048,-0.0194,-0.0331,0.0016,-0.0205,-0.0141,1895.48,1862.36,False,-0.0134,0.7297,2562.8372,1735.0,0.0126,0.0694,187000.0,0.8432,0.2199,ＢｅｅＸ,グロース（内国株式）,情報・通信業
4272,2026-10-02,2083.5,-0.0218,-0.006,0.0008,0.041,0.0135,0.0253,2053.5786,2015.1225,False,0.0146,0.9655,2158.0135,1302.8195,0.0197,12.8702,208350.0,1.3521,0.2412,日本化薬,プライム（内国株式）,化学
4274,2026-10-02,1096.0,-0.009,-0.0318,0.0009,0.0262,0.0135,0.0105,1115.84,1083.4133,True,-0.0178,0.5543,1977.1927,976.2327,0.0774,2.764,109600.0,1.2781,0.2406,細谷火工,スタンダード（内国株式）,化学
4275,2026-10-02,1854.0,-0.0278,-0.066,-0.1222,-0.2786,-0.1095,-0.2943,1997.52,2167.92,False,-0.0718,0.6086,3046.3693,1238.2334,0.0363,3.8685,185400.0,0.7415,0.3749,カーリット,プライム（内国株式）,化学
4284,2026-10-02,455.0,-0.0173,0.0,-0.013,0.0436,-0.0004,0.0279,451.64,439.12,True,0.0074,0.8213,554.0,394.4472,0.0166,0.1089,45500.0,0.5737,0.2377,ソルクシーズ,スタンダード（内国株式）,情報・通信業
4286,2026-10-02,1310.0,-0.0165,-0.0616,-0.0023,0.1451,0.0103,0.1294,1308.36,1194.6267,True,0.0013,0.9047,1448.0,901.1459,0.0342,0.2974,131000.0,0.8711,0.4175,ＣＬホールディングス,スタンダード（内国株式）,サービス業
4287,2026-10-02,491.0,0.002,0.0041,0.0082,0.0744,0.0208,0.0587,482.32,473.5333,True,0.018,0.9304,527.7019,402.617,0.0304,0.1547,49100.0,0.8577,0.1742,ジャストプランニング,スタンダード（内国株式）,情報・通信業
4288,2026-10-02,581.0,0.126,0.3512,0.2362,0.3056,0.2488,0.2899,462.84,434.4267,True,0.2553,0.5935,979.0,338.0,0.0468,3.0134,58100.0,5.5896,0.7423,アズジェント,スタンダード（内国株式）,情報・通信業
428A,2026-10-02,1781.0,-0.0481,0.1007,0.1961,0.4129,0.2087,0.3972,1622.0278,1411.2711,True,0.098,0.9143,1948.0,605.4715,0.0619,0.743,178100.0,2.0897,0.3294,サイプレス・ホールディングス,スタンダード（内国株式）,小売業
4290,2026-10-02,668.0,-0.0234,-0.0573,-0.0427,0.0502,-0.0301,0.0345,686.9304,671.7402,True,-0.0276,0.91,734.084,583.6543,0.0178,4.9794,66800.0,1.409,0.4077,プレステージ・インターナショナル,プライム（内国株式）,サービス業
4293,2026-10-02,493.0,-0.0199,-0.014,-0.0698,0.0335,-0.0572,0.0179,512.36,499.2485,True,-0.0378,0.8642,570.4879,371.5033,0.02,1.9412,49300.0,0.8531,0.2536,セプテーニ・ホールディングス,スタンダード（内国株式）,サービス業
4299,2026-10-02,1187.0,-0.0141,-0.0093,-0.0165,0.0276,-0.0039,0.012,1194.2549,1176.6161,True,-0.0061,0.8966,1323.8738,1085.709,0.0145,0.0652,118700.0,0.991,0.3219,ハイマックス,スタンダード（内国株式）,情報・通信業
429A,2026-10-02,3870.0,-0.0264,0.0064,0.0483,-0.1822,0.0609,-0.1979,3755.3803,3950.4148,False,0.0305,0.7382,5242.7678,2647.1518,0.0337,21.4283,387000.0,0.5185,0.3241,テクセンドフォトマスク,プライム（内国株式）,その他製品
4301,2026-10-02,1833.0,-0.0027,-0.0144,-0.0181,-0.0082,-0.0055,-0.0238,1851.2719,1853.6578,True,-0.0099,0.8646,2119.9954,1690.7856,0.0148,0.3958,183300.0,0.8654,0.1484,アミューズ,プライム（内国株式）,サービス業
4307,2026-10-02,5075.0,0.0128,0.0057,-0.0423,0.0423,-0.0297,0.0267,5044.2995,4891.0423,True,0.0061,0.7982,6358.3204,3454.0722,0.0273,108.4746,507500.0,0.8125,0.198,野村総合研究所,プライム（内国株式）,情報・通信業
4308,2026-10-02,357.0,-0.0056,0.0028,-0.0056,0.0056,0.0071,-0.01,356.92,354.7333,True,0.0002,0.8827,404.4444,322.5926,0.0084,0.0533,35700.0,0.5534,0.2333,Ｊストリーム,グロース（内国株式）,情報・通信業
4310,2026-10-02,2503.0,-0.015,-0.0276,-0.0283,-0.0548,-0.0157,-0.0704,2524.4,2555.9067,False,-0.0085,0.822,3045.0,2204.3053,0.0195,0.3912,250300.0,0.7653,0.3202,ドリームインキュベータ,プライム（内国株式）,サービス業
4317,2026-10-02,595.0,0.0188,0.0644,0.0402,0.237,0.0528,0.2213,568.8,524.76,True,0.0461,0.8098,734.7938,445.0,0.0228,0.0555,59500.0,1.4809,0.3168,レイ,スタンダード（内国株式）,サービス業
4318,2026-10-02,836.0,-0.0118,-0.0096,-0.0107,0.1551,0.0019,0.1394,830.7414,778.789,True,0.0063,0.9114,917.2281,679.7517,0.0162,0.8016,83600.0,0.837,0.1955,クイック,プライム（内国株式）,サービス業
431A,2026-10-02,2620.0,-0.0158,-0.0231,-0.0403,0.3505,-0.0277,0.3348,2653.08,2203.3467,True,-0.0125,0.7081,3700.0,1651.0,0.0406,0.7931,262000.0,0.8197,0.2144,ユーソナー,グロース（内国株式）,情報・通信業
4320,2026-10-02,1629.0,-0.0006,0.0,-0.0109,-0.0518,0.0017,-0.0675,1640.56,1695.8933,False,-0.007,0.8763,1859.0,719.6,0.0021,2.5879,162900.0,0.8489,0.566,ＣＥホールディングス,スタンダード（内国株式）,情報・通信業
4323,2026-10-02,1897.0,-0.0016,0.0085,-0.023,0.073,-0.0103,0.0573,1887.3474,1811.4639,True,0.0051,0.7118,2665.045,1475.2729,0.0223,0.901,189700.0,0.8762,0.2034,日本システム技術,プライム（内国株式）,情報・通信業
4324,2026-10-02,3556.0,-0.0022,-0.0081,-0.0456,0.0965,-0.033,0.0808,3616.32,3465.6933,True,-0.0167,0.9179,3874.0,2642.0,0.0204,34.1095,355600.0,0.7395,0.2519,電通グループ,プライム（内国株式）,サービス業
4326,2026-10-02,1925.0,-0.0214,-0.038,-0.0736,0.0944,-0.061,0.0787,1990.88,1895.1116,True,-0.0331,0.8929,2156.0,1561.7666,0.0213,0.5167,192500.0,0.7961,0.2761,インテージホールディングス,プライム（内国株式）,情報・通信業
4331,2026-10-02,856.0,-0.0228,0.1429,0.1368,0.295,0.1494,0.2793,758.56,705.1151,True,0.1285,0.9727,880.0,632.1522,0.024,1.0136,85600.0,1.9671,0.6806,テイクアンドギヴ・ニーズ,プライム（内国株式）,サービス業
4334,2026-10-02,379.0,-0.0026,-0.0026,-0.0549,0.0026,-0.0422,-0.013,387.76,381.6267,False,-0.0226,0.8372,452.683,354.1464,0.0179,0.0528,37900.0,0.661,0.1326,ユークス,スタンダード（内国株式）,情報・通信業
4335,2026-10-02,1070.0,-0.0047,-0.0093,-0.0219,-0.0228,-0.0093,-0.0385,1087.72,1108.0226,False,-0.0163,0.8571,1248.3693,1070.0,0.009,0.0237,107000.0,1.2017,0.2281,ＩＰＳホールディングス,スタンダード（内国株式）,情報・通信業
4337,2026-10-02,2449.0,-0.0224,-0.0581,-0.1075,-0.0973,-0.0949,-0.113,2639.0,2674.3733,False,-0.072,0.6831,3585.0,2323.0,0.0171,0.6002,244900.0,0.9268,0.5313,ぴあ,プライム（内国株式）,サービス業
4341,2026-10-02,910.0,-0.0215,-0.0021,0.0267,0.0429,0.0393,0.0272,896.7707,874.9074,True,0.0148,0.9261,982.581,720.8743,0.0119,0.0123,91000.0,0.5949,0.4038,西菱電機,スタンダード（内国株式）,サービス業
4343,2026-10-02,2643.0,-0.0229,-0.0375,-0.0651,0.0365,-0.0525,0.0208,2767.9934,2696.12,True,-0.0452,0.7102,3721.4838,2265.9958,0.0225,1.7546,264300.0,0.7575,0.235,イオンファンタジー,プライム（内国株式）,サービス業
4344,2026-10-02,102.0,-0.0097,-0.0192,-0.113,-0.0286,-0.1004,-0.0442,109.56,108.32,False,-0.069,0.5368,190.0,99.0,0.035,1.4801,10200.0,1.7939,0.308,ソースネクスト,プライム（内国株式）,情報・通信業
4345,2026-10-02,816.0,-0.0133,-0.0285,-0.01,-0.0135,0.0026,-0.0292,824.9584,827.7976,True,-0.0109,0.7591,1075.0128,783.9672,0.0115,0.469,81600.0,0.7306,0.2762,シーティーエス,プライム（内国株式）,サービス業
4346,2026-10-02,915.0,-0.0399,-0.0906,-0.0607,0.2295,-0.0481,0.2138,981.9826,851.896,True,-0.0682,0.842,1086.7327,640.396,0.0379,1.0393,91500.0,0.7209,0.3674,ＮＥＸＹＺ．Ｇｒｏｕｐ,スタンダード（内国株式）,その他金融業
4347,2026-10-02,1895.0,0.0048,0.0042,0.1293,0.0604,0.1419,0.0448,1773.2,1729.6133,False,0.0687,0.7613,2489.0,1532.6043,0.0319,0.2694,189500.0,0.8644,0.1884,ブロードメディア,スタンダード（内国株式）,サービス業
4350,2026-10-02,521.0,-0.0188,0.0077,0.0194,0.1142,0.032,0.0985,504.3065,485.3281,True,0.0331,0.9445,551.6228,428.0514,0.0303,0.5151,52100.0,0.8064,0.314,メディカルシステムネットワーク,スタンダード（内国株式）,小売業
4351,2026-10-02,852.0,0.0012,0.0047,0.0179,-0.0116,0.0305,-0.0273,847.88,864.3333,False,0.0049,0.568,1500.0,819.0,0.0102,0.03,85200.0,0.8962,0.3672,山田再生系債権回収総合事務所,スタンダード（内国株式）,その他金融業
4356,2026-10-02,1648.0,-0.0108,-0.0006,-0.0042,0.051,0.0084,0.0353,1629.96,1625.36,True,0.0111,0.7998,2060.5386,1500.0,0.0137,0.0095,164800.0,0.7231,0.4297,応用技術,スタンダード（内国株式）,情報・通信業
4360,2026-10-02,1018.0,-0.0039,0.0404,0.0351,0.2344,0.0477,0.2187,976.1929,865.9081,True,0.0428,0.8756,1162.6853,541.4707,0.0265,0.0667,101800.0,0.6314,0.2314,マナック・ケミカル・パートナーズ,スタンダード（内国株式）,化学
4361,2026-10-02,1647.0,0.0092,0.0186,0.0326,0.0886,0.0452,0.0729,1600.28,1528.5333,True,0.0292,0.8623,1910.0,1400.0,0.0121,0.0471,164700.0,0.9529,0.345,川口化学工業,スタンダード（内国株式）,化学
4362,2026-10-02,2606.0,-0.0236,-0.0187,-0.0448,0.0316,-0.0322,0.0159,2638.031,2575.3887,True,-0.0121,0.8706,2993.3665,2281.1033,0.0157,0.5873,260600.0,0.9198,0.2317,日本精化,プライム（内国株式）,化学
4365,2026-10-02,23990.0,0.0209,0.0209,0.0435,0.1888,0.0561,0.1731,23851.6,21418.2667,True,0.0058,0.9295,25810.0,19150.0,0.0134,0.0816,2399000.0,0.2517,0.4667,松本油脂製薬,スタンダード（内国株式）,化学
4366,2026-10-02,492.0,-0.016,0.0103,0.1336,-0.018,0.1463,-0.0336,451.84,458.92,False,0.0889,0.7935,620.0,247.8499,0.0388,0.3919,49200.0,0.9275,0.3356,ダイトーケミックス,スタンダード（内国株式）,化学
4368,2026-10-02,3350.0,0.0,0.0997,0.1408,-0.2228,0.1534,-0.2385,2972.5439,3609.416,False,0.127,0.6737,4972.4056,1568.7692,0.0299,21.0396,335000.0,0.8105,0.5495,扶桑化学工業,プライム（内国株式）,化学
4369,2026-10-02,3220.0,-0.0228,0.0762,0.0472,-0.1142,0.0598,-0.1298,3050.44,3290.2933,False,0.0556,0.7228,4455.0,2461.0,0.0343,16.0592,322000.0,0.9178,0.3951,トリケミカル研究所,プライム（内国株式）,化学
436A,2026-10-02,1387.0,0.0351,0.071,0.2188,0.3746,0.2314,0.359,1242.8,1101.56,True,0.116,0.7154,1938.8502,920.0,0.0335,0.8284,138700.0,1.0219,0.2452,サイバーソリューションズ,グロース（内国株式）,情報・通信業
4370,2026-10-02,412.0,0.0073,-0.0572,0.1908,0.3597,0.2034,0.3441,402.96,339.3067,True,0.0224,0.654,630.0,271.0,0.0841,0.9043,41200.0,0.8115,0.2915,モビルス,グロース（内国株式）,情報・通信業
4371,2026-10-02,1579.0,0.0109,0.0837,0.089,0.0712,0.1016,0.0556,1469.6,1425.2,True,0.0744,1.0,1579.0,893.0,0.0219,0.1915,157900.0,0.5557,0.3963,コアコンセプト・テクノロジー,グロース（内国株式）,情報・通信業
4372,2026-10-02,1331.0,-0.0008,-0.0104,0.0223,0.083,0.0349,0.0673,1323.16,1269.7467,True,0.0059,0.8112,1640.7799,1068.0,0.007,0.0256,133100.0,0.4297,0.4415,ユミルリンク,グロース（内国株式）,情報・通信業
4373,2026-10-02,1151.0,0.0304,0.0009,-0.0748,0.1306,-0.0621,0.115,1163.8,1091.3867,True,-0.011,0.8992,1280.0,741.2383,0.0335,19.6719,115100.0,1.5044,0.2489,シンプレクス・ホールディングス,プライム（内国株式）,情報・通信業
4374,2026-10-02,1170.0,-0.0043,-0.0418,-0.0614,-0.0362,-0.0487,-0.0519,1229.5,1199.0,False,-0.0484,0.6768,1728.7944,1039.0,0.0265,0.1301,117000.0,0.7573,0.4134,ＲＯＢＯＴ　ＰＡＹＭＥＮＴ,グロース（内国株式）,情報・通信業
4375,2026-10-02,646.0,-0.0031,-0.0212,-0.0415,-0.0387,-0.0289,-0.0544,669.52,656.2267,False,-0.0351,0.6626,975.0,590.0,0.0293,1.0007,64600.0,0.8811,0.317,セーフィー,グロース（内国株式）,情報・通信業
4376,2026-10-02,190.0,0.0674,0.0734,0.1515,0.2025,0.1641,0.1869,171.24,162.8667,True,0.1096,0.9794,194.0,148.0,0.0492,0.0902,19000.0,1.9121,0.2672,くふうカンパニーホールディングス,グロース（内国株式）,情報・通信業
4377,2026-10-02,2393.0,-0.0197,0.014,-0.0409,0.1208,-0.0283,0.1052,2389.28,2190.0133,True,0.0016,0.8498,2815.8619,1667.0,0.0293,1.4051,239300.0,0.7117,0.2692,ワンキャリア,グロース（内国株式）,情報・通信業
4378,2026-10-02,465.0,0.0,-0.0211,-0.1576,-0.1259,-0.145,-0.1416,501.72,512.8,False,-0.0732,0.2888,1610.0,435.0,0.0244,0.0829,46500.0,0.2341,0.1761,ＣＩＮＣ,グロース（内国株式）,情報・通信業
4379,2026-10-02,483.0,-0.0143,-0.0492,0.1129,0.1985,0.1255,0.1828,460.6,424.9067,True,0.0486,0.8978,538.0,325.0,0.0405,0.3512,48300.0,1.8551,0.3321,Ｐｈｏｔｏｓｙｎｔｈ,グロース（内国株式）,情報・通信業
4380,2026-10-02,705.0,0.0028,-0.0126,0.0307,0.2423,0.0433,0.2266,694.4,633.2,True,0.0153,0.9671,729.0,512.5,0.0167,0.0465,70500.0,0.572,0.1442,Ｍマート,グロース（内国株式）,情報・通信業
4381,2026-10-02,216.0,0.0141,0.0189,-0.2577,0.1739,-0.2451,0.1582,248.4,302.8133,False,-0.1304,0.3186,678.0,170.0,0.0916,0.6953,21600.0,0.3143,0.187,ビープラッツ,グロース（内国株式）,情報・通信業
4382,2026-10-02,854.0,-0.0023,-0.0023,0.1062,0.1911,0.1188,0.1754,802.0,751.76,True,0.0648,0.6799,1256.0,690.0,0.0396,1.2642,85400.0,1.7206,0.2013,ＨＥＲＯＺ,スタンダード（内国株式）,情報・通信業
4385,2026-10-02,3546.0,-0.0204,-0.0245,-0.2323,-0.1926,-0.2197,-0.2083,4006.68,4267.76,False,-0.115,0.6938,5111.0,2069.0,0.0337,82.0838,354600.0,1.1974,0.2661,メルカリ,プライム（内国株式）,情報・通信業
4386,2026-10-02,900.0,0.0101,0.018,0.0146,0.1132,0.0272,0.0975,879.4279,848.5555,True,0.0234,0.857,1050.1556,737.8165,0.0154,0.0409,90000.0,1.1036,0.3564,ＳＩＧグループ,スタンダード（内国株式）,情報・通信業
4387,2026-10-02,554.0,0.0073,-0.0918,0.0736,0.1965,0.0863,0.1809,540.6,501.1333,True,0.0248,0.7825,708.0,450.0,0.046,0.1072,55400.0,2.4058,0.3569,ＺＵＵ,グロース（内国株式）,情報・通信業
4388,2026-10-02,356.0,-0.0139,-0.022,-0.0481,-0.0404,-0.0355,-0.0561,369.92,366.4933,False,-0.0376,0.6734,528.6332,350.0,0.0197,0.0437,35600.0,0.9982,0.4286,エーアイ,スタンダード（内国株式）,情報・通信業
4389,2026-10-02,1098.0,-0.0436,0.0497,0.0368,0.1035,0.0495,0.0878,1075.32,1031.2133,True,0.0211,0.8971,1224.0,714.24,0.0468,0.0802,109800.0,0.8597,0.3972,プロパティデータバンク,グロース（内国株式）,情報・通信業
438A,2026-10-02,1057.0,0.0086,0.0125,0.0602,0.2969,0.0728,0.2813,1017.08,894.84,True,0.0392,0.6236,1695.0,674.0,0.0312,0.8671,105700.0,0.7637,0.1909,インフキュリオン,グロース（内国株式）,情報・通信業
4390,2026-10-02,3950.0,-0.0211,-0.0388,-0.0388,0.0816,-0.0262,0.066,4064.4136,3741.6406,True,-0.0282,0.9189,4298.693,2749.2849,0.0295,2.0896,395000.0,0.6813,0.3342,ＩＰＳ,プライム（内国株式）,情報・通信業
4391,2026-10-02,1124.0,-0.0018,-0.0097,-0.031,0.0255,-0.0184,0.0099,1140.64,1127.2657,True,-0.0146,0.8727,1288.0,992.4589,0.0119,0.0301,112400.0,0.36,0.1787,ロジザード,グロース（内国株式）,情報・通信業
4392,2026-10-02,912.0,-0.0033,-0.0359,-0.2042,-0.2212,-0.1916,-0.2368,1010.0,1053.4133,False,-0.097,0.2966,3075.0,282.0,0.0441,14.937,91200.0,0.2481,0.2661,ＦＩＧ,プライム（内国株式）,情報・通信業
4393,2026-10-02,6110.0,-0.0302,0.0133,0.0814,0.1594,0.094,0.1437,5806.0,5228.7333,True,0.0524,0.6521,9370.0,4225.0,0.0401,2.7379,611000.0,1.1467,0.3551,バンク・オブ・イノベーション,グロース（内国株式）,情報・通信業
4394,2026-10-02,800.0,-0.0326,0.1236,0.2658,0.7778,0.2784,0.7621,678.16,564.0,True,0.1797,0.965,829.0,364.3961,0.0486,0.6009,80000.0,1.0517,0.4529,エクスモーション,グロース（内国株式）,情報・通信業
4395,2026-10-02,709.0,-0.0367,0.1916,-0.0327,-0.0792,-0.0201,-0.0949,662.0,702.2535,False,0.071,0.454,1561.522,545.0,0.052,0.8142,70900.0,1.6976,0.5291,アクリート,グロース（内国株式）,情報・通信業
4396,2026-10-02,1320.0,-0.0083,-0.0244,-0.0782,0.2465,-0.0656,0.2308,1359.92,1195.7774,True,-0.0294,0.7811,1689.9198,920.3348,0.0247,0.9801,132000.0,0.6088,0.307,システムサポートホールディングス,プライム（内国株式）,情報・通信業
4397,2026-10-02,367.0,-0.0213,-0.0614,-0.1405,-0.0393,-0.1279,-0.0549,400.56,391.2667,True,-0.0838,0.5519,665.0,350.0,0.0282,0.1482,36700.0,0.5972,0.3379,チームスピリット,グロース（内国株式）,情報・通信業
4398,2026-10-02,1440.0,-0.0361,0.0917,0.1163,0.166,0.1289,0.1503,1326.56,1275.4433,True,0.0855,0.9006,1599.0,1185.7721,0.0377,0.1488,144000.0,2.8728,0.5453,ブロードバンドセキュリティ,スタンダード（内国株式）,情報・通信業
4401,2026-10-02,4612.0,0.0,0.0064,-0.02,0.0934,-0.0074,0.0777,4508.9446,4297.9141,True,0.0229,0.9315,4951.2259,3129.4385,0.019,12.0614,461200.0,0.6945,0.2605,ＡＤＥＫＡ,プライム（内国株式）,化学
4403,2026-10-02,2510.0,-0.0155,-0.0124,-0.075,-0.0961,-0.0624,-0.1117,2594.9064,2666.1362,False,-0.0327,0.7485,3353.2232,2451.182,0.0179,24.3415,251000.0,1.1179,0.2963,日油,プライム（内国株式）,化学
4404,2026-10-02,2150.0,-0.0258,-0.0241,-0.0056,0.1653,0.0071,0.1496,2205.8,2016.4133,True,-0.0253,0.8052,2670.0,1752.0,0.0151,0.3616,215000.0,0.7674,0.3392,ミヨシ油脂,スタンダード（内国株式）,食料品
4406,2026-10-02,232.0,-0.0293,-0.0128,-0.0902,0.1373,-0.0776,0.1216,242.28,223.0133,True,-0.0424,0.7935,292.3719,188.0,0.0271,0.6785,23200.0,0.9858,0.3023,新日本理化,スタンダード（内国株式）,化学
4409,2026-10-02,881.0,-0.0145,0.0666,0.1166,0.1922,0.1292,0.1765,807.64,764.0267,True,0.0908,0.9789,900.0,695.2139,0.0233,0.0695,88100.0,1.1574,0.561,東邦化学工業,スタンダード（内国株式）,化学
4410,2026-10-02,1122.0,-0.0243,-0.013,-0.019,0.0823,-0.0064,0.0666,1101.9779,1073.4599,True,0.0182,0.9461,1185.9216,806.38,0.0229,0.6913,112200.0,1.1115,0.2927,ハリマ化成グループ,プライム（内国株式）,化学
4412,2026-10-02,1495.0,0.024,0.0755,0.0802,0.1689,0.0928,0.1532,1364.6802,1235.7785,True,0.0955,0.5635,2652.8433,1052.1446,0.027,0.2523,149500.0,0.6059,0.4749,サイエンスアーツ,グロース（内国株式）,情報・通信業
4413,2026-10-02,2953.0,-0.0047,-0.0037,-0.003,0.02,0.0096,0.0044,2964.72,2877.32,True,-0.004,0.8946,3301.048,1685.8746,0.0018,10.2594,295300.0,1.0107,0.5895,ボードルア,プライム（内国株式）,情報・通信業
4414,2026-10-02,1120.0,-0.0278,-0.0044,-0.0295,-0.0549,-0.0168,-0.0705,1115.76,1138.7333,True,0.0038,0.5572,2010.0,950.0,0.0283,0.1382,112000.0,0.503,0.309,フレクト,グロース（内国株式）,情報・通信業
4415,2026-10-02,1456.0,-0.0136,0.0139,0.029,0.1602,0.0416,0.1445,1411.08,1347.2267,True,0.0318,0.9274,1570.0,958.0,0.0267,0.1565,145600.0,0.5102,0.2697,ブロードエンタープライズ,グロース（内国株式）,情報・通信業
4416,2026-10-02,400.0,-0.0172,-0.0244,-0.0719,-0.095,-0.0593,-0.1107,411.8,417.7067,True,-0.0287,0.4515,886.0,364.0,0.0186,0.0189,40000.0,0.3766,0.2558,Ｔｒｕｅ　Ｄａｔａ,グロース（内国株式）,情報・通信業
4417,2026-10-02,5630.0,0.0181,0.0473,0.1906,0.3433,0.2032,0.3277,4950.4316,4377.2266,True,0.1373,0.9537,5903.3365,2173.2952,0.053,3.8093,563000.0,1.1052,0.2668,グローバルセキュリティエキスパート,グロース（内国株式）,情報・通信業
4418,2026-10-02,1125.0,-0.0053,-0.0035,0.0054,0.4764,0.018,0.4607,1100.6,894.4667,True,0.0222,0.5781,1946.0,596.0,0.0445,2.2416,112500.0,0.6151,0.2736,ＪＤＳＣ,グロース（内国株式）,情報・通信業
4419,2026-10-02,1443.0,0.0907,0.0411,0.0315,-0.0482,0.0441,-0.0638,1385.84,1437.56,True,0.0412,0.8255,1748.0,754.0,0.0398,5.494,144300.0,0.7899,0.3443,Ｆｉｎａｔｅｘｔホールディングス,グロース（内国株式）,情報・通信業
441A,2026-10-02,258.0,-0.0444,-0.0618,-0.0301,0.0488,-0.0175,0.0331,269.36,255.88,True,-0.0422,0.6136,420.5,206.0,0.0484,0.1423,25800.0,1.3487,0.2,ＮＥ,グロース（内国株式）,情報・通信業
4420,2026-10-02,818.0,0.0,0.0,-0.1011,0.0212,-0.0885,0.0056,818.48,787.5434,True,-0.0006,0.8099,1010.0,460.5984,0.0043,3.718,81800.0,1.0215,0.2286,イーソル,スタンダード（内国株式）,情報・通信業
4421,2026-10-02,897.0,-0.0033,-0.0261,-0.0178,-0.0146,-0.0052,-0.0303,916.4472,908.6388,True,-0.0212,0.8372,1071.4268,855.0064,0.0068,0.0374,89700.0,1.7762,0.5203,ディ・アイ・システム,スタンダード（内国株式）,情報・通信業
4422,2026-10-02,497.0,-0.002,-0.006,-0.1576,-0.1504,-0.145,-0.1661,541.88,555.08,False,-0.0828,0.3049,1630.0,155.3333,0.0516,0.4546,49700.0,0.3478,0.1443,ＶＡＬＵＥＮＥＸ,グロース（内国株式）,情報・通信業
4424,2026-10-02,305.0,-0.0439,-0.0287,-0.1408,0.1213,-0.1282,0.1057,329.36,315.4133,True,-0.074,0.4326,705.0,196.0,0.0546,0.2464,30500.0,0.0652,0.2704,Ａｍａｚｉａ,グロース（内国株式）,情報・通信業
4425,2026-10-02,1441.0,0.0,-0.015,-0.0387,-0.2777,-0.0261,-0.2934,1470.12,1675.0667,False,-0.0198,0.4589,3140.0,930.0,0.0377,2.7867,144100.0,0.5355,0.2668,Ｋｕｄａｎ,グロース（内国株式）,情報・通信業
4427,2026-10-02,224.0,-0.0088,0.0136,-0.0175,0.2948,-0.0049,0.2791,227.2,207.1867,False,-0.0141,0.5926,378.0,165.0,0.0855,0.2094,22400.0,2.9107,0.4545,ＥｄｕＬａｂ,グロース（内国株式）,情報・通信業
4428,2026-10-02,693.0,-0.0043,-0.017,-0.0239,0.0913,-0.0113,0.0757,707.28,687.5142,True,-0.0202,0.7175,965.8,603.1792,0.0165,0.0095,69300.0,0.3702,0.245,シノプス,グロース（内国株式）,情報・通信業
4429,2026-10-02,718.0,-0.011,-0.0258,-0.0164,0.0084,-0.0038,-0.0072,728.72,715.4667,False,-0.0147,0.5837,1230.0,685.0,0.0181,0.0176,71800.0,1.0435,0.2077,リックソフト,グロース（内国株式）,情報・通信業
442A,2026-10-02,821.0,0.0024,0.0889,-0.1631,-0.1967,-0.1505,-0.2123,897.48,967.08,False,-0.0852,0.2027,4050.0,730.0,0.0441,0.055,82100.0,1.9748,0.3617,クラシコ,グロース（内国株式）,繊維製品
4430,2026-10-02,1711.0,-0.0138,-0.0172,-0.0468,0.0307,-0.0342,0.0151,1748.0,1682.8667,True,-0.0212,0.8734,1959.0085,1522.7102,0.0161,0.2355,171100.0,0.7256,0.24,東海ソフト,スタンダード（内国株式）,情報・通信業
4431,2026-10-02,3370.0,-0.0189,0.012,-0.0742,0.1482,-0.0616,0.1325,3432.8,3134.5467,True,-0.0183,0.881,3825.0,1947.9974,0.0449,3.2528,337000.0,0.742,0.1816,スマレジ,グロース（内国株式）,情報・通信業
4432,2026-10-02,3350.0,0.0015,0.003,-0.0262,0.3739,-0.0135,0.3582,3309.6992,2934.5834,True,0.0122,0.9119,3673.6518,2180.4914,0.0221,3.5864,335000.0,0.4191,0.1894,ウイングアーク１ｓｔ,プライム（内国株式）,情報・通信業
4433,2026-10-02,839.0,-0.0059,-0.0233,-0.0378,-0.0156,-0.0252,-0.0313,859.7609,860.0037,True,-0.0241,0.7754,1082.0633,795.5785,0.0118,0.3103,83900.0,0.7327,0.3827,ヒト・コミュニケーションズ・ホールディングス,プライム（内国株式）,サービス業
4434,2026-10-02,2396.0,-0.0168,-0.0264,-0.0622,0.2133,-0.0496,0.1976,2449.759,2228.5356,True,-0.0219,0.8934,2682.0,1710.8755,0.0265,0.7546,239600.0,0.5302,0.258,サーバーワークス,スタンダード（内国株式）,情報・通信業
4436,2026-10-02,649.0,-0.0284,-0.0923,0.5452,0.4988,0.5579,0.4832,502.84,460.5067,True,0.2907,0.769,844.0,402.0,0.0788,2.0153,64900.0,4.479,0.8369,ミンカブ・ジ・インフォノイド,グロース（内国株式）,情報・通信業
4437,2026-10-02,721.0,0.0014,-0.0309,-0.0575,-0.0942,-0.0449,-0.1099,740.4,784.8267,False,-0.0262,0.5405,1334.0,581.6571,0.0229,0.0357,72100.0,1.1297,0.2667,ｇｏｏｄｄａｙｓホールディングス,グロース（内国株式）,情報・通信業
4438,2026-10-02,289.0,-0.0647,0.0433,0.1202,0.1606,0.1328,0.145,271.64,258.0,True,0.0639,0.5179,558.0,231.0,0.0986,0.6544,28900.0,5.4308,0.4982,Ｗｅｌｂｙ,グロース（内国株式）,情報・通信業
4439,2026-10-02,837.0,0.0133,0.0097,0.0462,0.1234,0.0589,0.1077,799.3596,775.3087,True,0.0471,0.7262,1152.6214,671.7717,0.0168,0.045,83700.0,0.6413,0.533,東名,スタンダード（内国株式）,情報・通信業
4440,2026-10-02,2446.0,0.0107,-0.0538,0.5863,1.1878,0.5989,1.1721,2085.1964,1445.3619,True,0.173,0.7967,3070.0,984.0523,0.1436,54.6325,244600.0,0.8513,0.2846,ヴィッツ,スタンダード（内国株式）,情報・通信業
4441,2026-10-02,1463.0,-0.0142,-0.0381,-0.0298,0.0303,-0.0172,0.0146,1495.04,1489.96,True,-0.0214,0.8631,1695.0,905.0,0.0428,0.2668,146300.0,0.5534,0.158,トビラシステムズ,スタンダード（内国株式）,情報・通信業
4442,2026-10-02,411.0,-0.0072,0.0098,0.0,0.0199,0.0126,0.0042,406.0,399.9467,True,0.0123,0.8462,485.7112,366.0,0.0118,0.1975,41100.0,2.1369,0.3706,バルテス・ホールディングス,グロース（内国株式）,情報・通信業
4443,2026-10-02,2069.0,0.0093,0.0044,-0.0829,0.2057,-0.0703,0.19,2100.12,1894.92,True,-0.0148,0.8786,2355.0,992.4182,0.0337,26.3685,206900.0,0.9206,0.2484,Ｓａｎｓａｎ,プライム（内国株式）,情報・通信業
4445,2026-10-02,1791.0,-0.0039,-0.0862,-0.0574,0.1822,-0.0447,0.1665,1907.52,1756.5467,True,-0.0611,0.9,1990.0,1435.0,0.0361,0.0917,179100.0,2.7072,0.4847,リビン・テクノロジーズ,グロース（内国株式）,情報・通信業
4446,2026-10-02,724.0,0.0084,-0.0474,-0.1502,-0.2173,-0.1376,-0.233,804.8,806.1733,True,-0.1004,0.3991,1814.0,384.0,0.085,2.198,72400.0,2.3772,0.2306,Ｌｉｎｋ－Ｕグループ,スタンダード（内国株式）,情報・通信業
4447,2026-10-02,479.0,-0.0083,-0.021,-0.023,0.1019,-0.0104,0.0862,486.4874,460.4195,True,-0.0154,0.8468,565.6813,409.3725,0.0151,0.0854,47900.0,2.0565,0.2762,ピー・ビーシステムズ,グロース（内国株式）,情報・通信業
4448,2026-10-02,362.0,0.0112,-0.0269,0.0197,0.2189,0.0323,0.2032,357.24,317.1467,True,0.0133,0.7956,455.0,247.0,0.032,0.2775,36200.0,0.5577,0.1988,ｋｕｂｅｌｌ,グロース（内国株式）,情報・通信業
4450,2026-10-02,2406.0,0.0075,0.016,0.0173,0.2066,0.03,0.1909,2346.12,2169.7572,True,0.0255,0.9266,2596.4976,1889.1353,0.0121,0.078,240600.0,1.8833,0.3956,パワーソリューションズ,グロース（内国株式）,情報・通信業
4452,2026-10-02,3439.0,-0.0123,-0.0211,-0.0484,0.0456,-0.0358,0.0299,3502.92,3371.7573,True,-0.0182,0.9093,3782.0,2845.6722,0.0164,94.6036,343900.0,0.8995,0.2239,花王,プライム（内国株式）,化学
4461,2026-10-02,14850.0,0.0041,0.0702,0.0748,0.1591,0.0875,0.1434,13310.5077,12550.5448,True,0.1157,0.939,15815.4857,5555.7808,0.0432,21.3399,1485000.0,0.7093,0.4858,第一工業製薬,プライム（内国株式）,化学
4462,2026-10-02,2950.0,-0.0114,0.0621,0.001,-0.1224,0.0136,-0.1381,2861.5458,3060.0109,True,0.0309,0.7677,3842.5053,1832.7066,0.0336,1.4086,295000.0,1.7842,0.2663,石原ケミカル,プライム（内国株式）,化学
4463,2026-10-02,1969.0,-0.011,-0.018,-0.0483,0.1535,-0.0357,0.1378,1992.76,1879.6949,True,-0.0119,0.9188,2143.0,1353.1909,0.0193,0.3211,196900.0,0.6799,0.1608,日華化学,スタンダード（内国株式）,化学
4464,2026-10-02,4050.0,0.0,0.006,0.1603,0.1329,0.1729,0.1173,3736.1238,3612.2527,True,0.084,0.987,4103.493,2802.9863,0.0134,0.1779,405000.0,1.8017,0.0903,ソフト９９コーポレーション,スタンダード（内国株式）,化学
4465,2026-10-02,2472.0,0.009,0.0542,0.0152,0.1514,0.0278,0.1357,2420.8,2296.92,True,0.0212,0.9457,2613.9904,2042.0,0.0273,0.2264,247200.0,1.8864,0.2548,ニイタカ,スタンダード（内国株式）,化学
446A,2026-10-02,2572.0,0.1115,0.112,0.1766,0.9411,0.1892,0.9255,2185.68,1727.9067,True,0.1768,0.9961,2582.0,976.0,0.0532,18.4289,257200.0,1.2257,0.3825,ノースサンド,グロース（内国株式）,サービス業
4471,2026-10-02,1655.0,0.0012,0.0789,0.0595,0.4342,0.0721,0.4185,1495.6494,1329.1015,True,0.1065,0.9898,1672.0,919.2316,0.0282,6.6035,165500.0,1.0045,0.5615,三洋化成工業,プライム（内国株式）,化学
4475,2026-10-02,1760.0,-0.0146,-0.0096,0.0352,0.4126,0.0478,0.397,1694.8028,1417.7006,True,0.0385,0.9633,1827.0,875.7174,0.0373,9.6305,176000.0,0.8878,0.2083,ＨＥＮＮＧＥ,グロース（内国株式）,情報・通信業
4476,2026-10-02,1087.0,-0.0018,0.0028,-0.0564,0.1264,-0.0438,0.1108,1104.4,1051.0267,True,-0.0158,0.58,1874.0,920.0,0.0175,0.1259,108700.0,0.522,0.194,ＡＩ　ＣＲＯＳＳ,グロース（内国株式）,情報・通信業
4477,2026-10-02,370.0,0.0914,0.0979,0.0137,0.3028,0.0263,0.2871,339.68,306.4533,True,0.0893,0.9809,377.197,252.0,0.0149,4.2585,37000.0,1.3833,0.7636,ＢＡＳＥ,グロース（内国株式）,情報・通信業
4478,2026-10-02,3460.0,-0.0267,-0.0572,-0.1732,0.629,-0.1606,0.6133,3866.8,2966.48,True,-0.1052,0.7546,4585.0,1831.0,0.0434,18.9948,346000.0,0.6966,0.3533,フリー,グロース（内国株式）,情報・通信業
4479,2026-10-02,953.0,0.0011,-0.0325,-0.0145,0.072,-0.0019,0.0563,961.92,908.0667,True,-0.0093,0.722,1320.0,675.0,0.031,0.7937,95300.0,0.3394,0.2644,マクアケ,グロース（内国株式）,情報・通信業
4480,2026-10-02,2307.0,-0.0069,-0.0179,-0.1185,0.1421,-0.1058,0.1264,2463.2,2269.7467,True,-0.0634,0.7589,3040.0,1715.0,0.0312,6.1386,230700.0,0.8249,0.203,メドレー,プライム（内国株式）,情報・通信業
4481,2026-10-02,3175.0,-0.0124,-0.0109,-0.0662,0.0715,-0.0536,0.0559,3271.0,3133.982,True,-0.0293,0.9058,3505.1095,2742.0062,0.015,1.9322,317500.0,0.7041,0.2421,ベース,プライム（内国株式）,情報・通信業
4482,2026-10-02,752.0,0.0027,0.008,0.0231,0.0577,0.0358,0.042,742.0,725.8673,True,0.0135,0.921,816.5169,671.8217,0.0085,0.0533,75200.0,0.8481,0.2178,ウィルズ,グロース（内国株式）,情報・通信業
4483,2026-10-02,3625.0,-0.0255,0.0055,0.0462,0.1983,0.0588,0.1827,3544.8,3271.96,True,0.0226,0.7363,4923.0409,2369.0,0.0306,9.9144,362500.0,0.6846,0.2026,ＪＭＤＣ,プライム（内国株式）,情報・通信業
4484,2026-10-02,286.0,0.0,-0.053,-0.037,0.04,-0.0244,0.0243,294.76,285.16,True,-0.0297,0.8831,323.8623,251.0,0.0142,0.0412,28600.0,1.2625,0.5404,ランサーズ,グロース（内国株式）,情報・通信業
4486,2026-10-02,675.0,-0.0146,-0.0232,-0.0426,0.053,-0.0299,0.0374,684.16,661.6667,False,-0.0134,0.8752,771.2467,617.0,0.0133,0.0386,67500.0,0.7163,0.2778,ユナイトアンドグロウ,グロース（内国株式）,情報・通信業
4487,2026-10-02,220.0,0.0185,-0.0222,-0.0435,0.0138,-0.0309,-0.0018,228.0,224.1467,False,-0.0351,0.5836,377.0,205.0,0.0341,0.0125,22000.0,1.4748,0.4,スペースマーケット,グロース（内国株式）,情報・通信業
4488,2026-10-02,2086.0,-0.0234,-0.0151,-0.0855,-0.0043,-0.0729,-0.02,2159.08,2125.1867,False,-0.0338,0.6153,3390.0,1903.0,0.0243,0.1308,208600.0,0.5959,0.2445,ＡＩ　ｉｎｓｉｄｅ,グロース（内国株式）,情報・通信業
4490,2026-10-02,672.0,-0.0118,-0.0044,0.0105,0.1294,0.0231,0.1137,661.44,642.24,True,0.016,0.8317,808.0,445.0,0.0222,0.0598,67200.0,0.455,0.2679,ビザスク,グロース（内国株式）,情報・通信業
4491,2026-10-02,3020.0,0.0,-0.0917,-0.075,-0.0227,-0.0624,-0.0383,3262.4,3167.2533,True,-0.0743,0.8004,3773.0,2425.5,0.0213,0.1478,302000.0,2.2212,0.5678,コンピューターマネージメント,スタンダード（内国株式）,情報・通信業
4492,2026-10-02,389.0,0.0157,0.0208,0.0103,-0.0413,0.0229,-0.057,389.3396,391.9876,True,-0.0009,0.7984,487.2073,340.6107,0.0237,0.0983,38900.0,0.5177,0.1716,ゼネテック,スタンダード（内国株式）,情報・通信業
4493,2026-10-02,1973.0,-0.0233,0.0061,0.063,0.0943,0.0757,0.0786,1884.16,1845.8933,True,0.0472,0.9232,2137.09,1448.0,0.0453,3.8824,197300.0,1.4572,0.2274,サイバーセキュリティクラウド,グロース（内国株式）,情報・通信業
4495,2026-10-02,2054.0,-0.0019,-0.0158,-0.0238,0.1481,-0.0111,0.1325,2048.2,1932.8672,True,0.0028,0.7012,2929.3354,1709.0,0.0191,0.1602,205400.0,1.0094,0.2571,アイキューブドシステムズ,グロース（内国株式）,情報・通信業
4496,2026-10-02,738.0,-0.012,-0.0108,-0.026,-0.0082,-0.0134,-0.0238,751.8923,766.0219,True,-0.0185,0.8874,831.6211,656.543,0.0208,0.0275,73800.0,0.4311,0.2277,コマースＯｎｅホールディングス,グロース（内国株式）,情報・通信業
4498,2026-10-02,1114.0,-0.015,-0.047,-0.1674,-0.074,-0.1548,-0.0897,1215.96,1206.16,True,-0.0839,0.7044,1581.4849,1030.0,0.0403,0.7833,111400.0,0.6249,0.2296,サイバートラスト,グロース（内国株式）,情報・通信業
4499,2026-10-02,2333.0,0.0013,0.0467,-0.0454,0.0882,-0.0328,0.0725,2348.56,2317.12,False,-0.0066,0.6322,3690.0,1983.0,0.0398,2.107,233300.0,0.6932,0.269,Ｓｐｅｅｅ,スタンダード（内国株式）,情報・通信業
4502,2026-10-02,5643.0,-0.0154,-0.0381,-0.0177,0.0714,-0.005,0.0558,5718.3852,5451.6622,True,-0.0132,0.9517,5929.2283,3962.4113,0.0196,250.7137,564300.0,1.1823,0.2799,武田薬品工業,プライム（内国株式）,医薬品
4503,2026-10-02,2245.0,-0.0283,-0.048,-0.0541,0.0612,-0.0415,0.0456,2301.3394,2219.2252,True,-0.0245,0.8406,2670.8318,1508.1525,0.0218,132.793,224500.0,1.0158,0.268,アステラス製薬,プライム（内国株式）,医薬品
4506,2026-10-02,1613.5,-0.0131,0.0116,0.0148,0.0363,0.0274,0.0206,1576.22,1449.4467,True,0.0237,0.4907,3288.0,1188.0,0.0321,58.3941,161350.0,0.8163,0.287,住友ファーマ,プライム（内国株式）,医薬品
4507,2026-10-02,2786.0,-0.0231,-0.0392,-0.0431,-0.0161,-0.0305,-0.0318,2869.8033,2830.5027,False,-0.0292,0.7511,3709.0611,2335.8154,0.021,83.2626,278600.0,1.1066,0.3115,塩野義製薬,プライム（内国株式）,医薬品
4512,2026-10-02,291.0,-0.0102,-0.0169,-0.0762,0.043,-0.0636,0.0273,300.56,280.9467,True,-0.0318,0.7733,376.2953,240.0,0.0201,0.1117,29100.0,0.6793,0.222,わかもと製薬,スタンダード（内国株式）,医薬品
4516,2026-10-02,3378.0,-0.034,-0.02,-0.0311,-0.1654,-0.0185,-0.181,3416.4209,3661.1574,False,-0.0112,0.5328,6339.7113,3094.6027,0.0167,15.2075,337800.0,1.2071,0.2954,日本新薬,プライム（内国株式）,医薬品
4519,2026-10-02,6032.0,-0.0232,-0.0883,-0.1301,-0.2107,-0.1175,-0.2263,6589.64,7000.7985,False,-0.0846,0.5688,10605.004,5974.0,0.0287,211.8423,603200.0,1.4529,0.4792,中外製薬,プライム（内国株式）,医薬品
4521,2026-10-02,3775.0,-0.0156,-0.0242,-0.0352,0.0115,-0.0226,-0.0042,3839.5147,3800.9407,False,-0.0168,0.8903,4240.3056,3376.9812,0.0135,4.2584,377500.0,0.9337,0.2801,科研製薬,プライム（内国株式）,医薬品
4523,2026-10-02,4700.0,-0.0275,-0.0358,0.0046,0.1228,0.0172,0.1072,4718.5543,4491.8928,True,-0.0039,0.913,5147.9279,3600.4998,0.021,57.5655,470000.0,0.9161,0.2505,エーザイ,プライム（内国株式）,医薬品
4524,2026-10-02,2230.0,-0.0027,-0.0106,-0.0062,0.0319,0.0064,0.0163,2242.96,2208.08,True,-0.0058,0.9598,2323.3549,2041.4414,0.0046,0.0278,223000.0,1.2906,0.4181,森下仁丹,スタンダード（内国株式）,医薬品
4526,2026-10-02,3075.0,-0.0097,-0.0638,-0.079,0.0103,-0.0664,-0.0054,3258.1283,3149.208,True,-0.0562,0.9011,3412.5149,2617.9005,0.0169,3.7244,307500.0,1.8416,0.5463,理研ビタミン,プライム（内国株式）,食料品
4527,2026-10-02,2788.0,-0.0113,-0.0032,-0.0768,0.1694,-0.0642,0.1537,2872.3456,2611.1029,True,-0.0294,0.901,3094.2094,2175.9622,0.023,30.0955,278800.0,0.9385,0.2571,ロート製薬,プライム（内国株式）,医薬品
4528,2026-10-02,2290.0,-0.0184,-0.0464,-0.0631,-0.0373,-0.0505,-0.053,2365.1748,2356.6967,True,-0.0318,0.8846,2588.8281,1582.7593,0.0186,35.1325,229000.0,1.0879,0.3009,小野薬品工業,プライム（内国株式）,医薬品
4531,2026-10-02,368.0,0.0027,0.0138,0.0,0.0138,0.0126,-0.0019,360.92,357.92,True,0.0196,0.5896,624.1975,267.2346,0.0179,0.1133,36800.0,0.426,0.2587,有機合成薬品工業,スタンダード（内国株式）,化学
4534,2026-10-02,3090.0,-0.0283,-0.0513,-0.0541,-0.0061,-0.0415,-0.0218,3207.5078,3156.6622,False,-0.0366,0.7983,3870.8884,2859.4784,0.0177,1.3528,309000.0,0.8767,0.3969,持田製薬,プライム（内国株式）,医薬品
4536,2026-10-02,1645.5,-0.0289,-0.0472,-0.1262,-0.246,-0.1135,-0.2617,1753.3874,1903.5089,False,-0.0615,0.7391,2226.3192,1424.7831,0.0253,24.0079,164550.0,1.3658,0.2922,参天製薬,プライム（内国株式）,医薬品
4538,2026-10-02,2165.0,-0.0186,-0.0183,-0.0413,0.0341,-0.0287,0.0184,2209.9362,2153.9942,True,-0.0203,0.8896,2433.7659,1950.5159,0.0165,0.3233,216500.0,1.1807,0.2209,扶桑薬品工業,プライム（内国株式）,医薬品
4539,2026-10-02,1564.0,-0.0019,-0.0057,-0.0255,0.009,-0.0129,-0.0066,1567.72,1583.2267,False,-0.0024,0.866,1806.0,1460.4311,0.0142,0.0404,156400.0,1.2576,0.2558,日本ケミファ,スタンダード（内国株式）,医薬品
4540,2026-10-02,3703.0,-0.0123,-0.0252,-0.0051,0.0068,0.0075,-0.0089,3711.3297,3709.6609,True,-0.0022,0.8765,4224.8455,3304.6486,0.0152,22.2447,370300.0,1.286,0.2203,ツムラ,プライム（内国株式）,医薬品
4543,2026-10-02,2243.5,-0.0459,-0.0153,-0.1113,0.0015,-0.0987,-0.0142,2338.6742,2317.2331,False,-0.0407,0.8409,2667.8591,1871.7966,0.0246,115.1542,224350.0,1.146,0.2729,テルモ,プライム（内国株式）,精密機器
4544,2026-10-02,3445.0,-0.0249,-0.0261,-0.0397,0.0339,-0.0271,0.0182,3478.9524,3386.0091,True,-0.0098,0.8733,3944.8314,2837.9077,0.0209,7.684,344500.0,0.953,0.2442,Ｈ．Ｕ．グループホールディングス,プライム（内国株式）,サービス業
4547,2026-10-02,3700.0,-0.0339,-0.0505,-0.0725,-0.0714,-0.0599,-0.0871,3894.0312,3953.8026,True,-0.0498,0.7698,4806.6582,3405.5271,0.0204,2.8564,370000.0,1.3363,0.3575,キッセイ薬品工業,プライム（内国株式）,医薬品
4548,2026-10-02,571.0,-0.0189,-0.0682,-0.1926,-0.1937,-0.18,-0.2094,662.4446,693.8509,False,-0.138,0.7079,806.5574,570.0,0.0335,3.4029,57100.0,2.8412,0.5638,生化学工業,プライム（内国株式）,医薬品
4549,2026-10-02,2248.0,-0.0256,-0.0481,-0.0282,-0.1256,-0.0155,-0.1413,2281.8251,2381.1379,False,-0.0148,0.6503,3456.8452,1996.0812,0.0232,3.1851,224800.0,0.6585,0.3072,栄研化学,プライム（内国株式）,医薬品
4552,2026-10-02,484.0,-0.0359,-0.0414,-0.0824,0.085,-0.0698,0.0693,509.26,490.1711,True,-0.0496,0.6092,794.4326,435.3112,0.0272,2.2074,48400.0,0.834,0.2181,ＪＣＲファーマ,プライム（内国株式）,医薬品
4553,2026-10-02,3495.0,-0.021,-0.0476,-0.0738,-0.0998,-0.0612,-0.1155,3632.4086,3808.4959,False,-0.0378,0.7869,4441.2618,2708.0211,0.0288,4.0022,349500.0,0.9016,0.2818,東和薬品,プライム（内国株式）,医薬品
4554,2026-10-02,1720.0,-0.0249,-0.0468,-0.0299,-0.1274,-0.0173,-0.1431,1766.1761,1874.539,False,-0.0261,0.6823,2521.01,1443.3644,0.022,1.6379,172000.0,0.8917,0.3199,富士製薬工業,プライム（内国株式）,医薬品
4558,2026-10-02,199.0,-0.005,0.0076,0.0026,0.0178,0.0152,0.0021,198.4915,197.3433,True,0.0026,0.9359,212.6368,194.1043,0.0059,0.019,19900.0,0.5788,0.2984,中京医薬品,スタンダード（内国株式）,医薬品
4559,2026-10-02,1898.0,-0.0272,-0.0556,-0.0453,-0.0616,-0.0327,-0.0773,1979.8654,2026.9861,False,-0.0413,0.7896,2403.7866,1833.9422,0.0134,3.4885,189800.0,1.5051,0.4587,ゼリア新薬工業,プライム（内国株式）,医薬品
4563,2026-10-02,35.0,-0.0278,-0.0278,-0.125,-0.2553,-0.1124,-0.271,37.4,43.9067,False,-0.0642,0.3763,93.0,34.0,0.0469,0.5821,3500.0,0.836,0.1826,アンジェス,グロース（内国株式）,医薬品
4564,2026-10-02,21.0,0.05,0.0,-0.0455,0.05,-0.0328,0.0343,21.64,20.44,True,-0.0296,0.6176,34.0,18.0,0.0544,34.6376,2100.0,0.8627,0.2625,オンコセラピー・サイエンス,グロース（内国株式）,医薬品
4565,2026-10-02,1220.0,-0.0348,-0.0317,0.0844,0.2577,0.0971,0.2421,1200.8,1041.7467,True,0.016,0.9249,1319.0,723.0,0.0446,14.283,122000.0,1.0055,0.2535,ネクセラファーマ,プライム（内国株式）,医薬品
4568,2026-10-02,2709.0,-0.0115,-0.0585,-0.0325,0.0408,-0.0199,0.0252,2786.069,2693.8161,True,-0.0277,0.669,4049.5548,2347.7739,0.0265,172.0506,270900.0,1.1001,0.2882,第一三共,プライム（内国株式）,医薬品
4569,2026-10-02,1065.0,-0.0301,-0.0575,-0.0925,-0.0879,-0.0799,-0.1036,1124.1163,1133.0519,False,-0.0526,0.6232,1708.7972,1042.7231,0.0196,2.2312,106500.0,0.8803,0.3634,杏林製薬,プライム（内国株式）,医薬品
456A,2026-10-02,2170.0,0.0534,0.2309,0.3445,0.3674,0.3571,0.3517,1649.44,1540.6667,True,0.3156,0.9927,2186.0,762.5,0.0554,16.4298,217000.0,2.0221,0.6339,ＨＵＭＡＮ　ＭＡＤＥ,グロース（内国株式）,小売業
4570,2026-10-02,1145.0,-0.0239,-0.0537,0.0741,0.1348,0.0867,0.1191,1131.28,1031.84,True,0.0121,0.301,3803.687,462.0185,0.0432,1.7741,114500.0,1.0739,0.2023,免疫生物研究所,グロース（内国株式）,医薬品
4571,2026-10-02,95.0,-0.0306,-0.0404,-0.0594,-0.0686,-0.0468,-0.0843,100.04,100.7867,False,-0.0504,0.374,254.0,93.0,0.0316,0.334,9500.0,0.8406,0.2667,ＮＡＮＯホールディングス,グロース（内国株式）,医薬品
4572,2026-10-02,413.0,-0.044,-0.0923,-0.0213,0.2255,-0.0087,0.2098,429.32,366.88,True,-0.038,0.8066,512.0,200.0,0.04,0.4898,41300.0,0.7849,0.3273,カルナバイオサイエンス,グロース（内国株式）,医薬品
4574,2026-10-02,252.0,-0.0156,-0.027,-0.0308,-0.0735,-0.0181,-0.0892,256.76,262.3733,False,-0.0185,0.795,317.0,246.0,0.0235,0.2153,25200.0,0.8026,0.2193,大幸薬品,プライム（内国株式）,医薬品
4575,2026-10-02,739.0,-0.0067,0.0082,-0.1367,0.071,-0.1241,0.0553,775.56,721.9467,True,-0.0471,0.5676,1302.0,506.0,0.0445,1.3427,73900.0,0.6355,0.3622,キャンバス,グロース（内国株式）,医薬品
4576,2026-10-02,74.0,-0.0263,0.0571,-0.1591,-0.0633,-0.1465,-0.079,80.52,78.8533,True,-0.081,0.4088,181.0,66.0,0.0589,0.3318,7400.0,1.0421,0.2525,デ・ウエスタン・セラピテクス研究所,グロース（内国株式）,医薬品
4577,2026-10-02,1309.0,0.0023,-0.0304,-0.0091,0.0506,0.0035,0.0349,1314.56,1283.6133,True,-0.0042,0.875,1496.0451,1106.0221,0.021,0.9913,130900.0,1.0481,0.2734,ダイト,プライム（内国株式）,医薬品
4578,2026-10-02,11320.0,-0.0126,0.0143,-0.0864,0.0018,-0.0737,-0.0139,11627.2,11445.0417,True,-0.0264,0.8847,12795.0,7527.0221,0.0284,158.7174,1132000.0,1.1472,0.2865,大塚ホールディングス,プライム（内国株式）,医薬品
4579,2026-10-02,609.0,-0.0364,0.0033,0.0953,0.2661,0.1079,0.2504,573.76,519.3467,True,0.0614,0.4157,1465.0,438.0,0.0337,0.6949,60900.0,1.0978,0.3659,ラクオリア創薬,グロース（内国株式）,医薬品
4582,2026-10-02,56.0,0.0,-0.0345,-0.1111,-0.2727,-0.0985,-0.2884,58.52,65.8133,False,-0.0431,0.2445,229.0,53.0,0.0446,0.4081,5600.0,0.8425,0.2,シンバイオ製薬,グロース（内国株式）,医薬品
4583,2026-10-02,102.0,-0.0192,-0.0097,0.2289,0.3421,0.2415,0.3264,94.32,80.3467,True,0.0814,0.7183,142.0,65.0,0.07,3.5664,10200.0,1.1799,0.378,カイオム・バイオサイエンス,グロース（内国株式）,医薬品
4584,2026-10-02,162.0,-0.0299,-0.0241,-0.0581,0.0385,-0.0455,0.0228,167.16,154.52,True,-0.0309,0.5062,320.0,125.0,0.0348,0.4287,16200.0,0.8261,0.1949,キッズウェル・バイオ,グロース（内国株式）,医薬品
4586,2026-10-02,59.0,0.0,0.0,-0.0484,0.1132,-0.0358,0.0975,60.72,60.3333,False,-0.0283,0.2622,225.0,48.0,0.0339,0.4299,5900.0,0.3189,0.25,メドレックス,グロース（内国株式）,医薬品
4587,2026-10-02,1076.0,-0.0503,0.0065,-0.02,0.0467,-0.0074,0.031,1080.08,1027.06,False,-0.0038,0.6001,1793.0,906.4,0.0328,7.9241,107600.0,0.8996,0.3202,ペプチドリーム,プライム（内国株式）,医薬品
4588,2026-10-02,5980.0,-0.0116,-0.0478,0.4392,1.2313,0.4519,1.2157,5401.6,3668.76,True,0.1071,0.873,6850.0,611.0,0.1045,112.0859,598000.0,1.5135,0.2512,オンコリスバイオファーマ,グロース（内国株式）,医薬品
4591,2026-10-02,76.0,-0.05,0.0,-0.1739,0.1515,-0.1613,0.1358,82.48,75.2933,True,-0.0786,0.6333,120.0,57.0,0.0376,0.4585,7600.0,0.2301,0.245,リボミック,グロース（内国株式）,医薬品
4592,2026-10-02,941.0,-0.0218,-0.0105,-0.0053,-0.123,0.0073,-0.1387,942.8,985.0667,False,-0.0019,0.2358,3990.0,858.0,0.0414,6.7825,94100.0,0.9288,0.2949,サンバイオ,グロース（内国株式）,医薬品
4593,2026-10-02,287.0,-0.0205,-0.0103,-0.0271,0.148,-0.0145,0.1323,289.48,266.1067,False,-0.0086,0.457,628.0,208.0,0.0503,4.9622,28700.0,0.9812,0.2911,ヘリオス,グロース（内国株式）,医薬品
4594,2026-10-02,49.0,0.0,-0.0392,-0.0755,0.0652,-0.0628,0.0495,53.92,50.36,True,-0.0912,0.5104,96.0,43.0,0.0671,1.0952,4900.0,1.1747,0.4261,ブライトパス・バイオ,グロース（内国株式）,医薬品
4595,2026-10-02,1693.0,-0.0191,-0.0298,-0.0348,0.0114,-0.0222,-0.0043,1724.08,1686.9222,True,-0.018,0.9039,1873.0006,1502.8015,0.0106,1.1005,169300.0,0.8866,0.3667,ミズホメディー,スタンダード（内国株式）,医薬品
4596,2026-10-02,67.0,0.0152,0.0152,-0.0147,-0.2299,-0.0021,-0.2456,66.2,65.0533,True,0.0121,0.1914,350.0,41.0,0.0341,0.7266,6700.0,0.1691,0.0875,窪田製薬ホールディングス,グロース（内国株式）,医薬品
4597,2026-10-02,32.0,0.0,0.0323,0.0667,0.2308,0.0793,0.2151,29.84,28.4133,True,0.0724,0.7619,42.0,21.0,0.0513,18.8345,3200.0,0.7971,0.3043,ソレイジア・ファーマ,グロース（内国株式）,医薬品
4598,2026-10-02,111.0,-0.0348,-0.0513,-0.2792,-0.1654,-0.2666,-0.1811,115.52,116.8667,False,-0.0391,0.1586,700.0,92.0,0.0631,2.9739,11100.0,0.3364,0.2286,Ｄｅｌｔａ－Ｆｌｙ　Ｐｈａｒｍａ,グロース（内国株式）,医薬品
4599,2026-10-02,164.0,-0.0353,-0.0629,-0.5191,-0.476,-0.5064,-0.4917,246.2,290.6933,False,-0.3339,0.4457,368.0,161.0,0.1128,1.5335,16400.0,1.1054,0.1297,ステムリム,グロース（内国株式）,医薬品
460A,2026-10-02,1225.0,0.0025,-0.0577,0.1449,0.3968,0.1575,0.3811,1123.64,990.4933,True,0.0902,0.7048,1738.0,555.0,0.0674,0.5276,122500.0,2.1298,0.2737,ＢＲＡＮＵ,グロース（内国株式）,情報・通信業
4611,2026-10-02,1555.0,-0.007,-0.0239,-0.0518,0.1317,-0.0392,0.1161,1563.04,1452.2533,True,-0.0051,0.943,1649.0,1152.1525,0.0176,1.0065,155500.0,0.8725,0.2193,大日本塗料,プライム（内国株式）,化学
4612,2026-10-02,1158.5,-0.0182,-0.0178,-0.035,0.0653,-0.0224,0.0496,1155.16,1143.5502,True,0.0029,0.9033,1282.5,935.2463,0.0218,36.9665,115850.0,0.9572,0.3287,日本ペイントホールディングス,プライム（内国株式）,化学
4613,2026-10-02,2760.5,-0.0188,-0.0172,-0.0193,0.0222,-0.0066,0.0065,2787.7941,2731.5581,True,-0.0098,0.9116,3028.2825,2179.364,0.0171,24.8585,276050.0,1.05,0.2184,関西ペイント,プライム（内国株式）,化学
4615,2026-10-02,132.0,0.0076,0.0154,-0.0075,0.0312,0.0051,0.0156,131.8,129.84,True,0.0015,0.9706,136.0,119.0,0.013,0.0268,13200.0,0.692,0.2917,神東塗料,スタンダード（内国株式）,化学
4616,2026-10-02,2731.0,0.0248,0.0735,0.1156,0.4834,0.1282,0.4678,2454.8,2126.0267,True,0.1125,0.9579,2851.0,1765.0,0.0205,0.0561,273100.0,1.0266,0.6794,川上塗料,スタンダード（内国株式）,化学
4617,2026-10-02,3550.0,-0.0301,0.0056,0.0113,0.033,0.0239,0.0174,3505.1822,3520.8999,True,0.0128,0.7612,4663.5607,2853.6935,0.0275,6.2047,355000.0,0.7729,0.285,中国塗料,プライム（内国株式）,化学
4619,2026-10-02,2591.0,-0.0111,-0.0197,-0.0295,0.107,-0.0168,0.0914,2619.4873,2485.5367,True,-0.0109,0.9579,2704.903,1923.7065,0.0137,0.8043,259100.0,0.9259,0.3258,日本特殊塗料,スタンダード（内国株式）,化学
4620,2026-10-02,1089.0,0.0046,0.0057,0.1148,0.0302,0.1274,0.0145,994.25,981.2672,False,0.0953,0.834,1305.7509,565.0322,0.0286,1.2345,108900.0,1.0131,0.4274,藤倉化成,スタンダード（内国株式）,化学
4623,2026-10-02,1852.0,0.0142,-0.0064,0.0074,0.0909,0.02,0.0752,1835.1617,1753.8847,True,0.0092,0.9851,1880.0,1653.8987,0.0142,0.0373,185200.0,0.46,0.2899,アサヒペン,スタンダード（内国株式）,化学
4624,2026-10-02,3905.0,-0.0114,-0.0309,-0.0485,0.1524,-0.0359,0.1367,4009.1662,3702.2425,True,-0.026,0.9201,4244.0956,3324.0938,0.0142,0.0414,390500.0,0.4615,0.3855,イサム塗料,スタンダード（内国株式）,化学
4625,2026-10-02,895.0,0.0045,0.0194,0.0505,0.1949,0.0631,0.1793,859.92,789.88,True,0.0408,0.8814,1015.3864,643.0455,0.0286,0.104,89500.0,1.203,0.2777,アトミクス,スタンダード（内国株式）,化学
4626,2026-10-02,4800.0,-0.0058,0.0042,0.0105,-0.0381,0.0231,-0.0537,4745.92,4852.6667,False,0.0114,0.7649,6275.0,3700.0,0.0066,15.7794,480000.0,1.0199,0.4403,太陽ホールディングス,プライム（内国株式）,化学
4627,2026-10-02,2084.0,0.0097,0.0606,0.0611,0.1754,0.0737,0.1597,1946.0,1830.8,True,0.0709,0.9599,2171.0,1424.1755,0.0227,0.3069,208400.0,0.9784,0.5634,ナトコ,スタンダード（内国株式）,化学
4628,2026-10-02,10180.0,0.001,-0.001,0.0705,0.115,0.0831,0.0993,9778.4,9322.6667,True,0.0411,0.8852,11500.0,8575.4946,0.0232,1.3499,1018000.0,1.124,0.2333,エスケー化研,スタンダード（内国株式）,化学
4629,2026-10-02,2407.0,-0.0147,-0.0486,0.0896,0.3218,0.1023,0.3061,2409.24,2095.4933,True,-0.0009,0.9187,2620.0,1473.3694,0.0389,0.1689,240700.0,0.577,0.2253,大伸化学,スタンダード（内国株式）,化学
462A,2026-10-02,245.0,-0.0161,-0.0392,-0.1967,-0.0161,-0.1841,-0.0317,279.12,254.52,False,-0.1222,0.1688,1451.0,202.0,0.0665,0.8161,24500.0,0.2958,0.2395,ＦＵＮＤＩＮＮＯ,グロース（内国株式）,証券、商品先物取引業
4631,2026-10-02,4883.0,-0.0187,0.0076,-0.0778,0.0192,-0.0652,0.0035,4849.36,4860.9259,True,0.0069,0.831,5876.0,3321.4199,0.0234,27.6179,488300.0,0.7902,0.29,ＤＩＣ,プライム（内国株式）,化学
4633,2026-10-02,2595.0,-0.017,-0.0332,-0.0378,0.0813,-0.0252,0.0656,2623.2,2530.1968,True,-0.0108,0.9554,2716.0,2086.2987,0.0171,3.4037,259500.0,0.8486,0.2845,サカタインクス,プライム（内国株式）,化学
4634,2026-10-02,5020.0,-0.0157,-0.0214,-0.0346,0.1422,-0.022,0.1265,5081.8,4712.8177,True,-0.0122,0.9617,5220.0,2930.3146,0.0201,6.7009,502000.0,0.918,0.188,ａｒｔｉｅｎｃｅ,プライム（内国株式）,化学
4635,2026-10-02,1965.0,-0.032,-0.0129,-0.0843,0.4557,-0.0716,0.44,2045.1608,1691.9429,True,-0.0392,0.9116,2155.5664,1162.6404,0.0243,0.6049,196500.0,0.7616,0.3139,東京インキ,スタンダード（内国株式）,化学
463A,2026-10-02,981.0,-0.0249,-0.0429,-0.0229,0.0721,-0.0103,0.0565,1007.4,951.6667,True,-0.0262,0.8553,1146.949,852.0,0.0167,0.1426,98100.0,0.9649,0.3485,インテリックスホールディングス,スタンダード（内国株式）,不動産業
4641,2026-10-02,862.0,-0.0137,-0.0115,-0.0336,0.1051,-0.021,0.0895,868.04,824.637,True,-0.007,0.94,916.999,730.2641,0.0152,0.7553,86200.0,0.8568,0.1836,アルプス技研,プライム（内国株式）,サービス業
4642,2026-10-02,1396.0,0.005,-0.0085,-0.0099,-0.021,0.0027,-0.0367,1408.56,1416.6933,False,-0.0089,0.6674,2091.7087,1373.2947,0.0108,0.0286,139600.0,1.1683,0.2245,オリジナル設計,スタンダード（内国株式）,サービス業
4644,2026-10-02,1027.0,-0.0048,0.0031,-0.0091,0.0176,0.0035,0.0019,1027.9318,1018.8696,True,-0.0009,0.9844,1043.2264,962.9715,0.0064,0.3688,102700.0,3.3271,0.422,イマジニア,スタンダード（内国株式）,情報・通信業
464A,2026-10-02,1633.0,-0.0239,-0.0663,-0.1027,-0.2216,-0.0901,-0.2373,1728.92,1787.5333,False,-0.0555,0.3641,4485.0,1351.0,0.0383,16.811,163300.0,0.646,0.2992,ＱＰＳホールディングス,グロース（内国株式）,情報・通信業
4650,2026-10-02,272.0,0.0074,0.0074,0.0149,0.0303,0.0275,0.0146,269.6,267.64,True,0.0089,0.8774,310.0,260.0,0.0079,0.0085,27200.0,0.9341,0.1867,ＳＤエンターテイメント,スタンダード（内国株式）,サービス業
4651,2026-10-02,245.0,-0.0081,-0.0041,-0.1058,0.0166,-0.0932,0.0009,260.28,254.2533,True,-0.0587,0.7704,318.0,190.1538,0.0265,0.5694,24500.0,0.518,0.1385,サニックスホールディングス,スタンダード（内国株式）,サービス業
4657,2026-10-02,459.0,0.0022,0.0088,-0.0213,-0.0316,-0.0087,-0.0473,462.8,462.0107,True,-0.0082,0.836,549.0179,398.75,0.0148,0.0196,45900.0,0.4096,0.1621,環境管理センター,スタンダード（内国株式）,サービス業
4658,2026-10-02,1541.0,-0.0052,-0.05,-0.0073,-0.0318,0.0053,-0.0475,1555.679,1552.6279,True,-0.0094,0.9226,1670.313,1089.795,0.0238,3.0294,154100.0,1.9813,0.3796,日本空調サービス,プライム（内国株式）,サービス業
4661,2026-10-02,2816.5,-0.0227,-0.0484,-0.0667,0.1104,-0.054,0.0947,3019.1054,2803.8263,True,-0.0671,0.7692,3661.7257,2097.2027,0.0281,165.8861,281650.0,0.9332,0.3276,オリエンタルランド,プライム（内国株式）,サービス業
4662,2026-10-02,1585.0,-0.0228,-0.0281,-0.0639,-0.0449,-0.0513,-0.0606,1621.5988,1654.8533,True,-0.0226,0.7349,2156.7553,1476.8356,0.0159,0.5311,158500.0,0.7034,0.1932,フォーカスシステムズ,プライム（内国株式）,情報・通信業
4664,2026-10-02,1170.0,0.0446,0.0063,0.1773,0.168,0.1899,0.1523,1098.427,984.7128,True,0.0652,0.6524,1793.2587,581.4653,0.0562,1.0107,117000.0,0.6287,0.26,アール・エス・シー,スタンダード（内国株式）,サービス業
4665,2026-10-02,4610.0,-0.0103,-0.0215,-0.0053,0.0639,0.0074,0.0482,4619.9468,4459.3305,True,-0.0022,0.9728,4739.0734,3556.7816,0.0132,5.8187,461000.0,1.4422,0.2468,ダスキン,プライム（内国株式）,サービス業
4666,2026-10-02,1771.0,-0.0398,-0.1204,-0.1469,-0.1215,-0.1343,-0.1372,1971.46,1996.5533,True,-0.1017,0.7598,2331.0,1694.0,0.0305,27.7117,177100.0,1.8977,0.5043,パーク２４,プライム（内国株式）,不動産業
4667,2026-10-02,1051.0,0.001,-0.0474,0.193,0.453,0.2056,0.4373,1052.1867,790.1733,True,-0.0011,0.769,1366.6666,476.8162,0.1071,31.8878,105100.0,0.6283,0.1821,アイサンテクノロジー,スタンダード（内国株式）,情報・通信業
4668,2026-10-02,730.0,-0.0293,-0.0407,-0.0519,0.0674,-0.0393,0.0517,764.2815,739.6449,True,-0.0449,0.9208,792.812,657.406,0.0132,0.5464,73000.0,0.541,0.3941,明光ネットワークジャパン,プライム（内国株式）,サービス業
4671,2026-10-02,2665.0,-0.013,-0.0339,-0.0768,0.0421,-0.0641,0.0264,2803.2017,2676.0935,True,-0.0493,0.9201,2896.3722,2351.0696,0.0175,0.4689,266500.0,1.3581,0.5019,ファルコホールディングス,スタンダード（内国株式）,サービス業
4673,2026-10-02,4830.0,-0.0173,-0.033,-0.0252,0.0309,-0.0126,0.0153,4869.4,4738.4,True,-0.0081,0.7621,6337.8931,3720.6501,0.0156,0.0806,483000.0,0.279,0.3185,川崎地質,スタンダード（内国株式）,サービス業
4674,2026-10-02,1950.0,0.0078,0.0493,-0.0095,0.3301,0.0031,0.3144,1851.3139,1679.3614,True,0.0533,0.9477,2057.5425,1314.758,0.0237,3.1781,195000.0,0.8938,0.4526,クレスコ,プライム（内国株式）,情報・通信業
4676,2026-10-02,3884.0,-0.0092,-0.023,-0.0496,0.0028,-0.037,-0.0129,3991.9198,3971.3689,True,-0.027,0.8914,4356.9668,2971.7869,0.0203,23.1239,388400.0,1.1911,0.2654,フジ・メディア・ホールディングス,プライム（内国株式）,情報・通信業
4678,2026-10-02,329.0,-0.012,-0.0179,-0.012,0.0511,0.0006,0.0354,331.84,322.2933,True,-0.0086,0.9268,355.0,264.9942,0.0122,0.0117,32900.0,0.8883,0.15,秀英予備校,スタンダード（内国株式）,サービス業
4679,2026-10-02,269.0,0.0037,0.0189,0.0151,0.0891,0.0277,0.0734,264.28,257.0533,True,0.0179,0.6827,394.0,216.0,0.0117,0.0104,26900.0,1.5164,0.2545,田谷,スタンダード（内国株式）,サービス業
4680,2026-10-02,1241.0,-0.0278,0.0489,-0.068,-0.0087,-0.0554,-0.0244,1238.9579,1224.5306,True,0.0016,0.884,1403.8135,782.0941,0.0358,29.3805,124100.0,0.836,0.355,ラウンドワン,プライム（内国株式）,サービス業
4681,2026-10-02,1733.5,-0.0148,-0.0203,-0.0734,-0.0056,-0.0608,-0.0212,1786.55,1760.9809,True,-0.0297,0.852,2034.6385,1574.4389,0.0173,7.5981,173350.0,0.9106,0.2255,リゾートトラスト,プライム（内国株式）,サービス業
4684,2026-10-02,5064.0,0.0106,0.0101,0.0099,0.2793,0.0225,0.2637,4953.0951,4450.332,True,0.0224,0.9599,5275.6951,3608.6666,0.0232,90.3503,506400.0,0.8132,0.1972,オービック,プライム（内国株式）,情報・通信業
4685,2026-10-02,2767.0,0.0062,0.0118,0.0284,-0.0141,0.041,-0.0297,2670.2818,2701.3139,False,0.0362,0.6497,4259.0243,2422.5496,0.0152,0.5075,276700.0,0.6238,0.4113,菱友システムズ,スタンダード（内国株式）,情報・通信業
4686,2026-10-02,4475.0,0.0102,0.0113,0.0479,0.177,0.0605,0.1613,4282.6413,4004.6481,True,0.0449,0.8429,5308.9484,3294.5248,0.0216,4.7728,447500.0,1.4329,0.2326,ジャストシステム,プライム（内国株式）,情報・通信業
4687,2026-10-02,1070.0,-0.0156,0.0066,0.02,0.1275,0.0326,0.1118,1050.64,999.76,True,0.0184,0.7473,1431.9154,846.0,0.0186,0.8638,107000.0,0.7671,0.2619,ＴＤＣソフト,プライム（内国株式）,情報・通信業
4689,2026-10-02,497.9,-0.0178,-0.0281,-0.1118,0.1362,-0.0992,0.1206,534.556,480.6107,True,-0.0686,0.8721,570.9,358.1809,0.0314,103.1527,49789.9994,1.1398,0.4873,ＬＩＮＥヤフー,プライム（内国株式）,情報・通信業
4691,2026-10-02,2004.0,-0.0128,-0.0055,-0.1109,-0.2489,-0.0983,-0.2645,2140.8,2300.8533,True,-0.0639,0.6413,3125.0,1210.8023,0.0291,1.1355,200400.0,1.0134,0.2468,ワシントンホテル,スタンダード（内国株式）,サービス業
4694,2026-10-02,3565.0,-0.0219,-0.02,-0.02,-0.0011,-0.0073,-0.0167,3591.7098,3559.8313,True,-0.0074,0.8401,4243.6693,3313.1512,0.0166,2.2339,356500.0,0.9922,0.2403,ビー・エム・エル,プライム（内国株式）,サービス業
469A,2026-10-02,1620.0,0.0075,0.0,-0.0288,-0.0253,-0.0162,-0.0409,1654.52,1579.5333,True,-0.0209,0.4807,3370.0,1372.0,0.0232,0.0696,162000.0,1.3117,0.3567,フィットクルー,グロース（内国株式）,サービス業
4704,2026-10-02,6798.0,0.019,0.0393,0.1246,0.0847,0.1372,0.0691,6147.36,6143.1467,True,0.1058,0.8123,8368.7439,4789.0,0.0299,74.2389,679800.0,1.1454,0.2538,トレンドマイクロ,プライム（内国株式）,情報・通信業
4705,2026-10-02,778.0,-0.0038,-0.0064,-0.0202,0.0,-0.0075,-0.0157,790.0,782.68,False,-0.0152,0.9068,858.0,755.0,0.0073,0.0077,77800.0,1.2205,0.2975,クリップコーポレーション,スタンダード（内国株式）,サービス業
4707,2026-10-02,380.0,0.0133,0.0734,0.131,0.1377,0.1436,0.1221,348.0,335.4933,True,0.092,0.962,395.0,309.0,0.0186,0.0822,38000.0,1.297,0.6505,キタック,スタンダード（内国株式）,サービス業
4709,2026-10-02,1045.0,-0.0243,-0.0376,-0.0271,-0.0045,-0.0145,-0.0201,1056.42,1054.2588,True,-0.0108,0.9209,1134.7093,861.0498,0.0176,0.5457,104500.0,0.9572,0.2721,ＩＤホールディングス,プライム（内国株式）,情報・通信業
4712,2026-10-02,813.0,-0.0122,-0.0061,-0.0122,0.1198,0.0005,0.1042,814.0,778.96,True,-0.0012,0.9576,849.0,690.1547,0.011,0.1017,81300.0,0.8921,0.2352,ＫｅｙＨｏｌｄｅｒ,スタンダード（内国株式）,サービス業
4714,2026-10-02,206.0,-0.0144,-0.0374,-0.0237,0.0457,-0.0111,0.03,210.04,203.5333,True,-0.0192,0.9452,217.9372,184.628,0.0163,1.5381,20600.0,1.2334,0.3277,リソー教育グループ,プライム（内国株式）,サービス業
4716,2026-10-02,9682.0,0.0,-0.021,0.0241,0.107,0.0367,0.0913,9314.04,8942.2933,True,0.0395,0.6443,15028.1228,7489.1725,0.0289,28.1026,968200.0,1.2297,0.3272,日本オラクル,スタンダード（内国株式）,情報・通信業
4718,2026-10-02,2446.0,-0.0173,0.0025,-0.0217,0.03,-0.0091,0.0143,2506.4577,2428.5233,True,-0.0241,0.8582,2850.2061,1887.8367,0.024,1.4368,244600.0,1.8493,0.2265,早稲田アカデミー,プライム（内国株式）,サービス業
4719,2026-10-02,3260.0,-0.0106,-0.0062,-0.0405,0.0043,-0.0279,-0.0113,3272.5334,3271.7751,True,-0.0038,0.8028,4060.6216,2991.3543,0.0166,0.4862,326000.0,1.5177,0.3278,アルファシステムズ,プライム（内国株式）,情報・通信業
471A,2026-10-02,1501.0,-0.0215,-0.0297,-0.063,-0.0092,-0.0504,-0.0249,1554.16,1517.034,True,-0.0342,0.8565,1752.4953,1209.5217,0.0135,3.2667,150100.0,1.0688,0.3265,ＮＳグループ,プライム（内国株式）,その他金融業
4720,2026-10-02,240.0,0.0,-0.0123,-0.0164,0.0213,-0.0038,0.0056,243.12,239.96,True,-0.0128,0.6768,354.5861,220.7616,0.0131,0.0087,24000.0,1.5861,0.2864,城南進学研究社,スタンダード（内国株式）,サービス業
4722,2026-10-02,2426.0,0.0,0.0004,-0.0086,0.4466,0.004,0.431,2433.88,2160.9025,True,-0.0032,0.9814,2472.0,1406.136,0.0015,16.488,242600.0,0.7129,0.2471,フューチャー,プライム（内国株式）,情報・通信業
4725,2026-10-02,1915.0,-0.0108,-0.019,-0.0343,0.0795,-0.0217,0.0638,1938.28,1859.9007,True,-0.012,0.9041,2118.0733,1702.6201,0.0117,0.8315,191500.0,0.8386,0.2675,ＣＡＣ　Ｈｏｌｄｉｎｇｓ,プライム（内国株式）,情報・通信業
4728,2026-10-02,647.0,-0.0015,-0.0061,-0.0077,0.0245,0.005,0.0088,648.3122,637.7707,True,-0.002,0.962,672.5496,588.8417,0.0099,0.0385,64700.0,1.341,0.3422,トーセ,スタンダード（内国株式）,情報・通信業
472A,2026-10-02,548.0,-0.0036,-0.0284,0.0092,0.2178,0.0218,0.2021,553.8,517.6933,True,-0.0105,0.723,758.0,378.0,0.0312,0.6289,54800.0,0.3894,0.2343,ミラティブ,グロース（内国株式）,情報・通信業
4732,2026-10-02,1816.0,-0.0082,-0.0165,-0.0866,-0.043,-0.074,-0.0587,1894.2279,1917.8746,True,-0.0413,0.8652,2099.0178,1571.1461,0.0157,28.8287,181600.0,1.5553,0.4319,ユー・エス・エス,プライム（内国株式）,サービス業
4733,2026-10-02,8180.0,0.0049,-0.0019,-0.0543,0.278,-0.0417,0.2623,8259.7793,7415.3049,True,-0.0097,0.8924,9165.9218,5461.8055,0.0207,13.38,818000.0,0.6688,0.2482,オービックビジネスコンサルタント,プライム（内国株式）,情報・通信業
4735,2026-10-02,287.0,0.0141,0.0035,-0.0497,-0.1169,-0.037,-0.1326,295.44,304.0933,False,-0.0286,0.7359,390.0,274.627,0.0197,0.0198,28700.0,1.202,0.4253,京進,スタンダード（内国株式）,サービス業
4736,2026-10-02,612.0,0.0552,0.039,0.0338,0.0116,0.0464,-0.0041,585.52,590.8533,True,0.0452,0.8194,746.8512,539.0,0.013,0.0165,61200.0,0.6848,0.5297,日本ラッド,スタンダード（内国株式）,情報・通信業
4743,2026-10-02,1613.0,-0.0074,-0.0096,-0.0078,0.0073,0.0048,-0.0084,1606.4309,1617.5984,True,0.0041,0.9297,1735.0532,1393.7641,0.0121,1.4877,161300.0,0.9994,0.2122,アイティフォー,プライム（内国株式）,情報・通信業
4746,2026-10-02,1968.0,0.0108,0.044,0.0994,0.7552,0.1121,0.7395,1809.34,1462.698,True,0.0877,0.984,2000.0,905.9513,0.0258,3.4618,196800.0,0.918,0.4181,東計電算,スタンダード（内国株式）,情報・通信業
4750,2026-10-02,558.0,-0.0124,0.0164,0.009,0.0257,0.0217,0.0101,558.76,555.9733,True,-0.0014,0.9039,617.3518,526.0,0.0127,0.043,55800.0,1.6309,0.3818,ダイサン,スタンダード（内国株式）,サービス業
4751,2026-10-02,1231.0,-0.0061,0.0014,-0.0595,-0.1424,-0.0469,-0.158,1248.7172,1332.6291,False,-0.0142,0.7002,1758.0255,1184.4783,0.0187,53.7921,123100.0,0.7749,0.2275,サイバーエージェント,プライム（内国株式）,サービス業
4752,2026-10-02,1608.0,0.0082,-0.0012,0.0203,0.0374,0.0329,0.0217,1588.24,1552.2667,True,0.0124,0.8977,1791.3283,1450.8993,0.01,0.0153,160800.0,1.0831,0.4062,昭和システムエンジニアリング,スタンダード（内国株式）,情報・通信業
4755,2026-10-02,662.1,-0.0288,-0.0266,-0.1247,-0.1334,-0.112,-0.149,724.092,762.064,False,-0.0856,0.6197,1068.5,657.0,0.0241,130.0582,66209.9976,1.2495,0.4537,楽天グループ,プライム（内国株式）,サービス業
475A,2026-10-02,680.0,-0.0044,-0.0131,-0.0188,0.0319,-0.0061,0.0162,690.88,640.1733,True,-0.0157,0.5444,1249.0,558.0,0.039,0.068,68000.0,0.6877,0.2906,ギミック,スタンダード（内国株式）,サービス業
4760,2026-10-02,1199.0,-0.0008,-0.0033,-0.2314,-0.2483,-0.2188,-0.264,1414.48,1518.6665,False,-0.1523,0.6293,1905.1436,1180.0,0.0264,0.056,119900.0,1.6846,0.7047,アルファ,スタンダード（内国株式）,サービス業
4761,2026-10-02,1468.0,-0.0114,0.0077,0.0312,0.0412,0.0438,0.0256,1437.1401,1414.4224,True,0.0215,0.9374,1566.0,1122.3662,0.0195,0.1079,146800.0,1.5261,0.4264,さくらケーシーエス,スタンダード（内国株式）,情報・通信業
4762,2026-10-02,1114.0,0.0286,0.0681,0.0826,0.3087,0.0952,0.293,1054.0529,941.3545,True,0.0569,0.9131,1220.0,649.2423,0.0534,0.0922,111400.0,1.2165,0.3445,エックスネット,スタンダード（内国株式）,情報・通信業
4763,2026-10-02,1479.0,-0.0205,-0.0094,-0.0352,0.1179,-0.0226,0.1022,1498.04,1436.8933,True,-0.0127,0.9456,1564.1559,1213.0,0.0166,0.5929,147900.0,0.8878,0.2686,クリーク・アンド・リバー社,プライム（内国株式）,サービス業
4765,2026-10-02,609.0,-0.0177,-0.0138,-0.0413,0.0964,-0.0287,0.0807,621.0552,592.9703,True,-0.0194,0.9469,643.1218,542.6648,0.0162,1.5643,60900.0,0.7375,0.233,ＳＢＩグローバルアセットマネジメント,プライム（内国株式）,サービス業
4766,2026-10-02,219.0,0.0046,0.058,0.0234,0.2167,0.036,0.201,209.48,196.0667,True,0.0454,0.7552,290.0,177.0,0.0215,0.0295,21900.0,1.6732,0.4455,ピーエイ,スタンダード（内国株式）,サービス業
4767,2026-10-02,390.0,-0.0201,-0.0127,-0.0152,0.2,-0.0025,0.1843,389.84,358.8888,True,0.0004,0.9535,409.0,314.8782,0.0174,0.5524,39000.0,1.0708,0.2653,テー・オー・ダブリュー,スタンダード（内国株式）,サービス業
4768,2026-10-02,3675.0,0.0003,0.0035,0.0,0.2881,0.0126,0.2724,3604.96,3256.9883,True,0.0194,0.9874,3722.0,2643.3234,0.0189,41.5112,367500.0,0.8475,0.223,大塚商会,プライム（内国株式）,情報・通信業
4769,2026-10-02,1122.0,-0.0036,0.0154,0.0109,0.0795,0.0236,0.0638,1106.1061,1087.66,True,0.0144,0.9624,1165.836,965.096,0.0141,0.009,112200.0,0.7124,0.4235,ＩＣ,スタンダード（内国株式）,情報・通信業
476A,2026-10-02,2560.0,0.2427,0.5166,0.5657,0.7321,0.5784,0.7164,1704.16,1596.72,True,0.5022,0.7699,3325.0,1390.0,0.034,0.6709,256000.0,4.5479,1.0422,辻・本郷ＩＴコンサルティング,スタンダード（内国株式）,情報・通信業
4771,2026-10-02,2647.0,-0.0019,-0.0339,-0.0011,0.083,0.0116,0.0674,2686.713,2540.4028,True,-0.0148,0.8841,2993.9693,1993.0502,0.0271,0.389,264700.0,0.8787,0.284,エフアンドエム,スタンダード（内国株式）,サービス業
4772,2026-10-02,74.0,0.0278,0.0,0.0278,0.0137,0.0404,-0.002,72.12,72.9733,False,0.0261,0.5756,128.5514,63.0,0.028,0.0609,7400.0,0.3155,0.1931,ＳＭ　ＥＮＴＥＲＴＡＩＮＭＥＮＴ　ＪＡＰＡＮ,グロース（内国株式）,情報・通信業
4776,2026-10-02,2967.0,-0.0084,-0.0159,-0.0626,0.1713,-0.0499,0.1557,3044.88,2749.2933,True,-0.0256,0.831,3570.2233,1948.0,0.0299,5.7304,296700.0,0.6435,0.2476,サイボウズ,プライム（内国株式）,情報・通信業
4777,2026-10-02,197.0,0.0,-0.0101,-0.039,-0.0296,-0.0264,-0.0452,199.12,200.16,False,-0.0106,0.6502,303.0,173.0,0.0116,0.0442,19700.0,0.7007,0.2188,ガーラ,スタンダード（内国株式）,情報・通信業
477A,2026-10-02,801.0,-0.0232,-0.0419,0.081,0.353,0.0936,0.3374,814.12,679.64,True,-0.0161,0.6625,1209.0,485.0,0.0681,0.3471,80100.0,1.2226,0.2382,スタートライン,グロース（内国株式）,サービス業
4783,2026-10-02,2399.0,-0.0381,-0.0652,-0.0823,0.011,-0.0697,-0.0047,2553.9108,2455.4902,True,-0.0607,0.707,3393.3819,2205.9926,0.024,0.4637,239900.0,1.6561,0.3584,ＮＣＤ,スタンダード（内国株式）,情報・通信業
4784,2026-10-02,511.0,-0.0395,-0.0726,-0.0956,0.0849,-0.083,0.0693,544.28,524.3953,True,-0.0611,0.4267,1197.6102,435.2996,0.037,9.1094,51100.0,0.9749,0.2906,ＧＭＯインターネット,プライム（内国株式）,サービス業
478A,2026-10-02,723.0,-0.0177,-0.0163,-0.1085,-0.0487,-0.0959,-0.0644,772.68,757.4,True,-0.0643,0.5205,1389.0,660.0,0.034,0.6304,72300.0,1.0877,0.2808,フツパー,グロース（内国株式）,情報・通信業
4792,2026-10-02,1696.0,-0.0099,-0.0324,-0.0351,0.0427,-0.0225,0.027,1734.8444,1675.2587,True,-0.0224,0.9428,1798.9382,1555.1926,0.0112,0.4007,169600.0,1.1753,0.3293,山田コンサルティンググループ,プライム（内国株式）,サービス業
479A,2026-10-02,1969.0,-0.0051,-0.0897,0.0473,0.3514,0.06,0.3357,1997.56,1617.4133,True,-0.0143,0.8685,2267.0,1181.0,0.0494,1.4573,196900.0,1.4017,0.3487,ＰＲＯＮＩ,グロース（内国株式）,情報・通信業
4801,2026-10-02,2315.0,-0.0086,-0.0277,-0.0475,-0.0166,-0.0349,-0.0323,2399.2306,2387.3496,True,-0.0351,0.9189,2519.2648,2216.3206,0.0107,0.6843,231500.0,2.1296,0.4688,セントラルスポーツ,プライム（内国株式）,サービス業
4809,2026-10-02,1969.0,-0.0125,0.0005,-0.0015,-0.014,0.0111,-0.0297,1962.6718,1971.324,True,0.0032,0.9568,2057.8281,1843.6519,0.0119,0.3578,196900.0,1.1532,0.2232,パラカ,プライム（内国株式）,不動産業
480A,2026-10-02,991.0,-0.0294,0.0216,0.0323,0.0112,0.0449,-0.0044,950.0,952.92,False,0.0432,0.6788,1460.0,841.0,0.0299,0.1919,99100.0,0.8241,0.3407,リブ・コンサルティング,グロース（内国株式）,サービス業
4811,2026-10-02,901.0,-0.0312,0.0169,0.0078,0.1319,0.0205,0.1162,890.64,835.7067,True,0.0116,0.6542,1377.1999,698.0,0.0304,0.1385,90100.0,0.6711,0.2479,ドリーム・アーツ,グロース（内国株式）,情報・通信業
4812,2026-10-02,2864.0,0.0007,0.0014,0.0039,0.0483,0.0165,0.0326,2850.2,2626.162,True,0.0048,0.9775,2930.0,1708.7238,0.0022,27.6439,286400.0,0.8035,0.1888,電通総研,プライム（内国株式）,情報・通信業
4813,2026-10-02,422.0,-0.0387,0.0293,-0.0601,0.2303,-0.0475,0.2147,419.2,388.6533,False,0.0067,0.6107,691.0,318.0,0.0516,2.0257,42200.0,0.5052,0.3397,ＡＣＣＥＳＳ,プライム（内国株式）,情報・通信業
4814,2026-10-02,167.0,0.0,0.006,-0.0402,0.106,-0.0276,0.0903,167.52,158.3733,True,-0.0031,0.5318,314.0,145.0,0.0466,0.3602,16700.0,3.7168,0.4239,ネクストウェア,スタンダード（内国株式）,情報・通信業
4816,2026-10-02,2906.0,-0.0202,-0.0242,-0.0441,0.1573,-0.0315,0.1416,3022.12,2792.3467,True,-0.0384,0.9167,3170.0,2201.5416,0.0251,12.3455,290600.0,1.005,0.3849,東映アニメーション,スタンダード（内国株式）,情報・通信業
4819,2026-10-02,2457.0,0.0149,0.0208,0.0881,0.1847,0.1008,0.169,2303.4,2195.92,True,0.0667,0.655,3751.3992,1690.0,0.03,6.8317,245700.0,1.1931,0.2621,デジタルガレージ,プライム（内国株式）,情報・通信業
4820,2026-10-02,564.0,-0.0208,-0.0537,-0.0693,0.128,-0.0567,0.1123,591.08,549.6795,True,-0.0458,0.6915,815.5979,477.0716,0.0171,0.4875,56400.0,0.7196,0.3837,イーエムシステムズ,プライム（内国株式）,情報・通信業
4825,2026-10-02,1950.0,-0.0122,-0.0265,-0.058,-0.058,-0.0453,-0.0736,2023.4,2013.7067,False,-0.0363,0.8452,2307.1246,1767.3866,0.0134,3.5953,195000.0,0.7208,0.3213,ウェザーニューズ,プライム（内国株式）,情報・通信業
4826,2026-10-02,527.0,-0.0223,-0.0312,-0.0556,0.0844,-0.0429,0.0687,538.76,517.5552,True,-0.0218,0.889,592.8024,439.4164,0.0173,0.9161,52700.0,0.6377,0.2516,ＣＩＪ,プライム（内国株式）,情報・通信業
4828,2026-10-02,1304.0,-0.0348,-0.0439,-0.0823,0.2049,-0.0697,0.1892,1367.9326,1219.3508,True,-0.0467,0.7692,1695.1998,935.5225,0.0258,1.4214,130400.0,0.7593,0.3218,ビジネスエンジニアリング,プライム（内国株式）,情報・通信業
4829,2026-10-02,105.0,-0.0187,-0.0278,-0.0455,-0.0094,-0.0328,-0.0251,108.44,106.6,True,-0.0317,0.7541,139.2368,99.0,0.019,0.2086,10500.0,0.9426,0.3,日本エンタープライズ,スタンダード（内国株式）,情報・通信業
4832,2026-10-02,1891.0,-0.0125,-0.0054,-0.0441,-0.0559,-0.0315,-0.0716,1913.0135,1926.2452,True,-0.0115,0.79,2393.7776,1770.3677,0.0153,0.2731,189100.0,0.758,0.2567,ＪＦＥシステムズ,スタンダード（内国株式）,情報・通信業
4833,2026-10-02,59.0,-0.0167,0.0172,0.0351,0.4048,0.0477,0.3891,55.52,49.4933,True,0.0627,0.341,173.0,32.0,0.0763,1.3428,5900.0,0.6687,0.2889,Ｄｅｆ　ｃｏｎｓｕｌｔｉｎｇ,グロース（内国株式）,サービス業
4838,2026-10-02,695.0,-0.0184,-0.0013,0.0058,0.0992,0.0184,0.0835,691.954,660.9507,True,0.0044,0.7743,897.5384,595.1004,0.0203,0.2633,69500.0,0.9198,0.1668,スペースシャワーＳＫＩＹＡＫＩホールディングス,スタンダード（内国株式）,情報・通信業
4839,2026-10-02,941.0,-0.0249,-0.059,-0.0674,-0.0599,-0.0548,-0.0756,999.28,1001.6533,False,-0.0583,0.6055,1554.0543,940.0,0.0099,0.9379,94100.0,1.4743,0.7323,ＷＯＷＯＷ,プライム（内国株式）,情報・通信業
483A,2026-10-02,2129.0,0.0024,0.0085,-0.0007,0.0114,0.0119,-0.0043,2123.352,2125.9521,True,0.0027,0.7376,2886.2724,1878.1888,0.0058,0.0328,212900.0,1.0435,0.2994,テラテクノロジー,スタンダード（内国株式）,情報・通信業
4840,2026-10-02,858.0,0.0593,0.126,0.0413,0.2526,0.0539,0.2369,731.2,643.5733,False,0.1734,0.6403,1340.0,400.0,0.0738,3.628,85800.0,2.0975,0.3271,トライアイズ,スタンダード（内国株式）,サービス業
4845,2026-10-02,339.0,-0.0231,-0.0314,-0.0531,0.0463,-0.0404,0.0306,349.48,340.2123,True,-0.03,0.8406,403.2646,318.6532,0.0133,0.1735,33900.0,1.1554,0.3333,スカラ,スタンダード（内国株式）,情報・通信業
4847,2026-10-02,1472.0,0.0,-0.041,0.0636,0.5222,0.0762,0.5066,1421.76,1168.3552,True,0.0353,0.9454,1557.0,884.7864,0.0238,1.2602,147200.0,0.6999,0.3764,インテリジェント　ウェイブ,プライム（内国株式）,情報・通信業
4848,2026-10-02,1778.0,-0.0279,-0.0553,-0.0642,0.1545,-0.0516,0.1389,1851.32,1718.0095,True,-0.0396,0.9174,1938.0,1449.821,0.0223,1.1994,177800.0,0.7672,0.4112,フルキャストホールディングス,プライム（内国株式）,サービス業
4849,2026-10-02,1755.0,0.0086,0.0162,0.0496,0.5234,0.0623,0.5078,1674.2,1412.6933,True,0.0483,0.9915,1770.0,1056.9549,0.029,5.9118,175500.0,1.3361,0.1789,エン,プライム（内国株式）,サービス業
485A,2026-10-02,2128.0,0.0467,0.0047,0.1928,0.0582,0.2054,0.0425,2014.64,1935.8,False,0.0563,0.3816,5576.6665,353.3333,0.094,208.5982,212800.0,1.366,0.2415,パワーエックス,グロース（内国株式）,電気機器
4880,2026-10-02,314.0,-0.0188,-0.0338,-0.1253,-0.0338,-0.1127,-0.0495,332.04,327.5333,False,-0.0543,0.5339,588.0954,294.0,0.0337,0.2655,31400.0,1.207,0.2649,セルソース,スタンダード（内国株式）,医薬品
4881,2026-10-02,47.0,-0.0208,-0.0408,-0.0962,-0.254,-0.0835,-0.2696,50.24,55.8533,False,-0.0645,0.3615,130.0,45.0,0.0289,0.081,4700.0,0.3966,0.2947,ファンペップ,グロース（内国株式）,医薬品
4882,2026-10-02,161.0,-0.0301,-0.0585,0.1181,0.0455,0.1307,0.0298,160.84,153.3467,True,0.001,0.4626,348.0,134.0,0.0524,1.7304,16100.0,0.7646,0.3915,ペルセウスプロテオミクス,グロース（内国株式）,医薬品
4883,2026-10-02,32.0,0.0,-0.0303,-0.0857,-0.0303,-0.0731,-0.046,33.88,33.0933,False,-0.0555,0.381,84.0,29.0,0.1004,1.2164,3200.0,0.3569,0.0933,モダリス,グロース（内国株式）,医薬品
4884,2026-10-02,484.0,-0.0262,-0.0454,0.1025,0.4277,0.1151,0.4121,457.24,381.92,True,0.0585,0.8053,601.0,287.0,0.0493,0.5611,48400.0,1.2884,0.3856,クリングルファーマ,グロース（内国株式）,医薬品
4885,2026-10-02,909.0,-0.0011,0.0033,-0.0011,-0.0055,0.0115,-0.0211,892.72,902.7067,False,0.0182,0.6683,1360.1439,683.5089,0.0173,0.0764,90900.0,0.891,0.42,室町ケミカル,スタンダード（内国株式）,医薬品
4886,2026-10-02,2030.0,-0.0102,-0.0445,-0.0232,-0.138,-0.0106,-0.1537,2068.5784,2147.8432,False,-0.0186,0.6769,2999.1459,1864.7444,0.0201,1.0959,203000.0,0.7773,0.2977,あすか製薬ホールディングス,プライム（内国株式）,医薬品
4887,2026-10-02,1589.0,-0.0109,-0.0302,0.0038,-0.0593,0.0164,-0.075,1591.7483,1617.7375,False,-0.0017,0.6685,2376.9972,1524.5036,0.0196,11.5928,158900.0,1.3067,0.2691,サワイグループホールディングス,プライム（内国株式）,医薬品
4888,2026-10-02,426.0,-0.0139,-0.0047,0.1482,0.3654,0.1609,0.3497,396.64,347.2933,True,0.074,0.4281,995.0,200.0,0.0609,1.6812,42600.0,1.4648,0.2237,ステラファーマ,グロース（内国株式）,医薬品
4889,2026-10-02,1103.0,-0.0239,-0.0944,-0.1033,-0.2786,-0.0906,-0.2943,1195.68,1385.1333,False,-0.0775,0.471,2342.0,1101.0,0.0517,2.6616,110300.0,0.6094,0.3715,レナサイエンス,グロース（内国株式）,医薬品
4890,2026-10-02,251.0,-0.0271,-0.0233,-0.1605,0.0502,-0.1479,0.0345,273.0,254.8667,True,-0.0806,0.5251,478.0,210.0,0.0495,0.0977,25100.0,0.38,0.2333,坪田ラボ,グロース（内国株式）,医薬品
4891,2026-10-02,126.0,-0.0382,-0.0597,0.156,0.1667,0.1686,0.151,119.48,109.0533,False,0.0546,0.759,166.0,92.0,0.0488,0.624,12600.0,1.1209,0.3093,ティムス,グロース（内国株式）,医薬品
4892,2026-10-02,655.0,-0.003,-0.0507,0.1676,0.1781,0.1802,0.1624,627.64,566.9733,True,0.0436,0.8573,764.0,487.0,0.0458,0.5589,65500.0,1.5517,0.2767,サイフューズ,グロース（内国株式）,医薬品
4893,2026-10-02,117.0,0.0086,-0.0565,-0.2148,-0.0859,-0.2021,-0.1016,136.92,134.2933,True,-0.1455,0.5392,217.0,114.0,0.0366,0.1439,11700.0,1.2119,0.5833,ノイルイミューン・バイオテック,グロース（内国株式）,医薬品
4894,2026-10-02,6260.0,0.0162,0.0556,0.1002,0.3448,0.1128,0.3291,5705.6,4947.0,True,0.0972,0.5048,12400.0,3610.0,0.0573,6.6154,626000.0,1.1831,0.3932,クオリプス,グロース（内国株式）,医薬品
4896,2026-10-02,750.0,-0.0625,-0.0625,-0.0706,0.049,-0.058,0.0333,798.84,744.3733,True,-0.0611,0.7903,949.0,604.0,0.03,0.144,75000.0,0.964,0.3467,ケイファーマ,グロース（内国株式）,医薬品
4901,2026-10-02,3314.0,-0.0233,-0.0283,-0.0308,-0.0744,-0.0182,-0.0901,3282.5421,3403.7935,False,0.0096,0.8576,3864.319,2804.4552,0.0193,127.887,331400.0,0.8591,0.3447,富士フイルムホールディングス,プライム（内国株式）,化学
4902,2026-10-02,645.8,-0.0421,-0.024,-0.0594,0.1411,-0.0468,0.1255,637.4932,615.6231,True,0.013,0.9016,716.2982,469.9399,0.0365,37.3629,64579.9988,1.6265,0.2564,コニカミノルタ,プライム（内国株式）,電気機器
4911,2026-10-02,3261.0,-0.0431,-0.0683,-0.0992,0.1777,-0.0865,0.162,3492.84,3193.7009,True,-0.0664,0.8534,3821.0,2092.1839,0.0347,89.0204,326100.0,0.8035,0.3054,資生堂,プライム（内国株式）,化学
4912,2026-10-02,1726.0,-0.008,-0.0026,-0.0928,0.002,-0.0801,-0.0136,1788.86,1752.9435,True,-0.0351,0.8869,1946.0,1460.1962,0.016,18.941,172600.0,0.8744,0.1671,ライオン,プライム（内国株式）,化学
4914,2026-10-02,1252.0,-0.0264,-0.0433,-0.0554,0.1144,-0.0427,0.0988,1288.6552,1207.5856,True,-0.0284,0.7927,1579.4193,1044.0227,0.0162,2.0475,125200.0,0.983,0.3192,高砂香料工業,プライム（内国株式）,化学
4918,2026-10-02,299.0,0.0,-0.0033,0.0,-0.153,0.0126,-0.1686,298.08,305.8533,True,0.0031,0.6789,440.3977,248.0,0.0122,0.0326,29900.0,0.4264,0.2745,アイビー化粧品,スタンダード（内国株式）,化学
4919,2026-10-02,3215.0,-0.0228,-0.0138,-0.0198,0.1632,-0.0072,0.1475,3212.0,2968.6246,True,0.0009,0.9568,3360.0,2226.1668,0.0183,4.6445,321500.0,0.8743,0.263,ミルボン,プライム（内国株式）,化学
4920,2026-10-02,1198.0,0.0363,0.0463,0.0555,0.0426,0.0681,0.027,1136.88,1128.9733,True,0.0538,0.9308,1287.0,1020.0,0.0102,0.0069,119800.0,0.8295,0.6058,日本色材工業研究所,スタンダード（内国株式）,化学
4922,2026-10-02,5385.0,-0.0172,-0.0579,-0.0815,-0.0015,-0.0689,-0.0172,5680.16,5539.5779,True,-0.052,0.8402,6409.4347,4778.6991,0.0216,16.2174,538500.0,0.963,0.4048,コーセーホールディングス,プライム（内国株式）,化学
4923,2026-10-02,1166.0,-0.0169,-0.0536,-0.0551,-0.0077,-0.0425,-0.0233,1224.88,1201.7733,True,-0.0481,0.8568,1360.9267,1036.8966,0.0164,0.3664,116600.0,1.2145,0.4075,コタ,プライム（内国株式）,化学
4925,2026-10-02,1700.0,-0.0029,-0.0185,-0.0179,-0.0064,-0.0053,-0.0221,1724.64,1728.72,True,-0.0143,0.9403,1807.9111,1614.3112,0.0092,0.041,170000.0,1.8575,0.5536,ハーバー研究所,スタンダード（内国株式）,化学
4926,2026-10-02,1235.0,-0.004,-0.004,-0.0032,0.0196,0.0094,0.0039,1238.0665,1228.8112,True,-0.0025,0.9155,1348.9904,1168.7969,0.0043,0.0111,123500.0,1.1131,0.3227,シーボン,スタンダード（内国株式）,化学
4927,2026-10-02,1333.0,-0.0249,-0.041,-0.0386,0.0222,-0.026,0.0066,1369.04,1339.5844,True,-0.0263,0.9292,1434.5,1212.6598,0.0162,7.2942,133300.0,1.0703,0.305,ポーラ・オルビスホールディングス,プライム（内国株式）,化学
4928,2026-10-02,4440.0,-0.0089,-0.0313,-0.0472,0.0434,-0.0345,0.0278,4576.7928,4447.7151,True,-0.0299,0.92,4826.3012,3988.5998,0.0126,4.7219,444000.0,1.226,0.3882,ノエビアホールディングス,プライム（内国株式）,化学
4929,2026-10-02,736.0,0.0,-0.0094,-0.0054,0.0082,0.0072,-0.0075,740.4,735.6667,True,-0.0059,0.9032,814.868,717.0,0.0053,0.0165,73600.0,0.7898,0.28,アジュバンホールディングス,スタンダード（内国株式）,化学
4931,2026-10-02,1964.0,-0.0121,-0.0221,-0.0296,0.022,-0.017,0.0063,1994.2382,1966.0657,True,-0.0152,0.8593,2285.5081,1804.0925,0.0153,1.1748,196400.0,1.7278,0.2496,新日本製薬,プライム（内国株式）,化学
4932,2026-10-02,775.0,-0.0202,-0.0491,0.0013,0.1314,0.0139,0.1157,796.64,728.44,True,-0.0272,0.6792,1141.1215,612.0,0.0218,0.1837,77500.0,1.0308,0.3485,アルマード,スタンダード（内国株式）,化学
4933,2026-10-02,2141.0,-0.0192,-0.0626,0.4755,0.7812,0.4882,0.7655,1770.8,1445.5205,True,0.2091,0.8793,2435.0,1013.2289,0.077,5.4,214100.0,3.4588,0.2931,Ｉ－ｎｅ,プライム（内国株式）,化学
4934,2026-10-02,582.0,-0.0085,-0.0085,-0.0251,-0.0718,-0.0125,-0.0874,594.28,604.0267,False,-0.0207,0.6962,836.0,576.0,0.0218,0.0731,58200.0,1.068,0.2596,プレミアアンチエイジング,グロース（内国株式）,化学
4935,2026-10-02,240.0,0.0762,0.3793,0.165,-0.3333,0.1777,-0.349,191.96,238.0,False,0.2503,0.5256,456.6588,127.0,0.111,5.7042,24000.0,1.9185,0.4879,リベルタ,スタンダード（内国株式）,化学
4936,2026-10-02,293.0,-0.0233,-0.0487,-0.0957,-0.0993,-0.0831,-0.115,312.28,323.2159,False,-0.0617,0.6364,460.4234,291.0,0.0215,0.156,29300.0,1.3082,0.3182,アクシージア,スタンダード（内国株式）,化学
4937,2026-10-02,2378.0,-0.0092,0.0038,0.0335,0.5853,0.0461,0.5697,2377.68,1903.6133,True,0.0001,0.9482,2508.0,1155.0,0.0199,0.1021,237800.0,0.3464,0.2572,Ｗａｑｏｏ,グロース（内国株式）,化学
4951,2026-10-02,1493.0,-0.0106,-0.0151,-0.0093,0.0105,0.0034,-0.0051,1502.1513,1491.4562,True,-0.0061,0.9515,1569.1445,1404.5353,0.01,0.6579,149300.0,1.8945,0.2186,エステー,プライム（内国株式）,化学
4956,2026-10-02,1446.0,-0.0177,-0.036,-0.027,0.0078,-0.0144,-0.0079,1464.7139,1444.0797,True,-0.0128,0.9534,1516.7493,1166.6862,0.0175,0.9803,144600.0,0.923,0.3223,コニシ,プライム（内国株式）,化学
4958,2026-10-02,3255.0,-0.0284,-0.044,-0.0228,0.0163,-0.0102,0.0006,3306.093,3246.3374,True,-0.0155,0.9357,3478.6917,2566.5063,0.0208,3.8326,325500.0,2.2605,0.3592,長谷川香料,プライム（内国株式）,化学
4960,2026-10-02,530.0,-0.0502,-0.1452,-0.0399,-0.0878,-0.0272,-0.1035,578.52,552.3867,True,-0.0839,0.338,1568.2089,278.903,0.0798,1.1571,53000.0,3.1525,0.4186,ケミプロ化成,スタンダード（内国株式）,化学
4966,2026-10-02,21360.0,0.0009,0.0653,0.0854,-0.1979,0.098,-0.2136,19729.6,22497.4667,False,0.0826,0.7513,28430.0,11071.3562,0.0288,9.5746,2136000.0,0.6266,0.4142,上村工業,スタンダード（内国株式）,化学
4967,2026-10-02,7107.0,0.0169,0.0322,0.2392,0.2739,0.2519,0.2582,6043.04,5701.1186,True,0.1761,0.9841,7222.0,4933.521,0.0273,21.6622,710700.0,1.7377,0.7379,小林製薬,プライム（内国株式）,化学
4968,2026-10-02,2320.0,-0.024,-0.029,0.0686,0.1169,0.0813,0.1013,2178.9542,2141.1359,True,0.0647,0.8783,2641.3701,1008.1557,0.04,3.7418,232000.0,0.5779,0.41,荒川化学工業,プライム（内国株式）,化学
4970,2026-10-02,10780.0,0.0179,0.0818,-0.0281,-0.3709,-0.0155,-0.3866,10374.5114,13129.0597,False,0.0391,0.5597,19261.5792,6032.443,0.0405,6.5282,1078000.0,0.5784,0.3121,東洋合成工業,スタンダード（内国株式）,化学
4971,2026-10-02,7200.0,0.0084,0.0698,0.0926,-0.305,0.1052,-0.3207,6489.6,8204.0825,False,0.1095,0.5918,12165.3848,3499.2789,0.0369,22.5116,720000.0,1.0796,0.478,メック,プライム（内国株式）,化学
4972,2026-10-02,4435.0,-0.0045,0.0572,0.0623,0.2511,0.0749,0.2354,4004.0,3587.6133,True,0.1076,0.96,4620.0,1873.2994,0.0353,2.5323,443500.0,0.5848,0.505,綜研化学,スタンダード（内国株式）,化学
4973,2026-10-02,4775.0,-0.0185,-0.0031,0.0103,-0.1125,0.023,-0.1282,4705.2908,4847.4589,False,0.0148,0.7139,6688.9061,2830.0857,0.019,2.8596,477500.0,0.6085,0.2453,日本高純度化学,プライム（内国株式）,化学
4975,2026-10-02,5950.0,-0.0017,0.0294,0.0927,-0.1756,0.1054,-0.1913,5623.4169,6167.5097,False,0.0581,0.7469,7965.7506,4091.4399,0.0237,5.4003,595000.0,0.5813,0.2676,ＪＣＵ,プライム（内国株式）,化学
4976,2026-10-02,1617.0,0.0,0.0267,0.119,0.2438,0.1317,0.2282,1560.24,1404.6185,True,0.0364,0.9266,1745.0,1234.4102,0.0251,0.0807,161700.0,0.9212,0.2884,東洋ドライルーブ,スタンダード（内国株式）,化学
4977,2026-10-02,1175.0,-0.0084,-0.0042,-0.0206,-0.1056,-0.0079,-0.1213,1178.6693,1238.9367,False,-0.0031,0.8153,1441.2112,934.3158,0.0094,0.3497,117500.0,0.8501,0.2606,新田ゼラチン,スタンダード（内国株式）,化学
4978,2026-10-02,132.0,-0.0504,-0.0638,-0.12,0.0154,-0.1074,-0.0003,142.0,134.8,True,-0.0704,0.6346,208.0,117.0,0.0335,0.7718,13200.0,0.8838,0.2935,リプロセル,グロース（内国株式）,化学
4979,2026-10-02,2728.0,-0.0295,-0.0696,-0.087,0.096,-0.0744,0.0804,2875.4,2650.4644,True,-0.0513,0.8237,3311.7434,2014.0652,0.0285,0.684,272800.0,1.06,0.2941,ＯＡＴアグリオ,スタンダード（内国株式）,化学
4980,2026-10-02,3389.0,0.0147,0.1124,0.1245,-0.2031,0.1371,-0.2187,2979.618,3481.0888,False,0.1374,0.6552,5172.714,2060.9723,0.0319,44.9761,338900.0,1.0574,0.5812,デクセリアルズ,プライム（内国株式）,化学
4985,2026-10-02,4565.0,-0.014,-0.0349,-0.0712,-0.046,-0.0586,-0.0616,4755.2,4737.8,True,-0.04,0.8745,5219.893,4475.0,0.0117,2.3975,456500.0,0.8344,0.4293,アース製薬,プライム（内国株式）,化学
4990,2026-10-02,524.0,0.0,-0.0095,-0.0132,0.0212,-0.0006,0.0055,522.9513,504.1147,True,0.002,0.9046,579.2412,443.7577,0.0219,0.0208,52400.0,0.6591,0.3053,昭和化学工業,スタンダード（内国株式）,化学
4992,2026-10-02,1862.0,-0.0357,-0.0451,-0.0987,-0.1254,-0.0861,-0.1411,1939.56,1992.32,True,-0.04,0.8138,2288.0,1507.1471,0.0227,1.3095,186200.0,0.7393,0.3127,北興化学工業,スタンダード（内国株式）,化学
4994,2026-10-02,2616.0,-0.0091,-0.0301,-0.096,0.0942,-0.0834,0.0785,2747.4853,2575.8746,True,-0.0479,0.9015,2901.6789,2109.324,0.0175,0.3963,261600.0,0.8586,0.3357,大成ラミックグループ,スタンダード（内国株式）,化学
4996,2026-10-02,660.0,-0.0193,-0.0251,-0.1656,-0.0743,-0.153,-0.09,721.76,733.0533,False,-0.0856,0.8019,823.0407,644.0,0.0277,4.888,66000.0,1.2634,0.1641,クミアイ化学工業,プライム（内国株式）,化学
4997,2026-10-02,1077.0,-0.0245,-0.108,-0.1761,0.0552,-0.1635,0.0396,1183.7963,1097.8288,True,-0.0902,0.8221,1310.1334,805.6724,0.028,5.0527,107700.0,1.6209,0.4585,日本農薬,プライム（内国株式）,化学
4998,2026-10-02,1131.0,-0.0139,-0.0399,-0.0606,-0.0383,-0.048,-0.0539,1176.76,1180.48,True,-0.0389,0.916,1234.7519,1086.895,0.0109,0.1645,113100.0,0.7877,0.4046,フマキラー,スタンダード（内国株式）,化学
500A,2026-10-02,3370.0,-0.0088,-0.0729,-0.0218,0.1661,-0.0091,0.1504,3479.4,3147.6267,True,-0.0314,0.8868,3800.3027,2756.0,0.0319,0.4367,337000.0,1.7356,0.414,ＴＯブックス,スタンダード（内国株式）,情報・通信業
5010,2026-10-02,304.0,0.0066,0.0519,0.034,0.2827,0.0466,0.267,291.28,260.9467,True,0.0437,0.8216,370.0,180.0,0.028,0.3624,30400.0,0.541,0.2353,日本精蝋,スタンダード（内国株式）,石油・石炭製品
5011,2026-10-02,2236.0,-0.0102,-0.0337,-0.0098,0.0946,0.0029,0.0789,2258.3858,2181.6584,True,-0.0099,0.8403,2661.0106,1901.1925,0.0192,1.5994,223600.0,1.3044,0.2862,ニチレキグループ,プライム（内国株式）,石油・石炭製品
5013,2026-10-02,3135.0,-0.0048,0.013,0.0481,0.0772,0.0607,0.0616,2934.4224,2950.4612,False,0.0684,0.892,3514.432,1993.3722,0.0229,1.3203,313500.0,0.8376,0.4875,ユシロ,スタンダード（内国株式）,石油・石炭製品
5015,2026-10-02,995.0,-0.004,-0.006,-0.009,0.0061,0.0037,-0.0096,1000.0,994.6359,True,-0.005,0.9803,1015.0,830.1503,0.0039,0.0696,99500.0,0.8772,0.2036,ビーピー・カストロール,スタンダード（内国株式）,石油・石炭製品
5016,2026-10-02,3612.0,0.0019,0.0189,-0.0572,-0.1133,-0.0446,-0.129,3657.5638,3883.1448,False,-0.0125,0.6215,5811.588,1536.1166,0.0366,658.5508,361200.0,0.927,0.1653,ＪＸ金属,プライム（内国株式）,非鉄金属
5018,2026-10-02,2301.0,-0.0217,-0.0254,-0.0283,0.2124,-0.0157,0.1967,2341.156,2148.1145,True,-0.0172,0.943,2440.0,1284.1114,0.0219,0.2948,230100.0,0.357,0.2585,ＭＯＲＥＳＣＯ,スタンダード（内国株式）,石油・石炭製品
5019,2026-10-02,1560.0,0.0213,-0.0517,0.0638,0.2985,0.0764,0.2828,1542.3082,1357.6999,True,0.0115,0.923,1690.0629,965.5251,0.0363,90.596,156000.0,1.2396,0.2716,出光興産,プライム（内国株式）,石油・石炭製品
5020,2026-10-02,1364.0,0.0122,-0.0387,-0.0062,0.1306,0.0065,0.1149,1380.2913,1298.3809,True,-0.0118,0.8998,1515.8448,884.8042,0.0268,147.5703,136400.0,1.3396,0.3141,ＥＮＥＯＳホールディングス,プライム（内国株式）,石油・石炭製品
5021,2026-10-02,4160.0,-0.001,-0.0619,-0.0281,0.0879,-0.0155,0.0722,4330.1502,4009.1742,True,-0.0393,0.8573,4852.6587,3281.3762,0.0287,31.6197,416000.0,1.2508,0.4024,コスモエネルギーホールディングス,プライム（内国株式）,石油・石炭製品
5025,2026-10-02,587.0,0.0156,-0.0281,0.0069,0.0911,0.0195,0.0754,588.72,562.2533,False,-0.0029,0.743,790.0,502.0,0.0239,0.0062,58700.0,1.44,0.2357,マーキュリー,グロース（内国株式）,情報・通信業
5026,2026-10-02,611.0,-0.0193,0.0,-0.0129,0.0553,-0.0003,0.0396,608.44,586.1067,True,0.0042,0.5926,1031.0,514.0,0.0271,0.1512,61100.0,0.3864,0.3802,トリプルアイズ,グロース（内国株式）,情報・通信業
5027,2026-10-02,806.0,-0.0266,0.0062,0.0522,0.5323,0.0648,0.5166,776.04,629.56,True,0.0386,0.9416,856.0,375.0,0.0375,2.0532,80600.0,0.8062,0.2681,ＡｎｙＭｉｎｄ　Ｇｒｏｕｐ,グロース（内国株式）,情報・通信業
5028,2026-10-02,350.0,-0.0028,-0.0169,-0.0113,-0.1139,0.0013,-0.1296,356.76,368.56,True,-0.0189,0.6364,550.0,318.0,0.0173,0.0275,35000.0,0.4871,0.2306,セカンドサイトアナリティカ,グロース（内国株式）,情報・通信業
5029,2026-10-02,923.0,-0.0562,-0.0425,0.0537,0.3634,0.0663,0.3477,924.8,800.04,True,-0.0019,0.7756,1190.0,540.0,0.0457,0.1605,92300.0,0.7322,0.242,サークレイス,グロース（内国株式）,情報・通信業
5031,2026-10-02,386.0,0.0239,0.0266,0.1188,0.1287,0.1315,0.113,365.88,346.2933,False,0.055,0.4151,930.0,242.0,0.1012,3.042,38600.0,1.8017,0.2227,モイ,グロース（内国株式）,情報・通信業
5032,2026-10-02,3065.0,-0.0113,0.0355,0.0251,0.2598,0.0377,0.2441,3052.48,2683.2933,True,0.0041,0.4579,6694.062,2007.0,0.0438,22.3747,306500.0,0.9188,0.3016,ＡＮＹＣＯＬＯＲ,プライム（内国株式）,情報・通信業
5033,2026-10-02,1238.0,0.0032,0.0206,0.1635,0.391,0.1762,0.3753,1148.68,958.16,True,0.0778,0.9695,1277.0,660.0,0.0363,0.9252,123800.0,1.0639,0.2933,ヌーラボ,グロース（内国株式）,情報・通信業
5034,2026-10-02,2436.0,-0.0368,-0.0162,0.0684,0.0587,0.081,0.043,2342.12,2235.3067,True,0.0401,0.6303,3865.0,1909.0,0.0359,0.3352,243600.0,0.7749,0.3823,ｕｎｅｒｒｙ,グロース（内国株式）,情報・通信業
5035,2026-10-02,364.0,-0.0109,-0.0293,-0.0136,0.0,-0.0009,-0.0157,366.84,362.2533,False,-0.0077,0.7365,494.1985,349.0,0.0181,0.0101,36400.0,1.3277,0.2587,ＨＯＵＳＥＩ,グロース（内国株式）,情報・通信業
5036,2026-10-02,1554.0,0.0019,-0.0193,-0.0355,-0.0224,-0.0229,-0.038,1542.7459,1525.424,False,0.0073,0.8221,1890.1821,1313.3909,0.021,2.1574,155400.0,1.6625,0.2525,日本ビジネスシステムズ,プライム（内国株式）,情報・通信業
5038,2026-10-02,2283.0,-0.0155,0.0589,0.042,0.1811,0.0546,0.1654,2150.16,2063.12,True,0.0618,0.7619,2996.5878,1695.0,0.0285,0.9274,228300.0,1.2331,0.3919,ｅＷｅＬＬ,グロース（内国株式）,情報・通信業
504A,2026-10-02,602.0,-0.0306,0.0397,0.075,0.1087,0.0876,0.093,572.0,528.3467,False,0.0524,0.4824,1248.0,377.0,0.0561,0.5124,60200.0,0.8028,0.3463,イノバセル,グロース（内国株式）,医薬品
505A,2026-10-02,1329.0,-0.0156,-0.0349,-0.0965,0.1627,-0.0839,0.1471,1394.6,1306.24,True,-0.047,0.7762,1712.2307,1036.0,0.0236,0.2896,132900.0,0.373,0.3245,ギークリー,スタンダード（内国株式）,サービス業
5071,2026-10-02,1392.0,-0.0029,-0.0093,0.0153,0.0153,0.0279,-0.0004,1398.2,1388.5467,True,-0.0044,0.8525,1632.9321,1261.4594,0.0275,0.8605,139200.0,4.5158,0.4858,ヴィス,スタンダード（内国株式）,サービス業
5074,2026-10-02,537.0,-0.0074,-0.0529,-0.157,-0.398,-0.1444,-0.4137,592.88,728.8612,False,-0.0943,0.3766,1425.8667,301.0163,0.0311,5.4022,53700.0,0.5115,0.3709,テスホールディングス,プライム（内国株式）,建設業
5076,2026-10-02,2695.5,-0.0212,-0.048,-0.0562,0.0275,-0.0436,0.0118,2762.1921,2698.8426,True,-0.0241,0.9307,2896.0571,1395.7874,0.024,42.3125,269550.0,0.947,0.2741,インフロニア・ホールディングス,プライム（内国株式）,建設業
5078,2026-10-02,4695.0,0.0,-0.0074,-0.0178,0.0011,-0.0052,-0.0146,4741.0,4767.6667,False,-0.0097,0.7446,6305.3892,4252.2456,0.0068,0.0163,469500.0,1.1139,0.4044,セレコーポレーション,スタンダード（内国株式）,建設業
5079,2026-10-02,2550.0,-0.0027,-0.0151,-0.0312,0.0188,-0.0185,0.0031,2605.4,2560.0,True,-0.0213,0.886,2878.2136,2390.0,0.0122,0.1806,255000.0,1.3899,0.4839,ノバック,スタンダード（内国株式）,建設業
5101,2026-10-02,7061.0,-0.0124,0.0107,-0.0504,-0.0986,-0.0378,-0.1142,7013.64,7399.7992,True,0.0068,0.8516,8291.0,4969.7613,0.0257,65.3119,706100.0,0.9454,0.3033,横浜ゴム,プライム（内国株式）,ゴム製品
5105,2026-10-02,3905.0,-0.0043,0.0088,0.0177,0.0088,0.0303,-0.0069,3761.48,3859.6053,True,0.0382,0.8181,4773.2871,3367.355,0.0249,56.528,390500.0,0.8237,0.2321,ＴＯＹＯ　ＴＩＲＥ,プライム（内国株式）,ゴム製品
5108,2026-10-02,3780.0,-0.0161,-0.0154,-0.0927,0.0754,-0.08,0.0597,3893.28,3800.7023,True,-0.0291,0.8605,4393.0,3109.3037,0.0177,161.8798,378000.0,1.1054,0.2967,ブリヂストン,プライム（内国株式）,ゴム製品
5110,2026-10-02,1979.5,-0.021,-0.0278,-0.1365,-0.1187,-0.1239,-0.1343,2077.84,2190.631,True,-0.0473,0.7213,2744.4725,1658.4444,0.0192,43.4478,197950.0,0.8923,0.1765,住友ゴム工業,プライム（内国株式）,ゴム製品
5121,2026-10-02,2975.0,-0.0133,0.0062,0.0909,0.1677,0.1035,0.152,2746.4125,2625.9064,True,0.0832,0.9835,3025.0,1709.1263,0.0237,2.9087,297500.0,1.4712,0.4617,藤倉コンポジット,プライム（内国株式）,ゴム製品
5122,2026-10-02,6150.0,-0.0144,-0.029,-0.0381,0.1465,-0.0254,0.1308,6195.3302,5877.2353,True,-0.0073,0.9233,6660.5638,4884.2319,0.0223,1.4342,615000.0,0.7154,0.2147,オカモト,プライム（内国株式）,ゴム製品
5125,2026-10-02,550.0,0.028,0.0456,0.1702,0.1853,0.1828,0.1697,494.6,479.0,True,0.112,0.417,1319.0,450.0,0.0352,0.0364,55000.0,1.9406,0.7439,ファインズ,グロース（内国株式）,情報・通信業
5129,2026-10-02,249.0,-0.0386,-0.0158,-0.2762,-0.046,-0.2635,-0.0616,277.2,259.6667,False,-0.1017,0.3744,665.0,227.0,0.0387,0.3838,24900.0,0.3993,0.2696,ＦＩＸＥＲ,グロース（内国株式）,情報・通信業
5131,2026-10-02,156.0,-0.0064,-0.093,0.2683,0.1143,0.2809,0.0986,148.28,133.4533,True,0.0521,0.5324,293.0,110.0,0.1708,8.4922,15600.0,4.7821,0.5255,リンカーズ,グロース（内国株式）,情報・通信業
5132,2026-10-02,1911.0,0.0122,0.0258,-0.0521,-0.0723,-0.0395,-0.088,1967.08,1948.04,True,-0.0285,0.4251,4495.0,1275.0,0.0457,0.7701,191100.0,0.6731,0.2142,ｐｌｕｓｚｅｒｏ,グロース（内国株式）,情報・通信業
5133,2026-10-02,331.0,0.0475,0.0782,0.0712,0.0677,0.0838,0.0521,304.44,301.92,False,0.0872,0.8961,369.3804,267.0,0.0332,0.3114,33100.0,2.161,0.4545,テリロジーホールディングス,スタンダード（内国株式）,情報・通信業
5134,2026-10-02,451.0,0.0,-0.0196,-0.0604,-0.0796,-0.0478,-0.0953,470.2,489.7733,False,-0.0408,0.3967,1137.0,431.0,0.0181,0.0222,45100.0,0.7435,0.1719,ＰＯＰＥＲ,グロース（内国株式）,情報・通信業
5136,2026-10-02,2394.0,-0.0477,-0.0066,0.1805,0.2208,0.1931,0.2051,2159.96,1917.2533,True,0.1084,0.9352,2560.0,1246.0,0.0527,2.0426,239400.0,1.9567,0.2775,ｔｒｉｐｌａ,グロース（内国株式）,情報・通信業
5137,2026-10-02,297.0,-0.023,-0.0326,0.0,0.3879,0.0126,0.3722,305.44,253.8933,True,-0.0276,0.5211,570.0,175.0,0.0443,1.4265,29700.0,0.629,0.213,スマートドライブ,グロース（内国株式）,情報・通信業
5138,2026-10-02,455.0,0.0,0.0388,-0.0401,0.1098,-0.0275,0.0941,457.36,433.9867,True,-0.0052,0.3514,1295.0,365.0,0.0209,0.0047,45500.0,0.6334,0.3263,Ｒｅｂａｓｅ,グロース（内国株式）,情報・通信業
5139,2026-10-02,931.0,-0.0127,-0.019,-0.0342,-0.0021,-0.0216,-0.0178,935.12,935.8528,True,-0.0044,0.7672,1213.4536,834.1871,0.0183,0.0944,93100.0,0.4891,0.3397,オープンワーク,グロース（内国株式）,情報・通信業
5142,2026-10-02,1947.0,0.0005,0.0231,0.0183,0.5998,0.0309,0.5842,1850.28,1542.68,True,0.0523,0.9582,2032.0,1089.0,0.0335,1.3771,194700.0,0.8614,0.4217,アキレス,プライム（内国株式）,化学
5161,2026-10-02,3445.0,-0.0227,-0.0246,-0.0695,0.1425,-0.0569,0.1268,3495.2318,3253.3055,True,-0.0144,0.7967,4323.9819,2649.5685,0.0212,4.2726,344500.0,0.9519,0.2671,西川ゴム工業,スタンダード（内国株式）,ゴム製品
5162,2026-10-02,798.0,-0.0037,0.0181,0.0029,0.0219,0.0156,0.0062,788.0461,784.1703,True,0.0126,0.7632,1045.6149,588.8702,0.0167,0.0247,79800.0,1.0628,0.3063,朝日ラバー,スタンダード（内国株式）,ゴム製品
5184,2026-10-02,4100.0,-0.018,-0.0036,-0.0144,-0.0073,-0.0018,-0.0229,4123.0,4104.8453,True,-0.0056,0.9587,4276.5107,3368.1061,0.0099,0.5013,410000.0,0.8708,0.2333,ニチリン,スタンダード（内国株式）,ゴム製品
5185,2026-10-02,1923.0,-0.0219,-0.0338,-0.0441,0.0878,-0.0315,0.0721,1962.7405,1878.442,True,-0.0202,0.9368,2052.683,1670.2439,0.0139,0.8927,192300.0,0.9181,0.3532,フコク,プライム（内国株式）,ゴム製品
5186,2026-10-02,6570.0,-0.0238,-0.0331,-0.0145,0.0996,-0.0018,0.0839,6649.958,6449.2829,True,-0.012,0.9151,7179.9198,3790.4566,0.0203,2.8619,657000.0,0.6941,0.2669,ニッタ,プライム（内国株式）,ゴム製品
5187,2026-10-02,1149.0,-0.0017,-0.0129,0.0017,0.0286,0.0144,0.013,1147.64,1131.0312,True,0.0012,0.9407,1221.4433,931.8651,0.018,0.0478,114900.0,0.7968,0.3294,クリエートメディック,スタンダード（内国株式）,精密機器
5189,2026-10-02,3410.0,-0.0257,-0.0086,-0.0157,0.0221,-0.003,0.0065,3467.9507,3378.4177,True,-0.0167,0.8337,4090.1155,2027.6181,0.0149,0.0391,341000.0,0.0953,0.2063,櫻護謨,スタンダード（内国株式）,ゴム製品
5192,2026-10-02,4100.0,-0.0168,-0.0323,-0.0637,0.0634,-0.0511,0.0478,4226.8698,4091.759,True,-0.03,0.902,4545.2708,3421.717,0.0154,3.0447,410000.0,1.0269,0.3097,三ツ星ベルト,プライム（内国株式）,ゴム製品
5194,2026-10-02,640.0,-0.0016,0.0095,0.0016,0.0127,0.0142,-0.003,637.92,639.12,False,0.0033,0.6737,949.9454,600.0,0.0086,0.0328,64000.0,0.85,0.2364,相模ゴム工業,スタンダード（内国株式）,ゴム製品
5195,2026-10-02,2450.0,-0.0239,-0.0109,-0.0065,0.1204,0.0061,0.1047,2424.663,2324.6956,True,0.0104,0.9726,2519.0,1787.2583,0.0204,1.7138,245000.0,1.2103,0.2528,バンドー化学,プライム（内国株式）,ゴム製品
519A,2026-10-02,442.0,-0.0134,-0.0811,-0.1484,-0.1451,-0.1357,-0.1607,491.32,504.5467,False,-0.1004,0.5293,835.0,440.0,0.0241,0.0513,44200.0,1.3407,0.545,ベーシック,グロース（内国株式）,情報・通信業
5201,2026-10-02,5749.0,-0.0066,0.0068,-0.0181,-0.165,-0.0055,-0.1807,5661.36,6160.2525,False,0.0155,0.7017,8192.8229,4548.4874,0.0187,68.1478,574900.0,0.8195,0.2228,ＡＧＣ,プライム（内国株式）,ガラス・土石製品
5204,2026-10-02,3030.0,-0.0162,-0.0162,-0.0162,-0.0257,-0.0036,-0.0414,3051.64,3022.2267,True,-0.0071,0.7477,4052.1817,2710.0,0.0131,0.1544,303000.0,0.6905,0.2527,石塚硝子,スタンダード（内国株式）,ガラス・土石製品
5208,2026-10-02,2804.0,-0.0099,0.0274,0.0685,0.0271,0.0811,0.0114,2603.6827,2553.9944,True,0.0769,0.9608,2918.288,1443.5484,0.0278,5.0562,280400.0,0.9884,0.4642,有沢製作所,プライム（内国株式）,化学
520A,2026-10-02,397.0,-0.0434,0.0206,0.2603,0.3412,0.2729,0.3255,394.12,331.04,False,0.0073,0.4907,809.0,260.0,0.1029,3.6481,39700.0,0.6825,0.1566,ジェイファーマ,グロース（内国株式）,医薬品
5210,2026-10-02,2812.0,-0.0046,0.0057,-0.0242,0.0114,-0.0116,-0.0043,2826.958,2771.5673,True,-0.0053,0.7367,3817.2368,2410.3223,0.0135,0.8996,281200.0,0.7987,0.1948,日本山村硝子,スタンダード（内国株式）,ガラス・土石製品
5214,2026-10-02,5059.0,-0.0032,0.0377,0.0409,-0.2039,0.0536,-0.2196,4825.36,5390.4375,False,0.0484,0.6115,8273.4206,4323.0,0.023,31.0132,505900.0,0.8419,0.3685,日本電気硝子,プライム（内国株式）,ガラス・土石製品
5216,2026-10-02,135.0,0.0,-0.0074,-0.1401,-0.1456,-0.1275,-0.1612,146.08,151.5733,True,-0.0758,0.4737,285.0,116.0,0.0344,0.1684,13500.0,0.4,0.28,倉元製作所,スタンダード（内国株式）,ガラス・土石製品
5218,2026-10-02,1629.0,-0.0298,-0.0367,-0.0367,0.0476,-0.024,0.0319,1631.68,1563.0,True,-0.0016,0.9229,1765.0,1019.0,0.0429,1.4561,162900.0,0.774,0.2033,オハラ,スタンダード（内国株式）,ガラス・土石製品
5232,2026-10-02,1866.0,-0.0061,0.0064,0.0076,-0.0273,0.0203,-0.043,1823.2525,1846.1778,True,0.0234,0.8872,2103.2607,1150.1671,0.0271,9.9601,186600.0,0.6933,0.2191,住友大阪セメント,プライム（内国株式）,ガラス・土石製品
5233,2026-10-02,4100.0,0.0024,0.0029,-0.0366,0.0176,-0.024,0.002,4105.011,4079.6961,False,-0.0012,0.8493,4827.3326,3172.5524,0.0237,19.1659,410000.0,0.9578,0.244,太平洋セメント,プライム（内国株式）,ガラス・土石製品
5237,2026-10-02,1134.0,-0.0374,-0.0913,-0.0728,-0.0503,-0.0601,-0.0659,1213.44,1212.52,True,-0.0655,0.8743,1297.0,944.4586,0.0248,0.0611,113400.0,1.1724,0.4738,ノザワ,スタンダード（内国株式）,ガラス・土石製品
523A,2026-10-02,1968.0,0.0025,0.0789,0.0626,0.1482,0.0753,0.1325,1809.16,1709.2133,False,0.0878,0.7628,2580.0,1220.0,0.0481,1.9042,196800.0,0.7989,0.3041,セイワホールディングス,グロース（内国株式）,金属製品
5240,2026-10-02,172.0,-0.0282,-0.0497,-0.2217,0.3333,-0.2091,0.3177,195.08,181.9067,True,-0.1183,0.4526,380.0,113.0,0.0457,0.3251,17200.0,0.0506,0.2927,ｍｏｎｏＡＩ　ｔｅｃｈｎｏｌｏｇｙ,グロース（内国株式）,情報・通信業
5242,2026-10-02,2151.0,-0.0924,-0.0748,-0.0808,1.3716,-0.0681,1.3559,2384.16,1784.6533,True,-0.0978,0.6701,3210.0,804.0,0.0664,0.2065,215100.0,0.1608,0.4377,アイズ,グロース（内国株式）,情報・通信業
5243,2026-10-02,4100.0,0.0419,0.3421,0.4187,0.9759,0.4313,0.9602,3062.64,2437.2267,True,0.3387,0.9951,4120.0,1152.0,0.0517,12.3804,410000.0,1.0842,0.5915,ｎｏｔｅ,グロース（内国株式）,情報・通信業
5244,2026-10-02,176.0,-0.0168,0.0115,-0.0276,0.0173,-0.015,0.0017,176.88,174.3733,True,-0.005,0.5904,298.1019,152.0,0.0248,0.2945,17600.0,0.6289,0.2525,ｊｉｇ．ｊｐ,グロース（内国株式）,情報・通信業
5246,2026-10-02,826.0,-0.0143,-0.0451,-0.0528,0.2553,-0.0401,0.2396,846.72,759.1333,True,-0.0245,0.7388,1118.0,498.0,0.0383,3.2729,82600.0,0.6905,0.2781,ＥＬＥＭＥＮＴＳ,グロース（内国株式）,情報・通信業
5247,2026-10-02,569.0,-0.0035,0.0308,-0.0139,0.0716,-0.0012,0.0559,562.92,549.8667,False,0.0108,0.6021,945.0,508.0,0.0206,0.0158,56900.0,0.7049,0.2561,ＢＴＭ,グロース（内国株式）,情報・通信業
5248,2026-10-02,508.0,-0.0117,-0.0268,-0.0136,-0.0415,-0.001,-0.0572,510.68,503.52,True,-0.0052,0.7226,703.0,420.0,0.0208,0.0895,50800.0,0.3225,0.1797,テクノロジーズ,グロース（内国株式）,情報・通信業
5250,2026-10-02,1068.0,0.0028,-0.049,0.044,-0.0456,0.0566,-0.0612,1088.4,1074.8133,False,-0.0187,0.6873,1554.0,813.4549,0.0388,0.0252,106800.0,1.0585,0.3234,ＧＭＯプライム・ストラテジー,スタンダード（内国株式）,情報・通信業
5252,2026-10-02,970.0,0.001,-0.0527,0.2848,0.1902,0.2974,0.1745,881.16,813.0133,True,0.1008,0.9238,1050.0,469.7745,0.049,0.2207,97000.0,2.0234,0.3263,日本ナレッジ,グロース（内国株式）,情報・通信業
5253,2026-10-02,1500.0,-0.0106,0.0135,-0.0712,-0.031,-0.0586,-0.0467,1612.84,1543.2667,False,-0.07,0.7411,2024.0,1141.0,0.0402,23.9066,150000.0,0.9836,0.3749,カバー,グロース（内国株式）,情報・通信業
5254,2026-10-02,4185.0,-0.0176,0.0182,0.0635,0.0515,0.0762,0.0358,4107.6,4086.3333,True,0.0188,0.832,5030.0,2454.0,0.0283,0.4928,418500.0,0.5896,0.2741,Ａｒｅｎｔ,グロース（内国株式）,情報・通信業
5255,2026-10-02,81.0,0.0125,0.0125,-0.1562,0.0125,-0.1436,-0.0032,86.68,86.9867,False,-0.0655,0.3553,228.0,69.0,0.0397,0.1946,8100.0,0.6302,0.28,モンスターラボ,グロース（内国株式）,情報・通信業
5256,2026-10-02,3520.0,0.0072,-0.0042,0.3037,0.5311,0.3163,0.5154,2924.48,2553.1733,True,0.2036,0.8923,3945.0,2040.0,0.0564,0.3088,352000.0,2.8782,0.4467,Ｆｕｓｉｃ,グロース（内国株式）,情報・通信業
5257,2026-10-02,2887.0,-0.0021,-0.013,0.0311,0.1168,0.0437,0.1012,2858.2,2676.64,True,0.0101,0.9796,2947.0,2264.0,0.0142,0.0598,288700.0,0.9538,0.3024,ノバシステム,スタンダード（内国株式）,情報・通信業
5258,2026-10-02,418.0,-0.0302,-0.0324,-0.0413,0.0663,-0.0287,0.0507,428.12,410.9067,True,-0.0236,0.7872,531.0,291.0,0.0263,0.2445,41800.0,0.4955,0.2273,トランザクション・メディア・ネットワークス,グロース（内国株式）,情報・通信業
5261,2026-10-02,7570.0,-0.0105,-0.0026,-0.0257,-0.0194,-0.0131,-0.0351,7645.2,7624.4,True,-0.0098,0.8592,8810.6436,5248.8941,0.0119,0.2471,757000.0,0.8556,0.2667,リソルホールディングス,プライム（内国株式）,サービス業
5262,2026-10-02,1082.0,-0.0155,-0.0297,-0.0564,0.0249,-0.0438,0.0092,1123.5322,1072.6413,True,-0.037,0.5313,2036.6144,975.6852,0.0202,2.2346,108200.0,0.8721,0.3183,日本ヒューム,プライム（内国株式）,ガラス・土石製品
5268,2026-10-02,831.0,-0.0036,-0.0337,-0.0166,-0.0154,-0.0039,-0.0311,859.84,844.2267,False,-0.0335,0.7236,1148.3804,761.6609,0.0188,0.0819,83100.0,0.6765,0.2749,旭コンクリート工業,スタンダード（内国株式）,ガラス・土石製品
5269,2026-10-02,348.0,-0.0169,-0.0306,-0.069,0.066,-0.0563,0.0504,361.3032,346.3853,True,-0.0368,0.8933,389.5592,301.9672,0.0157,0.5552,34800.0,0.7632,0.2921,日本コンクリート工業,プライム（内国株式）,ガラス・土石製品
5271,2026-10-02,2285.0,0.0,0.0321,-0.0065,0.0885,0.0061,0.0729,2228.8414,2198.848,True,0.0252,0.8981,2544.1592,2054.9734,0.0122,0.0118,228500.0,0.8112,0.3473,トーヨーアサノ,スタンダード（内国株式）,ガラス・土石製品
5273,2026-10-02,2028.0,-0.0098,-0.0423,-0.0301,0.2589,-0.0174,0.2432,2042.5235,1827.8847,True,-0.0071,0.9346,2169.9909,1347.7168,0.0313,1.1714,202800.0,1.1535,0.2616,三谷セキサン,スタンダード（内国株式）,ガラス・土石製品
5279,2026-10-02,1211.0,-0.0008,0.005,-0.0082,-0.0074,0.0044,-0.023,1207.08,1202.8133,True,0.0032,0.8157,1484.6743,1089.0,0.0117,0.0327,121100.0,0.8868,0.3025,日本興業,スタンダード（内国株式）,ガラス・土石製品
5280,2026-10-02,2161.0,-0.0073,-0.0253,-0.0327,-0.0361,-0.0201,-0.0518,2209.8,2214.5733,True,-0.0221,0.7038,3070.5186,2072.0,0.0135,0.1921,216100.0,0.7092,0.4392,ヨシコン,スタンダード（内国株式）,不動産業
5282,2026-10-02,391.0,-0.0151,-0.0251,-0.0942,-0.1024,-0.0816,-0.1181,409.4088,411.0925,True,-0.045,0.7958,491.302,314.3172,0.0203,0.2,39100.0,0.8573,0.2889,ジオスター,スタンダード（内国株式）,ガラス・土石製品
5283,2026-10-02,3230.0,0.027,0.0141,0.011,0.1073,0.0236,0.0916,3162.6,3048.4485,True,0.0213,0.8716,3705.7958,2833.7865,0.0159,0.0198,323000.0,0.8571,0.2528,高見澤,スタンダード（内国株式）,卸売業
5284,2026-10-02,2217.0,-0.0036,-0.0036,-0.0233,-0.0182,-0.0107,-0.0338,2235.32,2240.2667,True,-0.0082,0.9018,2458.3606,2101.0,0.0096,0.1445,221700.0,0.6368,0.1886,ヤマウホールディングス,スタンダード（内国株式）,ガラス・土石製品
5285,2026-10-02,1299.0,-0.0129,-0.0313,-0.0702,-0.0456,-0.0575,-0.0612,1354.52,1360.1733,True,-0.041,0.6097,2130.4011,1185.0,0.0129,0.3302,129900.0,0.5456,0.3949,ヤマックス,スタンダード（内国株式）,ガラス・土石製品
5287,2026-10-02,903.0,-0.0055,-0.0066,0.0227,0.1012,0.0353,0.0855,899.92,853.6533,True,0.0034,0.4457,2026.0408,787.0,0.0574,1.1058,90300.0,0.8043,0.1639,イトーヨーギョー,スタンダード（内国株式）,ガラス・土石製品
5288,2026-10-02,1411.0,-0.0195,-0.0431,-0.0826,-0.0171,-0.07,-0.0328,1461.529,1474.02,False,-0.0346,0.8209,1718.7407,1095.829,0.0157,2.9288,141100.0,1.1237,0.3094,アジアパイルホールディングス,プライム（内国株式）,ガラス・土石製品
5290,2026-10-02,1230.0,0.0107,-0.012,0.0504,-0.0869,0.063,-0.1025,1207.44,1269.9333,False,0.0187,0.5807,2118.0,1127.0,0.024,1.0783,123000.0,1.2769,0.2469,ベルテクスコーポレーション,スタンダード（内国株式）,ガラス・土石製品
5301,2026-10-02,2318.0,0.0024,0.0124,0.2155,0.3182,0.2281,0.3025,2004.34,1795.5555,True,0.1565,0.9803,2364.5,867.8439,0.0422,52.4015,231800.0,1.3697,0.3712,東海カーボン,プライム（内国株式）,ガラス・土石製品
5302,2026-10-02,5170.0,0.0,0.0117,-0.0208,0.0638,-0.0082,0.0481,5074.2,4875.2206,True,0.0189,0.9504,5440.0,4030.2583,0.0184,2.0518,517000.0,0.5697,0.2097,日本カーボン,プライム（内国株式）,ガラス・土石製品
5304,2026-10-02,2362.0,-0.0228,-0.0428,-0.1113,-0.0607,-0.0987,-0.0764,2493.5976,2461.8674,False,-0.0528,0.7967,2964.5521,2018.0095,0.0167,0.4105,236200.0,0.6975,0.3722,ＳＥＣカーボン,スタンダード（内国株式）,ガラス・土石製品
5310,2026-10-02,7810.0,0.009,0.029,0.1352,0.013,0.1478,-0.0027,7152.8,7209.8667,False,0.0919,0.8687,8990.0,4115.5467,0.0331,6.6874,781000.0,0.8462,0.3403,東洋炭素,プライム（内国株式）,ガラス・土石製品
5331,2026-10-02,3695.0,0.0027,0.0125,0.0277,-0.0782,0.0403,-0.0939,3548.6244,3654.3871,False,0.0412,0.8104,4559.3262,2231.1482,0.0238,6.8082,369500.0,0.7887,0.3895,ノリタケ,プライム（内国株式）,ガラス・土石製品
5332,2026-10-02,6097.0,0.0081,0.0413,-0.0128,-0.2825,-0.0002,-0.2982,5899.0388,6934.2257,False,0.0336,0.6484,9402.514,3686.1606,0.0228,63.7083,609700.0,0.9573,0.4216,ＴＯＴＯ,プライム（内国株式）,ガラス・土石製品
5333,2026-10-02,5624.0,0.0104,0.0489,0.0597,-0.24,0.0723,-0.2556,5225.0035,5991.2342,False,0.0764,0.7195,7816.4645,2340.8755,0.028,74.911,562400.0,0.8078,0.4176,ＮＧＫ,プライム（内国株式）,ガラス・土石製品
5334,2026-10-02,3758.0,-0.0201,0.014,-0.0748,-0.2968,-0.0622,-0.3125,3757.1493,4488.1102,False,0.0002,0.686,5478.0437,2667.9609,0.0262,93.3013,375800.0,1.0189,0.3868,日本特殊陶業,プライム（内国株式）,ガラス・土石製品
5337,2026-10-02,919.0,0.0563,0.0711,0.118,0.0491,0.1306,0.0334,841.36,837.72,True,0.0923,0.9892,929.0,492.0,0.0251,0.1906,91900.0,1.7435,0.4681,ダントーホールディングス,スタンダード（内国株式）,ガラス・土石製品
5341,2026-10-02,137.0,0.0,0.0,-0.068,-0.2303,-0.0554,-0.246,141.4,156.7333,False,-0.0311,0.2991,458.0,135.0,0.0156,0.0357,13700.0,0.4308,0.1867,ＡＳＡＨＩ　ＥＩＴＯホールディングス,スタンダード（内国株式）,ガラス・土石製品
5344,2026-10-02,58350.0,-0.0029,0.0499,0.1174,-0.2075,0.1301,-0.2232,54710.6678,59193.277,False,0.0665,0.6819,85565.0164,35912.7793,0.0379,56.5768,5835000.0,0.8029,0.292,ＭＡＲＵＷＡ,プライム（内国株式）,ガラス・土石製品
5351,2026-10-02,1945.0,-0.029,-0.0483,-0.0479,0.0148,-0.0353,-0.0009,2007.6806,1974.9878,True,-0.0312,0.8107,2399.0918,1716.7813,0.0178,2.0959,194500.0,1.0317,0.3276,品川リフラ,プライム（内国株式）,ガラス・土石製品
5355,2026-10-02,665.0,0.0,0.003,-0.0119,-0.0221,0.0007,-0.0377,666.0,673.28,True,-0.0015,0.968,687.0,583.8565,0.0054,0.0267,66500.0,0.8195,0.252,日本坩堝,スタンダード（内国株式）,ガラス・土石製品
5356,2026-10-02,1256.0,0.0088,0.0062,-0.0274,-0.0609,-0.0148,-0.0765,1256.7245,1279.8625,False,-0.0006,0.858,1463.7948,1107.528,0.0153,0.047,125600.0,0.5793,0.2656,美濃窯業,スタンダード（内国株式）,ガラス・土石製品
5357,2026-10-02,1700.0,-0.0139,-0.0047,-0.0215,0.0016,-0.0088,-0.0141,1714.4287,1710.6838,True,-0.0084,0.8864,1917.8579,1587.7504,0.0099,0.6729,170000.0,1.117,0.2999,ヨータイ,プライム（内国株式）,ガラス・土石製品
5363,2026-10-02,719.0,-0.0083,0.0047,0.0421,0.0855,0.0547,0.0699,687.7618,684.2418,True,0.0454,0.9904,726.0,484.4443,0.0152,0.4611,71900.0,1.5472,0.4751,東京窯業,スタンダード（内国株式）,ガラス・土石製品
5367,2026-10-02,1477.0,-0.012,0.0679,0.1336,0.1018,0.1462,0.0862,1355.7563,1327.6217,True,0.0894,0.7113,2076.5428,524.4377,0.0425,2.8222,147700.0,0.707,0.3103,ニッカトー,スタンダード（内国株式）,ガラス・土石製品
5368,2026-10-02,1025.0,-0.0097,-0.0266,0.0118,0.0951,0.0245,0.0794,1015.16,990.0267,True,0.0097,0.782,1310.8043,901.0,0.0208,0.1332,102500.0,1.64,0.3946,日本インシュレーション,スタンダード（内国株式）,ガラス・土石製品
5380,2026-10-02,1276.0,-0.0078,-0.0892,0.0572,0.16,0.0698,0.1443,1322.4,1182.2131,True,-0.0351,0.6761,1887.3931,1000.0,0.0889,0.08,127600.0,1.0352,0.2081,新東,スタンダード（内国株式）,ガラス・土石製品
5381,2026-10-02,1105.0,0.0027,0.0504,0.1162,0.0919,0.1288,0.0762,986.68,961.2267,False,0.1199,0.8025,1377.0,409.8559,0.0476,2.271,110500.0,1.0309,0.4521,マイポックス,スタンダード（内国株式）,ガラス・土石製品
5384,2026-10-02,3560.0,-0.0097,0.0391,0.0331,-0.1981,0.0458,-0.2138,3366.1545,3862.2326,False,0.0576,0.7074,5032.7837,2057.5202,0.032,9.8956,356000.0,0.7764,0.4091,フジミインコーポレーテッド,プライム（内国株式）,ガラス・土石製品
5388,2026-10-02,1397.0,-0.0021,0.0029,0.0445,0.0879,0.0571,0.0723,1352.5706,1282.3912,True,0.0328,0.9746,1433.4639,1065.1274,0.0226,0.1383,139700.0,1.9504,0.3382,クニミネ工業,スタンダード（内国株式）,ガラス・土石製品
5391,2026-10-02,1463.0,-0.0161,-0.0183,-0.0032,0.0055,0.0094,-0.0102,1471.3477,1458.669,True,-0.0057,0.9183,1593.1385,1141.51,0.0125,0.1009,146300.0,0.5981,0.311,エーアンドエーマテリアル,スタンダード（内国株式）,ガラス・土石製品
5393,2026-10-02,3553.0,0.0048,0.0543,0.0435,-0.0919,0.0561,-0.1076,3349.0102,3490.7928,False,0.0609,0.8658,4103.5826,1762.6653,0.0222,16.2812,355300.0,0.883,0.4026,ニチアス,プライム（内国株式）,ガラス・土石製品
5401,2026-10-02,642.5,-0.0115,-0.046,-0.0661,0.193,-0.0535,0.1773,669.9762,621.5938,True,-0.041,0.9102,705.8745,521.178,0.0204,235.7874,64250.0,0.7942,0.3769,日本製鉄,プライム（内国株式）,鉄鋼
5406,2026-10-02,1992.5,-0.007,-0.0233,-0.0157,0.0662,-0.0031,0.0505,2005.7715,1953.7149,True,-0.0066,0.8715,2286.1694,1631.3997,0.0162,37.0098,199250.0,1.0198,0.2031,神戸製鋼所,プライム（内国株式）,鉄鋼
5408,2026-10-02,616.0,-0.0207,-0.0206,-0.0444,0.0125,-0.0318,-0.0032,629.7701,622.2281,True,-0.0219,0.9247,666.1875,534.6422,0.0149,1.1126,61600.0,0.7581,0.2803,中山製鋼所,プライム（内国株式）,鉄鋼
5410,2026-10-02,2865.0,-0.0131,-0.0402,-0.0812,0.092,-0.0685,0.0763,3009.5579,2820.2351,True,-0.048,0.6932,4132.7605,2455.9785,0.0213,2.6737,286500.0,1.1195,0.3672,合同製鐵,プライム（内国株式）,鉄鋼
5411,2026-10-02,1711.0,-0.0172,-0.0521,-0.0964,0.0933,-0.0838,0.0777,1799.3099,1717.047,True,-0.0491,0.7576,2258.5437,1501.3747,0.0197,98.6877,171100.0,0.8053,0.425,ＪＦＥホールディングス,プライム（内国株式）,鉄鋼
5423,2026-10-02,1661.0,-0.0078,-0.0205,-0.0759,-0.0395,-0.0633,-0.0552,1705.4535,1709.8664,True,-0.0261,0.8519,1949.6923,1292.5004,0.0218,6.3991,166100.0,1.0382,0.3245,東京製鐵,プライム（内国株式）,鉄鋼
542A,2026-10-02,1093.0,0.0064,-0.0267,0.0018,0.121,0.0145,0.1054,1072.12,1045.6267,True,0.0195,0.7863,1390.0,925.0,0.0239,0.0837,109300.0,0.6607,0.3874,ビタブリッドジャパン,グロース（内国株式）,化学
543A,2026-10-02,280.0,-0.0278,-0.0343,-0.0175,-0.0929,-0.0049,-0.1085,275.5295,281.0017,False,0.0162,0.5052,554.2214,253.4429,0.028,60.7871,28000.0,1.0819,0.3265,ＡＲＣＨＩＯＮ,プライム（内国株式）,輸送用機器
5440,2026-10-02,1866.0,-0.0235,-0.0593,-0.1139,0.0637,-0.1013,0.0481,1978.7881,1879.1672,True,-0.057,0.7206,2589.4375,1666.5437,0.018,2.152,186600.0,1.0014,0.468,共英製鋼,プライム（内国株式）,鉄鋼
5444,2026-10-02,12025.0,-0.0087,-0.0274,-0.0331,-0.0207,-0.0205,-0.0364,12162.6173,12404.7265,True,-0.0113,0.8552,14060.5341,8684.6331,0.0185,17.4711,1202500.0,0.8803,0.2523,大和工業,プライム（内国株式）,鉄鋼
5445,2026-10-02,1950.0,-0.0255,-0.038,-0.054,0.0685,-0.0414,0.0528,2008.0801,1923.1003,True,-0.0289,0.9187,2122.4981,1694.8306,0.0138,1.8656,195000.0,0.991,0.3258,東京鐵鋼,プライム（内国株式）,鉄鋼
5446,2026-10-02,1074.0,-0.0101,-0.011,-0.0227,-0.0821,-0.0101,-0.0977,1086.72,1116.4533,False,-0.0117,0.8069,1331.0,1060.0,0.0131,0.2525,107400.0,2.1259,0.2203,北越メタル,スタンダード（内国株式）,鉄鋼
5449,2026-10-02,2433.0,-0.0069,-0.0819,-0.1317,0.005,-0.1191,-0.0107,2623.4,2564.2,True,-0.0726,0.6183,3935.0,2221.0,0.0307,0.6587,243300.0,0.8751,0.4359,大阪製鐵,スタンダード（内国株式）,鉄鋼
544A,2026-10-02,320.0,-0.0062,-0.0002,-0.0636,-0.0898,-0.051,-0.1055,329.8288,346.0329,False,-0.0298,0.7574,422.4803,316.1216,0.017,1.1517,32000.0,0.8295,0.2009,ＧＭＳグループ,プライム（内国株式）,機械
5451,2026-10-02,1380.0,-0.0136,-0.0335,-0.0388,0.0741,-0.0262,0.0584,1404.8348,1354.9941,True,-0.0177,0.8849,1559.5099,1159.5869,0.0133,3.5668,138000.0,1.1239,0.3255,ヨドコウ,プライム（内国株式）,鉄鋼
5458,2026-10-02,1300.0,-0.0114,-0.0248,-0.0747,0.0656,-0.0621,0.0499,1347.64,1307.08,True,-0.0354,0.8892,1462.0,904.6949,0.0179,0.0513,130000.0,0.4448,0.3662,高砂鐵工,スタンダード（内国株式）,鉄鋼
545A,2026-10-02,864.0,-0.0346,-0.1255,-0.1488,-0.0598,-0.1361,-0.0755,977.52,934.6667,True,-0.1161,0.8471,1020.0,808.0,0.0183,0.7652,86400.0,1.5843,0.8805,トランヴィア,プライム（内国株式）,情報・通信業
5461,2026-10-02,2110.0,-0.0014,0.0238,-0.0277,0.0624,-0.0151,0.0467,2090.6243,2030.3664,True,0.0093,0.8417,2506.9171,1822.5013,0.0185,2.4223,211000.0,1.3999,0.3428,中部鋼鈑,プライム（内国株式）,鉄鋼
5463,2026-10-02,1666.5,-0.0051,-0.0231,-0.0561,-0.1256,-0.0434,-0.1413,1708.4399,1738.1936,False,-0.0245,0.8515,1957.0597,1205.4995,0.0154,11.7753,166650.0,0.9544,0.337,丸一鋼管,プライム（内国株式）,鉄鋼
5464,2026-10-02,895.0,-0.0143,-0.0314,-0.0355,-0.0416,-0.0229,-0.0573,918.8158,926.2939,False,-0.0259,0.8743,1023.6223,869.5494,0.0111,0.2512,89500.0,1.3985,0.3134,モリ工業,スタンダード（内国株式）,鉄鋼
546A,2026-10-02,2608.0,-0.0412,0.006,0.058,0.1271,0.0707,0.1115,2414.5181,2259.7169,True,0.0801,0.9588,2720.0,1734.863,0.0337,4.5973,260800.0,0.725,0.4549,ＭＩＲＡＩＮＩホールディングス,プライム（内国株式）,卸売業
5471,2026-10-02,2471.0,-0.008,0.0064,0.0786,-0.1182,0.0912,-0.1339,2350.3423,2419.3536,True,0.0513,0.8304,2975.653,1217.8677,0.0261,21.7123,247100.0,0.8403,0.3219,大同特殊鋼,プライム（内国株式）,鉄鋼
547A,2026-10-02,418.0,0.0,-0.0435,-0.0649,-0.0752,-0.0523,-0.0909,434.96,442.1067,False,-0.039,0.712,587.1192,406.0,0.022,8.4711,41800.0,1.0951,0.4016,ムニノバホールディングス,プライム（内国株式）,その他金融業
5480,2026-10-02,5290.0,0.0019,-0.0183,-0.0289,0.1109,-0.0163,0.0953,5323.9596,5053.4524,True,-0.0064,0.9325,5672.9227,3849.3815,0.0174,2.9392,529000.0,0.7377,0.2575,日本冶金工業,プライム（内国株式）,鉄鋼
5482,2026-10-02,2990.0,-0.0099,-0.0507,-0.0901,-0.0011,-0.0775,-0.0168,3124.3612,3061.4382,True,-0.043,0.8936,3346.0717,2408.4101,0.0218,5.1432,299000.0,1.0889,0.384,愛知製鋼,プライム（内国株式）,鉄鋼
5484,2026-10-02,4460.0,0.0034,0.0034,0.0034,0.0022,0.016,-0.0134,4450.2,4454.6667,True,0.0022,0.9944,4485.0,1945.0,0.0012,0.0138,446000.0,0.5806,0.28,東北特殊鋼,スタンダード（内国株式）,鉄鋼
548A,2026-10-02,938.0,-0.0126,-0.0199,-0.0021,-0.0199,0.0105,-0.0355,945.84,953.7733,True,-0.0083,0.7849,1195.0,878.0,0.0203,0.184,93800.0,0.7751,0.2421,システムエグゼ,スタンダード（内国株式）,情報・通信業
5491,2026-10-02,899.0,0.0033,-0.0121,-0.0416,0.0614,-0.029,0.0457,915.76,898.72,True,-0.0183,0.7602,1182.6281,763.8842,0.0202,0.2913,89900.0,0.8922,0.3142,日本金属,スタンダード（内国株式）,鉄鋼
549A,2026-10-02,453.0,-0.0237,-0.0484,-0.1001,-0.0119,-0.0875,-0.0276,486.6978,470.8619,True,-0.0692,0.6795,666.655,403.7075,0.0291,0.2828,45300.0,0.7191,0.2489,ヒトトヒトホールディングス,スタンダード（内国株式）,サービス業
550A,2026-10-02,2260.0,0.0085,0.0601,0.0601,0.1033,0.0727,0.0876,2167.7132,2149.7051,True,0.0426,0.4409,5125.9461,1887.3694,0.02,0.0564,226000.0,0.185,0.413,ソフトテックス,スタンダード（内国株式）,情報・通信業
5527,2026-10-02,765.0,-0.0217,0.0282,0.0451,0.1824,0.0577,0.1667,740.4,689.0533,True,0.0332,0.8699,879.3809,577.0,0.0155,0.1392,76500.0,1.0467,0.4217,ｐｒｏｐｅｒｔｙ　ｔｅｃｈｎｏｌｏｇｉｅｓ,グロース（内国株式）,不動産業
5532,2026-10-02,3500.0,0.0014,-0.0476,-0.0196,-0.0345,-0.007,-0.0502,3493.8,3444.0667,False,0.0018,0.7973,4390.0,2135.0,0.0301,0.589,350000.0,0.6525,0.3085,リアルゲイト,グロース（内国株式）,不動産業
5533,2026-10-02,2091.0,0.0029,-0.0259,0.0628,0.0628,0.0755,0.0472,2056.8619,1969.6273,True,0.0166,0.9293,2250.0,1784.2041,0.0417,0.0311,209100.0,1.0295,0.2285,エリッツホールディングス,スタンダード（内国株式）,不動産業
5535,2026-10-02,282.0,-0.0105,-0.0172,-0.0468,0.0595,-0.0342,0.0438,285.9183,273.5565,True,-0.0137,0.3174,888.4994,240.4421,0.0234,0.5139,28200.0,0.8381,0.256,ミガロホールディングス,プライム（内国株式）,不動産業
5537,2026-10-02,3680.0,-0.0379,-0.0277,0.0323,0.1757,0.0449,0.16,3492.4,3054.0933,True,0.0537,0.9223,3990.0,264.75,0.0538,2.029,368000.0,0.7965,0.3791,ＡｌｂａＬｉｎｋ,グロース（内国株式）,不動産業
5541,2026-10-02,2530.0,-0.0467,-0.0442,-0.0259,0.1211,-0.0133,0.1054,2592.6222,2416.6097,True,-0.0242,0.6891,3671.5321,1789.6939,0.0327,6.2261,253000.0,1.0302,0.3209,大平洋金属,プライム（内国株式）,鉄鋼
5542,2026-10-02,1287.0,-0.0537,0.1481,0.3491,0.5909,0.3617,0.5752,1046.92,908.3665,True,0.2293,0.8655,1487.0,686.912,0.0879,1.953,128700.0,4.7288,0.5277,新報国マテリアル,スタンダード（内国株式）,鉄鋼
554A,2026-10-02,1374.0,-0.0136,-0.031,-0.117,0.0489,-0.1043,0.0332,1489.72,1469.3733,True,-0.0777,0.4876,2818.0,1020.0,0.0296,0.1895,137400.0,0.5694,0.529,バトンズ,グロース（内国株式）,情報・通信業
5563,2026-10-02,436.0,-0.018,-0.0354,-0.0542,-0.018,-0.0416,-0.0337,438.04,438.1911,False,-0.0047,0.7894,552.3308,290.4924,0.0224,2.4388,43600.0,0.7499,0.3372,新日本電工,プライム（内国株式）,鉄鋼
556A,2026-10-02,2987.0,-0.0076,0.03,0.2998,0.2847,0.3124,0.2691,2479.24,2293.0267,False,0.2048,0.5531,5400.0,1810.0,0.0494,1.5799,298700.0,1.7907,0.5306,犬猫生活,グロース（内国株式）,小売業
5570,2026-10-02,604.0,-0.0049,-0.0083,-0.0455,-0.021,-0.0328,-0.0367,621.0883,613.5925,False,-0.0275,0.6994,863.6589,589.2601,0.0161,0.0977,60400.0,0.8914,0.2153,ジェノバ,グロース（内国株式）,情報・通信業
5571,2026-10-02,1025.0,0.0029,0.0,0.0049,0.0459,0.0175,0.0302,1020.24,1001.6133,True,0.0047,0.7344,1395.792,900.0,0.0141,0.0146,102500.0,0.2803,0.5517,エキサイトホールディングス,スタンダード（内国株式）,情報・通信業
5572,2026-10-02,3170.0,0.0514,-0.0047,0.0786,0.1321,0.0912,0.1165,2977.28,2756.4533,True,0.0647,0.7751,4090.0,1851.0,0.0597,2.704,317000.0,1.326,0.2562,Ｒｉｄｇｅ－ｉ,グロース（内国株式）,情報・通信業
5574,2026-10-02,3135.0,-0.0095,-0.0234,0.0245,0.3774,0.0371,0.3617,3061.96,2660.72,True,0.0239,0.9022,3475.0,2041.0,0.0529,5.3937,313500.0,1.2209,0.3676,ＡＢＥＪＡ,グロース（内国株式）,情報・通信業
5575,2026-10-02,1260.0,0.0491,0.0624,0.1932,0.9296,0.2058,0.9139,1170.64,989.1467,True,0.0763,0.9347,1348.0,582.0,0.0413,0.1473,126000.0,0.3217,0.3096,Ｇｌｏｂｅｅ,グロース（内国株式）,情報・通信業
5576,2026-10-02,3020.0,-0.0017,-0.016,0.0366,0.0863,0.0492,0.0707,2965.442,2879.2399,True,0.0184,0.9624,3137.8641,2402.4272,0.0164,0.0529,302000.0,0.8668,0.4309,オービーシステム,スタンダード（内国株式）,情報・通信業
5578,2026-10-02,900.0,-0.0153,0.0045,0.0227,-0.0258,0.0354,-0.0415,886.6309,859.0234,True,0.0151,0.662,1359.5603,746.9678,0.021,0.1887,90000.0,0.2976,0.1962,ＡＲアドバンストテクノロジ,グロース（内国株式）,情報・通信業
5580,2026-10-02,1632.0,0.0006,0.0462,-0.0006,0.0156,0.012,-0.0001,1602.84,1608.1067,True,0.0182,0.8549,1909.0,1400.0,0.0295,0.0208,163200.0,0.5052,0.2576,プロディライト,グロース（内国株式）,情報・通信業
5582,2026-10-02,2082.0,-0.0072,-0.0244,0.0343,0.0536,0.0469,0.038,2065.6,1963.6933,True,0.0079,0.6496,3205.0,1671.0,0.0329,0.3926,208200.0,0.7782,0.2075,グリッド,グロース（内国株式）,情報・通信業
5586,2026-10-02,893.0,-0.0262,-0.0449,-0.0033,0.0543,0.0093,0.0386,916.8,862.4267,True,-0.026,0.8545,1045.0,744.0,0.0282,0.5182,89300.0,0.7358,0.2824,Ｌａｂｏｒｏ．ＡＩ,グロース（内国株式）,情報・通信業
5587,2026-10-02,828.0,0.0085,0.0337,0.0222,0.0852,0.0348,0.0695,807.84,825.04,False,0.025,0.69,1200.0,618.0,0.0306,0.1677,82800.0,0.5637,0.1932,インバウンドプラットフォーム,グロース（内国株式）,情報・通信業
5588,2026-10-02,750.0,-0.0132,-0.1785,-0.1279,-0.0421,-0.1153,-0.0578,842.76,797.0533,True,-0.1101,0.5294,1416.8266,650.0,0.0586,0.3738,75000.0,2.9325,0.5122,ファーストアカウンティング,グロース（内国株式）,情報・通信業
5589,2026-10-02,2948.0,-0.0124,0.0065,0.0007,0.0802,0.0133,0.0646,2927.08,2801.2533,True,0.0071,0.9833,2998.0,2429.2896,0.0157,0.0631,294800.0,0.3878,0.2895,オートサーバー,スタンダード（内国株式）,情報・通信業
558A,2026-10-02,6140.0,-0.0065,-0.0016,-0.0331,0.3524,-0.0204,0.3368,5924.8,5019.8,True,0.0363,0.9151,6710.0,2951.0,0.0547,1.4756,614000.0,0.9698,0.3902,ＳＱＵＥＥＺＥ,グロース（内国株式）,サービス業
5590,2026-10-02,717.0,-0.011,-0.0097,0.0391,-0.035,0.0518,-0.0507,717.16,692.0667,False,-0.0002,0.526,1363.0,598.0,0.0214,0.586,71700.0,0.4924,0.2149,ネットスターズ,グロース（内国株式）,情報・通信業
5591,2026-10-02,840.0,0.0084,-0.0508,-0.0433,0.0633,-0.0307,0.0476,869.72,815.9733,True,-0.0342,0.5563,1510.0,678.0,0.0335,0.1508,84000.0,0.8851,0.334,ＡＶＩＬＥＮ,グロース（内国株式）,情報・通信業
5592,2026-10-02,2502.0,-0.0142,-0.0548,-0.0801,0.0647,-0.0675,0.049,2662.2,2525.4933,False,-0.0602,0.5421,4615.0199,2065.0,0.0323,1.0948,250200.0,0.7454,0.4844,くすりの窓口,グロース（内国株式）,情報・通信業
5597,2026-10-02,1338.0,-0.0176,-0.0262,-0.0339,-0.036,-0.0213,-0.0517,1380.24,1345.8,False,-0.0306,0.4394,3045.0,1117.0,0.0389,0.8196,133800.0,0.6666,0.3322,ブルーイノベーション,グロース（内国株式）,情報・通信業
5599,2026-10-02,1099.0,-0.0063,0.0214,0.0892,-0.0117,0.1018,-0.0274,1036.12,1046.9733,True,0.0607,0.441,2491.8849,835.0,0.0361,0.137,109900.0,0.66,0.3324,Ｓ＆Ｊ,グロース（内国株式）,情報・通信業
559A,2026-10-02,1140.0,-0.0138,-0.0331,-0.0428,0.1079,-0.0302,0.0922,1170.36,1135.0665,True,-0.0259,0.861,1324.0645,882.7097,0.0239,0.1391,114000.0,0.4927,0.2492,梅乃宿酒造,スタンダード（内国株式）,食料品
5602,2026-10-02,1605.0,-0.0123,-0.0224,-0.0797,0.147,-0.0671,0.1313,1648.0899,1546.6663,True,-0.0261,0.8146,1970.3767,1305.0396,0.0229,4.8202,160500.0,1.173,0.2938,栗本鐵工所,プライム（内国株式）,鉄鋼
5603,2026-10-02,1305.0,-0.0084,0.0038,-0.0114,0.0474,0.0013,0.0317,1309.0,1285.8667,True,-0.0031,0.8193,1592.9116,1167.0,0.0153,0.0421,130500.0,0.7892,0.18,虹技,スタンダード（内国株式）,鉄鋼
5609,2026-10-02,935.0,-0.0085,0.0065,0.013,0.023,0.0256,0.0073,920.36,924.9067,True,0.0159,0.9341,1001.0,785.8789,0.0092,0.0454,93500.0,0.5512,0.4783,日本鋳造,スタンダード（内国株式）,鉄鋼
5612,2026-10-02,1585.0,0.0025,-0.0031,-0.0276,0.0076,-0.015,-0.008,1600.08,1579.8933,True,-0.0094,0.7152,2216.1966,1491.0,0.0169,0.1127,158500.0,0.7344,0.2134,日本鋳鉄管,スタンダード（内国株式）,鉄鋼
5616,2026-10-02,641.0,-0.0169,-0.0016,-0.0123,0.0595,0.0003,0.0438,649.96,631.32,False,-0.0138,0.5493,1167.0,586.0,0.0177,0.0161,64100.0,0.9631,0.3434,雨風太陽,グロース（内国株式）,情報・通信業
5618,2026-10-02,298.0,-0.0033,0.0171,0.0347,0.0,0.0473,-0.0157,289.52,290.28,False,0.0293,0.6773,440.0,274.0,0.0141,0.0062,29800.0,0.7313,0.4508,ナイル,グロース（内国株式）,情報・通信業
5619,2026-10-02,837.0,-0.0379,-0.0141,-0.0188,0.0207,-0.0061,0.0051,855.44,842.1333,False,-0.0216,0.748,1119.0,790.0,0.0147,0.006,83700.0,1.4065,0.5209,マーソ,グロース（内国株式）,情報・通信業
5621,2026-10-02,1558.0,-0.0127,-0.0359,-0.0563,0.017,-0.0437,0.0013,1587.48,1570.7733,True,-0.0186,0.6001,2596.3515,1263.0,0.0432,0.3267,155800.0,0.8984,0.2405,ヒューマンテクノロジーズ,グロース（内国株式）,情報・通信業
5631,2026-10-02,7182.0,-0.0094,-0.0125,-0.023,-0.0914,-0.0104,-0.1071,7263.979,7581.5325,False,-0.0113,0.6841,10497.9711,6651.7955,0.0376,66.8549,718200.0,0.9073,0.2001,日本製鋼所,プライム（内国株式）,機械
5632,2026-10-02,2395.0,-0.0228,-0.0574,-0.0065,0.1069,0.0062,0.0913,2394.6913,2258.6842,True,0.0001,0.9332,2566.3771,1571.1349,0.0323,3.045,239500.0,1.1844,0.2264,三菱製鋼,プライム（内国株式）,鉄鋼
5644,2026-10-02,7300.0,0.0,0.0139,-0.025,-0.0339,-0.0123,-0.0496,7251.2,7374.781,False,0.0067,0.9524,7664.8354,3590.9098,0.0092,0.2295,730000.0,0.1079,0.3554,メタルアート,スタンダード（内国株式）,鉄鋼
5658,2026-10-02,407.0,-0.0025,0.0074,0.0174,0.1513,0.03,0.1356,401.7921,377.1552,True,0.013,0.9898,411.1869,328.3649,0.0124,0.083,40700.0,0.4664,0.3147,日亜鋼業,スタンダード（内国株式）,鉄鋼
5659,2026-10-02,1384.0,-0.01,-0.0433,-0.0328,-0.0594,-0.0201,-0.075,1392.3399,1407.0012,False,-0.006,0.8732,1584.9096,1027.1009,0.0217,0.6879,138400.0,0.7815,0.3719,日本精線,プライム（内国株式）,鉄鋼
5695,2026-10-02,2800.0,-0.0004,-0.0436,-0.0427,-0.0345,-0.03,-0.0502,2921.4662,2944.4164,True,-0.0416,0.8697,3219.6791,2088.4046,0.0123,0.0109,280000.0,0.5782,0.4643,パウダーテック,スタンダード（内国株式）,鉄鋼
5697,2026-10-02,812.0,-0.0025,-0.0205,-0.0193,0.1683,-0.0067,0.1527,819.28,767.8667,True,-0.0089,0.9564,849.0,566.1455,0.0168,0.0352,81200.0,0.6822,0.2126,サンユウ,スタンダード（内国株式）,鉄鋼
5698,2026-10-02,703.0,-0.0195,-0.0461,-0.1135,-0.1289,-0.1009,-0.1445,746.12,787.0728,False,-0.0578,0.5785,1215.3044,463.6197,0.0251,0.9567,70300.0,0.5591,0.3117,エンビプロ・ホールディングス,スタンダード（内国株式）,鉄鋼
5699,2026-10-02,1551.0,-0.0039,-0.0077,-0.0566,0.0587,-0.0439,0.043,1595.8,1524.5067,False,-0.0281,0.5893,2632.0,1307.5909,0.0135,0.0582,155100.0,0.5135,0.419,イボキン,スタンダード（内国株式）,鉄鋼
5702,2026-10-02,1745.0,-0.0108,-0.0248,-0.0889,0.1819,-0.0763,0.1663,1784.991,1647.3696,False,-0.0224,0.8628,2022.4933,1014.912,0.0247,4.5429,174500.0,0.8286,0.2769,大紀アルミニウム工業所,プライム（内国株式）,非鉄金属
5703,2026-10-02,2840.0,-0.0159,-0.0355,-0.0786,0.0451,-0.066,0.0294,2938.0728,2835.3143,False,-0.0334,0.8674,3274.0148,1945.0931,0.0203,6.9385,284000.0,0.7897,0.2577,日本軽金属ホールディングス,プライム（内国株式）,非鉄金属
5704,2026-10-02,378.0,0.0053,-0.0308,-0.0357,-0.043,-0.0231,-0.0587,387.0,388.1867,False,-0.0233,0.8025,471.0,362.0,0.0178,0.0181,37800.0,0.534,0.283,ＪＭＣ,スタンダード（内国株式）,非鉄金属
5706,2026-10-02,2553.5,0.0361,0.1832,-0.0569,-0.2983,-0.0443,-0.314,2370.4368,3015.0822,False,0.0772,0.4711,5420.0,976.457,0.052,349.5768,255350.0,0.9729,0.4933,三井金属,プライム（内国株式）,非鉄金属
5707,2026-10-02,923.0,-0.0075,-0.0032,-0.1586,0.0758,-0.146,0.0601,1012.68,936.0133,True,-0.0886,0.3677,2510.0,625.0,0.0419,5.1238,92300.0,0.5786,0.2148,東邦亜鉛,プライム（内国株式）,非鉄金属
5711,2026-10-02,4981.0,-0.0139,-0.0213,-0.1498,0.1061,-0.1372,0.0904,5243.6177,4773.278,True,-0.0501,0.8207,6069.2521,2497.7693,0.0282,99.8123,498100.0,0.7428,0.2242,三菱マテリアル,プライム（内国株式）,非鉄金属
5713,2026-10-02,9724.0,-0.0047,0.0254,-0.1335,0.2397,-0.1208,0.224,9992.2606,8869.2039,True,-0.0268,0.7521,12929.2657,4017.5062,0.036,247.4744,972400.0,0.7749,0.226,住友金属鉱山,プライム（内国株式）,非鉄金属
5714,2026-10-02,8703.0,-0.02,-0.03,-0.1468,-0.0148,-0.1341,-0.0305,9298.64,9041.2667,False,-0.0641,0.703,12380.0,5044.2493,0.0264,40.274,870300.0,0.8668,0.2039,ＤＯＷＡホールディングス,プライム（内国株式）,非鉄金属
5715,2026-10-02,4040.0,-0.0074,-0.0158,-0.0984,0.1332,-0.0858,0.1175,4175.2827,3904.5558,True,-0.0324,0.5778,6992.0249,2631.3123,0.0311,8.7312,404000.0,0.6545,0.2209,古河機械金属,プライム（内国株式）,非鉄金属
5721,2026-10-02,50.0,-0.0196,-0.1803,-0.1525,-0.2063,-0.1399,-0.222,55.6,58.2533,False,-0.1007,0.1706,293.0,49.0,0.1014,1.3215,5000.0,2.2322,0.4732,エスクリプトエナジー,スタンダード（内国株式）,非鉄金属
5724,2026-10-02,2935.0,0.0086,-0.0461,-0.1014,0.0976,-0.0888,0.082,3147.7957,2742.3033,True,-0.0676,0.5357,5478.9672,1175.4876,0.0392,2.2237,293500.0,0.341,0.3527,アサカ理研,スタンダード（内国株式）,非鉄金属
5726,2026-10-02,2393.0,-0.0292,-0.028,-0.1137,-0.1215,-0.1011,-0.1372,2551.64,2702.2,False,-0.0622,0.6999,3418.8206,1741.7572,0.0358,16.5136,239300.0,0.8993,0.2077,大阪チタニウムテクノロジーズ,プライム（内国株式）,非鉄金属
5729,2026-10-02,1681.0,-0.0187,-0.0112,-0.0948,0.1162,-0.0822,0.1005,1737.56,1626.2533,True,-0.0326,0.4116,4083.6348,1357.0,0.024,0.2204,168100.0,0.5605,0.1933,日本精鉱,スタンダード（内国株式）,非鉄金属
5741,2026-10-02,2118.0,-0.0121,-0.0349,-0.09,-0.1419,-0.0773,-0.1575,2208.3948,2362.5309,False,-0.0409,0.6003,3527.9919,1464.0718,0.0271,18.2684,211800.0,0.9921,0.2559,ＵＡＣＪ,プライム（内国株式）,非鉄金属
5742,2026-10-02,727.0,-0.0068,-0.0109,-0.0083,0.0315,0.0044,0.0158,729.9997,710.7478,True,-0.0041,0.9295,782.168,661.0132,0.0132,0.0172,72700.0,1.6447,0.328,エヌアイシ・オートテック,スタンダード（内国株式）,非鉄金属
5753,2026-10-02,2540.0,-0.0105,-0.0182,-0.0032,0.0867,0.0095,0.071,2552.6659,2437.7299,True,-0.005,0.8242,3081.7276,2138.3213,0.0186,0.0603,254000.0,0.6426,0.1267,日本伸銅,スタンダード（内国株式）,非鉄金属
5757,2026-10-02,4915.0,-0.0229,-0.0092,-0.0635,-0.0722,-0.0508,-0.0879,5008.1156,5147.7985,True,-0.0186,0.8514,5772.8427,3663.4646,0.0222,0.431,491500.0,1.1279,0.2315,ＣＫサンエツ,プライム（内国株式）,非鉄金属
575A,2026-10-02,1852.0,-0.0048,-0.0512,-0.0349,0.2438,-0.0223,0.2281,1904.16,1743.4133,False,-0.0274,0.9293,1993.0,1353.0,0.0192,1.5604,185200.0,0.8619,0.3591,前澤ホールディングス,プライム（内国株式）,機械
5801,2026-10-02,4429.0,0.0768,0.161,0.1514,0.1105,0.164,0.0948,3877.1344,3918.9492,False,0.1423,0.7117,6222.8625,855.0382,0.0491,848.4209,442900.0,0.8809,0.3836,古河電気工業,プライム（内国株式）,非鉄金属
5802,2026-10-02,2452.0,0.035,0.1187,0.1197,-0.0716,0.1323,-0.0872,2153.4848,2385.3746,False,0.1386,0.6662,3680.4376,1000.9394,0.0371,401.5509,245200.0,0.9275,0.595,住友電気工業,プライム（内国株式）,非鉄金属
5803,2026-10-02,5598.0,0.0428,0.1271,0.0607,0.0488,0.0733,0.0331,5113.9737,5115.1089,True,0.0946,0.7084,7902.5932,2278.1704,0.0411,1792.5843,559800.0,0.7155,0.4399,フジクラ,プライム（内国株式）,非鉄金属
5805,2026-10-02,2830.0,0.0276,0.1027,0.0397,0.1887,0.0523,0.173,2623.9218,2476.079,False,0.0785,0.7629,3709.5372,1313.8991,0.041,34.7335,283000.0,0.6045,0.4003,ＳＷＣＣ,プライム（内国株式）,非鉄金属
5816,2026-10-02,1444.0,-0.0021,0.0049,-0.0217,-0.1445,-0.0091,-0.1602,1450.64,1556.923,False,-0.0046,0.6411,2252.2452,1025.5996,0.0124,0.239,144400.0,0.6541,0.224,オーナンバ,スタンダード（内国株式）,非鉄金属
5817,2026-10-02,1180.0,-0.0117,0.0442,0.126,0.3721,0.1386,0.3564,1089.12,998.4267,True,0.0834,0.4579,2577.0,431.354,0.0362,0.528,118000.0,0.5359,0.4284,ＪＭＡＣＳ,スタンダード（内国株式）,非鉄金属
5819,2026-10-02,1724.0,-0.0006,-0.012,-0.0363,-0.0221,-0.0237,-0.0378,1748.56,1750.6041,True,-0.014,0.8177,2108.4443,1672.6206,0.0093,0.0965,172400.0,1.1176,0.2987,カナレ電気,スタンダード（内国株式）,非鉄金属
5820,2026-10-02,896.0,0.0034,-0.0197,0.0795,0.2257,0.0921,0.21,859.36,782.36,True,0.0426,0.7034,1273.8198,598.1756,0.0391,0.5073,89600.0,1.282,0.2571,三ッ星,スタンダード（内国株式）,非鉄金属
5821,2026-10-02,3235.0,-0.0107,0.0231,0.0231,-0.0947,0.0357,-0.1103,3121.4668,3290.5461,False,0.0364,0.6973,4639.5284,1925.749,0.0276,1.3985,323500.0,0.7683,0.2629,平河ヒューテック,プライム（内国株式）,非鉄金属
5830,2026-10-02,3857.0,-0.0143,-0.0053,-0.0269,0.1683,-0.0143,0.1526,3863.9166,3579.3613,True,-0.0018,0.9464,4075.5504,1991.3186,0.0322,41.3989,385700.0,1.0688,0.3003,いよぎんホールディングス,プライム（内国株式）,銀行業
5831,2026-10-02,3568.0,-0.0092,-0.0006,-0.0174,0.1206,-0.0048,0.1049,3537.7182,3319.3107,True,0.0086,0.9741,3663.0,1862.5906,0.0266,67.8754,356800.0,1.0233,0.3097,しずおかフィナンシャルグループ,プライム（内国株式）,銀行業
5832,2026-10-02,3711.0,-0.0078,-0.0086,0.0548,0.1663,0.0674,0.1507,3559.2455,3342.8073,True,0.0426,0.9727,3815.0,1961.6211,0.0285,15.7231,371100.0,1.3252,0.2695,ちゅうぎんフィナンシャルグループ,プライム（内国株式）,銀行業
5834,2026-10-02,2739.0,-0.0204,-0.0456,0.0076,0.0263,0.0202,0.0106,2758.3906,2699.7441,True,-0.007,0.8011,3418.992,2132.513,0.0192,1.1519,273900.0,0.6406,0.2895,ＳＢＩリーシングサービス,グロース（内国株式）,証券、商品先物取引業
5838,2026-10-02,6245.0,-0.015,-0.0233,-0.0267,0.1576,-0.014,0.1419,6371.68,5820.56,True,-0.0199,0.6703,9317.0,4342.0,0.0347,68.8205,624500.0,0.9605,0.2107,楽天銀行,プライム（内国株式）,銀行業
5842,2026-10-02,2834.0,-0.0351,-0.0416,-0.0538,-0.0139,-0.0411,-0.0296,2963.84,2923.9897,False,-0.0438,0.6957,4073.7757,2686.0,0.0268,2.5448,283400.0,0.9556,0.3121,インテグラル,グロース（内国株式）,証券、商品先物取引業
5843,2026-10-02,2302.0,-0.0078,0.0014,-0.0271,0.0238,-0.0145,0.0082,2311.7637,2306.4917,True,-0.0042,0.7388,3115.9386,1954.6331,0.0153,0.1406,230200.0,0.3702,0.2316,ニッポンインシュア,スタンダード（内国株式）,その他金融業
5844,2026-10-02,4708.0,-0.0167,-0.0232,-0.047,0.0098,-0.0344,-0.0058,4823.6958,4693.2008,True,-0.024,0.921,5111.5951,2867.1057,0.0275,45.7436,470800.0,1.0886,0.2527,京都フィナンシャルグループ,プライム（内国株式）,銀行業
5845,2026-10-02,1205.0,-0.0179,-0.0171,-0.0139,0.1814,-0.0013,0.1657,1212.6,1127.9333,True,-0.0063,0.9496,1269.0,845.6893,0.0155,0.3392,120500.0,0.5422,0.1931,全保連,スタンダード（内国株式）,その他金融業
5851,2026-10-02,2701.0,-0.0088,-0.0246,-0.0496,0.0514,-0.037,0.0357,2736.12,2670.6121,True,-0.0128,0.8983,3006.7472,2314.1653,0.0223,3.8616,270100.0,1.1,0.2009,リョービ,プライム（内国株式）,非鉄金属
5852,2026-10-02,632.0,-0.0247,-0.0395,-0.0795,-0.0964,-0.0669,-0.112,664.4494,680.4387,False,-0.0488,0.6897,916.3801,626.0,0.0163,0.7118,63200.0,1.1044,0.3978,アーレスティ,プライム（内国株式）,非鉄金属
5857,2026-10-02,3455.0,-0.024,-0.0389,-0.1399,0.1591,-0.1273,0.1434,3679.6527,3336.0369,True,-0.0611,0.7591,4551.4241,1997.9979,0.0287,19.7211,345500.0,0.7958,0.2253,ＡＲＥホールディングス,プライム（内国株式）,非鉄金属
5858,2026-10-02,1192.0,0.0008,-0.0067,-0.0091,-0.0831,0.0035,-0.0987,1184.72,1259.96,True,0.0061,0.4854,2455.5157,994.0,0.017,0.0426,119200.0,0.4902,0.2908,ＳＴＧ,グロース（内国株式）,非鉄金属
5868,2026-10-02,1035.0,-0.0067,-0.0273,0.0029,0.0455,0.0155,0.0298,1044.24,1002.7107,True,-0.0088,0.8636,1198.4171,795.6784,0.0246,0.1026,103500.0,1.6825,0.2549,ロココ,スタンダード（内国株式）,サービス業
5869,2026-10-02,1271.0,-0.0016,0.0079,0.0063,0.0699,0.019,0.0542,1259.8,1231.3733,True,0.0089,0.9636,1319.0,1135.7628,0.0071,0.0754,127100.0,0.7535,0.2756,早稲田学習研究会,スタンダード（内国株式）,サービス業
5870,2026-10-02,905.0,0.01,0.0011,0.0191,0.1514,0.0318,0.1357,895.16,832.88,True,0.011,0.7732,1170.4009,705.0,0.0148,0.0674,90500.0,0.6282,0.2011,ナルネットコミュニケーションズ,グロース（内国株式）,サービス業
5871,2026-10-02,1340.0,-0.0111,-0.0276,-0.0563,0.0075,-0.0437,-0.0082,1384.32,1356.9733,True,-0.032,0.774,1731.25,1242.6528,0.0256,0.2043,134000.0,1.283,0.2183,ＳＯＬＩＺＥ　Ｈｏｌｄｉｎｇｓ,スタンダード（内国株式）,サービス業
5884,2026-10-02,609.0,0.005,0.01,-0.0379,0.0741,-0.0253,0.0584,614.32,583.1867,True,-0.0087,0.909,670.0,376.0,0.0271,0.0883,60900.0,0.5716,0.1576,クラダシ,グロース（内国株式）,小売業
5885,2026-10-02,3115.0,0.0,-0.0174,-0.0546,0.0595,-0.042,0.0439,3229.0,3002.5333,True,-0.0353,0.8581,3630.0,2366.0449,0.0327,1.1026,311500.0,0.4629,0.3529,ジーデップ・アドバンス,スタンダード（内国株式）,卸売業
5888,2026-10-02,2732.0,-0.0166,-0.0065,-0.0663,-0.0863,-0.0537,-0.102,2814.88,2850.2,False,-0.0294,0.6413,4260.0,2644.0,0.0147,0.1179,273200.0,0.9024,0.1415,ＤＡＩＷＡ　ＣＹＣＬＥ,グロース（内国株式）,小売業
5889,2026-10-02,2179.0,-0.0307,-0.0358,-0.1927,-0.0776,-0.18,-0.0933,2447.28,2417.096,True,-0.1096,0.7973,2733.0,1753.517,0.0405,5.0061,217900.0,1.378,0.2107,Ｊａｐａｎ　Ｅｙｅｗｅａｒ　Ｈｏｌｄｉｎｇｓ,プライム（内国株式）,小売業
5891,2026-10-02,1693.0,-0.0035,-0.0035,-0.0012,0.0887,0.0114,0.0731,1686.88,1641.5067,True,0.0036,0.9077,1865.0804,1261.0,0.0097,0.0668,169300.0,0.6949,0.2445,ＳＡＫＩＧＡＫＥホールディングス,スタンダード（内国株式）,小売業
5892,2026-10-02,2919.0,-0.0003,-0.0382,0.1583,0.3685,0.171,0.3528,2723.24,2334.88,True,0.0719,0.6037,4835.0,1863.0,0.0518,3.2808,291900.0,1.6182,0.3277,ｙｕｔｏｒｉ,グロース（内国株式）,小売業
5900,2026-10-02,860.0,-0.0069,-0.016,-0.0249,0.0023,-0.0123,-0.0133,876.4,860.1067,True,-0.0187,0.9389,916.0,767.6997,0.0179,0.0144,86000.0,0.6581,0.3176,ダイケン,スタンダード（内国株式）,金属製品
5901,2026-10-02,4406.0,-0.0143,-0.0144,-0.0157,0.0942,-0.0031,0.0785,4437.8861,4196.0145,True,-0.0072,0.9651,4565.5002,3052.1559,0.0199,18.3726,440600.0,1.7683,0.3576,東洋製罐グループホールディングス,プライム（内国株式）,金属製品
5902,2026-10-02,2591.0,-0.0088,-0.0491,-0.0512,0.1035,-0.0385,0.0878,2693.9943,2497.0041,True,-0.0382,0.9087,2851.388,2050.1119,0.0153,0.5825,259100.0,1.1817,0.4188,ホッカンホールディングス,プライム（内国株式）,金属製品
5905,2026-10-02,1368.0,0.0059,0.0051,0.0059,0.0141,0.0185,-0.0016,1365.28,1355.7067,True,0.002,0.9702,1410.0,1152.0963,0.0119,0.0104,136800.0,0.8364,0.2344,日本製罐,スタンダード（内国株式）,金属製品
5906,2026-10-02,775.0,-0.0039,0.0039,0.0117,-0.0397,0.0244,-0.0553,773.36,776.9333,True,0.0021,0.7809,992.4228,489.8182,0.0128,0.0331,77500.0,0.4963,0.2518,エムケー精工,スタンダード（内国株式）,金属製品
5909,2026-10-02,926.0,-0.0064,-0.0344,-0.0314,-0.0471,-0.0188,-0.0628,947.1408,965.0904,True,-0.0223,0.8587,1078.3516,869.4817,0.0153,0.137,92600.0,1.2116,0.3028,コロナ,スタンダード（内国株式）,金属製品
590A,2026-10-02,1106.0,-0.0107,-0.0457,-0.1697,-0.0009,-0.157,-0.0166,1252.44,1144.5333,True,-0.1169,0.7638,1448.0,942.0,0.0352,2.2062,110600.0,0.7065,0.5343,ギフティグループ,プライム（内国株式）,情報・通信業
5911,2026-10-02,2912.0,-0.0065,-0.0178,-0.0096,0.0468,0.003,0.0311,2925.7493,2866.5541,True,-0.0047,0.93,3131.2555,2584.6045,0.0124,2.8038,291200.0,0.9831,0.2577,横河ブリッジホールディングス,プライム（内国株式）,金属製品
5915,2026-10-02,2403.0,0.0118,0.0032,-0.0178,0.0396,-0.0052,0.0239,2412.6429,2307.5554,True,-0.004,0.8424,2852.6235,1577.3711,0.0217,0.0753,240300.0,0.4063,0.299,駒井ハルテック,スタンダード（内国株式）,金属製品
5921,2026-10-02,4290.0,-0.0138,0.0104,0.0208,0.1365,0.0334,0.1208,4251.3716,4039.7117,True,0.0091,0.9635,4452.7254,3750.6755,0.0117,0.1036,429000.0,3.0558,0.257,川岸工業,スタンダード（内国株式）,金属製品
5922,2026-10-02,19830.0,-0.0129,-0.0085,-0.0232,0.1147,-0.0105,0.099,20117.2,19283.7333,True,-0.0143,0.9631,20590.0,13685.5893,0.0093,0.0594,1983000.0,0.2682,0.3704,那須電機鉄工,スタンダード（内国株式）,金属製品
5923,2026-10-02,1171.0,0.0,-0.0076,0.0221,0.0582,0.0347,0.0426,1159.9675,1126.2792,True,0.0095,0.8891,1317.0954,987.0871,0.0091,0.1436,117100.0,4.37,0.3043,高田機工,スタンダード（内国株式）,金属製品
5928,2026-10-02,286.0,-0.0104,-0.0069,-0.0204,0.0393,-0.0077,0.0237,286.657,280.28,True,-0.0023,0.8937,320.0328,243.186,0.0084,0.014,28600.0,0.2503,0.2076,アルメタックス,スタンダード（内国株式）,金属製品
5929,2026-10-02,3421.0,-0.0265,-0.0019,-0.0512,-0.0826,-0.0386,-0.0983,3454.3685,3573.2263,True,-0.0097,0.8022,4264.3357,3190.4911,0.0181,23.4647,342100.0,1.1146,0.2509,三和ホールディングス,プライム（内国株式）,金属製品
5930,2026-10-02,1808.0,-0.0153,-0.0438,-0.0418,-0.0368,-0.0292,-0.0525,1859.7929,1855.8066,True,-0.0278,0.7941,2276.8008,1733.9291,0.0166,1.9206,180800.0,0.9799,0.3525,文化シヤッター,プライム（内国株式）,金属製品
5932,2026-10-02,645.0,-0.0031,-0.0286,-0.0359,0.0271,-0.0233,0.0114,656.12,648.0133,True,-0.0169,0.8935,721.8462,566.7962,0.0152,0.5435,64500.0,1.1574,0.3474,三協立山,プライム（内国株式）,金属製品
5933,2026-10-02,1075.0,-0.0165,-0.0367,-0.0365,0.0171,-0.0239,0.0015,1101.6251,1077.9792,True,-0.0242,0.929,1157.1017,980.4097,0.0143,0.415,107500.0,1.1791,0.3063,アルインコ,プライム（内国株式）,金属製品
5936,2026-10-02,883.0,-0.0034,-0.0232,-0.035,-0.0454,-0.0223,-0.0611,908.08,905.7067,True,-0.0276,0.9235,956.1128,823.2132,0.0121,0.068,88300.0,1.2077,0.3758,東洋シヤッター,スタンダード（内国株式）,金属製品
5938,2026-10-02,1681.0,-0.0047,-0.0012,-0.0379,-0.0748,-0.0253,-0.0905,1699.3524,1735.2852,True,-0.0108,0.8929,1882.6614,1530.5755,0.0114,35.0622,168100.0,1.095,0.2182,ＬＩＸＩＬ,プライム（内国株式）,金属製品
5939,2026-10-02,4600.0,-0.015,-0.0171,-0.0447,-0.0754,-0.032,-0.091,4722.2,4847.2,False,-0.0259,0.4352,10570.8353,4600.0,0.0065,0.0596,460000.0,0.5867,0.3,大谷工業,スタンダード（内国株式）,金属製品
5940,2026-10-02,740.0,-0.0146,-0.0146,-0.0365,0.035,-0.0238,0.0193,753.44,733.68,True,-0.0178,0.7071,1046.5634,662.0,0.0141,0.1499,74000.0,1.1002,0.2877,不二サッシ,スタンダード（内国株式）,金属製品
5941,2026-10-02,2699.0,0.0037,-0.0004,-0.0354,0.0779,-0.0228,0.0622,2726.52,2656.9867,True,-0.0101,0.9394,2873.0,2249.9805,0.0113,0.0483,269900.0,0.7049,0.3484,中西製作所,スタンダード（内国株式）,金属製品
5942,2026-10-02,746.0,0.0247,0.1168,0.1459,0.1337,0.1586,0.1181,653.16,643.64,True,0.1421,0.9855,757.0,500.8065,0.0248,0.8982,74600.0,2.9828,0.6703,日本フイルコン,スタンダード（内国株式）,金属製品
5943,2026-10-02,2149.0,-0.0147,-0.0311,-0.1138,-0.0697,-0.1012,-0.0854,2283.76,2314.0214,True,-0.059,0.8433,2548.2862,1750.012,0.0139,1.8971,214900.0,1.0841,0.3809,ノーリツ,プライム（内国株式）,金属製品
5945,2026-10-02,2270.0,0.0018,-0.0105,-0.0177,-0.0787,-0.0051,-0.0944,2287.8,2402.08,False,-0.0078,0.8697,2610.1761,1941.1976,0.0128,0.0353,227000.0,0.6563,0.2752,天龍製鋸,スタンダード（内国株式）,金属製品
5946,2026-10-02,1976.0,-0.0025,-0.002,-0.0809,-0.007,-0.0683,-0.0227,2038.28,2029.7533,True,-0.0306,0.8995,2196.6876,1818.1304,0.0104,1.1719,197600.0,0.8537,0.2634,長府製作所,プライム（内国株式）,金属製品
5947,2026-10-02,3349.0,-0.015,-0.0141,-0.0777,-0.0546,-0.0651,-0.0703,3453.1556,3499.3529,True,-0.0302,0.7737,4328.8051,3161.485,0.0178,11.2496,334900.0,1.0821,0.2285,リンナイ,プライム（内国株式）,金属製品
5949,2026-10-02,1278.0,-0.0184,-0.0219,-0.0536,0.0484,-0.041,0.0328,1293.7356,1259.6271,True,-0.0122,0.8922,1432.3723,1072.6138,0.018,2.1467,127800.0,1.0898,0.1827,ユニプレス,プライム（内国株式）,輸送用機器
5950,2026-10-02,150.0,-0.0066,-0.0066,-0.0625,0.0274,-0.0499,0.0117,153.32,148.16,True,-0.0217,0.6383,234.995,136.0,0.0167,0.0164,15000.0,0.6419,0.16,日本パワーファスニング,スタンダード（内国株式）,金属製品
5951,2026-10-02,1121.0,-0.0132,-0.0088,-0.0774,-0.0974,-0.0647,-0.1131,1164.12,1133.0133,True,-0.037,0.8141,1377.0,821.4073,0.0248,0.1025,112100.0,0.3344,0.2015,ダイニチ工業,スタンダード（内国株式）,金属製品
5952,2026-10-02,187.0,-0.0053,-0.0158,-0.0209,0.0275,-0.0083,0.0118,190.28,185.72,True,-0.0172,0.6739,277.5,163.5789,0.018,0.0321,18700.0,1.2784,0.2085,アマテイ,スタンダード（内国株式）,金属製品
5955,2026-10-02,81.0,-0.0122,-0.0241,-0.0357,0.0125,-0.0231,-0.0032,82.64,82.1733,False,-0.0198,0.527,153.6975,74.3697,0.0212,0.6043,8100.0,0.6434,0.2333,ワイズホールディングス,スタンダード（内国株式）,金属製品
5956,2026-10-02,582.0,-0.0017,0.0122,0.0157,-0.0312,0.0283,-0.0469,572.8518,576.493,True,0.016,0.7088,821.1489,516.8752,0.0074,0.0267,58200.0,1.3204,0.323,トーソー,スタンダード（内国株式）,金属製品
5957,2026-10-02,756.0,-0.0143,-0.032,-0.043,-0.0245,-0.0304,-0.0402,768.36,773.8921,True,-0.0161,0.9333,810.0,588.795,0.0156,0.6681,75600.0,0.9122,0.2885,日東精工,プライム（内国株式）,金属製品
5958,2026-10-02,4295.0,-0.0104,0.0,-0.0372,-0.0079,-0.0246,-0.0236,4370.2844,4437.0387,True,-0.0172,0.8348,5144.7914,3739.5009,0.0154,0.149,429500.0,0.8552,0.255,三洋工業,スタンダード（内国株式）,金属製品
5959,2026-10-02,919.0,-0.0108,-0.0234,-0.0516,0.0234,-0.039,0.0077,943.6,920.4102,True,-0.0261,0.8807,1043.4885,850.0029,0.0112,0.7129,91900.0,0.8626,0.3986,岡部,プライム（内国株式）,金属製品
5962,2026-10-02,2160.0,-0.0028,0.0141,0.0725,0.0537,0.0851,0.038,2091.88,1999.4133,True,0.0326,0.9818,2200.0,1589.0,0.0095,0.0147,216000.0,0.7035,0.607,浅香工業,スタンダード（内国株式）,その他製品
5965,2026-10-02,1199.0,0.0033,-0.0058,-0.0099,0.0592,0.0027,0.0435,1200.72,1171.1776,True,-0.0014,0.9292,1290.3445,983.4602,0.0138,0.1192,119900.0,0.8923,0.2182,フジマック,スタンダード（内国株式）,金属製品
5966,2026-10-02,2760.0,-0.01,0.0258,0.0524,0.1278,0.065,0.1122,2681.7761,2572.3663,True,0.0292,0.9688,2849.0,2303.7233,0.0214,0.0171,276000.0,1.0735,0.3903,京都機械工具,スタンダード（内国株式）,金属製品
5967,2026-10-02,439.0,-0.0023,0.0,-0.0854,-0.0518,-0.0728,-0.0675,453.64,462.16,False,-0.0323,0.7011,626.1492,404.0,0.0213,0.1031,43900.0,1.1644,0.2992,ＴＯＮＥ,スタンダード（内国株式）,金属製品
5970,2026-10-02,2181.0,-0.0237,-0.0328,-0.057,0.0693,-0.0443,0.0536,2220.7353,2144.3478,True,-0.0179,0.9316,2341.1063,1699.4769,0.0182,2.4328,218100.0,1.0345,0.257,ジーテクト,プライム（内国株式）,金属製品
5971,2026-10-02,9100.0,0.0122,0.0545,0.0643,0.1111,0.077,0.0954,8630.4,8241.4667,True,0.0544,1.0,9100.0,6176.245,0.0182,0.086,910000.0,1.0574,0.356,共和工業所,スタンダード（内国株式）,金属製品
5975,2026-10-02,3265.0,-0.0297,-0.0466,-0.014,0.2573,-0.0013,0.2417,3289.5846,2939.8867,True,-0.0075,0.9178,3557.6051,2067.4305,0.025,3.7159,326500.0,0.854,0.2438,東プレ,プライム（内国株式）,金属製品
5976,2026-10-02,1442.0,-0.0041,-0.0034,-0.0328,0.1291,-0.0202,0.1135,1453.4292,1376.7069,True,-0.0079,0.9359,1540.7076,1103.9959,0.0136,1.1784,144200.0,1.1729,0.2672,高周波熱錬,プライム（内国株式）,金属製品
5981,2026-10-02,1858.0,-0.0128,-0.0266,-0.0458,-0.0336,-0.0332,-0.0493,1864.8681,1919.2769,True,-0.0037,0.873,2128.3241,1358.4783,0.0242,1.4733,185800.0,0.7729,0.2316,東京製綱,プライム（内国株式）,金属製品
5982,2026-10-02,4025.0,-0.0098,-0.0135,-0.0371,0.0403,-0.0245,0.0246,4122.8369,3985.7258,True,-0.0237,0.9462,4253.7219,3296.3157,0.0119,0.1038,402500.0,0.7532,0.3239,マルゼン,スタンダード（内国株式）,金属製品
5983,2026-10-02,14500.0,0.0028,0.0489,0.0719,0.0862,0.0845,0.0705,13638.5185,13728.6892,True,0.0632,0.908,15968.4476,8774.353,0.0162,0.203,1450000.0,1.0558,0.3475,イワブチ,スタンダード（内国株式）,金属製品
5984,2026-10-02,780.0,0.0039,0.0008,0.0163,0.0849,0.0289,0.0692,771.7765,744.2608,True,0.0107,0.8579,909.2449,642.2751,0.0163,0.0283,78000.0,0.4966,0.3479,兼房,スタンダード（内国株式）,金属製品
5985,2026-10-02,2484.0,0.0016,0.0244,0.2076,0.5134,0.2202,0.4977,2197.5881,1833.4106,True,0.1303,0.955,2601.0,854.2995,0.0568,16.4737,248400.0,0.6361,0.4404,サンコール,スタンダード（内国株式）,金属製品
5986,2026-10-02,289.0,-0.0103,0.0989,0.1289,0.235,0.1415,0.2194,264.6,248.92,True,0.0922,0.9414,307.0,177.3691,0.0294,0.3441,28900.0,3.2328,0.6,モリテック　スチール,スタンダード（内国株式）,金属製品
5988,2026-10-02,1635.0,-0.0308,-0.0216,-0.0301,0.0379,-0.0174,0.0223,1661.0643,1634.7649,True,-0.0157,0.9353,1748.0455,1470.6954,0.0152,1.2856,163500.0,0.9344,0.2219,パイオラックス,プライム（内国株式）,金属製品
5989,2026-10-02,1389.0,-0.0307,-0.055,-0.0753,-0.0729,-0.0626,-0.0885,1449.2893,1482.1034,False,-0.0416,0.7793,1782.3598,1113.0321,0.0182,1.9758,138900.0,0.8562,0.3548,エイチワン,プライム（内国株式）,金属製品
5991,2026-10-02,3461.0,-0.0097,0.0121,0.0303,-0.1466,0.0429,-0.1623,3339.4453,3580.6782,False,0.0364,0.8052,4298.2571,1986.3976,0.0216,20.5571,346100.0,0.8651,0.3821,日本発條,プライム（内国株式）,金属製品
5992,2026-10-02,3580.0,-0.0285,-0.0259,-0.0246,-0.0612,-0.012,-0.0769,3655.2115,3690.4971,False,-0.0206,0.8628,4149.4652,3008.268,0.0127,0.794,358000.0,0.5391,0.3087,中央発條,スタンダード（内国株式）,金属製品
5994,2026-10-02,976.0,-0.0081,-0.0091,-0.0447,-0.019,-0.032,-0.0347,1002.7011,987.1782,True,-0.0266,0.459,2126.5649,896.8945,0.0139,0.0454,97600.0,0.3084,0.2274,ファインシンター,スタンダード（内国株式）,金属製品
5997,2026-10-02,900.0,0.0056,0.009,-0.0011,-0.0323,0.0115,-0.0479,896.92,900.1733,True,0.0034,0.9375,960.0,663.7606,0.0176,0.0265,90000.0,0.3326,0.2712,協立エアテック,スタンダード（内国株式）,金属製品
5998,2026-10-02,3020.0,0.0357,0.0679,0.1227,0.0879,0.1353,0.0722,2760.24,2734.0933,True,0.0941,0.8543,3535.0,1087.3474,0.0421,0.3399,302000.0,0.5748,0.378,アドバネクス,スタンダード（内国株式）,金属製品
6005,2026-10-02,2998.0,-0.0007,-0.0539,-0.0653,-0.044,-0.0527,-0.0597,3112.267,3132.6962,False,-0.0367,0.8587,3491.296,2703.2381,0.0223,12.2897,299800.0,1.1197,0.3542,三浦工業,プライム（内国株式）,機械
6013,2026-10-02,2971.0,-0.0113,-0.0015,-0.0064,-0.1745,0.0062,-0.1902,2959.983,3232.76,False,0.0037,0.8025,3702.2531,2090.7818,0.019,5.7781,297100.0,0.9134,0.1667,タクマ,プライム（内国株式）,機械
6016,2026-10-02,12190.0,0.0,0.0125,0.1454,0.4742,0.158,0.4586,11422.2326,9757.3828,True,0.0672,0.7187,16961.2596,6892.2061,0.05,13.0422,1219000.0,0.8669,0.2262,ジャパンエンジンコーポレーション,スタンダード（内国株式）,輸送用機器
6018,2026-10-02,5790.0,-0.0706,-0.0455,-0.0931,-0.0247,-0.0805,-0.0404,6035.5023,5989.1167,True,-0.0407,0.8677,6672.7812,3077.2948,0.0358,0.0604,579000.0,1.0676,0.3629,阪神内燃機工業,スタンダード（内国株式）,輸送用機器
6022,2026-10-02,2847.0,-0.0042,-0.0216,-0.0408,0.1347,-0.0281,0.119,2871.16,2662.6667,True,-0.0084,0.4687,6073.8473,2250.0,0.0136,0.0448,284700.0,1.1086,0.3577,赤阪鐵工所,スタンダード（内国株式）,機械
6023,2026-10-02,3320.0,-0.0104,0.0055,0.0766,0.2208,0.0892,0.2051,3180.2762,2887.7524,True,0.0439,0.9527,3484.8532,1954.2899,0.0343,4.9407,332000.0,0.9396,0.2523,ダイハツインフィニアース,スタンダード（内国株式）,輸送用機器
6027,2026-10-02,5030.0,-0.029,-0.0157,-0.0455,1.1046,-0.0329,1.0889,5254.4,3489.8533,True,-0.0427,0.8287,6070.0,1998.0,0.0692,14.4633,503000.0,0.6807,0.2616,弁護士ドットコム,プライム（内国株式）,サービス業
6029,2026-10-02,188.0,-0.0157,-0.0157,0.0162,0.033,0.0288,0.0173,187.68,190.52,False,0.0017,0.7402,254.0,134.0,0.0262,0.0493,18800.0,0.8164,0.3043,アトラグループ,スタンダード（内国株式）,サービス業
6030,2026-10-02,1541.0,-0.0452,-0.1025,-0.0271,0.096,-0.0145,0.0803,1660.88,1501.0514,True,-0.0722,0.5094,3025.3323,1127.0846,0.0473,0.2735,154100.0,1.3271,0.4543,アドベンチャー,グロース（内国株式）,サービス業
6031,2026-10-02,275.0,-0.0283,-0.0283,-0.0517,0.0417,-0.0391,0.026,281.88,268.1867,True,-0.0244,0.6772,406.0758,218.0,0.0377,0.1863,27500.0,0.4861,0.2221,ＺＥＴＡ,グロース（内国株式）,サービス業
6033,2026-10-02,1611.0,-0.0422,-0.0794,-0.0456,0.1491,-0.033,0.1334,1700.64,1593.7067,True,-0.0527,0.897,1796.0,1185.3543,0.0292,0.4498,161100.0,0.8314,0.3951,エクストリーム,グロース（内国株式）,サービス業
6034,2026-10-02,573.0,-0.0434,-0.0069,-0.0948,-0.0832,-0.0822,-0.0989,609.32,623.9867,False,-0.0596,0.8048,712.0,557.0,0.0408,0.0701,57300.0,2.2513,0.3297,ＭＲＴ,グロース（内国株式）,サービス業
6035,2026-10-02,730.0,-0.028,-0.0123,0.0063,0.0458,0.0189,0.0302,722.8899,707.9866,True,0.0098,0.8456,863.266,678.4297,0.0206,0.2567,73000.0,1.3744,0.3654,アイ・アールジャパンホールディングス,スタンダード（内国株式）,サービス業
6036,2026-10-02,3390.0,-0.0029,-0.0356,0.0074,0.2124,0.0201,0.1968,3475.6,3074.8108,True,-0.0246,0.898,3775.0,2423.4784,0.0281,4.8916,339000.0,0.7069,0.4352,ＫｅｅＰｅｒ技研,プライム（内国株式）,サービス業
6037,2026-10-02,1069.0,-0.0184,-0.0009,-0.0047,-0.0944,0.008,-0.1101,1073.68,1055.1667,True,-0.0044,0.7349,1454.5382,875.4295,0.0305,0.5581,106900.0,0.919,0.2114,楽待,スタンダード（内国株式）,サービス業
6038,2026-10-02,842.0,0.0,0.0084,0.0084,0.0565,0.021,0.0408,830.4,831.4565,False,0.014,0.8348,1008.667,790.0,0.0109,0.0361,84200.0,0.45,0.2496,イード,グロース（内国株式）,サービス業
6039,2026-10-02,1017.0,0.003,0.015,-0.002,-0.0627,0.0107,-0.0783,1011.6,1031.2667,True,0.0053,0.6336,1605.0,866.358,0.0199,0.4027,101700.0,0.6429,0.2465,日本動物高度医療センター,グロース（内国株式）,サービス業
6040,2026-10-02,446.0,-0.0262,-0.0262,-0.047,-0.1144,-0.0344,-0.1301,461.92,475.7157,True,-0.0345,0.7555,590.2997,425.1521,0.0213,0.122,44600.0,0.6787,0.2421,日本スキー場開発,グロース（内国株式）,サービス業
6042,2026-10-02,3800.0,0.0,-0.0078,-0.0206,-0.05,-0.008,-0.0657,3866.6,3923.1333,False,-0.0172,0.7116,5340.0,2857.1295,0.0106,0.0169,380000.0,0.864,0.4584,ニッキ,スタンダード（内国株式）,輸送用機器
6044,2026-10-02,1867.0,-0.0122,-0.0127,-0.0205,0.1454,-0.0078,0.1297,1889.08,1818.2133,True,-0.0117,0.7765,2404.3373,1441.0,0.0156,0.0949,186700.0,0.4231,0.2882,三機サービス,スタンダード（内国株式）,サービス業
6045,2026-10-02,2025.0,-0.0371,-0.0134,-0.1294,0.3483,-0.1168,0.3326,2181.5649,1815.4063,True,-0.0718,0.8084,2504.8498,1350.8296,0.0545,0.7139,202500.0,1.5323,0.3715,レントラックス,グロース（内国株式）,サービス業
6046,2026-10-02,144.0,0.0,-0.0769,-0.0886,0.1803,-0.076,0.1647,151.72,134.8133,True,-0.0509,0.64,225.0,108.0,0.0303,0.1089,14400.0,0.2588,0.3672,リンクバル,スタンダード（内国株式）,サービス業
6047,2026-10-02,362.0,-0.0449,-0.0646,-0.1298,-0.2026,-0.1172,-0.2183,393.96,405.76,False,-0.0811,0.5138,704.6201,345.0,0.0235,0.3006,36200.0,0.4312,0.3412,Ｇｕｎｏｓｙ,スタンダード（内国株式）,サービス業
6049,2026-10-02,252.0,0.012,0.0244,0.0161,0.0161,0.0288,0.0005,250.16,247.4533,False,0.0074,0.8514,296.0,239.0,0.0207,0.0417,25200.0,0.6468,0.1726,イトクロ,グロース（内国株式）,サービス業
6050,2026-10-02,1637.0,-0.0221,-0.0773,-0.0819,-0.0177,-0.0692,-0.0333,1748.2052,1707.5227,True,-0.0636,0.7981,2051.1617,1560.682,0.0129,0.446,163700.0,1.7474,0.7084,イー・ガーディアン,プライム（内国株式）,サービス業
6054,2026-10-02,110.0,0.0,-0.0179,-0.0265,-0.0179,-0.0139,-0.0335,111.84,111.84,False,-0.0165,0.6322,174.0,103.0,0.0182,0.0169,11000.0,0.3688,0.2,リブセンス,スタンダード（内国株式）,サービス業
6055,2026-10-02,2346.0,-0.0205,0.016,0.1035,-0.0616,0.1161,-0.0773,2192.56,2310.5467,True,0.07,0.8469,2770.0,1471.4164,0.0413,12.7835,234600.0,0.7934,0.351,ジャパンマテリアル,プライム（内国株式）,サービス業
6058,2026-10-02,2065.0,0.0456,0.0699,0.0238,0.0909,0.0364,0.0752,1983.64,1846.9733,True,0.041,0.9277,2226.0,1026.6598,0.0337,8.7071,206500.0,0.8629,0.2774,ベクトル,プライム（内国株式）,サービス業
6059,2026-10-02,372.0,0.0054,0.0248,0.0389,0.1125,0.0515,0.0968,362.2266,348.5905,True,0.027,0.9124,407.7369,316.322,0.0177,0.0365,37200.0,1.2706,0.2267,ウチヤマホールディングス,スタンダード（内国株式）,サービス業
6061,2026-10-02,3155.0,0.0,-0.0079,-0.0247,0.1816,-0.0121,0.166,3181.0,2943.549,True,-0.0082,0.9085,3472.6831,2498.5407,0.0242,0.1205,315500.0,0.5153,0.2554,ユニバーサル園芸社,スタンダード（内国株式）,サービス業
6062,2026-10-02,1369.0,-0.0277,-0.0533,-0.0433,0.027,-0.0307,0.0113,1412.24,1374.8283,True,-0.0306,0.9157,1495.0,1030.535,0.0233,1.3619,136900.0,1.0019,0.3351,チャーム・ケア・コーポレーション,プライム（内国株式）,サービス業
6063,2026-10-02,1003.0,0.002,-0.005,-0.002,0.0142,0.0106,-0.0015,998.8,996.24,True,0.0042,0.7547,1329.0,835.0,0.016,0.0122,100300.0,0.6158,0.1812,日本エマージェンシーアシスタンス,スタンダード（内国株式）,サービス業
6069,2026-10-02,652.0,-0.0181,-0.0398,-0.0672,-0.0106,-0.0546,-0.0263,678.36,663.7067,True,-0.0389,0.628,1038.2222,578.0,0.0198,0.0978,65200.0,0.4816,0.2862,トレンダーズ,グロース（内国株式）,サービス業
6070,2026-10-02,2491.0,-0.027,-0.0311,-0.0572,0.1076,-0.0445,0.0919,2554.0,2415.2,True,-0.0247,0.9264,2689.0,2086.0,0.0165,1.207,249100.0,1.7651,0.3421,キャリアリンク,プライム（内国株式）,サービス業
6071,2026-10-02,883.0,-0.0211,-0.0079,-0.0686,0.0848,-0.0559,0.0691,899.72,854.9867,True,-0.0186,0.9047,976.0,659.0,0.0272,2.1066,88300.0,0.732,0.3042,ＩＢＪ,プライム（内国株式）,サービス業
6072,2026-10-02,1091.0,0.044,0.013,0.0196,0.043,0.0322,0.0274,1063.4,1034.8533,False,0.026,0.5572,1958.0,149.0,0.0568,5.4661,109100.0,0.9357,0.2694,地盤ネットホールディングス,スタンダード（内国株式）,サービス業
6073,2026-10-02,1371.0,-0.0172,-0.0631,-0.0797,-0.036,-0.0671,-0.0516,1474.3887,1455.5482,True,-0.0701,0.8412,1629.9111,1279.1525,0.0162,0.3259,137100.0,1.9825,0.6439,アサンテ,プライム（内国株式）,サービス業
6074,2026-10-02,502.0,-0.004,-0.0088,-0.003,0.0311,0.0096,0.0154,505.2437,498.2694,True,-0.0064,0.8584,584.8282,458.4582,0.0083,0.0419,50200.0,2.9284,0.312,ジェイエスエス,スタンダード（内国株式）,サービス業
6078,2026-10-02,1517.0,-0.0156,-0.038,-0.0636,0.0348,-0.051,0.0191,1567.56,1518.5152,True,-0.0323,0.8131,1865.6893,1307.9431,0.0162,0.4837,151700.0,1.1822,0.3328,バリューＨＲ,プライム（内国株式）,サービス業
6080,2026-10-02,4270.0,-0.0035,0.021,0.027,0.2152,0.0397,0.1995,4135.4338,3840.5465,True,0.0325,0.9874,4324.7066,2844.4775,0.0264,3.5366,427000.0,0.9952,0.2265,Ｍ＆Ａキャピタルパートナーズ,プライム（内国株式）,サービス業
6081,2026-10-02,146.0,0.0282,-0.0135,-0.1205,-0.1098,-0.1079,-0.1254,152.28,157.1867,False,-0.0412,0.3133,466.0,136.0,0.0685,1.9951,14600.0,0.4205,0.1,アライドアーキテクツ,グロース（内国株式）,サービス業
6082,2026-10-02,985.0,-0.0061,-0.0061,-0.0296,0.002,-0.0169,-0.0136,1000.4,995.3067,True,-0.0154,0.9417,1046.0,962.0,0.0085,0.2289,98500.0,1.2276,0.2752,ライドオンエクスプレスホールディングス,スタンダード（内国株式）,サービス業
6083,2026-10-02,1405.0,-0.0284,-0.1577,-0.1567,-0.0416,-0.144,-0.0573,1622.4,1543.24,True,-0.134,0.7929,1772.0,915.3792,0.0448,1.1598,140500.0,1.5625,0.5952,ＥＲＩホールディングス,スタンダード（内国株式）,サービス業
6085,2026-10-02,102.0,0.1333,-0.113,-0.5278,-0.5256,-0.5152,-0.5413,154.48,172.0133,False,-0.3397,0.1417,720.0,24.4,0.1457,8.3151,10200.0,0.7433,0.424,アーキテクツ・スタジオ・ジャパン,グロース（内国株式）,サービス業
6086,2026-10-02,986.0,-0.0228,-0.0409,-0.0473,-0.0501,-0.0347,-0.0658,1020.96,1029.5333,False,-0.0342,0.7764,1270.0,962.0,0.0226,0.2806,98600.0,1.0698,0.3096,シンメンテホールディングス,グロース（内国株式）,サービス業
6087,2026-10-02,3350.0,0.0,-0.0214,-0.0283,0.0221,-0.0156,0.0065,3434.5421,3364.5987,True,-0.0246,0.9596,3491.1217,2986.1472,0.0113,0.1301,335000.0,2.2283,0.5064,アビスト,スタンダード（内国株式）,サービス業
6088,2026-10-02,575.0,-0.0103,-0.0238,0.0323,0.0052,0.0449,-0.0104,566.32,559.4,True,0.0153,0.6324,909.2362,501.0,0.0211,2.4246,57500.0,0.9497,0.2224,シグマクシス・ホールディングス,プライム（内国株式）,サービス業
6089,2026-10-02,1135.0,-0.0207,-0.0307,-0.051,0.0647,-0.0384,0.0491,1162.6,1109.88,True,-0.0237,0.892,1272.4222,950.2167,0.0139,0.406,113500.0,0.7453,0.2977,ウィルグループ,プライム（内国株式）,サービス業
6090,2026-10-02,606.0,-0.0194,-0.0049,-0.0226,-0.0049,-0.01,-0.0206,614.76,607.4188,False,-0.0142,0.8143,744.218,564.4787,0.0159,0.0199,60600.0,0.5025,0.28,ヒューマン・メタボローム・テクノロジーズ,スタンダード（内国株式）,サービス業
6091,2026-10-02,946.0,-0.0042,-0.0512,0.0594,0.0237,0.072,0.0081,926.08,903.1909,True,0.0215,0.9311,1016.0,764.5746,0.0273,0.3014,94600.0,0.5159,0.3519,ウエスコホールディングス,スタンダード（内国株式）,サービス業
6092,2026-10-02,777.0,-0.0051,-0.0513,-0.111,0.0913,-0.0984,0.0756,819.76,768.8267,True,-0.0522,0.7701,1009.0,543.7103,0.0196,0.1699,77700.0,0.9368,0.4667,エンバイオ・ホールディングス,スタンダード（内国株式）,サービス業
6093,2026-10-02,161.0,-0.0062,0.0,-0.0183,0.006,-0.0057,-0.0096,161.3593,159.0242,True,-0.0022,0.8038,200.2909,122.3612,0.0169,0.1199,16100.0,1.0984,0.1842,ミトラグループ,スタンダード（内国株式）,サービス業
6094,2026-10-02,500.0,-0.0119,-0.0458,-0.1438,-0.0403,-0.1312,-0.056,542.52,542.8667,False,-0.0784,0.6281,796.0,490.0,0.0187,0.3725,50000.0,2.79,0.3313,フリークアウト・ホールディングス,グロース（内国株式）,サービス業
6098,2026-10-02,16685.0,-0.0042,0.0222,-0.0455,0.4009,-0.0329,0.3852,16634.5576,14174.6916,True,0.003,0.9167,18200.5996,6023.6524,0.0345,748.425,1668500.0,1.0094,0.2756,リクルートホールディングス,プライム（内国株式）,サービス業
6099,2026-10-02,701.0,-0.0154,-0.0397,-0.0603,-0.0641,-0.0477,-0.0798,728.92,746.8,True,-0.0383,0.8686,807.0,654.0,0.0156,0.5693,70100.0,0.9247,0.3935,エラン,プライム（内国株式）,サービス業
6101,2026-10-02,5520.0,0.0,0.0594,0.0614,-0.3137,0.0741,-0.3294,5098.29,6196.7813,False,0.0827,0.6457,8548.6791,2237.9161,0.0353,14.8573,552000.0,0.6445,0.4334,ツガミ,プライム（内国株式）,機械
6103,2026-10-02,4820.0,-0.0031,0.0465,0.0234,-0.0128,0.0361,-0.0285,4554.8303,4748.5957,True,0.0582,0.855,5637.7214,3179.871,0.0264,18.4954,482000.0,0.8449,0.4765,オークマ,プライム（内国株式）,機械
6104,2026-10-02,4910.0,0.0134,0.0636,0.1086,0.0625,0.1212,0.0468,4445.2043,4376.0077,True,0.1046,0.9638,5094.2092,3556.0478,0.0261,8.1033,491000.0,1.1745,0.639,芝浦機械,プライム（内国株式）,機械
6113,2026-10-02,2626.5,0.0017,0.0625,0.0316,-0.1348,0.0442,-0.1504,2458.7395,2715.7607,False,0.0682,0.8252,3182.7329,1695.3109,0.0263,55.1929,262650.0,0.88,0.4707,アマダ,プライム（内国株式）,機械
6118,2026-10-02,1208.0,-0.0211,0.0017,-0.0131,0.0272,-0.0004,0.0115,1234.4,1208.88,True,-0.0214,0.8869,1362.0,864.5189,0.0244,3.3256,120800.0,1.1023,0.2447,アイダエンジニアリング,プライム（内国株式）,機械
6125,2026-10-02,5020.0,-0.004,0.0621,0.0999,-0.0999,0.1125,-0.1156,4675.8737,5009.1613,False,0.0736,0.8563,5862.5942,3629.6934,0.0267,1.3695,502000.0,0.4752,0.4924,岡本工作機械製作所,スタンダード（内国株式）,機械
6134,2026-10-02,8059.0,0.0085,0.0952,0.1613,-0.0668,0.1739,-0.0825,7067.1862,7543.7307,False,0.1403,0.9129,8828.3776,2565.4728,0.0316,52.5311,805900.0,0.9036,0.5821,ＦＵＪＩ,プライム（内国株式）,機械
6135,2026-10-02,3175.0,-0.0155,0.0621,0.0534,0.0912,0.066,0.0755,2930.3949,2853.6795,True,0.0835,0.9845,3225.0,1948.2578,0.0258,17.6954,317500.0,0.6469,0.493,牧野フライス製作所,プライム（内国株式）,機械
6136,2026-10-02,3649.0,0.0,0.0238,-0.0138,-0.1102,-0.0012,-0.1259,3564.88,3701.6,True,0.0236,0.8641,4223.0,1987.6946,0.0235,11.6822,364900.0,0.8757,0.3611,オーエスジー,プライム（内国株式）,機械
6137,2026-10-02,1493.0,-0.0119,-0.0293,-0.0286,-0.0067,-0.016,-0.0223,1518.16,1502.1333,False,-0.0166,0.6294,2371.9801,1289.3742,0.0213,0.3378,149300.0,0.5743,0.2166,小池酸素工業,スタンダード（内国株式）,機械
6138,2026-10-02,2085.0,0.0029,0.0568,0.0034,0.821,0.016,0.8053,2006.68,1550.68,True,0.039,0.9477,2200.0,814.111,0.0305,0.2277,208500.0,0.5628,0.3111,ダイジェット工業,スタンダード（内国株式）,機械
6140,2026-10-02,1118.0,-0.0071,0.0098,-0.0526,-0.0913,-0.04,-0.1069,1132.2163,1169.3263,False,-0.0126,0.662,1688.9474,765.1369,0.0224,4.7558,111800.0,0.6062,0.2561,旭ダイヤモンド工業,プライム（内国株式）,機械
6141,2026-10-02,2846.0,-0.026,-0.0298,-0.045,-0.2411,-0.0323,-0.2567,2878.36,3314.3214,False,-0.0112,0.7151,3980.0,2270.6758,0.0223,41.6282,284600.0,0.8079,0.339,ＤＭＧ森精機,プライム（内国株式）,機械
6143,2026-10-02,1751.0,-0.0045,0.0282,0.0057,-0.0818,0.0184,-0.0975,1696.68,1784.5539,False,0.032,0.8281,2114.5218,838.9688,0.0292,5.9102,175100.0,0.5925,0.3612,ソディック,プライム（内国株式）,機械
6144,2026-10-02,2718.0,-0.0106,-0.0209,-0.0707,-0.0544,-0.058,-0.0701,2798.6123,2862.7276,True,-0.0288,0.7983,3404.8654,1954.1234,0.0173,0.1572,271800.0,1.3044,0.2453,西部電機,スタンダード（内国株式）,機械
6145,2026-10-02,2847.0,0.0014,0.0796,0.1607,-0.0298,0.1733,-0.0455,2518.4158,2649.2981,False,0.1305,0.8356,3407.0868,2021.8698,0.0294,2.5907,284700.0,0.8572,0.4694,ＮＩＴＴＯＫＵ,スタンダード（内国株式）,機械
6146,2026-10-02,60290.0,-0.0025,0.1155,0.0687,-0.2103,0.0814,-0.226,55133.7709,64732.6873,False,0.0935,0.6597,91391.8146,41998.1084,0.0342,800.0296,6029000.0,0.9618,0.5569,ディスコ,プライム（内国株式）,機械
6149,2026-10-02,2161.0,-0.0087,-0.0438,-0.0709,0.0028,-0.0583,-0.0129,2228.6,2177.4133,True,-0.0303,0.7556,2859.9041,1835.0,0.0185,0.169,216100.0,0.6408,0.3893,小田原エンジニアリング,スタンダード（内国株式）,機械
6150,2026-10-02,2771.0,-0.0068,-0.0086,-0.0104,0.0106,0.0023,-0.0051,2792.68,2773.64,False,-0.0078,0.8195,3381.168,2666.0,0.0051,0.041,277100.0,1.6661,0.3025,タケダ機械,スタンダード（内国株式）,機械
6151,2026-10-02,1671.0,-0.0199,-0.0428,-0.0395,-0.002,-0.0269,-0.0177,1716.2978,1703.1005,True,-0.0264,0.8799,1899.1693,1522.2722,0.0151,0.2653,167100.0,1.1123,0.3321,日東工器,プライム（内国株式）,機械
6155,2026-10-02,542.0,-0.0037,0.0093,0.0149,0.1051,0.0275,0.0895,535.7469,514.5268,True,0.0117,0.9839,550.8803,436.2417,0.015,0.0297,54200.0,0.5802,0.3898,高松機械工業,スタンダード（内国株式）,機械
6156,2026-10-02,1895.0,0.0037,0.0254,0.0161,0.0954,0.0287,0.0797,1850.96,1835.464,False,0.0238,0.9561,1981.9082,1636.0719,0.0127,0.1802,189500.0,0.4611,0.35,エーワン精密,スタンダード（内国株式）,機械
6157,2026-10-02,810.0,-0.0074,0.0063,-0.02,-0.1259,-0.0074,-0.1416,810.0507,866.9725,False,-0.0001,0.8034,1008.1675,721.6959,0.0139,0.567,81000.0,0.7429,0.2138,日進工具,スタンダード（内国株式）,機械
6158,2026-10-02,1028.0,-0.001,0.0221,0.0172,0.0604,0.0298,0.0448,1012.127,980.5976,True,0.0157,0.7916,1298.6741,806.606,0.017,0.0432,102800.0,1.0741,0.3301,和井田製作所,スタンダード（内国株式）,機械
6159,2026-10-02,1860.0,0.0049,-0.0338,0.0333,0.0011,0.046,-0.0145,1907.987,1886.7232,False,-0.0252,0.642,2897.0855,1652.213,0.057,0.0679,186000.0,1.077,0.3441,ミクロン精密,スタンダード（内国株式）,機械
6161,2026-10-02,1042.0,-0.0123,-0.0142,-0.0123,0.0058,0.0003,-0.0099,1048.8,1052.9867,True,-0.0065,0.9213,1131.0,948.5253,0.0131,0.046,104200.0,0.5541,0.1832,エスティック,スタンダード（内国株式）,機械
6165,2026-10-02,523.0,-0.0315,-0.0351,-0.0385,0.0568,-0.0259,0.0412,534.4875,512.0581,True,-0.0215,0.9199,568.5154,385.5252,0.019,0.2923,52300.0,0.6628,0.3317,パンチ工業,スタンダード（内国株式）,機械
6166,2026-10-02,610.0,-0.0049,-0.0498,-0.1069,-0.3441,-0.0943,-0.3598,654.52,656.8933,True,-0.068,0.5083,1200.1354,245.3919,0.0273,0.546,61000.0,0.2522,0.3906,中村超硬,グロース（内国株式）,機械
6167,2026-10-02,1007.0,-0.0089,-0.003,-0.0317,-0.0118,-0.0191,-0.0274,1004.16,999.6133,True,0.0028,0.6452,1560.7143,788.5714,0.0183,0.4999,100700.0,0.5964,0.2496,冨士ダイス,プライム（内国株式）,機械
6171,2026-10-02,373.0,0.0081,-0.0027,-0.0027,-0.0337,0.0099,-0.0493,372.68,377.5952,False,0.0009,0.7091,526.0067,370.0,0.0088,0.0582,37300.0,0.6388,0.2739,土木管理総合試験所,スタンダード（内国株式）,サービス業
6176,2026-10-02,977.0,-0.0161,-0.0187,0.0035,0.1159,0.0162,0.1002,1007.019,926.976,True,-0.0298,0.7772,1257.0555,629.5536,0.0255,2.1691,97700.0,1.1605,0.2418,ブランジスタ,スタンダード（内国株式）,サービス業
6177,2026-10-02,86.0,-0.0115,0.0,0.0,0.0488,0.0126,0.0331,85.04,82.2267,False,0.0113,0.3282,262.0,72.0,0.039,0.3908,8600.0,1.0042,0.3277,ＡｐｐＢａｎｋ,グロース（内国株式）,サービス業
6178,2026-10-02,2465.0,-0.0175,-0.033,-0.0235,0.0979,-0.0109,0.0823,2469.3456,2359.9633,True,-0.0018,0.9581,2572.791,1357.3129,0.0244,127.149,246500.0,1.0396,0.2159,日本郵政,プライム（内国株式）,サービス業
6180,2026-10-02,3755.0,-0.0131,-0.0027,-0.0272,0.0503,-0.0146,0.0347,3811.0,3754.2667,True,-0.0147,0.6342,5920.5081,3440.0,0.0149,0.0447,375500.0,1.0481,0.2408,ＧＭＯメディア,グロース（内国株式）,サービス業
6181,2026-10-02,86.0,-0.0115,-0.0444,-0.0549,0.0617,-0.0423,0.0461,89.56,82.4,True,-0.0397,0.5931,145.0,68.0,0.0257,0.0695,8600.0,0.549,0.3161,タメニー,グロース（内国株式）,サービス業
6182,2026-10-02,539.0,-0.0253,0.0037,0.0405,-0.011,0.0532,-0.0267,520.76,503.8133,True,0.035,0.7926,680.0,378.0,0.0205,0.1262,53900.0,0.6264,0.4335,メタリアル,グロース（内国株式）,サービス業
6183,2026-10-02,1279.0,-0.0296,-0.063,-0.0799,-0.0554,-0.0672,-0.071,1362.7166,1348.8418,False,-0.0614,0.8401,1522.3548,1203.8983,0.0187,3.6303,127900.0,1.0796,0.4597,ベルシステム２４ホールディングス,プライム（内国株式）,サービス業
6184,2026-10-02,603.0,-0.0163,-0.0082,0.0117,0.1964,0.0244,0.1808,594.48,546.76,True,0.0143,0.9633,625.9966,444.0,0.0283,1.043,60300.0,0.9183,0.2167,鎌倉新書,プライム（内国株式）,サービス業
6185,2026-10-02,363.0,-0.0082,-0.0109,-0.0163,-0.0692,-0.0036,-0.0849,366.44,375.68,False,-0.0094,0.6981,520.0,344.0,0.0118,0.0234,36300.0,0.6873,0.1867,ＳＭＮ,スタンダード（内国株式）,サービス業
6186,2026-10-02,373.0,0.0,0.0189,0.0054,0.0135,0.0181,-0.0022,370.8718,371.6515,True,0.0057,0.9501,392.573,347.8959,0.0091,0.0079,37300.0,1.0964,0.3515,一蔵,スタンダード（内国株式）,サービス業
6189,2026-10-02,985.0,-0.0051,-0.0042,-0.0159,0.0129,-0.0032,-0.0028,992.9452,982.0548,True,-0.008,0.912,1080.081,682.8652,0.013,0.1691,98500.0,2.2315,0.2739,グローバルキッズＣＯＭＰＡＮＹ,スタンダード（内国株式）,サービス業
6190,2026-10-02,314.0,-0.0095,0.0295,-0.0819,-0.0655,-0.0692,-0.0811,320.88,337.4533,False,-0.0214,0.4337,724.0,296.0,0.0318,0.0252,31400.0,1.1918,0.27,フェニックスバイオ,グロース（内国株式）,サービス業
6191,2026-10-02,1478.0,0.0172,0.1227,1.0655,1.0553,1.0782,1.0396,1063.5333,854.4933,True,0.3897,0.9405,1571.5556,586.6667,0.082,16.0625,147800.0,2.2653,0.1996,エアトリ,プライム（内国株式）,サービス業
6193,2026-10-02,1066.0,0.0019,-0.1087,-0.1333,0.0565,-0.1207,0.0408,1177.4,1080.88,True,-0.0946,0.8549,1247.0,916.0,0.0344,0.1405,106600.0,2.012,0.4794,バーチャレクス・ホールディングス,グロース（内国株式）,サービス業
6194,2026-10-02,919.0,-0.0234,0.042,0.0384,0.3054,0.051,0.2897,880.76,827.5067,True,0.0434,0.9593,958.0,618.0,0.0217,2.1747,91900.0,1.6052,0.4215,アトラエ,プライム（内国株式）,サービス業
6195,2026-10-02,202.0,0.005,-0.0006,0.0092,-0.0149,0.0219,-0.0306,199.3479,203.9249,False,0.0133,0.7711,261.961,180.5275,0.0147,0.0373,20200.0,0.6943,0.3298,ホープ,グロース（内国株式）,サービス業
6196,2026-10-02,1409.0,-0.0042,0.0374,0.0359,0.1355,0.0486,0.1198,1348.7472,1287.1481,True,0.0447,0.9531,1478.3937,1112.1336,0.0186,5.5185,140900.0,1.0812,0.316,ストライクグループ,プライム（内国株式）,サービス業
6198,2026-10-02,199.0,-0.005,-0.005,-0.0245,-0.1422,-0.0119,-0.1579,201.88,216.3067,False,-0.0143,0.6633,300.0,196.0,0.0122,0.016,19900.0,0.9266,0.2059,キャリア,グロース（内国株式）,サービス業
6199,2026-10-02,1307.0,-0.0121,-0.0446,-0.0617,0.0421,-0.0491,0.0265,1372.3725,1295.1568,True,-0.0476,0.752,1738.0474,1077.3918,0.0337,0.2461,130700.0,0.887,0.3767,セラク,スタンダード（内国株式）,情報・通信業
6200,2026-10-02,670.0,-0.0015,0.0452,-0.0375,0.1565,-0.0249,0.1408,681.2101,647.8434,True,-0.0165,0.7112,942.1149,535.6379,0.0233,3.4347,67000.0,1.1271,0.3834,インソース,プライム（内国株式）,サービス業
6203,2026-10-02,2516.0,-0.0055,0.0854,0.6201,0.5388,0.6327,0.5232,2100.96,1713.76,True,0.1975,0.8169,3080.0,1046.189,0.131,189.9553,251600.0,1.0964,0.173,豊和工業,スタンダード（内国株式）,機械
6208,2026-10-02,1723.0,-0.0331,-0.0428,0.0392,-0.0098,0.0518,-0.0254,1728.56,1710.1333,False,-0.0032,0.5546,3106.629,1394.267,0.0798,7.2094,172300.0,1.268,0.2022,石川製作所,スタンダード（内国株式）,機械
6209,2026-10-02,3835.0,-0.0204,-0.024,-0.0289,-0.0129,-0.0162,-0.0286,3847.6734,3866.2916,True,-0.0033,0.8935,4292.2772,2817.6877,0.0165,3.5126,383500.0,1.0622,0.3652,リケンＮＰＲ,プライム（内国株式）,機械
6217,2026-10-02,800.0,-0.0037,-0.0087,-0.0244,-0.0741,-0.0118,-0.0897,793.0,833.2,False,0.0088,0.2952,2710.0,331.0,0.0396,0.4658,80000.0,0.3569,0.2775,津田駒工業,スタンダード（内国株式）,機械
6218,2026-10-02,680.0,0.018,0.0526,0.0675,-0.0188,0.0801,-0.0344,652.24,633.5733,True,0.0426,0.9798,694.0,471.4591,0.0167,0.0311,68000.0,0.4796,0.3698,エンシュウ,スタンダード（内国株式）,機械
6222,2026-10-02,881.0,-0.0254,-0.0393,-0.0506,0.0085,-0.038,-0.0071,928.9179,912.06,True,-0.0516,0.8197,1074.8488,839.2214,0.0217,1.3363,88100.0,0.8161,0.3383,島精機製作所,プライム（内国株式）,機械
6223,2026-10-02,1942.0,-0.0072,0.0005,0.0047,-0.1407,0.0173,-0.1564,1938.08,2051.8933,False,0.002,0.7328,2650.0,1548.6936,0.0179,0.5343,194200.0,0.6124,0.1922,西部技研,スタンダード（内国株式）,機械
6224,2026-10-02,1142.0,-0.0395,-0.0578,-0.0798,-0.1432,-0.0672,-0.1589,1199.0451,1208.3891,False,-0.0476,0.6419,1779.2303,1068.2457,0.0208,0.2568,114200.0,0.4774,0.3532,ＪＲＣ,グロース（内国株式）,機械
6226,2026-10-02,2148.0,-0.0381,-0.0281,-0.0285,-0.0662,-0.0159,-0.0819,2184.2967,2263.3327,True,-0.0166,0.6773,3171.6411,1801.5189,0.0316,2.2446,214800.0,0.4681,0.2223,守谷輸送機工業,スタンダード（内国株式）,機械
6227,2026-10-02,7950.0,0.0352,0.2009,0.2326,0.1455,0.2452,0.1299,6375.6,6671.2719,False,0.2469,0.8547,9301.9944,1433.766,0.0587,71.4919,795000.0,1.0595,0.7011,ＡＩメカテック,スタンダード（内国株式）,機械
6228,2026-10-02,720.0,0.0227,0.3333,0.4784,0.3714,0.4911,0.3558,549.4,538.0533,False,0.3105,0.6723,1071.0,473.0,0.0563,0.5601,72000.0,1.9265,0.6137,ジェイ・イー・ティ,スタンダード（内国株式）,機械
6229,2026-10-02,1460.0,-0.0168,-0.0128,-0.0395,-0.0605,-0.0269,-0.0762,1485.8,1521.3467,False,-0.0174,0.6258,2332.8655,1395.0,0.0184,0.1732,146000.0,0.537,0.1597,オーケーエム,スタンダード（内国株式）,機械
6230,2026-10-02,2140.0,-0.0097,-0.0014,0.0051,-0.0523,0.0177,-0.0679,2133.0206,2144.9295,True,0.0033,0.9264,2310.1147,1938.3301,0.0114,0.0218,214000.0,0.7067,0.3097,ＳＡＮＥＩ,スタンダード（内国株式）,機械
6231,2026-10-02,12060.0,-0.0155,0.0126,-0.0593,-0.0235,-0.0467,-0.0392,12274.0,12346.6667,True,-0.0174,0.7179,16799.5534,10150.0,0.0277,1.663,1206000.0,1.1382,0.3141,木村工機,スタンダード（内国株式）,機械
6232,2026-10-02,1287.0,-0.01,-0.041,-0.1544,-0.3043,-0.1418,-0.32,1383.16,1620.2533,False,-0.0695,0.3116,4130.0,836.0,0.0488,12.4102,128700.0,1.0935,0.3472,ＡＣＳＬ,グロース（内国株式）,機械
6233,2026-10-02,395.0,-0.0025,0.0025,0.0025,0.052,0.0152,0.0363,392.6875,383.2509,True,0.0059,0.8853,446.1823,363.7673,0.0133,0.0296,39500.0,1.3782,0.2785,ＫＬＡＳＳ,スタンダード（内国株式）,機械
6235,2026-10-02,2709.0,-0.0294,0.0586,0.0196,-0.2954,0.0322,-0.3111,2545.84,3106.9989,False,0.0641,0.5557,4875.2826,1509.8863,0.0372,8.1569,270900.0,0.9071,0.4779,オプトラン,プライム（内国株式）,機械
6237,2026-10-02,4100.0,0.0037,0.0087,0.0087,-0.001,0.0213,-0.0167,3963.3298,4221.207,True,0.0345,0.6875,5963.5743,2255.295,0.0264,2.1374,410000.0,0.3438,0.3206,イワキポンプ,プライム（内国株式）,機械
6238,2026-10-02,1416.0,-0.0014,-0.0119,-0.0077,0.0343,0.0049,0.0187,1430.04,1394.9067,True,-0.0098,0.9542,1484.0,972.8199,0.0257,1.6085,141600.0,0.9935,0.2553,フリュー,プライム（内国株式）,機械
6239,2026-10-02,1405.0,-0.0175,-0.0377,-0.027,0.0423,-0.0144,0.0266,1442.16,1378.0664,True,-0.0258,0.7693,1826.2577,1236.3258,0.0297,0.074,140500.0,0.9451,0.3692,ナガオカ,スタンダード（内国株式）,機械
6240,2026-10-02,503.0,-0.0233,-0.0269,-0.0468,0.0035,-0.0342,-0.0121,518.2945,516.7397,False,-0.0295,0.6164,816.0445,453.6785,0.0233,1.5755,50300.0,1.0885,0.1795,ヤマシンフィルタ,プライム（内国株式）,機械
6245,2026-10-02,1771.0,-0.0264,-0.0088,-0.0311,0.0043,-0.0185,-0.0113,1790.6704,1741.0624,False,-0.011,0.6903,2565.4,1459.064,0.0207,0.8759,177100.0,0.4893,0.2031,ヒラノテクシード,スタンダード（内国株式）,機械
6246,2026-10-02,1783.0,-0.0083,-0.0114,-0.0173,-0.0563,-0.0046,-0.072,1792.2976,1802.3626,True,-0.0052,0.8897,2004.1333,1609.5674,0.0123,0.0985,178300.0,0.7432,0.2078,テクノスマート,スタンダード（内国株式）,機械
6247,2026-10-02,1632.0,-0.0157,-0.0349,-0.091,-0.0804,-0.0784,-0.0961,1698.1438,1688.1865,True,-0.039,0.8857,1842.6481,1259.5162,0.0251,1.1435,163200.0,1.0768,0.2668,日阪製作所,プライム（内国株式）,機械
6249,2026-10-02,2741.0,-0.004,-0.0182,-0.0137,0.133,-0.001,0.1173,2795.9945,2610.8872,True,-0.0197,0.8986,3050.1588,2192.3077,0.0206,0.198,274100.0,1.2715,0.2584,ゲームカードホールディングス,スタンダード（内国株式）,機械
6250,2026-10-02,4305.0,-0.0046,-0.0455,-0.0271,0.094,-0.0145,0.0784,4366.0,4067.5877,True,-0.014,0.9338,4610.0,2379.5266,0.0313,5.0723,430500.0,0.9309,0.2451,やまびこ,プライム（内国株式）,機械
6254,2026-10-02,3505.0,-0.0113,0.0339,0.0146,-0.2806,0.0272,-0.2963,3384.5418,3970.442,False,0.0356,0.6429,5452.0347,2448.6081,0.0308,16.0606,350500.0,0.7238,0.4011,野村マイクロ・サイエンス,プライム（内国株式）,機械
6255,2026-10-02,750.0,-0.0247,0.1161,0.1013,0.0188,0.1139,0.0031,678.1229,677.7581,False,0.106,0.8551,877.1015,556.8116,0.032,1.6097,75000.0,1.0367,0.475,エヌ・ピー・シー,グロース（内国株式）,機械
6257,2026-10-02,1000.0,0.0,0.0071,-0.0036,0.0151,0.009,-0.0006,994.3419,988.014,True,0.0057,0.9522,1050.1542,927.5763,0.0115,0.3279,100000.0,1.6683,0.3204,藤商事,スタンダード（内国株式）,機械
6258,2026-10-02,3880.0,0.0104,0.0224,0.107,0.2557,0.1196,0.24,3601.4,3286.8267,True,0.0774,0.9652,4020.0,1818.1584,0.0304,9.6499,388000.0,0.7792,0.3818,平田機工,プライム（内国株式）,機械
6262,2026-10-02,518.0,-0.0133,0.0034,-0.0133,0.0227,-0.0007,0.007,515.6805,517.3252,False,0.0045,0.5158,1004.2523,486.0853,0.0191,0.2727,51800.0,1.0918,0.3094,ＰＥＧＡＳＵＳ,スタンダード（内国株式）,機械
6264,2026-10-02,2116.0,-0.0047,0.0907,0.0835,-0.2767,0.0961,-0.2924,1940.76,2158.3222,False,0.0903,0.6653,3180.416,838.5443,0.0356,8.9124,211600.0,0.5592,0.4897,マルマエ,プライム（内国株式）,機械
6265,2026-10-02,3185.0,-0.0047,-0.0392,0.0307,-0.0687,0.0434,-0.0844,3119.8,3293.2172,False,0.0209,0.7665,4155.0,2215.4117,0.0179,0.035,318500.0,0.3318,0.4812,コンバム,スタンダード（内国株式）,機械
6266,2026-10-02,4170.0,-0.0048,0.1135,0.2104,-0.1455,0.2231,-0.1612,3585.6,4099.3333,False,0.163,0.7596,5490.0,1840.1081,0.041,8.1182,417000.0,0.6659,0.5319,タツモ,プライム（内国株式）,機械
6267,2026-10-02,4195.0,0.0,0.0232,0.0409,0.1289,0.0536,0.1133,4064.0,3922.132,True,0.0322,0.9649,4347.5,3331.2281,0.0083,0.0316,419500.0,0.9247,0.433,ゼネラルパッカー,スタンダード（内国株式）,機械
6268,2026-10-02,4926.0,-0.0098,0.028,0.0741,-0.1289,0.0868,-0.1446,4609.56,4879.0097,False,0.0686,0.8124,6063.8753,3136.3096,0.0265,43.8431,492600.0,0.8895,0.4807,ナブテスコ,プライム（内国株式）,機械
6269,2026-10-02,8711.0,-0.0053,-0.0375,-0.1147,-0.0687,-0.1021,-0.0844,9285.4,9715.8446,False,-0.0619,0.5297,16443.6757,7519.6134,0.0316,60.2752,871100.0,1.0303,0.2817,三井海洋開発,プライム（内国株式）,機械
6272,2026-10-02,1463.0,-0.0247,-0.0232,-0.0512,-0.0129,-0.0386,-0.0286,1501.6017,1484.0777,True,-0.0257,0.9062,1614.4505,1318.4484,0.0149,0.848,146300.0,0.8836,0.2582,レオン自動機,プライム（内国株式）,機械
6273,2026-10-02,73450.0,0.0004,0.0626,0.0591,-0.024,0.0717,-0.0397,68571.6383,70871.0095,True,0.0711,0.8523,86178.8505,41939.8059,0.0267,199.1392,7345000.0,1.1364,0.4442,ＳＭＣ,プライム（内国株式）,機械
6276,2026-10-02,345.0,-0.0058,-0.0417,-0.0254,0.1275,-0.0128,0.1118,360.44,334.96,True,-0.0428,0.4792,720.0,230.0,0.0317,0.1572,34500.0,0.1852,0.2928,シリウスビジョン,スタンダード（内国株式）,電気機器
6277,2026-10-02,6640.0,0.0045,0.0056,0.2147,0.3489,0.2274,0.3332,5787.4016,5256.0319,True,0.1473,0.9707,6840.1538,4650.7115,0.0372,4.204,664000.0,2.1989,0.46,ホソカワミクロン,プライム（内国株式）,機械
6278,2026-10-02,16370.0,0.0238,0.1432,0.1854,-0.2603,0.198,-0.276,13899.6,17433.3413,False,0.1777,0.605,27059.014,6404.4652,0.0397,28.5831,1637000.0,0.7792,0.6092,ユニオンツール,プライム（内国株式）,機械
6279,2026-10-02,928.0,-0.0221,-0.019,-0.0022,0.0548,0.0105,0.0392,926.96,910.9273,True,0.0011,0.91,1019.8149,838.2983,0.0132,0.1937,92800.0,1.2883,0.3275,瑞光,プライム（内国株式）,機械
6282,2026-10-02,2779.0,-0.018,-0.0559,-0.0556,-0.0071,-0.0429,-0.0228,2861.9596,2821.377,True,-0.029,0.9397,2957.2855,1974.0029,0.0182,4.9815,277900.0,2.2336,0.3815,オイレス工業,プライム（内国株式）,機械
6284,2026-10-02,8270.0,-0.0305,-0.0048,-0.0331,-0.0762,-0.0205,-0.0918,8356.2505,8813.0107,False,-0.0103,0.8277,9991.7759,5802.6169,0.0201,2.7908,827000.0,0.9823,0.2791,日精エー・エス・ビー機械,プライム（内国株式）,機械
6286,2026-10-02,1512.0,-0.0046,0.014,0.0093,0.1238,0.022,0.1081,1494.9606,1423.6892,True,0.0114,0.8106,1865.3313,946.9086,0.0128,0.0429,151200.0,0.7094,0.3145,靜甲,スタンダード（内国株式）,機械
6287,2026-10-02,2624.0,-0.0307,-0.0278,-0.076,0.1414,-0.0634,0.1257,2695.2117,2529.9134,True,-0.0264,0.9027,2906.9344,2023.0292,0.0189,2.6746,262400.0,0.7889,0.2245,サトー,プライム（内国株式）,機械
6289,2026-10-02,2031.0,0.004,0.0426,0.0701,0.1535,0.0827,0.1378,1925.1157,1860.3566,True,0.055,0.8099,2507.773,1341.7073,0.0209,1.3625,203100.0,1.0668,0.4188,技研製作所,プライム（内国株式）,機械
6291,2026-10-02,1357.0,0.0119,0.0119,-0.0181,0.0438,-0.0055,0.0282,1344.52,1325.4533,True,0.0093,0.9556,1420.0,1136.7291,0.0142,0.2894,135700.0,0.5711,0.2281,日本エアーテック,スタンダード（内国株式）,機械
6292,2026-10-02,836.0,-0.0176,-0.0049,-0.0014,0.0475,0.0112,0.0319,832.1259,816.7018,True,0.0047,0.9621,868.9564,701.8494,0.0135,0.0289,83600.0,0.6329,0.4332,カワタ,スタンダード（内国株式）,機械
6294,2026-10-02,1899.0,-0.0166,-0.0151,-0.0309,-0.0352,-0.0183,-0.0509,1926.1117,1942.4329,True,-0.0141,0.7845,2420.5212,1857.8521,0.0098,0.3579,189900.0,0.7039,0.3125,オカダアイヨン,プライム（内国株式）,機械
6298,2026-10-02,1254.0,-0.0241,0.0033,-0.0302,-0.0657,-0.0176,-0.0814,1257.324,1264.1397,False,-0.0026,0.8016,1564.2912,783.0643,0.0248,1.443,125400.0,0.4138,0.2841,ワイエイシイホールディングス,プライム（内国株式）,機械
6301,2026-10-02,7500.0,-0.0124,-0.0057,0.012,0.1463,0.0246,0.1307,7302.1904,6886.7575,True,0.0271,0.9721,7715.0,4780.0995,0.0284,230.1703,750000.0,1.2369,0.3983,小松製作所,プライム（内国株式）,機械
6302,2026-10-02,6216.0,0.018,0.0435,0.0756,0.1606,0.0882,0.1449,5805.68,5556.6823,True,0.0707,0.9893,6283.0,3291.8181,0.0284,51.0545,621600.0,1.1585,0.4152,住友重機械工業,プライム（内国株式）,機械
6305,2026-10-02,5550.0,-0.0125,-0.0186,-0.0497,0.0537,-0.037,0.038,5666.145,5445.6648,True,-0.0205,0.7949,6982.2528,4167.1247,0.022,63.6233,555000.0,0.6437,0.1572,日立建機,プライム（内国株式）,機械
6306,2026-10-02,1004.0,-0.0176,0.005,0.004,0.0847,0.0166,0.0691,989.9014,954.518,True,0.0142,0.9735,1031.363,700.1774,0.0148,0.9002,100400.0,0.8611,0.3671,日工,プライム（内国株式）,機械
6307,2026-10-02,462.0,0.0022,-0.0149,-0.0629,0.0948,-0.0503,0.0791,477.76,457.3867,True,-0.033,0.6088,758.8336,365.1887,0.0193,0.0369,46200.0,0.3919,0.28,サンセイ,スタンダード（内国株式）,機械
6309,2026-10-02,1918.0,-0.0179,-0.0333,-0.0734,0.0492,-0.0608,0.0336,2010.12,1928.84,True,-0.0458,0.874,2194.5902,1514.3735,0.0185,2.461,191800.0,1.207,0.3352,巴工業,プライム（内国株式）,機械
6310,2026-10-02,1889.0,-0.0058,-0.0362,-0.0362,0.053,-0.0236,0.0373,1917.84,1857.3333,True,-0.015,0.788,2397.2789,1503.0,0.0282,2.3651,188900.0,0.6276,0.2274,井関農機,プライム（内国株式）,機械
6315,2026-10-02,2385.0,-0.0132,0.0876,0.0488,-0.2849,0.0614,-0.3005,2230.12,2673.4267,False,0.0694,0.6386,3735.0,1856.3739,0.034,62.3681,238500.0,0.6923,0.4564,ＴＯＷＡ,プライム（内国株式）,機械
6316,2026-10-02,2829.0,-0.0067,-0.0289,-0.0563,0.0512,-0.0437,0.0355,2908.921,2724.3695,True,-0.0275,0.9213,3070.7826,2019.6113,0.0241,0.3283,282900.0,1.3687,0.3136,丸山製作所,スタンダード（内国株式）,機械
6317,2026-10-02,2506.0,-0.0126,0.0024,0.3983,0.5233,0.4109,0.5076,2092.0909,1823.5555,True,0.1978,0.974,2573.0,1426.6541,0.0437,2.6597,250600.0,2.2903,0.2572,北川鉄工所,スタンダード（内国株式）,機械
6322,2026-10-02,1603.0,0.0,0.0114,0.0286,0.0145,0.0412,-0.0012,1571.2427,1578.3035,True,0.0202,0.8649,1853.3002,1467.196,0.0076,0.0177,160300.0,0.627,0.4417,タクミナ,スタンダード（内国株式）,機械
6323,2026-10-02,4218.0,-0.0017,0.1141,0.073,-0.1462,0.0856,-0.1618,3785.2,4189.2133,False,0.1143,0.8113,5199.0,1861.7619,0.0416,48.5069,421800.0,0.6353,0.5249,ローツェ,プライム（内国株式）,機械
6324,2026-10-02,6570.0,-0.0061,0.0445,0.1688,-0.2556,0.1814,-0.2713,5967.0925,6653.9971,False,0.101,0.7192,9135.7031,2410.275,0.042,59.5877,657000.0,0.6607,0.322,ハーモニック・ドライブ・システムズ,プライム（内国株式）,機械
6325,2026-10-02,416.0,-0.0072,0.0074,0.0049,0.0501,0.0176,0.0344,413.2969,402.7738,True,0.0065,0.9118,456.2546,369.7179,0.0095,0.0261,41600.0,1.3291,0.3271,タカキタ,スタンダード（内国株式）,機械
6326,2026-10-02,2683.0,-0.014,-0.0356,-0.1069,-0.0228,-0.0942,-0.0384,2822.6,2766.1176,True,-0.0495,0.8288,3237.1196,1770.743,0.0266,130.4634,268300.0,1.0233,0.2986,クボタ,プライム（内国株式）,機械
6327,2026-10-02,3245.0,-0.0107,0.0109,0.0384,-0.6048,0.051,-0.6204,3094.08,4129.2859,False,0.0488,0.3423,9480.0,769.1816,0.0435,5.7882,324500.0,0.3364,0.4157,北川精機,スタンダード（内国株式）,機械
6328,2026-10-02,2474.0,-0.012,0.0386,0.0189,0.0037,0.0316,-0.012,2388.16,2393.7651,True,0.0359,0.8413,2940.7734,1954.8875,0.0195,1.6945,247400.0,0.8321,0.3547,荏原実業,プライム（内国株式）,機械
6330,2026-10-02,2630.0,-0.0436,0.005,0.008,0.2724,0.0207,0.2567,2682.76,2284.68,True,-0.0197,0.3002,8760.0,1443.0,0.0672,191.886,263000.0,1.2415,0.2302,東洋エンジニアリング,プライム（内国株式）,建設業
6331,2026-10-02,3050.0,-0.0065,-0.0661,-0.0647,-0.1871,-0.0521,-0.2028,3218.4024,3356.2667,False,-0.0523,0.7429,4105.7988,2494.7188,0.0316,5.5318,305000.0,1.151,0.3362,三菱化工機,プライム（内国株式）,機械
6332,2026-10-02,2622.0,-0.0238,-0.0105,-0.0679,0.0105,-0.0553,-0.0051,2681.7142,2653.4019,True,-0.0223,0.7689,3410.1364,2306.6862,0.0301,5.0059,262200.0,2.0216,0.2578,月島ホールディングス,プライム（内国株式）,機械
6333,2026-10-02,3565.0,-0.007,0.0071,0.0678,0.1693,0.0804,0.1536,3422.5936,3246.9349,True,0.0416,0.9839,3623.368,2642.4075,0.021,1.3712,356500.0,1.0356,0.2947,ＴＥＩＫＯＫＵ,プライム（内国株式）,機械
6334,2026-10-02,495.0,0.0143,0.0532,-0.012,0.0532,0.0006,0.0375,488.48,480.2933,True,0.0133,0.9375,528.0,296.485,0.0247,0.014,49500.0,0.3386,0.262,明治機械,スタンダード（内国株式）,機械
6335,2026-10-02,580.0,-0.0034,-0.0034,-0.0034,-0.1077,0.0092,-0.1234,587.48,632.1867,False,-0.0127,0.725,800.0,446.0,0.0196,0.1114,58000.0,0.1681,0.1321,東京機械製作所,スタンダード（内国株式）,機械
6336,2026-10-02,1614.0,0.0584,0.101,-0.1166,-0.1501,-0.104,-0.1657,1639.28,1715.9067,True,-0.0154,0.7054,2288.0,613.4582,0.0588,2.3326,161400.0,0.6836,0.3426,石井表記,スタンダード（内国株式）,機械
6337,2026-10-02,3810.0,0.004,0.0542,0.1199,0.5443,0.1326,0.5286,3405.1259,2932.2576,True,0.1189,0.9407,4050.0,1802.2734,0.0445,1.3495,381000.0,0.3894,0.5455,テセック,スタンダード（内国株式）,機械
6338,2026-10-02,1701.0,-0.019,0.0309,0.0527,0.0183,0.0654,0.0026,1629.3542,1602.1078,False,0.044,0.8822,1928.199,1168.6351,0.0262,0.1828,170100.0,0.6398,0.3656,タカトリ,スタンダード（内国株式）,機械
6339,2026-10-02,1119.0,-0.0286,-0.0612,-0.0558,-0.0581,-0.0431,-0.0738,1165.9387,1168.8969,False,-0.0403,0.8714,1284.0808,877.2919,0.0235,2.4512,111900.0,1.879,0.3336,新東工業,プライム（内国株式）,機械
6340,2026-10-02,5590.0,0.0018,0.0054,0.0371,0.2286,0.0497,0.2129,5371.6,4783.7856,True,0.0407,0.9894,5650.0,3016.3558,0.0238,3.2774,559000.0,0.8775,0.2258,澁谷工業,プライム（内国株式）,機械
6343,2026-10-02,149.0,-0.0067,0.0136,-0.0325,-0.0687,-0.0198,-0.0844,148.68,148.0667,True,0.0022,0.65,229.2159,123.5773,0.0187,0.0624,14900.0,0.6662,0.2513,フリージア・マクロス,スタンダード（内国株式）,機械
6345,2026-10-02,1430.0,-0.0056,-0.0164,-0.0111,0.0614,0.0015,0.0457,1427.8527,1387.1187,True,0.0015,0.979,1460.7103,1215.814,0.0144,2.0241,143000.0,0.9572,0.2169,アイチ　コーポレーション,プライム（内国株式）,機械
6346,2026-10-02,5550.0,0.0073,-0.0036,-0.0245,-0.0262,-0.0119,-0.0419,5634.1467,5683.1859,False,-0.0149,0.79,7025.2317,5470.3578,0.0059,0.0151,555000.0,1.6909,0.4256,キクカワエンタープライズ,スタンダード（内国株式）,機械
6347,2026-10-02,244.0,0.0,-0.0201,-0.0579,-0.0651,-0.0453,-0.0808,251.12,255.84,False,-0.0284,0.5208,468.4717,228.0,0.0231,0.0308,24400.0,0.7526,0.443,プラコー,スタンダード（内国株式）,機械
6349,2026-10-02,1937.0,-0.0087,-0.0233,-0.0257,0.3078,-0.0131,0.2921,1948.9227,1751.8124,True,-0.0061,0.9592,2019.3542,1352.4116,0.0177,3.0517,193700.0,0.8783,0.2304,小森コーポレーション,プライム（内国株式）,機械
6351,2026-10-02,2552.0,-0.0124,-0.0303,-0.0102,0.0566,0.0025,0.041,2538.3359,2368.7414,True,0.0054,0.9443,2702.4397,1852.2243,0.0279,1.6797,255200.0,1.0651,0.3558,鶴見製作所,プライム（内国株式）,機械
6356,2026-10-02,1355.0,-0.0188,-0.0066,0.0074,-0.1743,0.02,-0.19,1347.6471,1400.0679,False,0.0055,0.5971,2269.2931,654.89,0.0731,13.1209,135500.0,1.3156,0.2274,日本ギア工業,スタンダード（内国株式）,機械
6357,2026-10-02,2633.0,-0.0139,-0.0362,-0.0386,0.0857,-0.026,0.0701,2678.1474,2505.7751,True,-0.0169,0.9402,2800.5822,1904.3613,0.0267,1.002,263300.0,0.9339,0.2895,三精テクノロジーズ,スタンダード（内国株式）,機械
6358,2026-10-02,2056.0,-0.0237,-0.0332,-0.0412,0.0066,-0.0286,-0.0091,2108.5867,2095.9533,True,-0.0249,0.9067,2267.6501,1892.0854,0.0131,0.4423,205600.0,1.1705,0.2906,酒井重工業,プライム（内国株式）,機械
6360,2026-10-02,4785.0,-0.0215,-0.0134,0.0246,0.0693,0.0372,0.0536,4744.2,4611.7333,True,0.0086,0.9706,4930.0,3148.7999,0.0113,0.0504,478500.0,0.9254,0.3987,東京自働機械製作所,スタンダード（内国株式）,機械
6361,2026-10-02,4701.0,-0.0118,0.0588,0.0287,-0.2246,0.0413,-0.2403,4498.76,5370.9358,False,0.045,0.6859,6853.6091,3046.7161,0.0337,137.2208,470100.0,0.9355,0.3792,荏原製作所,プライム（内国株式）,機械
6363,2026-10-02,2920.0,-0.0085,-0.0001,-0.0061,-0.0593,0.0065,-0.075,2905.9995,2925.8138,True,0.0048,0.8126,3593.457,1773.927,0.0224,5.0702,292000.0,0.9579,0.3099,酉島製作所,プライム（内国株式）,機械
6364,2026-10-02,2455.0,-0.0258,-0.0427,-0.0435,0.3024,-0.0309,0.2867,2499.1781,2245.5071,True,-0.0177,0.8876,2766.004,1573.4872,0.0249,1.4324,245500.0,0.7112,0.2592,ＡＩＲＭＡＮ,プライム（内国株式）,機械
6365,2026-10-02,5600.0,0.0,-0.0018,-0.0036,0.0596,0.0091,0.044,5548.2104,5431.2168,True,0.0093,0.9102,6152.421,4731.3747,0.0115,0.0339,560000.0,0.6572,0.4905,電業社機械製作所,スタンダード（内国株式）,機械
6366,2026-10-02,670.0,-0.0103,-0.0045,-0.0872,-0.0346,-0.0746,-0.0503,699.12,699.68,False,-0.0417,0.3661,1830.0,369.0,0.032,11.8569,67000.0,0.7598,0.2707,千代田化工建設,スタンダード（内国株式）,建設業
6367,2026-10-02,20585.0,-0.0191,-0.0046,-0.0084,-0.1919,0.0042,-0.2076,20619.7268,22419.5177,False,-0.0017,0.7853,26212.505,16461.4589,0.0163,230.7662,2058500.0,0.9276,0.3116,ダイキン工業,プライム（内国株式）,機械
6368,2026-10-02,2545.0,-0.0155,0.0485,0.0224,-0.1748,0.035,-0.1905,2425.6047,2755.8306,False,0.0492,0.6605,3853.0609,2085.2605,0.0307,33.0849,254500.0,1.1757,0.5165,オルガノ,プライム（内国株式）,機械
6369,2026-10-02,2335.0,-0.0076,-0.023,-0.0357,-0.0529,-0.023,-0.0686,2384.165,2384.0319,True,-0.0206,0.7568,3085.4244,2061.847,0.0194,2.0696,233500.0,0.8486,0.2017,トーヨーカネツ,プライム（内国株式）,機械
6370,2026-10-02,7825.0,-0.0029,0.022,-0.0141,-0.1601,-0.0015,-0.1758,7680.2331,8412.4607,False,0.0188,0.7957,9833.525,4856.7711,0.0185,44.0425,782500.0,0.9911,0.3888,栗田工業,プライム（内国株式）,機械
6371,2026-10-02,2613.0,-0.0154,-0.026,-0.0309,0.0028,-0.0183,-0.0129,2654.1491,2615.9398,True,-0.0155,0.9432,2770.3253,1941.3127,0.0175,5.1146,261300.0,1.2219,0.2791,椿本チエイン,プライム（内国株式）,機械
6376,2026-10-02,3600.0,0.0141,-0.0137,-0.0464,-0.1133,-0.0337,-0.129,3532.2,3745.452,True,0.0192,0.7947,4530.0,1401.2408,0.0385,14.7884,360000.0,0.7575,0.3861,日機装,プライム（内国株式）,精密機器
6378,2026-10-02,1151.0,-0.0279,-0.0311,-0.0596,-0.0589,-0.047,-0.0745,1189.24,1214.32,False,-0.0322,0.6054,1901.1904,940.8455,0.0273,1.7804,115100.0,0.6481,0.1909,木村化工機,スタンダード（内国株式）,機械
6379,2026-10-02,968.0,-0.0212,0.0136,-0.0092,0.3151,0.0034,0.2994,953.0725,858.8667,True,0.0157,0.9584,1010.0236,563.1585,0.0277,6.7486,96800.0,1.358,0.3044,レイズネクスト,プライム（内国株式）,建設業
6380,2026-10-02,3495.0,0.0029,-0.0142,-0.1282,-0.2543,-0.1156,-0.27,3808.4922,4035.0435,False,-0.0823,0.6407,5455.0343,2009.6608,0.0362,0.4688,349500.0,0.5601,0.438,オリエンタルチエン工業,スタンダード（内国株式）,機械
6381,2026-10-02,1846.0,-0.0253,-0.0292,-0.0464,0.0771,-0.0337,0.0615,1893.3162,1796.2165,True,-0.025,0.9348,1974.8309,1402.0099,0.0163,1.4463,184600.0,0.8251,0.2537,アネスト岩田,プライム（内国株式）,機械
6382,2026-10-02,1210.0,-0.0131,-0.0002,-0.0121,-0.0121,0.0005,-0.0278,1210.6134,1204.7167,False,-0.0005,0.8717,1388.0717,1057.5784,0.014,0.201,121000.0,1.0011,0.3738,トリニティ工業,スタンダード（内国株式）,機械
6383,2026-10-02,5851.0,0.0033,0.0544,0.0144,-0.1999,0.027,-0.2156,5613.16,6219.5923,False,0.0424,0.7489,7813.1246,4522.6046,0.023,96.2818,585100.0,1.0614,0.3689,ダイフク,プライム（内国株式）,機械
6384,2026-10-02,1730.0,-0.0029,-0.0017,0.0093,-0.0281,0.022,-0.0438,1716.24,1695.8,True,0.008,0.8918,1940.0,1297.1476,0.0159,0.1296,173000.0,0.4962,0.1896,昭和真空,スタンダード（内国株式）,機械
6387,2026-10-02,9200.0,0.0044,0.15,0.0824,-0.3066,0.095,-0.3223,8400.8,10320.9101,False,0.0951,0.5488,16763.1472,3401.1465,0.0509,12.3494,920000.0,1.4047,0.4226,サムコ,プライム（内国株式）,機械
6390,2026-10-02,1292.0,-0.0115,-0.0031,-0.0265,0.0326,-0.0138,0.017,1302.4905,1279.2435,True,-0.0081,0.7621,1695.2712,1141.1579,0.0133,0.7533,129200.0,1.0248,0.1892,加藤製作所,プライム（内国株式）,機械
6391,2026-10-02,4815.0,-0.0103,-0.0062,-0.0113,0.0943,0.0013,0.0786,4786.4,4537.4667,True,0.006,0.9171,5250.0001,3207.2368,0.0191,0.0761,481500.0,0.8116,0.3214,加地テック,スタンダード（内国株式）,機械
6392,2026-10-02,7870.0,-0.0076,0.0036,-0.0001,0.1099,0.0125,0.0942,7813.7767,7475.1378,True,0.0072,0.9487,8295.7816,4944.3072,0.0164,0.065,787000.0,0.6462,0.5623,ヤマダコーポレーション,スタンダード（内国株式）,機械
6393,2026-10-02,3020.0,-0.0163,-0.0033,0.0015,0.0472,0.0142,0.0315,3002.0785,2953.8795,True,0.006,0.9352,3229.1506,2656.667,0.0107,0.0607,302000.0,0.6945,0.3351,油研工業,スタンダード（内国株式）,機械
6395,2026-10-02,1344.0,-0.0022,-0.0268,-0.0718,0.0427,-0.0592,0.027,1374.32,1343.1828,True,-0.0221,0.878,1530.7488,955.4123,0.0239,3.9638,134400.0,0.7854,0.2302,タダノ,プライム（内国株式）,機械
6400,2026-10-02,316.0,0.0096,0.0194,0.0859,0.2061,0.0985,0.1904,294.72,276.8667,True,0.0722,0.9155,345.15,255.0,0.0253,0.0831,31600.0,1.6666,0.4125,不二精機,スタンダード（内国株式）,機械
6402,2026-10-02,1582.0,-0.0168,-0.033,-0.0082,0.0791,0.0045,0.0635,1609.76,1539.8267,True,-0.0172,0.7699,2054.8144,1298.0,0.0135,0.0428,158200.0,0.3429,0.3267,兼松エンジニアリング,スタンダード（内国株式）,機械
6405,2026-10-02,1290.0,-0.0286,0.0319,0.0527,0.2177,0.0654,0.2021,1226.1605,1113.2001,True,0.0521,0.8379,1539.4971,971.3989,0.0206,0.3158,129000.0,0.9141,0.5022,鈴茂器工,スタンダード（内国株式）,機械
6407,2026-10-02,5730.0,0.016,0.0935,0.075,-0.235,0.0877,-0.2507,5281.0,6214.8667,False,0.085,0.6879,8330.0,2423.2636,0.0378,26.6448,573000.0,0.7661,0.4521,ＣＫＤ,プライム（内国株式）,機械
6412,2026-10-02,2025.0,-0.0222,-0.0693,-0.076,0.0338,-0.0634,0.0181,2150.2646,2078.5415,True,-0.0583,0.9138,2216.0566,1718.2539,0.0179,8.052,202500.0,1.6159,0.4687,平和,プライム（内国株式）,機械
6413,2026-10-02,1019.0,-0.0239,-0.0414,-0.0958,0.0221,-0.0832,0.0064,1073.12,1050.32,True,-0.0504,0.8197,1243.1394,945.0,0.0207,1.0027,101900.0,1.0362,0.2743,理想科学工業,プライム（内国株式）,機械
6417,2026-10-02,2069.5,0.0015,-0.0001,0.0437,0.3215,0.0563,0.3058,2013.2512,1801.1743,True,0.0279,0.7755,2668.5154,1489.8645,0.0222,24.3623,206950.0,1.3857,0.1788,ＳＡＮＫＹＯ,プライム（内国株式）,機械
6418,2026-10-02,1251.0,0.0,-0.0155,0.0095,0.2613,0.0221,0.2457,1222.2398,1123.8855,True,0.0235,0.9607,1302.1174,873.9702,0.0224,1.611,125100.0,1.0874,0.2454,日本金銭機械,プライム（内国株式）,機械
6419,2026-10-02,3015.0,-0.0099,-0.0213,-0.035,-0.0023,-0.0224,-0.018,3105.0315,3044.7869,True,-0.029,0.947,3183.7028,2705.5434,0.0152,2.0734,301500.0,1.2183,0.2932,マースグループホールディングス,プライム（内国株式）,機械
6420,2026-10-02,3340.0,-0.0118,-0.0484,-0.0498,-0.003,-0.0372,-0.0187,3483.0,3415.8667,True,-0.0411,0.8516,3922.2591,3150.5072,0.0183,1.5567,334000.0,1.1478,0.4585,ガリレイホールディングス,プライム（内国株式）,機械
6424,2026-10-02,886.0,-0.0023,-0.0101,-0.0188,0.008,-0.0062,-0.0077,895.04,889.68,True,-0.0101,0.9175,965.699,856.0,0.0085,0.0137,88600.0,0.6298,0.28,高見沢サイバネティックス,スタンダード（内国株式）,機械
6425,2026-10-02,684.0,-0.038,-0.0407,-0.063,0.0379,-0.0504,0.0223,724.0,692.5067,False,-0.0552,0.6732,1016.0,612.0,0.0333,1.3152,68400.0,0.7025,0.3072,ユニバーサルエンターテインメント,スタンダード（内国株式）,機械
6428,2026-10-02,326.0,-0.0121,0.0,-0.0061,0.0382,0.0065,0.0225,326.88,319.52,True,-0.0027,0.9251,352.3775,300.245,0.0136,0.0341,32600.0,0.9867,0.2032,オーイズミ,スタンダード（内国株式）,機械
6430,2026-10-02,2334.0,-0.016,-0.0474,-0.0691,0.0322,-0.0565,0.0165,2440.5467,2344.4553,True,-0.0437,0.7949,2936.088,2001.43,0.0151,1.1494,233400.0,1.1681,0.412,ダイコク電機,プライム（内国株式）,機械
6432,2026-10-02,7390.0,0.0096,0.0123,-0.034,0.013,-0.0214,-0.0026,7377.7022,7330.6953,True,0.0017,0.9429,7837.1614,4793.5481,0.0213,14.0347,739000.0,0.6864,0.2227,竹内製作所,プライム（内国株式）,機械
6433,2026-10-02,1220.0,-0.055,-0.0806,0.0739,0.1359,0.0866,0.1203,1199.28,1085.9733,False,0.0173,0.4604,2650.0,325.0,0.0957,4.1395,122000.0,2.5292,0.3179,ヒーハイスト,スタンダード（内国株式）,機械
6436,2026-10-02,3741.0,-0.0114,-0.0292,-0.0577,0.0303,-0.045,0.0147,3853.3417,3765.935,True,-0.0292,0.8799,4251.7292,3404.0655,0.013,10.563,374100.0,1.3045,0.3145,アマノ,プライム（内国株式）,機械
6440,2026-10-02,832.0,-0.0258,0.0558,0.0904,0.5294,0.1031,0.5137,751.56,627.16,True,0.107,0.9391,886.0,401.7505,0.0401,2.9508,83200.0,1.174,0.4797,ＪＵＫＩ,プライム（内国株式）,機械
6444,2026-10-02,184.0,-0.0316,-0.0564,-0.0366,0.15,-0.024,0.1343,188.6,174.64,True,-0.0244,0.872,211.0,118.0,0.0373,0.2139,18400.0,1.1531,0.3208,サンデン,スタンダード（内国株式）,機械
6445,2026-10-02,1320.0,-0.0208,-0.0289,-0.0556,-0.0102,-0.043,-0.0259,1359.7836,1337.5692,True,-0.0293,0.911,1448.9849,1034.1992,0.0209,0.4936,132000.0,0.9726,0.2683,ジャノメ,プライム（内国株式）,機械
6448,2026-10-02,4649.0,-0.0024,-0.007,-0.0699,0.2435,-0.0572,0.2278,4621.4188,4198.1207,True,0.006,0.9285,5007.0564,2357.7561,0.0229,54.8569,464900.0,1.2381,0.2377,ブラザー工業,プライム（内国株式）,電気機器
6454,2026-10-02,1853.0,-0.0091,-0.0159,0.0115,0.0881,0.0241,0.0724,1874.16,1791.84,True,-0.0113,0.944,1963.0,1315.5097,0.0221,5.0099,185300.0,0.9707,0.2756,マックス,プライム（内国株式）,機械
6455,2026-10-02,2397.0,-0.0128,-0.0411,-0.0323,0.0191,-0.0197,0.0035,2454.6105,2405.4255,True,-0.0235,0.8228,2913.1578,2131.9108,0.0175,1.6976,239700.0,1.0648,0.3339,モリタホールディングス,プライム（内国株式）,輸送用機器
6457,2026-10-02,4390.0,-0.0039,-0.0193,-0.0732,0.0987,-0.0606,0.083,4463.8297,4338.9596,True,-0.0165,0.8959,4899.8526,3399.1836,0.0221,8.2693,439000.0,0.9049,0.1981,グローリー,プライム（内国株式）,機械
6458,2026-10-02,1200.0,-0.0172,-0.0179,-0.0342,-0.0335,-0.0216,-0.0491,1219.1408,1221.9836,True,-0.0157,0.771,1556.4543,1147.1021,0.014,2.4394,120000.0,0.8564,0.2306,新晃工業,プライム（内国株式）,機械
6459,2026-10-02,1631.0,-0.0133,-0.0349,-0.0561,-0.0251,-0.0435,-0.0408,1664.44,1679.6748,False,-0.0201,0.7986,2042.3598,1427.6398,0.0169,1.2366,163100.0,0.7888,0.2684,だいわ,プライム（内国株式）,機械
6460,2026-10-02,3285.0,-0.0244,0.0145,0.0515,0.4206,0.0641,0.405,3189.2219,2719.9489,True,0.03,0.967,3397.0,2060.9362,0.03,34.5635,328500.0,1.0127,0.2166,セガサミーホールディングス,プライム（内国株式）,機械
6463,2026-10-02,1494.0,-0.021,-0.0453,-0.0732,0.0746,-0.0606,0.059,1542.2001,1467.297,True,-0.0313,0.9212,1621.7917,1093.8079,0.0186,2.179,149400.0,1.0487,0.3393,ＴＰＲ,プライム（内国株式）,機械
6464,2026-10-02,328.0,-0.0296,-0.0465,-0.0437,-0.159,-0.0311,-0.1746,340.72,367.4267,False,-0.0373,0.6573,499.0,281.0,0.0264,1.0025,32800.0,0.4918,0.2661,ツバキ・ナカシマ,プライム（内国株式）,機械
6465,2026-10-02,5176.0,-0.012,-0.032,-0.0839,-0.0836,-0.0713,-0.0992,5424.12,5485.4259,True,-0.0457,0.8767,5904.0,4718.521,0.0171,19.2346,517600.0,0.9468,0.2667,ホシザキ,プライム（内国株式）,機械
6466,2026-10-02,4235.0,-0.0242,0.0192,0.0825,-0.1459,0.0951,-0.1616,3937.4538,4104.5232,True,0.0756,0.6746,6278.2087,2428.7004,0.042,0.9225,423500.0,0.5946,0.3077,ＴＶＥ,スタンダード（内国株式）,機械
6467,2026-10-02,347.0,-0.017,-0.0001,0.0086,0.0639,0.0212,0.0483,344.5211,334.2603,True,0.0072,0.9262,374.6613,310.2373,0.0123,0.0174,34700.0,0.5901,0.373,ニチダイ,スタンダード（内国株式）,機械
6469,2026-10-02,2883.0,-0.0144,-0.0211,-0.0065,0.117,0.0061,0.1013,2849.04,2756.6267,True,0.0119,0.569,5066.4777,1665.2685,0.0391,1.5524,288300.0,0.5317,0.2578,放電精密加工研究所,スタンダード（内国株式）,機械
6470,2026-10-02,1160.0,-0.0034,0.0069,0.0131,0.0831,0.0257,0.0674,1114.32,1107.28,False,0.041,0.9206,1260.0,636.0648,0.0215,0.9175,116000.0,1.0169,0.4332,大豊工業,スタンダード（内国株式）,機械
6471,2026-10-02,1107.0,0.0032,0.0222,-0.0124,-0.0504,0.0002,-0.066,1074.6832,1116.4065,False,0.0301,0.8003,1383.2864,711.6088,0.02,26.956,110700.0,0.9728,0.3775,日本精工,プライム（内国株式）,機械
6472,2026-10-02,376.6,-0.0157,-0.0211,-0.0046,-0.063,0.0081,-0.0787,373.55,383.9695,False,0.0082,0.7865,478.8077,303.193,0.0213,11.3496,37660.0006,0.886,0.1839,ＮＴＮ,プライム（内国株式）,機械
6473,2026-10-02,2120.0,-0.0199,0.0141,-0.0139,0.0115,-0.0013,-0.0041,2065.532,2057.0398,True,0.0264,0.9519,2227.1498,1344.1684,0.0241,26.6887,212000.0,0.9974,0.3901,ジェイテクト,プライム（内国株式）,機械
6474,2026-10-02,5630.0,-0.0071,0.0218,0.0126,-0.1244,0.0252,-0.1401,5461.6,5734.5333,False,0.0308,0.8243,6830.0,3549.9009,0.0246,3.3841,563000.0,0.6159,0.3969,不二越,プライム（内国株式）,機械
6479,2026-10-02,3835.0,0.0031,0.0758,0.1342,-0.2022,0.1468,-0.2179,3440.144,3881.8492,False,0.1148,0.7288,5262.3659,2473.8905,0.0285,87.7469,383500.0,0.8285,0.4511,ミネベアミツミ,プライム（内国株式）,電気機器
6480,2026-10-02,1872.0,-0.0147,0.0103,0.0461,-0.1378,0.0587,-0.1535,1735.5882,1885.5476,False,0.0786,0.7319,2557.8303,632.9888,0.038,11.5476,187200.0,0.7386,0.4608,日本トムソン,プライム（内国株式）,機械
6481,2026-10-02,6517.0,-0.0141,0.0137,-0.0085,-0.1628,0.0041,-0.1784,6342.72,6929.5936,False,0.0275,0.8007,8139.2173,3602.315,0.0307,64.9047,651700.0,0.9448,0.3921,ＴＨＫ,プライム（内国株式）,機械
6482,2026-10-02,709.0,-0.0166,-0.0139,-0.0521,0.0335,-0.0395,0.0179,717.2,706.12,True,-0.0114,0.8689,815.9826,567.6401,0.0229,0.7155,70900.0,1.7935,0.2405,ＹＵＳＨＩＮ,スタンダード（内国株式）,機械
6484,2026-10-02,2215.0,-0.0005,-0.0004,0.009,-0.0612,0.0216,-0.0769,2208.6701,2254.9711,False,0.0029,0.826,2681.7436,2022.0658,0.0123,0.0316,221500.0,0.4486,0.2157,ＫＶＫ,スタンダード（内国株式）,機械
6485,2026-10-02,1668.0,-0.0083,0.0113,-0.0012,0.1164,0.0114,0.1008,1634.9562,1565.3522,True,0.0202,0.9695,1720.5272,1336.7765,0.0159,0.5147,166800.0,1.2275,0.3316,前澤給装工業,スタンダード（内国株式）,機械
6488,2026-10-02,1021.0,-0.023,-0.0239,-0.023,0.058,-0.0103,0.0424,1042.8,1000.3867,True,-0.0209,0.9301,1097.7319,860.6449,0.0125,0.0745,102100.0,1.1701,0.2816,ヨシタケ,スタンダード（内国株式）,機械
6490,2026-10-02,11550.0,0.0405,0.1159,0.1786,0.0784,0.1912,0.0628,9851.2,10036.8,True,0.1724,0.9561,12080.0,3972.1162,0.0365,10.7358,1155000.0,0.9345,0.6478,ＰＩＬＬＡＲ,プライム（内国株式）,機械
6492,2026-10-02,15320.0,-0.0316,0.0132,0.0871,-0.2805,0.0997,-0.2962,14512.828,15180.8082,False,0.0556,0.6985,21932.3219,6549.1568,0.0614,2.9869,1532000.0,0.5678,0.2452,岡野バルブ製造,スタンダード（内国株式）,機械
6493,2026-10-02,472.0,0.0021,-0.0167,-0.0627,0.0339,-0.05,0.0182,483.148,473.3958,False,-0.0231,0.6031,782.6257,427.1382,0.021,0.3036,47200.0,0.7165,0.2901,ＮＩＴＴＡＮ,スタンダード（内国株式）,輸送用機器
6494,2026-10-02,100.0,0.0,0.0,0.0309,0.0417,0.0436,0.026,97.88,97.4933,True,0.0217,0.5525,181.0,83.0,0.0164,0.1536,10000.0,0.5538,0.2435,ＮＦＫホールディングス,スタンダード（内国株式）,機械
6495,2026-10-02,104.0,-0.0189,-0.0545,-0.1186,-0.2518,-0.106,-0.2675,111.92,123.6267,False,-0.0708,0.3087,336.8664,104.0,0.0288,0.3414,10400.0,0.9295,0.3,宮入バルブ製作所,スタンダード（内国株式）,機械
6496,2026-10-02,5620.0,-0.0226,-0.0209,0.0072,0.0564,0.0198,0.0407,5544.4,5343.0667,True,0.0136,0.6643,8460.5989,4430.0,0.0348,0.1957,562000.0,0.5847,0.2555,中北製作所,スタンダード（内国株式）,機械
6497,2026-10-02,1477.0,0.0103,0.0151,0.0207,0.1089,0.0334,0.0932,1455.16,1394.2396,True,0.015,0.9256,1595.7121,1122.8794,0.027,0.1252,147700.0,1.7522,0.2835,ハマイ,スタンダード（内国株式）,機械
6498,2026-10-02,2061.0,-0.0067,0.0284,0.0825,-0.1981,0.0951,-0.2137,1952.64,2190.6929,False,0.0555,0.7633,2699.978,1531.5482,0.0209,6.9575,206100.0,0.909,0.3894,キッツ,プライム（内国株式）,機械
6501,2026-10-02,5522.0,0.0022,0.0026,0.0017,0.2026,0.0143,0.187,5372.5244,5104.1032,True,0.0278,0.9243,5973.9573,3768.5932,0.0228,538.3377,552200.0,1.0303,0.2931,日立製作所,プライム（内国株式）,電気機器
6503,2026-10-02,5264.0,-0.009,0.0106,-0.041,-0.1093,-0.0284,-0.1249,5247.3096,5588.9973,False,0.0032,0.7919,6647.5234,3626.3841,0.0224,314.1857,526400.0,1.0254,0.2047,三菱電機,プライム（内国株式）,電気機器
6504,2026-10-02,14655.0,0.0079,0.0849,0.0805,0.0909,0.0931,0.0752,13299.4335,13528.3759,False,0.1019,0.8298,17661.0281,9497.0297,0.0275,89.6065,1465500.0,0.8238,0.5768,富士電機,プライム（内国株式）,電気機器
6505,2026-10-02,2374.0,-0.0162,-0.0361,-0.0326,0.1823,-0.02,0.1666,2425.28,2282.0133,True,-0.0211,0.9362,2535.6741,1706.6854,0.0172,0.864,237400.0,0.6086,0.3965,東洋電機製造,スタンダード（内国株式）,電気機器
6506,2026-10-02,4806.0,0.0056,0.0728,0.0226,-0.3526,0.0352,-0.3683,4550.8605,5445.1511,False,0.0561,0.6117,7856.6466,3000.5712,0.0279,148.0272,480600.0,0.5722,0.4021,安川電機,プライム（内国株式）,電気機器
6507,2026-10-02,14400.0,0.0397,0.1339,0.203,-0.0822,0.2156,-0.0979,12362.8,13613.7333,False,0.1648,0.8521,16900.0,7990.6354,0.034,22.3697,1440000.0,1.1553,0.5816,シンフォニアテクノロジー,プライム（内国株式）,電気機器
6508,2026-10-02,11760.0,-0.0059,0.0336,0.052,0.2111,0.0646,0.1955,11040.4288,10330.9785,True,0.0652,0.9283,12668.3841,5260.0116,0.0306,23.739,1176000.0,0.7609,0.5188,明電舎,プライム（内国株式）,電気機器
6513,2026-10-02,1296.0,-0.0054,-0.0021,0.0581,0.2256,0.0707,0.2099,1262.4322,1145.5577,True,0.0266,0.947,1368.5989,1005.1683,0.0215,0.2827,129600.0,0.5215,0.3414,オリジン,スタンダード（内国株式）,電気機器
6516,2026-10-02,5540.0,0.0,0.0353,0.043,-0.1391,0.0557,-0.1547,5265.1664,5729.878,False,0.0522,0.7134,7765.1729,3114.0181,0.0252,4.755,554000.0,0.7383,0.4048,山洋電気,プライム（内国株式）,電気機器
6517,2026-10-02,3915.0,-0.0176,-0.0272,-0.0548,0.0835,-0.0422,0.0679,3961.3199,3807.4574,True,-0.0117,0.8453,4631.579,2665.0805,0.0176,1.8485,391500.0,0.9128,0.3052,デンヨー,プライム（内国株式）,電気機器
6518,2026-10-02,1741.0,0.0052,0.0064,-0.0279,-0.0928,-0.0153,-0.1084,1714.32,1859.0533,False,0.0156,0.653,2666.0,902.0025,0.0269,0.1723,174100.0,0.555,0.2757,三相電機,スタンダード（内国株式）,電気機器
6521,2026-10-02,3310.0,-0.0163,0.0153,0.0344,-0.2781,0.047,-0.2938,3194.68,3625.7067,False,0.0361,0.4461,7420.0,1394.0,0.0377,4.0296,331000.0,0.5733,0.3282,オキサイド,グロース（内国株式）,電気機器
6522,2026-10-02,1249.0,-0.0219,-0.0588,-0.2458,-0.3595,-0.2331,-0.3752,1569.36,1591.3067,True,-0.2041,0.4841,2580.0,338.0,0.0555,24.424,124900.0,0.2026,0.3057,アスタリスク,グロース（内国株式）,電気機器
6523,2026-10-02,1602.0,-0.0487,0.1366,0.0222,0.5703,0.0348,0.5547,1409.367,1223.5208,True,0.1367,0.9457,1694.0,911.3025,0.0423,19.27,160200.0,2.2032,0.613,ＰＨＣホールディングス,プライム（内国株式）,電気機器
6524,2026-10-02,5760.0,-0.0086,0.0766,0.1206,0.1013,0.1332,0.0857,5045.4,4958.7401,False,0.1416,0.7469,7711.7518,2764.6722,0.0426,12.8115,576000.0,1.0083,0.4809,湖北工業,スタンダード（内国株式）,電気機器
6525,2026-10-02,10050.0,-0.0069,0.0844,0.1783,-0.1596,0.1909,-0.1752,8786.9405,9071.7465,True,0.1437,0.8253,12177.3515,3824.9824,0.0498,795.4946,1005000.0,1.1488,0.462,ＫＯＫＵＳＡＩ　ＥＬＥＣＴＲＩＣ,プライム（内国株式）,電気機器
6526,2026-10-02,2217.0,0.0119,-0.0003,0.1239,-0.2194,0.1365,-0.2351,1991.7998,2211.5401,False,0.1131,0.6506,3407.6553,1638.4273,0.0475,128.6806,221700.0,0.9987,0.442,ソシオネクスト,プライム（内国株式）,電気機器
6532,2026-10-02,8096.0,0.0615,0.0551,-0.0058,0.2236,0.0069,0.2079,7721.3417,6980.0634,True,0.0485,0.9107,8890.0742,3702.9728,0.0295,88.2199,809600.0,0.9105,0.2607,ベイカレント,プライム（内国株式）,サービス業
6533,2026-10-02,2022.0,0.0548,0.6466,0.7121,0.7092,0.7247,0.6935,1301.36,1215.9733,True,0.5538,0.9466,2136.0,736.3888,0.0462,2.021,202200.0,4.3205,1.0556,Ｏｒｃｈｅｓｔｒａ　Ｈｏｌｄｉｎｇｓ,プライム（内国株式）,サービス業
6535,2026-10-02,486.0,-0.0162,-0.0261,-0.076,-0.0259,-0.0634,-0.0416,505.08,496.9602,True,-0.0378,0.7655,634.8456,421.9632,0.0253,1.5841,48600.0,0.5488,0.1953,アイモバイル,プライム（内国株式）,サービス業
6537,2026-10-02,301.0,-0.0414,0.0273,0.0238,-0.0414,0.0364,-0.0571,297.52,306.5733,False,0.0117,0.6093,494.0,288.0,0.038,0.4025,30100.0,4.3617,0.5075,ＷＡＳＨハウス,グロース（内国株式）,サービス業
6538,2026-10-02,245.0,0.0,-0.0239,0.0166,0.0338,0.0292,0.0181,247.2,241.5867,True,-0.0089,0.6426,381.251,208.0,0.0195,0.1122,24500.0,0.9034,0.2507,ディスラプターズ,スタンダード（内国株式）,サービス業
6539,2026-10-02,966.0,-0.0213,-0.0262,-0.0388,0.0084,-0.0262,-0.0073,997.56,982.56,True,-0.0316,0.9401,1027.523,907.0,0.0109,0.3447,96600.0,0.7625,0.3973,ＭＳ－Ｊａｐａｎ,プライム（内国株式）,サービス業
6540,2026-10-02,1500.0,-0.0053,-0.0086,-0.0234,0.0067,-0.0108,-0.009,1513.36,1505.64,True,-0.0088,0.7526,1993.0,1451.0,0.012,0.2692,150000.0,1.463,0.1952,船場,スタンダード（内国株式）,サービス業
6543,2026-10-02,1198.0,0.0127,0.0118,-0.0033,0.0125,0.0093,-0.0032,1205.8059,1186.7293,True,-0.0065,0.8365,1432.1538,1098.7498,0.0213,0.0258,119800.0,0.4088,0.2307,日宣,スタンダード（内国株式）,サービス業
6544,2026-10-02,1480.5,0.0065,-0.0166,-0.0156,-0.1888,-0.003,-0.2044,1499.22,1612.3867,False,-0.0125,0.7423,1994.3686,1413.0,0.027,10.3421,148050.0,1.0201,0.2698,ジャパンエレベーターサービスホールディングス,プライム（内国株式）,サービス業
6545,2026-10-02,775.0,-0.0013,-0.0051,-0.0572,0.0403,-0.0446,0.0246,797.96,795.56,True,-0.0288,0.8545,907.0,581.8842,0.0237,0.0624,77500.0,1.0021,0.2125,インターネットインフィニティー,グロース（内国株式）,サービス業
6546,2026-10-02,1184.0,0.0025,-0.0042,0.0172,0.0487,0.0298,0.033,1172.8,1144.5472,True,0.0095,0.9593,1234.2487,1074.639,0.0066,0.0168,118400.0,1.1801,0.28,フルテック,スタンダード（内国株式）,サービス業
6547,2026-10-02,2020.0,-0.0161,-0.0395,-0.0691,-0.0427,-0.0565,-0.0583,2123.16,2111.7812,True,-0.0486,0.7664,2635.8612,1831.4354,0.0214,0.8535,202000.0,0.6096,0.3749,グリーンズ,スタンダード（内国株式）,サービス業
6548,2026-10-02,123.0,0.0082,-0.0315,0.025,0.2812,0.0376,0.2656,123.52,109.96,True,-0.0042,0.5642,218.0,86.0,0.0587,0.1605,12300.0,0.183,0.1663,旅工房,グロース（内国株式）,サービス業
6549,2026-10-02,1108.0,-0.0107,0.0003,0.0242,-0.0023,0.0368,-0.018,1095.9734,1103.9623,True,0.011,0.8911,1243.3591,692.9246,0.0182,0.0552,110800.0,0.6614,0.1941,ディーエムソリューションズ,スタンダード（内国株式）,サービス業
6551,2026-10-02,603.0,-0.005,0.0291,-0.007,0.1156,0.0056,0.0999,598.5683,568.4305,True,0.0074,0.746,808.3636,493.1405,0.0182,0.1531,60300.0,1.4753,0.3437,ツナググループ・ホールディングス,スタンダード（内国株式）,サービス業
6552,2026-10-02,168.0,-0.0118,-0.0175,-0.0345,-0.0718,-0.0219,-0.0875,172.08,177.3733,False,-0.0237,0.5695,295.0,158.0,0.0174,0.0318,16800.0,0.4847,0.2049,ＧａｍｅＷｉｔｈ,スタンダード（内国株式）,サービス業
6554,2026-10-02,1099.0,-0.0027,-0.0189,0.0176,0.1241,0.0302,0.1085,1077.2624,1018.0554,True,0.0202,0.9118,1205.3125,904.941,0.0233,0.1694,109900.0,1.7315,0.3709,エスユーエス,グロース（内国株式）,サービス業
6555,2026-10-02,419.0,-0.0048,-0.0141,-0.0095,-0.0164,0.0032,-0.0321,427.0,423.5733,False,-0.0187,0.8657,484.0,380.0,0.0089,0.0052,41900.0,0.7427,0.3769,ＭＳ＆Ｃｏｎｓｕｌｔｉｎｇ,スタンダード（内国株式）,サービス業
6557,2026-10-02,673.0,-0.0218,-0.0386,-0.1282,0.0549,-0.1156,0.0392,734.44,701.32,True,-0.0837,0.4246,1585.0,580.0,0.0353,0.2155,67300.0,1.4093,0.5255,ＡＩＡＩグループ,グロース（内国株式）,サービス業
6560,2026-10-02,1780.0,-0.0073,-0.0056,-0.0247,-0.016,-0.012,-0.0317,1796.68,1761.9867,True,-0.0093,0.6798,2618.3818,1560.0,0.0201,0.3382,178000.0,0.6476,0.3046,エル・ティー・エス,プライム（内国株式）,サービス業
6561,2026-10-02,820.0,-0.025,-0.0012,-0.0487,0.0061,-0.0361,-0.0095,826.2,816.1867,True,-0.0075,0.7784,1053.4928,749.0,0.0182,0.0759,82000.0,0.8574,0.3014,ＨＡＮＡＴＯＵＲ　ＪＡＰＡＮ,グロース（内国株式）,サービス業
6562,2026-10-02,986.0,-0.012,-0.0199,0.0648,-0.012,0.0774,-0.0277,971.8,964.24,True,0.0146,0.6881,1433.0,853.0,0.0225,0.3208,98600.0,0.4141,0.2619,ジーニー,グロース（内国株式）,サービス業
6563,2026-10-02,454.0,0.0022,-0.0258,-0.0044,-0.081,0.0082,-0.0966,459.92,479.76,False,-0.0129,0.6628,685.0,440.0,0.0404,0.0718,45400.0,0.535,0.1089,みらいワークス,グロース（内国株式）,サービス業
6564,2026-10-02,1867.0,-0.0174,-0.0707,-0.067,-0.1046,-0.0543,-0.1202,1989.24,2068.0533,False,-0.0615,0.7962,2345.0,1719.0337,0.0278,1.1031,186700.0,1.0271,0.3601,ミダックホールディングス,プライム（内国株式）,サービス業
6566,2026-10-02,1250.0,-0.0157,-0.015,-0.0421,-0.053,-0.0295,-0.0687,1275.32,1290.0533,True,-0.0199,0.775,1612.9889,1063.24,0.0133,0.0143,125000.0,0.8045,0.4627,要興業,スタンダード（内国株式）,サービス業
6568,2026-10-02,1234.0,0.0057,0.0106,0.0041,-0.0636,0.0167,-0.0793,1222.8136,1253.9328,True,0.0091,0.8935,1381.0401,1032.3714,0.0155,0.0354,123400.0,0.8972,0.3406,神戸天然物化学,グロース（内国株式）,サービス業
6570,2026-10-02,4395.0,0.0759,0.1552,0.0324,1.3478,0.045,1.3321,3764.9891,2763.4605,True,0.1673,0.9778,4495.0,1031.8391,0.0578,2.7673,439500.0,1.0295,0.4675,共和コーポレーション,スタンダード（内国株式）,サービス業
6571,2026-10-02,1245.0,-0.0243,-0.0289,-0.0667,-0.004,-0.0541,-0.0197,1285.6,1276.4224,True,-0.0316,0.8977,1386.8857,1195.2575,0.0102,0.5097,124500.0,1.1619,0.3461,キュービーネットホールディングス,プライム（内国株式）,サービス業
6572,2026-10-02,254.0,-0.0342,-0.0522,-0.1301,0.1925,-0.1175,0.1768,271.24,244.2,True,-0.0636,0.6419,395.7172,193.0,0.0253,0.47,25400.0,0.4533,0.3578,オープングループ,プライム（内国株式）,サービス業
6573,2026-10-02,25.0,0.0,-0.0741,-0.1667,0.0417,-0.154,0.026,27.52,26.3333,False,-0.0916,0.1984,126.0,21.0,0.06,0.1129,2500.0,0.418,0.2,ＣＲＡＶＩＡ,グロース（内国株式）,サービス業
6574,2026-10-02,124.0,-0.008,0.0081,0.0333,0.3778,0.046,0.3621,118.6,101.2133,True,0.0455,0.4866,254.8034,78.0,0.038,0.765,12400.0,0.5689,0.3394,コンヴァノ,グロース（内国株式）,サービス業
6577,2026-10-02,1329.0,-0.0126,-0.0363,-0.324,-0.4211,-0.3114,-0.4368,1641.44,1953.9789,False,-0.1903,0.5624,2362.9498,1328.0,0.0506,0.2253,132900.0,0.8257,0.1041,ベストワンドットコム,グロース（内国株式）,サービス業
6578,2026-10-02,480.0,0.0,0.0,0.0,-0.0103,0.0126,-0.026,474.6,481.7067,True,0.0114,0.9412,510.0,256.43,0.0159,0.0261,48000.0,0.6146,0.4318,コレックホールディングス,スタンダード（内国株式）,サービス業
6579,2026-10-02,336.0,0.0182,-0.0204,-0.0535,-0.0455,-0.0409,-0.0611,347.36,347.7333,False,-0.0327,0.7796,431.0,271.0,0.0181,0.007,33600.0,0.8129,0.4447,ログリー,グロース（内国株式）,サービス業
6580,2026-10-02,848.0,-0.0208,-0.0117,-0.064,0.0012,-0.0514,-0.0145,878.84,842.3067,True,-0.0351,0.2481,3417.8196,716.0,0.038,0.1145,84800.0,0.4858,0.1676,ライトアップ,グロース（内国株式）,サービス業
6584,2026-10-02,761.0,-0.0244,-0.0219,-0.0094,-0.167,0.0032,-0.1827,766.7513,832.7052,False,-0.0075,0.6355,1197.5063,624.7506,0.0186,2.3612,76100.0,0.538,0.3068,三櫻工業,プライム（内国株式）,輸送用機器
6586,2026-10-02,5258.0,-0.0148,-0.011,-0.0049,-0.1095,0.0078,-0.1252,5225.1679,5420.7277,False,0.0063,0.881,5968.4782,4010.6494,0.018,38.3592,525800.0,0.9353,0.2097,マキタ,プライム（内国株式）,機械
6588,2026-10-02,2820.0,-0.0316,-0.0349,-0.1,-0.01,-0.0874,-0.0257,2923.1804,2991.6984,False,-0.0353,0.823,3426.4666,2485.1911,0.0236,4.1136,282000.0,0.9476,0.2085,東芝テック,プライム（内国株式）,電気機器
6590,2026-10-02,4260.0,0.0012,0.1255,0.0571,-0.2876,0.0697,-0.3033,3900.4,4524.9333,False,0.0922,0.6741,6320.0,2376.2811,0.0469,52.6681,426000.0,0.7794,0.3682,芝浦メカトロニクス,プライム（内国株式）,電気機器
6592,2026-10-02,1717.0,-0.0115,-0.0043,-0.0384,0.0573,-0.0257,0.0416,1719.54,1666.2452,True,-0.0015,0.9204,1865.5177,1192.4958,0.0195,18.8627,171700.0,0.787,0.2207,マブチモーター,プライム（内国株式）,電気機器
6594,2026-10-02,2117.0,0.0081,-0.2546,-0.1766,-0.2404,-0.164,-0.2561,2577.28,2633.1867,False,-0.1786,0.7198,2941.0,1797.0,0.0795,269.5444,211700.0,2.6915,0.626,ニデック,プライム（内国株式）,電気機器
6597,2026-10-02,3790.0,-0.0257,-0.09,0.0844,-0.1155,0.097,-0.1312,3696.4,3798.1276,False,0.0253,0.5088,7449.0989,1574.2428,0.044,2.7304,379000.0,1.1321,0.4767,ＨＰＣシステムズ,グロース（内国株式）,電気機器
6599,2026-10-02,4435.0,-0.0221,0.0034,0.2874,0.4423,0.3,0.4266,3907.6,3382.9867,True,0.135,0.9456,4690.0,2262.5044,0.0455,0.5502,443500.0,2.4424,0.4386,エブレン,スタンダード（内国株式）,電気機器
6612,2026-10-02,586.0,-0.0051,0.0051,-0.0266,-0.0201,-0.014,-0.0357,593.36,601.04,True,-0.0124,0.6475,905.0,561.0,0.0134,0.0184,58600.0,0.9031,0.2927,バルミューダ,グロース（内国株式）,電気機器
6613,2026-10-02,2294.0,0.0227,0.0223,0.1317,-0.116,0.1443,-0.1317,2091.6,2159.44,False,0.0968,0.6337,3620.0,293.0,0.0564,41.4279,229400.0,0.6433,0.289,ＱＤレーザ,グロース（内国株式）,電気機器
6614,2026-10-02,881.0,-0.0011,0.0126,0.0209,0.0092,0.0335,-0.0065,867.72,877.5867,False,0.0153,0.6599,1335.0306,643.9559,0.0236,0.061,88100.0,0.4567,0.1924,シキノハイテック,スタンダード（内国株式）,電気機器
6615,2026-10-02,231.0,-0.017,-0.0335,-0.0294,0.0176,-0.0168,0.002,238.12,234.4667,False,-0.0299,0.5396,428.0732,220.0,0.0204,0.1278,23100.0,0.6121,0.2758,ユー・エム・シー・エレクトロニクス,プライム（内国株式）,電気機器
6616,2026-10-02,2000.0,-0.0291,0.0416,0.0337,-0.1698,0.0463,-0.1854,1883.8192,2020.1165,False,0.0617,0.6786,2947.1326,1333.1725,0.0353,1.6756,200000.0,0.9107,0.4775,トレックス・セミコンダクター,プライム（内国株式）,電気機器
6617,2026-10-02,7440.0,0.0109,0.0806,0.0822,-0.0297,0.0948,-0.0453,6863.7639,7320.0544,False,0.084,0.8486,8767.0702,2889.7234,0.0295,5.7495,744000.0,0.6811,0.4659,東光高岳,プライム（内国株式）,電気機器
6619,2026-10-02,142.0,-0.0139,-0.047,-0.1125,-0.2718,-0.0999,-0.2875,153.04,162.7733,False,-0.0721,0.3923,362.0,138.0,0.0453,3.411,14200.0,0.8473,0.28,ダブル・スコープ,プライム（内国株式）,電気機器
6620,2026-10-02,621.0,-0.0266,-0.0773,-0.1166,-0.2509,-0.104,-0.2666,682.0,702.0,True,-0.0894,0.5914,1050.0,547.0,0.0258,0.3218,62100.0,0.7076,0.4625,宮越ホールディングス,プライム（内国株式）,不動産業
6622,2026-10-02,2776.0,0.021,0.1188,0.1536,-0.1491,0.1662,-0.1648,2443.3043,2775.2882,False,0.1362,0.731,3797.788,1513.5556,0.0348,21.3202,277600.0,0.7714,0.5749,ダイヘン,プライム（内国株式）,電気機器
6625,2026-10-02,331.0,-0.0178,-0.0831,-0.1578,-0.0149,-0.1451,-0.0306,369.8,354.5333,True,-0.1049,0.7761,426.496,313.0,0.0242,1.2922,33100.0,2.0085,0.5875,ＪＡＬＣＯホールディングス,スタンダード（内国株式）,不動産業
6626,2026-10-02,2449.0,-0.0165,0.026,0.0904,0.2064,0.103,0.1907,2354.6,2159.68,True,0.0401,0.8309,2947.4469,1936.0,0.0293,0.3355,244900.0,0.7743,0.3441,ＳＥＭＩＴＥＣ,スタンダード（内国株式）,電気機器
6627,2026-10-02,2568.0,-0.0019,0.09,0.1536,-0.0749,0.1663,-0.0906,2249.2,2320.2667,True,0.1417,0.8583,2992.0,972.8774,0.0518,10.648,256800.0,0.7828,0.4637,テラプローブ,スタンダード（内国株式）,電気機器
6629,2026-10-02,1040.0,-0.0095,-0.0095,0.0537,0.0048,0.0663,-0.0108,998.8,994.2133,False,0.0412,0.6628,1569.0,379.0769,0.0311,1.2928,104000.0,0.6785,0.377,テクノホライゾン,スタンダード（内国株式）,電気機器
6630,2026-10-02,771.0,-0.0115,-0.0128,-0.0528,0.0708,-0.0402,0.0552,789.12,761.6365,True,-0.023,0.9135,844.0,657.2037,0.0135,0.7466,77100.0,0.9236,0.2685,ヤーマン,プライム（内国株式）,電気機器
6632,2026-10-02,1012.0,-0.0015,0.004,-0.033,-0.0967,-0.0204,-0.1124,996.5873,1048.4545,False,0.0155,0.7091,1427.2144,867.0425,0.0219,13.1937,101200.0,1.0211,0.2041,ＪＶＣケンウッド,プライム（内国株式）,電気機器
6633,2026-10-02,311.0,-0.0127,-0.0064,-0.022,-0.0633,-0.0094,-0.0789,316.44,324.0933,False,-0.0172,0.744,418.0,310.0,0.0073,0.0173,31100.0,0.8934,0.3062,ＣＧＳホールディングス,スタンダード（内国株式）,電気機器
6634,2026-10-02,68.0,0.0,-0.0145,-0.0685,-0.1807,-0.0559,-0.1964,70.6,70.9733,True,-0.0368,0.4146,164.0,50.0,0.0431,0.1036,6800.0,0.187,0.1707,ＪＮグループ,スタンダード（内国株式）,電気機器
6635,2026-10-02,664.0,-0.0134,-0.0221,-0.009,-0.0687,0.0037,-0.0844,667.68,676.0384,False,-0.0055,0.5629,1179.5955,469.8857,0.0211,0.1324,66400.0,0.2448,0.2071,大日光・エンジニアリング,スタンダード（内国株式）,電気機器
6637,2026-10-02,4210.0,-0.0129,-0.0357,0.0274,0.1563,0.04,0.1407,4224.0616,3947.0486,True,-0.0033,0.7956,5291.6843,3159.0495,0.0361,1.0985,421000.0,0.6021,0.2743,寺崎電気産業,スタンダード（内国株式）,電気機器
6638,2026-10-02,2269.0,0.0157,0.0249,0.1558,0.2202,0.1684,0.2046,2009.6315,1976.6162,True,0.1291,0.9913,2289.0,1405.3424,0.0314,2.7158,226900.0,1.1064,0.5397,ミマキエンジニアリング,プライム（内国株式）,電気機器
6643,2026-10-02,5590.0,-0.0106,-0.0035,-0.0258,0.0107,-0.0132,-0.005,5580.958,5443.0684,True,0.0016,0.7917,7060.347,3583.735,0.0293,0.2055,559000.0,0.6859,0.2355,戸上電機製作所,スタンダード（内国株式）,電気機器
6644,2026-10-02,1425.0,-0.0226,-0.0388,-0.0483,-0.0395,-0.0357,-0.0552,1458.734,1469.8148,False,-0.0231,0.6567,2169.9572,1071.6126,0.0212,5.4508,142500.0,1.4766,0.2453,大崎電気工業,プライム（内国株式）,電気機器
6645,2026-10-02,6396.0,-0.0045,0.0112,-0.024,0.0561,-0.0113,0.0405,6266.36,6050.96,True,0.0207,0.8828,7245.0,3647.0641,0.0251,74.0936,639600.0,0.8761,0.3781,オムロン,プライム（内国株式）,電気機器
6647,2026-10-02,3705.0,-0.0237,-0.0377,0.0755,0.3591,0.0881,0.3435,3575.0,3098.2667,True,0.0364,0.9549,3880.0,1889.4941,0.0175,0.0409,370500.0,0.7689,0.4923,森尾電機,スタンダード（内国株式）,電気機器
6648,2026-10-02,1681.0,0.0225,0.0159,0.0081,-0.105,0.0208,-0.1207,1638.0939,1715.8261,False,0.0262,0.6276,2678.4474,1387.3972,0.0216,0.5628,168100.0,0.7257,0.4033,かわでん,スタンダード（内国株式）,電気機器
6651,2026-10-02,4450.0,0.0102,0.0247,0.0258,-0.0165,0.0384,-0.0322,4316.6292,4393.4326,False,0.0309,0.8898,5001.2276,3283.218,0.0172,2.9076,445000.0,0.8407,0.2813,日東工業,プライム（内国株式）,電気機器
6652,2026-10-02,3820.0,0.0026,0.0159,0.0474,0.1497,0.06,0.134,3629.0404,3441.8762,True,0.0526,0.9776,3907.5391,2168.6966,0.022,3.8529,382000.0,1.0254,0.3354,ＩＤＥＣ,プライム（内国株式）,電気機器
6653,2026-10-02,2077.0,-0.0212,-0.017,-0.0602,-0.1392,-0.0476,-0.1549,2126.04,2219.8548,False,-0.0231,0.7366,2819.5928,1602.7684,0.0216,1.3441,207700.0,0.4335,0.2363,正興電機製作所,プライム（内国株式）,電気機器
6654,2026-10-02,1090.0,0.0,0.0093,0.0028,-0.0256,0.0154,-0.0412,1083.32,1090.9299,True,0.0062,0.9651,1129.4363,1024.9684,0.0045,0.1021,109000.0,0.3273,0.3855,不二電機工業,スタンダード（内国株式）,電気機器
6656,2026-10-02,821.0,-0.0191,0.0419,-0.0061,-0.3785,0.0066,-0.3942,806.36,978.1467,False,0.0182,0.517,1588.0,499.0,0.0342,0.2905,82100.0,0.3494,0.3776,インスペック,スタンダード（内国株式）,電気機器
6658,2026-10-02,447.0,-0.0045,-0.0045,-0.0261,-0.0176,-0.0135,-0.0333,451.84,448.08,False,-0.0107,0.5548,805.7238,415.0,0.0139,0.1617,44700.0,0.4903,0.2897,シライ電子工業,スタンダード（内国株式）,電気機器
6659,2026-10-02,43.0,-0.0227,-0.0652,-0.1887,-0.2586,-0.1761,-0.2743,48.08,51.4133,False,-0.1057,0.3739,115.0,32.0,0.0515,1.7695,4300.0,0.9313,0.3161,メディアリンクス,スタンダード（内国株式）,電気機器
6662,2026-10-02,228.0,0.0,0.0,-0.0256,0.0556,-0.013,0.0399,227.0,221.0267,True,0.0044,0.76,300.0,195.0,0.0182,0.0236,22800.0,0.4171,0.2655,ユビテック,スタンダード（内国株式）,電気機器
6663,2026-10-02,307.0,0.0,0.0099,-0.0346,-0.0315,-0.022,-0.0472,310.04,309.44,False,-0.0098,0.6631,463.0,240.0,0.0156,0.0436,30700.0,0.4329,0.1672,太洋テクノレックス,スタンダード（内国株式）,電気機器
6664,2026-10-02,236.0,-0.0709,-0.0923,-0.0781,-0.0084,-0.0655,-0.0241,259.16,247.1867,True,-0.0894,0.5233,451.0,229.0,0.0315,0.021,23600.0,1.3851,0.4173,オプトエレクトロニクス,スタンダード（内国株式）,電気機器
6666,2026-10-02,850.0,-0.0023,0.0532,0.0598,-0.0764,0.0724,-0.0921,804.2565,813.5085,False,0.0569,0.5802,1465.0012,353.4232,0.0397,0.3295,85000.0,0.3695,0.3228,リバーエレテック,スタンダード（内国株式）,電気機器
6668,2026-10-02,4845.0,0.0062,0.132,0.1817,0.3048,0.1943,0.2891,4126.9438,3718.67,True,0.174,0.9798,4945.0,1146.9437,0.0572,3.3713,484500.0,0.6027,0.4492,アドテック　プラズマ　テクノロジー,スタンダード（内国株式）,電気機器
6674,2026-10-02,5448.0,-0.0095,0.0149,0.037,-0.1868,0.0496,-0.2025,5241.6839,5748.7184,False,0.0394,0.6936,7855.1006,3238.12,0.0278,40.3648,544800.0,0.905,0.2326,ジーエス・ユアサ　コーポレーション,プライム（内国株式）,電気機器
6675,2026-10-02,2099.0,-0.0066,-0.0184,-0.0241,0.1013,-0.0115,0.0856,2112.7305,1998.1994,True,-0.0065,0.8001,2623.2739,1517.9087,0.0162,0.6222,209900.0,0.8005,0.2105,サクサ,スタンダード（内国株式）,電気機器
6676,2026-10-02,3605.0,0.0042,0.0287,0.149,0.4317,0.1616,0.4161,3213.2601,2848.2971,True,0.1219,0.9904,3640.0,1672.1144,0.035,2.698,360500.0,2.034,0.4096,ＢＵＦＦＡＬＯ,スタンダード（内国株式）,電気機器
6677,2026-10-02,3105.0,-0.0096,-0.0075,-0.012,-0.0945,0.0006,-0.1101,3089.8392,3213.7654,False,0.0049,0.8456,3672.1275,2537.1062,0.0176,2.8551,310500.0,1.0652,0.2563,エスケーエレクトロニクス,スタンダード（内国株式）,電気機器
6678,2026-10-02,2000.0,-0.0119,-0.022,-0.0196,0.0035,-0.007,-0.0122,2043.36,2039.84,True,-0.0212,0.7577,2639.6546,1752.1927,0.0144,0.2292,200000.0,1.2174,0.3343,テクノメディカ,スタンダード（内国株式）,電気機器
6694,2026-10-02,829.0,-0.0247,0.0184,0.1466,0.3096,0.1592,0.294,797.64,702.08,True,0.0393,0.9442,878.0,572.2096,0.041,0.0904,82900.0,0.7812,0.2735,ズーム,スタンダード（内国株式）,電気機器
6696,2026-10-02,299.0,-0.0099,-0.0478,-0.0597,0.0993,-0.0471,0.0836,315.44,296.4533,True,-0.0521,0.609,491.0,236.0,0.0495,0.095,29900.0,0.2815,0.2435,トラース・オン・プロダクト,グロース（内国株式）,電気機器
6699,2026-10-02,481.0,-0.0143,-0.0073,-0.062,0.0173,-0.0494,0.0016,492.4353,480.5585,True,-0.0232,0.6644,724.0028,439.6797,0.0162,0.3575,48100.0,0.7594,0.1793,ダイヤモンドエレクトリックホールディングス,スタンダード（内国株式）,電気機器
6701,2026-10-02,4913.0,0.0193,0.0246,-0.0143,0.1837,-0.0016,0.168,4752.4246,4490.8832,True,0.0338,0.8009,6134.063,3571.1063,0.0291,263.6033,491300.0,0.7439,0.2116,日本電気,プライム（内国株式）,電気機器
6702,2026-10-02,4069.0,0.0167,0.0166,0.0374,0.2311,0.0501,0.2155,3877.0012,3573.2021,True,0.0495,0.8867,4588.9532,2997.0456,0.0273,263.3815,406900.0,0.8668,0.2522,富士通,プライム（内国株式）,電気機器
6703,2026-10-02,2702.0,-0.0081,-0.0263,-0.0663,-0.2111,-0.0537,-0.2268,2725.76,3016.84,False,-0.0087,0.6806,3970.0,1490.9265,0.0397,17.8496,270200.0,1.0373,0.3563,沖電気工業,プライム（内国株式）,電気機器
6706,2026-10-02,3320.0,-0.0178,0.009,0.009,0.1104,0.0216,0.0947,3270.3686,3144.2276,False,0.0152,0.9297,3571.2168,1795.0056,0.0187,0.9486,332000.0,0.9243,0.2628,電気興業,プライム（内国株式）,電気機器
6707,2026-10-02,6948.0,-0.0175,0.0072,-0.021,-0.3692,-0.0084,-0.3849,6933.08,8551.2133,False,0.0022,0.5871,11835.0,4883.0,0.032,9.8431,694800.0,1.0864,0.2937,サンケン電気,プライム（内国株式）,電気機器
6718,2026-10-02,2714.0,-0.0213,-0.0305,-0.0409,0.0019,-0.0283,-0.0138,2791.1098,2747.152,True,-0.0276,0.9085,2987.4114,2573.3643,0.012,0.7218,271400.0,1.092,0.3542,アイホン,プライム（内国株式）,電気機器
6721,2026-10-02,67.0,-0.0429,-0.0946,-0.0822,-0.2472,-0.0696,-0.2629,73.16,77.7067,False,-0.0842,0.4497,149.0,66.0,0.0426,0.2561,6700.0,1.2602,0.42,ウインテスト,スタンダード（内国株式）,電気機器
6723,2026-10-02,3575.0,-0.0113,0.0279,0.0788,-0.2583,0.0914,-0.274,3350.48,3900.1733,False,0.067,0.6766,5284.0,1654.2992,0.038,351.069,357500.0,0.821,0.3507,ルネサスエレクトロニクス,プライム（内国株式）,電気機器
6724,2026-10-02,3284.0,0.0006,0.0162,0.0024,0.1845,0.015,0.1689,3143.6751,2966.3329,True,0.0446,0.9892,3320.0,1787.5557,0.0232,46.3728,328400.0,0.9009,0.3391,セイコーエプソン,プライム（内国株式）,電気機器
6727,2026-10-02,863.0,-0.0137,-0.0059,0.0219,0.1115,0.0345,0.0959,828.5527,794.1741,False,0.0416,0.9218,936.2332,696.2576,0.0257,5.1767,86300.0,1.07,0.3653,ワコム,プライム（内国株式）,電気機器
6728,2026-10-02,8130.0,-0.0205,0.0683,0.1009,-0.1935,0.1135,-0.2091,7371.12,8635.1898,False,0.103,0.7227,11250.0696,6159.9549,0.0308,36.0838,813000.0,0.882,0.5784,アルバック,プライム（内国株式）,電気機器
6730,2026-10-02,1634.0,0.0062,0.3339,0.3538,0.3515,0.3664,0.3359,1254.6,1177.5467,True,0.3024,0.9612,1700.0,1010.0,0.0436,11.129,163400.0,0.8722,0.7498,アクセル,スタンダード（内国株式）,電気機器
6731,2026-10-02,99.0,-0.01,-0.0198,-0.066,-0.2016,-0.0534,-0.2173,103.24,107.4133,False,-0.0411,0.1456,680.0,96.0,0.0325,0.0809,9900.0,0.6043,0.2178,ピクセラ,スタンダード（内国株式）,電気機器
6736,2026-10-02,9070.0,-0.1073,-0.0764,-0.033,-0.0341,-0.0204,-0.0497,9371.6,9305.2,True,-0.0322,0.7058,12850.0,6034.8727,0.0615,3.685,907000.0,0.8883,0.2581,サン電子,スタンダード（内国株式）,電気機器
6737,2026-10-02,3100.0,0.0065,0.0074,-0.0161,0.2533,-0.0035,0.2376,3047.7616,2790.9533,True,0.0171,0.9823,3155.7492,1984.7355,0.0223,4.5129,310000.0,0.6759,0.2444,ＥＩＺＯ,プライム（内国株式）,電気機器
6740,2026-10-02,46.0,-0.0612,-0.098,-0.0612,-0.1321,-0.0486,-0.1477,47.68,49.3733,False,-0.0352,0.2805,164.0,17.0,0.0575,5.989,4600.0,1.1486,0.4162,ジャパンディスプレイ,プライム（内国株式）,電気機器
6741,2026-10-02,1763.0,-0.0233,-0.0401,-0.0483,0.1365,-0.0357,0.1208,1795.1767,1689.1685,True,-0.0179,0.9318,1892.0806,1148.7168,0.0234,2.566,176300.0,0.7079,0.2484,日本信号,プライム（内国株式）,電気機器
6742,2026-10-02,1132.0,0.0035,0.0154,0.1084,0.2361,0.121,0.2204,1041.546,975.3592,True,0.0868,0.9904,1143.0,477.9589,0.0335,2.7728,113200.0,0.9528,0.3424,京三製作所,プライム（内国株式）,電気機器
6743,2026-10-02,1052.0,0.0294,-0.0094,0.0048,0.2829,0.0174,0.2673,1036.12,943.32,True,0.0153,0.9343,1126.0,538.6272,0.022,0.1614,105200.0,0.5217,0.2506,大同信号,スタンダード（内国株式）,電気機器
6744,2026-10-02,3855.0,-0.0326,-0.0294,-0.0872,-0.1049,-0.0745,-0.1206,4040.0058,4187.1671,False,-0.0458,0.7792,4947.482,3299.5712,0.0183,3.1579,385500.0,0.927,0.306,能美防災,プライム（内国株式）,電気機器
6745,2026-10-02,1914.0,-0.0333,-0.0035,-0.0117,-0.0719,0.0009,-0.0876,1911.308,1947.2138,False,0.0014,0.8206,2332.4862,1215.492,0.0296,3.309,191400.0,0.8815,0.2302,ホーチキ,プライム（内国株式）,電気機器
6748,2026-10-02,779.0,-0.0076,-0.0064,-0.0064,0.0745,0.0062,0.0588,773.96,746.56,True,0.0065,0.8115,960.0,667.0,0.0173,0.0976,77900.0,0.7165,0.2815,星和電機,スタンダード（内国株式）,電気機器
6750,2026-10-02,2005.0,-0.0064,-0.0074,0.0019,0.1274,0.0145,0.1117,1980.6566,1868.8199,True,0.0123,0.9769,2052.4753,1526.0479,0.0198,3.7093,200500.0,1.0484,0.2532,エレコム,プライム（内国株式）,電気機器
6752,2026-10-02,4568.0,0.004,0.0017,0.0307,0.0163,0.0433,0.0006,4332.5608,4298.3847,True,0.0543,0.9225,4951.9007,1514.6211,0.0368,357.8561,456800.0,0.9938,0.2367,パナソニック　ホールディングス,プライム（内国株式）,電気機器
6753,2026-10-02,638.1,-0.0115,-0.0365,-0.0523,-0.0016,-0.0397,-0.0172,653.272,635.8293,True,-0.0232,0.7051,905.0,534.4,0.0365,24.401,63809.9976,0.9675,0.2492,シャープ,プライム（内国株式）,電気機器
6754,2026-10-02,3489.0,0.011,0.0338,0.0402,-0.2189,0.0528,-0.2346,3263.7925,3679.0474,False,0.069,0.7239,4819.4062,1715.1997,0.0285,33.0776,348900.0,0.8524,0.4817,アンリツ,プライム（内国株式）,電気機器
6757,2026-10-02,915.0,0.0066,0.0099,0.0374,0.0702,0.05,0.0545,889.8,869.6267,True,0.0283,0.9388,974.6809,788.0,0.0094,0.0421,91500.0,1.4055,0.3471,ＯＳＧコーポレーション,スタンダード（内国株式）,電気機器
6758,2026-10-02,3753.0,-0.009,0.0164,-0.068,0.1157,-0.0554,0.1,3766.3167,3577.4772,True,-0.0035,0.7926,4734.7726,3028.5293,0.0223,528.2253,375300.0,0.8882,0.2023,ソニーグループ,プライム（内国株式）,電気機器
6762,2026-10-02,3198.0,-0.0006,0.0812,0.0457,-0.1296,0.0583,-0.1452,2926.8676,3170.5986,False,0.0926,0.7462,4285.7953,1862.3704,0.0344,298.928,319800.0,0.9956,0.3806,ＴＤＫ,プライム（内国株式）,電気機器
6763,2026-10-02,2849.0,-0.0097,0.032,0.0126,-0.0217,0.0252,-0.0374,2759.5965,2811.1378,False,0.0324,0.8876,3209.8144,2226.1191,0.0197,0.4771,284900.0,1.2691,0.3327,帝国通信工業,プライム（内国株式）,電気機器
6768,2026-10-02,957.0,-0.0124,0.1085,0.176,0.0282,0.1886,0.0125,825.563,858.8775,False,0.1592,0.8507,1125.0219,466.9604,0.0424,9.0826,95700.0,1.3763,0.5327,タムラ製作所,プライム（内国株式）,電気機器
6769,2026-10-02,1300.0,0.0133,0.0148,0.1304,0.1566,0.1431,0.1409,1189.32,1109.9067,True,0.0931,0.9332,1393.0,760.4688,0.0372,1.176,130000.0,0.6068,0.4777,ザインエレクトロニクス,スタンダード（内国株式）,電気機器
6770,2026-10-02,2207.5,-0.0277,0.0165,-0.0391,0.0538,-0.0265,0.0381,2193.587,2132.9809,True,0.0063,0.9376,2354.505,1748.6499,0.0258,36.1747,220750.0,0.8974,0.2727,アルプスアルパイン,プライム（内国株式）,電気機器
6771,2026-10-02,691.0,0.0014,0.0598,0.0147,0.0631,0.0273,0.0474,666.2,657.52,True,0.0372,0.7906,874.0,568.2114,0.0181,0.0711,69100.0,0.9844,0.456,池上通信機,スタンダード（内国株式）,電気機器
6772,2026-10-02,1000.0,-0.0157,-0.0206,-0.0431,-0.0909,-0.0304,-0.1066,1037.48,1075.56,False,-0.0361,0.5504,1816.7004,965.0,0.0242,0.0238,100000.0,0.6898,0.3428,東京コスモス電機,スタンダード（内国株式）,電気機器
6775,2026-10-02,136.0,0.0226,0.0382,0.088,0.1333,0.1006,0.1177,128.8,121.88,False,0.0559,0.5837,233.0,110.0,0.0436,0.4951,13600.0,1.4934,0.6578,ＴＢグループ,スタンダード（内国株式）,電気機器
6776,2026-10-02,299.0,-0.0164,0.0136,0.0641,0.1157,0.0767,0.1,289.2,275.3867,True,0.0339,0.9703,308.1636,245.3532,0.0198,0.0567,29900.0,1.4076,0.4048,天昇電気工業,スタンダード（内国株式）,化学
6777,2026-10-02,23370.0,0.0259,0.0744,0.1982,0.0063,0.2108,-0.0094,20050.0523,20957.1645,False,0.1656,0.6771,34513.5287,7296.6503,0.0381,21.7322,2337000.0,0.8113,0.5658,ｓａｎｔｅｃ　Ｈｏｌｄｉｎｇｓ,スタンダード（内国株式）,電気機器
6778,2026-10-02,623.0,-0.022,-0.0189,-0.0865,-0.0601,-0.0739,-0.0758,646.52,640.2768,True,-0.0364,0.8693,716.6945,532.9514,0.0241,0.0837,62300.0,0.4393,0.1933,アルチザネットワークス,スタンダード（内国株式）,電気機器
6779,2026-10-02,3635.0,0.0097,0.1202,0.3245,-0.0262,0.3372,-0.0419,2965.5087,3130.2616,False,0.2258,0.7289,4987.0536,894.3071,0.054,27.5879,363500.0,0.7769,0.3777,日本電波工業,プライム（内国株式）,電気機器
6785,2026-10-02,3460.0,0.0162,0.0696,0.127,0.0469,0.1397,0.0312,3120.16,3122.5938,False,0.1089,0.9774,3540.0,1972.027,0.0317,2.5735,346000.0,0.8918,0.4879,鈴木,プライム（内国株式）,電気機器
6786,2026-10-02,46.0,-0.0213,-0.0213,-0.0612,-0.1481,-0.0486,-0.1638,48.16,48.9867,False,-0.0449,0.5412,85.0,46.0,0.0264,0.0116,4600.0,0.5796,0.2471,ＲＶＨ,スタンダード（内国株式）,サービス業
6787,2026-10-02,23860.0,-0.0565,0.003,0.2907,-0.1837,0.3033,-0.1993,20709.1329,23559.1779,False,0.1521,0.5285,45143.5238,8241.1381,0.0669,129.7653,2386000.0,1.396,0.3458,メイコー,プライム（内国株式）,電気機器
6788,2026-10-02,5210.0,-0.017,0.0156,0.0472,0.1552,0.0599,0.1395,5052.4,4799.6,True,0.0312,0.9757,5340.0,4005.0,0.0185,0.5894,521000.0,1.0498,0.3526,日本トリム,プライム（内国株式）,電気機器
6794,2026-10-02,3270.0,0.0015,0.0125,0.105,0.1259,0.1176,0.1103,3043.1254,2929.9143,True,0.0746,0.9503,3441.0413,2146.1023,0.0245,4.2042,327000.0,0.8716,0.3493,フォスター電機,プライム（内国株式）,電気機器
6797,2026-10-02,1166.0,-0.0169,-0.0267,-0.0235,-0.0068,-0.0108,-0.0225,1203.88,1176.9867,True,-0.0315,0.9104,1280.8217,1023.6944,0.01,0.0541,116600.0,0.8553,0.4098,名古屋電機工業,スタンダード（内国株式）,電気機器
6798,2026-10-02,3290.0,-0.0194,-0.009,-0.0163,0.0519,-0.0037,0.0362,3266.0786,3150.7572,False,0.0073,0.8942,3679.4197,2142.1561,0.026,0.4086,329000.0,0.7373,0.2305,ＳＭＫ,プライム（内国株式）,電気機器
6800,2026-10-02,4665.0,0.0253,0.0524,0.2049,-0.1785,0.2175,-0.1942,4067.2091,4556.1568,False,0.147,0.7218,6462.922,1379.8632,0.0376,5.6809,466500.0,0.7901,0.4042,ヨコオ,プライム（内国株式）,電気機器
6803,2026-10-02,97.0,-0.0102,-0.0202,-0.0202,-0.0396,-0.0076,-0.0553,98.96,98.16,True,-0.0198,0.704,137.7913,89.2174,0.0184,0.2965,9700.0,0.9741,0.28,ティアック,スタンダード（内国株式）,電気機器
6804,2026-10-02,2376.0,-0.0234,-0.0429,-0.1014,-0.148,-0.0888,-0.1637,2526.7274,2683.6917,False,-0.0597,0.7663,3100.8009,2161.3435,0.0182,6.2863,237600.0,1.1684,0.3699,ホシデン,プライム（内国株式）,電気機器
6806,2026-10-02,25215.0,-0.015,0.0181,-0.0172,-0.1292,-0.0046,-0.1449,24619.4326,26499.1546,False,0.0242,0.7912,31870.7407,15912.2657,0.0212,34.8231,2521500.0,0.7885,0.3686,ヒロセ電機,プライム（内国株式）,電気機器
6807,2026-10-02,2622.0,-0.0194,0.0247,0.0578,0.1163,0.0705,0.1006,2491.0469,2395.4631,True,0.0526,0.916,2862.5168,2140.0444,0.0213,6.2296,262200.0,0.985,0.3406,日本航空電子工業,プライム（内国株式）,電気機器
6809,2026-10-02,1691.0,-0.0151,-0.0268,-0.0301,0.0814,-0.0175,0.0658,1706.3223,1626.6281,True,-0.009,0.9227,1832.6911,1083.0453,0.0148,1.4508,169100.0,1.0597,0.2341,ＴＯＡ,プライム（内国株式）,電気機器
6810,2026-10-02,2592.0,-0.0042,-0.0045,0.0066,0.2169,0.0192,0.2013,2519.9449,2305.7388,True,0.0286,0.9711,2669.0781,1850.9433,0.0241,4.5364,259200.0,0.6159,0.2913,マクセル,プライム（内国株式）,電気機器
6814,2026-10-02,7900.0,0.0051,0.0246,0.0273,0.298,0.0399,0.2823,7559.2083,7095.283,True,0.0451,0.8052,9810.9403,5130.6716,0.0326,19.0492,790000.0,0.6512,0.3801,古野電気,プライム（内国株式）,電気機器
6817,2026-10-02,1277.0,-0.0047,0.0416,0.0528,-0.1193,0.0654,-0.135,1217.08,1282.8907,False,0.0492,0.8001,1596.1018,996.5982,0.02,1.9921,127700.0,0.6594,0.4078,スミダコーポレーション,プライム（内国株式）,電気機器
6819,2026-10-02,470.0,-0.0042,-0.0167,-0.0105,0.0129,0.0021,-0.0027,476.4,472.6667,True,-0.0134,0.9631,488.0,422.2222,0.0059,0.0523,47000.0,1.0118,0.359,伊豆シャボテンリゾート,スタンダード（内国株式）,サービス業
6820,2026-10-02,3645.0,-0.0383,-0.0214,0.0027,0.1326,0.0153,0.117,3609.3229,3360.8688,True,0.0099,0.9554,3815.0,2591.0694,0.0298,0.5154,364500.0,1.1356,0.2344,アイコム,プライム（内国株式）,電気機器
6822,2026-10-02,4990.0,0.0,-0.0079,0.002,-0.0858,0.0146,-0.1014,4980.208,5154.9005,False,0.002,0.7865,6344.52,3333.7957,0.0175,0.1812,499000.0,0.8146,0.1545,大井電気,スタンダード（内国株式）,電気機器
6823,2026-10-02,3375.0,-0.0103,0.0194,0.0271,-0.0867,0.0397,-0.1024,3258.9851,3423.428,False,0.0356,0.8222,4105.0222,2404.1852,0.0186,1.2958,337500.0,0.7487,0.4507,リオン,プライム（内国株式）,電気機器
6824,2026-10-02,3950.0,-0.005,-0.0162,-0.0878,-0.3178,-0.0751,-0.3335,4176.6,4578.6667,False,-0.0543,0.6465,6110.0,3429.4805,0.0255,0.4477,395000.0,0.7986,0.283,新コスモス電機,スタンダード（内国株式）,電気機器
6832,2026-10-02,2524.0,-0.0141,0.0311,0.1097,-0.0219,0.1223,-0.0376,2374.6554,2449.0137,False,0.0629,0.7962,3169.9142,2005.6556,0.0312,0.6355,252400.0,0.5575,0.3202,アオイ電子,スタンダード（内国株式）,電気機器
6834,2026-10-02,6850.0,0.067,0.1276,0.2197,0.2937,0.2323,0.278,5517.6526,5056.0089,True,0.2415,0.9,7611.0513,1637.6309,0.0483,46.2768,685000.0,0.7102,0.6196,精工技研,スタンダード（内国株式）,電気機器
6835,2026-10-02,272.0,-0.0073,0.0074,0.0342,0.1148,0.0468,0.0991,264.16,251.2469,False,0.0297,0.726,374.65,184.7345,0.0255,0.4793,27200.0,0.661,0.2454,アライドテレシスホールディングス,スタンダード（内国株式）,電気機器
6836,2026-10-02,857.0,0.0118,0.0646,0.0567,0.2278,0.0693,0.2121,829.6,778.3867,False,0.033,0.6448,1329.0,659.0,0.0415,0.1032,85700.0,0.5664,0.4048,ぷらっとホーム,スタンダード（内国株式）,電気機器
6837,2026-10-02,409.0,0.0,0.0276,0.0878,0.0099,0.1004,-0.0058,380.84,369.2267,True,0.0739,0.9338,438.0,279.1864,0.0316,0.1807,40900.0,1.0979,0.5182,京写,スタンダード（内国株式）,電気機器
6838,2026-10-02,1477.0,-0.0061,0.0089,-0.018,-0.1546,-0.0053,-0.1702,1469.36,1554.4933,False,0.0052,0.5917,2496.0,657.0,0.0515,3.6232,147700.0,0.7682,0.2671,多摩川ホールディングス,スタンダード（内国株式）,電気機器
6840,2026-10-02,886.0,-0.0123,-0.021,0.1751,0.1567,0.1877,0.141,805.16,765.64,False,0.1004,0.6031,1469.0,303.0,0.0498,3.0635,88600.0,0.8252,0.435,ＡＫＩＢＡホールディングス,スタンダード（内国株式）,電気機器
6841,2026-10-02,4707.0,-0.0057,0.0029,-0.0679,-0.1821,-0.0553,-0.1978,4724.4297,5222.7217,False,-0.0037,0.7594,6198.4007,4093.6721,0.0202,51.0237,470700.0,0.8677,0.2974,横河電機,プライム（内国株式）,電気機器
6844,2026-10-02,3055.0,-0.0081,-0.0208,-0.0271,-0.2147,-0.0144,-0.2303,3029.0,3372.7333,False,0.0086,0.7163,4265.0,2815.1875,0.0236,2.4,305500.0,0.5589,0.3472,新電元工業,プライム（内国株式）,電気機器
6845,2026-10-02,1458.0,-0.0119,0.0071,-0.0219,-0.1385,-0.0093,-0.1541,1445.6506,1550.9652,False,0.0085,0.8463,1722.694,1198.8847,0.0188,22.3966,145800.0,1.1632,0.4177,アズビル,プライム（内国株式）,電気機器
6848,2026-10-02,847.0,0.0071,-0.0231,-0.0276,-0.0197,-0.0149,-0.0353,862.92,860.3067,True,-0.0184,0.8037,1053.8614,798.2024,0.0084,0.1336,84700.0,3.4466,0.518,東亜ディーケーケー,スタンダード（内国株式）,電気機器
6849,2026-10-02,1562.5,-0.0292,-0.0288,0.0311,0.0765,0.0437,0.0608,1534.245,1497.1612,True,0.0184,0.8461,1846.793,1309.8969,0.0241,12.2842,156250.0,1.096,0.228,日本光電工業,プライム（内国株式）,電気機器
6850,2026-10-02,1809.0,-0.006,0.0302,0.0706,0.1002,0.0832,0.0845,1712.8733,1654.7721,True,0.0561,0.9896,1828.0,1202.2448,0.0198,0.5144,180900.0,0.7255,0.336,チノー,プライム（内国株式）,電気機器
6853,2026-10-02,783.0,-0.0176,0.0209,0.0276,-0.0188,0.0402,-0.0345,767.96,782.5101,False,0.0196,0.784,998.7175,632.098,0.0191,0.1511,78300.0,0.7505,0.3483,共和電業,スタンダード（内国株式）,電気機器
6855,2026-10-02,8290.0,0.0085,0.1011,0.3308,0.0783,0.3434,0.0627,6800.09,6933.5748,False,0.2191,0.8207,10100.5862,3216.0581,0.0423,37.5505,829000.0,0.8491,0.6417,日本電子材料,スタンダード（内国株式）,電気機器
6856,2026-10-02,25330.0,0.0034,0.0618,0.0806,-0.0847,0.0933,-0.1004,23032.0,25266.6479,False,0.0998,0.846,29939.4954,11971.5347,0.0267,55.2379,2533000.0,1.1819,0.5876,堀場製作所,プライム（内国株式）,電気機器
6857,2026-10-02,38630.0,0.0271,0.1362,0.1573,0.3164,0.1699,0.3007,33470.0,32115.9333,True,0.1542,0.976,39580.0,14421.3701,0.0451,3480.1948,3863000.0,1.2193,0.559,アドバンテスト,プライム（内国株式）,電気機器
6858,2026-10-02,866.0,-0.0114,0.0152,0.0371,-0.0484,0.0497,-0.064,840.2,855.3592,True,0.0307,0.8635,1002.905,545.259,0.0219,0.3109,86600.0,0.3851,0.2906,小野測器,スタンダード（内国株式）,電気機器
6859,2026-10-02,4110.0,-0.0132,0.02,0.059,-0.0265,0.0716,-0.0422,3915.7519,4045.9456,True,0.0496,0.8678,4736.2469,2860.5348,0.0248,2.4166,411000.0,0.6037,0.3464,エスペック,プライム（内国株式）,電気機器
6861,2026-10-02,80270.0,-0.0115,0.0084,-0.0209,0.0033,-0.0083,-0.0124,78525.6491,78541.062,True,0.0222,0.9163,87601.45,51086.2021,0.0229,460.4795,8027000.0,0.968,0.3806,キーエンス,プライム（内国株式）,電気機器
6862,2026-10-02,5140.0,-0.0638,-0.0925,0.4649,1.4142,0.4776,1.3985,4418.7536,3046.66,True,0.1632,0.8738,5882.6707,769.4535,0.0744,14.9694,514000.0,0.853,0.4475,ミナトホールディングス,スタンダード（内国株式）,電気機器
6863,2026-10-02,1064.0,-0.0327,-0.059,0.0807,0.0668,0.0933,0.0511,1019.7749,949.3058,True,0.0434,0.9317,1142.0,572.2304,0.0345,1.3132,106400.0,2.2458,0.437,ニレコ,スタンダード（内国株式）,電気機器
6864,2026-10-02,1587.0,-0.0167,-0.0335,-0.0081,-0.0827,0.0045,-0.0983,1589.2,1631.9067,False,-0.0014,0.6154,2579.0,1033.5997,0.0238,0.4114,158700.0,0.4568,0.2514,エヌエフホールディングス,スタンダード（内国株式）,電気機器
6866,2026-10-02,10880.0,-0.0233,0.0421,0.0178,-0.1016,0.0304,-0.1172,10400.4,11287.6155,False,0.0461,0.7959,13669.4008,5438.188,0.029,3.5907,1088000.0,0.7936,0.4032,日置電機,プライム（内国株式）,電気機器
6867,2026-10-02,409.0,-0.0049,-0.0024,0.0049,-0.051,0.0175,-0.0667,409.12,415.04,False,-0.0003,0.8067,506.9794,385.0,0.0101,0.0308,40900.0,0.5441,0.2172,リーダー電子,スタンダード（内国株式）,電気機器
6869,2026-10-02,1818.5,-0.0268,-0.0332,-0.0657,0.2024,-0.053,0.1867,1860.6553,1686.8608,True,-0.0227,0.9132,1991.3214,1232.8876,0.0241,50.3308,181850.0,1.0003,0.2058,シスメックス,プライム（内国株式）,電気機器
6870,2026-10-02,2128.0,-0.0009,0.0133,-0.0336,-0.2194,-0.021,-0.235,2140.92,2346.4291,False,-0.006,0.7469,2849.0,1645.3956,0.0154,0.0447,212800.0,0.3189,0.3081,日本フェンオール,スタンダード（内国株式）,電気機器
6871,2026-10-02,15020.0,0.0027,0.086,0.2152,-0.0613,0.2278,-0.0769,13083.6,14482.5333,False,0.148,0.8262,18180.0,5586.8438,0.0556,150.5959,1502000.0,0.8934,0.3781,日本マイクロニクス,プライム（内国株式）,電気機器
6874,2026-10-02,2341.0,-0.0038,-0.0101,-0.0085,-0.0891,0.0042,-0.1048,2350.28,2455.0685,False,-0.0039,0.8268,2831.2361,2270.7866,0.0086,0.0784,234100.0,0.5041,0.2184,協立電機,スタンダード（内国株式）,電気機器
6875,2026-10-02,11570.0,0.0176,0.0377,0.0673,0.0743,0.08,0.0586,10842.8,10512.8,False,0.0671,0.8621,13420.0,6481.4268,0.026,10.9595,1157000.0,0.9003,0.4423,メガチップス,プライム（内国株式）,電気機器
6877,2026-10-02,5900.0,0.012,0.0103,0.066,-0.0274,0.0786,-0.0431,5490.603,5739.8168,False,0.0746,0.872,6765.7333,3616.321,0.029,2.4905,590000.0,1.3376,0.5012,ＯＢＡＲＡ　ＧＲＯＵＰ,スタンダード（内国株式）,電気機器
6882,2026-10-02,1189.0,-0.019,0.0136,0.0293,-0.0617,0.0419,-0.0774,1148.3445,1188.6092,False,0.0354,0.7716,1540.8972,822.408,0.0223,0.4009,118900.0,0.4485,0.3868,三社電機製作所,スタンダード（内国株式）,電気機器
6888,2026-10-02,506.0,0.004,0.012,0.01,0.0835,0.0226,0.0678,500.4,488.7258,False,0.0112,0.9173,551.6243,462.0,0.0096,0.0464,50600.0,1.1145,0.2676,アクモス,スタンダード（内国株式）,情報・通信業
6890,2026-10-02,11540.0,0.0258,0.0846,0.2598,0.2435,0.2724,0.2279,9560.4,9092.3698,True,0.2071,0.9673,11930.0,3800.1709,0.0468,95.1682,1154000.0,0.7744,0.6074,フェローテック,スタンダード（内国株式）,電気機器
6894,2026-10-02,2144.0,0.0005,-0.0115,-0.0299,-0.0019,-0.0172,-0.0175,2166.4,2149.12,True,-0.0103,0.863,2484.3303,1871.4134,0.0141,0.0179,214400.0,0.9765,0.2085,パルステック工業,スタンダード（内国株式）,電気機器
6897,2026-10-02,576.0,0.0195,-0.0843,-0.1403,-0.11,-0.1277,-0.1256,646.8412,641.3332,True,-0.1095,0.7286,790.5327,388.2969,0.0327,1.7614,57600.0,0.3764,0.525,ツインバード,スタンダード（内国株式）,電気機器
6898,2026-10-02,4725.0,0.0,-0.0347,0.1524,0.2115,0.1651,0.1959,4731.0,4033.4667,True,-0.0013,0.7203,6560.0,2913.0,0.0559,0.4338,472500.0,0.8846,0.21,トミタ電機,スタンダード（内国株式）,電気機器
6899,2026-10-02,2201.0,-0.0077,-0.0287,-0.076,-0.0717,-0.0634,-0.0874,2291.48,2320.56,True,-0.0395,0.8127,2708.3809,1933.3136,0.0192,0.1361,220100.0,1.2641,0.4927,ＡＳＴＩ,スタンダード（内国株式）,電気機器
6902,2026-10-02,1808.0,-0.0174,-0.0418,-0.0694,-0.0573,-0.0568,-0.0729,1873.7466,1896.7253,True,-0.0351,0.7911,2285.5618,1754.8647,0.0152,138.2522,180800.0,1.0667,0.3969,デンソー,プライム（内国株式）,輸送用機器
6904,2026-10-02,855.0,-0.0489,-0.0339,0.5405,0.917,0.5532,0.9014,692.68,541.2133,True,0.2343,0.6879,1243.0,440.0,0.1028,4.7737,85500.0,5.0493,0.6772,原田工業,スタンダード（内国株式）,電気機器
6905,2026-10-02,1489.0,-0.0126,0.0102,0.1263,0.0102,0.1389,-0.0055,1358.76,1367.6667,False,0.0959,0.8986,1657.0,1041.4645,0.0361,4.2318,148900.0,2.1598,0.4351,コーセル,プライム（内国株式）,電気機器
6907,2026-10-02,792.0,-0.0075,0.0038,0.0051,0.191,0.0177,0.1753,777.8,709.64,True,0.0183,0.5531,1432.0,583.0,0.0277,0.1273,79200.0,0.4577,0.2508,ジオマテック,スタンダード（内国株式）,電気機器
6908,2026-10-02,2722.0,-0.0388,-0.0552,-0.0402,-0.0726,-0.0276,-0.0882,2816.88,2842.84,False,-0.0337,0.727,3744.3832,2663.0,0.0287,4.8294,272200.0,1.5412,0.4296,イリソ電子工業,プライム（内国株式）,電気機器
6912,2026-10-02,2824.0,-0.0053,0.039,0.1378,0.4148,0.1504,0.3992,2569.24,2271.4667,True,0.0992,0.9765,2892.0,1473.0062,0.0327,0.3513,282400.0,1.0289,0.4049,菊水ホールディングス,スタンダード（内国株式）,電気機器
6914,2026-10-02,3230.0,-0.0212,-0.0256,0.0031,-0.2523,0.0157,-0.268,3171.6,3559.9687,False,0.0184,0.6854,4712.2839,2003.4259,0.0248,4.5157,323000.0,0.9471,0.3375,オプテックスグループ,プライム（内国株式）,電気機器
6915,2026-10-02,3525.0,-0.0329,-0.0167,0.0144,0.078,0.027,0.0623,3469.2,3353.2667,True,0.0161,0.9644,3655.0,2831.0503,0.0213,0.4323,352500.0,1.5511,0.36,千代田インテグレ,スタンダード（内国株式）,電気機器
6918,2026-10-02,4355.0,-0.0136,0.0864,0.2566,0.3069,0.2693,0.2912,3715.2704,3430.7241,True,0.1722,0.9732,4475.0,2138.847,0.0372,1.738,435500.0,1.0587,0.6375,アバールデータ,スタンダード（内国株式）,電気機器
6919,2026-10-02,1395.0,-0.012,-0.0049,-0.0007,0.0398,0.0119,0.0242,1388.9618,1365.021,True,0.0043,0.9022,1546.2939,1275.6451,0.0098,0.1385,139500.0,1.185,0.275,ケル,スタンダード（内国株式）,電気機器
6920,2026-10-02,46130.0,0.0092,0.1276,0.3945,-0.0319,0.4071,-0.0476,36880.4,41576.29,False,0.2508,0.7906,58349.1951,19124.4978,0.0488,1482.6268,4613000.0,1.2217,0.6347,レーザーテック,プライム（内国株式）,電気機器
6923,2026-10-02,3482.0,-0.0026,-0.013,-0.0411,-0.0182,-0.0285,-0.0339,3495.2438,3508.0119,False,-0.0038,0.9304,3742.5938,2676.4092,0.0185,16.2949,348200.0,0.8558,0.2522,スタンレー電気,プライム（内国株式）,電気機器
6925,2026-10-02,4149.0,-0.0098,0.0341,0.0757,-0.1172,0.0883,-0.1329,3807.12,4076.1867,False,0.0898,0.8034,5164.0,2219.5981,0.0338,16.6251,414900.0,1.1448,0.4888,ウシオ電機,プライム（内国株式）,電気機器
6926,2026-10-02,198.0,0.0051,0.0312,0.0476,0.0703,0.0602,0.0546,191.96,187.84,False,0.0315,0.8319,238.0,177.0,0.0191,0.0306,19800.0,1.1392,0.3698,岡谷電機産業,スタンダード（内国株式）,電気機器
6927,2026-10-02,983.0,-0.0101,-0.0209,-0.0101,0.038,0.0026,0.0223,985.12,953.7467,True,-0.0022,0.7576,1297.5103,773.6937,0.0159,0.4381,98300.0,0.7623,0.3132,ヘリオス　テクノ　ホールディング,スタンダード（内国株式）,電気機器
6928,2026-10-02,3375.0,-0.0059,0.065,0.1172,0.1744,0.1298,0.1587,3000.4142,2912.0945,False,0.1248,0.8589,3929.2186,1557.639,0.0358,1.4728,337500.0,0.8184,0.5138,エノモト,スタンダード（内国株式）,電気機器
6929,2026-10-02,3665.0,-0.0214,-0.0041,-0.0381,-0.0368,-0.0254,-0.0525,3686.2,3729.6,False,-0.0058,0.8563,4280.0,3230.3571,0.0139,2.9953,366500.0,0.6824,0.2252,日本セラミック,プライム（内国株式）,電気機器
6932,2026-10-02,2494.0,-0.008,-0.0192,-0.0107,0.0324,0.0019,0.0167,2515.8709,2476.5037,True,-0.0087,0.8324,2996.1724,1953.311,0.0193,0.7693,249400.0,0.6338,0.2139,遠藤照明,スタンダード（内国株式）,電気機器
6941,2026-10-02,9620.0,0.0322,0.1325,0.2318,0.0291,0.2444,0.0134,7964.1016,8642.9786,False,0.2079,0.8489,11332.4645,3332.3374,0.0413,22.1035,962000.0,0.904,0.606,山一電機,プライム（内国株式）,電気機器
6942,2026-10-02,1412.0,0.0071,-0.0262,-0.0329,0.0475,-0.0203,0.0318,1434.72,1380.5867,True,-0.0158,0.9605,1470.0,1150.0,0.0102,0.0799,141200.0,1.7056,0.6338,ソフィアホールディングス,スタンダード（内国株式）,情報・通信業
6943,2026-10-02,6350.0,0.0225,0.0491,0.1347,0.2851,0.1473,0.2694,5686.4682,5260.0703,True,0.1167,0.9906,6410.0,4265.546,0.0217,0.0493,635000.0,1.9663,0.7262,ＮＫＫスイッチズ,スタンダード（内国株式）,電気機器
6946,2026-10-02,7310.0,0.0209,0.0,0.2915,0.3462,0.3041,0.3306,6484.4,5681.6667,True,0.1273,0.8135,8986.2168,4128.6675,0.0531,14.0341,731000.0,0.9296,0.33,日本アビオニクス,スタンダード（内国株式）,電気機器
6947,2026-10-02,5370.0,0.0327,0.0624,0.0749,0.1571,0.0876,0.1414,4926.0108,4740.45,True,0.0901,0.9799,5480.0,4054.9379,0.0237,3.7887,537000.0,1.8109,0.5637,図研,プライム（内国株式）,電気機器
6951,2026-10-02,7701.0,-0.0165,0.0102,0.0925,0.0245,0.1051,0.0088,7155.14,7488.055,True,0.0763,0.8393,9175.8261,4338.7179,0.0322,20.9501,770100.0,0.8458,0.4641,日本電子,プライム（内国株式）,電気機器
6952,2026-10-02,2174.0,-0.0107,-0.0125,-0.1373,0.1654,-0.1247,0.1497,2228.28,2074.2333,True,-0.0244,0.8573,2536.0,1167.7538,0.0289,35.9824,217400.0,0.8777,0.2182,カシオ計算機,プライム（内国株式）,電気機器
6954,2026-10-02,6075.0,-0.0085,0.015,0.0144,-0.1834,0.027,-0.199,5909.0,6533.44,False,0.0281,0.6841,8880.0,4056.1271,0.0245,274.4079,607500.0,0.7611,0.2624,ファナック,プライム（内国株式）,電気機器
6955,2026-10-02,405.0,0.0,-0.0074,-0.0493,-0.1615,-0.0367,-0.1772,408.96,429.7333,False,-0.0097,0.6009,674.0,340.0,0.0178,0.1799,40500.0,0.3917,0.1941,ＦＤＫ,スタンダード（内国株式）,電気機器
6958,2026-10-02,788.0,-0.0125,-0.0088,0.0013,0.1885,0.0139,0.1729,766.84,709.7467,True,0.0276,0.9575,823.0,323.3478,0.0341,5.3034,78800.0,0.7094,0.3426,日本シイエムケイ,プライム（内国株式）,電気機器
6960,2026-10-02,11630.0,-0.0152,-0.0278,-0.059,0.0239,-0.0464,0.0082,11815.4357,11478.9136,True,-0.0157,0.9403,12368.8912,6404.43,0.022,7.8346,1163000.0,1.4444,0.2276,フクダ電子,スタンダード（内国株式）,電気機器
6961,2026-10-02,10740.0,0.0028,0.0898,0.0811,-0.1888,0.0937,-0.2044,9940.2998,11300.4354,False,0.0805,0.5997,17907.6454,5346.1487,0.0439,12.6821,1074000.0,0.7644,0.3253,エンプラス,プライム（内国株式）,電気機器
6962,2026-10-02,880.0,-0.0056,0.0624,0.1663,-0.0544,0.1789,-0.07,790.3852,810.8434,False,0.1134,0.7314,1203.0907,510.6737,0.0456,2.7214,88000.0,0.6754,0.2915,大真空,プライム（内国株式）,電気機器
6963,2026-10-02,5228.0,0.0241,0.091,0.0661,-0.1213,0.0787,-0.137,4801.68,4933.0267,False,0.0888,0.8572,6099.0,1934.9397,0.0387,146.4446,522800.0,0.7373,0.3896,ローム,プライム（内国株式）,電気機器
6964,2026-10-02,694.0,-0.0014,0.0058,-0.0086,0.0327,0.0041,0.0171,692.84,684.4533,True,0.0017,0.9417,737.0,545.7101,0.0089,0.0313,69400.0,0.9981,0.3093,サンコー,スタンダード（内国株式）,電気機器
6965,2026-10-02,2389.0,-0.0062,0.0283,0.0257,-0.0975,0.0383,-0.1131,2280.1892,2409.5203,False,0.0477,0.7771,3074.4468,1461.7761,0.0279,48.5155,238900.0,0.7211,0.4251,浜松ホトニクス,プライム（内国株式）,電気機器
6966,2026-10-02,904.0,-0.0248,0.0261,-0.0434,-0.1686,-0.0308,-0.1843,907.08,953.6862,True,-0.0034,0.6704,1348.459,556.0656,0.0445,30.7934,90400.0,0.8959,0.194,三井ハイテック,プライム（内国株式）,電気機器
6969,2026-10-02,1178.0,0.103,0.1663,0.1617,-0.1176,0.1744,-0.1333,1015.92,1160.3467,False,0.1595,0.4973,2369.0,715.0,0.0331,0.3447,117800.0,0.6218,0.6,松尾電機,スタンダード（内国株式）,電気機器
6971,2026-10-02,3668.0,-0.0161,-0.0181,0.0131,-0.0562,0.0258,-0.0719,3568.976,3637.4091,True,0.0277,0.9196,3988.6106,1901.0292,0.0287,175.5561,366800.0,0.9929,0.2798,京セラ,プライム（内国株式）,電気機器
6976,2026-10-02,10095.0,-0.0005,0.1076,0.0929,-0.5066,0.1055,-0.5222,9191.5722,12173.4578,False,0.0983,0.4216,23945.9049,3041.1658,0.059,2646.244,1009500.0,1.1041,0.2319,太陽誘電,プライム（内国株式）,電気機器
6977,2026-10-02,1895.0,0.0,0.0011,0.3326,0.1726,0.3453,0.157,1550.48,1513.2121,True,0.2222,0.8355,2268.0,819.1633,0.0323,0.7816,189500.0,4.1899,1.0467,日本抵抗器製作所,スタンダード（内国株式）,電気機器
6981,2026-10-02,8467.0,-0.0054,0.0601,0.1666,-0.2325,0.1792,-0.2481,7500.6005,8437.0055,False,0.1288,0.6595,12838.6121,2573.129,0.0481,1598.6399,846700.0,0.8271,0.2954,村田製作所,プライム（内国株式）,電気機器
6982,2026-10-02,577.0,-0.0017,-0.0017,-0.0052,-0.0204,0.0075,-0.036,579.68,587.56,False,-0.0046,0.8633,668.3406,526.6013,0.0134,0.0049,57700.0,1.1574,0.35,リード,スタンダード（内国株式）,輸送用機器
6986,2026-10-02,704.0,-0.0422,-0.1383,-0.0916,0.2096,-0.079,0.194,761.88,657.6933,True,-0.076,0.8502,828.0,527.0,0.0548,4.1107,70400.0,1.3928,0.3215,双葉電子工業,プライム（内国株式）,電気機器
6988,2026-10-02,3506.0,-0.0031,-0.0027,-0.0116,0.0983,0.001,0.0826,3374.14,3312.683,True,0.0391,0.8782,3992.126,2855.9713,0.0225,104.8812,350600.0,1.1096,0.3953,日東電工,プライム（内国株式）,化学
6989,2026-10-02,2328.0,-0.0231,-0.0269,-0.0372,-0.1363,-0.0245,-0.152,2351.0793,2402.8786,True,-0.0098,0.8003,2908.8403,2003.0255,0.0217,0.244,232800.0,1.4019,0.3645,北陸電気工業,スタンダード（内国株式）,電気機器
6993,2026-10-02,90.0,-0.0217,0.0,0.0345,0.0714,0.0471,0.0558,88.16,89.56,False,0.0209,0.4663,193.0,30.0,0.0365,1.6426,9000.0,0.4017,0.2435,大黒屋ホールディングス,スタンダード（内国株式）,小売業
6994,2026-10-02,1360.0,0.0164,0.1265,0.1377,0.072,0.1503,0.0563,1191.0201,1164.7653,True,0.1419,0.8941,1521.0162,481.5193,0.0346,1.3987,136000.0,0.6192,0.5464,指月電機製作所,スタンダード（内国株式）,電気機器
6995,2026-10-02,3015.0,-0.0195,-0.0336,-0.0588,-0.0006,-0.0461,-0.0163,3089.4498,3037.0649,True,-0.0241,0.8921,3379.7949,2434.8046,0.0192,4.2656,301500.0,1.0597,0.3347,東海理化電機製作所,プライム（内国株式）,輸送用機器
6996,2026-10-02,2656.0,-0.0082,0.0248,-0.0195,-0.3967,-0.0069,-0.4124,2594.0605,3144.1291,False,0.0239,0.5389,4928.4219,1191.7706,0.0382,22.5218,265600.0,0.635,0.1692,ニチコン,プライム（内国株式）,電気機器
6997,2026-10-02,2343.0,-0.0429,-0.0988,-0.202,-0.5794,-0.1894,-0.595,2693.2,3510.5733,False,-0.13,0.3785,6190.0,1129.2504,0.0654,28.568,234300.0,1.0694,0.3679,日本ケミコン,プライム（内国株式）,電気機器
6998,2026-10-02,4120.0,0.011,-0.0183,0.1617,1.0019,0.1743,0.9862,3635.8371,2735.6331,True,0.1332,0.9692,4251.0743,1276.3253,0.0476,4.1089,412000.0,1.1001,0.3538,日本タングステン,スタンダード（内国株式）,電気機器
6999,2026-10-02,2391.0,0.0034,0.0621,0.0501,-0.1713,0.0628,-0.187,2220.5621,2429.635,False,0.0768,0.7404,3229.3933,1087.4296,0.0338,8.6372,239100.0,0.4099,0.377,ＫＯＡ,プライム（内国株式）,電気機器
7003,2026-10-02,4193.0,-0.0097,-0.0211,-0.0078,-0.0426,0.0049,-0.0583,4263.0933,4351.8219,False,-0.0164,0.5039,8320.9151,3724.3531,0.0366,78.5413,419300.0,0.6817,0.2831,三井Ｅ＆Ｓ,プライム（内国株式）,機械
7004,2026-10-02,1155.0,-0.0153,-0.0153,-0.0383,-0.127,-0.0257,-0.1427,1168.96,1229.4933,False,-0.0119,0.7624,1515.0,887.0435,0.0214,13.7972,115500.0,1.3784,0.2428,カナデビア,プライム（内国株式）,機械
7011,2026-10-02,3813.0,-0.0075,-0.018,-0.0076,0.0092,0.005,-0.0065,3816.0133,3857.6422,True,-0.0008,0.7369,5174.4984,3391.7364,0.0286,601.6743,381300.0,0.9056,0.2404,三菱重工業,プライム（内国株式）,機械
7012,2026-10-02,2350.0,-0.0009,-0.0159,-0.0607,-0.1597,-0.0481,-0.1753,2413.5449,2671.7836,False,-0.0263,0.6332,3711.022,1813.533,0.03,245.6098,235000.0,0.7151,0.2033,川崎重工業,プライム（内国株式）,輸送用機器
7013,2026-10-02,2707.5,-0.0015,-0.028,-0.0063,-0.0525,0.0063,-0.0682,2712.2685,2766.3134,True,-0.0018,0.5804,4665.164,2235.6963,0.0378,318.6684,270750.0,0.809,0.2991,ＩＨＩ,プライム（内国株式）,機械
7014,2026-10-02,4785.0,0.0106,-0.0133,0.0548,0.3229,0.0674,0.3072,4756.9951,4277.5482,True,0.0059,0.8012,5972.0777,2963.5416,0.0446,70.1148,478500.0,0.7857,0.2633,名村造船所,スタンダード（内国株式）,輸送用機器
7018,2026-10-02,13360.0,-0.0155,0.0121,0.0628,0.3387,0.0755,0.323,13119.6,11338.2667,True,0.0183,0.655,20397.3611,7219.5142,0.0503,3.7982,1336000.0,0.946,0.2053,内海造船,スタンダード（内国株式）,輸送用機器
7021,2026-10-02,2425.0,-0.0086,-0.0198,0.1049,0.3494,0.1175,0.3337,2294.5515,2046.6997,True,0.0569,0.7555,3209.5863,1735.524,0.0272,0.0361,242500.0,1.218,0.3831,ニッチツ,スタンダード（内国株式）,機械
7022,2026-10-02,341.0,-0.0285,-0.0501,0.086,0.3166,0.0986,0.3009,341.88,305.2267,True,-0.0026,0.6103,558.7795,233.0,0.0335,0.2462,34100.0,0.7201,0.3412,サノヤスホールディングス,スタンダード（内国株式）,機械
7030,2026-10-02,969.0,-0.0041,0.0158,0.0034,-0.0195,0.0161,-0.0351,954.5569,996.6301,False,0.0151,0.6887,1407.0588,924.5098,0.0132,0.2485,96900.0,2.3576,0.3271,スプリックス,スタンダード（内国株式）,サービス業
7033,2026-10-02,1529.0,-0.0091,-0.039,-0.0648,0.1234,-0.0522,0.1078,1589.24,1477.44,True,-0.0379,0.8767,1744.0,1209.0,0.0216,1.2159,152900.0,1.0652,0.2873,マネジメントソリューションズ,プライム（内国株式）,サービス業
7034,2026-10-02,305.0,-0.0161,-0.0348,-0.136,-0.1134,-0.1234,-0.129,331.24,351.76,False,-0.0792,0.4559,669.0,305.0,0.0311,0.0893,30500.0,0.7583,0.1789,プロレド・パートナーズ,プライム（内国株式）,サービス業
7035,2026-10-02,222.0,0.0045,0.0183,-0.0513,-0.1048,-0.0387,-0.1205,230.44,242.48,False,-0.0366,0.6549,339.0,201.0,0.0685,0.5705,22200.0,2.5246,0.493,ａｎｄ　ｆａｃｔｏｒｙ,スタンダード（内国株式）,サービス業
7036,2026-10-02,650.0,0.0046,-0.0269,-0.0385,0.0317,-0.0258,0.0161,666.24,645.8133,False,-0.0244,0.5118,1270.0,585.0,0.0084,0.011,65000.0,1.0018,0.4053,イーエムネットジャパン,グロース（内国株式）,サービス業
7037,2026-10-02,798.0,-0.0013,0.0025,-0.0209,-0.0534,-0.0082,-0.0691,804.16,837.68,False,-0.0077,0.6152,1297.2434,749.0567,0.0101,0.0876,79800.0,1.2419,0.2602,テノ．ホールディングス,スタンダード（内国株式）,サービス業
7038,2026-10-02,571.0,-0.0189,-0.0206,-0.0338,0.0439,-0.0212,0.0282,582.6,574.0133,True,-0.0199,0.7706,741.0,526.0,0.0176,0.1075,57100.0,1.1897,0.2482,フロンティア・マネジメント,プライム（内国株式）,サービス業
7039,2026-10-02,1338.0,-0.0052,-0.0059,-0.0409,-0.2064,-0.0282,-0.2221,1361.16,1554.7419,False,-0.017,0.6595,2028.8843,1320.0,0.0102,0.1452,133800.0,0.5966,0.3518,ブリッジインターナショナルグループ,グロース（内国株式）,サービス業
7040,2026-10-02,956.0,-0.0073,0.0041,-0.0011,0.0188,0.0115,0.0031,956.7702,954.7456,False,-0.0008,0.7623,1254.0725,896.1148,0.0061,0.0092,95600.0,0.8932,0.5071,サン・ライフホールディング,スタンダード（内国株式）,サービス業
7041,2026-10-02,324.0,-0.0241,-0.0351,-0.0596,-0.0543,-0.047,-0.07,337.59,325.5256,True,-0.0403,0.8514,380.5579,233.5905,0.029,0.0296,32400.0,1.4744,0.181,ＣＲＧホールディングス,グロース（内国株式）,サービス業
7042,2026-10-02,678.0,-0.0131,0.0135,-0.0216,0.0627,-0.009,0.047,683.36,664.2533,True,-0.0078,0.7316,926.7626,536.5467,0.0309,0.0237,67800.0,0.7392,0.258,アクセスグループ・ホールディングス,スタンダード（内国株式）,サービス業
7043,2026-10-02,944.0,0.0,0.0011,0.0075,0.014,0.0201,-0.0017,941.08,919.9333,True,0.0031,0.7677,1229.6754,777.0,0.0134,0.0156,94400.0,0.7566,0.2136,アルー,グロース（内国株式）,サービス業
7044,2026-10-02,614.0,-0.0144,0.183,0.183,0.2954,0.1957,0.2797,527.88,511.4,True,0.1631,0.9205,667.0,462.0,0.0289,0.1287,61400.0,2.4744,0.6097,ピアラ,スタンダード（内国株式）,サービス業
7046,2026-10-02,1320.0,0.0061,0.0154,-0.0351,0.0154,-0.0225,-0.0003,1335.6,1315.64,True,-0.0117,0.7557,1746.8165,1200.0,0.0219,0.0345,132000.0,1.647,0.3422,ＴＤＳＥ,グロース（内国株式）,サービス業
7047,2026-10-02,2120.0,-0.023,-0.0185,-0.0463,-0.1167,-0.0337,-0.1323,2172.16,2302.92,False,-0.024,0.7656,2769.0,1750.7693,0.0277,2.6741,212000.0,0.5956,0.2163,ポート,グロース（内国株式）,サービス業
7048,2026-10-02,143.0,-0.0338,-0.0138,-0.0833,-0.1686,-0.0707,-0.1843,154.08,158.2667,True,-0.0719,0.5219,274.0,115.0,0.036,0.2464,14300.0,0.8102,0.3694,ベルトラ,グロース（内国株式）,サービス業
7049,2026-10-02,761.0,-0.0052,-0.0231,-0.0593,-0.1362,-0.0467,-0.1519,792.16,834.3467,False,-0.0393,0.7483,1017.0,744.0,0.0084,0.1239,76100.0,0.8007,0.3775,識学,グロース（内国株式）,サービス業
7050,2026-10-02,1459.0,-0.0108,-0.0458,-0.0088,0.0953,0.0038,0.0797,1461.36,1386.0933,True,-0.0016,0.8807,1656.5752,1047.3706,0.0303,0.2451,145900.0,1.3607,0.2832,フロンティアインターナショナル,グロース（内国株式）,サービス業
7058,2026-10-02,3050.0,0.0083,0.0016,0.0221,0.015,0.0347,-0.0006,3013.6,2990.3847,True,0.0121,0.9597,3178.1538,2559.8586,0.0156,0.0379,305000.0,0.5301,0.2582,共栄セキュリティーサービス,スタンダード（内国株式）,サービス業
7059,2026-10-02,953.0,-0.0165,-0.0134,0.0246,0.2066,0.0372,0.1909,932.1736,849.1971,True,0.0223,0.8216,1159.9963,712.2513,0.0238,1.1153,95300.0,1.1423,0.273,コプロ・ホールディングス,プライム（内国株式）,サービス業
7060,2026-10-02,596.0,-0.0067,0.0004,0.0037,0.0449,0.0163,0.0292,581.7168,580.8931,True,0.0246,0.9478,628.8295,459.3844,0.0207,0.0858,59600.0,1.4803,0.3591,ギークス,スタンダード（内国株式）,サービス業
7061,2026-10-02,475.0,-0.0246,-0.0166,-0.0125,-0.1838,0.0001,-0.1995,486.24,528.3867,False,-0.0231,0.3081,1541.8405,465.0,0.0296,0.4337,47500.0,0.5335,0.199,日本ホスピスホールディングス,グロース（内国株式）,サービス業
7062,2026-10-02,692.0,0.0,-0.0014,-0.0114,-0.1001,0.0012,-0.1158,688.76,737.72,False,0.0047,0.753,919.0,670.0,0.0081,0.0163,69200.0,0.5169,0.4128,フレアス,グロース（内国株式）,サービス業
7063,2026-10-02,55.0,-0.0179,-0.1538,-0.3605,-0.3605,-0.3478,-0.3761,74.08,83.88,False,-0.2576,0.2,275.0,54.0,0.1078,0.5842,5500.0,1.2786,0.4217,Ｂｉｒｄｍａｎ,グロース（内国株式）,サービス業
7064,2026-10-02,1000.0,-0.0215,-0.0215,0.0471,0.1696,0.0597,0.1539,986.2,901.6533,True,0.014,0.6667,1500.0,752.0,0.0449,0.0717,100000.0,0.5797,0.2051,ハウテレビジョン,スタンダード（内国株式）,サービス業
7065,2026-10-02,953.0,-0.0135,0.0106,-0.0499,-0.0761,-0.0372,-0.0918,963.5453,964.988,True,-0.0109,0.8343,1142.2928,666.498,0.0172,0.084,95300.0,0.3693,0.2996,ユーピーアール,スタンダード（内国株式）,サービス業
7066,2026-10-02,434.0,0.0,-0.0116,0.0556,0.0809,0.0682,0.0652,435.0079,419.2443,True,-0.0023,0.5398,804.0065,349.5262,0.0197,0.1048,43400.0,0.577,0.2924,ピアズ,グロース（内国株式）,サービス業
7067,2026-10-02,1090.0,0.0093,0.0381,0.0481,0.1402,0.0607,0.1245,1054.92,1019.0533,True,0.0333,0.7244,1504.7848,904.0,0.0105,0.0054,109000.0,0.1843,0.35,ブランディングテクノロジー,グロース（内国株式）,サービス業
7068,2026-10-02,560.0,-0.0193,-0.0894,-0.1026,0.0127,-0.0899,-0.003,600.76,560.2667,True,-0.0678,0.7058,793.4356,447.0,0.0296,0.3998,56000.0,1.6715,0.5069,フィードフォースグループ,グロース（内国株式）,サービス業
7069,2026-10-02,470.0,-0.0269,-0.0656,-0.1376,-0.3454,-0.125,-0.3611,515.36,600.28,False,-0.088,0.5957,789.0,350.0,0.0366,0.0977,47000.0,0.7089,0.2905,サイバー・バズ,グロース（内国株式）,サービス業
7071,2026-10-02,382.0,-0.028,-0.0255,-0.0518,0.0749,-0.0392,0.0593,394.6525,376.4914,True,-0.0321,0.5725,667.1919,315.7778,0.0344,1.1095,38200.0,1.1179,0.3043,アンビスホールディングス,プライム（内国株式）,サービス業
7072,2026-10-02,1083.0,-0.0243,0.0028,-0.0583,0.0895,-0.0456,0.0739,1107.72,1068.84,True,-0.0223,0.6228,1739.0,823.0,0.0234,0.0463,108300.0,0.6661,0.347,インティメート・マージャー,グロース（内国株式）,サービス業
7073,2026-10-02,2390.0,-0.0083,0.0017,-0.0025,-0.0375,0.0101,-0.0531,2337.64,2336.7867,True,0.0224,0.8552,2794.7285,1915.0,0.016,0.0301,239000.0,0.9646,0.3723,ジェイック,グロース（内国株式）,サービス業
7074,2026-10-02,187.0,-0.0106,-0.0053,-0.0361,0.1198,-0.0235,0.1041,188.56,183.28,True,-0.0083,0.5937,315.0,163.0,0.0264,0.0095,18700.0,0.7135,0.2841,トゥエンティーフォーセブンホールディングス,グロース（内国株式）,サービス業
7075,2026-10-02,1000.0,-0.004,0.005,0.0764,0.2453,0.089,0.2297,978.12,870.48,True,0.0224,0.8937,1119.0,713.0754,0.0463,0.2524,100000.0,1.367,0.2355,ＱＬＳホールディングス,グロース（内国株式）,サービス業
7077,2026-10-02,996.0,0.0,0.0081,0.0101,-0.003,0.0228,-0.0187,990.56,999.28,True,0.0055,0.8973,1110.0,939.0,0.0095,0.0113,99600.0,0.605,0.2105,ＡＬｉＮＫインターネット,グロース（内国株式）,サービス業
7078,2026-10-02,340.0,0.0119,-0.0258,-0.0556,-0.0529,-0.0429,-0.0686,346.08,347.24,False,-0.0176,0.6706,507.0,330.0,0.021,0.0398,34000.0,0.5197,0.266,ＩＮＣＬＵＳＩＶＥ　Ｈｏｌｄｉｎｇｓ,グロース（内国株式）,サービス業
7080,2026-10-02,896.0,-0.0022,-0.0067,-0.0044,0.1242,0.0082,0.1085,883.12,837.3333,True,0.0146,0.9247,969.0,731.5776,0.0171,0.127,89600.0,0.827,0.2409,スポーツフィールド,グロース（内国株式）,サービス業
7081,2026-10-02,1290.0,-0.0031,0.0039,-0.013,-0.0293,-0.0004,-0.045,1291.6,1307.9842,False,-0.0012,0.893,1444.579,1105.0786,0.0106,0.0484,129000.0,1.2659,0.1823,コーユーレンティア,スタンダード（内国株式）,サービス業
7083,2026-10-02,1320.0,0.0092,0.1292,0.2011,0.3415,0.2137,0.3258,1148.44,1063.68,True,0.1494,0.9851,1340.0,700.0,0.024,0.0488,132000.0,1.2012,0.6731,ＡＨＣグループ,グロース（内国株式）,サービス業
7084,2026-10-02,2828.0,-0.0056,0.024,0.0065,0.0425,0.0191,0.0269,2806.6658,2737.5416,True,0.0076,0.8134,3476.5778,1821.4835,0.0346,0.1992,282800.0,1.8009,0.189,Ｓｍｉｌｅ　Ｈｏｌｄｉｎｇｓ,グロース（内国株式）,サービス業
7085,2026-10-02,895.0,-0.0165,-0.0033,-0.0559,-0.0054,-0.0433,-0.0211,905.2317,911.4383,True,-0.0113,0.9122,981.125,692.141,0.0176,2.6993,89500.0,0.5266,0.2482,カーブスホールディングス,プライム（内国株式）,サービス業
7087,2026-10-02,1355.0,-0.0051,-0.0197,-0.028,0.0396,-0.0154,0.0239,1391.9108,1348.7552,True,-0.0265,0.9306,1456.0176,1160.9443,0.0129,0.1033,135500.0,2.3292,0.3631,ウイルテック,スタンダード（内国株式）,サービス業
7089,2026-10-02,1406.0,0.0115,-0.0133,-0.0828,-0.0941,-0.0702,-0.1097,1433.68,1528.32,False,-0.0193,0.8025,1752.0,857.0,0.0272,0.2357,140600.0,0.4316,0.3082,フォースタートアップス,グロース（内国株式）,サービス業
7090,2026-10-02,912.0,0.0066,-0.0579,-0.0108,0.2291,0.0018,0.2134,944.16,857.6133,True,-0.0341,0.5349,1705.0,703.0,0.0201,0.0175,91200.0,1.6253,0.5523,リグア,グロース（内国株式）,サービス業
7091,2026-10-02,1193.0,-0.0025,-0.0996,-0.0752,-0.0173,-0.0626,-0.033,1268.28,1235.56,True,-0.0594,0.8772,1360.0,923.1083,0.0262,0.3338,119300.0,3.0224,0.535,リビングプラットフォーム,グロース（内国株式）,サービス業
7093,2026-10-02,615.0,0.0182,0.0302,0.0216,0.2424,0.0342,0.2268,595.76,546.88,True,0.0323,0.6721,915.0,464.0,0.0275,0.0308,61500.0,1.5283,0.5021,アディッシュ,グロース（内国株式）,サービス業
7094,2026-10-02,1791.0,-0.0159,-0.0213,-0.0507,0.2787,-0.0381,0.2631,1842.0142,1591.8629,True,-0.0277,0.7642,2343.5311,1236.5871,0.0263,0.8582,179100.0,0.5765,0.2368,ＮｅｘＴｏｎｅ,グロース（内国株式）,サービス業
7095,2026-10-02,1121.0,-0.0235,-0.021,-0.1187,0.0145,-0.1061,-0.0012,1202.0,1171.6667,True,-0.0674,0.4992,2245.6575,976.0,0.0282,0.7707,112100.0,0.8045,0.19,Ｍａｃｂｅｅ　Ｐｌａｎｅｔ,プライム（内国株式）,サービス業
7096,2026-10-02,742.0,-0.004,0.0041,-0.0364,0.0013,-0.0237,-0.0143,749.36,738.04,True,-0.0098,0.7602,976.0,627.0,0.0173,0.0325,74200.0,1.3223,0.3967,ステムセル研究所,グロース（内国株式）,サービス業
7097,2026-10-02,2767.0,-0.0139,-0.004,-0.0014,-0.0749,0.0112,-0.0905,2754.04,2837.6554,False,0.0047,0.8336,3319.3712,2368.1486,0.0125,0.1571,276700.0,0.9735,0.3789,さくらさくプラス,グロース（内国株式）,サービス業
7102,2026-10-02,3530.0,-0.0167,-0.0382,-0.0408,0.0885,-0.0281,0.0728,3602.8223,3486.5468,True,-0.0202,0.8088,4364.7464,2617.8615,0.0214,1.1619,353000.0,0.8223,0.2503,日本車輌製造,プライム（内国株式）,輸送用機器
7110,2026-10-02,1885.0,0.0005,-0.0131,-0.0755,-0.0398,-0.0629,-0.0555,1975.64,1984.5171,False,-0.0459,0.7905,2384.5239,1860.0,0.0209,0.1496,188500.0,1.6506,0.1956,クラシコム,グロース（内国株式）,小売業
7111,2026-10-02,589.0,0.0086,0.0768,0.0948,0.3571,0.1074,0.3415,533.0,489.9067,True,0.1051,0.7012,840.0,404.0,0.0235,0.0548,58900.0,1.4009,0.6351,ＩＮＥＳＴ,スタンダード（内国株式）,卸売業
7112,2026-10-02,564.0,-0.007,-0.0123,-0.1943,-0.2068,-0.1817,-0.2224,653.24,686.7867,False,-0.1366,0.5691,991.0,550.0,0.028,0.067,56400.0,3.9458,0.8869,キューブ,グロース（内国株式）,小売業
7114,2026-10-02,812.0,0.0112,-0.0264,0.0424,0.1341,0.055,0.1184,794.4,765.6,True,0.0222,0.8136,998.0,680.0,0.0219,0.0217,81200.0,1.3358,0.4835,フーディソン,グロース（内国株式）,卸売業
7115,2026-10-02,1427.0,-0.0179,-0.0293,-0.0442,-0.1081,-0.0316,-0.1238,1476.28,1538.32,False,-0.0334,0.4152,3436.8024,1380.0,0.0199,0.0908,142700.0,0.591,0.3526,アルファパーチェス,スタンダード（内国株式）,卸売業
7119,2026-10-02,1895.0,-0.0047,-0.0774,0.02,0.139,0.0326,0.1234,1963.3896,1763.8772,True,-0.0348,0.8313,2279.6721,1203.7927,0.0423,0.6759,189500.0,2.8637,0.4968,ハルメクホールディングス,グロース（内国株式）,小売業
7120,2026-10-02,985.0,-0.0061,-0.016,-0.016,-0.0655,-0.0034,-0.0811,998.92,1022.7733,True,-0.0139,0.8779,1122.0,745.423,0.0125,0.1629,98500.0,1.228,0.2605,ＳＨＩＮＫＯ,スタンダード（内国株式）,卸売業
7122,2026-10-02,2426.0,0.0108,-0.0074,-0.0037,0.0134,0.0089,-0.0023,2417.32,2384.2667,True,0.0036,0.9665,2510.0,2075.0,0.0167,0.0793,242600.0,1.341,0.279,近畿車輛,スタンダード（内国株式）,輸送用機器
7126,2026-10-02,1458.0,0.0048,-0.0007,0.0139,-0.0186,0.0265,-0.0343,1441.0,1448.9162,False,0.0118,0.9608,1517.4888,1265.0557,0.0124,0.0324,145800.0,0.2459,0.2591,グローバルスタイル,スタンダード（内国株式）,小売業
7127,2026-10-02,689.0,-0.0014,-0.0323,-0.0282,-0.0171,-0.0156,-0.0328,705.96,701.4133,True,-0.024,0.9517,724.0,650.0,0.0098,0.0713,68900.0,1.864,0.5011,一家ホールディングス,スタンダード（内国株式）,小売業
7128,2026-10-02,2922.0,-0.0014,0.0132,0.0695,0.3367,0.0822,0.321,2827.0,2635.5625,True,0.0336,0.9596,3045.0,1966.9672,0.0182,2.3084,292200.0,0.6219,0.2593,ユニソルホールディングス,プライム（内国株式）,卸売業
7129,2026-10-02,1129.0,0.0009,-0.0157,-0.0242,-0.0063,-0.0115,-0.022,1157.1436,1141.1892,True,-0.0243,0.9522,1185.6206,1058.4234,0.0147,0.0314,112900.0,1.911,0.3777,ミアヘルサホールディングス,スタンダード（内国株式）,小売業
7130,2026-10-02,2635.0,-0.0327,-0.0603,-0.08,-0.1137,-0.0673,-0.1294,2810.24,2879.3067,False,-0.0624,0.8339,3160.0,2251.9209,0.0173,2.1534,263500.0,1.1395,0.4915,ヤマエグループホールディングス,プライム（内国株式）,卸売業
7131,2026-10-02,3750.0,-0.0145,-0.0066,0.0232,0.0417,0.0358,0.026,3737.2,3632.0,True,0.0034,0.8427,4450.0,2562.0,0.027,0.1996,375000.0,1.2967,0.1972,のむら産業,スタンダード（内国株式）,卸売業
7133,2026-10-02,2104.0,0.0005,0.569,0.621,0.887,0.6336,0.8713,1452.28,1271.1867,True,0.4488,0.9995,2105.0,836.0,0.032,1.0867,210400.0,5.1037,1.1701,ＨＹＵＧＡ　ＰＲＩＭＡＲＹ　ＣＡＲＥ,グロース（内国株式）,小売業
7134,2026-10-02,1415.0,-0.0084,-0.0119,0.0217,0.1356,0.0343,0.12,1408.76,1358.1067,True,0.0044,0.9334,1516.0,956.8807,0.0284,0.1359,141500.0,0.731,0.1619,アップガレージグループ,スタンダード（内国株式）,小売業
7135,2026-10-02,170.0,-0.0058,-0.0058,-0.0608,-0.2202,-0.0482,-0.2359,177.4,200.2396,False,-0.0417,0.718,236.7568,170.0,0.013,0.0523,17000.0,1.2515,0.5419,ジャパンクラフトホールディングス,スタンダード（内国株式）,小売業
7138,2026-10-02,148.0,-0.0327,-0.0864,-0.1494,0.1298,-0.1368,0.1141,153.52,140.7067,True,-0.036,0.261,567.0,119.0,0.0796,1.3045,14800.0,0.5774,0.3564,ＴＯＲＩＣＯ,グロース（内国株式）,小売業
7140,2026-10-02,798.0,0.0025,-0.0025,-0.005,-0.0087,0.0076,-0.0244,800.36,810.5733,False,-0.0029,0.8143,980.0,735.0,0.0059,0.0086,79800.0,0.5085,0.3606,ペットゴー,グロース（内国株式）,小売業
7148,2026-10-02,1605.0,-0.0177,-0.0352,-0.0464,0.0664,-0.0337,0.0508,1649.2861,1577.361,True,-0.0269,0.6948,2309.9223,1427.1667,0.0201,10.2817,160500.0,1.3556,0.2902,ＦＰＧ,プライム（内国株式）,証券、商品先物取引業
7150,2026-10-02,506.0,-0.0078,-0.0156,-0.0574,0.06,-0.0447,0.0443,517.9639,495.0446,True,-0.0231,0.7165,706.2335,454.5865,0.0252,0.0959,50600.0,0.5004,0.1723,島根銀行,スタンダード（内国株式）,銀行業
7157,2026-10-02,1461.0,-0.0095,0.0325,0.0125,-0.1086,0.0251,-0.1243,1439.28,1561.9467,False,0.0151,0.6178,2365.0,1362.0,0.0258,4.0825,146100.0,1.1033,0.2258,ライフネット生命保険,プライム（内国株式）,保険業
7161,2026-10-02,675.0,-0.0088,0.0181,0.146,0.3287,0.1586,0.3131,622.0,552.4667,True,0.0852,0.9534,708.0,361.2831,0.0402,1.1139,67500.0,1.6921,0.3168,じもとホールディングス,スタンダード（内国株式）,銀行業
7162,2026-10-02,293.0,0.0,0.0069,0.054,0.1098,0.0666,0.0942,289.04,272.6533,False,0.0137,0.5645,519.0,191.0526,0.0271,0.3064,29300.0,0.2733,0.3153,アストマックス,スタンダード（内国株式）,電気・ガス業
7164,2026-10-02,2990.0,-0.0219,-0.0348,-0.0572,-0.0141,-0.0446,-0.0298,3107.1091,3046.2297,True,-0.0377,0.9125,3276.5715,2735.6337,0.0124,9.5723,299000.0,0.9676,0.4024,全国保証,プライム（内国株式）,その他金融業
7167,2026-10-02,1660.0,-0.0204,-0.0279,-0.0202,0.1142,-0.0076,0.0985,1671.2967,1555.1703,True,-0.0068,0.959,1731.0,849.745,0.0282,51.2652,166000.0,1.1549,0.237,めぶきフィナンシャルグループ,プライム（内国株式）,銀行業
7172,2026-10-02,2108.0,-0.0126,-0.0245,-0.0024,0.0174,0.0103,0.0017,2116.4,2080.7109,True,-0.004,0.8672,2430.7608,1686.2318,0.0147,2.9693,210800.0,0.644,0.3298,ジャパンインベストメントアドバイザー,プライム（内国株式）,証券、商品先物取引業
7173,2026-10-02,1684.0,-0.0146,-0.0496,-0.0206,-0.0554,-0.0079,-0.0711,1693.794,1696.2364,True,-0.0058,0.8845,1903.8021,849.9919,0.028,20.084,168400.0,1.0299,0.2759,東京きらぼしフィナンシャルグループ,プライム（内国株式）,銀行業
7175,2026-10-02,1977.0,-0.0403,-0.0639,0.0237,0.4328,0.0363,0.4171,1984.5355,1684.6136,True,-0.0038,0.9061,2181.8308,1006.7793,0.0403,0.3146,197700.0,1.622,0.3145,今村証券,スタンダード（内国株式）,証券、商品先物取引業
7177,2026-10-02,1150.0,-0.0246,-0.017,-0.0397,0.1311,-0.0271,0.1154,1163.0713,1077.1873,True,-0.0112,0.9363,1228.1926,819.7898,0.02,2.4879,115000.0,0.9596,0.275,ＧＭＯフィナンシャルホールディングス,スタンダード（内国株式）,証券、商品先物取引業
7180,2026-10-02,1696.0,-0.0125,-0.0174,0.0751,0.1337,0.0877,0.118,1618.0594,1533.0258,True,0.0482,0.9582,1770.0,795.4173,0.0321,24.0357,169600.0,1.3582,0.3394,九州フィナンシャルグループ,プライム（内国株式）,銀行業
7181,2026-10-02,1695.0,-0.0165,-0.0599,-0.0021,0.0654,0.0105,0.0497,1724.8097,1654.9526,True,-0.0173,0.9319,1818.8774,1258.65,0.0243,40.888,169500.0,1.0544,0.3054,かんぽ生命保険,プライム（内国株式）,保険業
7182,2026-10-02,3395.0,-0.0134,0.0137,-0.0053,0.0511,0.0073,0.0354,3333.64,3254.5733,True,0.0184,0.965,3518.0,1612.48,0.0286,207.7544,339500.0,1.0754,0.3351,ゆうちょ銀行,プライム（内国株式）,銀行業
7183,2026-10-02,255.0,0.0,0.0039,0.0,0.0039,0.0126,-0.0117,254.2,254.3467,False,0.0031,0.9922,257.0,142.0,0.0025,0.0879,25500.0,0.7442,0.1556,あんしん保証,スタンダード（内国株式）,その他金融業
7184,2026-10-02,3640.0,0.0014,0.0032,0.0878,0.3765,0.1004,0.3609,3437.6283,3020.6445,True,0.0589,0.9681,3760.0,1200.2622,0.0405,6.8546,364000.0,1.083,0.247,富山第一銀行,プライム（内国株式）,銀行業
7185,2026-10-02,3600.0,-0.0083,-0.0746,-0.0828,-0.071,-0.0702,-0.0866,3874.2,3865.6667,True,-0.0708,0.8862,4062.4216,3379.5784,0.0123,0.473,360000.0,2.7968,0.7339,ヒロセ通商,スタンダード（内国株式）,証券、商品先物取引業
7186,2026-10-02,1886.0,-0.0198,-0.0112,-0.0241,0.033,-0.0115,0.0173,1891.167,1845.6842,True,-0.0027,0.9566,1971.5581,1027.1887,0.0284,81.8487,188600.0,1.2392,0.2223,横浜フィナンシャルグループ,プライム（内国株式）,銀行業
7187,2026-10-02,1304.0,-0.0106,-0.0069,-0.0307,-0.0193,-0.018,-0.0349,1317.1089,1317.3026,True,-0.01,0.8184,1593.4146,1168.306,0.0127,0.7772,130400.0,1.1452,0.2178,ジェイリース,プライム（内国株式）,その他金融業
7189,2026-10-02,4872.0,-0.0144,-0.04,0.0057,0.1537,0.0183,0.138,4862.2404,4494.9536,True,0.002,0.9519,5118.0,2244.2613,0.0293,24.0072,487200.0,1.2039,0.229,西日本フィナンシャルホールディングス,プライム（内国株式）,銀行業
7191,2026-10-02,1150.0,-0.0154,-0.0322,0.0051,0.0829,0.0177,0.0673,1155.0762,1110.3204,True,-0.0044,0.9606,1197.1131,971.4009,0.018,0.2504,115000.0,0.9903,0.2463,イントラスト,スタンダード（内国株式）,その他金融業
7192,2026-10-02,678.0,-0.016,-0.0609,0.066,0.169,0.0787,0.1533,682.2,622.72,True,-0.0062,0.93,729.0,414.1524,0.0245,0.5863,67800.0,1.0519,0.2704,日本モーゲージサービス,スタンダード（内国株式）,その他金融業
7196,2026-10-02,746.0,-0.0013,-0.0067,0.0027,-0.0533,0.0153,-0.069,746.48,760.36,False,-0.0006,0.9384,795.0,691.8233,0.0098,0.0678,74600.0,0.5027,0.1784,Ｃａｓａ,スタンダード（内国株式）,その他金融業
7198,2026-10-02,786.0,-0.0063,-0.0439,-0.0439,0.0191,-0.0313,0.0034,815.0601,797.3565,True,-0.0357,0.8676,905.9947,748.8462,0.0099,0.8808,78600.0,0.9416,0.5032,ＳＢＩアルヒ,プライム（内国株式）,その他金融業
7199,2026-10-02,2058.0,-0.0219,-0.012,-0.0049,-0.0235,0.0077,-0.0392,2069.1838,2049.2093,True,-0.0054,0.9226,2230.6331,1579.7123,0.0211,4.0379,205800.0,1.0358,0.219,プレミアグループ,プライム（内国株式）,その他金融業
7201,2026-10-02,281.0,-0.0497,-0.0671,-0.1708,-0.1025,-0.1582,-0.1182,310.26,320.6453,False,-0.0943,0.603,466.0,280.4,0.0245,123.7737,28100.0,1.2101,0.544,日産自動車,プライム（内国株式）,輸送用機器
7202,2026-10-02,2021.0,-0.0225,-0.0577,-0.1097,-0.1073,-0.097,-0.123,2148.6886,2205.8653,False,-0.0594,0.7195,2809.0274,1747.8498,0.0188,60.0664,202100.0,1.0676,0.4662,いすゞ自動車,プライム（内国株式）,輸送用機器
7203,2026-10-02,2856.5,-0.0234,-0.0282,-0.1042,0.0273,-0.0916,0.0116,2985.1605,2903.3082,True,-0.0431,0.7371,3875.3289,2641.031,0.0175,761.0226,285650.0,0.9935,0.3266,トヨタ自動車,プライム（内国株式）,輸送用機器
7208,2026-10-02,1295.0,0.0031,0.0151,-0.0057,0.0854,0.007,0.0697,1284.2523,1258.7072,True,0.0084,0.963,1344.6896,919.1132,0.0128,0.0197,129500.0,0.5098,0.2417,カネミツ,スタンダード（内国株式）,輸送用機器
7211,2026-10-02,337.3,-0.0288,-0.0705,-0.1451,0.0242,-0.1325,0.0085,363.0903,349.4427,True,-0.071,0.7578,445.1043,296.6692,0.0263,33.8609,33729.9988,0.7236,0.4614,三菱自動車工業,プライム（内国株式）,輸送用機器
7212,2026-10-02,719.0,-0.0151,-0.0109,-0.0371,0.0751,-0.0245,0.0594,729.3335,691.8991,True,-0.0142,0.8595,836.5788,596.7575,0.0175,0.1997,71900.0,0.9365,0.2122,エフテック,スタンダード（内国株式）,輸送用機器
7213,2026-10-02,642.0,-0.0183,-0.0389,-0.0641,0.049,-0.0515,0.0333,668.52,635.2933,True,-0.0397,0.9264,693.0,412.3,0.0201,0.1518,64200.0,1.1071,0.4022,レシップホールディングス,スタンダード（内国株式）,輸送用機器
7214,2026-10-02,1142.0,-0.0026,0.0088,0.0248,0.1762,0.0374,0.1606,1103.5527,1046.4138,True,0.0348,0.9807,1164.4805,792.0219,0.019,0.0726,114200.0,0.96,0.3859,ＧＭＢ,スタンダード（内国株式）,輸送用機器
7215,2026-10-02,414.0,-0.0048,-0.019,-0.0526,-0.0282,-0.04,-0.0438,425.76,424.88,False,-0.0276,0.9,460.0,337.0,0.0133,0.0134,41400.0,0.7027,0.2727,ファルテック,スタンダード（内国株式）,輸送用機器
7217,2026-10-02,455.0,0.0022,0.0294,-0.0022,0.0606,0.0104,0.0449,449.56,436.9333,True,0.0121,0.9743,467.0,345.3886,0.0193,0.0245,45500.0,1.1593,0.4098,テイン,スタンダード（内国株式）,輸送用機器
7218,2026-10-02,1160.0,0.014,0.0148,-0.0041,0.1736,0.0085,0.158,1125.6877,1057.4115,True,0.0305,0.9227,1257.1266,911.5253,0.0263,0.0299,116000.0,0.4547,0.3904,田中精密工業,スタンダード（内国株式）,輸送用機器
7219,2026-10-02,2461.0,-0.0032,0.0029,-0.0273,0.0945,-0.0146,0.0788,2487.8906,2439.6037,True,-0.0108,0.9184,2679.7477,2068.0978,0.0109,0.032,246100.0,0.8302,0.3268,エッチ・ケー・エス,スタンダード（内国株式）,輸送用機器
7220,2026-10-02,3145.0,0.0261,0.0648,0.0228,-0.2326,0.0354,-0.2482,2915.8462,3394.9932,False,0.0786,0.3001,10481.2705,2184.4384,0.0431,30.7398,314500.0,0.9723,0.4219,武蔵精密工業,プライム（内国株式）,輸送用機器
7222,2026-10-02,904.0,-0.0195,-0.0332,-0.0403,-0.0574,-0.0277,-0.073,925.2,942.6,False,-0.0229,0.6951,1300.4457,887.0,0.0187,0.9914,90400.0,1.2535,0.2481,日産車体,スタンダード（内国株式）,輸送用機器
7224,2026-10-02,1865.0,-0.021,-0.0411,-0.0554,-0.0762,-0.0428,-0.0918,1915.638,1965.7908,False,-0.0264,0.6939,2687.6985,1690.4016,0.0176,2.9894,186500.0,0.9762,0.2891,新明和工業,プライム（内国株式）,輸送用機器
7226,2026-10-02,2135.0,-0.0188,-0.0551,-0.0648,0.0015,-0.0521,-0.0142,2236.5625,2217.6489,True,-0.0454,0.632,3377.9111,1987.7566,0.0146,5.6519,213500.0,1.2669,0.4482,極東開発工業,プライム（内国株式）,輸送用機器
7228,2026-10-02,4010.0,-0.0037,-0.0025,-0.0123,0.0429,0.0003,0.0272,4018.6,3897.4667,True,-0.0021,0.958,4185.6666,3550.0,0.0073,0.0643,401000.0,0.9402,0.3073,デイトナ,スタンダード（内国株式）,輸送用機器
7231,2026-10-02,3015.0,-0.0179,-0.0259,-0.0366,0.1017,-0.024,0.086,3038.6467,2885.0373,True,-0.0078,0.8544,3528.7658,2561.3803,0.0178,1.6391,301500.0,0.933,0.2408,トピー工業,プライム（内国株式）,輸送用機器
7235,2026-10-02,1530.0,-0.0217,-0.0047,-0.0116,0.0381,0.001,0.0224,1531.1577,1499.2342,True,-0.0008,0.8741,1750.4431,1152.058,0.017,0.3287,153000.0,0.5906,0.2792,東京ラヂエーター製造,スタンダード（内国株式）,輸送用機器
7236,2026-10-02,1466.0,-0.0135,-0.024,-0.042,-0.0334,-0.0294,-0.049,1471.7876,1465.0419,True,-0.0039,0.9354,1567.1996,609.3725,0.0219,4.6787,146600.0,1.0683,0.2458,ティラド,プライム（内国株式）,輸送用機器
7238,2026-10-02,105.0,-0.0187,-0.0094,-0.0367,-0.0541,-0.0241,-0.0697,106.48,108.5067,False,-0.0139,0.5738,183.0,102.0,0.0245,4.1852,10500.0,1.3153,0.1944,曙ブレーキ工業,プライム（内国株式）,輸送用機器
7239,2026-10-02,2281.0,-0.0231,-0.0253,-0.0249,0.0866,-0.0123,0.0709,2299.8087,2203.1572,True,-0.0082,0.9686,2354.8737,1802.0136,0.0153,2.2726,228100.0,1.282,0.2199,タチエス,プライム（内国株式）,輸送用機器
7241,2026-10-02,1043.0,-0.0252,-0.0492,-0.0667,0.0737,-0.054,0.058,1082.1523,1020.5431,True,-0.0362,0.9237,1129.102,870.529,0.0168,4.4532,104300.0,1.5074,0.4084,フタバ産業,プライム（内国株式）,輸送用機器
7242,2026-10-02,1514.0,-0.0264,0.0156,-0.0096,0.1867,0.003,0.1711,1500.8673,1399.0616,True,0.0088,0.9169,1651.2122,1162.3664,0.019,5.1793,151400.0,1.2787,0.3269,カヤバ,プライム（内国株式）,輸送用機器
7244,2026-10-02,540.0,-0.0357,-0.051,-0.0576,0.0365,-0.045,0.0208,565.32,541.3622,True,-0.0448,0.8911,606.0,414.7657,0.0241,0.7908,54000.0,0.7299,0.3,市光工業,プライム（内国株式）,電気機器
7245,2026-10-02,1236.0,-0.0064,0.0793,0.0181,-0.2995,0.0307,-0.3152,1155.7506,1324.2307,True,0.0694,0.676,1828.4795,824.3872,0.0279,4.2032,123600.0,0.6802,0.479,大同メタル工業,プライム（内国株式）,輸送用機器
7246,2026-10-02,964.0,-0.0153,-0.0262,-0.031,0.2293,-0.0184,0.2137,982.4715,884.8539,True,-0.0188,0.936,1029.9388,588.7729,0.0162,3.6975,96400.0,0.9432,0.2555,プレス工業,プライム（内国株式）,輸送用機器
7247,2026-10-02,363.0,-0.0082,0.0001,-0.0132,0.0166,-0.0006,0.0009,363.7559,359.2896,True,-0.0021,0.8678,418.2964,316.856,0.0161,0.1693,36300.0,0.8975,0.1684,ミクニ,スタンダード（内国株式）,輸送用機器
7254,2026-10-02,793.0,0.0,-0.0446,-0.032,0.1084,-0.0193,0.0928,815.613,780.387,True,-0.0277,0.8879,893.1325,533.9273,0.0233,0.0361,79300.0,0.7787,0.3468,ユニバンス,スタンダード（内国株式）,輸送用機器
7256,2026-10-02,468.0,-0.1365,-0.1717,0.1143,0.0541,0.1269,0.0384,463.88,442.6,True,0.0089,0.7672,610.0,75.0,0.081,1.9953,46800.0,1.7904,0.4271,河西工業,スタンダード（内国株式）,輸送用機器
7259,2026-10-02,2147.5,-0.0149,-0.0248,-0.0585,-0.0442,-0.0458,-0.0599,2198.194,2227.3762,False,-0.0231,0.7038,3051.2733,2047.8832,0.0192,55.9989,214750.0,1.0571,0.2965,アイシン,プライム（内国株式）,輸送用機器
7261,2026-10-02,1072.0,-0.0312,-0.0472,-0.1386,-0.0389,-0.126,-0.0546,1138.9612,1125.822,True,-0.0588,0.807,1328.4091,954.1691,0.0213,78.3065,107200.0,0.8925,0.3728,マツダ,プライム（内国株式）,輸送用機器
7264,2026-10-02,1348.0,-0.0015,0.009,0.0105,0.0325,0.0231,0.0169,1330.5619,1315.0915,True,0.0131,0.9551,1411.2992,1181.2381,0.0096,0.016,134800.0,0.4813,0.3457,ムロコーポレーション,スタンダード（内国株式）,輸送用機器
7265,2026-10-02,3500.0,-0.0071,0.0,-0.0862,-0.0814,-0.0735,-0.097,3673.2,3777.1333,False,-0.0472,0.791,4424.5186,3280.0,0.0123,0.052,350000.0,2.175,0.2661,エイケン工業,スタンダード（内国株式）,輸送用機器
7266,2026-10-02,954.0,-0.0215,-0.0225,-0.054,0.0739,-0.0413,0.0582,978.3365,930.9922,True,-0.0249,0.9133,1044.5797,701.2225,0.0158,0.221,95400.0,0.6888,0.2041,今仙電機製作所,スタンダード（内国株式）,輸送用機器
7267,2026-10-02,1664.5,-0.0186,-0.021,-0.0196,0.0962,-0.0069,0.0805,1657.0036,1573.3937,True,0.0045,0.9619,1730.512,1200.1825,0.0218,233.7716,166450.0,0.9146,0.234,本田技研工業,プライム（内国株式）,輸送用機器
7269,2026-10-02,1952.5,-0.0252,-0.0061,-0.1231,-0.0628,-0.1105,-0.0785,2031.4107,2006.4945,True,-0.0388,0.8097,2411.5127,1648.9514,0.0214,136.891,195250.0,1.0184,0.2778,スズキ,プライム（内国株式）,輸送用機器
7270,2026-10-02,2487.0,-0.0197,-0.044,-0.0703,0.011,-0.0577,-0.0047,2566.2864,2518.173,True,-0.0309,0.7143,3481.5751,2197.9352,0.0198,96.9114,248700.0,0.9032,0.3136,ＳＵＢＡＲＵ,プライム（内国株式）,輸送用機器
7271,2026-10-02,779.0,-0.0102,-0.0128,-0.0345,-0.2078,-0.0219,-0.2235,794.4674,882.7682,False,-0.0195,0.5876,1325.6347,620.2442,0.013,0.4182,77900.0,0.7263,0.2569,安永,スタンダード（内国株式）,輸送用機器
7272,2026-10-02,1754.0,-0.0274,-0.0341,-0.101,0.4043,-0.0884,0.3887,1827.94,1574.2848,True,-0.0404,0.8827,1987.0,1012.504,0.0242,101.1091,175400.0,0.725,0.2382,ヤマハ発動機,プライム（内国株式）,輸送用機器
7273,2026-10-02,591.0,-0.0264,-0.0634,0.0017,-0.0589,0.0143,-0.0746,610.24,612.8267,False,-0.0315,0.5725,1032.3665,498.0,0.026,0.947,59100.0,0.6954,0.3256,イクヨ,スタンダード（内国株式）,輸送用機器
7276,2026-10-02,2687.0,-0.0147,0.0093,-0.0154,0.046,-0.0028,0.0304,2641.1849,2620.7472,False,0.0173,0.9134,2941.8166,2134.7618,0.0181,19.7275,268700.0,0.9493,0.3031,小糸製作所,プライム（内国株式）,電気機器
7277,2026-10-02,324.0,-0.0092,-0.0298,-0.0916,0.0184,-0.079,0.0028,338.4404,330.4606,True,-0.0427,0.7819,414.3904,301.3363,0.0142,0.0777,32400.0,0.9792,0.3238,ＴＢＫ,スタンダード（内国株式）,輸送用機器
7278,2026-10-02,5620.0,-0.0243,-0.0317,-0.0779,-0.0397,-0.0653,-0.0554,5827.3142,5813.723,False,-0.0356,0.9206,6104.6888,4756.2058,0.0168,17.8823,562000.0,1.4951,0.2772,エクセディ,プライム（内国株式）,輸送用機器
7279,2026-10-02,2405.0,0.0004,-0.0299,-0.1023,0.1393,-0.0897,0.1236,2527.76,2350.0267,True,-0.0486,0.6099,3943.1618,1970.0,0.0242,2.2393,240500.0,0.6999,0.3848,ハイレックスコーポレーション,スタンダード（内国株式）,輸送用機器
7280,2026-10-02,1287.0,-0.0481,-0.0687,-0.0537,0.0421,-0.0411,0.0264,1334.4,1237.1467,True,-0.0355,0.6104,2108.4725,855.3422,0.0293,2.4567,128700.0,0.9028,0.3102,ミツバ,プライム（内国株式）,電気機器
7282,2026-10-02,1038.5,-0.0048,0.0638,0.0121,0.08,0.0247,0.0644,982.5094,956.4628,True,0.057,0.9875,1051.6368,611.9357,0.0225,24.3557,103850.0,1.0043,0.4337,豊田合成,プライム（内国株式）,輸送用機器
7283,2026-10-02,2135.0,-0.0309,-0.022,-0.0796,0.013,-0.0669,-0.0026,2191.6749,2160.3134,True,-0.0259,0.8607,2480.5186,1652.0431,0.0241,3.7558,213500.0,0.8835,0.3821,愛三工業,プライム（内国株式）,輸送用機器
7284,2026-10-02,1163.0,0.0009,-0.0036,0.0117,-0.0328,0.0243,-0.0484,1151.9295,1173.915,False,0.0096,0.8766,1326.7473,1096.2714,0.0112,0.0206,116300.0,2.3518,0.3383,盟和産業,スタンダード（内国株式）,輸送用機器
7287,2026-10-02,2684.0,-0.0114,-0.0271,-0.0278,0.0929,-0.0152,0.0773,2676.6175,2531.8334,True,0.0028,0.9538,2813.8711,1617.5101,0.0286,5.2264,268400.0,1.1882,0.2183,日本精機,スタンダード（内国株式）,輸送用機器
7291,2026-10-02,448.0,-0.0154,-0.0249,-0.031,-0.008,-0.0184,-0.0237,451.5405,449.9671,True,-0.0078,0.9336,479.8603,360.0933,0.0155,0.1321,44800.0,0.8782,0.2102,日本プラスト,スタンダード（内国株式）,輸送用機器
7292,2026-10-02,6800.0,-0.0044,0.0133,0.0001,0.0814,0.0127,0.0657,6719.6651,6626.2899,True,0.012,0.9639,7054.7673,5983.5961,0.0209,0.2471,680000.0,0.7869,0.2704,村上開明堂,スタンダード（内国株式）,輸送用機器
7294,2026-10-02,836.0,-0.0153,-0.0562,-0.0807,0.0087,-0.068,-0.007,880.4937,871.2807,True,-0.0505,0.7611,1098.471,800.3483,0.0174,0.7847,83600.0,2.4375,0.3832,ヨロズ,プライム（内国株式）,輸送用機器
7296,2026-10-02,4020.0,-0.0195,-0.0335,-0.0289,0.1855,-0.0163,0.1698,4076.0024,3767.0512,True,-0.0137,0.9486,4237.6542,2768.3813,0.0167,5.6915,402000.0,1.0044,0.2658,エフ・シー・シー,プライム（内国株式）,輸送用機器
7297,2026-10-02,859.0,-0.0115,-0.0058,0.0045,0.0269,0.0171,0.0112,853.088,849.7843,True,0.0069,0.9018,952.5095,773.6118,0.0093,0.0159,85900.0,0.9188,0.4056,カーメイト,スタンダード（内国株式）,輸送用機器
7299,2026-10-02,1728.0,-0.0126,-0.0528,-0.0719,0.0418,-0.0593,0.0261,1794.9628,1770.801,True,-0.0373,0.7914,2183.3873,1523.5192,0.0219,0.0765,172800.0,0.6647,0.3109,フジオーゼックス,スタンダード（内国株式）,輸送用機器
7305,2026-10-02,2691.0,-0.0239,-0.0117,-0.0177,0.0752,-0.0051,0.0595,2720.7451,2609.6949,True,-0.0109,0.9676,2781.0,2175.7749,0.0134,0.7227,269100.0,1.6269,0.2602,新家工業,スタンダード（内国株式）,鉄鋼
7309,2026-10-02,17485.0,-0.016,-0.03,-0.1183,-0.0031,-0.1056,-0.0188,18561.0,18503.2541,True,-0.058,0.8121,21530.0,14592.6328,0.0189,50.7627,1748500.0,0.863,0.3534,シマノ,プライム（内国株式）,輸送用機器
7313,2026-10-02,1746.5,-0.0163,-0.0273,-0.0434,0.0165,-0.0308,0.0009,1783.974,1752.9075,True,-0.021,0.9106,1917.8777,1631.4076,0.012,6.1195,174650.0,1.2003,0.3292,テイ・エス　テック,プライム（内国株式）,輸送用機器
7314,2026-10-02,1350.0,0.006,0.0329,0.0235,0.1259,0.0361,0.1103,1318.92,1269.7867,True,0.0236,0.9,1500.0,1120.0,0.0068,0.0239,135000.0,0.6894,0.6344,小田原機器,スタンダード（内国株式）,輸送用機器
7318,2026-10-02,1311.0,-0.0106,-0.0431,-0.0959,-0.4443,-0.0832,-0.4599,1364.48,1771.2933,False,-0.0392,0.5042,2600.0,950.0,0.042,1.3179,131100.0,0.61,0.3069,セレンディップ・ホールディングス,グロース（内国株式）,輸送用機器
7320,2026-10-02,1385.0,-0.0288,-0.0488,-0.0636,-0.0488,-0.0509,-0.0644,1442.72,1446.8952,False,-0.04,0.5752,2407.8911,1317.0375,0.0231,0.3119,138500.0,0.553,0.3445,Ｓｏｌｖｖｙ,グロース（内国株式）,その他金融業
7322,2026-10-02,2255.0,-0.0009,0.0173,0.0679,0.2475,0.0805,0.2318,2126.3968,1936.2072,True,0.0605,0.9666,2333.0,826.084,0.045,10.7533,225500.0,1.2918,0.3305,三十三フィナンシャルグループ,プライム（内国株式）,銀行業
7325,2026-10-02,697.0,-0.0029,-0.0169,-0.0043,0.0419,0.0083,0.0262,696.88,689.422,False,0.0002,0.7209,966.7923,636.0733,0.0173,0.0513,69700.0,1.2125,0.2568,アイリックコーポレーション,グロース（内国株式）,保険業
7326,2026-10-02,2105.0,-0.0164,-0.0848,-0.0117,0.0081,0.0009,-0.0075,2199.76,2132.2933,False,-0.0431,0.8468,2485.8198,1348.523,0.0337,1.1639,210500.0,2.6781,0.4827,ＳＢＩインシュアランスグループ,グロース（内国株式）,保険業
7327,2026-10-02,2674.0,-0.0333,-0.0501,0.0358,0.2265,0.0485,0.2109,2629.9156,2378.6191,True,0.0168,0.9386,2849.0,1268.3247,0.0315,28.1144,267400.0,1.4461,0.3163,第四北越フィナンシャルグループ,プライム（内国株式）,銀行業
7337,2026-10-02,2374.0,-0.0135,-0.025,-0.0053,0.0954,0.0073,0.0797,2359.9783,2241.0131,True,0.0059,0.9639,2463.0,1305.3057,0.0242,15.8946,237400.0,1.1315,0.2341,ひろぎんホールディングス,プライム（内国株式）,銀行業
7343,2026-10-02,1301.0,-0.0091,0.0108,0.0359,0.1192,0.0485,0.1035,1266.1233,1210.2975,True,0.0275,0.9811,1326.0,1085.5694,0.0158,0.0521,130100.0,1.7131,0.464,ブロードマインド,グロース（内国株式）,保険業
7345,2026-10-02,940.0,0.0011,0.0086,-0.0011,-0.0239,0.0116,-0.0396,939.12,948.7467,False,0.0009,0.7428,1265.4804,559.0036,0.0173,0.0287,94000.0,1.4104,0.3561,アイ・パートナーズフィナンシャル,グロース（内国株式）,その他金融業
7347,2026-10-02,804.0,-0.005,0.0063,-0.0062,0.0551,0.0064,0.0394,800.44,779.08,True,0.0044,0.9251,869.1015,691.0,0.0106,0.0688,80400.0,0.8716,0.4118,マーキュリアホールディングス,プライム（内国株式）,証券、商品先物取引業
7350,2026-10-02,7830.0,-0.0126,-0.0427,0.011,0.1955,0.0236,0.1798,7788.8291,7243.7159,True,0.0053,0.9458,8278.301,3439.3309,0.0304,6.5573,783000.0,0.9846,0.2574,おきなわフィナンシャルグループ,プライム（内国株式）,銀行業
7351,2026-10-02,467.0,-0.0043,-0.0351,0.0,0.0355,0.0126,0.0199,475.6296,452.5041,True,-0.0181,0.5106,914.6739,422.6087,0.0246,0.0761,46700.0,1.1062,0.3913,グッドパッチ,グロース（内国株式）,サービス業
7352,2026-10-02,303.0,-0.0257,-0.0706,-0.0818,-0.2045,-0.0692,-0.2201,322.5192,347.9039,False,-0.0605,0.3365,900.3441,303.0,0.0323,0.1833,30300.0,0.5663,0.327,ＴＷＯＳＴＯＮＥ＆Ｓｏｎｓ,グロース（内国株式）,サービス業
7353,2026-10-02,510.0,0.0039,0.0,-0.059,-0.0827,-0.0464,-0.0984,521.28,547.48,False,-0.0216,0.622,820.0,496.0,0.0165,0.0676,51000.0,1.2437,0.1661,ＫＩＹＯラーニング,グロース（内国株式）,サービス業
7354,2026-10-02,352.0,-0.0195,-0.0383,-0.1066,0.0699,-0.094,0.0542,383.56,354.52,True,-0.0823,0.8129,433.0,247.0967,0.0457,1.664,35200.0,0.9582,0.3111,ダイレクトマーケティングミックス,スタンダード（内国株式）,サービス業
7356,2026-10-02,114.0,-0.0087,-0.0256,-0.0256,-0.0172,-0.013,-0.0329,116.12,116.84,False,-0.0183,0.5,228.0,110.0,0.0257,0.0375,11400.0,0.3448,0.4439,Ｒｅｔｔｙ,グロース（内国株式）,サービス業
7357,2026-10-02,1708.0,-0.0018,-0.024,0.0059,0.0428,0.0185,0.0271,1729.6822,1686.9165,True,-0.0125,0.868,1967.8466,1203.0159,0.0176,0.0674,170800.0,0.6119,0.3152,ジオコード,スタンダード（内国株式）,サービス業
7358,2026-10-02,1782.0,0.0171,-0.0111,-0.0704,0.2214,-0.0578,0.2057,1812.76,1618.24,True,-0.017,0.9291,1918.0,1280.9724,0.0242,0.2985,178200.0,0.768,0.2735,ポピンズ,スタンダード（内国株式）,サービス業
7359,2026-10-02,264.0,-0.0149,-0.0365,-0.0928,0.1892,-0.0802,0.1735,273.0,242.88,True,-0.033,0.6055,436.0,207.0,0.0409,0.1277,26400.0,0.4108,0.2874,東京通信グループ,グロース（内国株式）,サービス業
7360,2026-10-02,611.0,0.0049,-0.0393,-0.06,-0.0129,-0.0474,-0.0286,639.0,634.3733,False,-0.0438,0.5,1222.0,572.0,0.0189,0.0094,61100.0,0.7289,0.458,オンデック,グロース（内国株式）,サービス業
7361,2026-10-02,1200.0,-0.0041,0.0182,0.0368,0.0652,0.0494,0.0495,1162.8444,1149.372,True,0.032,0.8708,1378.063,1079.322,0.0113,0.0549,120000.0,0.9365,0.5039,ヒューマンクリエイションホールディングス,グロース（内国株式）,サービス業
7362,2026-10-02,875.0,-0.0023,-0.0057,-0.0102,0.0632,0.0024,0.0475,875.04,863.1467,True,-0.0,0.8587,1019.0,741.0,0.0107,0.008,87500.0,0.533,0.2137,Ｔ．Ｓ．Ｉ,グロース（内国株式）,サービス業
7363,2026-10-02,1360.0,-0.0202,-0.0109,0.0559,0.283,0.0685,0.2673,1340.0,1205.1067,True,0.0149,0.68,2000.0,987.0,0.0722,0.3557,136000.0,3.6488,0.4144,ベビーカレンダー,グロース（内国株式）,サービス業
7366,2026-10-02,1933.0,-0.0067,0.0147,0.0392,0.1589,0.0519,0.1432,1863.92,1735.0933,True,0.0371,0.9872,1958.0,1123.0,0.0239,1.5995,193300.0,0.8021,0.3099,ＬＩＴＡＬＩＣＯ,プライム（内国株式）,サービス業
7367,2026-10-02,332.0,0.003,0.0199,0.023,-0.0011,0.0356,-0.0168,325.7732,328.0043,True,0.0191,0.967,343.3329,300.1063,0.0117,0.0164,33200.0,0.3312,0.4206,セルム,スタンダード（内国株式）,サービス業
7368,2026-10-02,1720.0,0.0,0.0147,0.0218,0.0556,0.0344,0.04,1684.41,1661.1817,True,0.0211,0.9931,1732.0,1546.7142,0.0127,0.0215,172000.0,0.7507,0.3542,表示灯,スタンダード（内国株式）,サービス業
7369,2026-10-02,390.0,-0.0051,0.0026,0.0803,0.1747,0.093,0.159,374.44,363.9467,False,0.0416,0.52,750.0,311.0,0.0245,0.0737,39000.0,0.5975,0.2403,メイホーホールディングス,グロース（内国株式）,サービス業
7370,2026-10-02,711.0,-0.0056,-0.007,-0.0111,0.0014,0.0015,-0.0143,715.28,710.6,False,-0.006,0.8001,888.6793,677.0,0.0062,0.0221,71100.0,0.9971,0.271,Ｅｎｊｉｎ,グロース（内国株式）,サービス業
7371,2026-10-02,785.0,-0.0088,-0.0188,-0.0236,0.0918,-0.011,0.0761,798.56,753.7137,True,-0.017,0.9527,824.0,601.2938,0.0157,0.1413,78500.0,0.5042,0.2686,Ｚｅｎｋｅｎ,グロース（内国株式）,サービス業
7372,2026-10-02,438.0,0.0023,0.0529,0.126,0.1496,0.1386,0.1339,400.32,387.8533,True,0.0941,0.8921,491.0,344.0,0.0194,0.0311,43800.0,1.1376,0.6706,デコルテ・ホールディングス,グロース（内国株式）,サービス業
7373,2026-10-02,879.0,-0.0124,-0.0383,-0.0834,-0.2567,-0.0708,-0.2724,922.4805,989.446,False,-0.0471,0.2786,3155.1532,876.0,0.0186,0.4745,87900.0,0.3713,0.2996,アイドマ・ホールディングス,グロース（内国株式）,サービス業
7374,2026-10-02,1490.0,-0.0067,0.0021,-0.0083,-0.0166,0.0043,-0.0323,1486.8032,1488.3315,False,0.0022,0.9025,1651.0512,1443.0768,0.0092,0.1987,149000.0,1.4689,0.3325,コンフィデンス・インターワークス,グロース（内国株式）,サービス業
7375,2026-10-02,1272.0,0.02,-0.0479,0.0881,0.0144,0.1007,-0.0013,1227.56,1227.6133,False,0.0362,0.4782,2660.0,752.0,0.0486,0.8059,127200.0,1.2514,0.2538,リファインバースグループ,グロース（内国株式）,サービス業
7376,2026-10-02,705.0,-0.0342,-0.0844,-0.1924,-0.295,-0.1798,-0.3107,783.24,953.4667,False,-0.0999,0.5382,1310.0,560.0,0.0649,0.2634,70500.0,0.6372,0.4259,ＢＣＣ,グロース（内国株式）,サービス業
7377,2026-10-02,1714.0,-0.0041,-0.0104,-0.0046,-0.0327,0.008,-0.0484,1715.96,1731.2934,False,-0.0011,0.8134,2107.1736,1646.0,0.0083,0.1474,171400.0,2.0343,0.434,ＤＮホールディングス,スタンダード（内国株式）,サービス業
7378,2026-10-02,1533.0,-0.016,-0.0304,-0.0425,-0.0407,-0.0299,-0.0563,1558.04,1535.68,True,-0.0161,0.715,2144.1422,1146.6371,0.0253,0.19,153300.0,0.8114,0.2702,アシロ,グロース（内国株式）,サービス業
7380,2026-10-02,2783.0,-0.0082,-0.0215,0.0481,0.1328,0.0607,0.1171,2677.6421,2500.507,True,0.0393,0.9587,2902.9444,1018.7301,0.0352,15.1708,278300.0,1.4452,0.2923,十六フィナンシャルグループ,プライム（内国株式）,銀行業
7381,2026-10-02,1336.0,-0.0052,-0.0144,0.0615,0.2946,0.0742,0.2789,1295.3876,1161.092,True,0.0314,0.9462,1411.9048,600.1039,0.0342,6.3869,133600.0,1.2083,0.2921,ＣＣＩグループ,プライム（内国株式）,銀行業
7383,2026-10-02,371.0,-0.0262,-0.0655,-0.0951,0.0082,-0.0825,-0.0075,402.08,401.72,True,-0.0773,0.3897,952.0,322.0,0.031,2.5704,37100.0,0.8477,0.3043,ネットプロテクションズホールディングス,プライム（内国株式）,その他金融業
7384,2026-10-02,5720.0,0.0593,0.025,0.2697,0.4232,0.2823,0.4075,5064.0748,4372.8057,True,0.1295,0.9728,5880.0,1573.2843,0.0423,8.0044,572000.0,1.7126,0.3101,プロクレアホールディングス,プライム（内国株式）,銀行業
7388,2026-10-02,2283.0,-0.0151,-0.0189,-0.0219,0.055,-0.0092,0.0393,2323.2,2216.3467,True,-0.0173,0.9268,2463.3971,1989.1391,0.0141,0.6831,228300.0,0.8485,0.239,ＦＰパートナー,プライム（内国株式）,保険業
7389,2026-10-02,2026.0,-0.0122,-0.0124,0.0738,0.3758,0.0865,0.3601,1959.7005,1715.9224,True,0.0338,0.9463,2140.8949,586.083,0.0472,23.7816,202600.0,1.2172,0.2905,あいちフィナンシャルグループ,プライム（内国株式）,銀行業
7399,2026-10-02,617.0,-0.0016,0.0065,0.0146,0.0628,0.0272,0.0471,608.5088,592.2772,True,0.014,0.992,622.0,533.2518,0.0084,0.0148,61700.0,0.8492,0.4597,ナンシン,スタンダード（内国株式）,輸送用機器
7409,2026-10-02,1475.0,0.0222,-0.0322,-0.0334,-0.2188,-0.0208,-0.2344,1495.76,1587.3267,False,-0.0139,0.5194,2840.0,780.8333,0.0371,1.4909,147500.0,0.4526,0.2209,ＡｅｒｏＥｄｇｅ,グロース（内国株式）,輸送用機器
7412,2026-10-02,316.0,-0.0032,-0.0841,-0.1813,-0.1073,-0.1687,-0.123,362.04,374.7467,False,-0.1272,0.4508,701.0,306.0,0.0237,2.202,31600.0,1.2873,0.7733,アトム,スタンダード（内国株式）,小売業
7414,2026-10-02,1379.0,-0.0093,-0.0172,-0.0426,0.0407,-0.0299,0.025,1400.0682,1374.2863,True,-0.015,0.9574,1440.2941,1258.6705,0.0112,0.725,137900.0,1.0972,0.2463,小野建,プライム（内国株式）,卸売業
7416,2026-10-02,675.0,-0.0015,-0.0189,-0.0203,0.0105,-0.0077,-0.0052,684.48,680.0533,True,-0.0138,0.7653,882.0463,650.0,0.0076,0.04,67500.0,2.8737,0.35,はるやまホールディングス,スタンダード（内国株式）,小売業
7417,2026-10-02,1766.0,-0.0323,-0.0485,-0.0776,0.0827,-0.065,0.067,1860.4102,1777.4874,True,-0.0507,0.8967,1969.3434,1239.2156,0.0222,0.0631,176600.0,0.4459,0.4125,南陽,スタンダード（内国株式）,卸売業
7419,2026-10-02,1228.0,-0.0089,-0.0398,-0.0315,-0.0631,-0.0189,-0.0787,1250.7196,1310.7528,False,-0.0182,0.7702,1594.4059,1040.2088,0.0193,8.1534,122800.0,1.0127,0.3447,ノジマ,プライム（内国株式）,小売業
7421,2026-10-02,1506.0,0.0053,-0.0727,-0.0778,0.0101,-0.0651,-0.0056,1608.2,1553.9733,True,-0.0635,0.8864,1699.0,1352.0,0.0169,1.6517,150600.0,1.3673,0.6253,カッパ・クリエイト,プライム（内国株式）,小売業
7422,2026-10-02,593.0,0.1426,0.3986,0.5898,0.6027,0.6024,0.587,417.64,385.1213,True,0.4199,0.99,599.0,351.0,0.0407,0.1425,59300.0,3.8016,0.8201,東邦レマック,スタンダード（内国株式）,卸売業
7425,2026-10-02,1108.0,-0.0018,0.0064,-0.0221,-0.1136,-0.0094,-0.1293,1111.6,1177.56,False,-0.0032,0.8073,1372.5,959.0718,0.0117,0.0376,110800.0,0.1645,0.2308,初穂商事,スタンダード（内国株式）,卸売業
7427,2026-10-02,829.0,-0.0048,-0.0096,-0.0036,-0.001,0.009,-0.0167,831.1207,820.812,True,-0.0026,0.8953,925.9248,796.4485,0.0117,0.0622,82900.0,1.5115,0.35,エコートレーディング,スタンダード（内国株式）,卸売業
7433,2026-10-02,1836.0,-0.0357,0.0328,0.0822,0.2701,0.0948,0.2545,1710.6979,1566.1469,True,0.0732,0.9498,1933.0,1121.102,0.0295,5.3647,183600.0,1.1791,0.4368,伯東,プライム（内国株式）,卸売業
7434,2026-10-02,1770.0,0.0063,-0.0062,-0.0328,-0.0161,-0.0202,-0.0318,1817.08,1806.3467,True,-0.0259,0.8617,2054.0293,1707.0,0.0145,0.0505,177000.0,2.6021,0.4394,オータケ,スタンダード（内国株式）,卸売業
7435,2026-10-02,1381.0,-0.022,0.0298,0.0446,0.0582,0.0573,0.0426,1321.56,1283.8533,True,0.045,0.955,1446.0,919.0,0.0285,0.3111,138100.0,0.866,0.4726,ナ・デックス,スタンダード（内国株式）,卸売業
7438,2026-10-02,1655.0,-0.0367,-0.0666,-0.017,0.0929,-0.0043,0.0772,1708.6594,1580.5828,True,-0.0314,0.921,1797.0,1372.6122,0.0243,0.7721,165500.0,1.0723,0.3881,コンドーテック,プライム（内国株式）,卸売業
7442,2026-10-02,473.0,0.0021,-0.0166,-0.0227,-0.0063,-0.0101,-0.022,479.36,481.5333,True,-0.0133,0.9498,498.0,392.1751,0.0083,0.0504,47300.0,1.4057,0.3055,中山福,スタンダード（内国株式）,卸売業
7443,2026-10-02,682.0,0.0074,0.0255,0.024,0.0787,0.0366,0.0631,664.8669,646.9687,True,0.0258,0.9576,712.2308,590.4147,0.011,0.0171,68200.0,0.821,0.3737,横浜魚類,スタンダード（内国株式）,卸売業
7444,2026-10-02,1975.0,-0.0075,-0.0135,-0.0095,-0.0045,0.0031,-0.0202,1987.92,1979.7067,True,-0.0065,0.9253,2134.5132,1811.2786,0.0099,0.0219,197500.0,1.0612,0.1949,ハリマ共和物産,スタンダード（内国株式）,卸売業
7447,2026-10-02,1704.0,0.0422,0.0302,-0.0023,0.0264,0.0103,0.0108,1669.1043,1669.2129,True,0.0209,0.8631,1974.2761,1535.2278,0.0126,1.6718,170400.0,1.3748,0.414,ナガイレーベン,プライム（内国株式）,卸売業
7453,2026-10-02,4214.0,-0.0094,0.0405,-0.0313,0.1701,-0.0186,0.1544,4133.92,4045.3774,True,0.0194,0.9145,4607.7786,2601.606,0.0256,113.669,421400.0,0.7188,0.3942,良品計画,プライム（内国株式）,小売業
7456,2026-10-02,6810.0,0.0119,-0.0229,-0.0366,0.1742,-0.024,0.1585,6961.4292,6285.828,True,-0.0218,0.7813,8716.3751,3964.6719,0.0363,7.8084,681000.0,0.8068,0.294,松田産業,プライム（内国株式）,卸売業
7458,2026-10-02,1765.0,-0.017,-0.0592,-0.0547,0.0399,-0.0421,0.0242,1832.0566,1765.6897,True,-0.0366,0.9367,1884.3224,1474.9147,0.0192,8.8668,176500.0,2.1469,0.3517,第一興商,プライム（内国株式）,卸売業
7459,2026-10-02,2920.0,-0.0112,-0.0628,0.0102,0.1198,0.0228,0.1042,2909.1472,2786.271,True,0.0037,0.931,3136.3651,2393.2831,0.026,17.7592,292000.0,1.5146,0.3577,メディパルホールディングス,プライム（内国株式）,卸売業
7460,2026-10-02,1688.0,-0.014,0.0495,0.0045,0.011,0.0171,-0.0047,1650.8278,1659.5325,True,0.0225,0.9079,1859.2842,917.0035,0.0221,0.2472,168800.0,0.6003,0.3993,ヤギ,スタンダード（内国株式）,卸売業
7462,2026-10-02,376.0,0.0,-0.0555,-0.0532,0.1932,-0.0406,0.1775,393.2234,376.9802,True,-0.0438,0.8956,419.8422,211.305,0.0298,0.0939,37600.0,1.494,0.4277,ＣＡＰＩＴＡ,スタンダード（内国株式）,小売業
7463,2026-10-02,925.0,-0.0324,-0.0552,-0.0169,0.0394,-0.0042,0.0238,948.9918,919.2242,True,-0.0253,0.9326,991.8205,751.8364,0.0173,0.2939,92500.0,1.1978,0.4174,アドヴァングループ,スタンダード（内国株式）,小売業
7464,2026-10-02,1511.0,0.0073,-0.004,-0.0066,-0.0169,0.006,-0.0326,1522.32,1537.48,False,-0.0074,0.891,1695.7664,1499.0,0.014,0.0208,151100.0,0.9502,0.3488,セフテック,スタンダード（内国株式）,卸売業
7466,2026-10-02,1449.0,-0.0136,-0.0209,-0.0156,0.1186,-0.003,0.1029,1440.4987,1365.4183,True,0.0059,0.9705,1493.0,1078.3757,0.0173,0.4852,144900.0,1.1043,0.3357,ＳＰＫ,プライム（内国株式）,卸売業
7472,2026-10-02,3795.0,-0.0104,-0.0282,-0.0477,-0.0117,-0.0351,-0.0274,3912.2,3848.3333,True,-0.03,0.9167,4140.0,3500.0,0.0088,0.0249,379500.0,0.9231,0.417,鳥羽洋行,スタンダード（内国株式）,卸売業
7475,2026-10-02,3770.0,0.0,0.0013,0.4931,0.508,0.5057,0.4923,3234.2,2759.8933,True,0.1657,0.9987,3775.0,2360.0,0.0161,4.3567,377000.0,2.0961,0.0165,アルビス,プライム（内国株式）,小売業
7476,2026-10-02,2455.5,-0.0148,-0.0212,-0.013,0.0674,-0.0004,0.0517,2468.1688,2376.4319,True,-0.0051,0.9535,2575.26,1933.2955,0.0182,3.2061,245550.0,0.9152,0.1777,アズワン,プライム（内国株式）,卸売業
7480,2026-10-02,3760.0,-0.0259,0.0454,0.0867,0.5275,0.0993,0.5118,3466.8525,2888.5131,True,0.0846,0.958,3925.0,1520.8184,0.0317,2.2443,376000.0,0.9204,0.4388,スズデン,スタンダード（内国株式）,卸売業
7481,2026-10-02,2559.0,-0.0016,-0.0041,-0.0116,-0.018,0.001,-0.0336,2557.1877,2529.0381,True,0.0007,0.9273,2759.5322,2021.4173,0.0108,0.0597,255900.0,1.1037,0.3719,尾家産業,スタンダード（内国株式）,卸売業
7482,2026-10-02,1437.0,-0.0144,-0.0406,-0.0686,0.0917,-0.056,0.076,1490.5731,1403.5251,True,-0.0359,0.9278,1548.7549,1200.3838,0.023,0.6453,143700.0,1.1133,0.2519,シモジマ,プライム（内国株式）,卸売業
7483,2026-10-02,2988.0,-0.009,-0.0266,-0.0108,0.0567,0.0019,0.041,3018.5233,2933.2104,True,-0.0101,0.8231,3630.2778,2612.2531,0.0147,1.751,298800.0,0.9225,0.3512,ドウシシャ,プライム（内国株式）,卸売業
7486,2026-10-02,826.0,0.0036,0.0198,0.011,0.0969,0.0236,0.0813,812.6,793.7333,True,0.0165,0.7902,1045.3689,666.5558,0.0311,0.0261,82600.0,1.9789,0.4044,サンリン,スタンダード（内国株式）,卸売業
7487,2026-10-02,1872.0,0.0038,-0.0011,0.0406,0.0365,0.0532,0.0209,1829.72,1793.9867,True,0.0231,0.9421,1987.0077,1655.8397,0.0076,0.1146,187200.0,1.0693,0.385,小津産業,スタンダード（内国株式）,卸売業
7490,2026-10-02,2192.0,0.0005,0.0009,0.0014,0.0023,0.014,-0.0134,2188.64,2189.16,False,0.0015,0.9799,2237.0,1150.1771,0.0007,0.0771,219200.0,1.0388,0.3818,日新商事,スタンダード（内国株式）,卸売業
7494,2026-10-02,230.0,-0.0086,-0.0213,-0.049,0.0081,-0.0364,-0.0075,237.6958,229.8669,True,-0.0324,0.8952,256.9315,210.5208,0.0101,0.0774,23000.0,1.2052,0.3834,コナカ,スタンダード（内国株式）,小売業
7502,2026-10-02,1682.0,0.0036,-0.0094,0.0006,0.0441,0.0132,0.0284,1692.28,1659.5067,True,-0.0061,0.8746,1923.1895,1585.0,0.0062,0.0156,168200.0,1.3935,0.5021,プラザホールディングス,スタンダード（内国株式）,サービス業
7504,2026-10-02,4510.0,-0.0044,0.0282,-0.0654,0.2555,-0.0528,0.2399,4509.0921,4100.0701,True,0.0002,0.8789,5131.5789,2692.1052,0.032,2.2822,451000.0,0.6464,0.3058,高速,プライム（内国株式）,卸売業
7505,2026-10-02,1924.0,-0.0229,-0.0392,-0.1077,-0.1313,-0.0951,-0.147,2044.9952,2081.457,True,-0.0592,0.8177,2353.0703,1381.3055,0.0202,0.4651,192400.0,1.4797,0.3376,扶桑電通,スタンダード（内国株式）,卸売業
7506,2026-10-02,1370.0,-0.0007,0.0004,-0.004,0.0084,0.0087,-0.0073,1371.6037,1365.8278,True,-0.0012,0.8975,1526.3884,1335.8075,0.0038,0.0139,137000.0,0.7567,0.1928,ハウス　オブ　ローゼ,スタンダード（内国株式）,小売業
7508,2026-10-02,1382.0,-0.0226,-0.0232,-0.0226,0.0226,-0.0099,0.0069,1401.8798,1380.5699,True,-0.0142,0.9406,1469.2609,1108.0596,0.0143,0.8464,138200.0,1.2471,0.2348,Ｇ‐７ホールディングス,プライム（内国株式）,小売業
7509,2026-10-02,4700.0,-0.0136,0.0064,0.0171,0.0237,0.0298,0.008,4657.5703,4645.0137,True,0.0091,0.9599,4896.1263,3588.6643,0.0101,0.0091,470000.0,1.1034,0.5331,アイエーグループ,スタンダード（内国株式）,小売業
7510,2026-10-02,2831.0,-0.0241,-0.0064,0.0266,0.2463,0.0392,0.2307,2726.9503,2553.2847,True,0.0382,0.9699,2919.0,1818.7495,0.0213,1.5396,283100.0,1.6609,0.4409,たけびし,プライム（内国株式）,卸売業
7512,2026-10-02,853.0,-0.0012,-0.0127,-0.0047,0.0143,0.008,-0.0014,860.04,847.9733,True,-0.0082,0.9048,942.7285,809.0,0.0109,1.0681,85300.0,0.8057,0.2908,イオン北海道,スタンダード（内国株式）,小売業
7513,2026-10-02,1435.0,-0.0198,-0.033,0.0028,0.1511,0.0154,0.1355,1438.1416,1361.3107,True,-0.0022,0.9573,1499.0,1043.5805,0.0226,2.9263,143500.0,0.5871,0.2405,コジマ,プライム（内国株式）,小売業
7514,2026-10-02,854.0,0.0012,0.0023,-0.0012,0.0032,0.0115,-0.0124,854.4018,855.3488,True,-0.0005,0.9761,874.8967,815.6241,0.0037,0.0376,85400.0,0.5956,0.1591,ヒマラヤ,スタンダード（内国株式）,小売業
7515,2026-10-02,4555.0,-0.0022,-0.0065,-0.0098,-0.0119,0.0028,-0.0276,4603.2,4599.1333,True,-0.0105,0.957,4759.7474,4108.8843,0.0027,0.0099,455500.0,1.1538,0.44,マルヨシセンター,スタンダード（内国株式）,小売業
7516,2026-10-02,4310.0,-0.0171,-0.059,-0.0412,0.0877,-0.0285,0.072,4477.5907,4230.7421,True,-0.0374,0.9269,4650.0,3592.3565,0.0204,3.4199,431000.0,0.9287,0.4041,コーナン商事,プライム（内国株式）,小売業
7520,2026-10-02,2524.0,-0.0055,-0.0277,-0.0281,0.0969,-0.0155,0.0812,2564.92,2459.4667,True,-0.016,0.7827,3224.5725,2194.0,0.0158,0.395,252400.0,0.8149,0.2986,エコス,プライム（内国株式）,小売業
7522,2026-10-02,867.0,-0.008,-0.0324,-0.0969,-0.0647,-0.0843,-0.0804,920.76,935.2133,False,-0.0584,0.8257,1050.0,862.0,0.0141,1.9691,86700.0,2.3818,0.4667,ワタミ,プライム（内国株式）,小売業
7523,2026-10-02,1876.0,0.0005,0.0,-0.0011,0.092,0.0116,0.0763,1876.72,1837.1333,True,-0.0004,0.8824,2126.0728,1429.0,0.0005,0.0286,187600.0,0.037,0.35,アールビバン,スタンダード（内国株式）,小売業
7524,2026-10-02,177.0,-0.0328,0.0,0.0,-0.0432,0.0126,-0.0589,176.56,179.8667,True,0.0025,0.7729,229.0,150.0,0.0315,0.0385,17700.0,1.9458,0.341,マルシェ,スタンダード（内国株式）,小売業
7525,2026-10-02,3525.0,-0.0126,-0.0088,-0.0183,0.0294,-0.0057,0.0137,3529.0039,3512.4589,True,-0.0011,0.9295,3792.3935,3058.6892,0.0127,0.4749,352500.0,0.9056,0.273,リックス,プライム（内国株式）,卸売業
7527,2026-10-02,47.0,-0.0208,-0.0408,-0.1296,-0.06,-0.117,-0.0757,50.96,49.6933,True,-0.0777,0.4747,99.0,44.0,0.038,0.6026,4700.0,0.9539,0.224,システムソフト,スタンダード（内国株式）,情報・通信業
7532,2026-10-02,685.0,-0.028,-0.0379,-0.118,-0.1629,-0.1053,-0.1786,747.916,824.2855,False,-0.0841,0.6471,1058.5729,679.0,0.028,134.4809,68500.0,1.3103,0.3179,パン・パシフィック・インターナショナルホールディングス,プライム（内国株式）,小売業
7537,2026-10-02,1882.0,-0.0188,0.0039,0.0172,0.1411,0.0298,0.1255,1806.6917,1720.5986,True,0.0417,0.9751,1930.0,982.817,0.0273,1.4643,188200.0,0.7509,0.3422,丸文,プライム（内国株式）,卸売業
7538,2026-10-02,386.0,0.0,-0.0052,0.0,0.0321,0.0126,0.0164,389.0,378.4533,True,-0.0077,0.8477,455.3381,324.539,0.0137,0.0139,38600.0,1.1664,0.3784,大水,スタンダード（内国株式）,卸売業
7539,2026-10-02,781.0,-0.0076,-0.0231,-0.029,-0.0122,-0.0164,-0.0278,794.3447,786.4589,True,-0.0168,0.9459,825.6726,659.5724,0.0105,0.2294,78100.0,2.7906,0.4314,アイナボホールディングス,スタンダード（内国株式）,卸売業
7544,2026-10-02,550.0,-0.0161,-0.0161,-0.0196,-0.0035,-0.007,-0.0192,555.3613,551.9994,True,-0.0097,0.9434,583.0071,516.4053,0.0125,0.0276,55000.0,1.1663,0.2188,スリーエフ,スタンダード（内国株式）,小売業
7545,2026-10-02,1920.0,-0.0239,-0.0298,-0.0504,-0.0494,-0.0378,-0.0651,1977.52,1969.5804,True,-0.0291,0.8546,2246.735,1815.4835,0.0187,3.9729,192000.0,0.778,0.334,西松屋チェーン,プライム（内国株式）,小売業
7550,2026-10-02,11065.0,0.0255,0.0644,-0.0417,0.3493,-0.029,0.3336,11204.025,10020.7356,True,-0.0124,0.9202,12024.1059,7352.9351,0.0319,66.8155,1106500.0,1.2456,0.3062,ゼンショーホールディングス,プライム（内国株式）,小売業
7551,2026-10-02,670.0,0.0015,-0.019,-0.0725,-0.0104,-0.0599,-0.0261,699.2254,694.3023,True,-0.0418,0.8783,762.7989,589.394,0.0114,0.2672,67000.0,2.7352,0.4284,ウェッズ,スタンダード（内国株式）,輸送用機器
7552,2026-10-02,4950.0,-0.0313,0.1579,0.2802,0.6613,0.2929,0.6457,4043.6293,3442.5932,True,0.2241,0.9411,5260.0,2476.3112,0.0398,14.2005,495000.0,1.9357,0.7207,ハピネット,プライム（内国株式）,卸売業
7554,2026-10-02,1151.0,-0.0095,-0.015,-0.0427,0.055,-0.03,0.0393,1172.3804,1132.3008,True,-0.0182,0.9352,1230.7779,1008.075,0.0129,0.5762,115100.0,0.9642,0.2652,幸楽苑,プライム（内国株式）,小売業
7555,2026-10-02,734.0,-0.0027,-0.0174,-0.02,-0.0081,-0.0074,-0.0238,745.28,744.1867,False,-0.0151,0.8854,829.0,728.315,0.0054,0.0086,73400.0,1.4959,0.425,大田花き,スタンダード（内国株式）,卸売業
7561,2026-10-02,678.0,-0.016,-0.0231,-0.046,0.051,-0.0333,0.0354,696.4735,666.5035,True,-0.0265,0.8628,785.7995,586.2313,0.0127,0.1018,67800.0,0.9225,0.3142,ハークスレイホールディングス,スタンダード（内国株式）,小売業
7562,2026-10-02,3720.0,-0.004,-0.0249,-0.0338,-0.0106,-0.0211,-0.0263,3817.6,3787.4667,True,-0.0256,0.9613,3869.7845,3590.8812,0.0064,0.1827,372000.0,2.2842,0.6896,安楽亭,スタンダード（内国株式）,小売業
7564,2026-10-02,5100.0,-0.0693,-0.0359,-0.1827,-0.1994,-0.1701,-0.215,5718.8,6072.1333,False,-0.1082,0.6122,8330.0,5060.0,0.0322,28.3915,510000.0,1.2553,0.28,ワークマン,スタンダード（内国株式）,小売業
7567,2026-10-02,636.0,0.0063,0.0047,0.0409,0.2,0.0535,0.1843,615.16,574.32,True,0.0339,0.9298,684.0,430.6564,0.0208,0.0847,63600.0,1.0617,0.3784,栄電子,スタンダード（内国株式）,卸売業
7570,2026-10-02,1367.0,-0.0065,-0.0262,-0.0137,-0.0309,-0.0011,-0.0466,1382.9186,1380.5334,True,-0.0115,0.9149,1494.1762,1117.9795,0.0156,0.1432,136700.0,1.1332,0.2674,橋本総業ホールディングス,スタンダード（内国株式）,卸売業
7571,2026-10-02,86.0,0.0,0.0118,-0.0337,0.0118,-0.0211,-0.0039,86.96,84.8933,False,-0.011,0.661,130.0962,78.0,0.0216,0.2439,8600.0,1.0106,0.2692,ヤマノホールディングス,スタンダード（内国株式）,小売業
7575,2026-10-02,1486.0,-0.0262,-0.0379,-0.0624,0.1366,-0.0498,0.1209,1524.3302,1432.2799,True,-0.0251,0.9313,1595.703,1218.9124,0.0202,4.5764,148600.0,1.9661,0.2706,日本ライフライン,プライム（内国株式）,卸売業
7578,2026-10-02,68.0,-0.0286,-0.1053,-0.1605,-0.1053,-0.1479,-0.1209,76.64,73.28,False,-0.1127,0.4533,150.0,64.0,0.0567,0.058,6800.0,0.9944,0.5963,ニチリョク,スタンダード（内国株式）,小売業
7581,2026-10-02,6490.0,-0.0076,0.0285,-0.0755,0.1923,-0.0629,0.1766,6809.9903,6641.104,True,-0.047,0.7745,8379.1826,4662.2888,0.0297,29.6632,649000.0,0.5971,0.2489,サイゼリヤ,プライム（内国株式）,小売業
7585,2026-10-02,406.0,-0.0049,-0.0025,-0.0049,0.0,0.0077,-0.0157,407.04,408.3867,False,-0.0026,0.8202,495.0,398.0,0.004,0.0121,40600.0,1.1646,0.2435,かんなん丸,スタンダード（内国株式）,小売業
7590,2026-10-02,399.0,-0.0025,0.005,-0.0025,-0.005,0.0101,-0.0207,400.28,398.1467,True,-0.0032,0.8365,477.0,375.0,0.0369,1.043,39900.0,4.2846,0.5777,タカショー,スタンダード（内国株式）,卸売業
7593,2026-10-02,510.0,-0.0192,-0.0134,-0.0388,0.1346,-0.0262,0.119,515.8933,484.2463,True,-0.0114,0.9296,548.637,418.2172,0.0168,2.6679,51000.0,1.1189,0.1865,ＶＴホールディングス,プライム（内国株式）,小売業
7595,2026-10-02,1209.0,-0.0147,-0.0425,-0.0719,-0.0221,-0.0592,-0.0378,1254.182,1250.9187,False,-0.036,0.7554,1600.501,1132.2444,0.0143,2.6186,120900.0,1.0267,0.4342,アルゴグラフィックス,プライム（内国株式）,情報・通信業
7596,2026-10-02,2187.0,-0.025,-0.0433,-0.0627,-0.0147,-0.0501,-0.0304,2300.4154,2273.637,True,-0.0493,0.8759,2496.7814,2091.1741,0.0107,0.684,218700.0,1.7358,0.6319,魚力,プライム（内国株式）,小売業
7599,2026-10-02,1148.0,-0.0103,-0.0465,-0.0968,-0.1834,-0.0842,-0.199,1221.4804,1279.8533,False,-0.0602,0.7551,1520.4227,951.8409,0.0146,9.3144,114800.0,0.7932,0.5504,ＩＤＯＭ,プライム（内国株式）,卸売業
7600,2026-10-02,613.0,-0.0033,-0.0972,-0.145,-0.3151,-0.1324,-0.3308,674.2,820.8267,False,-0.0908,0.61,1005.0,445.0,0.0407,1.9818,61300.0,0.6511,0.3049,日本エム・ディ・エム,プライム（内国株式）,精密機器
7601,2026-10-02,166.0,-0.006,0.0311,0.0122,0.0061,0.0248,-0.0096,163.68,165.0933,False,0.0142,0.7943,209.0,160.0,0.0168,0.0636,16600.0,2.137,0.3949,ポプラ,スタンダード（内国株式）,小売業
7602,2026-10-02,165.0,-0.0179,-0.0625,-0.0351,-0.006,-0.0225,-0.0217,174.44,164.8,True,-0.0541,0.4273,386.1698,125.4057,0.0723,0.44,16500.0,1.3655,0.3521,レダックス,スタンダード（内国株式）,卸売業
7603,2026-10-02,33.0,-0.0571,-0.0294,-0.2326,-0.4,-0.2199,-0.4157,37.4,46.1333,False,-0.1176,0.1048,315.0,32.0,0.0693,0.2063,3300.0,0.4938,0.2188,ジーイエット,スタンダード（内国株式）,小売業
7604,2026-10-02,911.0,-0.0044,-0.0109,0.0111,0.0282,0.0237,0.0125,909.16,892.8267,True,0.002,0.987,923.0,796.6038,0.0061,0.0653,91100.0,1.0034,0.2333,梅の花グループ,スタンダード（内国株式）,小売業
7606,2026-10-02,2404.0,-0.0004,-0.0022,-0.0147,-0.0006,-0.0021,-0.0163,2372.0467,2414.2201,False,0.0135,0.8841,2719.1612,1822.7397,0.0182,5.0224,240400.0,0.9521,0.1868,ユナイテッドアローズ,プライム（内国株式）,小売業
7607,2026-10-02,3010.0,-0.0099,-0.0179,-0.0322,-0.0681,-0.0195,-0.0838,3041.2563,3080.1292,True,-0.0103,0.903,3333.438,2796.6668,0.0112,0.8126,301000.0,0.9409,0.2373,進和,プライム（内国株式）,卸売業
7608,2026-10-02,968.0,-0.0072,0.0136,0.1375,0.2096,0.1501,0.1939,892.9137,814.8161,True,0.0841,0.968,1000.0,523.6596,0.032,0.9143,96800.0,1.0449,0.4161,エスケイジャパン,スタンダード（内国株式）,卸売業
7609,2026-10-02,4350.0,-0.0046,0.0164,0.0861,0.1853,0.0988,0.1696,4062.6,3871.5755,True,0.0707,0.8859,4910.0,2008.6903,0.0328,3.4786,435000.0,0.5466,0.385,ダイトロン,プライム（内国株式）,卸売業
7610,2026-10-02,135.0,-0.0217,-0.0146,-0.0625,-0.0816,-0.0499,-0.0973,138.52,142.3467,True,-0.0254,0.8182,165.0,126.5743,0.0196,0.7364,13500.0,0.7037,0.3027,テイツー,スタンダード（内国株式）,小売業
7611,2026-10-02,2971.0,0.0136,0.0414,-0.0211,0.1409,-0.0085,0.1252,2971.9583,2810.1087,True,-0.0003,0.8043,3693.8717,2434.6647,0.0224,4.7451,297100.0,0.8452,0.3444,ハイデイ日高,プライム（内国株式）,小売業
7613,2026-10-02,1601.0,-0.0172,-0.0006,-0.0142,0.2184,-0.0015,0.2027,1578.88,1479.3971,True,0.014,0.9457,1693.0,1123.8277,0.0222,2.8675,160100.0,0.7292,0.2671,シークス,プライム（内国株式）,卸売業
7614,2026-10-02,1541.0,-0.0045,-0.0045,0.0,-0.0084,0.0126,-0.024,1545.4,1541.7067,True,-0.0028,0.7696,2002.4319,1437.5683,0.007,0.0525,154100.0,0.6462,0.2053,オーエムツーネットワーク,スタンダード（内国株式）,小売業
7615,2026-10-02,94.0,-0.0105,-0.0408,-0.0874,-0.0105,-0.0748,-0.0262,98.6,96.8267,True,-0.0467,0.4462,210.6848,91.0,0.022,0.1368,9400.0,0.3485,0.3379,京都きもの友禅ホールディングス,スタンダード（内国株式）,小売業
7616,2026-10-02,1995.0,-0.0013,0.005,-0.068,0.0869,-0.0554,0.0712,2053.92,1975.7333,True,-0.0287,0.9202,2168.0,1651.783,0.0211,13.2075,199500.0,1.7721,0.2771,コロワイド,プライム（内国株式）,小売業
7619,2026-10-02,1001.0,-0.0109,-0.0215,0.0481,0.1551,0.0607,0.1395,973.958,923.4033,True,0.0278,0.9718,1030.0,753.9184,0.0157,0.0928,100100.0,2.1779,0.4631,田中商事,スタンダード（内国株式）,卸売業
7621,2026-10-02,3245.0,-0.0076,-0.0581,-0.0675,-0.0182,-0.0549,-0.0338,3422.2,3388.7333,True,-0.0518,0.8401,3862.5747,3205.0,0.0131,0.1425,324500.0,2.565,0.6118,うかい,スタンダード（内国株式）,小売業
7624,2026-10-02,182.0,0.0,0.0706,0.1742,0.2817,0.1868,0.266,163.36,149.0,True,0.1141,0.8792,207.0,128.3333,0.0447,0.639,18200.0,4.318,0.6263,ＮａＩＴＯ,スタンダード（内国株式）,卸売業
7625,2026-10-02,457.0,0.0,-0.0087,-0.0359,-0.0022,-0.0232,-0.0179,465.68,466.8933,False,-0.0186,0.8623,530.0,362.7523,0.0105,0.0261,45700.0,0.7843,0.2299,グローバルダイニング,スタンダード（内国株式）,小売業
7628,2026-10-02,1127.0,-0.0276,-0.0296,-0.0481,0.0195,-0.0355,0.0038,1148.4678,1133.9434,True,-0.0187,0.9025,1248.7762,970.8415,0.0205,0.6883,112700.0,2.3778,0.1951,オーハシテクニカ,プライム（内国株式）,卸売業
7630,2026-10-02,1096.0,-0.0162,0.0009,-0.0188,0.2255,-0.0062,0.2098,1075.9983,959.1393,True,0.0186,0.9202,1191.0,832.8889,0.0214,6.8017,109600.0,1.0287,0.3884,壱番屋,プライム（内国株式）,小売業
7634,2026-10-02,5300.0,-0.0364,-0.0159,0.0277,0.0906,0.0403,0.0749,5165.65,5073.2022,True,0.026,0.8979,5902.4807,4579.3415,0.0144,0.0191,530000.0,1.6447,0.6438,星医療酸器,スタンダード（内国株式）,卸売業
7636,2026-10-02,790.0,-0.0025,-0.0088,-0.0137,0.018,-0.0011,0.0024,796.12,787.7872,True,-0.0077,0.886,891.6613,756.8529,0.0055,0.0397,79000.0,0.5997,0.2754,ハンズマン,スタンダード（内国株式）,小売業
7637,2026-10-02,3525.0,-0.0181,-0.0248,-0.0467,0.0647,-0.0341,0.049,3555.0713,3487.9133,True,-0.0085,0.8809,4001.4052,2078.5203,0.0276,0.9892,352500.0,0.7777,0.3571,白銅,プライム（内国株式）,卸売業
7638,2026-10-02,1381.0,-0.0122,-0.0309,-0.0206,0.0147,-0.0079,-0.001,1402.2,1381.3867,True,-0.0151,0.8555,1614.2476,1301.0,0.0117,0.219,138100.0,1.0028,0.3593,ＮＥＷ　ＡＲＴ　ＨＯＬＤＩＮＧＳ,スタンダード（内国株式）,小売業
7640,2026-10-02,200.0,0.0,0.0363,0.0256,0.2121,0.0383,0.1965,193.96,179.0133,True,0.0311,0.7194,278.0,153.0,0.0186,0.058,20000.0,0.7297,0.35,トップカルチャー,スタンダード（内国株式）,小売業
7643,2026-10-02,1637.0,-0.0085,-0.0426,-0.0465,-0.0257,-0.0339,-0.0414,1700.3349,1694.3736,True,-0.0372,0.9032,1812.5233,1524.8698,0.0126,0.0777,163700.0,1.6291,0.5037,ダイイチ,スタンダード（内国株式）,小売業
7646,2026-10-02,1773.0,-0.0117,-0.0285,-0.0399,0.0418,-0.0272,0.0262,1838.9023,1775.8643,True,-0.0358,0.8589,2064.2917,1431.3945,0.017,0.2089,177300.0,2.6917,0.4377,ＰＬＡＮＴ,スタンダード（内国株式）,小売業
7649,2026-10-02,1235.0,-0.01,-0.0191,-0.0626,-0.2067,-0.05,-0.2224,1286.7883,1400.1396,False,-0.0402,0.6308,1957.6762,1223.0,0.025,31.2398,123500.0,1.0907,0.2136,スギホールディングス,プライム（内国株式）,小売業
7670,2026-10-02,1225.0,0.0049,0.0083,-0.0356,0.1995,-0.023,0.1838,1210.7631,1117.5667,True,0.0118,0.9644,1270.1886,907.0116,0.0128,0.0481,122500.0,0.4659,0.3476,オーウエル,スタンダード（内国株式）,卸売業
7673,2026-10-02,1720.0,0.0088,0.0214,0.0355,0.0657,0.0481,0.05,1682.16,1648.5867,True,0.0225,0.9227,1864.0525,1422.7941,0.0125,0.028,172000.0,0.868,0.2893,ダイコー通産,スタンダード（内国株式）,卸売業
7674,2026-10-02,2755.0,0.0011,-0.0004,0.044,-0.0434,0.0566,-0.0591,2676.72,2701.7067,True,0.0292,0.8844,3115.0,2373.0,0.0118,0.1096,275500.0,1.0814,0.3446,ＮＡＴＴＹ　ＳＷＡＮＫＹホールディングス,グロース（内国株式）,小売業
7677,2026-10-02,2800.0,0.0382,0.026,0.0068,0.0985,0.0195,0.0828,2742.96,2691.2,True,0.0208,0.9274,3019.3035,2415.4428,0.0117,0.0052,280000.0,1.1628,0.6648,ヤシマキザイ,スタンダード（内国株式）,卸売業
7678,2026-10-02,3740.0,-0.0171,0.0054,0.1597,0.1543,0.1723,0.1387,3480.0,3250.7733,True,0.0747,0.9602,3895.0,2087.5,0.0345,0.5642,374000.0,0.8312,0.2676,あさくま,スタンダード（内国株式）,小売業
7679,2026-10-02,1586.0,-0.0173,-0.0329,-0.0365,-0.052,-0.0238,-0.0677,1641.24,1682.24,False,-0.0337,0.6897,2299.4081,1586.0,0.0157,0.96,158600.0,1.1689,0.3249,薬王堂ホールディングス,プライム（内国株式）,小売業
7681,2026-10-02,984.0,0.0,0.002,-0.0099,0.0881,0.0028,0.0724,987.3238,948.243,True,-0.0034,0.8412,1169.7497,712.6627,0.0243,0.0191,98400.0,0.8161,0.2916,レオクラン,スタンダード（内国株式）,卸売業
7682,2026-10-02,3710.0,-0.0013,-0.004,-0.0499,-0.0824,-0.0373,-0.0981,3875.4,3956.3778,False,-0.0427,0.902,4112.9382,3705.0,0.0097,0.1625,371000.0,2.4811,0.6792,浜木綿,スタンダード（内国株式）,小売業
7683,2026-10-02,1408.0,-0.0007,-0.0049,-0.0056,-0.0217,0.007,-0.0374,1411.16,1406.6261,True,-0.0022,0.9682,1454.2055,1268.5491,0.0079,0.3021,140800.0,0.7599,0.2348,ダブルエー,プライム（内国株式）,小売業
7685,2026-10-02,2768.0,-0.0291,-0.0132,-0.1028,-0.2236,-0.0901,-0.2392,2981.96,3215.4533,False,-0.0718,0.6662,4155.0,1539.5233,0.0435,12.635,276800.0,1.2102,0.377,ＢｕｙＳｅｌｌ　Ｔｅｃｈｎｏｌｏｇｉｅｓ,グロース（内国株式）,卸売業
7686,2026-10-02,433.0,-0.0092,-0.0155,0.0046,0.0702,0.0173,0.0545,431.2818,417.4765,True,0.004,0.9249,468.1383,385.7203,0.0112,0.1286,43300.0,1.5453,0.302,ひとまいる,スタンダード（内国株式）,小売業
7687,2026-10-02,455.0,0.0,0.0213,0.0191,0.1075,0.0317,0.0918,448.5547,429.0748,True,0.0144,0.8087,562.643,395.9911,0.0218,0.0268,45500.0,0.9436,0.2258,ミクリード,グロース（内国株式）,卸売業
7689,2026-10-02,340.0,-0.0556,-0.1866,0.1333,0.1296,0.146,0.1139,377.76,329.5067,True,-0.1,0.6137,554.0,283.0,0.2076,0.9542,34000.0,3.7824,0.3032,コパ・コーポレーション,グロース（内国株式）,卸売業
7692,2026-10-02,77.0,0.0132,0.0,-0.0494,0.0039,-0.0368,-0.0118,78.96,77.5062,False,-0.0248,0.5964,129.1,71.7833,0.0269,0.225,7700.0,0.8624,0.1448,アースインフィニティ,スタンダード（内国株式）,電気・ガス業
7694,2026-10-02,640.0,0.1722,0.1963,-0.1197,0.4512,-0.107,0.4356,580.6,492.2267,True,0.1023,0.701,913.0,408.0,0.0541,0.6019,64000.0,0.4191,0.3348,いつも,グロース（内国株式）,小売業
7695,2026-10-02,884.0,-0.0101,-0.0714,-0.0023,0.2312,0.0104,0.2155,917.16,803.8267,True,-0.0362,0.9228,958.0,669.0,0.0299,0.0689,88400.0,0.6657,0.4011,交換できるくん,グロース（内国株式）,小売業
7698,2026-10-02,2740.0,0.0055,-0.0481,0.0208,0.1008,0.0334,0.0852,2744.3496,2625.8713,True,-0.0016,0.9325,2938.2,1908.7744,0.0243,0.109,274000.0,1.9539,0.445,アイスコ,スタンダード（内国株式）,卸売業
7701,2026-10-02,3898.0,-0.0245,-0.0272,-0.0324,-0.0528,-0.0198,-0.0684,3909.5874,3996.7765,True,-0.003,0.8739,4460.3011,3365.1879,0.0203,42.6633,389800.0,1.1754,0.4223,島津製作所,プライム（内国株式）,精密機器
7702,2026-10-02,448.0,-0.0022,-0.01,-0.0248,0.0008,-0.0122,-0.0148,449.3437,447.1139,True,-0.003,0.9548,469.2246,409.1927,0.0136,0.1079,44800.0,0.9086,0.3785,ＪＭＳ,スタンダード（内国株式）,精密機器
7707,2026-10-02,212.0,-0.0185,0.0047,-0.0185,0.0872,-0.0059,0.0715,210.92,206.14,False,0.0051,0.7167,295.8022,173.1284,0.0229,0.222,21200.0,0.842,0.2471,プレシジョン・システム・サイエンス,グロース（内国株式）,精密機器
7711,2026-10-02,5060.0,-0.0098,0.0194,-0.0237,0.0113,-0.011,-0.0044,5091.0282,4882.1585,False,-0.0061,0.4169,12138.2847,3918.9321,0.0438,4.0805,506000.0,0.7039,0.2062,助川電気工業,スタンダード（内国株式）,精密機器
7713,2026-10-02,2580.0,0.032,0.0214,0.0591,0.2222,0.0717,0.2065,2410.24,2219.7467,True,0.0704,0.9389,2748.0,1422.1898,0.0348,0.5155,258000.0,0.6298,0.4199,シグマ光機,スタンダード（内国株式）,精密機器
7715,2026-10-02,4400.0,0.0069,0.0591,0.0719,0.0591,0.0845,0.0434,4010.2986,4028.1583,True,0.0972,0.9148,4809.7209,1974.0088,0.0349,3.447,440000.0,0.8818,0.4676,長野計器,プライム（内国株式）,精密機器
7716,2026-10-02,1465.0,-0.0108,-0.0393,-0.0815,-0.025,-0.0689,-0.0406,1527.36,1528.6571,True,-0.0408,0.8656,1692.5,934.3484,0.0288,7.7337,146500.0,0.992,0.3358,ナカニシ,スタンダード（内国株式）,精密機器
7717,2026-10-02,6530.0,-0.0091,0.0794,0.1635,-0.1874,0.1761,-0.2031,5736.6907,6350.9071,True,0.1383,0.6458,10112.1335,2730.191,0.0394,9.7152,653000.0,0.6114,0.4998,ブイ・テクノロジー,プライム（内国株式）,精密機器
7719,2026-10-02,499.0,-0.0177,-0.0292,-0.002,0.1524,0.0106,0.1368,512.0,465.2533,True,-0.0254,0.5076,983.0,242.0,0.0515,1.6856,49900.0,0.3833,0.1478,東京衡機,スタンダード（内国株式）,精密機器
7721,2026-10-02,7520.0,0.0176,-0.0079,0.0836,0.1551,0.0962,0.1395,7134.0,6831.6,True,0.0541,0.7928,9485.4076,4364.8783,0.0426,19.4467,752000.0,0.912,0.2962,東京計器,プライム（内国株式）,精密機器
7722,2026-10-02,735.0,-0.0213,-0.0438,-0.0522,-0.0414,-0.0396,-0.0571,757.9044,761.2764,True,-0.0302,0.6778,1084.4147,593.7336,0.0158,0.225,73500.0,0.898,0.3627,国際計測器,スタンダード（内国株式）,精密機器
7723,2026-10-02,2857.0,-0.0107,0.0029,-0.0073,-0.0275,0.0053,-0.0432,2826.8339,2857.6114,False,0.0107,0.8936,3197.0784,2412.1669,0.0129,0.5524,285700.0,0.7818,0.2509,愛知時計電機,プライム（内国株式）,精密機器
7725,2026-10-02,1806.0,-0.0327,-0.005,0.0152,-0.0686,0.0278,-0.0843,1775.28,1804.6667,False,0.0173,0.8026,2250.2186,1247.0617,0.0314,1.3691,180600.0,0.4946,0.3103,インターアクション,プライム（内国株式）,精密機器
7726,2026-10-02,1469.0,-0.018,0.0251,0.0784,0.0035,0.091,-0.0122,1393.7553,1375.7304,True,0.054,0.9179,1600.4237,896.028,0.0317,0.1102,146900.0,0.4622,0.302,黒田精工,スタンダード（内国株式）,機械
7727,2026-10-02,950.0,0.0021,0.0243,0.1446,0.2532,0.1573,0.2375,860.8064,790.3718,True,0.1036,0.9824,967.0,530.6175,0.0356,1.1804,95000.0,1.1335,0.4164,オーバル,スタンダード（内国株式）,精密機器
7729,2026-10-02,19205.0,-0.0246,0.0959,0.1158,0.0,0.1285,-0.0156,17287.7534,17935.3408,True,0.1109,0.909,21127.5655,9184.0628,0.0364,53.5352,1920500.0,0.8352,0.5563,東京精密,プライム（内国株式）,精密機器
7730,2026-10-02,1443.0,-0.0123,-0.0157,-0.0744,-0.1606,-0.0618,-0.1763,1483.9642,1566.5945,False,-0.0276,0.7492,1925.9295,1207.1088,0.0151,4.0849,144300.0,0.7262,0.2471,マニー,プライム（内国株式）,精密機器
7731,2026-10-02,1900.0,-0.0306,0.0196,-0.0234,-0.1589,-0.0108,-0.1745,1838.6517,2010.2817,False,0.0334,0.7993,2377.2259,1608.8549,0.0319,33.2609,190000.0,1.1065,0.4818,ニコン,プライム（内国株式）,精密機器
7733,2026-10-02,1958.0,-0.0251,-0.0326,-0.0805,0.1075,-0.0679,0.0918,2027.94,1894.8067,True,-0.0345,0.8858,2210.5,1276.9608,0.0208,80.4949,195800.0,0.8759,0.2407,オリンパス,プライム（内国株式）,精密機器
7734,2026-10-02,3495.0,-0.0265,-0.014,0.0306,-0.0687,0.0433,-0.0844,3408.5736,3448.352,False,0.0254,0.8969,3896.7888,2880.4507,0.0257,3.3058,349500.0,1.1583,0.2603,理研計器,プライム（内国株式）,精密機器
7735,2026-10-02,15465.0,-0.008,0.1304,0.1522,-0.1799,0.1648,-0.1956,13350.1549,14782.2525,True,0.1584,0.7856,19685.029,5748.2871,0.0423,259.0614,1546500.0,0.7938,0.5705,ＳＣＲＥＥＮホールディングス,プライム（内国株式）,電気機器
7740,2026-10-02,1369.0,-0.0029,0.0059,0.0007,0.1988,0.0134,0.1831,1358.76,1279.8345,True,0.0075,0.9357,1463.0,935.8498,0.0139,5.0279,136900.0,0.7065,0.2737,タムロン,プライム（内国株式）,精密機器
7741,2026-10-02,24180.0,-0.0086,0.0296,-0.0285,-0.0675,-0.0159,-0.0832,23634.0,24966.9333,False,0.0231,0.7954,30400.0,19805.8025,0.0237,295.7164,2418000.0,1.2413,0.3882,ＨＯＹＡ,プライム（内国株式）,精密機器
7743,2026-10-02,793.0,0.0,0.0,0.0013,0.5488,0.0139,0.5332,773.48,602.2,True,0.0252,0.9987,794.0,468.0,0.0013,3.2961,79300.0,1.5787,0.2,シード,スタンダード（内国株式）,精密機器
7744,2026-10-02,1972.0,-0.0204,-0.0319,-0.0702,-0.0427,-0.0576,-0.0584,2011.36,2013.2574,False,-0.0196,0.8507,2317.9788,1534.9357,0.0198,5.2472,197200.0,0.7571,0.2303,ノーリツ鋼機,プライム（内国株式）,精密機器
7745,2026-10-02,2900.0,-0.0381,-0.0267,0.0127,0.0033,0.0253,-0.0123,2858.2562,2858.5389,True,0.0146,0.8592,3375.4274,1654.7695,0.028,2.5072,290000.0,0.9193,0.2969,Ａ＆Ｄホロンホールディングス,プライム（内国株式）,精密機器
7746,2026-10-02,973.0,0.0199,0.1434,0.2539,0.1393,0.2665,0.1237,822.52,794.52,True,0.1829,0.594,1638.0,218.0,0.047,8.9622,97300.0,2.4238,0.5491,岡本硝子,スタンダード（内国株式）,精密機器
7747,2026-10-02,3293.0,-0.0214,-0.022,-0.1327,-0.1478,-0.1201,-0.1634,3437.16,3602.8759,False,-0.0419,0.769,4282.0,2242.9055,0.0288,50.896,329300.0,1.1372,0.2002,朝日インテック,プライム（内国株式）,精密機器
7749,2026-10-02,2772.0,0.0018,-0.0111,-0.0254,0.0112,-0.0128,-0.0044,2832.1153,2787.0201,True,-0.0212,0.927,2990.2758,2512.9911,0.0204,0.113,277200.0,1.6588,0.2918,メディキット,スタンダード（内国株式）,精密機器
7751,2026-10-02,4607.0,-0.0148,-0.0013,-0.0301,0.0815,-0.0175,0.0658,4555.68,4454.8629,True,0.0113,0.9329,4938.4391,3912.0917,0.0162,135.7258,460700.0,0.8473,0.3574,キヤノン,プライム（内国株式）,電気機器
7752,2026-10-02,1662.5,-0.0009,0.0011,-0.0348,0.1688,-0.0222,0.1531,1636.6813,1555.8741,True,0.0158,0.9641,1724.3682,1220.2956,0.0213,31.5094,166250.0,0.8098,0.183,リコー,プライム（内国株式）,電気機器
7760,2026-10-02,2125.0,0.0043,-0.0116,0.0379,-0.2084,0.0506,-0.2241,2039.489,2220.5937,False,0.0419,0.5064,4196.2562,1712.0331,0.0266,1.4945,212500.0,0.5395,0.3113,ＩＭＶ,スタンダード（内国株式）,精密機器
7762,2026-10-02,2398.0,-0.0119,-0.0016,-0.147,0.0084,-0.1344,-0.0073,2445.3426,2384.9437,True,-0.0194,0.8305,2887.3641,963.0692,0.0336,39.1182,239800.0,0.8029,0.2669,シチズン時計,プライム（内国株式）,精密機器
7769,2026-10-02,3770.0,-0.0157,-0.0051,-0.0362,-0.0025,-0.0236,-0.0182,3803.4042,3787.7848,True,-0.0088,0.9232,4083.8015,3059.3427,0.0118,0.7551,377000.0,0.8632,0.2576,リズム,プライム（内国株式）,精密機器
7771,2026-10-02,253.0,-0.0232,-0.0232,-0.0766,-0.1812,-0.064,-0.1969,262.8,287.7067,False,-0.0373,0.2691,940.0,83.0,0.0305,0.3486,25300.0,1.1297,0.4019,日本精密,スタンダード（内国株式）,精密機器
7774,2026-10-02,833.0,-0.0469,-0.0177,-0.0513,0.3567,-0.0386,0.341,850.0,743.7467,True,-0.02,0.8986,927.0,448.0,0.041,0.8586,83300.0,0.7439,0.2812,ジャパン・ティッシュエンジニアリング,グロース（内国株式）,精密機器
7775,2026-10-02,417.0,-0.0024,0.0025,0.0025,0.0168,0.0151,0.0011,416.2222,414.6766,True,0.0019,0.8924,467.2737,400.3184,0.0071,0.0825,41700.0,1.1664,0.2683,大研医器,スタンダード（内国株式）,精密機器
7776,2026-10-02,215.0,-0.0138,-0.0529,-0.0611,-0.0773,-0.0485,-0.0929,224.28,222.24,False,-0.0414,0.4151,518.0,200.0,0.0296,0.3533,21500.0,0.9452,0.2674,セルシード,グロース（内国株式）,精密機器
7777,2026-10-02,420.0,-0.0278,0.0072,0.117,0.1765,0.1296,0.1608,391.32,363.8,False,0.0733,0.5296,793.0,264.0,0.0628,12.6314,42000.0,1.3671,0.2201,スリー・ディー・マトリックス,グロース（内国株式）,精密機器
7779,2026-10-02,221.0,-0.0433,-0.0753,-0.0264,-0.0792,-0.0138,-0.0948,229.16,232.92,False,-0.0356,0.5262,420.0,164.0,0.0281,1.8385,22100.0,0.6153,0.3218,ＣＹＢＥＲＤＹＮＥ,グロース（内国株式）,精密機器
7780,2026-10-02,1786.0,0.0062,0.0125,-0.078,0.0481,-0.0653,0.0325,1796.96,1769.5067,True,-0.0061,0.8562,2086.0,1072.8732,0.0283,5.0587,178600.0,1.2446,0.2314,メニコン,プライム（内国株式）,精密機器
7781,2026-10-02,881.0,-0.0023,0.0057,-0.0056,0.0614,0.007,0.0458,879.76,819.6575,True,0.0014,0.9628,915.0,517.7037,0.0192,0.1179,88100.0,0.5153,0.2127,平山ホールディングス,スタンダード（内国株式）,精密機器
7782,2026-10-02,508.0,0.002,0.0367,0.0389,0.1116,0.0515,0.0959,489.32,472.4,True,0.0382,0.881,576.6272,420.0,0.0152,0.0204,50800.0,1.4136,0.4926,シンシア,スタンダード（内国株式）,精密機器
7791,2026-10-02,812.0,-0.0037,0.0025,0.0049,0.011,0.0175,-0.0047,812.14,804.7655,True,-0.0002,0.9179,884.6405,750.7489,0.0111,0.0197,81200.0,0.8834,0.3863,ドリームベッド,スタンダード（内国株式）,その他製品
7792,2026-10-02,1487.0,0.0075,0.037,0.0301,0.0606,0.0427,0.0449,1439.9752,1415.4142,True,0.0327,0.9643,1542.1175,1304.4227,0.0173,0.2249,148700.0,1.735,0.2668,コラントッテ,グロース（内国株式）,その他製品
7793,2026-10-02,1595.0,-0.0019,-0.0142,0.0514,0.1694,0.064,0.1537,1542.32,1440.32,True,0.0342,0.8444,1888.9932,1324.0,0.0172,0.0259,159500.0,1.2091,0.6,イメージ・マジック,グロース（内国株式）,その他製品
7794,2026-10-02,1042.0,0.0136,0.0368,0.0611,-0.1522,0.0737,-0.1678,998.08,1002.32,False,0.044,0.3361,3100.0,360.0,0.0304,2.9252,104200.0,0.5129,0.4005,イーディーピー,グロース（内国株式）,その他製品
7795,2026-10-02,207.0,-0.0327,-0.0417,-0.0794,0.0234,-0.0668,0.0077,216.3178,206.9536,True,-0.0431,0.8096,255.6783,176.5628,0.0201,0.1075,20700.0,0.5674,0.2882,ＫＹＯＲＩＴＳＵ,スタンダード（内国株式）,その他製品
7800,2026-10-02,969.0,-0.0082,0.0223,-0.0218,0.1233,-0.0091,0.1077,962.5988,925.7955,True,0.0066,0.5729,1691.3077,558.2769,0.0167,0.0877,96900.0,0.5481,0.3056,アミファ,スタンダード（内国株式）,その他製品
7803,2026-10-02,439.0,-0.0266,-0.0498,-0.0113,0.4253,0.0014,0.4097,447.08,381.9278,True,-0.0181,0.871,504.0,234.7299,0.0443,6.2731,43900.0,0.8383,0.4066,ブシロード,グロース（内国株式）,その他製品
7804,2026-10-02,2565.0,0.0166,0.0599,0.0755,0.14,0.0881,0.1243,2409.04,2298.9733,True,0.0647,0.9307,2755.9767,2091.0,0.0163,0.1131,256500.0,2.4108,0.6808,ビーアンドピー,スタンダード（内国株式）,その他製品
7805,2026-10-02,707.0,-0.0014,0.0014,-0.0042,-0.0364,0.0084,-0.0521,712.3093,729.1731,False,-0.0075,0.9158,772.0219,622.725,0.0077,0.055,70700.0,0.4403,0.3316,プリントネット,スタンダード（内国株式）,その他製品
7806,2026-10-02,8600.0,-0.0487,0.0285,-0.0485,0.0666,-0.0359,0.0509,8319.9805,7921.1124,True,0.0337,0.9191,9356.9554,3483.9728,0.0469,15.8037,860000.0,1.3316,0.4227,ＭＴＧ,グロース（内国株式）,その他製品
7807,2026-10-02,873.0,-0.0023,-0.008,0.0034,0.0804,0.0161,0.0648,866.68,850.9333,True,0.0073,0.9754,895.0,777.4603,0.0125,0.0163,87300.0,0.8367,0.4209,幸和製作所,スタンダード（内国株式）,その他製品
7809,2026-10-02,1324.0,-0.003,0.003,0.0,0.003,0.0126,-0.0126,1323.32,1320.4477,True,0.0005,0.7477,1770.8577,1261.168,0.0043,0.0427,132400.0,0.8455,0.245,壽屋,スタンダード（内国株式）,その他製品
7810,2026-10-02,152.0,-0.013,-0.0065,-0.0732,-0.0401,-0.0605,-0.0558,160.72,155.3946,False,-0.0543,0.3732,407.3376,140.4269,0.0348,0.3504,15200.0,0.0953,0.1135,クロスフォー,スタンダード（内国株式）,その他製品
7811,2026-10-02,2240.0,-0.0261,-0.0382,0.1296,0.166,0.1422,0.1504,2101.9642,1954.6915,True,0.0657,0.9532,2350.0,1634.0856,0.0273,0.7471,224000.0,1.5147,0.2764,中本パックス,スタンダード（内国株式）,その他製品
7812,2026-10-02,2082.0,0.0,-0.0161,-0.0312,-0.0406,-0.0186,-0.0562,2110.2,2131.8493,True,-0.0134,0.9071,2295.3361,1664.5792,0.0197,0.0651,208200.0,1.5723,0.2785,クレステック,スタンダード（内国株式）,その他製品
7813,2026-10-02,891.0,-0.0011,0.0022,-0.0315,0.0241,-0.0189,0.0085,900.4,867.0012,True,-0.0104,0.9356,952.2919,749.5522,0.0204,0.0239,89100.0,0.9089,0.3197,プラッツ,スタンダード（内国株式）,その他製品
7814,2026-10-02,630.0,0.0016,0.0619,-0.0171,0.0095,-0.0045,-0.0061,612.633,618.056,True,0.0283,0.7274,866.1248,525.4914,0.013,0.0924,63000.0,1.2086,0.5597,日本創発グループ,スタンダード（内国株式）,その他製品
7815,2026-10-02,338.0,-0.0059,-0.0259,-0.0585,-0.0479,-0.0459,-0.0636,348.6,338.6667,True,-0.0304,0.4794,705.0,221.0,0.0404,0.0152,33800.0,0.1094,0.3518,東京ボード工業,スタンダード（内国株式）,その他製品
7818,2026-10-02,1179.0,-0.0167,-0.0415,0.0086,-0.1243,0.0212,-0.1399,1189.5029,1235.5593,False,-0.0088,0.841,1401.8752,971.9538,0.0199,1.5535,117900.0,0.6371,0.3447,トランザクション,プライム（内国株式）,その他製品
7819,2026-10-02,942.0,-0.0157,-0.033,-0.0521,0.0731,-0.0395,0.0575,979.0584,925.8979,True,-0.0379,0.7265,1296.5482,766.4944,0.0234,0.3063,94200.0,1.259,0.3646,粧美堂,スタンダード（内国株式）,その他製品
7820,2026-10-02,682.0,-0.0173,-0.0216,-0.0161,-0.0243,-0.0034,-0.04,691.4278,695.7573,False,-0.0136,0.8223,829.3968,675.5782,0.0089,0.3068,68200.0,0.8282,0.3307,ニホンフラッシュ,プライム（内国株式）,その他製品
7821,2026-10-02,1940.0,-0.0061,-0.0217,-0.0472,0.0515,-0.0345,0.0358,1977.72,1915.2548,True,-0.0191,0.8736,2220.6504,1698.4359,0.0196,2.5221,194000.0,1.0831,0.2947,前田工繊,プライム（内国株式）,その他製品
7822,2026-10-02,253.0,-0.0156,-0.0078,0.0038,0.0794,0.0164,0.0637,252.594,243.9336,True,0.0016,0.9686,261.1918,214.1388,0.0136,0.0777,25300.0,0.6211,0.2301,永大産業,スタンダード（内国株式）,その他製品
7823,2026-10-02,769.0,-0.0128,-0.0494,-0.1059,-0.0893,-0.0933,-0.105,818.7646,835.4796,True,-0.0608,0.8597,894.52,756.6812,0.0149,0.6265,76900.0,1.6236,0.4445,アートネイチャー,スタンダード（内国株式）,その他製品
7826,2026-10-02,11840.0,0.0017,0.012,0.2069,0.5397,0.2196,0.524,10493.6,8670.4129,True,0.1283,0.9564,12380.0,2619.4543,0.0601,65.1776,1184000.0,0.9651,0.3514,フルヤ金属,プライム（内国株式）,その他製品
7827,2026-10-02,1766.0,0.0091,-0.0189,0.0103,0.0901,0.0229,0.0745,1754.36,1680.8533,True,0.0066,0.9551,1849.0,1431.0,0.0172,0.0869,176600.0,2.5402,0.3648,オービス,スタンダード（内国株式）,その他製品
7831,2026-10-02,66.0,-0.0149,0.0,-0.0149,-0.0149,-0.0023,-0.0306,66.52,66.8533,False,-0.0078,0.55,120.0,62.0,0.0173,0.0139,6600.0,0.5284,0.175,ウイルコホールディングス,スタンダード（内国株式）,その他製品
7832,2026-10-02,5742.0,-0.0023,0.0391,-0.0021,0.4729,0.0105,0.4573,5549.0454,4761.279,True,0.0348,0.9827,5843.0,3514.1134,0.0287,147.819,574200.0,0.8647,0.2615,バンダイナムコホールディングス,プライム（内国株式）,その他製品
7833,2026-10-02,688.0,0.0,0.0058,0.0424,0.0835,0.055,0.0678,675.36,651.4933,True,0.0187,0.9535,721.5502,604.0,0.0141,0.0372,68800.0,1.04,0.2162,アイフィスジャパン,スタンダード（内国株式）,その他製品
7836,2026-10-02,72.0,-0.027,-0.027,-0.0649,-0.1111,-0.0523,-0.1268,75.4,78.72,False,-0.0451,0.6606,109.0,72.0,0.0218,0.0483,7200.0,1.1145,0.1909,アビックス,スタンダード（内国株式）,その他製品
7837,2026-10-02,345.0,-0.0171,-0.0443,0.0268,0.0748,0.0394,0.0591,343.16,335.28,True,0.0054,0.4012,860.0,291.0,0.024,0.0097,34500.0,0.7751,0.3259,アールシーコア,スタンダード（内国株式）,その他製品
7839,2026-10-02,2150.0,-0.0051,0.0287,0.0567,0.2013,0.0693,0.1857,2052.2076,1920.8413,True,0.0477,0.9881,2176.0,1507.7766,0.0182,4.6544,215000.0,1.1688,0.4791,ＳＨＯＥＩ,プライム（内国株式）,その他製品
7840,2026-10-02,1272.0,-0.0101,-0.0155,-0.0288,0.0402,-0.0162,0.0245,1283.8188,1254.4033,True,-0.0092,0.9421,1350.2203,1159.7286,0.0114,0.4162,127200.0,1.2096,0.2678,フランスベッドホールディングス,プライム（内国株式）,その他製品
7841,2026-10-02,1071.0,-0.0272,-0.021,-0.0156,-0.0174,-0.003,-0.0331,1085.36,1091.12,True,-0.0132,0.7957,1346.0,1040.0,0.0175,0.1367,107100.0,0.4597,0.2351,遠藤製作所,スタンダード（内国株式）,その他製品
7844,2026-10-02,525.0,-0.0132,-0.026,-0.0242,0.1986,-0.0115,0.183,524.84,480.16,True,0.0003,0.8686,604.4351,407.0,0.0222,0.8885,52500.0,1.1121,0.189,マーベラス,プライム（内国株式）,情報・通信業
7846,2026-10-02,2101.5,-0.0043,-0.0251,-0.0155,0.2186,-0.0028,0.2029,2095.66,1895.1644,True,0.0028,0.9684,2170.0,1458.9318,0.02,7.403,210150.0,1.1296,0.219,パイロットコーポレーション,プライム（内国株式）,その他製品
7847,2026-10-02,777.0,0.1477,0.1196,0.1899,0.3087,0.2025,0.293,658.96,633.8344,True,0.1791,1.0,777.0,581.0116,0.0245,0.056,77700.0,1.6789,0.7708,グラファイトデザイン,スタンダード（内国株式）,その他製品
7849,2026-10-02,3000.0,0.001,-0.0066,-0.0369,-0.0909,-0.0243,-0.1066,3031.72,3178.9693,False,-0.0105,0.6967,4305.8749,2911.0,0.0105,0.0767,300000.0,1.0392,0.303,スターツ出版,スタンダード（内国株式）,情報・通信業
7850,2026-10-02,791.0,-0.0075,-0.0075,-0.0235,-0.0825,-0.0108,-0.0982,803.16,830.7831,False,-0.0151,0.8909,887.8186,791.0,0.0094,0.0273,79100.0,0.8663,0.35,総合商研,スタンダード（内国株式）,その他製品
7856,2026-10-02,2045.0,-0.0073,-0.0024,0.0769,0.1794,0.0895,0.1637,1978.56,1848.04,True,0.0336,0.9692,2110.0,1510.9115,0.0185,2.7373,204500.0,1.2316,0.2509,萩原工業,プライム（内国株式）,その他製品
7857,2026-10-02,1297.0,0.0173,0.0195,0.0148,0.0093,0.0274,-0.0063,1277.57,1277.8375,False,0.0152,0.9358,1386.0,1245.42,0.0095,0.0085,129700.0,2.1818,0.3056,セキ,スタンダード（内国株式）,その他製品
7859,2026-10-02,258.0,-0.0301,-0.0652,0.032,0.0617,0.0446,0.0461,267.56,244.44,False,-0.0357,0.6992,369.0,149.2308,0.0426,0.3142,25800.0,0.5826,0.4091,アルメディオ,スタンダード（内国株式）,その他製品
7860,2026-10-02,1212.0,-0.0033,-0.028,-0.0423,0.0252,-0.0296,0.0096,1241.8525,1227.4431,True,-0.024,0.9085,1334.1028,1109.8955,0.0139,1.4945,121200.0,0.8695,0.3654,エイベックス,プライム（内国株式）,情報・通信業
7863,2026-10-02,948.0,-0.0011,0.0053,-0.0115,-0.0073,0.0012,-0.023,942.0,952.6933,False,0.0064,0.759,1249.0732,860.0,0.009,0.0058,94800.0,1.7541,0.4,平賀,スタンダード（内国株式）,その他製品
7864,2026-10-02,3305.0,-0.0178,-0.0081,-0.0022,0.1406,0.0104,0.1249,3279.5873,3084.6805,True,0.0077,0.9792,3375.3369,2428.7042,0.0181,4.5273,330500.0,1.0998,0.2063,フジシールインターナショナル,プライム（内国株式）,その他製品
7865,2026-10-02,335.0,0.0152,0.006,-0.0946,0.003,-0.082,-0.0127,336.8,337.7067,False,-0.0053,0.643,521.0,324.0,0.0111,0.014,33500.0,1.0306,0.2962,ピープル,スタンダード（内国株式）,その他製品
7867,2026-10-02,4202.0,-0.0002,0.0372,0.1257,0.3005,0.1383,0.2848,3819.7738,3515.5139,True,0.1001,0.9848,4267.0,2474.6875,0.0279,27.4532,420200.0,1.2655,0.3817,タカラトミー,プライム（内国株式）,その他製品
7868,2026-10-02,530.0,-0.0112,-0.0081,-0.0452,-0.0349,-0.0325,-0.0505,533.4525,529.165,False,-0.0065,0.7126,743.7162,399.3297,0.0266,1.8027,53000.0,0.8455,0.2804,広済堂ホールディングス,プライム（内国株式）,その他製品
7871,2026-10-02,1000.0,-0.002,-0.0122,-0.0236,0.0919,-0.011,0.0762,999.0378,954.0768,True,0.001,0.7539,1326.4906,828.6712,0.0146,0.0437,100000.0,0.6587,0.2761,フクビ化学工業,スタンダード（内国株式）,化学
7872,2026-10-02,617.0,0.0,-0.0064,0.0016,0.0266,0.0142,0.011,617.12,608.9333,True,-0.0002,0.9889,623.9235,552.1531,0.0065,0.0205,61700.0,1.1957,0.35,エステールホールディングス,スタンダード（内国株式）,その他製品
7874,2026-10-02,963.0,-0.0082,0.0001,0.0125,0.0416,0.0251,0.026,950.5237,943.493,True,0.0131,0.7947,1211.8123,844.6691,0.0152,0.6798,96300.0,0.8633,0.1982,レック,プライム（内国株式）,化学
7875,2026-10-02,881.0,-0.0045,0.0352,0.1034,0.0198,0.116,0.0041,821.4172,828.7239,True,0.0725,0.7945,1108.9106,485.006,0.0245,0.1877,88100.0,1.064,0.4838,竹田ｉＰホールディングス,スタンダード（内国株式）,その他製品
7878,2026-10-02,1119.0,0.0027,-0.0485,-0.2336,-0.3375,-0.2209,-0.3531,1326.52,1386.8133,True,-0.1564,0.5911,1893.0,841.0,0.0654,0.1601,111900.0,1.0747,0.1477,光・彩,スタンダード（内国株式）,その他製品
7879,2026-10-02,679.0,0.0015,0.0044,0.0,0.0511,0.0126,0.0354,675.04,658.36,True,0.0059,0.9593,707.7949,634.0,0.0085,0.0447,67900.0,0.748,0.1901,ノダ,スタンダード（内国株式）,その他製品
7883,2026-10-02,457.0,0.0156,-0.0504,0.1457,0.2026,0.1583,0.1869,416.4401,398.4874,True,0.0974,0.8152,560.6117,334.7455,0.0648,0.5168,45700.0,5.2784,0.5596,サンメッセ,スタンダード（内国株式）,その他製品
7885,2026-10-02,1055.0,0.0,-0.0802,-0.0746,-0.0639,-0.0619,-0.0796,1123.12,1105.4,False,-0.0607,0.615,1715.4941,726.6547,0.0215,0.1447,105500.0,1.0495,0.4755,タカノ,スタンダード（内国株式）,その他製品
7886,2026-10-02,570.0,-0.007,-0.0484,-0.0865,-0.2039,-0.0739,-0.2196,601.0,670.44,True,-0.0516,0.5342,1067.0,504.0,0.0312,0.0188,57000.0,0.668,0.2474,ヤマト　モビリティ　＆　Ｍｆｇ．,スタンダード（内国株式）,化学
7887,2026-10-02,1530.0,-0.0103,-0.0135,-0.0359,0.0241,-0.0233,0.0084,1562.12,1533.28,True,-0.0206,0.5815,2631.0949,1412.0,0.0134,0.0419,153000.0,0.8864,0.3792,南海プライウッド,スタンダード（内国株式）,その他製品
7888,2026-10-02,907.0,-0.0109,0.0123,-0.0033,0.1872,0.0093,0.1715,898.0,873.0133,True,0.01,0.8481,1069.4017,746.0,0.0179,0.8777,90700.0,0.6389,0.3392,三光合成,プライム（内国株式）,化学
7893,2026-10-02,1058.0,-0.0158,-0.0389,-0.0423,-0.0197,-0.0297,-0.0354,1088.3279,1096.6314,True,-0.0279,0.884,1196.8869,998.8762,0.0131,0.5365,105800.0,1.13,0.324,プロネクサス,プライム（内国株式）,その他製品
7896,2026-10-02,501.0,-0.0099,0.0163,0.0063,0.0204,0.0189,0.0047,497.1177,495.0255,True,0.0078,0.9017,555.5969,474.7128,0.0076,0.004,50100.0,1.2058,0.3934,セブン工業,スタンダード（内国株式）,その他製品
7897,2026-10-02,115.0,0.0268,0.0648,0.0748,0.1386,0.0874,0.1229,109.28,104.2,True,0.0523,0.777,148.0,96.0,0.0646,1.1807,11500.0,4.3688,0.5788,ホクシン,スタンダード（内国株式）,その他製品
7898,2026-10-02,935.0,0.0,0.0086,0.0239,0.0949,0.0365,0.0792,918.8407,891.4782,True,0.0176,0.8559,1092.4186,804.6834,0.0167,0.0477,93500.0,0.6299,0.2789,ウッドワン,スタンダード（内国株式）,その他製品
7901,2026-10-02,1118.0,0.155,0.3975,0.3061,0.4389,0.3187,0.4232,845.44,818.7733,False,0.3224,0.396,2823.0,647.0,0.0439,0.1944,111800.0,3.7943,0.7377,マツモト,スタンダード（内国株式）,その他製品
7902,2026-10-02,1120.0,-0.0097,-0.0088,0.0009,0.0448,0.0135,0.0291,1115.52,1103.2267,True,0.004,0.7921,1414.0,840.3155,0.0136,0.0146,112000.0,1.0272,0.2958,ソノコム,スタンダード（内国株式）,その他製品
7906,2026-10-02,2318.0,-0.0004,-0.04,-0.1322,0.0003,-0.1196,-0.0153,2475.2334,2499.9351,True,-0.0635,0.5588,4148.1527,2168.0947,0.0317,11.0758,231800.0,0.9149,0.2262,ヨネックス,スタンダード（内国株式）,その他製品
7908,2026-10-02,242.0,-0.0041,-0.012,0.0001,0.0338,0.0127,0.0181,238.2384,234.4166,True,0.0158,0.8262,292.911,216.3074,0.0152,0.1912,24200.0,0.8203,0.2699,きもと,スタンダード（内国株式）,化学
7911,2026-10-02,2384.5,-0.0137,-0.0185,-0.0233,-0.0915,-0.0107,-0.1072,2420.2318,2423.3092,True,-0.0148,0.8196,2909.2068,1799.1148,0.0335,72.8951,238450.0,0.8981,0.2576,ＴＯＰＰＡＮホールディングス,プライム（内国株式）,その他製品
7912,2026-10-02,2994.0,-0.0012,-0.0009,-0.028,-0.0127,-0.0154,-0.0284,3012.8872,3020.2377,True,-0.0063,0.8957,3342.5481,2401.6515,0.0218,43.0693,299400.0,1.0092,0.2247,大日本印刷,プライム（内国株式）,その他製品
7914,2026-10-02,1696.0,-0.0117,-0.0275,-0.0192,0.096,-0.0066,0.0803,1713.6447,1633.8408,True,-0.0103,0.9639,1759.5733,1336.0496,0.0152,1.1751,169600.0,1.1085,0.2619,共同印刷,プライム（内国株式）,その他製品
7915,2026-10-02,1057.0,-0.0258,-0.1199,-0.1844,-0.2239,-0.1718,-0.2396,1202.36,1290.9505,False,-0.1209,0.6293,1679.7666,1025.0,0.0326,4.6024,105700.0,1.8073,0.5826,ＮＩＳＳＨＡ,プライム（内国株式）,その他製品
7916,2026-10-02,1900.0,0.0112,-0.0078,-0.0104,0.0486,0.0022,0.0329,1899.32,1863.3333,True,0.0004,0.95,2000.0,1415.4619,0.0142,0.0401,190000.0,0.7848,0.2697,光村印刷,スタンダード（内国株式）,その他製品
7917,2026-10-02,1193.0,-0.0245,-0.0401,-0.0653,-0.1112,-0.0526,-0.1269,1231.1261,1289.4236,False,-0.031,0.7926,1505.0976,985.6628,0.0168,1.5206,119300.0,0.8857,0.2932,ＺＡＣＲＯＳ,プライム（内国株式）,化学
7918,2026-10-02,106.0,0.0095,0.0095,-0.0093,-0.0185,0.0033,-0.0342,106.32,106.64,True,-0.003,0.8092,131.0,95.0,0.0121,0.0454,10600.0,0.6832,0.1556,ヴィア・ホールディングス,スタンダード（内国株式）,小売業
7919,2026-10-02,219.0,-0.0179,-0.0152,-0.0366,0.1602,-0.0239,0.1445,223.9717,207.3282,True,-0.0222,0.9593,228.3,179.4492,0.0189,0.0214,21900.0,0.6567,0.2734,野崎印刷紙業,スタンダード（内国株式）,その他製品
7921,2026-10-02,4090.0,0.0099,-0.0109,-0.0488,0.2246,-0.0362,0.2089,4158.0,3986.7333,True,-0.0164,0.8697,4702.7882,2783.0,0.0228,1.1178,409000.0,0.8459,0.3272,ＴＡＫＡＲＡ　＆　ＣＯＭＰＡＮＹ,プライム（内国株式）,その他製品
7927,2026-10-02,2333.0,-0.0119,-0.0004,0.0455,0.0727,0.0581,0.057,2269.1889,2217.577,True,0.0281,0.9798,2381.0,1532.16,0.0141,0.4058,233300.0,0.8956,0.3267,ムトー精工,スタンダード（内国株式）,化学
7928,2026-10-02,617.0,0.0033,0.0033,-0.008,0.0011,0.0046,-0.0146,619.2421,622.4876,True,-0.0036,0.9391,657.0,564.0413,0.0057,0.0144,61700.0,0.4482,0.2,旭化学工業,スタンダード（内国株式）,化学
7931,2026-10-02,3565.0,-0.0166,-0.0365,-0.0259,0.1491,-0.0133,0.1334,3619.9779,3386.3744,True,-0.0152,0.9435,3778.3131,2762.2132,0.0269,0.8866,356500.0,0.7792,0.1982,未来工業,プライム（内国株式）,化学
7932,2026-10-02,11120.0,-0.0151,-0.0339,-0.0624,-0.0885,-0.0498,-0.1042,11592.4,11803.0667,False,-0.0408,0.8002,13895.8287,11090.0,0.0127,0.8026,1112000.0,1.1954,0.3766,ニッピ,スタンダード（内国株式）,その他製品
7936,2026-10-02,4141.0,-0.0254,-0.0007,-0.0526,-0.1045,-0.04,-0.1201,4198.64,4536.7523,False,-0.0137,0.7612,5440.0,3474.8869,0.0264,226.2855,414100.0,0.9597,0.2378,アシックス,プライム（内国株式）,その他製品
7937,2026-10-02,2428.0,-0.017,-0.0355,-0.0776,-0.0521,-0.065,-0.0678,2546.3991,2561.2728,False,-0.0465,0.732,3316.7351,2108.1185,0.0138,0.3805,242800.0,1.115,0.3262,ツツミ,スタンダード（内国株式）,その他製品
7938,2026-10-02,2107.0,0.001,-0.0117,-0.0227,0.0179,-0.0101,0.0022,2128.92,2144.3733,True,-0.0103,0.8731,2413.2113,2040.0,0.0078,0.0481,210700.0,1.1703,0.3287,リーガルコーポレーション,スタンダード（内国株式）,その他製品
7939,2026-10-02,600.0,0.005,0.0033,-0.0132,0.0239,-0.0005,0.0082,601.36,595.8667,True,-0.0023,0.96,625.0,515.2332,0.0073,0.007,60000.0,0.8152,0.2984,研創,スタンダード（内国株式）,その他製品
7942,2026-10-02,2955.0,-0.0199,-0.01,-0.0596,0.1871,-0.0469,0.1715,2954.3468,2738.167,True,0.0002,0.9274,3186.4462,1779.6696,0.02,1.678,295500.0,0.8999,0.2806,ＪＳＰ,プライム（内国株式）,化学
7943,2026-10-02,2797.0,-0.021,-0.0601,-0.0827,-0.0418,-0.0701,-0.0575,2957.1739,2980.469,True,-0.0542,0.7783,3593.6209,2564.123,0.0199,1.9023,279700.0,1.0118,0.3925,ニチハ,プライム（内国株式）,ガラス・土石製品
7944,2026-10-02,3650.0,-0.0122,-0.0369,-0.0593,-0.1442,-0.0467,-0.1599,3753.2,4021.7503,False,-0.0275,0.7909,4615.0,3082.9721,0.0177,2.7553,365000.0,0.6261,0.2785,ローランド,プライム（内国株式）,その他製品
7947,2026-10-02,2768.0,-0.0047,-0.0119,-0.0136,0.0656,-0.001,0.0499,2787.2162,2655.9221,True,-0.0069,0.967,2862.5702,2217.8739,0.0163,5.1303,276800.0,0.8134,0.2078,エフピコ,プライム（内国株式）,化学
7949,2026-10-02,2740.0,-0.0108,-0.0129,-0.008,0.0815,0.0046,0.0658,2762.4808,2645.7075,True,-0.0081,0.9388,2918.4775,2318.5684,0.0137,1.4495,274000.0,1.1616,0.2062,小松ウオール工業,プライム（内国株式）,その他製品
7951,2026-10-02,1202.0,-0.0164,-0.0387,-0.1023,0.0439,-0.0896,0.0283,1260.5222,1228.8852,True,-0.0464,0.8482,1417.1132,942.0093,0.0216,27.5686,120200.0,0.9773,0.3355,ヤマハ,プライム（内国株式）,その他製品
7952,2026-10-02,3425.0,-0.0058,0.0163,-0.0325,0.049,-0.0199,0.0333,3375.0,3362.4667,True,0.0148,0.9294,3685.0,2311.6895,0.0247,0.5261,342500.0,0.8624,0.2422,河合楽器製作所,プライム（内国株式）,その他製品
7953,2026-10-02,402.0,-0.0074,0.0075,0.0226,0.0597,0.0353,0.0441,395.7117,386.9101,True,0.0159,0.9901,406.0,356.4466,0.0086,0.042,40200.0,1.3753,0.4296,菊水化学工業,スタンダード（内国株式）,その他製品
7955,2026-10-02,903.0,-0.0332,-0.0554,-0.0883,-0.0115,-0.0757,-0.0272,953.9803,929.5663,True,-0.0534,0.8466,1066.6085,721.6997,0.0181,0.4017,90300.0,0.9009,0.3418,クリナップ,プライム（内国株式）,その他製品
7956,2026-10-02,2021.0,-0.0076,-0.0093,-0.0467,-0.0286,-0.0341,-0.0443,2031.34,2034.5341,True,-0.0051,0.9197,2197.5,1503.5092,0.0194,18.8199,202100.0,0.9615,0.3407,ピジョン,プライム（内国株式）,その他製品
7957,2026-10-02,2221.0,-0.0565,-0.1388,-0.1616,0.2443,-0.1489,0.2286,2536.48,2151.92,True,-0.1244,0.7793,2850.0,1374.0,0.0305,1.5386,222100.0,4.353,0.6129,フジコピアン,スタンダード（内国株式）,その他製品
7962,2026-10-02,778.0,-0.0077,-0.0311,-0.0323,0.021,-0.0197,0.0053,796.56,792.3616,True,-0.0233,0.9245,841.5332,759.0,0.011,0.2136,77800.0,0.824,0.3033,キングジム,プライム（内国株式）,その他製品
7963,2026-10-02,1783.0,-0.0094,-0.0094,-0.0045,0.0045,0.0082,-0.0112,1809.8,1789.7867,True,-0.0148,0.7813,2282.0,1671.0,0.0103,0.0462,178300.0,0.8132,0.2279,興研,スタンダード（内国株式）,その他製品
7965,2026-10-02,1426.0,-0.0077,-0.024,-0.0345,0.0289,-0.0219,0.0132,1459.6,1435.6933,False,-0.023,0.8246,1729.3259,1322.0,0.0137,1.6064,142600.0,0.8282,0.2861,象印マホービン,プライム（内国株式）,電気機器
7966,2026-10-02,5890.0,-0.0067,0.035,0.0821,-0.1859,0.0947,-0.2015,5486.6804,6049.9904,False,0.0735,0.8086,7284.1235,3467.5714,0.0296,85.0651,589000.0,1.2728,0.4103,リンテック,プライム（内国株式）,その他製品
7970,2026-10-02,2406.0,-0.0188,0.0383,0.0797,-0.024,0.0923,-0.0397,2237.9841,2281.2125,True,0.0751,0.958,2511.4754,1761.4037,0.0191,2.5388,240600.0,0.7043,0.6383,信越ポリマー,プライム（内国株式）,化学
7971,2026-10-02,662.0,-0.0149,-0.0279,-0.0671,0.0209,-0.0544,0.0052,689.613,666.8936,True,-0.04,0.8466,781.9675,524.1655,0.0152,0.6119,66200.0,0.868,0.3367,東リ,スタンダード（内国株式）,化学
7972,2026-10-02,2406.0,-0.0123,-0.0318,-0.0834,-0.1187,-0.0708,-0.1344,2510.92,2641.64,False,-0.0418,0.6512,3695.0,2136.01,0.0211,4.3026,240600.0,0.9036,0.2741,イトーキ,プライム（内国株式）,その他製品
7974,2026-10-02,7849.0,-0.0115,-0.031,-0.1378,0.1005,-0.1251,0.0849,8420.48,7823.6933,True,-0.0679,0.547,14348.9891,6544.0,0.0299,628.9497,784900.0,0.729,0.296,任天堂,プライム（内国株式）,その他製品
7975,2026-10-02,1161.0,-0.0161,-0.0017,-0.0102,0.0507,0.0024,0.035,1166.52,1123.64,True,-0.0047,0.8782,1322.0,1057.0,0.0136,0.0316,116100.0,1.5552,0.2977,リヒトラブ,スタンダード（内国株式）,その他製品
7976,2026-10-02,3445.0,0.0044,0.0147,0.0989,0.2807,0.1115,0.265,3232.2,2886.9019,True,0.0658,0.9815,3510.0,1961.5361,0.0235,3.1324,344500.0,1.004,0.3515,三菱鉛筆,プライム（内国株式）,その他製品
7979,2026-10-02,2207.0,-0.0116,-0.0247,-0.0294,0.0727,-0.0167,0.057,2226.2262,2149.7307,True,-0.0086,0.9277,2378.9473,1590.6883,0.0208,1.5034,220700.0,0.7893,0.2627,松風,プライム（内国株式）,精密機器
7980,2026-10-02,835.0,-0.006,-0.0302,-0.0302,0.0309,-0.0176,0.0152,853.48,831.8,True,-0.0217,0.6297,1326.1271,754.1301,0.0316,0.2222,83500.0,0.9474,0.2276,重松製作所,スタンダード（内国株式）,その他製品
7981,2026-10-02,3020.0,-0.0066,-0.0188,-0.0312,-0.0046,-0.0186,-0.0202,3045.6215,3021.6449,True,-0.0084,0.9252,3264.2484,2313.5467,0.0164,2.8223,302000.0,0.8301,0.2262,タカラスタンダード,プライム（内国株式）,その他製品
7983,2026-10-02,1155.0,-0.0026,-0.006,-0.0617,0.1021,-0.0491,0.0864,1204.2,1101.5733,True,-0.0409,0.7342,1573.0701,1010.0,0.0165,0.0341,115500.0,0.268,0.2474,ミロク,スタンダード（内国株式）,その他製品
7984,2026-10-02,851.0,-0.0207,-0.0533,-0.0793,0.0289,-0.0667,0.0132,902.22,866.6444,True,-0.0568,0.8858,960.6979,755.1578,0.0192,8.1935,85100.0,0.8883,0.3607,コクヨ,プライム（内国株式）,その他製品
7986,2026-10-02,1903.0,-0.0099,-0.0135,-0.0005,0.0117,0.0121,-0.004,1915.2,1883.44,True,-0.0064,0.9198,2069.0,1622.2222,0.0061,0.0135,190300.0,1.1143,0.4753,日本アイ・エス・ケイ,スタンダード（内国株式）,その他製品
7987,2026-10-02,542.0,-0.0217,-0.0321,-0.0287,-0.0201,-0.0161,-0.0358,554.2793,556.8356,True,-0.0222,0.8754,619.1686,513.2455,0.0126,0.2889,54200.0,1.0509,0.3061,ナカバヤシ,スタンダード（内国株式）,その他製品
7988,2026-10-02,2396.0,-0.012,-0.01,-0.0525,-0.0281,-0.0398,-0.0437,2434.2482,2434.2959,True,-0.0157,0.8917,2686.9629,1952.6891,0.0205,12.4607,239600.0,0.8968,0.2833,ニフコ,プライム（内国株式）,化学
7989,2026-10-02,2613.0,-0.0125,-0.0322,-0.0272,0.0287,-0.0146,0.0131,2675.32,2596.0987,True,-0.0233,0.9526,2743.0,1767.3458,0.0119,0.8903,261300.0,1.0804,0.4055,立川ブラインド工業,プライム（内国株式）,金属製品
7990,2026-10-02,2322.0,-0.0211,-0.0361,-0.047,0.0039,-0.0344,-0.0118,2374.6986,2390.7877,False,-0.0222,0.8634,2689.2299,1985.8175,0.0159,1.7033,232200.0,0.8461,0.3076,グローブライド,プライム（内国株式）,その他製品
7991,2026-10-02,1051.0,-0.0019,-0.0094,-0.0313,0.0115,-0.0187,-0.0041,1069.72,1071.92,False,-0.0175,0.5508,1908.2319,1011.0,0.0075,0.0601,105100.0,0.4902,0.28,マミヤ・オーピー,スタンダード（内国株式）,機械
7992,2026-10-02,102.0,-0.0097,0.0,-0.0467,0.0,-0.0341,-0.0157,103.56,102.6667,False,-0.0151,0.6623,154.0,99.0,0.0189,0.0255,10200.0,0.7687,0.1037,セーラー万年筆,スタンダード（内国株式）,その他製品
7994,2026-10-02,2204.0,-0.0161,-0.0467,-0.0684,0.0061,-0.0557,-0.0096,2299.0238,2262.6139,True,-0.0413,0.8335,2644.3582,2057.255,0.0138,5.1815,220400.0,0.9857,0.3929,オカムラ,プライム（内国株式）,その他製品
7995,2026-10-02,6900.0,0.0044,0.0338,0.0354,-0.0143,0.048,-0.0299,6534.3419,6748.4976,False,0.056,0.807,8549.9708,3446.0582,0.0275,3.2298,690000.0,0.6307,0.4067,バルカー,プライム（内国株式）,化学
7997,2026-10-02,1131.0,-0.0044,0.0301,0.0472,0.1045,0.0598,0.0888,1095.0,1053.3867,True,0.0329,0.9802,1153.8655,883.0,0.0093,0.0319,113100.0,1.5321,0.6527,くろがね工作所,スタンダード（内国株式）,その他製品
8001,2026-10-02,2175.5,-0.0123,-0.0062,0.0227,0.1635,0.0353,0.1478,2208.1694,2021.8683,True,-0.0148,0.9159,2375.29,1616.4625,0.025,435.6291,217550.0,1.3702,0.4024,伊藤忠商事,プライム（内国株式）,卸売業
8002,2026-10-02,4725.0,-0.0221,-0.0273,-0.0664,-0.0365,-0.0538,-0.0522,4923.4999,4917.5004,False,-0.0403,0.7633,6190.2899,3492.3093,0.0255,256.9484,472500.0,1.268,0.2734,丸紅,プライム（内国株式）,卸売業
8005,2026-10-02,1732.0,-0.0125,-0.0189,-0.008,0.0675,0.0047,0.0518,1736.007,1703.9695,True,-0.0023,0.9309,1860.5602,1017.5772,0.0137,3.9041,173200.0,0.8855,0.2462,スクロール,プライム（内国株式）,小売業
8006,2026-10-02,1485.0,0.0013,0.0116,-0.0163,0.0289,-0.0037,0.0133,1489.9937,1522.3178,True,-0.0034,0.7684,1932.4908,1324.4666,0.0191,0.0403,148500.0,0.9761,0.3101,ユアサ・フナショク,スタンダード（内国株式）,卸売業
8007,2026-10-02,774.0,-0.009,-0.0076,-0.0282,0.0431,-0.0155,0.0274,782.3682,767.238,True,-0.0107,0.8708,888.808,660.45,0.0103,1.0612,77400.0,1.3313,0.2083,高島,プライム（内国株式）,卸売業
8008,2026-10-02,2109.0,0.0029,0.0019,-0.0254,0.0987,-0.0128,0.083,2102.5561,2029.6326,True,0.0031,0.9714,2171.0,1618.5502,0.0144,1.393,210900.0,0.6311,0.208,ヨンドシーホールディングス,プライム（内国株式）,小売業
8011,2026-10-02,1284.0,-0.0236,-0.0531,-0.1608,-0.0796,-0.1482,-0.0953,1419.8826,1444.5106,True,-0.0957,0.6722,1910.1192,976.6068,0.0297,2.326,128400.0,0.9816,0.2831,三陽商会,プライム（内国株式）,繊維製品
8012,2026-10-02,1151.5,-0.0099,-0.017,-0.0182,-0.0297,-0.0056,-0.0454,1144.8728,1168.2975,True,0.0058,0.8912,1292.0574,759.4568,0.0168,9.9892,115150.0,1.0038,0.3099,長瀬産業,プライム（内国株式）,卸売業
8013,2026-10-02,381.0,0.0,-0.0052,0.0642,0.1206,0.0769,0.1049,370.24,357.52,True,0.0291,0.967,394.0,260.0,0.0135,0.0173,38100.0,0.6285,0.5056,ナイガイ,スタンダード（内国株式）,繊維製品
8014,2026-10-02,4035.0,-0.0194,-0.0312,-0.0469,0.0464,-0.0342,0.0307,4155.2436,3978.4283,True,-0.0289,0.8831,4569.3354,3278.9436,0.0144,1.2658,403500.0,0.6931,0.3165,蝶理,プライム（内国株式）,卸売業
8015,2026-10-02,7264.0,0.0015,-0.0166,-0.0495,0.1785,-0.0369,0.1628,7410.9012,6812.0462,True,-0.0198,0.9394,7732.5769,3948.316,0.0265,168.8839,726400.0,0.9339,0.2553,豊田通商,プライム（内国株式）,卸売業
8016,2026-10-02,702.0,-0.0099,-0.0317,-0.0739,-0.0315,-0.0613,-0.0472,724.1225,728.3229,True,-0.0306,0.8677,809.0564,613.9563,0.0147,5.2264,70200.0,0.9357,0.3111,オンワードホールディングス,プライム（内国株式）,繊維製品
8018,2026-10-02,833.0,-0.0083,-0.0031,-0.0305,0.0633,-0.0179,0.0476,841.7223,821.8476,False,-0.0104,0.8825,943.8756,617.2587,0.019,0.2821,83300.0,0.9797,0.2796,三共生興,スタンダード（内国株式）,卸売業
8020,2026-10-02,2237.5,-0.0047,-0.0286,-0.0164,0.0893,-0.0038,0.0736,2247.5455,2137.1621,True,-0.0045,0.9342,2395.1078,1442.5963,0.0214,14.5117,223750.0,1.3155,0.2588,兼松,プライム（内国株式）,卸売業
8022,2026-10-02,4210.0,0.0048,0.014,0.035,0.2593,0.0477,0.2436,4042.3296,3780.6963,True,0.0415,0.9515,4424.5774,2517.2819,0.0272,9.8024,421000.0,0.9467,0.2898,美津濃,プライム（内国株式）,その他製品
8023,2026-10-02,1013.0,-0.0078,-0.0135,-0.0191,0.0519,-0.0065,0.0362,1025.3571,985.266,True,-0.0121,0.8622,1174.8509,855.0721,0.0208,0.2207,101300.0,2.5103,0.2186,ＤＡＩＫＯ　ＸＴＥＣＨ,スタンダード（内国株式）,情報・通信業
8025,2026-10-02,1400.0,-0.0021,0.0712,0.0606,0.1245,0.0732,0.1088,1327.32,1299.44,True,0.0548,0.9901,1414.0,1181.0,0.0109,0.0152,140000.0,0.8952,0.7393,ツカモトコーポレーション,スタンダード（内国株式）,卸売業
8029,2026-10-02,2731.0,-0.008,0.0063,0.0183,0.0092,0.0309,-0.0064,2681.48,2663.68,True,0.0185,0.9877,2765.0,2399.0,0.0103,0.2852,273100.0,0.937,0.3473,ルックホールディングス,スタンダード（内国株式）,繊維製品
8030,2026-10-02,3900.0,0.0026,-0.0064,0.0,0.0833,0.0126,0.0677,3894.4,3702.4667,True,0.0014,0.9021,4323.3096,3264.3417,0.0099,0.07,390000.0,0.6253,0.4148,中央魚類,スタンダード（内国株式）,卸売業
8031,2026-10-02,4902.0,-0.0028,-0.0197,-0.0436,0.0807,-0.031,0.065,4996.1531,4792.4915,False,-0.0188,0.7448,6581.9407,3517.2439,0.0225,333.7595,490200.0,1.0146,0.3446,三井物産,プライム（内国株式）,卸売業
8032,2026-10-02,1240.0,-0.008,-0.0112,0.0217,0.1351,0.0343,0.1195,1222.3221,1154.1779,True,0.0145,0.9757,1270.8308,649.8962,0.0193,2.7681,124000.0,1.121,0.2336,日本紙パルプ商事,プライム（内国株式）,卸売業
8035,2026-10-02,12100.0,-0.0382,0.1082,0.1392,-0.1443,0.1519,-0.16,10657.9998,11950.821,False,0.1353,0.7708,15697.9538,4841.4339,0.0398,1694.8987,1210000.0,0.9053,0.6088,東京エレクトロン,プライム（内国株式）,電気機器
8037,2026-10-02,4635.0,0.0087,-0.0984,0.0005,0.3251,0.0132,0.3094,4670.1517,4052.0633,True,-0.0075,0.888,5219.6049,2595.8546,0.0348,3.8993,463500.0,1.6048,0.434,カメイ,プライム（内国株式）,卸売業
8039,2026-10-02,3495.0,-0.0029,0.0072,-0.0127,0.031,-0.0001,0.0153,3495.4,3525.2,False,-0.0001,0.8435,4143.2411,3370.0,0.0079,0.0739,349500.0,0.7587,0.2182,築地魚市場,スタンダード（内国株式）,卸売業
8040,2026-10-02,1050.0,0.0,0.0029,0.0029,0.0294,0.0155,0.0137,1047.92,1035.9067,True,0.002,0.8396,1250.5537,871.4526,0.0081,0.0117,105000.0,1.1214,0.3529,東京ソワール,スタンダード（内国株式）,繊維製品
8041,2026-10-02,4275.0,-0.0104,-0.0737,-0.0875,-0.0012,-0.0749,-0.0168,4584.8,4453.8667,True,-0.0676,0.8991,4755.0,3539.6998,0.0146,0.1947,427500.0,1.4503,0.664,ＯＵＧホールディングス,スタンダード（内国株式）,卸売業
8043,2026-10-02,1460.0,-0.026,-0.0541,-0.063,0.2054,-0.0504,0.1898,1509.5038,1365.6926,True,-0.0328,0.9207,1585.7498,1061.7543,0.0215,3.6702,146000.0,1.7088,0.3196,スターゼン,プライム（内国株式）,卸売業
8045,2026-10-02,2014.0,-0.0079,-0.0253,-0.0111,0.0686,0.0016,0.0529,2036.8481,1966.7393,True,-0.0112,0.9378,2147.6392,1029.4017,0.0206,0.0263,201400.0,0.7784,0.2444,横浜丸魚,スタンダード（内国株式）,卸売業
8046,2026-10-02,958.0,-0.0124,-0.0343,-0.0608,0.1075,-0.0482,0.0918,991.12,935.1467,True,-0.0334,0.8153,1175.0645,685.7753,0.0166,0.1626,95800.0,0.975,0.3153,丸藤シートパイル,スタンダード（内国株式）,卸売業
8050,2026-10-02,10460.0,-0.0095,0.0101,-0.0896,0.3046,-0.077,0.289,10172.0783,9025.7226,True,0.0283,0.8822,11857.3573,3081.1487,0.045,56.868,1046000.0,1.0929,0.3101,セイコーグループ,プライム（内国株式）,精密機器
8051,2026-10-02,2005.0,-0.0099,-0.0015,0.013,0.1644,0.0256,0.1488,1953.1723,1832.4638,True,0.0265,0.9801,2045.6252,1300.8828,0.0244,4.1352,200500.0,1.0882,0.2773,山善,プライム（内国株式）,卸売業
8052,2026-10-02,2993.0,0.001,0.0167,0.0313,0.0814,0.0439,0.0658,2904.771,2798.2737,True,0.0304,0.9857,3036.4964,2461.0587,0.0159,2.3958,299300.0,1.4427,0.2509,椿本興業,プライム（内国株式）,卸売業
8053,2026-10-02,1728.0,-0.0134,-0.0281,-0.0551,0.1096,-0.0425,0.0939,1779.3517,1672.1015,True,-0.0289,0.8991,1922.0078,1016.342,0.0247,196.846,172800.0,0.9963,0.2499,住友商事,プライム（内国株式）,卸売業
8056,2026-10-02,4708.0,0.0071,-0.0037,-0.0082,0.0673,0.0044,0.0517,4684.4769,4527.2264,True,0.005,0.7733,6088.5051,3976.5219,0.0207,20.5853,470800.0,1.0616,0.2396,ＢＩＰＲＯＧＹ,プライム（内国株式）,情報・通信業
8057,2026-10-02,2233.0,-0.0027,-0.0062,-0.0474,0.1248,-0.0347,0.1091,2249.56,2114.2476,True,-0.0074,0.8965,2490.7294,1848.2716,0.0278,4.6955,223300.0,0.8009,0.1917,内田洋行,プライム（内国株式）,卸売業
8058,2026-10-02,4694.0,-0.0059,-0.0214,-0.0405,0.0669,-0.0279,0.0512,4820.9678,4660.0425,False,-0.0263,0.791,5934.6354,3350.609,0.0222,413.365,469400.0,1.0471,0.3216,三菱商事,プライム（内国株式）,卸売業
8059,2026-10-02,3500.0,-0.0099,-0.0427,-0.0665,0.1217,-0.0539,0.106,3601.4331,3377.9207,True,-0.0282,0.9274,3773.9585,2440.9258,0.0207,4.2449,350000.0,1.2827,0.2778,第一実業,プライム（内国株式）,卸売業
8060,2026-10-02,3734.0,-0.0045,-0.0008,-0.0122,0.0656,0.0005,0.05,3675.12,3567.0703,True,0.016,0.9589,3894.2363,2819.5705,0.0189,11.1059,373400.0,0.9181,0.1927,キヤノンマーケティングジャパン,プライム（内国株式）,卸売業
8061,2026-10-02,2951.0,-0.0051,-0.0289,-0.0894,0.0703,-0.0768,0.0547,3015.6485,2855.6152,False,-0.0214,0.8242,3580.5343,1806.2975,0.0288,3.6048,295100.0,0.6338,0.1926,西華産業,プライム（内国株式）,卸売業
8065,2026-10-02,2935.0,-0.0131,-0.0467,-0.1979,0.0364,-0.1853,0.0207,3247.8554,3190.5627,True,-0.0963,0.7286,4028.0881,1629.7842,0.0358,5.0873,293500.0,1.2384,0.1882,佐藤商事,プライム（内国株式）,卸売業
8066,2026-10-02,3460.0,-0.0057,-0.0423,-0.0041,0.3066,0.0085,0.291,3513.1148,3028.6966,True,-0.0151,0.9441,3665.0,2005.2683,0.0263,0.91,346000.0,0.8833,0.2637,三谷商事,スタンダード（内国株式）,卸売業
8070,2026-10-02,1005.0,-0.0079,-0.0041,0.0248,0.2332,0.0374,0.2176,978.5286,879.4109,True,0.0271,0.9233,1088.531,750.2031,0.0216,1.0164,100500.0,0.9905,0.1628,東京産業,プライム（内国株式）,卸売業
8074,2026-10-02,6190.0,-0.008,-0.0293,-0.0308,0.1725,-0.0182,0.1568,6327.8891,5806.9017,True,-0.0218,0.9501,6515.0671,4699.6525,0.0241,2.1891,619000.0,1.0883,0.205,ＹＵＡＳＡ,プライム（内国株式）,卸売業
8075,2026-10-02,3110.0,-0.0158,-0.0145,0.001,0.3188,0.0136,0.3031,3071.4496,2728.8735,True,0.0126,0.9765,3185.0,2055.4054,0.0173,1.6354,311000.0,0.9715,0.2361,神鋼商事,プライム（内国株式）,卸売業
8076,2026-10-02,2082.0,-0.0038,-0.007,0.0071,0.0643,0.0197,0.0486,2068.7135,2017.2403,True,0.0064,0.9782,2128.4016,1787.9333,0.0137,0.1096,208200.0,1.4048,0.2155,カノークス,スタンダード（内国株式）,卸売業
8077,2026-10-02,211.0,0.0048,0.0,-0.0186,0.0048,-0.006,-0.0109,212.88,210.1067,True,-0.0088,0.7903,266.9756,197.1564,0.0139,0.0222,21100.0,0.6113,0.1366,トルク,スタンダード（内国株式）,卸売業
8078,2026-10-02,1858.0,-0.0032,-0.0261,-0.0301,0.0902,-0.0174,0.0745,1879.5542,1767.0358,True,-0.0115,0.9514,1952.9548,1179.6336,0.021,9.1299,185800.0,0.9672,0.2392,阪和興業,プライム（内国株式）,卸売業
8079,2026-10-02,4285.0,-0.0138,-0.0392,-0.0446,0.0477,-0.032,0.032,4460.6,4366.6667,True,-0.0394,0.9275,4620.0,3841.5654,0.0158,2.3743,428500.0,1.2529,0.3537,正栄食品工業,プライム（内国株式）,卸売業
8081,2026-10-02,2640.0,0.0,0.0232,0.0499,0.0495,0.0625,0.0338,2521.481,2476.3095,True,0.047,0.9542,2766.6717,1867.8199,0.0178,1.3597,264000.0,1.1828,0.3069,カナデン,プライム（内国株式）,卸売業
8084,2026-10-02,2413.0,-0.0054,0.0102,0.0278,0.247,0.0404,0.2313,2317.7202,2116.4822,True,0.0411,0.9893,2439.0,1392.2325,0.0267,1.9574,241300.0,0.8507,0.228,ＲＹＯＤＥＮ,プライム（内国株式）,卸売業
8085,2026-10-02,4595.0,0.0268,0.0539,0.0774,0.1019,0.09,0.0862,4285.0,4214.4,True,0.0723,0.9829,4675.0,3207.6426,0.0202,0.1082,459500.0,1.1944,0.4846,ナラサキ産業,スタンダード（内国株式）,卸売業
8086,2026-10-02,1307.0,-0.0322,-0.0913,-0.1513,-0.1543,-0.1387,-0.17,1447.4741,1540.4564,False,-0.097,0.7487,1745.778,1307.0,0.0222,11.9153,130700.0,1.3695,0.547,ニプロ,プライム（内国株式）,精密機器
8088,2026-10-02,1996.5,-0.0107,-0.055,-0.1189,0.0218,-0.1063,0.0061,2116.2817,2037.6122,True,-0.0566,0.8807,2266.9493,1528.9813,0.0219,15.2109,199650.0,0.8821,0.3151,岩谷産業,プライム（内国株式）,卸売業
8089,2026-10-02,1910.0,-0.0031,-0.0224,-0.0374,0.0523,-0.0248,0.0367,1954.9093,1897.4491,True,-0.023,0.8067,2367.7666,1676.9268,0.0123,0.0793,191000.0,2.1222,0.3356,ナイス,スタンダード（内国株式）,卸売業
8091,2026-10-02,2341.0,-0.016,-0.0234,-0.0274,0.0381,-0.0147,0.0224,2365.7245,2309.0133,True,-0.0105,0.8931,2621.2114,2048.4891,0.0157,0.2791,234100.0,1.1847,0.2408,ニチモウ,プライム（内国株式）,卸売業
8093,2026-10-02,1748.0,-0.0141,-0.0202,-0.018,0.0404,-0.0054,0.0247,1765.2617,1741.8975,True,-0.0098,0.8177,2137.6162,1628.8886,0.0117,0.6159,174800.0,0.9001,0.2343,極東貿易,プライム（内国株式）,卸売業
8095,2026-10-02,548.0,0.0037,0.0398,0.0,0.096,0.0126,0.0803,529.92,519.72,True,0.0341,0.9928,552.0,441.0711,0.0154,0.4932,54800.0,0.9055,0.439,アステナホールディングス,プライム（内国株式）,卸売業
8097,2026-10-02,2368.0,-0.0219,-0.0272,-0.0314,0.1464,-0.0188,0.1307,2395.9905,2254.4072,True,-0.0117,0.9245,2561.4891,1921.9419,0.0178,2.9025,236800.0,1.1753,0.2843,三愛オブリ,プライム（内国株式）,卸売業
8098,2026-10-02,4405.0,-0.0045,-0.0134,-0.0188,0.1356,-0.0062,0.1199,4401.6815,4087.4108,True,0.0008,0.9737,4523.8387,3255.1347,0.0178,5.6482,440500.0,1.2451,0.2028,稲畑産業,プライム（内国株式）,卸売業
8101,2026-10-02,2476.0,-0.019,-0.0488,-0.0897,0.024,-0.0771,0.0083,2631.6,2578.9067,True,-0.0591,0.8811,2810.0,2148.929,0.0155,0.9233,247600.0,1.057,0.4901,ＧＳＩクレオス,プライム（内国株式）,卸売業
8103,2026-10-02,992.0,-0.003,-0.0255,0.0102,0.0949,0.0228,0.0793,982.44,933.8267,True,0.0097,0.9678,1025.0,705.2204,0.017,1.5203,99200.0,0.9559,0.2432,明和産業,プライム（内国株式）,卸売業
8104,2026-10-02,791.0,-0.0174,-0.0088,0.0925,0.1497,0.1052,0.134,743.16,698.8,True,0.0644,0.9405,841.0,526.2707,0.0253,0.1231,79100.0,1.8102,0.64,クワザワホールディングス,スタンダード（内国株式）,卸売業
8105,2026-10-02,73.0,-0.0267,-0.0519,-0.1705,-0.4859,-0.1578,-0.5016,79.72,108.84,False,-0.0843,0.0729,1001.0,73.0,0.0489,0.9045,7300.0,0.6713,0.224,Ｂｉｔｃｏｉｎ　Ｊａｐａｎ,スタンダード（内国株式）,卸売業
8107,2026-10-02,31.0,0.0333,0.0333,0.0,-0.0606,0.0126,-0.0763,30.6,31.5333,False,0.0131,0.6889,45.0,29.0,0.0323,0.0442,3100.0,1.0828,0.1,キムラタン,スタンダード（内国株式）,繊維製品
8111,2026-10-02,2102.0,-0.0066,-0.0209,0.0044,-0.0452,0.017,-0.0609,2100.8915,2157.0626,True,0.0005,0.6766,3106.513,1998.2871,0.0173,11.6237,210200.0,1.0929,0.1972,ゴールドウイン,プライム（内国株式）,繊維製品
8113,2026-10-02,917.5,-0.0207,-0.041,-0.0711,-0.0441,-0.0585,-0.0597,962.628,967.0576,True,-0.0469,0.8408,1091.1912,861.5989,0.017,42.303,91750.0,0.8776,0.3542,ユニ・チャーム,プライム（内国株式）,化学
8115,2026-10-02,1325.0,0.0068,0.0038,0.0221,-0.1863,0.0347,-0.2019,1303.6182,1465.4689,False,0.0164,0.7267,1823.3317,1083.4726,0.0103,0.0182,132500.0,0.2655,0.3271,ムーンバット,スタンダード（内国株式）,卸売業
8117,2026-10-02,2077.0,-0.0226,-0.0403,-0.0617,0.0196,-0.0491,0.0039,2147.2652,2095.2413,True,-0.0327,0.9044,2296.4267,1637.3524,0.0245,12.3808,207700.0,1.5398,0.2491,中央自動車工業,スタンダード（内国株式）,卸売業
8118,2026-10-02,1176.0,-0.0034,-0.0034,-0.0118,-0.0674,0.0009,-0.0831,1186.8,1213.9467,True,-0.0091,0.926,1270.0,831.8766,0.0163,0.019,117600.0,1.3737,0.3657,キング,スタンダード（内国株式）,繊維製品
8119,2026-10-02,779.0,-0.0038,0.0059,-0.0004,0.0388,0.0122,0.0231,775.1038,763.3818,True,0.005,0.8454,921.4867,735.2287,0.005,0.0108,77900.0,0.5643,0.3696,三栄コーポレーション,スタンダード（内国株式）,卸売業
8123,2026-10-02,1413.0,0.0158,0.018,-0.0221,0.0729,-0.0095,0.0572,1405.96,1367.0533,True,0.005,0.9449,1495.4225,1262.9085,0.0097,0.0132,141300.0,0.7304,0.3135,川辺,スタンダード（内国株式）,卸売業
8125,2026-10-02,1907.0,-0.0088,-0.0335,-0.032,0.1063,-0.0194,0.0907,1952.447,1847.6617,True,-0.0233,0.9551,1996.6716,1568.6741,0.0124,2.5288,190700.0,0.8313,0.3922,ワキタ,プライム（内国株式）,卸売業
8127,2026-10-02,520.0,0.0,-0.0133,-0.0511,-0.1047,-0.0385,-0.1204,534.2811,565.3198,False,-0.0267,0.81,641.9583,455.1444,0.015,0.0644,52000.0,1.2331,0.2697,ヤマトインターナショナル,スタンダード（内国株式）,繊維製品
8129,2026-10-02,3567.0,-0.0475,-0.1015,-0.0905,-0.0605,-0.0779,-0.0762,3880.3568,3860.7282,False,-0.0808,0.6728,5301.8142,3493.8456,0.0237,6.3981,356700.0,1.3303,0.5645,東邦ホールディングス,プライム（内国株式）,卸売業
8130,2026-10-02,3120.0,-0.0095,-0.0117,-0.0148,0.071,-0.0021,0.0554,3126.3701,3013.2476,True,-0.002,0.9726,3207.9778,2750.0701,0.0108,3.794,312000.0,0.9439,0.183,サンゲツ,プライム（内国株式）,卸売業
8131,2026-10-02,2454.0,-0.0008,-0.0239,0.012,0.2161,0.0246,0.2004,2448.44,2184.6133,True,0.0023,0.9022,2720.0,1695.0,0.0373,1.4731,245400.0,1.2409,0.371,ミツウロコグループホールディングス,スタンダード（内国株式）,卸売業
8132,2026-10-02,7430.0,-0.0133,-0.0275,-0.0535,0.091,-0.0409,0.0754,7529.2,7325.2,False,-0.0132,0.8015,9270.0,5791.8002,0.0311,0.5682,743000.0,0.6637,0.2506,シナネンホールディングス,プライム（内国株式）,卸売業
8133,2026-10-02,2238.0,-0.0128,-0.0433,-0.0356,0.1233,-0.0229,0.1076,2269.0259,2116.1132,True,-0.0137,0.9515,2352.0782,1704.0528,0.0227,2.7332,223800.0,1.01,0.2678,伊藤忠エネクス,プライム（内国株式）,卸売業
8135,2026-10-02,431.0,-0.0069,0.0,-0.0271,0.0117,-0.0145,-0.0039,435.32,431.0267,True,-0.0099,0.7302,590.2322,402.0,0.0118,0.0516,43100.0,0.9161,0.1972,ゼット,スタンダード（内国株式）,卸売業
8136,2026-10-02,1181.0,-0.0088,-0.0173,-0.0975,0.0934,-0.0849,0.0777,1220.5472,1171.2681,True,-0.0324,0.7514,1571.8257,813.2371,0.0313,187.4779,118100.0,0.5564,0.2341,サンリオ,プライム（内国株式）,卸売業
8137,2026-10-02,4745.0,-0.0156,-0.0071,0.1253,0.2447,0.1379,0.229,4380.2426,3974.631,True,0.0833,0.9743,4870.0,2486.6593,0.0276,2.1029,474500.0,0.8202,0.3703,サンワテクノス,プライム（内国株式）,卸売業
8138,2026-10-02,4085.0,-0.0097,0.0038,-0.0246,0.0339,-0.012,0.0182,4160.3131,4093.9741,True,-0.0181,0.8404,4860.7712,3788.1746,0.0073,0.0095,408500.0,1.5118,0.2989,三京化成,スタンダード（内国株式）,卸売業
8139,2026-10-02,2300.0,0.02,0.0584,0.0022,-0.0013,0.0148,-0.017,2215.92,2174.88,False,0.0379,0.7726,2977.0,1527.8429,0.0228,0.1867,230000.0,0.1731,0.3281,ナガホリ,スタンダード（内国株式）,卸売業
8141,2026-10-02,1567.0,-0.0013,-0.0006,0.0,-0.0126,0.0126,-0.0283,1567.24,1575.24,False,-0.0002,0.8843,1772.0,939.4441,0.0019,0.9816,156700.0,0.3385,0.2333,新光商事,プライム（内国株式）,卸売業
8142,2026-10-02,1387.0,-0.0121,-0.0029,-0.0408,0.0396,-0.0282,0.0239,1407.32,1365.987,True,-0.0144,0.9493,1461.0,1043.121,0.0174,1.3117,138700.0,0.7334,0.1491,トーホー,プライム（内国株式）,卸売業
8143,2026-10-02,160.0,0.0323,-0.0361,0.1348,0.1348,0.1474,0.1191,153.64,148.2133,False,0.0414,0.5405,296.0,135.0,0.117,0.4441,16000.0,4.2029,0.3366,ラピーヌ,スタンダード（内国株式）,繊維製品
8144,2026-10-02,1261.0,0.0,0.0128,0.0033,-0.0145,0.0159,-0.0302,1245.8438,1252.0004,False,0.0122,0.9177,1374.0157,1161.0689,0.0092,0.1036,126100.0,2.7326,0.8458,デンキョーグループホールディングス,スタンダード（内国株式）,卸売業
8147,2026-10-02,1460.0,-0.0082,0.0069,0.0362,0.1027,0.0488,0.087,1428.6,1382.4133,True,0.022,0.9558,1527.4931,1128.9313,0.0154,0.0225,146000.0,0.8797,0.36,トミタ,スタンダード（内国株式）,卸売業
8150,2026-10-02,3345.0,-0.0104,0.0197,-0.0072,0.2052,0.0054,0.1896,3251.1032,2987.0122,True,0.0289,0.9856,3393.9239,2486.508,0.0181,1.3095,334500.0,0.7694,0.2954,三信電気,プライム（内国株式）,卸売業
8151,2026-10-02,1842.0,-0.0228,-0.0283,-0.0233,-0.0273,-0.0106,-0.043,1846.0225,1911.4573,False,-0.0022,0.8428,2185.5002,1488.2353,0.0203,3.1103,184200.0,0.9918,0.3249,東陽テクニカ,プライム（内国株式）,卸売業
8152,2026-10-02,7170.0,0.0042,-0.0042,-0.0311,-0.0981,-0.0185,-0.1138,7222.4,7410.9333,False,-0.0073,0.8406,8530.0,5139.2017,0.0155,0.1303,717000.0,0.6667,0.2782,ソマール,スタンダード（内国株式）,卸売業
8153,2026-10-02,3795.0,-0.0104,-0.0226,-0.0301,0.026,-0.0175,0.0104,3901.0972,3787.4068,True,-0.0272,0.8604,4410.5654,3404.9961,0.0168,9.1337,379500.0,2.1015,0.4517,モスフードサービス,プライム（内国株式）,卸売業
8154,2026-10-02,5340.0,-0.0184,-0.013,0.0489,0.2722,0.0615,0.2565,5070.3381,4692.1709,True,0.0532,0.9223,5789.698,3275.3658,0.0314,7.9132,534000.0,1.255,0.521,加賀電子,プライム（内国株式）,卸売業
8157,2026-10-02,4290.0,-0.0069,0.0063,0.018,0.1094,0.0306,0.0937,4144.1877,3992.0582,True,0.0352,0.9862,4350.0,2862.354,0.0221,2.1577,429000.0,1.5442,0.2581,都築電気,プライム（内国株式）,情報・通信業
8158,2026-10-02,1307.0,-0.0113,-0.0039,-0.0279,0.1626,-0.0153,0.1469,1312.8611,1222.2861,True,-0.0045,0.9444,1383.8827,937.7289,0.0175,0.7108,130700.0,0.7125,0.1775,ソーダニッカ,プライム（内国株式）,卸売業
8159,2026-10-02,4230.0,-0.022,-0.0274,0.0372,0.2689,0.0499,0.2533,4092.6597,3672.6756,True,0.0336,0.9574,4418.3487,2585.9125,0.0256,1.4356,423000.0,0.8143,0.3739,立花エレテック,プライム（内国株式）,卸売業
8160,2026-10-02,2289.0,-0.0112,-0.0313,-0.0647,-0.028,-0.0521,-0.0437,2415.7143,2384.1864,True,-0.0525,0.8731,2621.6299,2213.8691,0.0123,3.2935,228900.0,1.8032,0.6099,木曽路,プライム（内国株式）,小売業
8163,2026-10-02,1407.0,0.0108,-0.0595,-0.1217,0.1329,-0.1091,0.1172,1518.52,1403.8667,True,-0.0734,0.875,1608.0,1117.0,0.0221,2.6626,140700.0,1.3847,0.5138,ＳＲＳホールディングス,プライム（内国株式）,小売業
8165,2026-10-02,100.0,0.0,-0.0099,-0.0654,-0.0654,-0.0528,-0.0811,103.08,107.6933,False,-0.0299,0.4098,244.0,100.0,0.015,0.1905,10000.0,1.5864,0.2,千趣会,スタンダード（内国株式）,小売業
8166,2026-10-02,78.0,-0.0127,0.0,-0.0127,-0.0127,-0.0,-0.0283,78.32,78.36,False,-0.0041,0.6842,114.0,76.0,0.0137,0.0273,7800.0,0.9169,0.1867,タカキュー,スタンダード（内国株式）,小売業
8167,2026-10-02,1434.0,-0.0097,-0.0083,0.0272,0.0869,0.0398,0.0712,1413.3594,1370.2864,True,0.0146,0.9656,1485.0251,1203.0084,0.0206,1.1139,143400.0,0.5555,0.2333,リテールパートナーズ,プライム（内国株式）,小売業
8173,2026-10-02,4225.0,-0.0197,-0.0407,-0.0638,0.1692,-0.0512,0.1536,4251.2841,3969.4902,True,-0.0062,0.921,4587.2727,2407.9061,0.0291,8.8769,422500.0,1.5211,0.2611,Ｊｏｓｈｉｎ,プライム（内国株式）,小売業
8174,2026-10-02,939.5,-0.006,-0.0339,-0.0228,0.0502,-0.0102,0.0345,960.6922,919.2612,True,-0.0221,0.948,991.0824,817.1903,0.021,9.1336,93950.0,1.4037,0.3842,日本瓦斯,プライム（内国株式）,小売業
8179,2026-10-02,1287.0,-0.0176,-0.0176,-0.0694,0.0636,-0.0568,0.048,1340.92,1296.1467,True,-0.0402,0.8282,1554.0,1184.0,0.0175,3.4323,128700.0,0.8829,0.36,ロイヤルホールディングス,プライム（内国株式）,小売業
8181,2026-10-02,1010.0,0.008,0.0,0.0223,-0.0194,0.0349,-0.0351,994.2,1011.0533,True,0.0159,0.7942,1271.7366,950.0,0.0139,0.0444,101000.0,0.625,0.3198,東天紅,スタンダード（内国株式）,小売業
8185,2026-10-02,973.0,-0.0132,-0.0289,-0.0102,0.0114,0.0025,-0.0043,995.758,981.137,True,-0.0229,0.8269,1176.6635,905.536,0.0127,1.3766,97300.0,0.6661,0.3318,チヨダ,プライム（内国株式）,小売業
8194,2026-10-02,2588.0,-0.0175,-0.0461,-0.0354,0.0143,-0.0228,-0.0014,2692.4296,2576.0036,True,-0.0388,0.9145,2830.0,2255.5635,0.0194,6.3629,258800.0,1.0354,0.3381,ライフコーポレーション,プライム（内国株式）,小売業
8198,2026-10-02,3290.0,-0.015,-0.0309,-0.0194,0.0411,-0.0068,0.0255,3356.6,3256.4,True,-0.0198,0.852,3861.2947,3070.0,0.0149,0.5193,329000.0,0.5724,0.2657,マックスバリュ東海,スタンダード（内国株式）,小売業
8200,2026-10-02,2270.0,-0.0118,0.0031,-0.0299,0.0435,-0.0173,0.0278,2308.0804,2266.8898,True,-0.0165,0.9259,2451.7509,2022.8441,0.0146,1.8956,227000.0,0.5524,0.3041,リンガーハット,プライム（内国株式）,小売業
8202,2026-10-02,149.0,0.0,0.0,0.0136,0.0136,0.0262,-0.0021,148.16,147.3733,True,0.0057,0.8531,174.6625,141.0,0.0091,0.0858,14900.0,1.1757,0.2211,ラオックスホールディングス,スタンダード（内国株式）,小売業
8203,2026-10-02,725.0,-0.0189,-0.0385,-0.0846,-0.051,-0.072,-0.0667,761.12,771.4267,True,-0.0475,0.836,867.2104,693.0,0.0118,0.4472,72500.0,0.7469,0.4083,ＭｒＭａｘＨＤ,プライム（内国株式）,小売業
8207,2026-10-02,290.0,0.0,-0.0397,-0.0397,0.0069,-0.0271,-0.0087,299.56,293.8133,True,-0.0319,0.9508,305.0,275.0,0.0091,0.1198,29000.0,2.0088,0.6432,テンアライド,スタンダード（内国株式）,小売業
8214,2026-10-02,1659.0,-0.016,-0.0308,-0.0499,0.0177,-0.0373,0.002,1700.4124,1670.622,True,-0.0244,0.9191,1805.1123,1455.2882,0.0141,3.6782,165900.0,1.3559,0.2968,ＡＯＫＩホールディングス,プライム（内国株式）,小売業
8217,2026-10-02,769.0,-0.0166,-0.0423,-0.0339,0.0018,-0.0213,-0.0139,794.92,785.1285,True,-0.0326,0.8025,958.2762,738.1098,0.0168,0.8333,76900.0,1.4482,0.4409,オークワ,プライム（内国株式）,小売業
8218,2026-10-02,3705.0,-0.0094,-0.0501,-0.0329,0.0742,-0.0203,0.0586,3840.1111,3693.7465,True,-0.0352,0.8909,4158.6019,2993.555,0.0173,3.4695,370500.0,0.8633,0.4064,コメリ,プライム（内国株式）,小売業
8219,2026-10-02,711.0,-0.022,-0.0415,-0.0661,0.0346,-0.0534,0.0189,741.1937,715.8628,True,-0.0407,0.8154,871.9569,645.2961,0.0176,4.982,71100.0,1.205,0.3164,青山商事,プライム（内国株式）,小売業
8225,2026-10-02,3650.0,-0.0122,-0.0122,0.021,0.0928,0.0336,0.0771,3637.4,3514.9333,True,0.0035,0.8365,4363.4848,3160.0,0.0144,0.0082,365000.0,0.7461,0.5905,タカチホ,スタンダード（内国株式）,卸売業
8226,2026-10-02,391.0,-0.0298,-0.0225,-0.0201,0.0182,-0.0074,0.0026,391.12,381.96,False,-0.0003,0.6367,614.1182,341.0,0.0261,0.4761,39100.0,0.737,0.2448,理経,スタンダード（内国株式）,卸売業
8227,2026-10-02,3200.0,-0.0193,-0.005,-0.0268,-0.0345,-0.0141,-0.0502,3239.92,3290.7487,True,-0.0123,0.2884,11095.5198,3079.1895,0.0209,25.1716,320000.0,1.2867,0.2019,しまむら,プライム（内国株式）,小売業
8230,2026-10-02,299.0,-0.0033,-0.0049,-0.0177,-0.0081,-0.005,-0.0238,301.6492,303.5724,False,-0.0088,0.922,324.3119,296.5733,0.0086,0.0543,29900.0,1.6498,0.2515,はせがわ,スタンダード（内国株式）,小売業
8233,2026-10-02,2042.5,-0.0197,-0.0433,-0.1198,-0.1185,-0.1072,-0.1342,2184.5081,2274.2242,True,-0.065,0.7894,2587.3271,1508.7832,0.0206,36.6291,204250.0,0.865,0.2978,高島屋,プライム（内国株式）,小売業
8237,2026-10-02,2123.0,-0.0061,-0.0389,-0.0672,0.2715,-0.0546,0.2558,2305.7707,2003.9565,True,-0.0793,0.6927,3065.0,1340.345,0.0492,7.657,212300.0,0.5668,0.2903,松屋,プライム（内国株式）,小売業
8242,2026-10-02,2712.0,-0.0084,-0.0407,-0.0929,-0.047,-0.0802,-0.0627,2856.0276,2814.6704,True,-0.0504,0.8909,3044.1473,1937.3488,0.0188,10.4862,271200.0,1.0813,0.4157,エイチ・ツー・オー　リテイリング,プライム（内国株式）,小売業
8244,2026-10-02,1849.0,-0.0096,-0.0238,-0.0628,0.0249,-0.0502,0.0093,1902.0,1862.0133,True,-0.0279,0.8949,2066.1694,1609.0,0.0161,0.6897,184900.0,0.5603,0.2887,近鉄百貨店,スタンダード（内国株式）,小売業
8247,2026-10-02,354.0,-0.0028,-0.0432,0.1346,0.1683,0.1472,0.1526,332.0,308.2933,True,0.0663,0.8676,408.0,222.0,0.0381,0.0952,35400.0,1.4603,0.4667,大和,スタンダード（内国株式）,小売業
8252,2026-10-02,2725.0,-0.0171,-0.0344,-0.0495,-0.0484,-0.0369,-0.0641,2822.0514,2841.3341,True,-0.0344,0.8719,3125.441,2600.8432,0.0132,29.0212,272500.0,1.0545,0.3831,丸井グループ,プライム（内国株式）,小売業
8253,2026-10-02,4318.0,-0.0377,-0.0714,-0.0888,-0.0597,-0.0762,-0.0753,4617.44,4583.1867,True,-0.0648,0.8837,4886.0,3451.0665,0.0226,34.1456,431800.0,1.0543,0.4082,クレディセゾン,プライム（内国株式）,その他金融業
8254,2026-10-02,324.0,0.0385,0.0946,0.2226,0.1946,0.2353,0.1789,287.3889,288.2874,True,0.1274,0.5034,643.6678,203.4187,0.0529,0.7284,32400.0,0.3509,0.2392,さいか屋,スタンダード（内国株式）,小売業
8255,2026-10-02,1273.0,-0.0086,-0.0427,-0.0049,0.1287,0.0077,0.1131,1288.1318,1208.2216,True,-0.0117,0.9432,1349.607,972.3508,0.0244,2.8023,127300.0,1.342,0.2788,アクシアル　リテイリング,プライム（内国株式）,小売業
8260,2026-10-02,374.0,-0.0027,-0.0386,-0.0158,-0.008,-0.0032,-0.0236,382.32,379.7067,False,-0.0218,0.7004,534.0,352.0,0.0283,0.061,37400.0,1.4286,0.2932,井筒屋,スタンダード（内国株式）,小売業
8267,2026-10-02,1230.0,-0.016,-0.0538,-0.0956,-0.1212,-0.083,-0.1369,1338.0332,1354.5771,False,-0.0807,0.4249,2894.9243,1228.0,0.0261,152.4782,123000.0,1.2009,0.3873,イオン,プライム（内国株式）,小売業
8273,2026-10-02,939.0,-0.0198,-0.0448,-0.0988,-0.0092,-0.0862,-0.0248,1000.4033,983.2925,True,-0.0614,0.8657,1084.7063,850.0499,0.0174,4.0687,93900.0,0.5994,0.4585,イズミ,プライム（内国株式）,小売業
8275,2026-10-02,1043.0,-0.0132,0.0368,0.0472,0.0451,0.0598,0.0294,1009.72,1006.2,False,0.033,0.728,1432.7683,976.0,0.0144,0.5626,104300.0,2.4453,0.5133,フォーバル,スタンダード（内国株式）,卸売業
8276,2026-10-02,2567.0,0.0012,-0.0436,-0.0379,0.0278,-0.0252,0.0121,2670.52,2610.7817,True,-0.0388,0.8078,3177.9241,2337.5977,0.0185,2.98,256700.0,0.6977,0.5213,平和堂,プライム（内国株式）,小売業
8278,2026-10-02,1973.0,-0.0179,-0.0309,-0.0233,-0.0004,-0.0106,-0.0161,2049.3563,2003.774,True,-0.0373,0.8621,2288.5984,1859.6723,0.0163,2.1732,197300.0,0.8942,0.4022,フジ,プライム（内国株式）,小売業
8281,2026-10-02,1074.0,-0.0263,-0.0405,-0.0652,0.0129,-0.0526,-0.0027,1115.5508,1096.7468,True,-0.0372,0.872,1231.5918,936.246,0.0172,2.009,107400.0,1.7072,0.3315,ゼビオホールディングス,プライム（内国株式）,小売業
8282,2026-10-02,1699.5,-0.0302,-0.0821,-0.1235,-0.0484,-0.1108,-0.064,1851.9065,1864.8831,False,-0.0823,0.7824,2172.2836,1401.1007,0.0242,21.3496,169950.0,1.8411,0.471,ケーズホールディングス,プライム（内国株式）,小売業
8285,2026-10-02,812.0,-0.0049,-0.0061,0.0434,0.1738,0.056,0.1581,796.3306,736.7131,True,0.0197,0.9714,835.8969,432.5615,0.023,0.4467,81200.0,1.064,0.2355,三谷産業,スタンダード（内国株式）,卸売業
8291,2026-10-02,539.0,-0.0128,-0.0147,-0.004,0.0051,0.0086,-0.0106,539.1937,541.4438,False,-0.0004,0.8745,616.3779,457.3269,0.0119,0.498,53900.0,0.8735,0.3364,日産東京販売ホールディングス,スタンダード（内国株式）,小売業
8303,2026-10-02,1499.5,-0.0196,-0.0681,-0.0451,0.0423,-0.0324,0.0267,1566.8695,1500.0746,True,-0.043,0.0,53637021696.0,1316.8361,0.0304,51.9476,149950.0,1.0253,0.2957,ＳＢＩ新生銀行,プライム（内国株式）,銀行業
8304,2026-10-02,3389.0,-0.0292,-0.0389,-0.0225,0.1975,-0.0099,0.1819,3447.12,3158.5925,True,-0.0169,0.9432,3593.0,2121.1256,0.0302,46.7398,338900.0,0.8392,0.1994,あおぞら銀行,プライム（内国株式）,銀行業
8306,2026-10-02,3544.0,-0.0117,-0.0333,-0.0296,0.0795,-0.017,0.0638,3619.5967,3496.6048,True,-0.0209,0.9416,3763.8133,2160.3685,0.0247,1572.8474,354400.0,1.0771,0.2244,三菱ＵＦＪフィナンシャル・グループ,プライム（内国株式）,銀行業
8308,2026-10-02,2474.0,0.0002,-0.0189,-0.017,0.1098,-0.0043,0.0941,2481.7176,2338.225,True,-0.0031,0.9581,2582.2,1380.2971,0.031,240.6173,247400.0,0.9636,0.2381,りそなホールディングス,プライム（内国株式）,銀行業
8309,2026-10-02,1743.0,-0.02,-0.0196,-0.0239,0.1168,-0.0113,0.1011,1755.4267,1660.2141,True,-0.0071,0.9691,1798.5794,969.5083,0.0224,169.6144,174300.0,1.054,0.1944,三井住友トラストグループ,プライム（内国株式）,銀行業
8316,2026-10-02,3321.0,-0.0183,-0.0147,-0.0273,0.0218,-0.0147,0.0061,3368.1997,3307.4151,True,-0.014,0.9391,3536.5237,1855.8232,0.0272,873.4037,332100.0,1.1109,0.2587,三井住友フィナンシャルグループ,プライム（内国株式）,銀行業
8331,2026-10-02,2771.0,-0.0196,-0.0113,-0.0184,0.0516,-0.0058,0.0359,2759.6696,2669.3616,True,0.0041,0.9663,2867.5,1385.1504,0.0277,79.8028,277100.0,1.0675,0.295,千葉銀行,プライム（内国株式）,銀行業
8334,2026-10-02,2989.0,-0.0254,-0.058,0.0556,0.2493,0.0682,0.2336,2909.4516,2629.4311,True,0.0273,0.9365,3191.7047,1467.178,0.035,41.2235,298900.0,1.522,0.3271,群馬銀行,プライム（内国株式）,銀行業
8336,2026-10-02,2909.0,0.0073,-0.0025,0.0306,0.1415,0.0433,0.1258,2807.0469,2652.9568,True,0.0363,0.9871,2947.0,1233.2028,0.0255,7.5123,290900.0,1.0305,0.2238,武蔵野銀行,プライム（内国株式）,銀行業
8337,2026-10-02,2722.0,-0.0191,-0.0198,-0.017,0.0413,-0.0044,0.0256,2718.52,2636.92,True,0.0013,0.9498,2866.0,1435.8564,0.0297,3.2551,272200.0,0.9974,0.2348,千葉興業銀行,プライム（内国株式）,銀行業
8338,2026-10-02,817.0,0.0187,0.0368,0.0952,0.2531,0.1078,0.2374,756.4,691.6267,True,0.0801,0.9646,847.0,279.6847,0.0456,14.4421,81700.0,1.1329,0.3513,筑波銀行,プライム（内国株式）,銀行業
8341,2026-10-02,4075.0,-0.0054,-0.0169,0.0285,0.1725,0.0411,0.1569,3986.7751,3653.9888,True,0.0221,0.9636,4229.0,1807.56,0.0324,31.9691,407500.0,1.4002,0.2082,七十七銀行,プライム（内国株式）,銀行業
8343,2026-10-02,2033.0,0.0049,0.0421,0.2083,0.513,0.2209,0.4973,1805.6718,1533.9943,True,0.1259,0.964,2109.0,622.4215,0.0498,18.5933,203300.0,1.7064,0.3346,秋田銀行,プライム（内国株式）,銀行業
8344,2026-10-02,5600.0,0.0072,-0.0055,0.2511,0.4246,0.2637,0.4089,4967.3493,4225.3027,True,0.1274,0.9589,5840.0,1504.1647,0.051,11.0597,560000.0,1.5434,0.3385,山形銀行,プライム（内国株式）,銀行業
8345,2026-10-02,2810.0,0.0,-0.0236,0.1184,0.3135,0.131,0.2978,2633.9704,2319.8444,True,0.0668,0.9607,2925.0,881.874,0.0412,11.8699,281000.0,1.5628,0.2624,岩手銀行,プライム（内国株式）,銀行業
8346,2026-10-02,1112.0,0.0128,0.0256,0.1376,0.3754,0.1502,0.3598,1014.6963,905.6379,True,0.0959,0.9754,1140.0,406.542,0.0382,12.7155,111200.0,1.4693,0.3705,東邦銀行,プライム（内国株式）,銀行業
8349,2026-10-02,1595.0,-0.0124,-0.0214,-0.0273,0.1438,-0.0147,0.1281,1640.6407,1504.2312,True,-0.0278,0.94,1696.8465,1189.8445,0.0279,0.5346,159500.0,1.2896,0.2048,東北銀行,スタンダード（内国株式）,銀行業
8354,2026-10-02,7789.0,0.0001,-0.0144,-0.0061,0.093,0.0065,0.0773,7729.6596,7401.5298,True,0.0077,0.9687,8041.0,4042.5308,0.0255,62.5511,778900.0,1.3136,0.2585,ふくおかフィナンシャルグループ,プライム（内国株式）,銀行業
8358,2026-10-02,2936.0,-0.0128,0.0295,-0.0063,0.1718,0.0064,0.1561,2875.4866,2689.0713,True,0.021,0.969,3030.0,1352.7795,0.0295,27.6949,293600.0,1.2977,0.3415,スルガ銀行,プライム（内国株式）,銀行業
8359,2026-10-02,2758.0,-0.0183,-0.0186,0.0187,0.1019,0.0314,0.0862,2711.1313,2571.471,True,0.0173,0.955,2888.0,1345.7886,0.0321,39.797,275800.0,1.167,0.3044,八十二長野銀行,プライム（内国株式）,銀行業
8360,2026-10-02,1505.0,-0.0027,0.0428,0.087,0.2262,0.0996,0.2106,1401.0695,1304.7095,True,0.0742,0.9722,1548.0,565.9474,0.0359,9.8947,150500.0,0.9939,0.3585,山梨中央銀行,プライム（内国株式）,銀行業
8361,2026-10-02,1810.0,0.0129,0.0679,0.1526,0.2039,0.1652,0.1883,1617.6608,1513.2698,True,0.1189,0.9864,1835.0,608.007,0.0347,15.4975,181000.0,1.1971,0.4123,大垣共立銀行,プライム（内国株式）,銀行業
8362,2026-10-02,8250.0,0.0185,0.0179,0.1861,0.3855,0.1988,0.3698,7477.7835,6401.5766,True,0.1033,0.9786,8430.0,1906.1385,0.0512,10.5643,825000.0,1.6137,0.2481,福井銀行,プライム（内国株式）,銀行業
8364,2026-10-02,3240.0,0.0015,-0.0031,0.0234,0.3185,0.0361,0.3028,3157.0653,2822.7992,True,0.0263,0.9701,3340.0,1920.5835,0.0353,1.1801,324000.0,0.9648,0.3042,清水銀行,プライム（内国株式）,銀行業
8365,2026-10-02,2350.0,-0.0034,-0.0187,0.0037,0.0429,0.0163,0.0272,2343.9351,2288.8332,True,0.0026,0.9065,2592.4168,1601.7154,0.0219,0.1633,235000.0,0.9181,0.2894,富山銀行,スタンダード（内国株式）,銀行業
8366,2026-10-02,3020.0,-0.0098,0.0083,0.0654,0.1529,0.078,0.1373,2870.4827,2666.7857,True,0.0521,0.9695,3115.0,1176.9839,0.0315,18.3403,302000.0,0.7567,0.3426,滋賀銀行,プライム（内国株式）,銀行業
8367,2026-10-02,2025.0,0.001,-0.0171,0.0251,0.1093,0.0377,0.0937,1963.6075,1856.9571,True,0.0313,0.9676,2092.8407,897.998,0.0291,8.7454,202500.0,0.9095,0.2495,南都銀行,プライム（内国株式）,銀行業
8368,2026-10-02,2584.0,0.0,-0.0004,0.0632,0.2517,0.0758,0.2361,2435.096,2178.4233,True,0.0611,0.9818,2632.0,848.1569,0.0334,20.1982,258400.0,1.1015,0.2681,百五銀行,プライム（内国株式）,銀行業
8370,2026-10-02,1747.0,-0.0074,0.0162,0.0719,0.2038,0.0845,0.1882,1660.3385,1551.2674,True,0.0522,0.97,1801.0,859.0863,0.0266,8.2034,174700.0,1.0721,0.3412,紀陽銀行,プライム（内国株式）,銀行業
8377,2026-10-02,877.3,-0.006,0.088,-0.8859,-0.8681,-0.8733,-0.8837,5689.9526,6436.5134,False,-0.8458,0.1103,7950.699,760.5852,0.7604,43.4882,87729.9988,4.306,1.0657,ほくほくフィナンシャルグループ,プライム（内国株式）,銀行業
8381,2026-10-02,2532.0,-0.0205,-0.0359,-0.0297,0.0726,-0.0171,0.0569,2572.2804,2439.468,True,-0.0157,0.9495,2666.7719,1245.8305,0.0258,10.5144,253200.0,1.1009,0.2384,山陰合同銀行,プライム（内国株式）,銀行業
8383,2026-10-02,1912.0,-0.02,-0.0202,-0.0101,0.2026,0.0025,0.1869,1925.0192,1770.3746,True,-0.0068,0.9514,2009.6132,1261.3056,0.0297,0.4465,191200.0,0.7023,0.2141,鳥取銀行,スタンダード（内国株式）,銀行業
8386,2026-10-02,3210.0,-0.0062,-0.0001,0.0251,0.2156,0.0377,0.2,3098.3592,2850.3757,True,0.036,0.9683,3315.0,1165.2038,0.032,9.3614,321000.0,1.0245,0.2801,百十四銀行,プライム（内国株式）,銀行業
8387,2026-10-02,4685.0,0.0196,0.0202,0.2832,0.5059,0.2958,0.4902,4055.0591,3477.2925,True,0.1553,0.965,4855.0,1321.6083,0.0512,12.5758,468500.0,2.0133,0.3181,四国銀行,プライム（内国株式）,銀行業
8388,2026-10-02,2202.0,-0.0143,0.0442,0.1799,0.5289,0.1925,0.5132,1978.896,1684.0597,True,0.1127,0.9616,2290.0,647.594,0.0414,13.7782,220200.0,1.067,0.3974,阿波銀行,プライム（内国株式）,銀行業
8392,2026-10-02,3250.0,-0.0015,-0.0016,0.1177,0.2857,0.1303,0.2701,3045.5594,2719.6284,True,0.0671,0.976,3330.0,915.107,0.0372,6.5477,325000.0,0.8568,0.2794,大分銀行,プライム（内国株式）,銀行業
8393,2026-10-02,2897.0,-0.0092,-0.0104,0.1352,0.316,0.1478,0.3003,2696.3491,2407.8505,True,0.0744,0.9498,3050.0,822.703,0.0403,8.7274,289700.0,1.2421,0.3253,宮崎銀行,プライム（内国株式）,銀行業
8395,2026-10-02,6970.0,0.0043,-0.0077,0.0775,0.2843,0.0901,0.2686,6636.2577,5982.361,True,0.0503,0.9694,7190.0,2897.4082,0.0347,3.6299,697000.0,0.9721,0.2781,佐賀銀行,プライム（内国株式）,銀行業
8399,2026-10-02,3255.0,-0.0046,-0.0371,0.01,0.2458,0.0226,0.2301,3235.3267,2954.4888,True,0.0061,0.9615,3385.4227,1325.6326,0.0341,5.338,325500.0,1.245,0.1761,琉球銀行,プライム（内国株式）,銀行業
8410,2026-10-02,336.8,-0.0143,-0.0129,0.0062,0.185,0.0189,0.1693,336.2167,313.2986,True,0.0017,0.9642,349.3,256.7963,0.0174,13.4929,33679.9988,0.7596,0.2711,セブン銀行,プライム（内国株式）,銀行業
8411,2026-10-02,8446.0,-0.0192,-0.0124,-0.0205,0.0545,-0.0079,0.0389,8529.1391,8260.2745,True,-0.0097,0.9487,8903.0,4478.5693,0.031,813.3528,844600.0,1.0808,0.2658,みずほフィナンシャルグループ,プライム（内国株式）,銀行業
8416,2026-10-02,1212.0,0.0017,0.043,0.0403,-0.0306,0.053,-0.0463,1146.257,1165.1433,False,0.0574,0.8358,1450.0428,801.7768,0.0272,0.4272,121200.0,0.7984,0.3957,高知銀行,スタンダード（内国株式）,銀行業
8418,2026-10-02,3461.0,-0.0117,-0.0117,0.0778,0.1745,0.0905,0.1589,3259.859,3065.4237,True,0.0617,0.9711,3564.0,1594.8265,0.0297,21.1783,346100.0,1.4209,0.3772,山口フィナンシャルグループ,プライム（内国株式）,銀行業
8424,2026-10-02,4290.0,-0.0192,-0.0446,-0.0254,0.0439,-0.0128,0.0283,4385.373,4304.0151,True,-0.0217,0.9465,4532.2912,3793.9233,0.0172,8.9871,429000.0,1.2686,0.2947,芙蓉総合リース,プライム（内国株式）,その他金融業
8425,2026-10-02,1287.0,-0.0183,-0.048,-0.0548,0.0396,-0.0422,0.0239,1338.4793,1304.3587,True,-0.0385,0.8654,1487.0983,1176.965,0.0167,7.3591,128700.0,1.0105,0.3426,みずほリース,プライム（内国株式）,その他金融業
8439,2026-10-02,2585.5,-0.0147,-0.0407,-0.0464,0.0537,-0.0338,0.0381,2635.6486,2547.3462,True,-0.019,0.941,2747.7163,1711.8158,0.0218,17.2005,258550.0,1.0258,0.2503,東京センチュリー,プライム（内国株式）,その他金融業
8473,2026-10-02,3057.0,-0.0317,-0.0644,-0.0647,0.1447,-0.052,0.1291,3246.5465,2989.1917,True,-0.0584,0.8187,3733.7837,2606.5559,0.0266,119.7849,305700.0,0.8979,0.2795,ＳＢＩホールディングス,プライム（内国株式）,証券、商品先物取引業
8508,2026-10-02,772.0,-0.024,-0.0562,0.0078,-0.0562,0.0205,-0.0719,769.44,806.7333,True,0.0033,0.8092,954.0,380.0167,0.034,7.1028,77200.0,0.5207,0.3043,Ｊトラスト,スタンダード（内国株式）,その他金融業
8511,2026-10-02,2350.0,-0.0333,-0.0529,-0.057,0.0232,-0.0443,0.0076,2437.7932,2386.0593,True,-0.036,0.9213,2550.8324,1666.6812,0.0183,5.4446,235000.0,1.0223,0.341,日本証券金融,プライム（内国株式）,その他金融業
8518,2026-10-02,149.0,0.0136,-0.0387,-0.0067,0.1732,0.006,0.1576,150.76,136.84,True,-0.0117,0.473,315.0,115.0,0.0192,0.0553,14900.0,0.4687,0.35,日本アジア投資,スタンダード（内国株式）,証券、商品先物取引業
8522,2026-10-02,7200.0,-0.0028,-0.0231,0.0052,0.1583,0.0178,0.1427,7109.0707,6600.6272,True,0.0128,0.9574,7520.0,3173.8479,0.0328,8.5957,720000.0,1.0089,0.2346,名古屋銀行,プライム（内国株式）,銀行業
8524,2026-10-02,1361.0,-0.0029,-0.0044,0.0347,0.1998,0.0474,0.1841,1316.5837,1213.5581,True,0.0337,0.9721,1400.0,652.437,0.0318,21.5131,136100.0,1.0427,0.2648,北洋銀行,プライム（内国株式）,銀行業
8537,2026-10-02,3415.0,-0.0044,0.0324,0.1227,0.2202,0.1353,0.2045,3154.2441,2885.154,True,0.0827,0.9702,3520.0,1564.2011,0.0369,1.2345,341500.0,0.8723,0.3321,大光銀行,スタンダード（内国株式）,銀行業
8541,2026-10-02,3595.0,0.0056,-0.022,0.1617,0.6374,0.1743,0.6218,3311.1255,2769.2464,True,0.0857,0.9689,3710.4748,1092.9709,0.0401,6.3577,359500.0,0.8331,0.2994,愛媛銀行,プライム（内国株式）,銀行業
8542,2026-10-02,1962.0,0.0072,0.0376,0.0285,0.3125,0.0411,0.2968,1917.6729,1717.0755,True,0.0231,0.981,2000.0,1270.1995,0.0268,0.716,196200.0,1.2607,0.2831,トマト銀行,スタンダード（内国株式）,銀行業
8544,2026-10-02,2927.0,0.0017,-0.0167,0.0447,0.1219,0.0573,0.1062,2836.1667,2679.1921,True,0.032,0.9735,3006.5265,1182.3372,0.0333,8.8605,292700.0,0.8745,0.2548,京葉銀行,プライム（内国株式）,銀行業
8550,2026-10-02,1192.0,0.0205,-0.0007,0.1167,0.2393,0.1293,0.2237,1102.7454,1020.1412,True,0.0809,0.9843,1211.0,450.166,0.0399,7.9333,119200.0,1.1555,0.2792,栃木銀行,プライム（内国株式）,銀行業
8551,2026-10-02,2977.0,0.014,0.0179,0.1718,0.6236,0.1844,0.6079,2710.5733,2252.6046,True,0.0983,0.9603,3100.0,1112.2976,0.0448,4.3776,297700.0,1.2769,0.315,北日本銀行,プライム（内国株式）,銀行業
8558,2026-10-02,1556.0,0.0157,-0.0183,0.0643,0.013,0.0769,-0.0026,1503.76,1449.7067,True,0.0347,0.9587,1623.0,846.3249,0.0376,2.7975,155600.0,0.8675,0.2345,東和銀行,プライム（内国株式）,銀行業
8562,2026-10-02,409.0,-0.0049,0.0276,0.0487,0.1787,0.0613,0.163,390.4,362.9733,True,0.0476,0.9235,442.8995,216.0245,0.0348,1.1326,40900.0,1.0241,0.3025,福島銀行,スタンダード（内国株式）,銀行業
8563,2026-10-02,1260.0,0.0161,0.0483,0.0966,0.2883,0.1092,0.2727,1182.76,1072.64,True,0.0653,0.9875,1276.0,701.5122,0.0276,0.7415,126000.0,1.1273,0.3076,大東銀行,スタンダード（内国株式）,銀行業
8566,2026-10-02,6490.0,-0.0182,-0.0471,-0.0388,0.0598,-0.0262,0.0441,6698.5712,6469.6063,True,-0.0311,0.9515,6820.6977,5342.3175,0.016,3.2069,649000.0,1.4762,0.3664,リコーリース,プライム（内国株式）,その他金融業
8570,2026-10-02,1473.5,-0.0293,-0.0916,-0.12,-0.0078,-0.1074,-0.0235,1622.118,1562.1384,True,-0.0916,0.817,1803.6222,1373.0801,0.0255,9.5667,147350.0,1.0337,0.5066,イオンフィナンシャルサービス,プライム（内国株式）,その他金融業
8572,2026-10-02,452.6,-0.0118,-0.0485,-0.0508,-0.0153,-0.0382,-0.0309,472.4725,466.6536,True,-0.0421,0.8799,514.391,409.7788,0.0168,7.2963,45260.0006,1.5029,0.4369,アコム,スタンダード（内国株式）,その他金融業
8584,2026-10-02,3440.0,-0.0227,-0.0572,-0.0781,-0.0247,-0.0655,-0.0404,3640.6343,3592.8124,True,-0.0551,0.8113,4240.178,3240.1214,0.0171,5.6489,344000.0,1.6723,0.3874,ジャックス,プライム（内国株式）,その他金融業
8585,2026-10-02,787.0,-0.0187,-0.0708,-0.0923,-0.0995,-0.0796,-0.1152,849.36,865.5067,False,-0.0734,0.698,1127.4466,783.0,0.0196,4.5586,78700.0,1.2554,0.5769,オリエントコーポレーション,プライム（内国株式）,その他金融業
8591,2026-10-02,5745.0,-0.0281,-0.0525,-0.0808,-0.0764,-0.0681,-0.0921,6047.9516,6175.6423,False,-0.0501,0.8753,6563.1245,3560.7115,0.0212,218.9017,574500.0,1.1479,0.3449,オリックス,プライム（内国株式）,その他金融業
8593,2026-10-02,1306.0,-0.0143,-0.035,-0.0599,-0.0153,-0.0473,-0.031,1359.426,1359.3055,True,-0.0393,0.8763,1490.2992,1128.6391,0.0155,59.8437,130600.0,1.187,0.3641,三菱ＨＣキャピタル,プライム（内国株式）,その他金融業
8595,2026-10-02,2202.5,-0.0081,-0.0085,-0.0241,-0.0355,-0.0115,-0.0512,2221.7399,2225.4507,True,-0.0087,0.892,2469.2192,2062.7251,0.0101,8.1399,220250.0,1.248,0.2741,ジャフコ　グループ,プライム（内国株式）,証券、商品先物取引業
8596,2026-10-02,1502.0,-0.0234,-0.0286,-0.0573,0.0442,-0.0447,0.0285,1542.7056,1504.3589,True,-0.0264,0.9064,1657.0917,1222.5758,0.0174,0.3916,150200.0,1.0722,0.3013,九州リースサービス,スタンダード（内国株式）,その他金融業
8600,2026-10-02,1187.0,0.0,-0.0198,0.055,0.3426,0.0676,0.327,1141.2182,1019.5357,True,0.0401,0.9738,1218.939,616.6952,0.0282,6.2256,118700.0,1.0327,0.2512,トモニホールディングス,プライム（内国株式）,銀行業
8601,2026-10-02,1751.0,-0.0286,-0.0512,-0.0589,0.0398,-0.0462,0.0241,1831.34,1774.26,True,-0.0439,0.9226,1898.0,1092.6982,0.0243,102.8035,175100.0,1.4078,0.2727,大和証券グループ本社,プライム（内国株式）,証券、商品先物取引業
8604,2026-10-02,1507.0,-0.0268,-0.0498,-0.0814,0.0241,-0.0688,0.0085,1611.42,1548.04,True,-0.0648,0.8928,1688.0,1009.3219,0.0291,162.05,150700.0,1.0777,0.3622,野村ホールディングス,プライム（内国株式）,証券、商品先物取引業
8609,2026-10-02,1213.0,-0.0226,-0.0319,-0.0122,0.2166,0.0004,0.201,1232.04,1106.9467,True,-0.0155,0.9491,1278.0,618.5301,0.0254,5.9743,121300.0,0.9967,0.2306,岡三証券グループ,プライム（内国株式）,証券、商品先物取引業
8613,2026-10-02,1214.0,-0.028,-0.0478,-0.058,0.1426,-0.0454,0.1269,1269.6437,1172.0744,True,-0.0438,0.9292,1306.4483,866.1353,0.0202,3.2693,121400.0,0.9841,0.3015,丸三証券,プライム（内国株式）,証券、商品先物取引業
8614,2026-10-02,685.0,-0.0297,-0.0297,-0.0879,0.0754,-0.0753,0.0597,718.72,676.04,True,-0.0469,0.9037,758.0,486.9477,0.0194,3.4889,68500.0,0.7143,0.2634,東洋証券,プライム（内国株式）,証券、商品先物取引業
8616,2026-10-02,892.0,0.0034,0.0125,-0.0007,0.1976,0.0119,0.1819,872.7091,804.3013,True,0.0221,0.9835,907.0,526.2988,0.0195,9.7864,89200.0,1.4496,0.2991,東海東京フィナンシャル・ホールディングス,プライム（内国株式）,証券、商品先物取引業
8617,2026-10-02,590.0,-0.0264,-0.0312,-0.0909,0.0806,-0.0783,0.0649,615.08,577.76,True,-0.0408,0.9063,651.0,423.7241,0.0173,0.0371,59000.0,0.5071,0.4014,光世証券,スタンダード（内国株式）,証券、商品先物取引業
8622,2026-10-02,865.0,-0.0357,-0.0422,-0.1008,0.3113,-0.0882,0.2957,924.4522,802.9827,True,-0.0643,0.8812,981.6017,472.7895,0.0281,3.1983,86500.0,0.8721,0.2581,水戸証券,プライム（内国株式）,証券、商品先物取引業
8624,2026-10-02,1601.0,-0.0402,-0.0425,-0.0612,0.1458,-0.0485,0.1301,1668.44,1540.1041,True,-0.0404,0.9112,1757.1133,759.1339,0.029,2.5515,160100.0,1.2381,0.2333,いちよし証券,プライム（内国株式）,証券、商品先物取引業
8628,2026-10-02,1106.0,-0.0221,-0.022,-0.0648,0.1484,-0.0522,0.1327,1147.4293,1059.4586,True,-0.0361,0.9245,1196.3045,710.4439,0.0276,13.766,110600.0,1.3329,0.3734,松井証券,プライム（内国株式）,証券、商品先物取引業
8630,2026-10-02,6523.0,-0.0147,-0.0391,-0.0426,-0.0024,-0.0299,-0.0181,6714.7067,6631.8162,True,-0.0286,0.8929,7305.7054,4318.3926,0.0235,160.9011,652300.0,1.0716,0.2845,ＳＯＭＰＯホールディングス,プライム（内国株式）,保険業
8697,2026-10-02,2304.0,-0.0099,0.0054,0.0583,0.0765,0.0709,0.0608,2212.3111,2172.2907,True,0.0414,0.9861,2336.5,1475.331,0.0235,78.8634,230400.0,1.0188,0.3335,日本取引所グループ,プライム（内国株式）,その他金融業
8698,2026-10-02,688.0,-0.0269,-0.0357,-0.0539,0.0188,-0.0412,0.0031,709.2299,687.3688,True,-0.0299,0.8366,822.3649,596.0282,0.0212,10.1231,68800.0,0.7967,0.2161,マネックスグループ,プライム（内国株式）,証券、商品先物取引業
8699,2026-10-02,1112.0,-0.0009,-0.0151,-0.0305,-0.0414,-0.0179,-0.057,1131.4,1144.6133,False,-0.0171,0.8372,1328.2103,960.1998,0.0132,0.5334,111200.0,0.8131,0.2854,ＨＳホールディングス,スタンダード（内国株式）,証券、商品先物取引業
8700,2026-10-02,2084.0,-0.0123,-0.0387,-0.0076,0.1708,0.005,0.1551,2105.28,1951.2,True,-0.0101,0.9383,2221.0,1505.8742,0.0224,0.0437,208400.0,0.6008,0.2508,丸八証券,スタンダード（内国株式）,証券、商品先物取引業
8704,2026-10-02,1385.0,-0.0369,-0.0207,0.0191,0.1082,0.0317,0.0925,1385.2305,1288.1977,True,-0.0002,0.9371,1478.0,802.5443,0.0284,1.376,138500.0,0.9908,0.3128,トレイダーズホールディングス,スタンダード（内国株式）,証券、商品先物取引業
8705,2026-10-02,215.0,-0.0138,-0.0311,-0.0046,-0.048,0.0081,-0.0637,218.1187,220.5631,False,-0.0143,0.728,295.3197,152.8492,0.0204,0.1875,21500.0,0.7596,0.2733,日産証券グループ,スタンダード（内国株式）,証券、商品先物取引業
8706,2026-10-02,1741.0,-0.0257,-0.0469,-0.0831,0.1153,-0.0705,0.0996,1842.9328,1722.9016,True,-0.0553,0.9081,1917.2698,1348.4594,0.0167,3.118,174100.0,1.0616,0.3527,極東証券,プライム（内国株式）,証券、商品先物取引業
8707,2026-10-02,4590.0,-0.0203,-0.0193,-0.0099,0.1591,0.0028,0.1434,4628.7572,4310.0354,True,-0.0084,0.9655,4754.1114,2436.6847,0.0229,4.9555,459000.0,0.9121,0.1705,岩井コスモホールディングス,プライム（内国株式）,証券、商品先物取引業
8708,2026-10-02,1629.0,-0.0304,-0.0654,-0.1052,0.0561,-0.0925,0.0404,1754.3925,1648.6011,True,-0.0715,0.8679,1877.0086,1183.3706,0.0268,2.8069,162900.0,1.1985,0.3657,アイザワ証券グループ,プライム（内国株式）,証券、商品先物取引業
8713,2026-10-02,2849.0,0.0049,0.0053,0.0092,0.4396,0.0218,0.4239,2781.3417,2370.3271,True,0.0243,0.9744,2924.0,1464.8181,0.0355,2.2401,284900.0,1.0581,0.2424,フィデアホールディングス,プライム（内国株式）,銀行業
8714,2026-10-02,1118.0,-0.0106,-0.0065,0.0259,0.1138,0.0385,0.0981,1085.0848,1033.4631,True,0.0303,0.9638,1160.0,595.9671,0.0292,10.9912,111800.0,1.1225,0.3032,池田泉州ホールディングス,プライム（内国株式）,銀行業
8715,2026-10-02,1001.0,-0.003,-0.0244,-0.0731,-0.2011,-0.0605,-0.2168,1049.52,1153.7733,False,-0.0462,0.5854,1710.0,747.1657,0.0232,2.9603,100100.0,0.9294,0.3532,アニコム　ホールディングス,プライム（内国株式）,保険業
8725,2026-10-02,4776.0,-0.0225,-0.0343,-0.0635,0.0906,-0.0509,0.0749,5001.6659,4736.495,True,-0.0451,0.912,5236.7431,2996.0011,0.0253,247.1014,477600.0,1.2864,0.3908,ＭＳ＆ＡＤインシュアランスグループホールディングス,プライム（内国株式）,保険業
8729,2026-10-02,148.9,-0.0281,-0.0592,-0.0545,0.0401,-0.0419,0.0245,157.2874,150.6743,True,-0.0533,0.7461,199.5771,126.0896,0.0231,91.2193,14889.9994,1.0485,0.358,ソニーフィナンシャルグループ,プライム（内国株式）,保険業
8737,2026-10-02,574.0,-0.0205,-0.0417,-0.069,-0.0226,-0.0564,-0.0383,602.1071,595.8212,True,-0.0467,0.7845,731.7136,484.6415,0.0127,0.2215,57400.0,0.9718,0.4886,あかつき本社,スタンダード（内国株式）,証券、商品先物取引業
8739,2026-10-02,2644.0,-0.012,0.0077,0.0375,0.1743,0.0502,0.1586,2577.6965,2368.885,True,0.0257,0.9862,2681.0,1328.0224,0.0204,4.265,264400.0,1.5878,0.2333,スパークス・グループ,プライム（内国株式）,証券、商品先物取引業
8742,2026-10-02,580.0,-0.0136,-0.0169,0.0284,0.0526,0.041,0.037,586.4,563.4533,True,-0.0109,0.8937,649.0,296.3415,0.0328,0.0494,58000.0,1.148,0.2579,小林洋行,スタンダード（内国株式）,証券、商品先物取引業
8746,2026-10-02,114.0,-0.1618,0.1068,0.1753,0.0755,0.1879,0.0598,113.08,120.1733,False,0.0081,0.1955,583.0,91.0,0.1297,2.1215,11400.0,2.2958,0.3449,ｕｎｂａｎｋｅｄ,スタンダード（内国株式）,証券、商品先物取引業
8747,2026-10-02,2153.0,-0.0444,-0.0639,-0.0319,-0.0401,-0.0193,-0.0558,2243.76,2249.9733,True,-0.0404,0.6698,3214.602,1553.6465,0.031,0.1834,215300.0,0.9342,0.3286,豊トラスティ証券,スタンダード（内国株式）,証券、商品先物取引業
8750,2026-10-02,1786.5,-0.0173,-0.0455,-0.0258,-0.0124,-0.0132,-0.028,1836.1373,1817.9012,True,-0.027,0.9292,1922.7129,1010.7575,0.0254,178.6299,178650.0,1.1776,0.282,第一ライフグループ,プライム（内国株式）,保険業
8766,2026-10-02,507.4,-0.0261,0.2329,0.2622,0.2992,0.2749,0.2835,426.1406,402.5946,True,0.1907,0.9386,540.6,268.8429,0.0405,421.6878,50739.9994,1.346,0.6463,東京海上ホールディングス,プライム（内国株式）,保険業
8769,2026-10-02,507.0,-0.0136,-0.0416,0.0,-0.0117,0.0126,-0.0274,508.72,503.1867,True,-0.0034,0.7571,669.625,451.0,0.0278,0.1743,50700.0,0.9443,0.2345,アドバンテッジリスクマネジメント,スタンダード（内国株式）,サービス業
8771,2026-10-02,1709.0,-0.015,-0.0189,0.003,-0.0139,0.0157,-0.0296,1719.4515,1746.1768,True,-0.0061,0.9178,1862.0034,1422.6661,0.0153,2.7159,170900.0,1.168,0.2573,イー・ギャランティ,プライム（内国株式）,その他金融業
8772,2026-10-02,907.0,-0.0098,0.0134,0.0078,0.1253,0.0204,0.1096,898.44,855.1467,True,0.0095,0.9632,941.6842,768.0,0.0141,0.0583,90700.0,1.1608,0.2659,アサックス,スタンダード（内国株式）,その他金融業
8783,2026-10-02,44.0,-0.0222,-0.0435,-0.2414,-0.5217,-0.2288,-0.5374,51.76,67.2933,False,-0.1499,0.1264,348.0,43.0,0.0503,0.3054,4400.0,0.4498,0.3613,ａｂｃ,スタンダード（内国株式）,その他金融業
8789,2026-10-02,153.0,-0.0192,-0.0313,-0.0545,0.2336,-0.0418,0.218,157.3829,139.6401,True,-0.0278,0.8871,172.472,97.8633,0.0261,1.7124,15300.0,0.841,0.2481,フィンテック　グローバル,スタンダード（内国株式）,その他金融業
8793,2026-10-02,4035.0,-0.0159,-0.0414,-0.0289,0.0295,-0.0163,0.0138,4140.3464,4062.5372,True,-0.0254,0.9508,4243.6751,3636.7045,0.0125,0.7736,403500.0,1.185,0.3942,ＮＥＣキャピタルソリューション,プライム（内国株式）,その他金融業
8795,2026-10-02,4737.0,-0.008,-0.0355,-0.0271,-0.0279,-0.0145,-0.0436,4824.392,4828.4461,True,-0.0181,0.9304,5091.418,3080.8856,0.0253,64.5454,473700.0,0.9179,0.2726,Ｔ＆Ｄホールディングス,プライム（内国株式）,保険業
8798,2026-10-02,88.0,-0.0112,-0.3433,-0.3529,-0.3016,-0.3403,-0.3173,132.68,130.1733,False,-0.3368,0.2514,350.0,87.0,0.1623,0.4474,8800.0,4.3317,0.679,アドバンスクリエイト,プライム（内国株式）,保険業
8801,2026-10-02,1426.0,-0.0332,-0.0422,-0.0714,-0.0624,-0.0588,-0.0781,1481.6738,1491.8993,False,-0.0376,0.6763,2108.6714,1407.3189,0.0215,145.0681,142600.0,1.1453,0.2374,三井不動産,プライム（内国株式）,不動産業
8802,2026-10-02,3498.0,-0.0262,-0.0366,-0.0832,-0.1646,-0.0706,-0.1803,3646.4823,3856.6358,False,-0.0407,0.6547,5343.257,3157.3341,0.0227,128.0118,349800.0,1.0635,0.2482,三菱地所,プライム（内国株式）,不動産業
8803,2026-10-02,2250.0,-0.0226,-0.0338,-0.0494,-0.0346,-0.0368,-0.0503,2321.5683,2318.3671,True,-0.0308,0.9109,2470.053,2066.406,0.0137,4.5646,225000.0,1.3153,0.3824,平和不動産,プライム（内国株式）,不動産業
8804,2026-10-02,3211.0,-0.0135,-0.0328,-0.0752,-0.0311,-0.0625,-0.0468,3333.36,3349.973,True,-0.0367,0.7479,4293.5859,2707.4442,0.0202,31.5368,321100.0,1.3078,0.2218,東京建物,プライム（内国株式）,不動産業
8818,2026-10-02,976.0,-0.023,-0.0886,-0.1131,-0.1233,-0.1005,-0.139,1083.8935,1082.2211,True,-0.0995,0.8374,1165.5681,784.2035,0.0249,6.2861,97600.0,1.8767,0.59,京阪神ビルディング,プライム（内国株式）,不動産業
8830,2026-10-02,3089.0,-0.0286,-0.0289,-0.0821,-0.1904,-0.0695,-0.2061,3220.2783,3461.6914,False,-0.0408,0.5843,5286.9297,3044.0796,0.0221,97.156,308900.0,1.0964,0.2067,住友不動産,プライム（内国株式）,不動産業
8835,2026-10-02,775.0,-0.0215,-0.0215,-0.0373,-0.0127,-0.0246,-0.0284,796.0,785.9467,True,-0.0264,0.5016,1545.0,733.3775,0.0104,0.1297,77500.0,0.9564,0.3593,太平洋興発,スタンダード（内国株式）,卸売業
8836,2026-10-02,26.0,0.0,0.0,-0.037,-0.037,-0.0244,-0.0527,26.72,26.4533,True,-0.0269,0.6667,39.0,22.0,0.0412,0.0147,2600.0,0.8336,0.1867,ＲＩＳＥ,スタンダード（内国株式）,不動産業
8841,2026-10-02,970.0,-0.0222,-0.0382,-0.0667,0.0075,-0.0541,-0.0081,1005.7015,972.1504,True,-0.0355,0.8237,1177.5842,779.0314,0.0239,0.945,97000.0,0.8285,0.3073,テーオーシー,スタンダード（内国株式）,不動産業
8844,2026-10-02,1155.0,-0.0294,-0.0319,-0.0827,-0.174,-0.0701,-0.1897,1220.8591,1268.0694,True,-0.0539,0.7751,1490.0824,1008.273,0.0216,0.7087,115500.0,0.6232,0.3709,コスモスイニシア,スタンダード（内国株式）,不動産業
8848,2026-10-02,1013.0,-0.0069,-0.0165,0.5489,0.5633,0.5616,0.5476,803.24,700.1733,True,0.2611,0.9557,1060.0,598.0,0.0398,43.653,101300.0,3.4453,0.2954,レオパレス２１,プライム（内国株式）,不動産業
8850,2026-10-02,4510.0,-0.028,-0.0405,-0.0252,-0.0189,-0.0126,-0.0346,4641.7364,4608.1773,True,-0.0284,0.8696,5186.0483,4321.4776,0.0174,2.749,451000.0,1.1382,0.3369,スターツコーポレーション,プライム（内国株式）,不動産業
8860,2026-10-02,708.0,-0.018,-0.038,-0.058,-0.0494,-0.0454,-0.065,731.4451,737.8199,False,-0.0321,0.7932,892.6148,688.9813,0.0123,0.4866,70800.0,1.3062,0.3313,フジ住宅,プライム（内国株式）,不動産業
8864,2026-10-02,918.0,-0.0234,-0.0375,-0.0355,-0.0101,-0.0229,-0.0258,943.9164,933.8494,True,-0.0275,0.8585,1069.3596,829.527,0.015,0.6633,91800.0,0.8713,0.2876,空港施設,スタンダード（内国株式）,不動産業
8869,2026-10-02,782.0,-0.0249,-0.0381,-0.0735,-0.0237,-0.0608,-0.0394,819.28,818.0933,True,-0.0455,0.6661,1173.9295,756.0,0.0119,0.4797,78200.0,1.0567,0.3985,明和地所,スタンダード（内国株式）,不動産業
8871,2026-10-02,2967.0,-0.0351,-0.055,-0.0779,-0.0723,-0.0653,-0.088,3142.6669,3195.1971,False,-0.0559,0.7903,3754.0498,2967.0,0.0175,1.6185,296700.0,1.0623,0.3989,ゴールドクレスト,スタンダード（内国株式）,不動産業
8876,2026-10-02,2302.5,0.0066,0.0086,0.0331,0.1357,0.0457,0.1201,2206.5066,2062.4675,True,0.0435,0.9901,2325.5,1537.0393,0.0229,13.1335,230250.0,1.1295,0.4216,リログループ,プライム（内国株式）,サービス業
8877,2026-10-02,4940.0,-0.0218,-0.0496,-0.0549,0.0112,-0.0423,-0.0044,5110.0046,5019.8981,True,-0.0333,0.6833,7229.4243,4650.5747,0.0177,1.5893,494000.0,1.3254,0.3401,エスリード,プライム（内国株式）,不動産業
8881,2026-10-02,634.0,-0.0201,-0.0408,-0.0663,-0.014,-0.0537,-0.0297,661.72,660.7867,True,-0.0419,0.7956,796.8824,552.861,0.0124,0.7499,63400.0,0.9647,0.42,日神グループホールディングス,プライム（内国株式）,不動産業
8887,2026-10-02,359.0,-0.011,-0.011,-0.0528,0.0028,-0.0401,-0.0129,366.96,367.96,True,-0.0217,0.7381,486.3603,333.0,0.0135,0.2201,35900.0,0.93,0.1853,シーラホールディングス,スタンダード（内国株式）,不動産業
8891,2026-10-02,2105.0,0.0019,0.0106,0.0202,0.0792,0.0328,0.0635,2039.607,1998.01,True,0.0321,0.7634,2757.4003,1616.9496,0.0211,0.0877,210500.0,1.1049,0.3697,ＡＭＧホールディングス,スタンダード（内国株式）,不動産業
8892,2026-10-02,1044.0,-0.0179,-0.0662,-0.0645,-0.0457,-0.0519,-0.0614,1104.64,1098.56,False,-0.0549,0.8536,1223.0,948.2425,0.0164,1.9411,104400.0,1.1168,0.5565,エスコン,プライム（内国株式）,不動産業
8894,2026-10-02,16.0,-0.0588,0.0667,-0.2381,-0.36,-0.2255,-0.3757,19.2,22.0933,False,-0.1667,0.2133,75.0,15.0,0.0982,0.1585,1600.0,1.5363,0.3182,ＲＥＶＯＬＵＴＩＯＮ,スタンダード（内国株式）,不動産業
8897,2026-10-02,428.0,-0.0228,-0.0294,-0.0626,0.0859,-0.05,0.0702,441.3903,419.4553,True,-0.0303,0.9294,460.4878,342.2011,0.0161,3.4679,42800.0,1.0724,0.3305,ＭＩＲＡＲＴＨホールディングス,プライム（内国株式）,不動産業
8898,2026-10-02,1130.0,-0.0026,-0.0096,0.0174,0.0228,0.0301,0.0072,1119.4778,1108.7349,True,0.0094,0.9683,1167.0,1044.7279,0.0144,0.0479,113000.0,1.3028,0.3516,センチュリー２１・ジャパン,スタンダード（内国株式）,不動産業
8904,2026-10-02,819.0,0.0024,-0.0036,-0.0121,0.0029,0.0006,-0.0128,825.3138,827.5872,True,-0.0077,0.9538,858.6698,756.8257,0.0062,0.1092,81900.0,0.5658,0.2169,ＡＶＡＮＴＩＡ,スタンダード（内国株式）,不動産業
8908,2026-10-02,873.0,-0.0091,-0.0224,-0.018,0.0246,-0.0054,0.009,884.72,867.6,True,-0.0132,0.9514,917.6293,765.9406,0.0129,0.0462,87300.0,0.9428,0.2481,毎日コムネット,スタンダード（内国株式）,不動産業
8912,2026-10-02,157.0,-0.0063,0.0,0.0064,0.0397,0.019,0.0241,158.2,156.3348,False,-0.0076,0.5716,274.6497,145.6328,0.0146,0.4638,15700.0,0.3026,0.2625,エリアクエスト,スタンダード（内国株式）,不動産業
8914,2026-10-02,830.0,-0.0201,-0.0705,-0.1027,0.0159,-0.0901,0.0002,891.88,892.2302,False,-0.0694,0.6315,1314.4129,796.0,0.0213,0.5379,83000.0,0.5079,0.4421,エリアリンク,スタンダード（内国株式）,不動産業
8917,2026-10-02,1075.0,-0.0019,-0.0138,-0.057,-0.0245,-0.0444,-0.0402,1101.2,1110.1733,True,-0.0238,0.8667,1240.3308,999.0,0.0133,0.8704,107500.0,0.9189,0.21,ファースト住建,スタンダード（内国株式）,不動産業
8918,2026-10-02,11.0,0.1,0.1,0.0,0.1,0.0126,0.0843,10.44,10.2533,True,0.0536,0.9167,12.0,8.0,0.0909,30.8573,1100.0,0.842,0.1,ランド,スタンダード（内国株式）,不動産業
8919,2026-10-02,3390.0,-0.0314,-0.0396,-0.0977,0.0484,-0.085,0.0327,3542.5348,3403.9178,True,-0.0431,0.8826,3840.8285,2363.8474,0.0246,6.8154,339000.0,0.9557,0.2446,カチタス,プライム（内国株式）,不動産業
8920,2026-10-02,650.0,-0.024,-0.0511,-0.1043,-0.1351,-0.0917,-0.1508,694.3484,725.8805,False,-0.0639,0.6719,967.3391,650.0,0.0177,0.519,65000.0,0.965,0.4506,東祥,スタンダード（内国株式）,サービス業
8923,2026-10-02,1731.0,-0.0012,0.0052,-0.0613,0.0099,-0.0487,-0.0058,1739.44,1743.0933,True,-0.0049,0.8909,1943.0,1477.0,0.0187,3.6818,173100.0,1.1181,0.34,トーセイ,プライム（内国株式）,不動産業
8927,2026-10-02,490.0,-0.022,-0.0316,0.0103,0.1019,0.0229,0.0862,488.56,463.4463,True,0.0029,0.9066,540.4619,391.569,0.016,0.6348,49000.0,1.3788,0.3182,明豊エンタープライズ,スタンダード（内国株式）,不動産業
8928,2026-10-02,2304.0,-0.003,-0.0022,-0.0196,0.0254,-0.007,0.0097,2312.88,2292.6868,False,-0.0038,0.8066,2856.3963,2043.4411,0.0075,0.138,230400.0,0.6064,0.1909,穴吹興産,スタンダード（内国株式）,不動産業
8929,2026-10-02,1313.0,-0.0346,-0.0547,-0.0648,0.0226,-0.0522,0.0069,1376.72,1310.2927,True,-0.0463,0.6499,2020.2999,1185.0,0.0226,0.6941,131300.0,0.7834,0.2793,青山財産ネットワークス,スタンダード（内国株式）,不動産業
8931,2026-10-02,1282.0,-0.0281,-0.0497,-0.0361,0.0384,-0.0235,0.0227,1327.1398,1320.4194,True,-0.034,0.738,1737.0113,1192.5457,0.0175,0.1474,128200.0,1.2066,0.5573,和田興産,スタンダード（内国株式）,不動産業
8934,2026-10-02,2209.0,-0.029,-0.0671,-0.1085,-0.0842,-0.0959,-0.0999,2370.8372,2405.6927,True,-0.0683,0.7787,2836.8363,2148.3488,0.0187,3.4692,220900.0,1.2605,0.4194,サンフロンティア不動産,プライム（内国株式）,不動産業
8935,2026-10-02,1902.0,-0.0246,-0.0417,-0.0567,0.0853,-0.044,0.0696,1958.1247,1866.2737,True,-0.0287,0.9307,2043.672,1327.9489,0.0201,1.0727,190200.0,1.015,0.2597,ＦＪネクストホールディングス,プライム（内国株式）,不動産業
8938,2026-10-02,328.0,0.038,0.0061,0.0061,-0.0602,0.0188,-0.0758,327.92,332.0267,True,0.0002,0.5182,633.0,268.0,0.0449,0.0249,32800.0,1.237,0.3126,グローム・ホールディングス,グロース（内国株式）,不動産業
8944,2026-10-02,252.0,-0.0079,0.0284,0.0666,0.0845,0.0792,0.0689,242.4509,238.3763,False,0.0394,0.7417,339.747,218.6877,0.0229,0.1077,25200.0,1.0316,0.3098,ランドビジネス,スタンダード（内国株式）,不動産業
8945,2026-10-02,1091.0,-0.0027,0.0018,-0.0073,0.0055,0.0053,-0.0101,1090.4,1097.5272,False,0.0006,0.7997,1364.3024,974.2761,0.0053,0.0323,109100.0,0.9643,0.2938,サンネクスタグループ,スタンダード（内国株式）,不動産業
8946,2026-10-02,73.0,0.0,0.0,-0.0267,-0.0395,-0.014,-0.0551,74.44,75.88,False,-0.0193,0.4591,159.0,71.0,0.0205,0.051,7300.0,0.8384,0.2667,ＡＳＩＡＮ　ＳＴＡＲ,スタンダード（内国株式）,不動産業
8995,2026-10-02,2013.0,0.0323,0.0318,0.3071,1.4341,0.3198,1.4184,1884.56,1329.4533,True,0.0682,0.6873,2929.0,761.0131,0.1514,9.4508,201300.0,1.1983,0.1545,誠建設工業,スタンダード（内国株式）,不動産業
8996,2026-10-02,1104.0,0.0018,0.0347,-0.0195,0.1029,-0.0069,0.0872,1090.48,1049.1333,True,0.0124,0.9693,1139.0,833.9279,0.0177,0.0291,110400.0,1.2731,0.3744,ハウスフリーダム,スタンダード（内国株式）,不動産業
8999,2026-10-02,554.0,-0.0195,-0.0264,-0.0365,0.0695,-0.0239,0.0538,567.64,547.9333,True,-0.024,0.8874,624.264,499.0,0.0125,0.2631,55400.0,0.7824,0.2598,グランディハウス,プライム（内国株式）,不動産業
9001,2026-10-02,2748.0,-0.0177,-0.0628,-0.0731,-0.0408,-0.0605,-0.0565,2906.276,2917.558,True,-0.0545,0.8602,3194.7315,2399.6699,0.0174,24.3454,274800.0,1.608,0.475,東武鉄道,プライム（内国株式）,陸運業
9003,2026-10-02,2457.5,-0.0101,-0.0556,-0.0471,-0.0001,-0.0345,-0.0157,2574.6352,2520.8408,True,-0.0455,0.7865,3124.6443,2291.9319,0.0189,13.6911,245750.0,2.1647,0.438,相鉄ホールディングス,プライム（内国株式）,陸運業
9005,2026-10-02,1583.5,-0.0137,-0.0358,-0.0382,-0.0425,-0.0255,-0.0581,1634.1168,1664.9294,False,-0.031,0.802,1974.5561,1564.6228,0.0152,41.1013,158350.0,1.1217,0.3714,東急,プライム（内国株式）,陸運業
9006,2026-10-02,1507.0,-0.0163,-0.0131,-0.0226,0.0184,-0.0099,0.0028,1537.0225,1515.7981,True,-0.0195,0.9171,1643.2569,1359.3894,0.0154,15.2223,150700.0,1.457,0.2664,京浜急行電鉄,プライム（内国株式）,陸運業
9007,2026-10-02,1700.5,-0.0102,-0.0296,-0.0438,0.0311,-0.0312,0.0155,1756.9052,1704.4429,True,-0.0321,0.9238,1840.8343,1510.5164,0.0178,26.7021,170050.0,1.224,0.4143,小田急電鉄,プライム（内国株式）,陸運業
9008,2026-10-02,743.0,-0.0133,-0.0523,-0.0418,0.0072,-0.0291,-0.0085,774.1356,760.4781,True,-0.0402,0.8873,837.4035,701.4352,0.0216,20.0969,74300.0,1.6094,0.3496,京王電鉄,プライム（内国株式）,陸運業
9009,2026-10-02,1313.5,-0.0109,-0.0209,-0.0241,0.1157,-0.0115,0.1,1351.3802,1263.4215,True,-0.028,0.9283,1414.8767,1024.583,0.0207,27.0049,131350.0,1.1538,0.3005,京成電鉄,プライム（内国株式）,陸運業
9010,2026-10-02,2621.0,-0.0124,0.0061,-0.0396,0.0352,-0.027,0.0195,2649.84,2640.3067,True,-0.0109,0.9245,2835.0,1921.0913,0.0236,4.8565,262100.0,1.2332,0.2298,富士急行,プライム（内国株式）,陸運業
9017,2026-10-02,1981.0,-0.0015,-0.0045,-0.005,0.0071,0.0076,-0.0086,1992.52,1992.0533,True,-0.0058,0.92,2153.2445,1950.0,0.0028,0.0168,198100.0,1.1655,0.3013,新潟交通,スタンダード（内国株式）,陸運業
9020,2026-10-02,3296.0,-0.009,-0.0356,-0.0749,-0.0353,-0.0623,-0.051,3460.9855,3460.8686,False,-0.0477,0.8009,4115.2629,3203.3016,0.0185,100.0511,329600.0,1.0398,0.3908,東日本旅客鉄道,プライム（内国株式）,陸運業
9021,2026-10-02,2868.0,-0.0117,-0.0402,-0.0383,0.0424,-0.0256,0.0267,2959.4431,2863.0268,True,-0.0309,0.84,3414.4645,2413.396,0.0169,58.3393,286800.0,0.8153,0.4119,西日本旅客鉄道,プライム（内国株式）,陸運業
9022,2026-10-02,3621.0,-0.0139,-0.0375,-0.0916,0.0348,-0.0789,0.0192,3818.0063,3729.6308,True,-0.0516,0.7558,4791.2324,3188.3854,0.0189,84.5952,362100.0,0.9216,0.3922,東海旅客鉄道,プライム（内国株式）,陸運業
9023,2026-10-02,1440.0,-0.0177,-0.049,-0.0063,0.0112,0.0063,-0.0045,1485.4943,1440.2282,True,-0.0306,0.8478,1698.4712,1296.4097,0.017,27.8864,144000.0,1.0305,0.3952,東京地下鉄,プライム（内国株式）,陸運業
9024,2026-10-02,3542.0,0.0008,-0.0065,0.027,0.0472,0.0396,0.0316,3506.1365,3394.9676,True,0.0102,0.6099,5807.5866,2564.5195,0.0258,45.7566,354200.0,0.8329,0.1924,西武ホールディングス,プライム（内国株式）,陸運業
9025,2026-10-02,2764.0,-0.0122,-0.0448,-0.0422,0.0136,-0.0296,-0.0021,2846.51,2799.8233,True,-0.029,0.7927,3486.7117,2551.2443,0.0175,2.629,276400.0,1.0101,0.3808,鴻池運輸,プライム（内国株式）,陸運業
9028,2026-10-02,3210.0,-0.0123,-0.036,-0.0829,-0.1289,-0.0702,-0.1446,3371.8,3510.4636,False,-0.048,0.7852,4087.9449,2828.7613,0.0157,0.5323,321000.0,1.2264,0.3773,ゼロ,スタンダード（内国株式）,陸運業
9029,2026-10-02,1822.0,-0.021,0.0039,-0.052,-0.0656,-0.0394,-0.0813,1852.76,1898.8267,False,-0.0166,0.8409,2166.6665,1519.3798,0.0185,0.1037,182200.0,0.6893,0.2486,ヒガシホールディングス,スタンダード（内国株式）,陸運業
9031,2026-10-02,2829.5,-0.0089,-0.0812,-0.0803,-0.018,-0.0677,-0.0337,3034.3984,2984.5315,True,-0.0675,0.8703,3251.0494,2129.559,0.0236,10.9886,282950.0,2.1016,0.4986,西日本鉄道,プライム（内国株式）,陸運業
9033,2026-10-02,619.0,-0.0064,-0.019,-0.0298,-0.0143,-0.0172,-0.03,630.8,626.6933,True,-0.0187,0.9342,662.5994,587.5509,0.0068,0.0653,61900.0,1.1187,0.4508,広島電鉄,スタンダード（内国株式）,陸運業
9034,2026-10-02,1622.0,-0.0092,-0.0094,0.0081,0.0331,0.0207,0.0175,1622.171,1588.2641,True,-0.0001,0.9772,1659.7871,1347.5307,0.0128,0.0946,162200.0,0.648,0.1649,南総通運,スタンダード（内国株式）,陸運業
9036,2026-10-02,1212.0,-0.009,-0.0089,-0.0169,-0.0438,-0.0043,-0.0595,1227.0888,1264.5764,False,-0.0123,0.8451,1434.1766,892.6104,0.02,0.0353,121200.0,1.3703,0.3503,東部ネットワーク,スタンダード（内国株式）,陸運業
9037,2026-10-02,1759.0,-0.0173,-0.0517,-0.0506,-0.0263,-0.038,-0.0419,1815.9674,1807.9826,False,-0.0314,0.918,1916.0794,1463.6311,0.0155,1.9846,175900.0,0.9901,0.3993,ハマキョウレックス,プライム（内国株式）,陸運業
9039,2026-10-02,2926.0,-0.0024,-0.0405,-0.0231,0.0141,-0.0105,-0.0015,2967.5102,2926.105,True,-0.014,0.9548,3064.4572,2589.0861,0.0149,3.1394,292600.0,1.6049,0.3731,サカイ引越センター,プライム（内国株式）,陸運業
9041,2026-10-02,3340.0,-0.003,-0.0513,-0.0331,-0.0141,-0.0205,-0.0298,3454.4121,3442.0994,False,-0.0331,0.9049,3690.8791,2718.385,0.0163,32.3146,334000.0,1.8672,0.4606,近鉄グループホールディングス,プライム（内国株式）,陸運業
9042,2026-10-02,4421.0,0.014,-0.0086,-0.0454,0.005,-0.0328,-0.0107,4565.7029,4540.023,False,-0.0317,0.8626,5124.9079,3732.0279,0.0203,44.7173,442100.0,1.3468,0.3909,阪急阪神ホールディングス,プライム（内国株式）,陸運業
9044,2026-10-02,2975.5,-0.0134,-0.0748,-0.0315,0.0511,-0.0189,0.0354,3103.7033,2952.3343,True,-0.0413,0.9046,3289.3786,2561.2145,0.0241,20.7112,297550.0,2.6469,0.4398,ＮＡＮＫＡＩ,プライム（内国株式）,陸運業
9045,2026-10-02,3102.0,-0.0093,-0.0357,-0.0369,-0.0174,-0.0243,-0.0331,3201.72,3191.6,True,-0.0311,0.889,3489.1669,2993.3481,0.017,10.0281,310200.0,1.3218,0.4211,京阪ホールディングス,プライム（内国株式）,陸運業
9046,2026-10-02,2370.0,-0.005,-0.042,-0.0409,-0.0174,-0.0283,-0.0331,2462.08,2449.2267,True,-0.0374,0.9066,2614.1714,2302.3714,0.013,0.3044,237000.0,1.9676,0.4548,神戸電鉄,スタンダード（内国株式）,陸運業
9048,2026-10-02,1827.0,-0.0106,-0.0243,-0.0341,-0.0073,-0.0215,-0.023,1876.98,1870.1133,True,-0.0266,0.9081,2012.0,1539.3765,0.0153,24.0123,182700.0,2.1763,0.3585,名古屋鉄道,プライム（内国株式）,陸運業
9049,2026-10-02,6410.0,-0.0184,-0.0154,-0.0375,-0.0504,-0.0249,-0.066,6610.8,6676.4,False,-0.0304,0.7743,8278.8539,6410.0,0.0053,0.0269,641000.0,1.396,0.5542,京福電気鉄道,スタンダード（内国株式）,陸運業
9051,2026-10-02,1195.0,-0.0165,-0.0489,-0.0961,-0.1082,-0.0835,-0.1239,1286.412,1299.6103,False,-0.0711,0.773,1545.855,1148.1521,0.0251,0.024,119500.0,2.4215,0.5223,センコン物流,スタンダード（内国株式）,陸運業
9052,2026-10-02,1914.0,-0.0144,-0.0344,-0.0439,-0.0102,-0.0313,-0.0259,1979.615,1958.3701,True,-0.0331,0.902,2121.9231,1827.0813,0.0106,0.9666,191400.0,1.3621,0.4384,山陽電気鉄道,プライム（内国株式）,陸運業
9057,2026-10-02,3250.0,0.0062,0.0024,0.0147,0.0024,0.0273,-0.0133,3205.0631,3162.6701,True,0.014,0.8618,3771.2942,2972.164,0.0163,0.0309,325000.0,0.9825,0.37,遠州トラック,スタンダード（内国株式）,陸運業
9059,2026-10-02,913.0,-0.0119,-0.0066,0.0053,0.0208,0.0179,0.0051,911.7555,893.0081,True,0.0014,0.9756,935.8194,769.4108,0.0091,0.032,91300.0,0.8697,0.3813,カンダホールディングス,スタンダード（内国株式）,陸運業
9060,2026-10-02,4170.0,-0.0071,0.0036,0.0182,-0.0186,0.0308,-0.0343,4126.3319,4177.6011,True,0.0106,0.8169,5104.7881,4021.2874,0.0038,0.0091,417000.0,0.253,0.5919,日本ロジテム,スタンダード（内国株式）,陸運業
9063,2026-10-02,4115.0,-0.0048,-0.0096,-0.0306,0.0418,-0.018,0.0261,4176.2,4090.8667,True,-0.0147,0.8558,4808.1968,3336.2997,0.0089,0.0332,411500.0,1.2558,0.2059,岡山県貨物運送,スタンダード（内国株式）,陸運業
9064,2026-10-02,1967.5,-0.0061,-0.0149,0.0114,0.0229,0.024,0.0072,1955.0553,1924.2128,True,0.0064,0.8353,2355.5591,1656.0673,0.0203,23.8365,196750.0,1.0539,0.2345,ヤマトホールディングス,プライム（内国株式）,陸運業
9065,2026-10-02,1567.0,-0.0154,0.0344,0.0142,-0.0311,0.0268,-0.0468,1516.1095,1578.9686,False,0.0336,0.8576,1827.1245,1399.6155,0.0232,17.3207,156700.0,1.014,0.39,山九,プライム（内国株式）,陸運業
9068,2026-10-02,3540.0,-0.0112,-0.0125,-0.0218,-0.0244,-0.0091,-0.0401,3558.0789,3614.1728,False,-0.0051,0.768,4609.4064,3160.8728,0.0206,1.886,354000.0,1.1134,0.2601,丸全昭和運輸,プライム（内国株式）,陸運業
9069,2026-10-02,2266.0,-0.0103,-0.0367,0.0162,0.1616,0.0288,0.146,2258.3084,2146.7546,True,0.0034,0.9606,2358.8288,1651.8348,0.0181,8.1713,226600.0,1.0209,0.2329,センコーグループホールディングス,プライム（内国株式）,陸運業
9072,2026-10-02,4524.0,0.0146,-0.1075,-0.1671,-0.1927,-0.1545,-0.2084,5084.7375,5348.7071,False,-0.1103,0.6838,6615.5521,3248.1263,0.0346,14.7394,452400.0,1.5816,0.5863,ニッコンホールディングス,プライム（内国株式）,陸運業
9073,2026-10-02,1257.0,-0.0141,-0.0157,0.0153,-0.0008,0.028,-0.0165,1249.96,1246.5333,True,0.0056,0.8185,1535.7253,1200.0,0.0123,0.0079,125700.0,0.75,0.2194,京極運輸商事,スタンダード（内国株式）,陸運業
9074,2026-10-02,2580.0,-0.0081,0.068,0.0637,-0.0475,0.0763,-0.0632,2454.3536,2539.983,False,0.0512,0.9171,2813.1181,1737.2323,0.0217,0.1039,258000.0,1.7109,0.4596,日本石油輸送,スタンダード（内国株式）,陸運業
9075,2026-10-02,5880.0,0.0034,-0.0651,-0.0738,0.0381,-0.0612,0.0224,6167.0654,6014.114,False,-0.0465,0.8349,7043.1091,3546.9644,0.0255,4.3684,588000.0,0.7473,0.4058,福山通運,プライム（内国株式）,陸運業
9076,2026-10-02,2570.5,-0.0121,-0.0416,-0.0739,-0.0132,-0.0612,-0.0288,2675.1063,2655.4205,True,-0.0391,0.9177,2801.1154,2043.9305,0.0166,9.7452,257050.0,1.0095,0.3881,セイノーホールディングス,プライム（内国株式）,陸運業
9081,2026-10-02,3825.0,-0.0217,-0.0556,-0.0356,0.0832,-0.023,0.0676,3966.1404,3783.0369,True,-0.0356,0.9375,4080.0,3174.9819,0.0215,0.7894,382500.0,2.0426,0.3219,神奈川中央交通,プライム（内国株式）,陸運業
9082,2026-10-02,2455.0,-0.0608,-0.0803,0.1498,0.7055,0.1624,0.6898,2292.8332,1847.973,True,0.0707,0.7464,3289.1785,1064.014,0.1219,0.4905,245500.0,2.9736,0.3718,大和自動車交通,スタンダード（内国株式）,陸運業
9083,2026-10-02,1974.0,0.0,-0.0023,0.017,0.0425,0.0296,0.0269,1971.475,1935.8264,True,0.0013,0.9363,2108.3342,1766.864,0.0163,0.091,197400.0,1.7252,0.382,神姫バス,スタンダード（内国株式）,陸運業
9087,2026-10-02,2050.0,-0.0238,-0.0487,-0.0889,0.026,-0.0763,0.0104,2160.08,2052.6133,True,-0.051,0.8742,2345.0,1188.5146,0.0228,0.0161,205000.0,0.071,0.3318,タカセ,スタンダード（内国株式）,陸運業
9090,2026-10-02,834.0,-0.0257,-0.0606,-0.0616,0.0472,-0.049,0.0315,876.3531,846.4873,True,-0.0483,0.7634,1092.4769,724.7475,0.0233,5.2583,83400.0,1.4435,0.3785,ＡＺ－ＣＯＭ丸和ホールディングス,プライム（内国株式）,陸運業
9101,2026-10-02,7141.0,0.0003,-0.0142,0.0237,0.3933,0.0364,0.3776,7122.1481,6179.8295,True,0.0026,0.9554,7474.136,4622.293,0.0236,195.7361,714100.0,0.8763,0.247,日本郵船,プライム（内国株式）,海運業
9104,2026-10-02,7137.0,0.0119,0.0187,0.0272,0.3939,0.0398,0.3783,7005.7913,6162.8541,True,0.0187,0.964,7403.5512,4163.3943,0.0277,204.1385,713700.0,0.9606,0.2508,商船三井,プライム（内国株式）,海運業
9107,2026-10-02,3264.0,0.0,-0.0372,-0.0179,0.3063,-0.0053,0.2906,3325.918,2910.9502,True,-0.0186,0.9204,3546.425,1917.4221,0.0286,135.5651,326400.0,0.838,0.3492,川崎汽船,プライム（内国株式）,海運業
9110,2026-10-02,10510.0,0.0,0.0,0.0019,0.571,0.0145,0.5553,10494.0,8886.2667,True,0.0015,0.9972,10540.0,4828.6305,0.0019,14.003,1051000.0,0.8673,0.3,ＮＳユナイテッド海運,プライム（内国株式）,海運業
9115,2026-10-02,999.0,-0.0128,-0.0655,-0.0646,0.1907,-0.052,0.175,1066.16,937.36,True,-0.063,0.5696,1753.7142,597.8571,0.0561,1.0276,99900.0,0.8609,0.3054,明海グループ,スタンダード（内国株式）,海運業
9119,2026-10-02,1644.0,-0.0214,-0.0545,-0.0619,0.1636,-0.0493,0.148,1706.6399,1558.7761,True,-0.0367,0.8643,1902.1066,1091.6599,0.0223,4.0025,164400.0,0.9555,0.3572,飯野海運,プライム（内国株式）,海運業
9127,2026-10-02,3490.0,-0.0279,-0.049,0.0095,0.3005,0.0222,0.2849,3469.2957,3039.8154,True,0.006,0.7629,4574.7828,2074.4111,0.0421,0.2081,349000.0,0.9837,0.2439,玉井商船,スタンダード（内国株式）,海運業
9130,2026-10-02,1711.0,0.0289,-0.0093,0.0631,0.192,0.0757,0.1763,1672.4081,1528.8852,True,0.0231,0.5771,2964.9281,981.1217,0.075,6.1389,171100.0,2.3188,0.3459,共栄タンカー,スタンダード（内国株式）,海運業
9142,2026-10-02,3349.0,-0.0179,-0.037,-0.0617,-0.0335,-0.0491,-0.0491,3480.8013,3474.4079,True,-0.0379,0.8329,4020.6837,3331.3345,0.0179,30.1737,334900.0,1.347,0.3056,九州旅客鉄道,プライム（内国株式）,陸運業
9143,2026-10-02,1409.0,-0.0046,-0.0433,-0.055,-0.0906,-0.0424,-0.1063,1458.8171,1510.2735,True,-0.0341,0.8567,1644.6782,1343.2357,0.0162,20.8737,140900.0,1.0664,0.4229,ＳＧホールディングス,プライム（内国株式）,陸運業
9145,2026-10-02,538.0,0.0019,-0.0511,-0.0881,-0.0092,-0.0755,-0.0249,574.0,561.0697,True,-0.0627,0.5676,947.8615,494.0,0.0368,0.1441,53800.0,1.3104,0.3588,ビーイングホールディングス,スタンダード（内国株式）,陸運業
9147,2026-10-02,5672.0,-0.0134,-0.0209,-0.0331,0.0453,-0.0204,0.0297,5618.44,5431.9473,True,0.0095,0.9669,5866.0,3090.6227,0.0197,51.8798,567200.0,0.8047,0.2972,ＮＩＰＰＯＮ　ＥＸＰＲＥＳＳホールディングス,プライム（内国株式）,陸運業
9158,2026-10-02,748.0,-0.0235,-0.0567,-0.0027,-0.0788,0.01,-0.0945,765.44,777.4133,False,-0.0228,0.5684,1316.0,670.0,0.0283,0.215,74800.0,0.6332,0.3311,シーユーシー,グロース（内国株式）,サービス業
9159,2026-10-02,1900.0,-0.0026,-0.0171,-0.0505,-0.0084,-0.0379,-0.024,1963.36,1916.1067,False,-0.0323,0.6602,2878.0,1485.0,0.0148,0.0654,190000.0,0.6816,0.3776,Ｗ　ＴＯＫＹＯ,グロース（内国株式）,サービス業
9160,2026-10-02,339.0,0.0119,0.0089,0.0335,0.169,0.0462,0.1533,331.52,310.8533,True,0.0226,0.9212,368.0,280.0,0.0147,0.1283,33900.0,1.0453,0.24,オンザページ,スタンダード（内国株式）,サービス業
9162,2026-10-02,226.0,0.0089,-0.0088,-0.0174,-0.0424,-0.0048,-0.058,229.16,231.9067,False,-0.0138,0.565,400.0,223.0,0.0142,0.0224,22600.0,0.8651,0.28,ブリーチ,グロース（内国株式）,サービス業
9163,2026-10-02,2353.0,-0.0072,-0.0179,-0.0232,0.0453,-0.0106,0.0296,2375.44,2311.9333,True,-0.0094,0.9699,2426.0,2071.0,0.014,0.4943,235300.0,1.3045,0.2922,ナレルグループ,グロース（内国株式）,サービス業
9165,2026-10-02,1819.0,-0.006,0.0078,0.0365,0.0236,0.0491,0.008,1760.44,1727.5406,False,0.0333,0.7957,2286.1192,1284.1179,0.0163,0.1079,181900.0,0.7614,0.2928,クオルテック,グロース（内国株式）,サービス業
9166,2026-10-02,628.0,-0.0338,-0.0641,-0.1444,0.1172,-0.1318,0.1015,705.84,646.5813,True,-0.1103,0.6566,956.4378,451.8995,0.0463,8.7271,62800.0,0.7126,0.2614,ＧＥＮＤＡ,グロース（内国株式）,サービス業
9168,2026-10-02,420.0,-0.0141,-0.0071,-0.0323,0.0526,-0.0196,0.037,424.52,406.2933,True,-0.0106,0.4089,1027.2432,377.0,0.0173,0.2766,42000.0,0.5402,0.1922,ライズ・コンサルティング・グループ,グロース（内国株式）,サービス業
9171,2026-10-02,1477.0,-0.0074,-0.0034,-0.0173,-0.1707,-0.0047,-0.1864,1494.12,1625.9333,False,-0.0115,0.7015,2105.5208,1102.0632,0.0169,0.0306,147700.0,0.6816,0.3771,栗林商船,スタンダード（内国株式）,海運業
9173,2026-10-02,2824.0,0.0075,0.0046,0.0018,-0.0296,0.0144,-0.0452,2814.32,2876.6133,False,0.0034,0.8455,3339.9851,2740.0,0.0043,0.0341,282400.0,0.8089,0.2651,東海汽船,スタンダード（内国株式）,海運業
9193,2026-10-02,863.0,-0.0115,-0.0358,-0.0204,0.0348,-0.0078,0.0191,880.6,870.04,False,-0.02,0.6625,1302.5631,801.0,0.0114,0.0444,86300.0,0.4641,0.3652,東京汽船,スタンダード（内国株式）,倉庫・運輸関連業
9201,2026-10-02,2989.0,-0.0109,-0.0195,0.0036,-0.0047,0.0162,-0.0203,2983.0635,2924.067,True,0.002,0.9454,3161.5996,2369.4175,0.0175,65.3082,298900.0,1.0214,0.2495,日本航空,プライム（内国株式）,空運業
9202,2026-10-02,2943.0,-0.0094,-0.0238,-0.0212,-0.0534,-0.0086,-0.069,2968.7964,3005.9284,True,-0.0087,0.8888,3311.3309,2556.3933,0.0155,72.3834,294300.0,1.0729,0.2467,ＡＮＡホールディングス,プライム（内国株式）,空運業
9204,2026-10-02,428.0,-0.0047,0.0071,0.0166,-0.0023,0.0293,-0.018,423.92,420.76,True,0.0096,0.8612,496.9643,318.0,0.0204,0.2508,42800.0,0.6406,0.241,スカイマーク,グロース（内国株式）,空運業
9206,2026-10-02,1920.0,-0.0005,-0.0219,-0.0288,-0.0052,-0.0162,-0.0209,1957.68,1940.7733,True,-0.0192,0.7739,2481.0,1900.0,0.0168,0.032,192000.0,1.0262,0.2168,スターフライヤー,スタンダード（内国株式）,空運業
9211,2026-10-02,1429.0,-0.0145,-0.0586,-0.0104,0.0049,0.0022,-0.0107,1470.8,1435.2933,False,-0.0284,0.6354,2249.0,1284.0,0.0346,1.4342,142900.0,0.8091,0.3515,エフ・コード,グロース（内国株式）,サービス業
9212,2026-10-02,265.0,-0.0257,-0.1534,-0.0364,-0.0734,-0.0237,-0.0891,275.24,276.9867,False,-0.0372,0.5354,495.0,249.0,0.0631,0.3735,26500.0,2.6678,0.4906,Ｇｒｅｅｎ　Ｅａｒｔｈ　Ｉｎｓｔｉｔｕｔｅ,グロース（内国株式）,サービス業
9213,2026-10-02,1050.0,0.0386,0.0125,-0.0104,-0.0278,0.0023,-0.0434,1040.2,1048.5333,False,0.0094,0.5667,1852.7763,675.0,0.0127,0.0283,105000.0,1.3384,0.3594,セイファート,スタンダード（内国株式）,サービス業
9215,2026-10-02,1011.0,-0.0059,0.0202,0.0171,0.1258,0.0297,0.1102,991.24,942.4667,True,0.0199,0.674,1500.0,861.0,0.0146,0.0175,101100.0,1.0472,0.333,ＣａＳｙ,グロース（内国株式）,サービス業
9216,2026-10-02,1631.0,-0.0216,-0.0428,-0.0406,0.0502,-0.028,0.0346,1674.36,1620.6267,True,-0.0259,0.8438,1933.0194,1402.2548,0.0153,0.3598,163100.0,1.004,0.357,ビーウィズ,プライム（内国株式）,サービス業
9218,2026-10-02,805.0,-0.0183,0.01,0.019,0.1043,0.0316,0.0886,791.48,753.92,True,0.0171,0.917,877.8514,663.0,0.0157,0.1966,80500.0,1.4446,0.348,メンタルヘルステクノロジーズ,グロース（内国株式）,サービス業
9219,2026-10-02,894.0,-0.01,-0.0067,-0.0089,0.053,0.0038,0.0373,893.88,879.34,True,0.0001,0.9035,989.4858,824.5001,0.0122,0.0546,89400.0,0.5356,0.2562,ギックス,グロース（内国株式）,サービス業
9220,2026-10-02,1305.0,-0.0106,0.0423,0.0175,0.0949,0.0301,0.0792,1278.3691,1229.6032,True,0.0208,0.9662,1350.6132,1097.5385,0.0231,0.0511,130500.0,1.8261,0.3634,エフビー介護サービス,スタンダード（内国株式）,サービス業
9221,2026-10-02,1150.0,-0.0043,-0.0466,-0.0085,0.0061,0.0042,-0.0096,1166.4335,1171.2021,True,-0.0141,0.7866,1462.013,1060.4468,0.0176,0.6423,115000.0,0.9701,0.3945,フルハシＥＰＯ,スタンダード（内国株式）,サービス業
9225,2026-10-02,969.0,0.0021,-0.001,-0.0051,0.0147,0.0075,-0.001,970.96,970.64,False,-0.002,0.666,1455.0,941.0,0.0084,0.0127,96900.0,1.4195,0.1842,ブリッジコンサルティンググループ,グロース（内国株式）,サービス業
9227,2026-10-02,823.0,0.0024,-0.0036,-0.0763,-0.1226,-0.0637,-0.1383,848.92,873.1067,False,-0.0305,0.508,1620.0,588.0,0.026,1.1926,82300.0,0.5944,0.2707,マイクロ波化学,グロース（内国株式）,サービス業
9229,2026-10-02,107.0,-0.0093,-0.0273,-0.0696,-0.3007,-0.0569,-0.3163,112.96,125.1067,False,-0.0528,0.1585,675.0,104.0,0.0394,0.1704,10700.0,0.6288,0.2847,サンウェルズ,プライム（内国株式）,サービス業
9233,2026-10-02,1143.0,0.0009,0.0078,-0.0,-0.0068,0.0126,-0.0225,1136.5055,1118.9353,True,0.0057,0.8898,1284.6192,1036.2603,0.009,0.1065,114300.0,0.6221,0.2676,アジア航測,スタンダード（内国株式）,空運業
9235,2026-10-02,404.0,0.01,0.01,-0.1721,-0.1968,-0.1595,-0.2125,435.72,479.6533,False,-0.0728,0.3174,1273.0,393.0,0.0288,0.258,40400.0,0.7118,0.1374,売れるネット広告社グループ,グロース（内国株式）,サービス業
9236,2026-10-02,1499.0,0.0067,0.0211,0.0556,0.4624,0.0683,0.4468,1412.04,1213.4667,True,0.0616,0.9709,1544.0,934.0,0.0466,0.0691,149900.0,1.4402,0.3207,ジャパンＭ＆Ａソリューション,グロース（内国株式）,サービス業
9237,2026-10-02,803.0,-0.0062,-0.0195,-0.193,0.019,-0.1803,0.0034,912.32,848.8933,True,-0.1198,0.7035,1141.5,511.0,0.0516,0.2295,80300.0,1.7534,0.2486,笑美面,グロース（内国株式）,サービス業
9238,2026-10-02,354.0,-0.0056,-0.0167,-0.0876,-0.0876,-0.075,-0.1033,372.96,391.2533,False,-0.0508,0.1934,1830.0,350.0,0.0161,0.0161,35400.0,0.1355,0.3675,バリュークリエーション,グロース（内国株式）,サービス業
9240,2026-10-02,375.0,-0.0183,-0.0157,-0.1238,-0.0625,-0.1112,-0.0782,408.0,404.0267,False,-0.0809,0.2841,1320.0,370.0,0.0398,0.1016,37500.0,1.2361,0.1474,デリバリーコンサルティング,グロース（内国株式）,サービス業
9241,2026-10-02,1236.0,-0.0151,-0.0008,-0.0291,-0.0783,-0.0164,-0.094,1270.56,1349.0533,False,-0.0272,0.4411,2802.0,1181.0,0.0188,0.0148,123600.0,0.4217,0.2448,フューチャーリンクネットワーク,グロース（内国株式）,サービス業
9242,2026-10-02,1970.0,-0.002,-0.002,0.0139,0.0025,0.0265,-0.0132,1950.6,1920.8774,True,0.0099,0.7863,2505.3192,1550.3945,0.0096,0.0353,197000.0,0.5032,0.2166,メディア総研,グロース（内国株式）,サービス業
9244,2026-10-02,1128.0,0.0009,-0.2829,-0.2068,-0.0903,-0.1941,-0.106,1401.72,1277.9733,True,-0.1953,0.6464,1745.0,862.0,0.0849,0.2104,112800.0,2.9569,0.6478,デジタリフト,グロース（内国株式）,サービス業
9245,2026-10-02,2037.0,-0.0112,-0.0015,0.0361,0.0446,0.0487,0.0289,1988.08,1982.7467,True,0.0246,0.7122,2860.1914,1800.0,0.0139,0.1151,203700.0,0.9663,0.5904,リベロ,グロース（内国株式）,サービス業
9246,2026-10-02,2194.0,-0.0005,0.9766,0.9784,1.1723,0.991,1.1566,1235.44,1108.6133,True,0.7759,0.9986,2197.0,948.0,0.0405,0.3783,219400.0,4.8777,1.2346,プロジェクトホールディングス,グロース（内国株式）,サービス業
9247,2026-10-02,1671.0,-0.0291,-0.0621,-0.1242,-0.1907,-0.1115,-0.2063,1793.2413,1947.6021,True,-0.0682,0.7324,2281.5729,1366.5773,0.024,4.5122,167100.0,0.9281,0.3471,ＴＲＥホールディングス,プライム（内国株式）,サービス業
9248,2026-10-02,1572.0,-0.0272,-0.0319,-0.0674,0.0511,-0.0547,0.0354,1632.174,1561.1898,True,-0.0369,0.8938,1758.8168,1403.0048,0.0156,0.4851,157200.0,1.2108,0.2985,人・夢・技術グループ,スタンダード（内国株式）,サービス業
9249,2026-10-02,1600.0,0.0095,-0.0256,-0.039,-0.0088,-0.0264,-0.0245,1641.7564,1626.358,True,-0.0254,0.9547,1675.9083,1469.0305,0.0187,0.1338,160000.0,1.9599,0.3141,日本エコシステム,スタンダード（内国株式）,サービス業
9250,2026-10-02,1050.0,0.0096,0.0086,0.0714,0.1654,0.0841,0.1497,1009.28,932.76,True,0.0403,0.4911,2138.0,842.0,0.0221,0.009,105000.0,0.5863,0.3015,ＧＲＣＳ,グロース（内国株式）,サービス業
9251,2026-10-02,1508.0,-0.0296,-0.0593,-0.0456,0.1373,-0.0329,0.1216,1566.92,1421.0,True,-0.0376,0.9084,1660.0,1050.0,0.0244,0.9575,150800.0,1.8771,0.4132,ＡＢ＆Ｃｏｍｐａｎｙ,グロース（内国株式）,サービス業
9252,2026-10-02,4160.0,0.0122,0.0184,0.0492,0.1856,0.0618,0.1699,4033.2286,3778.2891,True,0.0314,0.8806,4723.9378,3170.7944,0.0202,0.4537,416000.0,1.1585,0.274,ラストワンマイル,グロース（内国株式）,サービス業
9253,2026-10-02,751.0,-0.0013,-0.0359,0.0176,0.0548,0.0302,0.0391,747.92,732.08,True,0.0041,0.779,964.0,683.0,0.0252,0.0285,75100.0,3.8618,0.4755,スローガン,グロース（内国株式）,サービス業
9254,2026-10-02,1034.0,-0.0236,-0.0479,-0.0701,-0.1124,-0.0575,-0.1281,1095.76,1124.8267,False,-0.0564,0.5932,1743.0,1026.0,0.0108,0.0192,103400.0,1.9165,0.6731,ラバブルマーケティンググループ,グロース（内国株式）,サービス業
9256,2026-10-02,961.0,-0.0062,-0.0303,-0.1772,-0.8055,-0.1646,-0.8211,1038.56,2220.7333,False,-0.0747,0.1732,5550.0,763.0,0.029,0.2601,96100.0,0.1149,0.3554,サクシード,グロース（内国株式）,サービス業
9258,2026-10-02,298.0,-0.0067,-0.01,-0.0356,-0.01,-0.023,-0.0256,301.68,300.8,False,-0.0122,0.6882,433.0,270.0,0.0252,0.0135,29800.0,0.6108,0.3867,ＣＳ－Ｃ,グロース（内国株式）,サービス業
9259,2026-10-02,824.0,-0.0012,0.0072,0.0025,0.0506,0.0151,0.0349,822.7106,811.6681,True,0.0016,0.7338,1122.9177,665.6471,0.0166,0.0682,82400.0,0.7205,0.2337,タカヨシホールディングス,グロース（内国株式）,サービス業
9262,2026-10-02,669.0,-0.0234,-0.0176,-0.036,0.0478,-0.0234,0.0321,681.84,659.0002,False,-0.0188,0.7415,902.28,618.0667,0.0205,0.1414,66900.0,0.8718,0.175,シルバーライフ,スタンダード（内国株式）,小売業
9264,2026-10-02,1607.0,-0.0006,-0.0165,-0.0147,-0.0264,-0.0021,-0.042,1617.7908,1626.9613,True,-0.0067,0.9059,1773.8774,1513.7725,0.0105,0.1909,160700.0,0.5011,0.2729,ポエック,スタンダード（内国株式）,卸売業
9265,2026-10-02,3595.0,-0.0055,-0.0515,-0.0178,0.0715,-0.0051,0.0559,3666.2,3503.4133,True,-0.0194,0.8747,4110.0,2842.2754,0.0187,0.116,359500.0,1.2,0.7968,ヤマシタヘルスケアホールディングス,スタンダード（内国株式）,卸売業
9267,2026-10-02,3420.0,-0.0116,-0.0158,-0.0312,0.0,-0.0185,-0.0157,3522.6,3580.7418,True,-0.0291,0.6284,5442.6517,3169.0441,0.0242,2.6127,342000.0,0.9073,0.2716,Ｇｅｎｋｙ　ＤｒｕｇＳｔｏｒｅｓ,プライム（内国株式）,小売業
9268,2026-10-02,409.0,-0.0097,0.0123,-0.0232,0.0559,-0.0106,0.0402,403.0911,400.7027,True,0.0147,0.8477,482.4869,305.0315,0.0209,1.2002,40900.0,1.401,0.3017,オプティマスグループ,スタンダード（内国株式）,卸売業
9270,2026-10-02,1848.0,-0.0222,-0.0547,-0.125,-0.1354,-0.1124,-0.1511,1982.9938,2028.0685,False,-0.0681,0.6772,2729.0695,862.429,0.032,0.8824,184800.0,0.5291,0.3589,バリュエンスホールディングス,グロース（内国株式）,卸売業
9271,2026-10-02,981.0,-0.0219,0.0305,-0.001,0.0315,0.0116,0.0159,956.88,974.4933,False,0.0252,0.759,1292.4219,707.3055,0.0282,0.1184,98100.0,0.6767,0.3437,和心,グロース（内国株式）,小売業
9272,2026-10-02,1494.0,-0.0355,0.0282,0.0254,-0.0292,0.038,-0.0449,1448.56,1461.68,True,0.0314,0.8661,1725.0,1255.0,0.0211,0.0995,149400.0,0.8713,0.4529,ブティックス,グロース（内国株式）,サービス業
9273,2026-10-02,758.0,-0.0052,0.0093,-0.0156,-0.0219,-0.003,-0.0376,757.24,763.2904,False,0.001,0.8449,897.1768,726.3324,0.0145,0.3749,75800.0,1.0135,0.2545,コーア商事ホールディングス,プライム（内国株式）,卸売業
9274,2026-10-02,1122.0,-0.0132,-0.0292,0.0398,0.1063,0.0524,0.0906,1094.1103,1059.5426,True,0.0255,0.9578,1171.4305,678.6949,0.0263,4.2238,112200.0,1.676,0.2799,ＫＰＰグループホールディングス,プライム（内国株式）,卸売業
9278,2026-10-02,2966.0,-0.0275,0.0469,-0.0401,0.4987,-0.0275,0.4831,2866.68,2577.5733,True,0.0346,0.9386,3160.0,1284.6719,0.0347,3.1512,296600.0,0.7253,0.4534,ブックオフグループホールディングス,プライム（内国株式）,小売業
9279,2026-10-02,2078.0,-0.0043,0.0484,-0.1484,-0.0301,-0.1357,-0.0458,2217.96,2307.52,True,-0.0631,0.7584,2740.0,1525.5947,0.0343,6.8563,207800.0,1.4992,0.2523,ギフトホールディングス,プライム（内国株式）,小売業
9301,2026-10-02,1457.5,-0.0065,-0.0669,-0.0387,-0.0655,-0.0261,-0.0811,1510.3173,1514.8351,True,-0.035,0.8952,1628.1197,1036.0245,0.0208,14.6287,145750.0,1.097,0.4099,三菱倉庫,プライム（内国株式）,倉庫・運輸関連業
9302,2026-10-02,3267.0,0.0102,-0.0224,-0.02,-0.0715,-0.0074,-0.0871,3311.1581,3430.6035,False,-0.0133,0.762,4287.5775,3106.5086,0.0183,7.8463,326700.0,1.1453,0.3716,三井倉庫ホールディングス,プライム（内国株式）,倉庫・運輸関連業
9303,2026-10-02,4090.0,0.0025,-0.0141,-0.0314,0.0897,-0.0188,0.074,4122.9435,3975.2264,True,-0.008,0.9663,4232.4575,2975.2159,0.016,4.2484,409000.0,1.0321,0.2261,住友倉庫,プライム（内国株式）,倉庫・運輸関連業
9304,2026-10-02,2126.0,0.0071,-0.0395,0.0172,0.2349,0.0298,0.2192,2080.6372,1876.9209,True,0.0218,0.9566,2222.356,1023.6319,0.0289,3.3591,212600.0,0.6415,0.3,澁澤倉庫,プライム（内国株式）,倉庫・運輸関連業
9305,2026-10-02,1985.0,-0.0149,-0.0508,-0.0209,-0.0252,-0.0083,-0.0408,2045.8856,2043.0093,True,-0.0298,0.6593,3010.8188,1882.7837,0.0174,1.3526,198500.0,1.1588,0.3888,ヤマタネ,プライム（内国株式）,卸売業
9306,2026-10-02,1993.0,-0.006,-0.0026,0.0053,0.0139,0.018,-0.0018,1977.7053,1976.4546,True,0.0077,0.9388,2122.9412,1703.45,0.009,0.0598,199300.0,0.4719,0.3546,東陽倉庫,スタンダード（内国株式）,倉庫・運輸関連業
9307,2026-10-02,992.0,-0.002,0.0621,-0.0027,0.0135,0.0099,-0.0021,956.7963,964.9935,False,0.0368,0.8913,1113.0416,836.9852,0.0207,0.0969,99200.0,2.1681,0.4626,杉村倉庫,スタンダード（内国株式）,倉庫・運輸関連業
9308,2026-10-02,2125.0,-0.0672,-0.1226,-0.0183,0.4521,-0.0057,0.4364,2201.6505,1889.8716,True,-0.0348,0.8541,2488.0,1262.0494,0.0442,3.7311,212500.0,1.6736,0.407,乾汽船,スタンダード（内国株式）,海運業
9310,2026-10-02,1379.0,-0.0122,-0.0426,-0.034,0.1832,-0.0214,0.1675,1385.5802,1296.9181,True,-0.0047,0.9464,1457.1153,1017.6237,0.0211,1.1561,137900.0,0.7402,0.259,日本トランスシティ,プライム（内国株式）,倉庫・運輸関連業
9311,2026-10-02,7450.0,-0.0067,-0.021,-0.0375,-0.0605,-0.0248,-0.0762,7749.2,7841.0667,True,-0.0386,0.7806,9544.2656,6366.1237,0.0218,0.0245,745000.0,2.3697,0.3269,アサガミ,スタンダード（内国株式）,倉庫・運輸関連業
9312,2026-10-02,3000.0,0.0,-0.0164,0.0438,0.0552,0.0565,0.0396,2899.6,2860.3733,True,0.0346,0.8877,3379.3519,2413.8228,0.0187,0.2313,300000.0,1.2635,0.6092,ケイヒン,スタンダード（内国株式）,倉庫・運輸関連業
9313,2026-10-02,1070.0,0.0094,0.0094,0.0133,0.0,0.0259,-0.0157,1054.84,1052.8533,True,0.0144,0.903,1185.0,885.1226,0.0134,0.0166,107000.0,0.4519,0.3204,丸八倉庫,スタンダード（内国株式）,倉庫・運輸関連業
9319,2026-10-02,1701.0,-0.0252,-0.0446,-0.0618,-0.0456,-0.0491,-0.0613,1779.2355,1787.8968,True,-0.044,0.7627,2230.3688,1267.1561,0.0216,0.5105,170100.0,1.7066,0.373,中央倉庫,プライム（内国株式）,倉庫・運輸関連業
9322,2026-10-02,2356.0,-0.0076,-0.0272,-0.0372,0.0148,-0.0246,-0.0008,2405.1255,2353.7889,True,-0.0204,0.8085,2913.9036,1221.5083,0.0126,0.3647,235600.0,1.4829,0.3414,川西倉庫,スタンダード（内国株式）,倉庫・運輸関連業
9324,2026-10-02,2584.0,-0.0081,-0.064,0.0298,0.0755,0.0424,0.0598,2593.8061,2493.4704,True,-0.0038,0.9306,2776.6147,1943.2609,0.0252,2.443,258400.0,0.8133,0.329,安田倉庫,プライム（内国株式）,倉庫・運輸関連業
9325,2026-10-02,1041.0,-0.0095,-0.0103,-0.0258,-0.0767,-0.0131,-0.0923,1048.6619,1076.8916,False,-0.0073,0.7692,1353.3233,968.8566,0.0163,0.0973,104100.0,0.7952,0.2586,ファイズホールディングス,スタンダード（内国株式）,倉庫・運輸関連業
9326,2026-10-02,480.0,0.0,0.0042,-0.0264,0.1189,-0.0137,0.1032,482.16,469.96,True,-0.0045,0.8872,541.0,394.2009,0.01,0.0379,48000.0,0.2181,0.2299,関通ホールディングス,グロース（内国株式）,倉庫・運輸関連業
9327,2026-10-02,185.0,-0.0107,-0.0314,-0.0212,-0.0842,-0.0085,-0.0998,188.48,193.1467,False,-0.0185,0.5226,354.0,180.0,0.0259,0.0227,18500.0,0.4903,0.2507,イー・ロジット,スタンダード（内国株式）,倉庫・運輸関連業
9330,2026-10-02,880.0,-0.0011,-0.0298,-0.0023,0.0341,0.0104,0.0184,888.68,870.7067,True,-0.0098,0.9514,925.0,766.0,0.0117,0.0252,88000.0,2.324,0.4958,揚羽,グロース（内国株式）,サービス業
9331,2026-10-02,670.0,-0.0074,-0.0537,-0.0872,-0.1138,-0.0746,-0.1294,712.08,766.4133,False,-0.0591,0.4989,1343.0,655.0,0.0112,0.0064,67000.0,0.381,0.5867,キャスター,グロース（内国株式）,サービス業
9332,2026-10-02,661.0,-0.0105,-0.0336,-0.042,0.1299,-0.0294,0.1142,674.6,633.88,True,-0.0202,0.9395,703.5397,557.0,0.0164,0.7193,66100.0,1.3566,0.2763,ＮＩＳＳＯホールディングス,プライム（内国株式）,サービス業
9336,2026-10-02,3500.0,-0.0398,-0.0597,-0.0947,-0.0758,-0.0821,-0.0914,3743.098,3746.9613,False,-0.0649,0.8078,4332.8613,3217.6649,0.0239,5.0209,350000.0,1.1065,0.3851,大栄環境,プライム（内国株式）,サービス業
9337,2026-10-02,1448.0,0.0056,0.0,-0.0089,-0.1224,0.0037,-0.1381,1448.4,1526.28,False,-0.0003,0.4033,3590.0,1314.0,0.0197,0.2572,144800.0,0.6358,0.245,トリドリ,グロース（内国株式）,サービス業
9339,2026-10-02,1475.0,-0.016,0.0322,0.025,0.1578,0.0376,0.1421,1439.64,1372.3467,True,0.0246,0.9641,1530.0,1201.0,0.0093,0.0257,147500.0,1.5813,0.7,コーチ・エィ,スタンダード（内国株式）,サービス業
9340,2026-10-02,788.0,-0.015,-0.0448,0.0194,0.1306,0.032,0.1149,790.0,729.5278,True,-0.0025,0.9303,847.0,621.1721,0.0206,0.0974,78800.0,0.818,0.3639,アソインターナショナル,スタンダード（内国株式）,サービス業
9341,2026-10-02,602.0,-0.0275,-0.029,-0.0681,0.0084,-0.0555,-0.0073,622.8,614.4133,True,-0.0334,0.8919,675.0,524.4917,0.0179,0.3841,60200.0,0.653,0.2503,ＧＥＮＯＶＡ,プライム（内国株式）,サービス業
9342,2026-10-02,885.0,0.008,-0.0886,-0.1015,0.0436,-0.0889,0.028,962.32,893.24,True,-0.0803,0.6829,1296.0,738.0,0.0281,0.0214,88500.0,0.9863,0.6155,スマサポ,グロース（内国株式）,サービス業
9343,2026-10-02,778.0,-0.0127,-0.0164,-0.0335,0.021,-0.0209,0.0053,794.92,778.0933,False,-0.0213,0.9142,851.0,577.0,0.0206,0.3351,77800.0,0.5437,0.2688,アイビス,グロース（内国株式）,サービス業
9344,2026-10-02,1367.0,0.0022,0.0096,0.0419,0.4699,0.0545,0.4542,1327.92,1092.957,True,0.0294,0.964,1418.0,796.5316,0.0266,0.1806,136700.0,0.7484,0.3273,アクシスコンサルティング,グロース（内国株式）,サービス業
9345,2026-10-02,583.0,0.0,-0.0152,-0.0051,0.0264,0.0075,0.0107,591.4,594.9867,True,-0.0142,0.5449,1070.0019,526.0,0.0109,0.0064,58300.0,0.7375,0.2831,ビズメイツ,グロース（内国株式）,サービス業
9346,2026-10-02,1823.0,-0.023,-0.0303,-0.0303,0.1295,-0.0177,0.1138,1864.04,1727.8069,True,-0.022,0.9132,1996.3271,1539.3365,0.0178,0.0842,182300.0,0.4559,0.2523,ココルポート,グロース（内国株式）,サービス業
9347,2026-10-02,2800.0,-0.0213,-0.0401,-0.0232,0.0603,-0.0106,0.0446,2884.1992,2776.1153,True,-0.0292,0.914,3063.5254,2520.249,0.0147,3.9438,280000.0,1.9776,0.4473,日本管財ホールディングス,プライム（内国株式）,サービス業
9348,2026-10-02,402.0,-0.0171,-0.029,-0.0585,-0.1067,-0.0459,-0.1223,415.52,427.3067,False,-0.0325,0.5662,710.0,397.0,0.0169,2.0275,40200.0,0.4663,0.3242,ｉｓｐａｃｅ,グロース（内国株式）,サービス業
9351,2026-10-02,1920.0,0.0,0.0057,0.022,0.0624,0.0346,0.0467,1894.7288,1829.8542,True,0.0133,0.9576,2004.9927,1443.669,0.0104,0.0714,192000.0,1.234,0.389,東洋埠頭,スタンダード（内国株式）,倉庫・運輸関連業
9353,2026-10-02,2980.0,0.0,-0.0053,-0.005,0.0797,0.0076,0.064,2985.72,2903.9867,True,-0.0019,0.7915,3764.795,1721.0492,0.0068,0.0147,298000.0,0.2804,0.2226,櫻島埠頭,スタンダード（内国株式）,倉庫・運輸関連業
9355,2026-10-02,2214.0,-0.0049,-0.0195,-0.0018,0.0156,0.0108,-0.0001,2218.4,2216.8533,True,-0.002,0.9429,2348.0,1752.0,0.0092,0.01,221400.0,0.6923,0.4338,リンコーコーポレーション,スタンダード（内国株式）,倉庫・運輸関連業
9360,2026-10-02,2800.0,-0.0053,0.0171,0.0072,-0.0223,0.0198,-0.038,2771.92,2821.0133,False,0.0101,0.8958,3125.5389,2691.0,0.0096,0.0227,280000.0,0.6604,0.3593,鈴与シンワート,スタンダード（内国株式）,情報・通信業
9361,2026-10-02,1990.0,-0.005,-0.0124,-0.0391,-0.0124,-0.0265,-0.0281,2035.16,2047.5656,False,-0.0222,0.8126,2448.9113,1614.2967,0.0047,0.0029,199000.0,0.8837,0.647,伏木海陸運送,スタンダード（内国株式）,倉庫・運輸関連業
9362,2026-10-02,3800.0,0.0133,0.0256,0.027,0.0298,0.0397,0.0141,3736.2,3639.0,False,0.0171,0.9268,4100.0,3135.0,0.0066,0.0183,380000.0,0.9049,0.58,兵機海運,スタンダード（内国株式）,倉庫・運輸関連業
9363,2026-10-02,524.0,0.0155,0.0397,-0.0169,0.0077,-0.0043,-0.008,529.56,527.6133,True,-0.0105,0.9174,571.1637,396.9928,0.0222,0.0434,52400.0,1.0628,0.3006,大運,スタンダード（内国株式）,倉庫・運輸関連業
9364,2026-10-02,4703.0,-0.0093,-0.0234,-0.0198,-0.0817,-0.0072,-0.0974,4768.9748,4870.0501,True,-0.0138,0.8427,5581.1725,4194.0336,0.0139,15.4254,470300.0,1.1859,0.3114,上組,プライム（内国株式）,倉庫・運輸関連業
9366,2026-10-02,1288.0,0.0142,-0.0242,0.1398,0.288,0.1524,0.2723,1179.76,1088.56,True,0.0917,0.9619,1339.0,808.7915,0.0287,0.1339,128800.0,2.039,0.5297,サンリツ,スタンダード（内国株式）,倉庫・運輸関連業
9367,2026-10-02,2015.0,-0.0118,0.0146,-0.0248,0.0641,-0.0122,0.0484,2028.4736,1930.1057,True,-0.0066,0.7477,2695.0086,761.1405,0.015,0.0381,201500.0,0.9665,0.2975,大東港運,スタンダード（内国株式）,倉庫・運輸関連業
9368,2026-10-02,916.0,-0.0151,-0.0296,-0.0214,0.0524,-0.0088,0.0367,935.4044,899.575,True,-0.0207,0.9615,952.7224,793.8244,0.013,0.2315,91600.0,1.7968,0.3376,キムラユニティー,スタンダード（内国株式）,倉庫・運輸関連業
9369,2026-10-02,2813.0,-0.027,-0.0605,-0.1126,-0.1237,-0.1,-0.1393,2994.76,3052.1333,False,-0.0607,0.7693,3656.6748,2431.1407,0.0279,1.2447,281300.0,1.0942,0.3009,キユーソー流通システム,スタンダード（内国株式）,倉庫・運輸関連業
9376,2026-10-02,780.0,0.0052,-0.0542,-0.0361,0.0062,-0.0234,-0.0095,807.5831,785.568,True,-0.0342,0.8305,939.2074,628.2153,0.019,0.0517,78000.0,2.3864,0.5247,ユーラシア旅行社,スタンダード（内国株式）,サービス業
9380,2026-10-02,440.0,-0.0157,-0.0135,0.0136,0.0597,0.0262,0.044,437.3832,422.0338,True,0.006,0.9756,451.0,324.0349,0.0079,0.0512,44000.0,0.9386,0.5139,東海運,スタンダード（内国株式）,倉庫・運輸関連業
9381,2026-10-02,2236.0,-0.0214,-0.0565,-0.0457,-0.0189,-0.033,-0.0346,2327.2317,2281.324,True,-0.0392,0.9362,2388.4503,1894.8279,0.0139,0.4282,223600.0,0.7403,0.5032,エーアイテイー,プライム（内国株式）,倉庫・運輸関連業
9385,2026-10-02,745.0,0.0,-0.0067,-0.0197,0.0,-0.0071,-0.0157,750.76,748.2,True,-0.0077,0.9189,810.7603,546.8808,0.0093,0.0502,74500.0,0.5909,0.2742,ショーエイコーポレーション,スタンダード（内国株式）,化学
9401,2026-10-02,5801.0,-0.0029,0.0041,-0.0352,-0.0828,-0.0225,-0.0985,5795.9439,5982.0858,False,0.0009,0.8821,6576.4927,4973.9919,0.0207,17.9456,580100.0,1.1025,0.2809,ＴＢＳホールディングス,プライム（内国株式）,情報・通信業
9404,2026-10-02,2841.0,0.0071,-0.0295,-0.0738,-0.0034,-0.0612,-0.0191,2960.7778,2897.4359,True,-0.0405,0.7077,4014.4095,2642.9022,0.0247,18.8774,284100.0,1.5472,0.4311,日本テレビホールディングス,プライム（内国株式）,情報・通信業
9405,2026-10-02,802.0,-0.0196,-0.0632,-0.0916,0.0207,-0.079,0.005,854.2428,821.8846,True,-0.0612,0.8743,917.3527,672.5968,0.0221,0.7959,80200.0,1.6364,0.4516,朝日放送グループホールディングス,プライム（内国株式）,情報・通信業
9408,2026-10-02,2662.0,0.0,-0.0455,0.0186,0.0022,0.0312,-0.0135,2645.7199,2637.5645,False,0.0062,0.91,2925.3877,2101.0563,0.0138,0.0041,266200.0,1.05,0.5771,ＢＳＮメディアホールディングス,スタンダード（内国株式）,情報・通信業
9409,2026-10-02,2985.0,-0.0003,-0.0244,-0.0413,-0.0562,-0.0287,-0.0719,3059.7365,3079.2523,False,-0.0244,0.8073,3697.3303,2887.431,0.0173,8.5432,298500.0,1.581,0.4331,テレビ朝日ホールディングス,プライム（内国株式）,情報・通信業
9412,2026-10-02,1976.0,-0.013,-0.0372,-0.0293,-0.2771,-0.0167,-0.2927,2013.8203,2315.1727,False,-0.0188,0.4237,4664.1422,1272.9667,0.0303,32.9217,197600.0,0.744,0.304,スカパーＪＳＡＴ,プライム（内国株式）,情報・通信業
9413,2026-10-02,3250.0,-0.0152,-0.0398,-0.0481,-0.1192,-0.0354,-0.1349,3351.6503,3436.65,False,-0.0303,0.6586,4934.8528,3197.3496,0.0149,2.5016,325000.0,1.139,0.4204,テレビ東京ホールディングス,プライム（内国株式）,情報・通信業
9414,2026-10-02,950.0,-0.0114,-0.0166,0.0497,0.0708,0.0623,0.0551,935.8361,901.908,True,0.0151,0.8399,1131.0455,857.2338,0.0363,1.4954,95000.0,2.258,0.1913,日本ＢＳ放送,スタンダード（内国株式）,情報・通信業
9416,2026-10-02,1040.0,-0.0105,-0.0361,-0.0189,0.039,-0.0062,0.0233,1054.72,1026.0501,True,-0.014,0.7921,1313.0344,944.4462,0.0157,2.807,104000.0,0.9291,0.35,ビジョン,プライム（内国株式）,情報・通信業
9417,2026-10-02,336.0,-0.003,0.0213,-0.0175,0.0307,-0.0049,0.015,334.12,331.28,True,0.0056,0.6328,531.0,283.0,0.0236,0.0168,33600.0,0.622,0.3027,スマートバリュー,スタンダード（内国株式）,情報・通信業
9418,2026-10-02,1760.0,-0.009,-0.0211,0.0221,0.0515,0.0347,0.0358,1752.3575,1703.3294,True,0.0044,0.8154,2158.4112,1496.7032,0.0183,7.8817,176000.0,0.6986,0.2044,Ｕ－ＮＥＸＴ　ＨＯＬＤＩＮＧＳ,プライム（内国株式）,情報・通信業
9419,2026-10-02,293.0,-0.0068,-0.0168,0.0034,0.0281,0.016,0.0124,295.76,291.92,True,-0.0093,0.8277,354.0,232.0,0.0173,0.0394,29300.0,1.0425,0.2169,ワイヤレスゲート,スタンダード（内国株式）,情報・通信業
9421,2026-10-02,546.0,-0.0036,0.0302,0.0643,0.0898,0.077,0.0741,520.88,518.4133,False,0.0482,0.789,692.0,495.0,0.0122,0.0126,54600.0,1.1416,0.4817,エヌジェイホールディングス,スタンダード（内国株式）,情報・通信業
9423,2026-10-02,104.0,-0.0189,-0.0189,-0.0189,0.0097,-0.0062,-0.006,104.84,103.64,True,-0.008,0.904,115.05,99.0,0.013,0.1004,10400.0,1.0732,0.1474,フォーバル・リアルストレート,スタンダード（内国株式）,情報・通信業
9424,2026-10-02,118.0,-0.0167,0.0,0.0085,0.0826,0.0212,0.0669,118.48,114.4267,True,-0.0041,0.7516,157.0,102.0,0.0248,2.4568,11800.0,1.1076,0.2732,日本通信,プライム（内国株式）,情報・通信業
9425,2026-10-02,234.0,-0.0043,0.04,-0.1673,-0.1034,-0.1546,-0.1191,245.44,216.9867,True,-0.0466,0.2892,809.0,149.0,0.0702,2.3227,23400.0,0.369,0.1887,ＲｅＹｕｕ　Ｊａｐａｎ,スタンダード（内国株式）,情報・通信業
9428,2026-10-02,1439.0,-0.0204,-0.0231,-0.0316,0.1225,-0.019,0.1068,1483.52,1386.7733,True,-0.03,0.8606,1672.168,1216.0,0.0112,0.0159,143900.0,0.5289,0.3733,クロップス,スタンダード（内国株式）,情報・通信業
9432,2026-10-02,169.9,-0.0023,-0.0201,-0.0173,0.1812,-0.0046,0.1655,171.2999,157.0182,True,-0.0082,0.9582,177.3165,140.3961,0.0159,345.0495,16989.9994,0.8665,0.3261,ＮＴＴ,プライム（内国株式）,情報・通信業
9433,2026-10-02,2896.5,-0.0118,-0.0333,-0.023,0.0871,-0.0104,0.0714,2951.4837,2839.323,True,-0.0186,0.9413,3077.0349,2241.5756,0.0188,257.3397,289650.0,1.1281,0.33,ＫＤＤＩ,プライム（内国株式）,情報・通信業
9434,2026-10-02,237.4,-0.0141,-0.0169,0.0027,0.1561,0.0153,0.1405,238.9362,223.8677,True,-0.0064,0.9559,248.3488,198.7931,0.0192,196.7167,23739.9994,1.105,0.2661,ソフトバンク,プライム（内国株式）,情報・通信業
9435,2026-10-02,35790.0,-0.0157,-0.0527,-0.105,-0.0007,-0.0924,-0.0163,38298.5984,37720.4009,True,-0.0655,0.7913,45229.6357,32825.7996,0.024,31.1901,3579000.0,1.1423,0.4125,光通信,プライム（内国株式）,情報・通信業
9436,2026-10-02,4155.0,-0.0072,-0.0448,0.0045,0.0894,0.0171,0.0737,4214.5345,3944.9793,True,-0.0141,0.9298,4468.8774,2475.8135,0.024,7.3655,415500.0,1.5512,0.4359,沖縄セルラー電話,スタンダード（内国株式）,情報・通信業
9438,2026-10-02,605.0,-0.0114,0.0115,-0.0144,0.1021,-0.0018,0.0865,592.4195,582.3356,True,0.0212,0.7237,836.0088,518.4448,0.0197,0.1742,60500.0,0.7186,0.1987,エムティーアイ,プライム（内国株式）,情報・通信業
9439,2026-10-02,219.0,0.0046,0.0046,-0.0437,-0.1061,-0.031,-0.1218,222.72,231.1733,False,-0.0167,0.6909,317.0,210.0,0.0183,0.0386,21900.0,0.3501,0.7,エム・エイチ・グループ,スタンダード（内国株式）,サービス業
9441,2026-10-02,3025.0,-0.0131,-0.021,-0.0114,0.2459,0.0012,0.2302,3019.24,2809.6497,True,0.0019,0.9577,3158.5404,2370.0,0.0151,0.0737,302500.0,0.3982,0.3286,ベルパーク,スタンダード（内国株式）,情報・通信業
9444,2026-10-02,267.0,-0.0396,0.0349,-0.0793,0.0309,-0.0667,0.0152,270.28,259.8667,True,-0.0121,0.4238,630.0,163.0,0.0551,0.1373,26700.0,1.0973,0.4282,トーシンホールディングス,スタンダード（内国株式）,情報・通信業
9445,2026-10-02,536.0,0.0019,0.0097,0.021,0.0286,0.0336,0.013,528.2373,524.6295,False,0.0147,0.9333,574.33,506.3899,0.0105,0.0099,53600.0,1.8783,0.2961,フォーバルテレコム,スタンダード（内国株式）,情報・通信業
9446,2026-10-02,679.0,0.0059,0.0002,0.0002,0.0237,0.0129,0.0081,676.0196,667.968,True,0.0044,0.932,728.5152,474.9075,0.0098,0.0239,67900.0,0.6417,0.2381,サカイホールディングス,スタンダード（内国株式）,情報・通信業
9449,2026-10-02,3968.0,-0.0028,-0.006,-0.0557,0.0995,-0.0431,0.0838,3987.08,3869.9951,True,-0.0048,0.9039,4390.0,2696.5771,0.0214,10.876,396800.0,0.7016,0.2182,ＧＭＯインターネットグループ,プライム（内国株式）,情報・通信業
9450,2026-10-02,750.0,-0.026,-0.0518,-0.0506,-0.0053,-0.038,-0.021,777.64,767.1271,True,-0.0355,0.9047,829.0,628.5,0.019,0.2785,75000.0,0.776,0.3307,ファイバーゲート,スタンダード（内国株式）,情報・通信業
9466,2026-10-02,239.0,-0.0083,-0.0121,0.0253,0.0992,0.0379,0.0835,237.1855,226.1844,True,0.0077,0.98,243.8765,211.5556,0.0115,0.0426,23900.0,0.4488,0.2886,アイドママーケティングコミュニケーション,スタンダード（内国株式）,情報・通信業
9467,2026-10-02,1040.0,-0.0299,-0.0432,-0.0949,0.041,-0.0822,0.0254,1116.96,1070.44,True,-0.0689,0.6131,1696.2061,940.0,0.0225,1.1235,104000.0,0.6633,0.397,アルファポリス,グロース（内国株式）,情報・通信業
9468,2026-10-02,3750.0,-0.0121,0.0232,-0.0016,0.0221,0.011,0.0064,3670.8,3574.3733,True,0.0216,0.9453,3967.0,2680.3119,0.022,14.9576,375000.0,1.0773,0.2928,ＫＡＤＯＫＡＷＡ,プライム（内国株式）,情報・通信業
9470,2026-10-02,1024.0,-0.0106,-0.0451,-0.0029,0.0359,0.0098,0.0203,1033.3467,1010.2174,True,-0.009,0.9046,1131.9772,910.5386,0.017,3.1475,102400.0,2.2788,0.37,学研ホールディングス,プライム（内国株式）,情報・通信業
9474,2026-10-02,894.0,-0.0122,-0.0185,-0.0143,0.0371,-0.0017,0.0214,897.4158,878.731,True,-0.0038,0.8508,1050.8137,821.9482,0.0127,1.3173,89400.0,0.762,0.2018,ゼンリン,プライム（内国株式）,情報・通信業
9475,2026-10-02,526.0,0.0253,-0.0313,-0.0075,0.0691,0.0051,0.0534,533.0,514.4933,True,-0.0131,0.9071,579.8864,410.3811,0.0162,0.0147,52600.0,0.8228,0.4706,昭文社ホールディングス,スタンダード（内国株式）,情報・通信業
9476,2026-10-02,985.0,-0.001,-0.0334,0.0128,-0.0463,0.0254,-0.062,985.3551,994.1243,False,-0.0004,0.8979,1096.9913,666.4888,0.0169,0.0137,98500.0,0.7823,0.2759,中央経済社ホールディングス,スタンダード（内国株式）,情報・通信業
9478,2026-10-02,500.0,0.0101,-0.0177,-0.0548,-0.0215,-0.0422,-0.0372,514.52,515.8533,False,-0.0282,0.8696,575.0,346.0548,0.0189,0.0576,50000.0,0.6154,0.3288,ＳＥホールディングス・アンド・インキュベーションズ,スタンダード（内国株式）,情報・通信業
9501,2026-10-02,524.0,0.0106,0.0036,-0.0844,0.1269,-0.0718,0.1112,542.468,516.5147,False,-0.034,0.5578,939.4,442.8,0.04,205.1476,52400.0,0.9671,0.2859,東京電力ホールディングス,プライム（内国株式）,電気・ガス業
9502,2026-10-02,2635.0,-0.0047,-0.0603,-0.1104,-0.1594,-0.0978,-0.1751,2858.7613,2877.8037,True,-0.0783,0.8119,3245.4392,1927.1631,0.0339,100.5028,263500.0,1.0477,0.3885,中部電力,プライム（内国株式）,電気・ガス業
9503,2026-10-02,2632.5,-0.0152,-0.0322,-0.0961,0.1738,-0.0835,0.1581,2805.3505,2487.6885,True,-0.0616,0.8749,3008.9769,1984.513,0.0323,132.6092,263250.0,1.2101,0.4242,関西電力,プライム（内国株式）,電気・ガス業
9504,2026-10-02,990.0,-0.0232,-0.0441,-0.0482,0.0958,-0.0356,0.0801,1036.2445,951.5542,True,-0.0446,0.8863,1117.0348,811.5808,0.031,22.4476,99000.0,1.0836,0.4144,中国電力,プライム（内国株式）,電気・ガス業
9505,2026-10-02,1067.0,-0.0344,-0.0479,0.0081,0.2175,0.0207,0.2018,1074.4123,963.5672,True,-0.0069,0.9145,1166.7126,773.7199,0.0343,12.206,106700.0,1.2819,0.2804,北陸電力,プライム（内国株式）,電気・ガス業
9506,2026-10-02,1237.0,-0.0229,-0.0555,-0.093,0.1746,-0.0804,0.159,1340.7996,1199.3803,True,-0.0774,0.853,1450.0953,957.7328,0.0325,62.6314,123700.0,1.3912,0.5306,東北電力,プライム（内国株式）,電気・ガス業
9507,2026-10-02,2107.0,-0.0138,0.0081,0.0275,0.4371,0.0401,0.4214,2093.1847,1749.2037,True,0.0066,0.9285,2269.311,1279.2046,0.037,28.8114,210700.0,1.3999,0.2513,四国電力,プライム（内国株式）,電気・ガス業
9509,2026-10-02,1085.0,-0.0216,-0.0131,-0.0598,0.135,-0.0472,0.1193,1109.3082,1022.4138,True,-0.0219,0.8634,1256.6397,874.1619,0.0281,25.3738,108500.0,1.1104,0.2148,北海道電力,プライム（内国株式）,電気・ガス業
9511,2026-10-02,1155.0,-0.0145,-0.0286,-0.0173,0.2973,-0.0047,0.2816,1169.4158,1030.0331,True,-0.0123,0.9487,1217.4449,855.0518,0.0234,3.2421,115500.0,1.0861,0.2424,沖縄電力,プライム（内国株式）,電気・ガス業
9513,2026-10-02,4016.0,-0.0032,-0.0107,-0.0394,0.111,-0.0268,0.0953,4078.3018,3858.2404,True,-0.0153,0.9006,4459.4963,2642.0424,0.0235,23.0483,401600.0,1.0105,0.2806,電源開発,プライム（内国株式）,電気・ガス業
9514,2026-10-02,342.0,-0.0029,-0.0144,-0.0201,0.0523,-0.0074,0.0366,343.76,334.3612,False,-0.0051,0.7655,446.7607,310.0,0.0307,0.3994,34200.0,1.4173,0.2857,エフオン,スタンダード（内国株式）,電気・ガス業
9517,2026-10-02,802.0,-0.0326,-0.0418,-0.0886,0.0511,-0.076,0.0354,846.16,825.7067,True,-0.0522,0.7174,1118.0,583.8841,0.0255,1.917,80200.0,1.1027,0.3084,イーレックス,プライム（内国株式）,電気・ガス業
9519,2026-10-02,825.0,-0.026,-0.0317,-0.1071,-0.175,-0.0945,-0.1907,879.52,920.92,False,-0.062,0.5893,1400.0,616.0,0.0406,7.425,82500.0,1.1177,0.3313,レノバ,プライム（内国株式）,電気・ガス業
9531,2026-10-02,6173.0,0.0103,0.0013,-0.0212,0.0326,-0.0086,0.0169,6175.3594,6084.7854,False,-0.0004,0.7886,7828.1996,4912.8904,0.0238,63.476,617300.0,1.085,0.2973,東京瓦斯,プライム（内国株式）,電気・ガス業
9532,2026-10-02,5763.0,0.0118,-0.006,-0.0087,0.0867,0.0039,0.071,5806.3085,5525.3765,True,-0.0075,0.8615,6689.32,3992.2348,0.0256,65.6543,576300.0,1.2643,0.3834,大阪瓦斯,プライム（内国株式）,電気・ガス業
9533,2026-10-02,1250.0,0.0158,-0.0013,-0.0041,0.0193,0.0085,0.0036,1256.9464,1211.6474,True,-0.0055,0.8929,1399.8715,1024.7251,0.0272,10.8782,125000.0,1.1209,0.364,東邦瓦斯,プライム（内国株式）,電気・ガス業
9534,2026-10-02,850.0,-0.0023,-0.0744,-0.0285,0.1426,-0.0159,0.1269,893.0611,804.2021,True,-0.0482,0.8875,957.7215,631.9288,0.0272,2.9543,85000.0,1.261,0.5317,北海道瓦斯,プライム（内国株式）,電気・ガス業
9535,2026-10-02,416.0,-0.0095,-0.0503,-0.0101,0.0595,0.0025,0.0438,430.2004,413.0612,True,-0.033,0.9309,446.8921,349.9615,0.0191,0.3726,41600.0,0.7773,0.4275,広島ガス,プライム（内国株式）,電気・ガス業
9536,2026-10-02,2425.0,-0.0138,-0.0774,-0.0496,0.0889,-0.037,0.0733,2522.2624,2373.4053,True,-0.0386,0.912,2659.094,1774.3768,0.0233,5.0111,242500.0,1.9145,0.4508,西部ガスホールディングス,プライム（内国株式）,電気・ガス業
9537,2026-10-02,4260.0,0.0024,-0.0105,-0.0093,0.0071,0.0033,-0.0086,4293.0,4304.4667,False,-0.0077,0.7592,5611.0185,3473.7217,0.0065,0.0264,426000.0,0.9951,0.359,北陸瓦斯,スタンダード（内国株式）,電気・ガス業
9539,2026-10-02,1328.0,-0.0097,-0.0264,-0.0264,-0.0935,-0.0138,-0.1092,1351.2,1397.7021,False,-0.0172,0.8612,1542.0,1109.5347,0.0158,0.0305,132800.0,0.2522,0.4826,京葉瓦斯,スタンダード（内国株式）,電気・ガス業
9543,2026-10-02,1291.0,-0.0008,-0.0577,-0.0366,0.0591,-0.0239,0.0434,1339.24,1276.7449,True,-0.036,0.8086,1596.6719,1072.6281,0.0236,2.2107,129100.0,1.0389,0.4601,静岡ガス,プライム（内国株式）,電気・ガス業
9551,2026-10-02,3050.0,-0.0049,-0.0146,-0.0224,-0.0709,-0.0097,-0.0865,3070.5109,3165.2022,False,-0.0067,0.7394,4124.9921,2779.971,0.0196,3.0805,305000.0,0.8331,0.1914,メタウォーター,プライム（内国株式）,電気・ガス業
9552,2026-10-02,1000.0,-0.0215,-0.0244,-0.1823,0.1086,-0.1697,0.093,1080.68,986.36,True,-0.0747,0.7143,1400.0,556.0,0.0354,2.7747,100000.0,0.6428,0.2545,クオンツ総研ホールディングス,プライム（内国株式）,サービス業
9553,2026-10-02,635.0,-0.0201,-0.0261,0.0637,0.0427,0.0763,0.027,615.04,591.3333,True,0.0325,0.6635,957.0,416.0,0.0267,0.5309,63500.0,0.7897,0.2717,マイクロアド,グロース（内国株式）,サービス業
9554,2026-10-02,1700.0,-0.028,-0.0556,-0.0374,0.0278,-0.0247,0.0121,1738.04,1655.64,True,-0.0219,0.7182,2367.0,1180.0,0.0275,0.4295,170000.0,0.5668,0.3676,ＡＶｉＣ,グロース（内国株式）,サービス業
9556,2026-10-02,2386.0,0.0055,0.0123,0.0153,0.3442,0.0279,0.3286,2340.12,2035.3733,True,0.0196,0.4894,4875.0,1401.0,0.0716,2.3098,238600.0,0.9304,0.2277,ＩＮＴＬＯＯＰ,グロース（内国株式）,サービス業
9557,2026-10-02,258.0,-0.0153,0.032,0.075,0.5542,0.0876,0.5385,248.76,205.4667,True,0.0371,0.6386,404.0,148.0,0.0307,0.1473,25800.0,0.1366,0.227,エアークローゼット,グロース（内国株式）,サービス業
9558,2026-10-02,1981.0,-0.0115,0.0071,-0.01,-0.009,0.0026,-0.0247,1984.12,1955.88,False,-0.0016,0.8296,2387.8353,1860.0,0.01,0.0828,198100.0,0.484,0.2325,ジャパニアス,グロース（内国株式）,サービス業
9560,2026-10-02,890.0,-0.0056,-0.0089,-0.0471,0.1934,-0.0345,0.1777,897.2834,817.4012,True,-0.0081,0.7528,1182.2293,656.8722,0.023,0.1911,89000.0,0.4833,0.1463,プログリット,グロース（内国株式）,サービス業
9561,2026-10-02,431.0,0.0213,-0.0115,0.0141,0.0213,0.0267,0.0057,426.68,415.4933,False,0.0101,0.5671,760.0,385.0,0.027,0.0578,43100.0,0.6183,0.2834,グラッドキューブ,グロース（内国株式）,サービス業
9562,2026-10-02,585.0,-0.0034,-0.157,0.0245,0.2011,0.0372,0.1854,632.5347,550.4084,True,-0.0751,0.6347,921.7225,469.4831,0.0537,0.0838,58500.0,1.1531,0.3752,ビジネスコーチ,グロース（内国株式）,サービス業
9563,2026-10-02,355.0,-0.0139,0.029,0.0085,0.1993,0.0211,0.1837,345.68,321.24,True,0.027,0.8831,402.0,265.0,0.032,0.0846,35500.0,1.2954,0.3082,Ａｔｌａｓ　Ｔｅｃｈｎｏｌｏｇｉｅｓ,グロース（内国株式）,サービス業
9564,2026-10-02,551.0,-0.0036,0.0076,-0.0598,0.1112,-0.0471,0.0955,554.8906,526.9185,True,-0.007,0.7064,780.051,415.5045,0.0252,0.2301,55100.0,0.9246,0.2271,ＦＣＥ,スタンダード（内国株式）,サービス業
9565,2026-10-02,659.0,0.0015,0.0138,-0.012,-0.009,0.0006,-0.0247,658.24,667.7333,False,0.0012,0.6684,986.0,631.0,0.0146,0.0126,65900.0,1.0149,0.2489,ＧＬＯＥ,グロース（内国株式）,サービス業
9601,2026-10-02,10730.0,-0.0009,-0.0138,0.0104,0.0288,0.023,0.0131,10839.6,10824.2667,True,-0.0101,0.7658,14011.6421,9860.0,0.0153,4.6625,1073000.0,0.6782,0.2678,松竹,プライム（内国株式）,情報・通信業
9602,2026-10-02,1567.0,-0.0003,-0.0082,-0.0132,0.2112,-0.0006,0.1955,1582.4758,1457.6537,True,-0.0098,0.7936,1974.5088,1182.5857,0.0239,48.3017,156700.0,0.7496,0.2648,東宝,プライム（内国株式）,情報・通信業
9603,2026-10-02,1075.0,-0.0271,-0.041,-0.0796,0.0623,-0.067,0.0466,1149.68,1072.2,True,-0.065,0.7481,1436.9802,907.0,0.0328,5.8106,107500.0,0.9959,0.3004,エイチ・アイ・エス,プライム（内国株式）,サービス業
9605,2026-10-02,5840.0,-0.0135,-0.0257,-0.0109,0.022,0.0018,0.0063,5995.3625,5899.0961,True,-0.0259,0.8994,6493.5219,5019.6155,0.0194,3.857,584000.0,1.0451,0.3382,東映,プライム（内国株式）,情報・通信業
9610,2026-10-02,104.0,-0.0095,-0.0459,-0.1333,-0.0095,-0.1207,-0.0252,112.56,108.4667,False,-0.076,0.3041,342.0,87.0,0.0309,0.8669,10400.0,0.1617,0.2489,ウィルソン・ラーニング　ワールドワイド,スタンダード（内国株式）,サービス業
9612,2026-10-02,1229.0,-0.0097,-0.0223,-0.0008,0.0057,0.0118,-0.0099,1225.52,1241.0143,False,0.0028,0.6357,1933.1787,1098.7064,0.0209,0.5833,122900.0,0.896,0.2528,ラックランド,プライム（内国株式）,サービス業
9616,2026-10-02,3160.0,-0.0348,-0.0232,-0.0385,0.063,-0.0259,0.0473,3222.7587,3152.6423,True,-0.0195,0.8982,3517.9648,2304.5996,0.0224,31.1864,316000.0,1.0547,0.2859,共立メンテナンス,プライム（内国株式）,サービス業
9619,2026-10-02,2680.0,-0.0176,-0.0137,-0.0083,0.2254,0.0043,0.2097,2675.601,2450.6032,True,0.0016,0.9724,2756.0,1859.1355,0.0162,0.9482,268000.0,0.9599,0.252,イチネンホールディングス,プライム（内国株式）,サービス業
9621,2026-10-02,3355.0,0.003,0.0182,0.0501,0.1613,0.0627,0.1456,3238.6,3066.56,True,0.0359,0.9385,3575.0,2563.0,0.0191,2.1026,335500.0,1.0672,0.2737,建設技術研究所,プライム（内国株式）,サービス業
9622,2026-10-02,1398.0,-0.0141,-0.0372,-0.0359,-0.0298,-0.0232,-0.0455,1429.0,1430.8547,True,-0.0217,0.8389,1666.4523,1254.7857,0.0139,0.6487,139800.0,1.4754,0.3551,スペース,プライム（内国株式）,サービス業
9625,2026-10-02,917.0,0.0,-0.0119,-0.0448,-0.147,-0.0322,-0.1626,939.64,1000.3733,False,-0.0241,0.8232,1113.9636,825.0,0.0166,0.0386,91700.0,0.2609,0.2169,セレスポ,スタンダード（内国株式）,サービス業
9627,2026-10-02,5324.0,-0.0058,-0.0254,-0.1427,-0.0462,-0.13,-0.0619,5806.76,5787.7067,True,-0.0831,0.7414,7181.288,5254.7696,0.0283,8.1826,532400.0,1.0608,0.3175,アインホールディングス,プライム（内国株式）,小売業
9628,2026-10-02,1299.0,-0.0174,-0.0484,-0.0306,-0.0409,-0.018,-0.0566,1328.8417,1355.3702,True,-0.0225,0.82,1584.1335,1243.3048,0.0186,0.8245,129900.0,1.148,0.3758,燦ホールディングス,プライム（内国株式）,サービス業
9629,2026-10-02,1545.0,-0.0032,-0.0307,-0.0726,0.1286,-0.06,0.1129,1584.28,1470.0267,True,-0.0248,0.7842,1970.2838,1164.0,0.0196,0.3965,154500.0,0.5323,0.2405,ピー・シー・エー,プライム（内国株式）,情報・通信業
9632,2026-10-02,5050.0,0.037,0.4408,0.3431,0.4403,0.3557,0.4246,3733.0,3632.0167,True,0.3528,0.9165,5510.0,2963.2836,0.0378,2.3925,505000.0,3.381,1.086,スバル興業,スタンダード（内国株式）,サービス業
9633,2026-10-02,1801.0,-0.0077,-0.0595,-0.0839,0.1083,-0.0713,0.0926,1903.76,1741.2533,True,-0.054,0.8983,2005.0,1347.9151,0.0115,0.1517,180100.0,1.2062,0.6784,東京テアトル,スタンダード（内国株式）,不動産業
9635,2026-10-02,2523.0,-0.0106,-0.0164,-0.0247,-0.0102,-0.0121,-0.0259,2565.6,2548.6133,True,-0.0166,0.9344,2700.0,2151.0,0.009,0.0128,252300.0,2.4706,0.3478,武蔵野興業,スタンダード（内国株式）,サービス業
9636,2026-10-02,4225.0,0.0012,0.0048,0.0084,-0.0082,0.021,-0.0239,4203.4,4204.9333,True,0.0051,0.9646,4380.0,4025.0,0.003,0.0657,422500.0,0.3538,0.2722,きんえい,スタンダード（内国株式）,サービス業
9639,2026-10-02,2287.0,-0.0172,-0.0281,-0.0203,0.0203,-0.0077,0.0047,2320.8406,2267.4831,True,-0.0146,0.9605,2381.0,1825.009,0.0136,0.1491,228700.0,0.6032,0.3021,三協フロンテア,スタンダード（内国株式）,サービス業
9640,2026-10-02,1956.0,0.0036,0.0282,-0.0035,-0.0375,0.0091,-0.0532,1940.288,1996.4338,False,0.0081,0.8022,2438.1922,1743.6187,0.0186,0.0934,195600.0,0.7768,0.172,セゾンテクノロジー,スタンダード（内国株式）,情報・通信業
9644,2026-10-02,675.0,-0.026,-0.0952,-0.1058,-0.0976,-0.0932,-0.1133,738.083,740.5643,True,-0.0855,0.8782,768.6588,620.8789,0.0146,0.7179,67500.0,2.052,0.7609,タナベコンサルティンググループ,プライム（内国株式）,サービス業
9647,2026-10-02,6850.0,0.0074,0.0163,0.0059,-0.042,0.0185,-0.0576,6773.6,6666.1333,False,0.0113,0.6284,10900.0,5840.0,0.0129,0.0274,685000.0,0.5943,0.2935,協和コンサルタンツ,スタンダード（内国株式）,サービス業
9651,2026-10-02,1954.0,-0.0081,-0.0056,-0.0722,0.0856,-0.0596,0.0699,1991.08,1928.3467,True,-0.0186,0.9135,2139.0,1544.1008,0.0216,0.3334,195400.0,1.1253,0.3014,日本プロセス,スタンダード（内国株式）,情報・通信業
9656,2026-10-02,600.0,0.0017,0.0,-0.0083,0.0033,0.0044,-0.0123,600.84,600.7252,False,-0.0014,0.9683,619.6458,580.0,0.0045,0.0233,60000.0,1.2205,0.2947,グリーンランドリゾート,スタンダード（内国株式）,サービス業
9658,2026-10-02,1122.0,-0.0132,0.0011,0.0225,0.125,0.0351,0.1093,1082.9322,1033.8126,True,0.0361,0.9625,1165.677,894.488,0.0198,0.9852,112200.0,1.2314,0.3612,ビジネスブレイン太田昭和,プライム（内国株式）,情報・通信業
9661,2026-10-02,4080.0,-0.0085,-0.0216,-0.0621,-0.0862,-0.0494,-0.1019,4232.0,4388.0667,False,-0.0359,0.8527,4784.8329,4080.0,0.0077,0.4222,408000.0,1.4009,0.3977,歌舞伎座,スタンダード（内国株式）,サービス業
9663,2026-10-02,4740.0,-0.0063,-0.0327,-0.0778,-0.0558,-0.0652,-0.0714,5007.4,5047.1333,True,-0.0534,0.6931,6838.4429,4670.0,0.0128,1.5428,474000.0,1.4403,0.5518,ナガワ,プライム（内国株式）,サービス業
9672,2026-10-02,4675.0,-0.0158,-0.0459,-0.0797,-0.022,-0.0671,-0.0376,4914.2,4906.8259,True,-0.0487,0.7785,6005.1693,4523.6308,0.0157,3.0452,467500.0,1.0647,0.4282,東京都競馬,プライム（内国株式）,サービス業
9678,2026-10-02,5330.0,-0.0074,-0.0309,-0.073,0.027,-0.0604,0.0113,5452.0,5339.8667,True,-0.0224,0.9253,5760.0,3352.8111,0.0233,5.4017,533000.0,1.0562,0.2011,カナモト,プライム（内国株式）,サービス業
9679,2026-10-02,2217.0,0.0137,-0.0218,-0.0565,-0.0448,-0.0438,-0.0605,2293.2346,2305.0395,False,-0.0332,0.9203,2409.0252,1805.2843,0.0153,0.0203,221700.0,1.7618,0.5007,ホウライ,スタンダード（内国株式）,サービス業
9682,2026-10-02,1101.0,-0.0117,-0.0317,-0.035,0.0664,-0.0224,0.0508,1105.9003,1064.7539,True,-0.0044,0.8366,1316.0915,945.5584,0.0241,7.298,110100.0,1.3626,0.3508,ＤＴＳ,プライム（内国株式）,情報・通信業
9684,2026-10-02,2884.0,-0.001,-0.019,-0.082,0.1574,-0.0694,0.1418,2919.5214,2717.26,True,-0.0122,0.8743,3298.7177,2310.8136,0.0226,33.8343,288400.0,0.8824,0.2483,スクウェア・エニックス・ホールディングス,プライム（内国株式）,情報・通信業
9685,2026-10-02,582.0,0.0017,0.0265,-0.0051,-0.0202,0.0075,-0.0359,573.96,575.08,True,0.014,0.8606,676.2991,525.0,0.0115,0.0121,58200.0,0.7139,0.3872,ＫＹＣＯＭホールディングス,スタンダード（内国株式）,情報・通信業
9686,2026-10-02,1660.0,0.0,-0.0227,0.0033,0.0493,0.016,0.0336,1674.1029,1621.4794,True,-0.0084,0.9132,1817.8444,1412.1779,0.0149,0.0536,166000.0,1.0481,0.4411,東洋テック,スタンダード（内国株式）,サービス業
9687,2026-10-02,1487.0,-0.0073,-0.0355,-0.0519,0.0232,-0.0392,0.0075,1543.56,1492.1644,True,-0.0366,0.8001,1858.4219,1343.4375,0.0208,0.0855,148700.0,1.1624,0.4764,ＫＳＫ,スタンダード（内国株式）,情報・通信業
9691,2026-10-02,5160.0,0.0,0.0,0.0039,-0.0058,0.0165,-0.0215,5153.6,5160.9333,False,0.0012,0.9578,5387.5094,3440.0,0.0001,0.0106,516000.0,0.5112,0.0,両毛システムズ,スタンダード（内国株式）,情報・通信業
9692,2026-10-02,2219.0,-0.0268,-0.0054,-0.1267,0.0495,-0.1141,0.0338,2316.64,2231.525,True,-0.0421,0.8604,2579.0,1832.2182,0.0274,3.3726,221900.0,1.1842,0.1873,シーイーシー,プライム（内国株式）,情報・通信業
9697,2026-10-02,4448.0,0.0204,0.0128,0.0312,0.3746,0.0439,0.3589,4299.8197,3764.2226,True,0.0345,0.9891,4497.0,2721.6492,0.0293,160.5964,444800.0,1.4703,0.1859,カプコン,プライム（内国株式）,情報・通信業
9698,2026-10-02,1303.0,0.0023,0.0212,0.0023,0.084,0.0149,0.0684,1295.8,1263.2,True,0.0056,0.9652,1350.0,1092.6274,0.0129,0.0185,130300.0,0.442,0.2669,クレオ,スタンダード（内国株式）,情報・通信業
9699,2026-10-02,4345.0,-0.0136,-0.0455,-0.0595,0.1166,-0.0469,0.1009,4515.9397,4222.4612,True,-0.0379,0.9164,4741.4712,3546.3872,0.02,3.4405,434500.0,1.3775,0.3963,ニシオホールディングス,プライム（内国株式）,サービス業
9701,2026-10-02,4500.0,-0.011,0.0078,0.0551,0.0714,0.0677,0.0558,4402.4,4282.1333,True,0.0222,0.8197,5490.0,3876.6129,0.0152,0.0438,450000.0,1.3435,0.3079,東京會舘,スタンダード（内国株式）,サービス業
9702,2026-10-02,2449.0,-0.0196,0.0008,0.0078,0.0648,0.0204,0.0491,2429.4,2364.7333,True,0.0081,0.947,2586.0,1589.097,0.0214,0.6551,244900.0,1.2446,0.219,アイ・エス・ビー,プライム（内国株式）,情報・通信業
9704,2026-10-02,26.0,0.0,-0.037,-0.1034,-0.1875,-0.0908,-0.2032,27.96,30.6,False,-0.0701,0.3768,69.0,25.0,0.044,0.1139,2600.0,0.9866,0.2625,アゴーラ　ホスピタリティー　グループ,スタンダード（内国株式）,サービス業
9706,2026-10-02,5337.0,-0.0126,-0.0291,-0.0821,0.0276,-0.0695,0.0119,5571.6005,5398.9605,True,-0.0421,0.8959,5957.0396,4038.8242,0.0199,68.4686,533700.0,1.2038,0.2374,日本空港ビルデング,プライム（内国株式）,不動産業
9708,2026-10-02,931.0,-0.0096,-0.0231,-0.0605,-0.0726,-0.0478,-0.0883,961.4142,983.5436,False,-0.0316,0.56,1662.4248,928.0,0.0135,1.7101,93100.0,0.8574,0.2707,帝国ホテル,スタンダード（内国株式）,サービス業
9709,2026-10-02,1220.0,-0.0256,-0.023,-0.1077,-0.0026,-0.0951,-0.0183,1252.1051,1262.5266,False,-0.0256,0.7144,1707.6553,1116.4009,0.0264,0.1522,122000.0,1.0925,0.3839,ＮＣＳ＆Ａ,スタンダード（内国株式）,情報・通信業
9713,2026-10-02,906.0,-0.0011,-0.0227,-0.0044,-0.0131,0.0082,-0.0287,913.36,906.12,True,-0.0081,0.8311,1090.1223,864.5455,0.0083,0.0521,90600.0,0.8912,0.3733,ロイヤルホテル,スタンダード（内国株式）,サービス業
9715,2026-10-02,3475.0,0.0,-0.0293,-0.0709,-0.0374,-0.0582,-0.0531,3611.4,3651.5333,False,-0.0378,0.8559,4060.0,3352.6099,0.0188,4.4902,347500.0,1.2513,0.3749,トランス・コスモス,プライム（内国株式）,サービス業
9716,2026-10-02,1212.0,-0.017,-0.0202,-0.0641,0.1293,-0.0515,0.1136,1248.7669,1173.7944,True,-0.0294,0.8412,1440.8031,954.167,0.0202,3.741,121200.0,0.976,0.2661,乃村工藝社,プライム（内国株式）,サービス業
9722,2026-10-02,3005.0,0.0017,0.0991,-0.005,0.5402,0.0077,0.5246,2836.04,2302.6667,True,0.0596,0.9509,3160.0,1735.0,0.0378,8.9779,300500.0,1.0778,0.3678,藤田観光,プライム（内国株式）,サービス業
9723,2026-10-02,639.0,0.0,0.0095,0.0063,0.0063,0.0189,-0.0094,634.12,634.2267,False,0.0077,0.9181,695.9713,605.6241,0.0047,0.0126,63900.0,1.2836,0.4,京都ホテル,スタンダード（内国株式）,サービス業
9726,2026-10-02,2011.0,-0.002,-0.0045,0.0136,0.1049,0.0262,0.0893,1961.68,1914.9467,True,0.0251,0.9504,2116.0,1386.0841,0.0224,0.6975,201100.0,1.2843,0.2906,ＫＮＴ－ＣＴホールディングス,スタンダード（内国株式）,サービス業
9729,2026-10-02,2510.0,-0.0028,-0.0098,0.0039,0.0593,0.0165,0.0437,2494.9271,2417.8281,True,0.006,0.8897,2821.2712,2020.2161,0.02,0.7159,251000.0,0.9393,0.1955,トーカイ,プライム（内国株式）,サービス業
9731,2026-10-02,3335.0,-0.0104,-0.0191,-0.0191,-0.0347,-0.0065,-0.0504,3383.2,3431.0333,False,-0.0142,0.888,3755.5714,2936.6071,0.0079,0.0499,333500.0,0.6687,0.2838,白洋舎,スタンダード（内国株式）,サービス業
9733,2026-10-02,2235.0,-0.0141,-0.0123,-0.0294,-0.029,-0.0168,-0.0447,2264.0233,2251.5658,True,-0.0128,0.8419,2654.5743,1762.3347,0.0109,0.3973,223500.0,0.8081,0.2988,ナガセ,スタンダード（内国株式）,サービス業
9735,2026-10-02,6223.0,-0.01,-0.0171,-0.0328,-0.0441,-0.0202,-0.0598,6318.1321,6456.928,False,-0.0151,0.8697,7155.0688,4974.5981,0.0178,85.9922,622300.0,1.1125,0.2897,セコム,プライム（内国株式）,サービス業
9739,2026-10-02,2549.0,-0.0312,-0.0312,-0.0712,0.0325,-0.0586,0.0169,2636.5705,2548.8242,True,-0.0332,0.9209,2767.8315,2158.2049,0.0145,0.6089,254900.0,0.9231,0.2594,ＮＳＷ,プライム（内国株式）,情報・通信業
9740,2026-10-02,2613.0,-0.0154,-0.0265,-0.0668,-0.0161,-0.0542,-0.0317,2698.0857,2680.4566,True,-0.0315,0.7913,3302.364,2355.2525,0.0181,0.5901,261300.0,1.0214,0.2048,セントラル警備保障,プライム（内国株式）,サービス業
9742,2026-10-02,2280.0,0.016,-0.0074,-0.0363,0.06,-0.0237,0.0443,2207.96,2200.4667,True,0.0326,0.9023,2527.0,1637.4191,0.0284,0.64,228000.0,0.9424,0.3303,アイネス,プライム（内国株式）,情報・通信業
9743,2026-10-02,1388.0,-0.0121,-0.0394,-0.0993,0.0308,-0.0867,0.0152,1475.68,1411.889,True,-0.0594,0.8724,1590.9269,1237.7049,0.0214,5.1213,138800.0,0.7518,0.3702,丹青社,プライム（内国株式）,サービス業
9744,2026-10-02,3272.0,-0.0009,-0.0427,-0.018,0.0684,-0.0054,0.0527,3309.1498,3196.1929,True,-0.0112,0.9313,3513.4836,2880.6733,0.0176,17.705,327200.0,1.6435,0.3683,メイテックグループホールディングス,プライム（内国株式）,サービス業
9746,2026-10-02,4015.0,-0.0159,-0.0085,-0.0193,0.1704,-0.0066,0.1548,4046.1035,3755.0668,True,-0.0077,0.9476,4236.8327,3253.4392,0.0161,2.8321,401500.0,0.9032,0.2066,ＴＫＣ,プライム（内国株式）,情報・通信業
9753,2026-10-02,1410.0,0.005,-0.0174,0.0217,0.0871,0.0344,0.0715,1406.68,1335.48,True,0.0024,0.9461,1490.3333,1173.3846,0.0213,0.0898,141000.0,1.1836,0.2062,アイエックス・ナレッジ,スタンダード（内国株式）,情報・通信業
9755,2026-10-02,2755.0,-0.0185,-0.0377,-0.0289,-0.0083,-0.0163,-0.024,2832.04,2809.9422,True,-0.0272,0.8847,3113.985,2476.5278,0.0132,1.6828,275500.0,0.8807,0.3699,応用地質,プライム（内国株式）,サービス業
9757,2026-10-02,1165.0,-0.0068,-0.0218,-0.011,0.0678,0.0016,0.0522,1176.68,1127.9463,True,-0.0099,0.916,1271.8828,1017.9094,0.0117,2.7696,116500.0,0.6103,0.2932,船井総研ホールディングス,プライム（内国株式）,サービス業
9759,2026-10-02,2980.5,0.0056,0.015,0.0013,0.1566,0.014,0.1409,2897.82,2744.92,True,0.0285,0.8406,3545.8343,2378.0,0.0208,9.7714,298050.0,1.5184,0.2821,ＮＳＤ,プライム（内国株式）,情報・通信業
9760,2026-10-02,117.0,0.0086,0.0086,-0.025,-0.0085,-0.0124,-0.0241,118.36,117.9067,True,-0.0115,0.65,180.0,108.0,0.0183,0.0425,11700.0,1.5037,0.2333,進学会ホールディングス,スタンダード（内国株式）,サービス業
9761,2026-10-02,2368.0,-0.0162,-0.0257,-0.0085,0.0498,0.0041,0.0341,2390.3985,2315.5888,True,-0.0094,0.9076,2609.1053,2057.6654,0.0153,0.1062,236800.0,0.9311,0.2191,東海リース,スタンダード（内国株式）,サービス業
9763,2026-10-02,1231.0,-0.0183,-0.0245,-0.0503,0.0315,-0.0377,0.0158,1267.1464,1237.5939,True,-0.0285,0.7614,1616.7067,1040.4549,0.0145,0.1265,123100.0,0.8072,0.3389,丸建リース,スタンダード（内国株式）,卸売業
9765,2026-10-02,1184.0,-0.0174,-0.0191,-0.0008,0.0562,0.0118,0.0405,1183.84,1142.1333,True,0.0001,0.9129,1296.995,1016.0,0.0119,0.165,118400.0,1.0337,0.2758,オオバ,プライム（内国株式）,サービス業
9766,2026-10-02,22350.0,0.0095,0.0563,0.022,0.2301,0.0346,0.2144,21325.5502,20031.6696,True,0.048,0.8492,26318.0211,16761.4824,0.0296,107.98,2235000.0,1.0327,0.2956,コナミグループ,プライム（内国株式）,情報・通信業
9767,2026-10-02,1774.0,0.0137,-0.0073,0.1087,0.1795,0.1214,0.1639,1657.88,1561.0267,True,0.07,0.846,2097.0,1331.0,0.0254,0.0316,177400.0,1.2967,0.4504,日建工学,スタンダード（内国株式）,サービス業
9768,2026-10-02,3730.0,-0.021,-0.0027,-0.0387,0.0672,-0.026,0.0516,3795.4,3597.8,True,-0.0172,0.7675,4860.0,2990.0,0.0162,0.3414,373000.0,0.6406,0.232,いであ,スタンダード（内国株式）,サービス業
9769,2026-10-02,2504.0,-0.0153,-0.0207,-0.0229,0.0251,-0.0103,0.0095,2534.9668,2530.7615,True,-0.0122,0.9233,2712.0597,2134.6986,0.0134,0.4006,250400.0,1.2923,0.2426,学究社,プライム（内国株式）,サービス業
9778,2026-10-02,5530.0,-0.0036,-0.0072,-0.0054,-0.0125,0.0072,-0.0282,5570.0,5620.5333,False,-0.0072,0.8058,6862.9693,5380.0,0.0066,0.0141,553000.0,0.5217,0.2471,昴,スタンダード（内国株式）,サービス業
9780,2026-10-02,1144.0,0.0018,0.0089,0.0186,0.2702,0.0313,0.2546,1118.6803,993.4357,True,0.0226,0.9892,1156.5284,791.9237,0.0295,0.0706,114400.0,0.556,0.1996,ハリマビステム,スタンダード（内国株式）,サービス業
9782,2026-10-02,3205.0,-0.0108,-0.0444,-0.066,-0.0403,-0.0534,-0.056,3352.8934,3323.9081,True,-0.0441,0.8389,3820.3472,2624.7374,0.0136,1.3051,320500.0,1.2234,0.4525,ディーエムエス,スタンダード（内国株式）,サービス業
9788,2026-10-02,503.0,-0.0176,-0.0233,-0.0307,-0.008,-0.0181,-0.0237,512.7558,515.1106,True,-0.019,0.9308,540.3943,473.3861,0.009,0.2193,50300.0,0.9576,0.3075,ナック,プライム（内国株式）,サービス業
9790,2026-10-02,2967.0,-0.0077,-0.0304,-0.046,-0.0475,-0.0334,-0.0632,3024.48,3085.6533,False,-0.019,0.855,3470.0,2826.7964,0.016,1.0442,296700.0,0.8704,0.3104,福井コンピュータホールディングス,プライム（内国株式）,情報・通信業
9791,2026-10-02,1162.0,-0.0136,-0.0036,-0.0299,-0.0087,-0.0172,-0.0243,1172.6794,1164.6041,True,-0.0091,0.8071,1439.7159,1055.92,0.0134,0.0286,116200.0,1.0457,0.406,ビケンテクノ,スタンダード（内国株式）,サービス業
9793,2026-10-02,3490.0,-0.0141,-0.0503,-0.0792,-0.081,-0.0665,-0.0966,3692.5622,3771.4198,False,-0.0549,0.7975,4376.0232,3004.0626,0.0216,4.9119,349000.0,1.1317,0.4445,ダイセキ,プライム（内国株式）,サービス業
9795,2026-10-02,2157.0,-0.0173,-0.0366,-0.0536,-0.0119,-0.0409,-0.0276,2241.4352,2212.5766,True,-0.0377,0.8545,2524.3809,2114.3198,0.0122,0.6753,215700.0,2.3319,0.4015,ステップ,プライム（内国株式）,サービス業
9799,2026-10-02,935.0,-0.0032,-0.0126,-0.0217,0.0437,-0.0091,0.0281,939.5848,917.8578,True,-0.0049,0.6869,1361.1837,810.3601,0.0172,0.045,93500.0,0.6062,0.2926,旭情報サービス,スタンダード（内国株式）,情報・通信業
9812,2026-10-02,237.0,0.026,0.0128,-0.0366,0.0487,-0.024,0.033,240.16,233.84,True,-0.0132,0.727,326.0,216.0,0.013,0.0114,23700.0,1.0971,0.3256,テーオーホールディングス,スタンダード（内国株式）,小売業
9816,2026-10-02,256.0,-0.0039,0.0039,-0.0116,0.0894,0.001,0.0737,254.28,246.8,False,0.0068,0.6773,377.9623,228.0,0.0455,0.0472,25600.0,3.0614,0.4552,ストライダーズ,スタンダード（内国株式）,不動産業
9818,2026-10-02,1551.0,0.0131,-0.0062,-0.0125,0.0124,0.0001,-0.0033,1544.8527,1526.6512,False,0.004,0.6197,2502.7275,1413.9871,0.0143,0.02,155100.0,0.7782,0.2983,大丸エナウィン,スタンダード（内国株式）,卸売業
9823,2026-10-02,967.0,-0.0203,-0.0366,-0.046,-0.0506,-0.0334,-0.0663,1001.671,1013.9087,False,-0.0346,0.5464,1769.7885,963.167,0.0147,0.8889,96700.0,1.161,0.3525,マミーマートホールディングス,スタンダード（内国株式）,小売業
9824,2026-10-02,8190.0,0.0024,0.0328,0.0819,0.2115,0.0945,0.1959,7708.0,7018.1333,True,0.0625,0.9867,8300.0,4104.5317,0.0295,6.2113,819000.0,1.0207,0.3065,泉州電業,プライム（内国株式）,卸売業
9827,2026-10-02,653.0,0.0031,0.0349,0.0077,0.0635,0.0203,0.0478,638.24,625.0533,True,0.0231,0.9384,695.8519,580.0,0.0103,0.0873,65300.0,0.8562,0.4766,リリカラ,スタンダード（内国株式）,卸売業
9828,2026-10-02,3205.0,-0.0062,-0.0332,-0.0653,0.0299,-0.0526,0.0142,3352.2288,3258.9912,True,-0.0439,0.8801,3641.4948,2544.0987,0.0211,2.7114,320500.0,1.2777,0.3529,Ｇｅｎｋｉ　Ｇｌｏｂａｌ　Ｄｉｎｉｎｇ　Ｃｏｎｃｅｐｔｓ,スタンダード（内国株式）,小売業
9830,2026-10-02,2363.0,-0.015,-0.0347,-0.0355,0.0107,-0.0229,-0.005,2400.88,2349.9635,True,-0.0158,0.8712,2712.2137,2061.7554,0.0178,2.4396,236300.0,0.9565,0.2571,トラスコ中山,プライム（内国株式）,卸売業
9831,2026-10-02,707.2,-0.0079,-0.0171,-0.0123,0.101,0.0003,0.0854,711.532,692.8253,True,-0.0061,0.9213,767.6,427.2969,0.0188,35.1923,70720.0012,1.2505,0.1786,ヤマダホールディングス,プライム（内国株式）,小売業
9832,2026-10-02,1533.0,-0.0116,-0.0356,-0.0137,0.0657,-0.0011,0.05,1553.0572,1500.0347,True,-0.0129,0.8918,1718.9141,1404.1688,0.0159,6.5246,153300.0,2.0878,0.3132,オートバックスセブン,プライム（内国株式）,卸売業
9835,2026-10-02,511.0,0.0,-0.0039,0.0079,0.0139,0.0205,-0.0018,509.8,510.1333,True,0.0024,0.9733,525.0,471.5871,0.0046,0.0125,51100.0,0.5786,0.297,ジュンテンドー,スタンダード（内国株式）,小売業
9837,2026-10-02,1810.0,-0.0109,-0.0142,-0.0168,0.0072,-0.0042,-0.0084,1803.68,1798.9067,True,0.0035,0.8708,2078.58,1468.451,0.0131,0.8958,181000.0,0.8936,0.3045,モリト,プライム（内国株式）,卸売業
9842,2026-10-02,1847.0,-0.0097,-0.0258,-0.0112,-0.0258,0.0014,-0.0414,1873.0345,1873.9655,True,-0.0139,0.9209,2005.5801,1695.9741,0.0118,3.2258,184700.0,0.5339,0.2625,アークランズ,プライム（内国株式）,小売業
9843,2026-10-02,3009.0,0.019,-0.0162,-0.0015,0.2932,0.0111,0.2775,3096.2415,2752.15,True,-0.0282,0.8712,3453.8753,2204.533,0.0358,132.2787,300900.0,1.1151,0.2644,ニトリホールディングス,プライム（内国株式）,小売業
9845,2026-10-02,1325.0,-0.0192,-0.0086,-0.0583,-0.0348,-0.0457,-0.0505,1354.8861,1392.4796,True,-0.0221,0.7905,1676.2184,1007.26,0.0216,0.1521,132500.0,1.3323,0.33,パーカーコーポレーション,スタンダード（内国株式）,化学
9846,2026-10-02,981.0,-0.001,-0.003,-0.0061,-0.01,0.0065,-0.0257,982.7992,986.6223,True,-0.0018,0.9802,1000.829,931.321,0.0045,0.0738,98100.0,0.9757,0.2258,天満屋ストア,スタンダード（内国株式）,小売業
9849,2026-10-02,4460.0,-0.0011,-0.0176,-0.0144,-0.0011,-0.0017,-0.0168,4508.6,4491.4667,True,-0.0108,0.9552,4669.2475,4420.0,0.0041,0.013,446000.0,2.2154,0.4941,共同紙販ホールディングス,スタンダード（内国株式）,卸売業
9850,2026-10-02,941.0,-0.0126,-0.0476,-0.0524,-0.0136,-0.0397,-0.0293,984.36,972.64,True,-0.044,0.9165,1026.711,927.4159,0.0089,0.5422,94100.0,1.5628,0.6701,グルメ杵屋,プライム（内国株式）,小売業
9853,2026-10-02,907.0,-0.0022,-0.0022,-0.0044,-0.0033,0.0082,-0.019,908.6,907.2133,True,-0.0018,0.9351,969.9219,897.0,0.0029,0.0193,90700.0,1.117,0.227,銀座ルノアール,スタンダード（内国株式）,小売業
9854,2026-10-02,260.0,-0.0226,-0.0476,-0.0909,-0.058,-0.0783,-0.0736,279.24,273.4533,True,-0.0689,0.8,325.0,165.0,0.0236,0.1336,26000.0,0.5275,0.3907,愛眼,スタンダード（内国株式）,小売業
9856,2026-10-02,1180.0,-0.0191,-0.0328,-0.0474,0.0429,-0.0347,0.0273,1212.7078,1178.4301,True,-0.027,0.9187,1284.3632,1091.7564,0.0123,0.3867,118000.0,0.9504,0.3081,ケーユーホールディングス,スタンダード（内国株式）,小売業
9857,2026-10-02,2643.0,-0.0004,0.0166,0.0236,0.1184,0.0362,0.1027,2578.8662,2490.2388,True,0.0249,0.9621,2747.1125,2200.3804,0.0069,0.0199,264300.0,0.574,0.6051,英和,スタンダード（内国株式）,卸売業
9861,2026-10-02,3689.0,0.0003,0.029,-0.0482,0.1569,-0.0356,0.1412,3755.9528,3578.8156,True,-0.0178,0.9026,4087.0874,2944.0588,0.0215,12.8202,368900.0,0.6733,0.3305,吉野家ホールディングス,プライム（内国株式）,小売業
9867,2026-10-02,10500.0,0.0,-0.0047,-0.0278,0.0595,-0.0152,0.0439,10627.6,10370.0,True,-0.012,0.8818,11906.9012,7457.9502,0.0076,0.0221,1050000.0,0.4845,0.2396,ソレキア,スタンダード（内国株式）,卸売業
9869,2026-10-02,6560.0,0.0,-0.0309,-0.0092,0.1063,0.0034,0.0907,6649.3929,6298.0078,True,-0.0134,0.9376,6996.7059,5565.9821,0.0173,2.4849,656000.0,1.2943,0.3164,加藤産業,プライム（内国株式）,卸売業
9872,2026-10-02,948.0,-0.0125,-0.0125,-0.0146,0.0498,-0.0019,0.0342,956.2,934.3067,True,-0.0086,0.9791,968.2615,854.0,0.0098,0.043,94800.0,1.5471,0.2908,北恵,スタンダード（内国株式）,卸売業
9876,2026-10-02,224.0,0.0,0.0136,0.0045,-0.0261,0.0171,-0.0418,220.56,224.0667,True,0.0156,0.6914,324.0,210.0,0.0172,0.0411,22400.0,0.6833,0.2333,コックス,スタンダード（内国株式）,小売業
9878,2026-10-02,381.0,0.0,-0.0155,-0.0841,-0.0907,-0.0715,-0.1064,404.04,413.0133,False,-0.057,0.5554,686.0,377.0,0.0219,0.0381,38100.0,1.5349,0.4667,セキド,スタンダード（内国株式）,小売業
9880,2026-10-02,3825.0,-0.0091,0.101,0.0994,0.0275,0.112,0.0118,3410.8113,3532.552,False,0.1214,0.7986,4789.8655,1455.6967,0.0292,4.6219,382500.0,0.823,0.6211,イノテック,プライム（内国株式）,電気機器
9882,2026-10-02,1646.0,-0.0114,-0.0377,-0.0603,-0.0566,-0.0477,-0.0723,1711.8752,1735.2173,True,-0.0385,0.888,1853.5326,1379.3859,0.0158,3.7046,164600.0,1.3162,0.4104,イエローハット,プライム（内国株式）,卸売業
9885,2026-10-02,331.0,-0.003,-0.006,-0.0119,-0.0119,0.0007,-0.0276,332.92,334.4667,False,-0.0058,0.8683,381.2113,327.0,0.0073,0.0262,33100.0,1.7384,0.2059,シャルレ,スタンダード（内国株式）,卸売業
9887,2026-10-02,5130.0,-0.0039,0.0026,-0.0423,0.0828,-0.0296,0.0671,5223.5446,4989.414,True,-0.0179,0.7459,6877.7736,4373.8228,0.0206,3.1817,513000.0,1.0349,0.3189,松屋フーズホールディングス,プライム（内国株式）,小売業
9888,2026-10-02,1221.0,-0.0209,-0.0205,-0.0524,0.2635,-0.0398,0.2478,1230.3379,1098.1177,True,-0.0076,0.9398,1299.2339,676.4606,0.0254,0.6778,122100.0,0.7328,0.2012,ＵＥＸ,スタンダード（内国株式）,卸売業
9889,2026-10-02,1723.0,-0.012,0.0377,0.012,0.3166,0.0246,0.3009,1664.05,1514.956,True,0.0354,0.9646,1786.1425,1124.9357,0.0253,2.9404,172300.0,0.8701,0.2944,ＪＢＣＣホールディングス,プライム（内国株式）,情報・通信業
9890,2026-10-02,1414.0,-0.0021,-0.0329,0.0238,0.0673,0.0364,0.0516,1415.7382,1356.4346,True,-0.0012,0.8968,1576.6355,1131.3992,0.0249,0.1478,141400.0,1.0951,0.3142,マキヤ,スタンダード（内国株式）,小売業
9895,2026-10-02,1257.0,0.0,-0.0263,-0.018,-0.0055,-0.0053,-0.0212,1274.48,1267.6,True,-0.0137,0.8643,1454.3931,1185.0611,0.0071,0.009,125700.0,1.4571,0.4928,コンセック,スタンダード（内国株式）,卸売業
9896,2026-10-02,1350.0,-0.0253,-0.0379,-0.0332,-0.0492,-0.0205,-0.0648,1387.8192,1399.9561,True,-0.0273,0.8799,1534.2058,1135.0629,0.0198,0.4626,135000.0,1.1737,0.2618,ＪＫホールディングス,スタンダード（内国株式）,卸売業
9900,2026-10-02,1067.0,-0.0184,-0.037,-0.0825,0.2965,-0.0699,0.2808,1110.1,1000.4933,True,-0.0388,0.8997,1186.0,757.5,0.0319,3.5601,106700.0,1.4235,0.3434,サガミホールディングス,プライム（内国株式）,小売業
9902,2026-10-02,3215.0,0.0031,0.0032,0.0566,0.2235,0.0692,0.2079,3094.954,2867.2337,True,0.0388,0.9832,3270.0,2244.3541,0.021,2.5732,321500.0,1.3414,0.2057,日伝,プライム（内国株式）,卸売業
9903,2026-10-02,901.0,0.0011,-0.0044,0.0033,0.0333,0.016,0.0176,894.36,912.12,False,0.0074,0.6345,1420.0,828.8145,0.0124,0.0126,90100.0,0.5045,0.2962,カンセキ,スタンダード（内国株式）,小売業
9904,2026-10-02,231.0,0.0043,-0.0494,-0.061,0.0452,-0.0484,0.0296,243.08,236.6804,False,-0.0497,0.5537,417.2055,207.1233,0.0145,0.0409,23100.0,0.571,0.4468,ベリテ,スタンダード（内国株式）,小売業
9906,2026-10-02,4135.0,-0.0096,-0.0167,-0.049,0.0406,-0.0364,0.025,4237.134,4078.9758,True,-0.0241,0.8421,4910.2685,3175.337,0.0262,0.1237,413500.0,1.1087,0.2351,藤井産業,スタンダード（内国株式）,卸売業
9908,2026-10-02,2881.0,-0.0237,-0.0083,-0.0039,0.088,0.0087,0.0723,2837.4332,2668.3545,True,0.0154,0.97,2970.0,1935.5847,0.0181,0.4278,288100.0,0.7706,0.2774,日本電計,スタンダード（内国株式）,卸売業
9913,2026-10-02,3770.0,0.0189,0.0231,0.0329,0.056,0.0455,0.0404,3624.8,3414.0,True,0.0401,0.8304,4540.0,2503.0597,0.0195,0.1054,377000.0,0.3348,0.367,日邦産業,スタンダード（内国株式）,卸売業
9928,2026-10-02,2123.0,-0.0047,0.0177,0.0236,0.1967,0.0362,0.1811,2051.44,1892.2533,True,0.0349,0.9897,2145.0,1624.0814,0.0191,0.9235,212300.0,1.3591,0.2736,ミロク情報サービス,プライム（内国株式）,情報・通信業
9929,2026-10-02,475.0,0.0106,0.0193,0.0215,0.0324,0.0341,0.0168,467.9852,464.1343,True,0.015,0.9553,497.223,428.0017,0.0079,0.0099,47500.0,1.3895,0.3449,平和紙業,スタンダード（内国株式）,卸売業
9930,2026-10-02,390.0,-0.0127,-0.0051,-0.0176,0.0955,-0.005,0.0798,398.24,381.8,True,-0.0207,0.933,418.0,321.676,0.0148,0.0242,39000.0,0.7605,0.2765,北沢産業,スタンダード（内国株式）,卸売業
9932,2026-10-02,1327.0,-0.0156,0.0154,-0.0011,0.1066,0.0115,0.0909,1296.7506,1250.3905,True,0.0233,0.6865,1932.967,1090.4053,0.0158,0.4132,132700.0,1.0231,0.4354,杉本商事,プライム（内国株式）,卸売業
9934,2026-10-02,3131.0,-0.0025,0.0108,0.0034,0.1412,0.0161,0.1255,3044.1811,2873.8865,True,0.0285,0.9908,3160.0,1961.7128,0.0173,6.262,313100.0,1.1662,0.2439,因幡電機産業,プライム（内国株式）,卸売業
9936,2026-10-02,2874.0,-0.0045,-0.0083,-0.0187,0.004,-0.0061,-0.0116,2914.1579,2879.6326,True,-0.0138,0.7484,3840.0976,2574.2056,0.0137,9.3114,287400.0,1.328,0.2694,王将フードサービス,プライム（内国株式）,小売業
9941,2026-10-02,1083.0,0.0393,0.0037,-0.0914,-0.3356,-0.0788,-0.3513,1174.8,1253.8533,True,-0.0781,0.5286,2049.0,603.0,0.0471,0.3346,108300.0,0.5728,0.3588,太洋物産,スタンダード（内国株式）,卸売業
9946,2026-10-02,1780.0,-0.0039,-0.0039,-0.0045,-0.0327,0.0081,-0.0483,1796.36,1812.5348,False,-0.0091,0.8182,2175.4356,1726.7265,0.0098,1.2128,178000.0,0.635,0.2171,ミニストップ,プライム（内国株式）,小売業
9948,2026-10-02,3565.0,-0.007,-0.0455,-0.0352,0.06,-0.0226,0.0443,3708.52,3547.4302,True,-0.0387,0.9033,3946.5029,2924.4223,0.0193,3.6045,356500.0,0.9512,0.399,アークス,プライム（内国株式）,小売業
9950,2026-10-02,3340.0,0.0,-0.0015,-0.0276,-0.0205,-0.015,-0.0362,3394.3836,3402.4112,False,-0.016,0.9585,3484.5026,3315.0,0.0062,0.16,334000.0,2.5463,0.4831,ハチバン,スタンダード（内国株式）,小売業
9955,2026-10-02,2733.0,-0.0015,-0.0298,-0.0312,0.007,-0.0186,-0.0087,2801.92,2766.76,True,-0.0246,0.8628,3167.6643,2479.602,0.0076,0.0539,273300.0,1.6303,0.6808,ヨンキュウ,スタンダード（内国株式）,卸売業
9956,2026-10-02,1610.0,-0.0135,-0.0215,-0.0038,-0.0344,0.0088,-0.0501,1618.1551,1637.6278,False,-0.005,0.8254,1950.5691,1320.3481,0.0225,5.79,161000.0,0.5117,0.2756,バローホールディングス,プライム（内国株式）,小売業
9959,2026-10-02,921.0,0.0011,-0.0095,-0.0508,0.0356,-0.0382,0.0199,943.3143,961.6577,True,-0.0237,0.6469,1423.6046,664.5629,0.0085,0.1134,92100.0,0.4273,0.2766,アシードホールディングス,スタンダード（内国株式）,小売業
9960,2026-10-02,4190.0,-0.0012,-0.0384,0.0919,-0.008,0.1045,-0.0236,4062.1993,3978.7218,True,0.0315,0.9361,4476.2079,2895.0735,0.0288,4.1732,419000.0,1.177,0.2955,東テク,プライム（内国株式）,卸売業
9962,2026-10-02,3937.0,-0.0093,0.0127,0.0505,-0.0521,0.0631,-0.0678,3673.8354,3743.874,True,0.0716,0.9441,4170.2896,2072.6455,0.0307,49.6014,393700.0,1.0252,0.4214,ミスミグループ本社,プライム（内国株式）,卸売業
9969,2026-10-02,235.0,0.0,-0.0126,0.0,0.0173,0.0126,0.0016,236.0,234.4133,True,-0.0042,0.8921,263.4225,221.0,0.0109,0.0111,23500.0,1.1559,0.2333,ショクブン,スタンダード（内国株式）,小売業
9972,2026-10-02,286.0,-0.0104,0.0325,0.0178,0.0958,0.0304,0.0801,279.36,276.0133,True,0.0238,0.8966,319.0,247.695,0.02,0.0253,28600.0,0.3823,0.3325,アルテック,スタンダード（内国株式）,卸売業
9973,2026-10-02,19.0,0.0,0.0,-0.05,-0.05,-0.0374,-0.0657,19.76,19.9733,False,-0.0385,0.4419,43.0,19.0,0.0564,0.1261,1900.0,0.5871,0.1867,ＫＯＺＯホールディングス,スタンダード（内国株式）,小売業
9974,2026-10-02,6540.0,-0.0106,-0.0439,-0.0411,0.0005,-0.0284,-0.0152,6810.3123,6571.4963,True,-0.0397,0.8116,8058.2271,5912.8957,0.0213,1.9165,654000.0,0.9889,0.4308,ベルク,プライム（内国株式）,小売業
9976,2026-10-02,1086.0,0.0084,-0.095,0.0207,0.0513,0.0333,0.0356,1095.12,1066.76,True,-0.0083,0.77,1410.4546,967.8636,0.0247,0.0344,108600.0,2.7204,0.525,セキチュー,スタンダード（内国株式）,小売業
9978,2026-10-02,44.0,0.0,0.0,-0.0222,-0.0435,-0.0096,-0.0591,44.36,44.8933,False,-0.0081,0.7333,60.0,43.0,0.0227,0.0276,4400.0,1.296,0.1,文教堂グループホールディングス,スタンダード（内国株式）,小売業
9979,2026-10-02,1000.0,-0.002,-0.0263,-0.0503,-0.0691,-0.0377,-0.0848,1043.2446,1075.4291,False,-0.0415,0.8197,1220.017,998.0,0.0164,0.9891,100000.0,2.0761,0.3287,大庄,スタンダード（内国株式）,小売業
9980,2026-10-02,89.0,0.0,-0.0532,-0.0729,-0.0532,-0.0603,-0.0689,93.8,94.4,False,-0.0512,0.4937,180.283,85.1887,0.0201,0.1111,8900.0,1.5445,0.392,ＭＲＫホールディングス,スタンダード（内国株式）,小売業
9982,2026-10-02,2808.0,0.0178,0.0596,0.1232,0.0888,0.1358,0.0731,2653.3881,2540.2265,False,0.0583,0.922,3045.4555,1719.7962,0.0297,0.1132,280800.0,0.7058,0.2563,タキヒヨー,スタンダード（内国株式）,卸売業
9983,2026-10-02,71770.0,-0.0135,0.0459,0.0072,-0.1468,0.0198,-0.1625,69111.8962,76183.572,False,0.0385,0.8129,88293.2863,43972.6207,0.0223,778.2204,7177000.0,1.0249,0.4656,ファーストリテイリング,プライム（内国株式）,小売業
9984,2026-10-02,6310.0,-0.0583,0.0269,0.2002,0.0238,0.2128,0.0081,5976.3895,5926.9941,False,0.0558,0.696,9066.0071,3357.3499,0.0662,4461.7074,631000.0,1.2786,0.2048,ソフトバンクグループ,プライム（内国株式）,情報・通信業
9986,2026-10-02,2482.0,-0.0068,0.0109,0.0191,0.0224,0.0317,0.0067,2450.5611,2441.7477,True,0.0128,0.9071,2736.1838,2326.9435,0.0065,0.0489,248200.0,0.7694,0.4819,蔵王産業,スタンダード（内国株式）,卸売業
9987,2026-10-02,2558.5,-0.0216,-0.0279,0.0009,0.0577,0.0135,0.042,2552.6854,2490.8915,True,0.0023,0.7918,3231.2599,2330.9286,0.0205,9.533,255850.0,1.1009,0.2501,スズケン,プライム（内国株式）,卸売業
9989,2026-10-02,3568.0,-0.0014,-0.0093,-0.0202,-0.0487,-0.0076,-0.0644,3621.5871,3681.7296,False,-0.0148,0.8276,4311.284,3461.944,0.0142,20.7674,356800.0,1.3041,0.2921,サンドラッグ,プライム（内国株式）,小売業
9990,2026-10-02,745.0,-0.0119,-0.0287,-0.0132,-0.0197,-0.0006,-0.0354,755.52,754.4933,True,-0.0139,0.9127,816.2874,705.0,0.0108,0.3934,74500.0,0.851,0.3345,サックスバー　ホールディングス,プライム（内国株式）,小売業
9991,2026-10-02,1740.0,-0.0186,-0.0359,-0.0055,0.1117,0.0072,0.0961,1763.3908,1665.4131,True,-0.0133,0.9277,1875.623,1283.4731,0.0154,0.631,174000.0,0.8012,0.2784,ジェコス,プライム（内国株式）,卸売業
9993,2026-10-02,1148.0,-0.0017,-0.0103,-0.0086,-0.0185,0.004,-0.0342,1157.4418,1164.3261,True,-0.0082,0.9604,1195.3532,1104.8414,0.0046,0.0475,114800.0,1.0025,0.2649,ヤマザワ,スタンダード（内国株式）,小売業
9994,2026-10-02,1994.0,-0.005,-0.0004,-0.0164,0.0025,-0.0038,-0.0131,2007.8984,2021.5858,False,-0.0069,0.842,2368.0955,1965.3915,0.0095,0.2738,199400.0,1.4449,0.2233,やまや,スタンダード（内国株式）,小売業
9997,2026-10-02,1038.0,-0.0235,-0.0416,-0.0221,0.1,-0.0095,0.0843,1045.8214,1009.9121,True,-0.0075,0.9532,1088.9949,808.154,0.019,3.9724,103800.0,1.7235,0.258,ベルーナ,プライム（内国株式）,小売業
