code,date,close,ret1d,ret5d,ret20d,ret60d,rs20,rs60,sma25,sma75,sma75_rising,dev25,near_high,hi52w,lo52w,atr_pct,turn20_oku,lot_yen,vol_trend,contraction,name,market,sector33
1301,2026-10-05,4490.0,-0.0022,-0.0447,-0.0447,0.0079,-0.0725,-0.0135,4662.8,4570.9333,True,-0.0371,0.8485,5291.8764,4165.0,0.0128,1.5678,449000.0,0.8426,0.4435,極洋,プライム（内国株式）,水産・農林業
130A,2026-10-05,426.0,-0.0184,-0.0207,-0.0162,-0.0162,-0.044,-0.0375,432.8,424.96,True,-0.0157,0.5372,793.0,390.0,0.0258,0.04,42600.0,0.4973,0.2,Ｖｅｒｉｔａｓ　Ｉｎ　Ｓｉｌｉｃｏ,グロース（内国株式）,医薬品
1332,2026-10-05,1101.5,0.0032,-0.0282,-0.1455,-0.1553,-0.1733,-0.1766,1192.0314,1247.4571,False,-0.0759,0.7108,1549.5883,1006.7389,0.0213,23.441,110150.0,1.2733,0.48,ニッスイ,プライム（内国株式）,水産・農林業
1333,2026-10-05,1207.0,-0.0021,-0.0417,-0.073,-0.0849,-0.1008,-0.1062,1272.7887,1291.9362,False,-0.0517,0.774,1559.3781,1085.055,0.0158,5.7175,120700.0,1.0269,0.5558,Ｕｍｉｏｓ,プライム（内国株式）,水産・農林業
135A,2026-10-05,5370.0,-0.0074,0.1038,0.3787,0.2331,0.3509,0.2117,4581.6,4230.6,True,0.1721,0.9641,5570.0,2140.0,0.0414,4.3899,537000.0,1.0519,0.4831,ＶＲＡＩＮ　Ｓｏｌｕｔｉｏｎ,グロース（内国株式）,情報・通信業
1375,2026-10-05,1135.0,-0.0009,-0.0357,-0.0283,-0.0113,-0.0561,-0.0326,1168.562,1152.6407,True,-0.0287,0.9427,1204.0,982.3091,0.0116,0.4789,113500.0,1.2185,0.3883,ユキグニファクトリー,プライム（内国株式）,水産・農林業
1376,2026-10-05,1520.0,-0.0104,-0.0476,-0.0652,0.0347,-0.093,0.0134,1593.6,1547.2667,True,-0.0462,0.8452,1798.4399,1351.7573,0.0194,0.242,152000.0,1.0771,0.4146,カネコ種苗,スタンダード（内国株式）,水産・農林業
1377,2026-10-05,4230.0,-0.0059,-0.0309,-0.0375,0.0036,-0.0653,-0.0178,4352.6,4335.6667,True,-0.0282,0.8971,4715.0,3448.6692,0.0128,4.3188,423000.0,0.9846,0.3961,サカタのタネ,プライム（内国株式）,水産・農林業
1379,2026-10-05,2011.0,-0.0035,-0.0419,-0.0763,0.0601,-0.104,0.0388,2098.4764,1990.3455,True,-0.0417,0.9216,2182.0,1775.4317,0.0183,1.6197,201100.0,0.8575,0.3937,ホクト,プライム（内国株式）,水産・農林業
137A,2026-10-05,701.0,0.0057,0.0014,0.0189,-0.1367,-0.0089,-0.158,705.64,719.84,True,-0.0066,0.4724,1484.0,549.0,0.0222,0.0126,70100.0,0.3228,0.2119,Ｃｏｃｏｌｉｖｅ,グロース（内国株式）,情報・通信業
1380,2026-10-05,1002.0,0.002,0.003,0.002,-0.002,-0.0258,-0.0233,998.76,999.4933,False,0.0032,0.9127,1097.8349,972.0,0.0019,0.0073,100200.0,0.7101,0.3769,秋川牧園,スタンダード（内国株式）,水産・農林業
1381,2026-10-05,3540.0,0.0158,-0.0042,-0.0042,-0.0153,-0.032,-0.0366,3563.0,3518.7731,False,-0.0065,0.7966,4443.847,2907.8217,0.0189,0.1277,354000.0,0.5695,0.2096,アクシーズ,スタンダード（内国株式）,水産・農林業
1382,2026-10-05,741.0,-0.0364,-0.1262,-0.156,-0.3189,-0.1838,-0.3403,861.56,1005.3191,False,-0.1399,0.2106,3519.3102,731.0,0.0395,0.0273,74100.0,1.3259,0.5702,ホーブ,スタンダード（内国株式）,水産・農林業
1383,2026-10-05,3030.0,-0.0098,-0.0033,0.012,0.0488,-0.0158,0.0275,3015.76,2972.2,True,0.0047,0.9004,3365.0,2803.0,0.0093,0.0405,303000.0,1.0151,0.2843,ベルグアース,スタンダード（内国株式）,水産・農林業
1384,2026-10-05,2062.0,-0.0134,-0.0355,-0.0678,0.0054,-0.0956,-0.016,2169.0,2101.2533,True,-0.0493,0.6366,3239.2881,1952.0,0.0152,0.2164,206200.0,0.6725,0.4592,ホクリヨウ,スタンダード（内国株式）,水産・農林業
138A,2026-10-05,3125.0,0.0064,-0.0142,0.0064,0.0511,-0.0214,0.0298,3111.8,3035.2133,True,0.0042,0.8828,3540.0,2365.812,0.0082,0.034,312500.0,0.9295,0.525,光フードサービス,グロース（内国株式）,小売業
1401,2026-10-05,1500.0,-0.1354,-0.0323,0.1005,0.1521,0.0727,0.1308,1408.08,1337.6933,True,0.0653,0.7587,1977.0,1186.2069,0.0531,0.2826,150000.0,3.6726,0.6799,エムビーエス,グロース（内国株式）,建設業
1407,2026-10-05,2215.0,-0.0009,0.0231,-0.0786,-0.0333,-0.1064,-0.0546,2326.24,2444.7363,False,-0.0478,0.6862,3228.0309,1250.6684,0.035,8.5358,221500.0,0.6168,0.1768,ウエストホールディングス,スタンダード（内国株式）,建設業
1414,2026-10-05,1225.0,-0.0176,-0.0258,-0.0301,-0.0388,-0.0579,-0.0602,1262.0,1268.5468,True,-0.0293,0.8134,1506.0763,1152.8426,0.0154,14.0987,122500.0,1.3617,0.411,ショーボンドホールディングス,プライム（内国株式）,建設業
1417,2026-10-05,3452.0,0.0032,-0.0174,-0.0406,-0.1075,-0.0684,-0.1289,3546.5782,3630.1661,False,-0.0267,0.7934,4351.0,2734.683,0.0144,7.6416,345200.0,0.9391,0.4052,ミライト・ワン,プライム（内国株式）,建設業
1418,2026-10-05,599.0,-0.0083,-0.0066,0.0274,0.1418,-0.0004,0.1205,589.24,563.8272,True,0.0166,0.8731,686.0536,367.0246,0.0144,0.2736,59900.0,0.859,0.324,インターライフホールディングス,スタンダード（内国株式）,建設業
1419,2026-10-05,2860.0,-0.01,-0.0256,-0.0066,-0.0441,-0.0344,-0.0654,2901.0,2936.0667,False,-0.0141,0.7179,3983.7329,2701.0,0.0109,2.2855,286000.0,0.5166,0.2414,タマホーム,プライム（内国株式）,建設業
141A,2026-10-05,3865.0,0.0307,0.0198,-0.0064,0.2735,-0.0342,0.2522,3901.4,3423.6224,True,-0.0093,0.8032,4812.1275,1984.5053,0.0364,20.5634,386500.0,0.747,0.2274,トライアルホールディングス,グロース（内国株式）,小売業
1420,2026-10-05,629.0,0.0,-0.0016,-0.0063,-0.0156,-0.0341,-0.037,631.88,633.9067,True,-0.0046,0.8802,714.5734,602.0,0.0045,0.0714,62900.0,0.7946,0.245,サンヨーホームズ,スタンダード（内国株式）,建設業
1429,2026-10-05,787.0,-0.0125,-0.0224,-0.0088,0.0737,-0.0366,0.0524,799.72,769.68,True,-0.0159,0.8508,925.0,678.0,0.0129,0.5904,78700.0,0.8018,0.3254,日本アクア,プライム（内国株式）,建設業
142A,2026-10-05,1009.0,-0.057,0.0264,0.2041,0.3382,0.1763,0.3169,899.28,812.52,True,0.122,0.7989,1263.0,513.0,0.0643,0.3052,100900.0,2.9978,0.6059,ジンジブ,グロース（内国株式）,サービス業
1430,2026-10-05,1079.0,0.0103,0.0056,0.0476,0.1322,0.0198,0.1109,1048.76,1006.2,True,0.0288,0.9838,1096.7821,853.0,0.0114,0.2096,107900.0,0.8278,0.2116,ファーストコーポレーション,スタンダード（内国株式）,建設業
1431,2026-10-05,633.0,-0.0094,-0.0268,-0.0291,-0.0156,-0.0569,-0.0369,650.6481,648.1303,True,-0.0271,0.815,776.7314,625.0,0.0157,0.2965,63300.0,2.8891,0.6766,Ｌｉｂ　Ｗｏｒｋ,グロース（内国株式）,建設業
1433,2026-10-05,1210.0,0.0075,0.0177,-0.0465,0.0737,-0.0743,0.0524,1231.72,1169.9524,True,-0.0176,0.9049,1337.124,980.789,0.0203,0.9801,121000.0,0.5545,0.1791,ベステラ,プライム（内国株式）,建設業
1434,2026-10-05,1619.0,0.0037,-0.0049,0.0144,-0.1227,-0.0134,-0.144,1617.24,1691.5929,False,0.0011,0.6349,2549.9105,1069.9129,0.0211,0.4141,161900.0,0.2893,0.2167,ＪＥＳＣＯホールディングス,スタンダード（内国株式）,建設業
1435,2026-10-05,167.0,0.0,-0.0511,-0.0457,0.006,-0.0735,-0.0153,176.16,170.0539,True,-0.052,0.6067,275.2795,150.0621,0.0257,0.5428,16700.0,0.9322,0.3967,ｒｏｂｏｔ　ｈｏｍｅ,スタンダード（内国株式）,不動産業
1436,2026-10-05,1881.0,-0.0457,0.0245,0.1491,0.3035,0.1213,0.2822,1772.24,1546.48,True,0.0614,0.8613,2184.0,690.4428,0.0463,1.8748,188100.0,0.9579,0.4112,グリーンエナジー＆カンパニー,グロース（内国株式）,建設業
1438,2026-10-05,2240.0,0.02,-0.0175,-0.0248,0.1697,-0.0526,0.1484,2279.799,2097.253,True,-0.0175,0.9349,2396.0,1738.7975,0.0202,0.0521,224000.0,0.4082,0.3099,岐阜造園,スタンダード（内国株式）,建設業
143A,2026-10-05,696.0,0.0014,-0.01,-0.0057,-0.0479,-0.0335,-0.0692,704.6,695.4533,True,-0.0122,0.6073,1146.0,621.0,0.0198,0.0066,69600.0,0.6463,0.1813,イシン,グロース（内国株式）,サービス業
1443,2026-10-05,274.0,0.0,-0.0036,-0.0108,0.0703,-0.0386,0.049,276.68,262.7733,True,-0.0097,0.7334,373.5825,217.176,0.0203,0.1123,27400.0,0.7853,0.2513,技研ホールディングス,スタンダード（内国株式）,建設業
1444,2026-10-05,2870.0,-0.0073,0.0195,0.09,-0.0003,0.0622,-0.0217,2730.72,2757.8933,False,0.051,0.9551,3005.0,2520.0,0.0112,0.0462,287000.0,0.7275,0.5476,ニッソウ,グロース（内国株式）,建設業
1446,2026-10-05,539.0,0.0037,0.0267,0.0037,0.0151,-0.0241,-0.0063,536.7948,535.9183,True,0.0041,0.9013,598.0,516.0,0.0077,0.0276,53900.0,1.6082,0.3866,キャンディル,スタンダード（内国株式）,建設業
1447,2026-10-05,318.0,0.0095,-0.0031,-0.2429,-0.1632,-0.2707,-0.1845,359.44,354.84,True,-0.1153,0.6768,469.8618,227.512,0.053,0.5602,31800.0,0.3984,0.2432,ＳＡＡＦホールディングス,グロース（内国株式）,建設業
1450,2026-10-05,1499.0,-0.004,-0.0007,0.0197,0.0823,-0.0081,0.061,1479.88,1435.92,True,0.0129,0.8311,1803.6451,1300.0,0.0173,0.0497,149900.0,1.173,0.3085,ＴＡＮＡＫＥＮ,スタンダード（内国株式）,建設業
145A,2026-10-05,875.0,-0.0046,-0.0202,-0.031,0.0593,-0.0588,0.038,896.16,856.0,True,-0.0236,0.6736,1299.0,740.0,0.0185,0.0396,87500.0,0.4721,0.1665,Ｌ　ｉｓ　Ｂ,グロース（内国株式）,情報・通信業
146A,2026-10-05,3580.0,-0.011,-0.0245,0.0529,0.1258,0.0251,0.1045,3616.2,3377.2933,True,-0.01,0.7601,4710.0,2550.0,0.0307,1.6601,358000.0,0.5499,0.2364,コロンビア・ワークス,スタンダード（内国株式）,不動産業
147A,2026-10-05,964.0,-0.0072,-0.0282,-0.0103,-0.1346,-0.0381,-0.156,987.36,1024.4933,False,-0.0237,0.7221,1335.0,852.0,0.021,0.894,96400.0,0.8259,0.3018,ソラコム,グロース（内国株式）,情報・通信業
148A,2026-10-05,1898.0,0.0053,0.0101,0.1298,0.1399,0.102,0.1186,1752.12,1712.04,True,0.0833,0.6016,3155.0,1640.0,0.0221,0.0462,189800.0,1.9595,0.4945,ハッチ・ワーク,グロース（内国株式）,情報・通信業
1491,2026-10-05,698.0,-0.0043,-0.0197,-0.0113,-0.058,-0.0391,-0.0793,723.08,718.9467,True,-0.0347,0.5685,1227.8723,632.0,0.0363,0.1957,69800.0,0.6335,0.3076,中外鉱業,スタンダード（内国株式）,非鉄金属
149A,2026-10-05,810.0,0.005,-0.0037,0.0227,0.0138,-0.0051,-0.0076,801.92,778.9333,True,0.0101,0.4566,1774.0,672.0,0.0158,0.0428,81000.0,1.028,0.1799,シンカ,グロース（内国株式）,情報・通信業
150A,2026-10-05,749.0,0.0122,0.0685,0.0108,1.098,-0.017,1.0767,765.24,576.9867,True,-0.0212,0.8511,880.0,329.0,0.0675,1.9306,74900.0,0.4085,0.3638,ＪＳＨ,グロース（内国株式）,サービス業
1514,2026-10-05,623.0,0.0097,-0.0296,-0.043,0.0741,-0.0708,0.0528,649.24,608.8533,True,-0.0404,0.4082,1526.1378,495.9703,0.0244,1.554,62300.0,0.6493,0.3023,住石ホールディングス,スタンダード（内国株式）,鉱業
1515,2026-10-05,3170.0,-0.0063,-0.0122,-0.0565,0.233,-0.0843,0.2117,3448.4647,3062.8882,True,-0.0808,0.7119,4452.7944,1540.5589,0.0491,20.5292,317000.0,0.7117,0.2473,日鉄鉱業,プライム（内国株式）,鉱業
1518,2026-10-05,2231.0,0.0109,0.015,-0.0292,0.4329,-0.057,0.4116,2273.018,2016.3527,True,-0.0185,0.9284,2403.0,1208.6432,0.0193,7.9724,223100.0,0.8587,0.2393,三井松島ホールディングス,プライム（内国株式）,その他製品
151A,2026-10-05,615.0,-0.0049,-0.0345,-0.071,-0.0254,-0.0988,-0.0467,638.16,633.12,True,-0.0363,0.7574,812.0,566.0,0.0224,0.0589,61500.0,1.062,0.2394,ダイブグループ,グロース（内国株式）,サービス業
153A,2026-10-05,1713.0,0.1095,-0.0178,0.2097,0.2175,0.1819,0.1962,1588.6,1366.7867,False,0.0783,0.649,2639.6417,958.0,0.0724,2.5364,171300.0,2.1065,0.2645,カウリス,グロース（内国株式）,情報・通信業
155A,2026-10-05,746.0,0.0191,-0.0628,-0.0733,-0.1865,-0.1011,-0.2078,807.92,840.7467,False,-0.0766,0.4263,1750.0,727.0,0.0327,0.324,74600.0,1.1766,0.505,情報戦略テクノロジー,グロース（内国株式）,情報・通信業
156A,2026-10-05,850.0,0.0,-0.0196,-0.0023,-0.0473,-0.0301,-0.0686,864.516,839.0137,True,-0.0168,0.898,946.5167,624.5458,0.0185,0.2636,85000.0,0.5373,0.2418,マテリアルグループ,グロース（内国株式）,サービス業
157A,2026-10-05,750.0,-0.0132,-0.0106,0.0121,-0.213,-0.0157,-0.2343,751.44,800.3309,False,-0.0019,0.3539,2119.2418,507.591,0.0328,0.1145,75000.0,0.3881,0.3663,グリーンモンスター,グロース（内国株式）,サービス業
1605,2026-10-05,3661.0,-0.0095,-0.0404,-0.0963,0.1064,-0.1241,0.0851,3859.6,3635.5693,True,-0.0515,0.7514,4872.1947,2501.3909,0.027,214.21,366100.0,1.0286,0.4224,ＩＮＰＥＸ,プライム（内国株式）,鉱業
160A,2026-10-05,1934.0,0.0021,-0.0281,-0.0087,-0.0378,-0.0365,-0.0591,1965.64,1998.7467,False,-0.0161,0.5629,3435.6946,1880.0,0.0174,0.1585,193400.0,0.9383,0.3515,アズパートナーズ,スタンダード（内国株式）,サービス業
1662,2026-10-05,1720.0,-0.0194,-0.0629,-0.106,0.0306,-0.1338,0.0092,1875.5177,1768.0126,True,-0.0829,0.6206,2771.3817,1174.8142,0.0293,25.2806,172000.0,0.9315,0.5002,石油資源開発,プライム（内国株式）,鉱業
1663,2026-10-05,1890.0,-0.0021,-0.0011,-0.0464,0.0048,-0.0742,-0.0165,1948.44,1895.2121,False,-0.03,0.6694,2823.3652,1503.7409,0.0199,3.5974,189000.0,0.9687,0.3646,Ｋ＆Ｏエナジーグループ,プライム（内国株式）,鉱業
166A,2026-10-05,981.0,0.0093,-0.0675,-0.1601,-0.1082,-0.1879,-0.1295,1087.345,1114.4617,True,-0.0978,0.793,1237.0,625.4594,0.0274,4.005,98100.0,0.9371,0.5168,タスキホールディングス,プライム（内国株式）,不動産業
167A,2026-10-05,3250.0,0.0125,-0.0122,0.0046,0.178,-0.0232,0.1566,3233.9958,3000.7053,True,0.0049,0.9632,3374.1758,2606.0,0.0196,4.6675,325000.0,0.9098,0.2263,リョーサン菱洋ホールディングス,プライム（内国株式）,卸売業
168A,2026-10-05,1055.0,-0.0057,-0.0038,-0.014,-0.0186,-0.0418,-0.0399,1069.44,1074.7067,False,-0.0135,0.5542,1903.7453,1032.0,0.0173,0.0291,105500.0,0.6725,0.1757,イタミアート,グロース（内国株式）,その他製品
1711,2026-10-05,235.0,0.0,-0.0524,-0.0486,-0.0167,-0.0764,-0.0381,243.84,237.0933,True,-0.0363,0.6891,341.0,212.0,0.0195,0.0662,23500.0,1.0818,0.4813,ＳＤＳホールディングス,スタンダード（内国株式）,建設業
1716,2026-10-05,1326.0,-0.0075,-0.0377,-0.0335,-0.0419,-0.0613,-0.0632,1376.08,1388.0096,True,-0.0364,0.8428,1573.2838,1230.7608,0.0122,0.3397,132600.0,1.2006,0.4027,第一カッター興業,スタンダード（内国株式）,建設業
1717,2026-10-05,921.0,-0.0075,-0.016,-0.0233,-0.0022,-0.0511,-0.0235,938.4,935.44,True,-0.0185,0.8322,1106.692,880.0,0.0101,0.1219,92100.0,1.2046,0.2692,明豊ファシリティワークス,スタンダード（内国株式）,サービス業
1718,2026-10-05,2288.0,0.0022,-0.0453,-0.6822,-0.6755,-0.71,-0.6968,5563.0533,6453.6181,False,-0.5887,0.2344,9759.069,2280.0,0.1677,0.0761,228800.0,1.1806,1.2644,美樹工業,スタンダード（内国株式）,建設業
1719,2026-10-05,1753.0,-0.0127,-0.0578,-0.0872,-0.0473,-0.115,-0.0686,1880.6187,1843.7529,True,-0.0679,0.7887,2222.7574,1576.4932,0.0194,13.9368,175300.0,1.1954,0.5422,安藤・間,プライム（内国株式）,建設業
1720,2026-10-05,1182.0,-0.0042,-0.0183,0.0137,-0.0296,-0.0141,-0.0509,1193.4455,1175.8818,True,-0.0096,0.7083,1668.7978,1010.3471,0.0213,3.6286,118200.0,1.0971,0.2973,東急建設,プライム（内国株式）,建設業
1721,2026-10-05,5511.0,0.0044,0.0112,0.0175,-0.0038,-0.0103,-0.0251,5474.4464,5377.9088,True,0.0067,0.8873,6211.0,3549.8334,0.0251,31.2024,551100.0,1.4079,0.3598,コムシスホールディングス,プライム（内国株式）,建設業
1723,2026-10-05,2213.0,0.0414,-0.1232,-0.0551,-0.0938,-0.0829,-0.1151,2406.5503,2293.6101,True,-0.0804,0.7107,3113.8132,1231.6751,0.0445,6.2541,221300.0,1.3153,0.5682,日本電技,スタンダード（内国株式）,建設業
1724,2026-10-05,720.0,-0.015,-0.015,0.0042,0.036,-0.0236,0.0147,719.72,701.612,True,0.0004,0.9715,741.1487,635.9529,0.0103,0.023,72000.0,1.1492,0.2692,シンクレイヤ,スタンダード（内国株式）,建設業
1736,2026-10-05,2500.0,0.0,0.02,0.0421,-0.0211,0.0143,-0.0425,2440.3514,2450.9038,True,0.0244,0.9157,2730.0853,1564.5188,0.0168,0.0909,250000.0,0.6317,0.2918,オーテック,スタンダード（内国株式）,建設業
173A,2026-10-05,1599.0,0.0,0.0323,0.025,0.1462,-0.0028,0.1249,1565.0489,1493.363,True,0.0217,0.8889,1798.7535,1278.0,0.0233,0.0389,159900.0,1.0661,0.2603,ハンモック,グロース（内国株式）,情報・通信業
1758,2026-10-05,2400.0,-0.0128,-0.0041,-0.0287,-0.016,-0.0565,-0.0373,2456.36,2440.8667,False,-0.0229,0.8689,2762.0,2067.059,0.0223,0.0459,240000.0,0.3666,0.2579,太洋基礎工業,スタンダード（内国株式）,建設業
175A,2026-10-05,636.0,-0.0109,-0.0093,0.0127,0.0341,-0.0151,0.0128,641.04,618.9467,True,-0.0079,0.3945,1612.0,586.0,0.0175,0.0712,63600.0,0.2366,0.2154,Ｗｉｌｌ　Ｓｍａｒｔ,グロース（内国株式）,情報・通信業
1762,2026-10-05,3960.0,-0.0198,-0.0453,-0.0594,0.079,-0.0872,0.0577,4131.3498,3858.7166,True,-0.0415,0.9167,4320.0,3139.8211,0.0226,1.7039,396000.0,1.1199,0.3799,高松コンストラクショングループ,プライム（内国株式）,建設業
1764,2026-10-05,2676.0,0.0022,-0.0082,-0.0251,0.0102,-0.0529,-0.0111,2704.6,2712.4295,False,-0.0106,0.8004,3343.2511,2489.9808,0.0083,0.0132,267600.0,0.5129,0.2647,工藤建設,スタンダード（内国株式）,建設業
1766,2026-10-05,12800.0,-0.0054,-0.0244,-0.0738,-0.0154,-0.1016,-0.0367,13413.2,13139.6,True,-0.0457,0.8512,15038.0009,11800.0,0.0225,2.88,1280000.0,1.1523,0.2946,東建コーポレーション,プライム（内国株式）,建設業
1768,2026-10-05,1025.0,-0.0019,0.002,-0.0087,-0.033,-0.0365,-0.0543,1028.16,1046.6533,True,-0.0031,0.592,1731.4421,938.9892,0.0102,0.0438,102500.0,0.8948,0.2381,ソネック,スタンダード（内国株式）,建設業
1770,2026-10-05,2085.0,-0.0029,-0.1345,-0.0086,0.0024,-0.0364,-0.0189,2182.9874,2097.3558,True,-0.0449,0.863,2415.9026,1492.1383,0.0396,0.1859,208500.0,1.9225,0.4072,藤田エンジニアリング,スタンダード（内国株式）,建設業
177A,2026-10-05,821.0,-0.0024,-0.0061,-0.0296,-0.0509,-0.0573,-0.0722,835.4,875.4933,False,-0.0172,0.4362,1882.0,820.0,0.0112,0.0207,82100.0,1.1853,0.3147,コージンバイオ,グロース（内国株式）,化学
1780,2026-10-05,1428.0,0.0014,-0.0212,-0.0319,-0.0299,-0.0597,-0.0512,1475.5572,1467.0124,True,-0.0322,0.8508,1678.4729,1315.0,0.0107,0.4175,142800.0,1.1594,0.5541,ヤマウラ,プライム（内国株式）,建設業
1783,2026-10-05,73.0,-0.0875,0.0282,0.4898,0.4038,0.462,0.3825,64.92,54.7467,True,0.1245,0.9125,80.0,46.0,0.0939,3.2094,7300.0,1.5816,0.2188,ｆａｎｔａｓｉｓｔａ,スタンダード（内国株式）,不動産業
1786,2026-10-05,332.0,-0.0119,-0.0405,-0.0568,-0.0568,-0.0846,-0.0781,350.0808,352.5469,True,-0.0516,0.7698,431.2929,310.0,0.018,1.4467,33200.0,0.796,0.4511,オリエンタル白石,プライム（内国株式）,建設業
1787,2026-10-05,5600.0,-0.0036,-0.0036,-0.0345,-0.0106,-0.0623,-0.0319,5680.8,5737.7333,True,-0.0142,0.8741,6406.8665,4859.7271,0.0043,0.0127,560000.0,0.3023,0.2059,ナカボーテック,スタンダード（内国株式）,建設業
1788,2026-10-05,4120.0,-0.0167,0.0,-0.006,-0.0317,-0.0338,-0.053,4122.0,4240.4019,False,-0.0005,0.6628,6215.7256,3899.3963,0.0101,0.0154,412000.0,1.0,0.3709,三東工業社,スタンダード（内国株式）,建設業
1793,2026-10-05,2037.0,-0.0088,-0.0428,-0.0207,0.0478,-0.0485,0.0265,2099.4,2040.1733,True,-0.0297,0.9259,2200.0,1333.349,0.0141,0.047,203700.0,0.8865,0.398,大本組,スタンダード（内国株式）,建設業
1795,2026-10-05,5500.0,0.0185,0.0,-0.0108,0.1,-0.0386,0.0787,5615.9137,5368.1712,True,-0.0206,0.9167,6000.0,4180.0,0.0216,0.028,550000.0,1.443,0.4467,マサル,スタンダード（内国株式）,建設業
1798,2026-10-05,1082.0,-0.0252,-0.0433,-0.0164,-0.0287,-0.0442,-0.05,1088.16,1074.5067,True,-0.0057,0.7377,1466.7197,915.9713,0.0219,0.0403,108200.0,0.8763,0.3795,守谷商会,スタンダード（内国株式）,建設業
1799,2026-10-05,3305.0,-0.003,-0.0207,0.0,-0.0611,-0.0278,-0.0824,3326.2,3346.2667,True,-0.0064,0.7641,4325.4473,2920.3964,0.0179,0.5102,330500.0,0.8271,0.2361,第一建設工業,スタンダード（内国株式）,建設業
1801,2026-10-05,12095.0,-0.0012,-0.009,-0.0405,-0.1993,-0.0683,-0.2206,12550.8161,13267.1387,False,-0.0363,0.5914,20450.2206,9679.9204,0.0243,98.9118,1209500.0,1.0672,0.3511,大成建設,プライム（内国株式）,建設業
1802,2026-10-05,2948.5,-0.0056,-0.0201,-0.0191,-0.1341,-0.0469,-0.1554,3023.7895,3122.1632,False,-0.0249,0.6723,4385.5046,2272.2819,0.0222,77.7749,294850.0,1.0886,0.3302,大林組,プライム（内国株式）,建設業
1803,2026-10-05,2110.0,0.0098,-0.0238,-0.1194,-0.2143,-0.1472,-0.2356,2319.9076,2417.7492,False,-0.0905,0.5934,3555.6314,1908.0317,0.031,104.8244,211000.0,1.5118,0.5227,清水建設,プライム（内国株式）,建設業
1807,2026-10-05,1900.0,-0.015,0.0117,-0.0246,0.0405,-0.0524,0.0192,1928.4842,1878.9081,True,-0.0148,0.9062,2096.5807,1646.6832,0.0167,0.019,190000.0,0.8864,0.2789,佐藤渡辺,スタンダード（内国株式）,建設業
1808,2026-10-05,2575.5,-0.0054,-0.037,-0.1127,-0.1025,-0.1405,-0.1238,2760.5556,2778.2385,True,-0.067,0.7418,3471.9927,2352.0268,0.0207,24.9328,257550.0,1.0243,0.4261,長谷工コーポレーション,プライム（内国株式）,建設業
1810,2026-10-05,1391.0,0.0022,-0.0225,-0.0525,-0.017,-0.0802,-0.0383,1445.721,1431.7203,True,-0.0379,0.7307,1903.5335,1279.3605,0.0161,0.5514,139100.0,1.1387,0.4766,松井建設,スタンダード（内国株式）,建設業
1811,2026-10-05,7360.0,-0.0067,-0.0303,-0.0454,-0.0684,-0.0732,-0.0897,7624.8,7936.6667,False,-0.0347,0.7602,9682.1755,5994.6664,0.0177,0.1543,736000.0,1.3134,0.2769,錢高組,スタンダード（内国株式）,建設業
1812,2026-10-05,4838.0,-0.0094,0.0048,-0.0088,-0.2231,-0.0366,-0.2444,4929.1313,5299.7371,False,-0.0185,0.6108,7920.9475,4080.6671,0.024,110.8316,483800.0,1.1762,0.2729,鹿島建設,プライム（内国株式）,建設業
1813,2026-10-05,2835.0,-0.0291,-0.0628,0.0154,0.0118,-0.0124,-0.0095,2917.1055,2794.0085,True,-0.0281,0.7331,3867.2478,2295.3056,0.0267,2.2024,283500.0,1.1266,0.3109,不動テトラ,プライム（内国株式）,建設業
1814,2026-10-05,3465.0,-0.0029,-0.0162,-0.0481,-0.0043,-0.0759,-0.0256,3586.5371,3525.5124,True,-0.0339,0.7891,4391.339,2267.7696,0.0205,2.4825,346500.0,1.0224,0.3027,大末建設,プライム（内国株式）,建設業
1815,2026-10-05,2220.0,-0.022,-0.0274,-0.5028,-0.5088,-0.5306,-0.5302,3792.48,4226.6933,False,-0.4146,0.3944,5629.2143,2207.0,0.0997,3.4258,222000.0,1.3971,1.0807,鉄建建設,プライム（内国株式）,建設業
1820,2026-10-05,5235.0,-0.0121,-0.0539,-0.0697,-0.0262,-0.0975,-0.0475,5540.1493,5427.2231,True,-0.0551,0.7766,6740.9948,4911.7014,0.0183,7.5669,523500.0,1.238,0.559,西松建設,プライム（内国株式）,建設業
1822,2026-10-05,804.0,0.0,-0.0266,-0.0302,0.0347,-0.058,0.0134,827.08,796.4133,True,-0.0279,0.9251,869.0689,706.0,0.0146,2.0497,80400.0,1.6007,0.4268,大豊建設,スタンダード（内国株式）,建設業
1826,2026-10-05,1060.0,0.0,-0.0266,-0.032,0.0291,-0.0598,0.0078,1080.88,1064.9867,True,-0.0193,0.8682,1220.857,962.0,0.0137,0.1041,106000.0,1.1945,0.302,佐田建設,スタンダード（内国株式）,建設業
1827,2026-10-05,1409.0,-0.0077,-0.0276,0.0422,0.0974,0.0144,0.076,1391.8,1330.1733,True,0.0124,0.8477,1662.2207,791.2559,0.0477,0.2271,140900.0,1.1736,0.2964,ナカノフドー建設,スタンダード（内国株式）,建設業
1828,2026-10-05,2323.0,0.0082,-0.0456,-0.0568,-0.0444,-0.0846,-0.0657,2426.84,2380.7733,True,-0.0428,0.8107,2865.3677,2175.0,0.0166,0.3712,232300.0,1.2595,0.4753,田辺工業,スタンダード（内国株式）,建設業
1833,2026-10-05,5330.0,-0.0056,-0.0431,-0.0763,-0.0747,-0.1041,-0.096,5676.3371,5697.4457,True,-0.061,0.7325,7276.1634,4420.0994,0.0178,9.1112,533000.0,1.4632,0.549,奥村組,プライム（内国株式）,建設業
1835,2026-10-05,3770.0,-0.0026,-0.0167,-0.048,-0.1233,-0.0758,-0.1446,3912.2683,4055.5561,False,-0.0364,0.6478,5820.0,3765.0,0.0157,2.8905,377000.0,1.0828,0.3629,東鉄工業,プライム（内国株式）,建設業
1840,2026-10-05,256.0,-0.0116,0.0159,-0.0039,0.0711,-0.0317,0.0498,255.52,246.2933,True,0.0019,0.9697,264.0,211.0,0.019,0.0641,25600.0,1.4974,0.3294,土屋ホールディングス,スタンダード（内国株式）,建設業
1844,2026-10-05,424.0,-0.014,-0.0472,-0.1167,-0.1694,-0.1445,-0.1908,459.88,473.1131,False,-0.078,0.4366,971.2152,389.4622,0.0258,0.8071,42400.0,0.7377,0.2745,大盛工業,スタンダード（内国株式）,建設業
1847,2026-10-05,3350.0,0.003,-0.019,-0.0219,0.2226,-0.0497,0.2013,3402.6224,3039.1008,True,-0.0155,0.941,3560.0,1702.2542,0.0186,0.8202,335000.0,0.8252,0.2088,イチケン,スタンダード（内国株式）,建設業
1848,2026-10-05,878.0,0.0057,0.0786,0.13,0.3364,0.1022,0.3151,802.56,706.3867,True,0.094,0.934,940.0,472.8454,0.0447,0.337,87800.0,2.1162,0.336,富士ピー・エス,スタンダード（内国株式）,建設業
184A,2026-10-05,322.0,-0.0359,0.0126,0.0,0.0354,-0.0278,0.0141,322.6,318.76,False,-0.0019,0.4516,713.0,298.0,0.0348,0.0175,32200.0,0.2515,0.1873,学びエイド,グロース（内国株式）,情報・通信業
1850,2026-10-05,432.0,-0.0114,-0.0137,0.0261,0.0023,-0.0017,-0.019,433.2,425.6267,True,-0.0028,0.6733,641.6302,374.0,0.0174,0.0915,43200.0,0.2731,0.1867,南海辰村建設,スタンダード（内国株式）,建設業
1852,2026-10-05,851.0,-0.015,-0.0384,-0.0628,-0.0274,-0.0906,-0.0487,891.4438,877.1346,True,-0.0454,0.7103,1198.1492,767.0,0.0162,3.3534,85100.0,0.9158,0.4414,淺沼組,プライム（内国株式）,建設業
1853,2026-10-05,323.0,0.0094,-0.0122,-0.0152,-0.0062,-0.043,-0.0275,325.24,326.5867,True,-0.0069,0.9556,338.0,296.2765,0.01,0.0727,32300.0,0.9911,0.3111,森組,スタンダード（内国株式）,建設業
1860,2026-10-05,1383.5,-0.0146,-0.0521,-0.0984,-0.1512,-0.1262,-0.1725,1489.3635,1524.7812,False,-0.0711,0.8349,1657.0,960.4169,0.0199,10.9204,138350.0,0.8605,0.5722,戸田建設,プライム（内国株式）,建設業
1861,2026-10-05,1235.0,-0.0064,-0.0382,-0.0367,-0.161,-0.0645,-0.1823,1287.7124,1362.6108,False,-0.0409,0.615,2008.22,1188.4179,0.0195,11.0293,123500.0,0.9628,0.4078,熊谷組,プライム（内国株式）,建設業
1866,2026-10-05,1073.0,-0.0201,-0.0504,-0.0845,-0.093,-0.1123,-0.1143,1141.64,1133.7733,True,-0.0601,0.6408,1674.4461,925.0,0.0255,0.2058,107300.0,1.1475,0.318,北野建設,スタンダード（内国株式）,建設業
1867,2026-10-05,2707.0,0.0041,0.0007,0.0056,0.0262,-0.0222,0.0048,2719.68,2663.0533,True,-0.0047,0.8612,3143.4298,2200.0,0.0164,0.1631,270700.0,0.957,0.1955,植木組,スタンダード（内国株式）,建設業
186A,2026-10-05,1233.0,0.0344,0.0335,0.1385,0.0016,0.1107,-0.0197,1119.08,1137.64,False,0.1018,0.409,3015.0,575.0,0.0536,44.0882,123300.0,1.0179,0.3659,アストロスケールホールディングス,グロース（内国株式）,サービス業
1870,2026-10-05,2052.0,-0.0163,-0.0325,-0.0531,0.0938,-0.0809,0.0725,2142.1899,1998.29,True,-0.0421,0.8311,2468.9345,1780.0,0.0172,2.4228,205200.0,0.8568,0.4218,矢作建設工業,プライム（内国株式）,建設業
1871,2026-10-05,2041.0,-0.0197,-0.0592,-0.0909,-0.0989,-0.1187,-0.1202,2188.0773,2233.5991,True,-0.0672,0.5915,3450.4907,1673.7309,0.0224,2.3115,204100.0,1.2363,0.4076,ピーエス・コンストラクション,プライム（内国株式）,建設業
1873,2026-10-05,309.0,0.0065,-0.0252,-0.0433,0.0131,-0.0711,-0.0082,313.92,311.7333,True,-0.0157,0.9279,333.0,285.0,0.0148,0.2894,30900.0,1.0921,0.2188,日本ハウスホールディングス,プライム（内国株式）,建設業
1878,2026-10-05,3099.0,-0.0035,-0.0313,-0.0663,-0.0239,-0.0941,-0.0453,3272.0054,3223.4751,True,-0.0529,0.8054,3848.0,2781.2374,0.0179,51.6801,309900.0,1.1389,0.5618,大東建託,プライム（内国株式）,不動産業
1879,2026-10-05,2190.0,-0.0059,-0.0297,-0.0441,0.0215,-0.0719,0.0001,2280.2507,2203.8036,True,-0.0396,0.9163,2390.0,1704.8334,0.0202,5.6794,219000.0,1.5647,0.3657,新日本建設,プライム（内国株式）,建設業
1882,2026-10-05,1542.0,-0.0096,-0.0185,-0.0369,-0.0191,-0.0646,-0.0404,1596.5555,1588.7585,True,-0.0342,0.8094,1905.0139,1420.4735,0.0151,5.9563,154200.0,1.1824,0.3481,東亜道路工業,プライム（内国株式）,建設業
1885,2026-10-05,2069.0,-0.0077,-0.0247,-0.0086,-0.0412,-0.0364,-0.0626,2120.6214,2091.9805,False,-0.0243,0.4506,4591.6713,1931.0,0.026,8.4277,206900.0,0.9255,0.3248,東亜建設工業,プライム（内国株式）,建設業
1887,2026-10-05,518.0,-0.0096,-0.0513,-0.0443,-0.0263,-0.0721,-0.0476,545.12,533.2533,True,-0.0498,0.7406,699.4265,469.9671,0.0143,1.3124,51800.0,0.7527,0.5115,日本国土開発,プライム（内国株式）,建設業
1888,2026-10-05,3580.0,-0.011,-0.0517,-0.035,0.0783,-0.0628,0.057,3693.6,3564.9333,True,-0.0308,0.6857,5221.172,3135.0,0.0224,0.5708,358000.0,0.7722,0.3484,若築建設,プライム（内国株式）,建設業
1893,2026-10-05,1429.0,-0.0138,-0.0422,-0.0024,-0.1867,-0.0302,-0.208,1485.1723,1550.9708,False,-0.0378,0.6445,2217.2572,1078.6657,0.0337,32.0353,142900.0,0.9962,0.4038,五洋建設,プライム（内国株式）,建設業
1897,2026-10-05,3655.0,0.0055,-0.0531,0.1042,0.1369,0.0764,0.1155,3475.8,3268.0667,True,0.0516,0.9207,3970.0,2818.4067,0.0298,0.034,365500.0,1.7248,0.482,金下建設,スタンダード（内国株式）,建設業
1898,2026-10-05,1434.0,-0.0055,-0.0069,-0.0382,-0.0205,-0.066,-0.0418,1476.509,1469.6497,True,-0.0288,0.8487,1689.605,1395.0,0.0125,2.5158,143400.0,1.1997,0.4081,世紀東急工業,プライム（内国株式）,建設業
1899,2026-10-05,4790.0,0.0116,-0.0031,0.0586,0.2981,0.0308,0.2768,4698.6,4274.1333,True,0.0195,0.9319,5140.0,3206.0365,0.0241,2.1892,479000.0,0.6767,0.1907,福田組,プライム（内国株式）,建設業
189A,2026-10-05,1090.0,-0.0082,0.0009,0.0739,0.1202,0.0461,0.0989,1050.44,1003.88,True,0.0377,0.7423,1468.4543,869.3249,0.0142,0.0353,109000.0,1.5556,0.2593,Ｄ＆Ｍカンパニー,グロース（内国株式）,サービス業
1904,2026-10-05,1230.0,-0.0152,0.0437,-0.7574,-0.7612,-0.7852,-0.7825,3867.1858,4668.5953,False,-0.6819,0.2185,5630.0,1178.5,0.2738,0.6593,123000.0,3.2963,1.206,大成温調,スタンダード（内国株式）,建設業
1905,2026-10-05,1436.0,-0.0124,0.0049,0.0042,-0.0614,-0.0236,-0.0828,1452.0093,1488.2698,False,-0.011,0.9009,1594.0,1182.9631,0.0133,0.0643,143600.0,0.6108,0.3438,テノックス,スタンダード（内国株式）,建設業
190A,2026-10-05,61.0,-0.0161,-0.0896,-0.1286,-0.2907,-0.1564,-0.312,69.16,74.5067,False,-0.118,0.3408,179.0,59.0,0.0574,0.4606,6100.0,2.0313,0.7714,Ｃｈｏｒｄｉａ　Ｔｈｅｒａｐｅｕｔｉｃｓ,グロース（内国株式）,医薬品
1911,2026-10-05,1177.5,-0.0025,-0.0285,-0.0963,-0.1458,-0.1241,-0.1671,1254.78,1311.1982,False,-0.0616,0.6398,1840.4183,1177.0,0.021,60.3947,117750.0,1.1729,0.3161,住友林業,プライム（内国株式）,建設業
1914,2026-10-05,799.0,0.0013,-0.022,-0.0339,0.1664,-0.0617,0.1451,810.32,738.24,True,-0.014,0.9467,844.0,585.8214,0.0156,0.1918,79900.0,0.5947,0.2414,日本基礎技術,スタンダード（内国株式）,建設業
1921,2026-10-05,2065.0,0.0398,0.0103,0.0617,0.1498,0.0339,0.1285,1947.48,1837.4267,True,0.0603,0.8989,2297.2735,1426.0971,0.0387,0.2764,206500.0,0.9627,0.2365,巴コーポレーション,スタンダード（内国株式）,建設業
1925,2026-10-05,2154.0,0.0044,-0.0094,-0.5465,-0.5279,-0.5743,-0.5493,3861.3088,4322.7563,False,-0.4422,0.3786,5689.8217,2144.5,0.1029,93.958,215400.0,1.951,1.1199,大和ハウス工業,プライム（内国株式）,建設業
1926,2026-10-05,950.0,-0.0021,0.0215,-0.7493,-0.7683,-0.7771,-0.7896,2915.1914,3569.3971,False,-0.6741,0.2228,4263.5693,928.8015,0.2697,5.6696,95000.0,2.6393,1.1871,ライト工業,プライム（内国株式）,建設業
1928,2026-10-05,3313.0,0.0009,-0.0184,-0.0287,-0.0417,-0.0565,-0.0631,3370.52,3387.3227,True,-0.0171,0.8815,3758.4254,3033.246,0.0147,85.1245,331300.0,0.9605,0.2275,積水ハウス,プライム（内国株式）,建設業
1929,2026-10-05,1166.0,-0.0185,-0.038,-0.0235,0.0355,-0.0512,0.0142,1207.7957,1157.3052,True,-0.0346,0.8133,1433.6569,1074.0,0.0161,1.14,116600.0,1.0905,0.4639,日特建設,プライム（内国株式）,建設業
192A,2026-10-05,1330.0,0.0015,-0.0126,0.0448,0.0743,0.017,0.053,1292.32,1245.6133,False,0.0292,0.5861,2269.2779,1175.0,0.0329,0.0622,133000.0,2.6123,0.501,インテグループ,グロース（内国株式）,サービス業
1930,2026-10-05,1526.0,-0.0078,-0.0409,-0.0148,-0.0884,-0.0426,-0.1097,1572.0448,1584.2016,False,-0.0293,0.8527,1789.5408,1287.3688,0.0175,0.8296,152600.0,0.6857,0.3669,北陸電気工事,プライム（内国株式）,建設業
1934,2026-10-05,2499.0,-0.0072,-0.0344,-0.0269,0.0109,-0.0547,-0.0104,2595.7295,2477.1498,True,-0.0373,0.7665,3260.2706,2234.0,0.0185,3.1403,249900.0,0.8811,0.4106,ユアテック,プライム（内国株式）,建設業
1938,2026-10-05,2526.0,-0.0071,-0.0221,0.0185,-0.0778,-0.0092,-0.0991,2562.8307,2565.2636,False,-0.0144,0.7845,3220.0,1842.2431,0.021,1.8625,252600.0,0.746,0.2569,日本リーテック,プライム（内国株式）,建設業
1939,2026-10-05,2225.0,-0.0036,-0.0318,-0.0009,0.0833,-0.0287,0.0619,2273.0307,2116.1702,True,-0.0211,0.9432,2359.0,1273.1755,0.0198,2.2905,222500.0,1.0934,0.2739,四電工,プライム（内国株式）,建設業
1941,2026-10-05,5110.0,0.0059,-0.002,-0.0097,-0.0624,-0.0375,-0.0837,5137.1892,5182.5297,True,-0.0053,0.8934,5720.0,3674.1497,0.0153,4.0574,511000.0,1.0307,0.2551,中電工,プライム（内国株式）,建設業
1942,2026-10-05,5522.0,0.0011,-0.013,-0.0086,-0.1947,-0.0364,-0.216,5565.6611,5882.807,False,-0.0078,0.7402,7460.0,3833.6505,0.0238,52.7952,552200.0,1.1644,0.1885,関電工,プライム（内国株式）,建設業
1944,2026-10-05,6860.0,0.0032,0.0093,-0.0197,-0.1466,-0.0475,-0.1679,6929.8406,7266.4669,False,-0.0101,0.8003,8572.0,4846.8711,0.0216,37.036,686000.0,0.7339,0.2758,きんでん,プライム（内国株式）,建設業
1945,2026-10-05,2116.0,0.0134,0.0086,0.0322,-0.0425,0.0044,-0.0639,2114.973,2095.4177,False,0.0005,0.7964,2657.0,1534.8208,0.0223,3.3085,211600.0,0.7538,0.2378,東京エネシス,プライム（内国株式）,建設業
1946,2026-10-05,2146.0,0.0085,-0.0272,-0.0241,-0.0563,-0.0519,-0.0776,2205.3334,2168.0311,True,-0.0269,0.8536,2514.0,1300.9178,0.0242,3.4439,214600.0,0.8641,0.3007,トーエネック,プライム（内国株式）,建設業
194A,2026-10-05,1695.0,-0.0035,-0.0214,-0.1851,0.0748,-0.2129,0.0535,1797.44,1636.8267,True,-0.057,0.5845,2900.0,980.0,0.0348,1.5197,169500.0,0.7939,0.2121,ＷＯＬＶＥＳ　ＨＡＮＤ,グロース（内国株式）,サービス業
1950,2026-10-05,3920.0,-0.0038,-0.0333,-0.0138,-0.1141,-0.0416,-0.1354,4029.0,4086.0,False,-0.0271,0.73,5370.0,2573.0969,0.0239,4.1934,392000.0,1.1164,0.3313,日本電設工業,プライム（内国株式）,建設業
1951,2026-10-05,2534.0,0.005,-0.0142,-0.0347,-0.0656,-0.0625,-0.087,2588.88,2642.14,False,-0.0212,0.8286,3058.0,2065.3114,0.0149,11.6471,253400.0,0.9059,0.352,エクシオグループ,プライム（内国株式）,建設業
1952,2026-10-05,3115.0,0.0048,-0.0158,-0.0032,-0.2084,-0.031,-0.2297,3166.1926,3329.1975,False,-0.0162,0.7225,4311.6212,2705.5423,0.0191,3.8137,311500.0,0.7323,0.3277,新日本空調,プライム（内国株式）,建設業
1959,2026-10-05,7970.0,-0.0029,-0.0064,-0.0156,-0.1429,-0.0434,-0.1642,8062.4535,8538.0845,False,-0.0115,0.7635,10438.3519,6775.0625,0.0161,13.6076,797000.0,0.8638,0.2448,クラフティア,プライム（内国株式）,建設業
195A,2026-10-05,678.0,-0.0131,-0.1044,0.0044,0.0074,-0.0234,-0.0139,683.6,686.9333,True,-0.0082,0.4647,1459.0,570.0,0.0486,0.1546,67800.0,0.9146,0.3492,ＭＵＳＣＡＴ　ＧＲＯＵＰ,グロース（内国株式）,サービス業
1960,2026-10-05,1645.0,-0.0066,-0.0324,-0.003,0.0752,-0.0308,0.0538,1671.96,1560.2267,True,-0.0161,0.919,1790.0,903.9858,0.0249,0.2372,164500.0,0.5382,0.2634,サンテック,スタンダード（内国株式）,建設業
1961,2026-10-05,2674.0,0.0102,0.0407,0.1198,-0.0776,0.092,-0.0989,2486.3179,2559.866,True,0.0755,0.8165,3275.0,1541.3798,0.0253,11.7879,267400.0,0.8494,0.3543,三機工業,プライム（内国株式）,建設業
1963,2026-10-05,2254.5,0.004,-0.0084,-0.0415,-0.1166,-0.0693,-0.1379,2322.7,2364.0133,False,-0.0294,0.7701,2927.5,1388.8007,0.0274,33.4003,225450.0,0.8807,0.2957,日揮ホールディングス,プライム（内国株式）,建設業
1964,2026-10-05,3800.0,-0.0013,-0.0331,-0.0392,-0.064,-0.067,-0.0854,3925.4,3990.1333,False,-0.0319,0.7562,5025.0575,3755.0,0.0158,0.78,380000.0,0.5448,0.2833,中外炉工業,プライム（内国株式）,建設業
1965,2026-10-05,2362.0,0.0234,0.0085,-0.6496,-0.6221,-0.6774,-0.6434,5485.7209,5855.107,False,-0.5694,0.258,9155.6585,2261.6846,0.2143,4.6598,236200.0,1.8679,0.9875,テクノ菱和,スタンダード（内国株式）,建設業
1966,2026-10-05,1726.0,-0.008,-0.0103,-0.0069,-0.0221,-0.0347,-0.0434,1736.72,1736.2,True,-0.0062,0.8758,1970.7513,1465.8004,0.0082,0.035,172600.0,0.4426,0.3095,高田工業所,スタンダード（内国株式）,建設業
1967,2026-10-05,2136.0,-0.0051,-0.0143,0.0215,0.0696,-0.0063,0.0483,2119.36,2059.9333,True,0.0079,0.867,2463.7074,1785.6764,0.0173,0.3391,213600.0,0.6758,0.2708,ヤマト,スタンダード（内国株式）,建設業
1968,2026-10-05,2434.0,0.0033,-0.0283,-0.0114,-0.0745,-0.0392,-0.0958,2506.72,2498.68,False,-0.029,0.7776,3130.0,1957.8438,0.0191,2.8946,243400.0,0.7931,0.3791,太平電業,プライム（内国株式）,建設業
1969,2026-10-05,4652.0,-0.0019,0.005,0.0872,-0.103,0.0594,-0.1243,4505.5573,4556.7858,True,0.0325,0.8221,5658.6621,3892.8524,0.0222,23.8845,465200.0,0.9359,0.1573,高砂熱学工業,プライム（内国株式）,建設業
196A,2026-10-05,363.0,0.1033,0.1067,0.1033,0.3494,0.0755,0.3281,330.72,299.2933,True,0.0976,0.9284,391.0,226.0,0.0356,0.3591,36300.0,0.8831,0.4099,ＭＦＳ,グロース（内国株式）,その他金融業
1972,2026-10-05,1265.0,-0.0117,-0.0016,-0.0489,-0.0117,-0.0767,-0.033,1310.1676,1286.6559,True,-0.0345,0.82,1542.6174,1164.0,0.0174,0.4336,126500.0,1.1504,0.2675,三晃金属工業,スタンダード（内国株式）,建設業
1975,2026-10-05,3870.0,0.0091,-0.0085,0.0065,-0.155,-0.0213,-0.1763,3887.9238,4029.8413,False,-0.0046,0.7963,4860.0,2752.7413,0.0235,2.3078,387000.0,0.6825,0.2254,朝日工業社,プライム（内国株式）,建設業
1976,2026-10-05,1695.0,0.0024,-0.0128,-0.0024,-0.0833,-0.0302,-0.1046,1713.223,1803.1677,False,-0.0106,0.8033,2110.0,1520.5588,0.0154,1.2917,169500.0,0.9381,0.2417,明星工業,プライム（内国株式）,建設業
1979,2026-10-05,3805.0,0.0079,0.0187,-0.0181,-0.2274,-0.0459,-0.2487,3823.9709,4256.9236,False,-0.005,0.749,5080.0,2696.3207,0.0178,6.9259,380500.0,0.7135,0.3026,大氣社,プライム（内国株式）,建設業
197A,2026-10-05,512.0,0.0059,-0.0192,0.0119,0.0964,-0.0159,0.075,511.44,488.6449,True,0.0011,0.9282,551.6041,458.1961,0.0148,1.0045,51200.0,0.7786,0.3698,タウンズ,スタンダード（内国株式）,医薬品
1980,2026-10-05,3020.0,0.0168,0.0428,0.1054,0.0172,0.0776,-0.0041,2835.232,2749.4373,True,0.0652,0.8372,3607.2829,1921.2703,0.0266,14.157,302000.0,0.8139,0.2181,ダイダン,プライム（内国株式）,建設業
1981,2026-10-05,1371.0,0.0007,0.0141,0.0231,0.0402,-0.0047,0.0189,1342.6,1327.5733,True,0.0212,0.73,1878.2014,1290.0,0.0086,0.0338,137100.0,0.6703,0.4554,協和日成,スタンダード（内国株式）,建設業
1982,2026-10-05,3210.0,0.0047,0.0,0.0933,0.0142,0.0655,-0.0071,3114.6665,3018.4088,True,0.0306,0.9251,3470.0,2024.6655,0.0262,2.7777,321000.0,0.7946,0.2239,日比谷総合設備,プライム（内国株式）,建設業
198A,2026-10-05,160.0,-0.0062,-0.0303,-0.0361,0.0596,-0.0639,0.0383,164.92,155.0533,True,-0.0298,0.3279,488.0,129.0,0.0161,0.0516,16000.0,0.2798,0.3111,ＰｏｓｔＰｒｉｍｅ,グロース（内国株式）,情報・通信業
1992,2026-10-05,2961.0,-0.0003,-0.001,-0.0084,0.0175,-0.0362,-0.0038,2971.48,2956.56,True,-0.0035,0.94,3150.0,2534.7792,0.0025,0.0079,296100.0,1.9054,1.3462,神田通信機,スタンダード（内国株式）,建設業
1994,2026-10-05,611.0,0.0,-0.0049,-0.0113,0.0776,-0.0391,0.0563,616.08,578.614,True,-0.0082,0.9373,651.8907,475.9461,0.0184,0.0627,61100.0,0.519,0.2229,高橋カーテンウォール工業,スタンダード（内国株式）,建設業
1997,2026-10-05,4360.0,0.0634,0.0699,0.1223,0.1007,0.0945,0.0794,4013.2,3911.3468,True,0.0864,0.9883,4411.4935,2992.6488,0.0148,0.0472,436000.0,0.6637,0.6497,暁飯島工業,スタンダード（内国株式）,建設業
2001,2026-10-05,2786.0,0.0069,-0.0367,-0.067,-0.0036,-0.0948,-0.0249,2924.1479,2853.676,True,-0.0472,0.9119,3055.0,2149.4728,0.0197,4.7471,278600.0,0.9198,0.4709,ニップン,プライム（内国株式）,食料品
2002,2026-10-05,1962.0,0.0041,-0.0151,-0.0496,-0.0323,-0.0774,-0.0536,2025.0041,2014.7947,True,-0.0311,0.8924,2198.5,1699.4824,0.0185,19.2976,196200.0,1.1294,0.4062,日清製粉グループ本社,プライム（内国株式）,食料品
2003,2026-10-05,1854.0,0.0082,-0.017,0.0232,0.068,-0.0046,0.0467,1850.7433,1797.1544,True,0.0018,0.9567,1938.0,1619.2409,0.016,0.4375,185400.0,1.0059,0.3511,日東富士製粉,スタンダード（内国株式）,食料品
2004,2026-10-05,3695.0,0.0014,-0.0415,-0.034,0.082,-0.0618,0.0607,3832.5857,3607.5952,True,-0.0359,0.9284,3980.0,2769.6079,0.0209,2.2917,369500.0,1.0992,0.4207,昭和産業,プライム（内国株式）,食料品
2009,2026-10-05,1125.0,-0.0027,0.0081,0.0218,0.0426,-0.006,0.0213,1109.0,1091.1333,True,0.0144,0.9938,1132.0,975.2195,0.0081,0.1682,112500.0,1.5843,0.3062,鳥越製粉,スタンダード（内国株式）,食料品
2053,2026-10-05,1938.0,0.0189,-0.0382,-0.043,0.0232,-0.0708,0.0019,2008.3385,1946.1795,True,-0.035,0.9259,2093.0,1548.1602,0.0233,2.0775,193800.0,1.9975,0.4664,中部飼料,プライム（内国株式）,食料品
2055,2026-10-05,349.0,0.0087,0.0205,0.0,0.0544,-0.0278,0.0331,346.4,337.8933,True,0.0075,0.8547,408.3423,310.0,0.0127,0.0266,34900.0,0.565,0.2484,日和産業,スタンダード（内国株式）,食料品
205A,2026-10-05,1604.0,-0.0043,-0.0401,-0.0129,-0.0664,-0.0407,-0.0877,1647.96,1703.7467,False,-0.0267,0.7301,2197.0,1367.3476,0.0147,0.3803,160400.0,0.7565,0.3849,ロゴスホールディングス,グロース（内国株式）,建設業
2060,2026-10-05,1409.0,0.01,-0.0289,-0.0363,0.1191,-0.064,0.0978,1444.6077,1342.5892,True,-0.0246,0.9463,1489.0,945.6684,0.0226,1.3952,140900.0,1.1909,0.3515,フィード・ワン,プライム（内国株式）,食料品
206A,2026-10-05,141.0,-0.0342,-0.1506,-0.1754,-0.0962,-0.2032,-0.1175,167.24,156.9067,True,-0.1569,0.5054,279.0,125.0,0.0512,0.1658,14100.0,0.9486,0.4574,ＰＲＩＳＭ　ＢｉｏＬａｂ,グロース（内国株式）,医薬品
208A,2026-10-05,2829.0,-0.0025,-0.0292,-0.0351,-0.0338,-0.0629,-0.0551,2899.88,2899.478,True,-0.0244,0.8442,3351.086,2728.1351,0.0093,0.1871,282900.0,0.6021,0.3548,構造計画研究所ホールディングス,スタンダード（内国株式）,情報・通信業
2108,2026-10-05,1797.0,0.0022,0.0367,-0.6703,-0.6355,-0.6981,-0.6568,4186.3333,4725.5778,False,-0.5707,0.3005,5980.0,1714.0,0.1744,2.0263,179700.0,2.4892,1.1474,日本甜菜製糖,プライム（内国株式）,食料品
2109,2026-10-05,3745.0,-0.0066,-0.0247,-0.0066,0.1263,-0.0344,0.105,3791.8537,3524.8179,True,-0.0124,0.9627,3890.0,2943.6416,0.0181,2.3962,374500.0,1.33,0.3385,ＤＭ三井製糖,プライム（内国株式）,食料品
2112,2026-10-05,442.0,0.0,-0.0243,-0.0655,0.0045,-0.0933,-0.0168,462.8779,451.8393,True,-0.0451,0.7712,573.1651,412.0,0.0168,0.1526,44200.0,0.924,0.4181,塩水港精糖,スタンダード（内国株式）,食料品
2114,2026-10-05,633.0,-0.0078,-0.0452,-0.0746,0.008,-0.1024,-0.0134,667.7181,643.4394,True,-0.052,0.9121,694.0,516.4001,0.011,0.1946,63300.0,2.3639,0.672,フジ日本,スタンダード（内国株式）,食料品
2117,2026-10-05,2706.0,-0.0174,-0.0332,-0.0363,0.003,-0.0641,-0.0184,2814.4792,2749.2797,True,-0.0385,0.9074,2982.2687,2456.216,0.0168,0.8191,270600.0,1.4765,0.4083,ウェルネオシュガー,プライム（内国株式）,食料品
211A,2026-10-05,3130.0,-0.0079,-0.0325,-0.0698,-0.1269,-0.0976,-0.1483,3306.0,3388.6914,False,-0.0532,0.6488,4824.6508,3075.0,0.0169,0.1694,313000.0,0.6427,0.3689,カドス・コーポレーション,スタンダード（内国株式）,建設業
2120,2026-10-05,229.0,-0.0087,0.0076,-0.0087,0.1508,-0.0365,0.1294,232.341,215.3003,True,-0.0144,0.9197,249.0,157.0,0.0285,2.2277,22900.0,1.426,0.23,ＬＩＦＵＬＬ,プライム（内国株式）,サービス業
2121,2026-10-05,3690.0,-0.0014,-0.0147,-0.0027,0.2862,-0.0305,0.2648,3685.3716,3233.2039,True,0.0013,0.9498,3885.0,2449.0,0.0234,11.3834,369000.0,0.791,0.2781,ＭＩＸＩ,プライム（内国株式）,情報・通信業
2122,2026-10-05,1312.0,-0.0091,-0.0844,-0.1323,-0.0388,-0.1601,-0.0601,1440.2597,1395.8599,True,-0.0891,0.8632,1520.0,1143.0,0.0202,0.1439,131200.0,2.2855,0.5835,インタースペース,スタンダード（内国株式）,サービス業
2124,2026-10-05,1038.0,-0.0142,-0.0029,0.0613,0.2098,0.0336,0.1885,1009.2,945.3786,True,0.0285,0.9721,1067.7617,801.7991,0.0243,4.4266,103800.0,0.7228,0.1864,ジェイエイシーリクルートメント,プライム（内国株式）,サービス業
2127,2026-10-05,609.9,-0.0059,-0.0133,-0.0759,-0.1024,-0.1037,-0.1237,643.8029,654.5863,False,-0.0527,0.7679,794.2644,606.4937,0.0202,22.2751,60990.0024,0.9378,0.436,日本Ｍ＆Ａセンターホールディングス,プライム（内国株式）,サービス業
212A,2026-10-05,2779.0,0.0161,-0.0086,-0.0242,-0.0417,-0.052,-0.063,2839.8,2831.52,True,-0.0214,0.7873,3529.706,2097.8725,0.0349,6.0363,277900.0,1.5296,0.3598,フィットイージー,プライム（内国株式）,サービス業
2130,2026-10-05,691.0,0.0,-0.2538,-0.2415,-0.3554,-0.2693,-0.3767,890.28,979.1733,False,-0.2238,0.4817,1434.4129,672.0,0.0446,0.9168,69100.0,1.6661,0.8445,メンバーズ,プライム（内国株式）,サービス業
2134,2026-10-05,18.0,0.0,0.0,-0.1,-0.3333,-0.1278,-0.3547,19.28,23.04,False,-0.0664,0.3529,51.0,16.0,0.0754,0.3467,1800.0,1.4334,0.2947,北浜キャピタルパートナーズ,スタンダード（内国株式）,サービス業
2136,2026-10-05,1406.0,-0.0113,-0.0168,-0.0007,-0.075,-0.0285,-0.0963,1419.08,1435.3867,True,-0.0092,0.8856,1587.5508,1280.7454,0.0138,0.0234,140600.0,1.9094,0.2007,ヒップ,スタンダード（内国株式）,サービス業
2138,2026-10-05,414.0,-0.0166,-0.035,-0.0861,0.0049,-0.1139,-0.0165,434.48,433.7067,False,-0.0471,0.6592,628.0,356.0,0.0352,0.1919,41400.0,1.7844,0.1784,クルーズ,スタンダード（内国株式）,情報・通信業
2139,2026-10-05,502.0,-0.0138,-0.051,-0.0402,-0.0059,-0.068,-0.0273,519.88,517.6267,True,-0.0344,0.9108,551.1633,396.0571,0.0115,0.0301,50200.0,2.8591,0.484,中広,スタンダード（内国株式）,サービス業
2146,2026-10-05,238.0,-0.0042,0.0,0.0259,0.3446,-0.0019,0.3233,233.12,203.8937,True,0.0209,0.9794,243.0,163.5952,0.0231,9.4452,23800.0,0.6841,0.2182,ＵＴグループ,プライム（内国株式）,サービス業
2148,2026-10-05,1107.0,-0.0081,-0.0432,-0.0674,-0.0498,-0.0952,-0.0711,1166.44,1183.0533,False,-0.051,0.609,1817.818,1105.0,0.0161,0.4803,110700.0,1.0312,0.3598,アイティメディア,プライム（内国株式）,サービス業
2152,2026-10-05,1481.0,-0.0146,-0.0464,-0.0257,0.0228,-0.0535,0.0015,1531.28,1504.0,True,-0.0328,0.9097,1628.0,1327.1047,0.0092,0.0121,148100.0,1.0599,0.6042,幼児活動研究会,スタンダード（内国株式）,サービス業
2153,2026-10-05,1850.0,-0.0032,-0.0299,-0.0038,0.1071,-0.0316,0.0858,1865.36,1761.0667,True,-0.0082,0.9691,1909.0,1537.8385,0.0119,1.0675,185000.0,1.1673,0.3126,Ｅ・Ｊホールディングス,プライム（内国株式）,サービス業
2154,2026-10-05,1966.0,-0.0145,-0.0339,-0.0282,0.0129,-0.056,-0.0084,2005.72,1975.3184,True,-0.0198,0.9335,2106.0,1559.6947,0.0175,3.1704,196600.0,1.0548,0.2522,オープンアップグループ,プライム（内国株式）,サービス業
2156,2026-10-05,274.0,0.0074,-0.0284,-0.0214,0.0579,-0.0492,0.0366,278.8,271.4533,True,-0.0172,0.726,377.4262,251.0,0.0375,0.3012,27400.0,5.0843,0.6611,セーラー広告,スタンダード（内国株式）,サービス業
2157,2026-10-05,975.0,0.0021,-0.025,-0.0661,0.0086,-0.0939,-0.0127,1003.72,998.8928,True,-0.0286,0.704,1384.8588,889.8367,0.0182,5.9577,97500.0,0.8154,0.2653,コシダカホールディングス,プライム（内国株式）,サービス業
2158,2026-10-05,668.0,-0.0147,0.0045,0.0862,0.0503,0.0584,0.029,639.16,629.4533,True,0.0451,0.6045,1105.0,536.0,0.0278,1.2401,66800.0,1.1191,0.5008,ＦＲＯＮＴＥＯ,グロース（内国株式）,サービス業
215A,2026-10-05,1392.0,0.0109,0.0411,-0.163,-0.1812,-0.1908,-0.2025,1488.28,1520.2933,True,-0.0647,0.7627,1825.0,1032.0,0.0562,35.1892,139200.0,1.0519,0.1995,タイミー,グロース（内国株式）,サービス業
2160,2026-10-05,3455.0,0.0454,0.0848,0.2433,0.1976,0.2155,0.1763,3031.16,2777.88,True,0.1398,0.9238,3740.0,2112.0,0.0432,34.6418,345500.0,1.2822,0.4432,ジーエヌアイグループ,グロース（内国株式）,医薬品
2163,2026-10-05,923.0,-0.0075,-0.0355,-0.0395,-0.0445,-0.0673,-0.0658,953.08,954.4831,True,-0.0316,0.8712,1059.4254,901.7784,0.0124,0.3888,92300.0,0.6347,0.3062,アルトナー,プライム（内国株式）,サービス業
2164,2026-10-05,105.0,-0.0187,-0.0625,-0.1797,-0.3226,-0.2075,-0.3439,119.36,146.0444,False,-0.1203,0.4599,228.3333,104.0,0.0388,0.0714,10500.0,0.4489,0.3193,地域新聞社,スタンダード（内国株式）,サービス業
2168,2026-10-05,1478.0,-0.0094,-0.0489,-0.108,-0.0251,-0.1358,-0.0464,1597.4,1570.9333,False,-0.0747,0.6672,2215.3834,1345.0,0.0216,2.1326,147800.0,0.8293,0.3978,パソナグループ,プライム（内国株式）,サービス業
2169,2026-10-05,1730.0,-0.0176,-0.0215,0.0012,0.0141,-0.0266,-0.0073,1737.56,1721.8713,True,-0.0044,0.9552,1811.1079,1688.0488,0.0087,0.0517,173000.0,0.9185,0.3318,ＣＤＳ,スタンダード（内国株式）,サービス業
2170,2026-10-05,616.0,-0.0144,-0.0818,-0.0681,0.0694,-0.0959,0.0481,670.9844,623.8593,True,-0.0819,0.8224,749.0,465.0105,0.0323,1.8818,61600.0,0.6244,0.511,リンクアンドモチベーション,プライム（内国株式）,サービス業
2173,2026-10-05,782.0,0.0013,-0.0051,0.0937,0.1399,0.0659,0.1186,737.44,709.4756,True,0.0604,0.7327,1067.2306,573.8532,0.0155,0.0739,78200.0,0.9467,0.56,博展,グロース（内国株式）,サービス業
2175,2026-10-05,2596.0,0.0109,-0.0152,0.0388,0.1605,0.011,0.1392,2583.0,2379.72,True,0.005,0.9583,2709.0,1239.8793,0.0268,9.746,259600.0,0.6237,0.2302,エス・エム・エス,プライム（内国株式）,サービス業
2179,2026-10-05,831.0,0.0024,0.0153,0.0085,0.0532,-0.0193,0.0319,828.6766,813.3589,True,0.0028,0.9358,888.0,737.0,0.0095,0.013,83100.0,0.389,0.3831,成学社,スタンダード（内国株式）,サービス業
2181,2026-10-05,276.7,-0.0097,-0.0243,-0.0684,0.0667,-0.0961,0.0454,290.6503,272.1768,True,-0.048,0.9093,304.3,216.4806,0.025,27.3568,27670.0012,0.994,0.3944,パーソルホールディングス,プライム（内国株式）,サービス業
2183,2026-10-05,201.0,-0.005,-0.0147,-0.029,-0.0737,-0.0568,-0.0951,204.76,206.9333,False,-0.0184,0.5837,344.3633,198.0,0.0131,0.0552,20100.0,0.797,0.2649,リニカル,スタンダード（内国株式）,サービス業
2185,2026-10-05,1926.0,-0.0173,-0.0258,-0.0413,0.0411,-0.0691,0.0198,1983.3576,1913.5325,True,-0.0289,0.9129,2109.7328,1524.1341,0.0163,0.0375,192600.0,1.1296,0.2842,シイエム・シイ,スタンダード（内国株式）,サービス業
2186,2026-10-05,897.0,-0.0022,0.0011,-0.0011,0.0092,-0.0289,-0.0121,900.86,897.4047,True,-0.0043,0.9624,932.0,862.2542,0.0046,0.057,89700.0,0.3835,0.2172,ソーバル,スタンダード（内国株式）,サービス業
218A,2026-10-05,1035.0,0.0117,0.0117,-0.1169,-0.0865,-0.1447,-0.1078,1099.28,1069.6133,False,-0.0585,0.3764,2750.0,705.0,0.053,3.1332,103500.0,0.6518,0.1604,Ｌｉｂｅｒａｗａｒｅ,グロース（内国株式）,精密機器
2193,2026-10-05,122.0,0.0083,-0.0543,-0.0394,0.0427,-0.0672,0.0214,128.28,123.16,True,-0.049,0.6854,178.0,111.0,0.0234,0.2993,12200.0,1.0608,0.385,クックパッド,スタンダード（内国株式）,サービス業
2195,2026-10-05,370.0,-0.0027,0.0027,-0.0609,0.1111,-0.0887,0.0898,373.16,345.9867,False,-0.0085,0.5481,675.0,283.102,0.0355,0.2047,37000.0,0.5143,0.2054,アミタホールディングス,グロース（内国株式）,サービス業
2198,2026-10-05,750.0,-0.004,-0.0298,-0.0458,0.0475,-0.0736,0.0262,775.52,757.0267,False,-0.0329,0.8982,835.0,656.0,0.0136,0.2268,75000.0,0.6017,0.3133,アイ・ケイ・ケイホールディングス,プライム（内国株式）,サービス業
219A,2026-10-05,2700.0,0.0469,0.0101,0.2146,0.5743,0.1868,0.553,2463.48,1985.5733,True,0.096,0.7552,3575.0,1343.0,0.0487,11.0653,270000.0,1.3021,0.3038,Ｈｅａｒｔｓｅｅｄ,グロース（内国株式）,医薬品
2201,2026-10-05,2354.5,0.0077,-0.0214,-0.0756,-0.1291,-0.1034,-0.1504,2468.9853,2565.0418,False,-0.0464,0.8208,2868.5,2326.5,0.0142,8.766,235450.0,1.1957,0.5819,森永製菓,プライム（内国株式）,食料品
2204,2026-10-05,3025.0,-0.0114,-0.0335,-0.0487,-0.0442,-0.0765,-0.0656,3131.8,3177.7333,True,-0.0341,0.8884,3405.0,2948.4927,0.0115,0.3323,302500.0,1.4233,0.4474,中村屋,スタンダード（内国株式）,食料品
2206,2026-10-05,5020.0,0.0078,0.0,-0.0218,-0.0626,-0.0496,-0.0839,5053.12,5152.1706,False,-0.0066,0.8047,6238.2256,4685.0,0.0132,9.7815,502000.0,1.0409,0.2086,江崎グリコ,プライム（内国株式）,食料品
2207,2026-10-05,3330.0,0.006,-0.062,-0.0431,0.0326,-0.0709,0.0112,3432.9292,3310.0964,True,-0.03,0.888,3750.0,2043.2547,0.0266,2.0507,333000.0,1.385,0.3669,ｍｅｉｔｏ,プライム（内国株式）,食料品
2208,2026-10-05,3015.0,0.0,-0.0268,-0.0147,-0.0367,-0.0425,-0.0581,3089.7346,3090.7515,True,-0.0242,0.8994,3352.3972,2366.0475,0.013,0.1426,301500.0,1.2764,0.4032,ブルボン,スタンダード（内国株式）,食料品
2209,2026-10-05,2271.0,-0.0018,-0.0377,-0.0588,-0.0498,-0.0866,-0.0711,2367.04,2373.24,True,-0.0406,0.8595,2642.2512,2183.0,0.0105,0.7721,227100.0,1.8625,0.4961,井村屋グループ,プライム（内国株式）,食料品
220A,2026-10-05,930.0,0.0,0.012,-0.0159,-0.0262,-0.0437,-0.0475,942.861,939.4603,False,-0.0136,0.6577,1414.0,908.0,0.0139,0.0204,93000.0,0.8357,0.3398,Ｆａｂｅｒ　Ｃｏｍｐａｎｙ,スタンダード（内国株式）,情報・通信業
2211,2026-10-05,2463.0,0.0012,-0.0265,-0.0073,0.028,-0.0351,0.0066,2501.04,2447.8133,True,-0.0152,0.9278,2654.6952,2265.0,0.0106,0.6905,246300.0,1.0651,0.306,不二家,プライム（内国株式）,食料品
2212,2026-10-05,3526.0,0.0,-0.0313,-0.0755,0.0688,-0.1033,0.0475,3718.96,3476.9733,True,-0.0519,0.8897,3963.0,2785.5058,0.024,23.4888,352600.0,1.0277,0.3757,山崎製パン,プライム（内国株式）,食料品
2215,2026-10-05,616.0,0.0049,-0.0081,0.0098,0.025,-0.018,0.0036,616.0,608.3067,True,0.0,0.9291,663.0,586.0,0.0103,0.0482,61600.0,0.7934,0.2674,第一屋製パン,スタンダード（内国株式）,食料品
2216,2026-10-05,1036.0,-0.001,-0.0582,-0.0513,-0.0725,-0.0791,-0.0938,1082.92,1114.0662,True,-0.0433,0.4297,2411.0597,1030.8145,0.0154,0.6282,103600.0,0.5979,0.4625,カンロ,スタンダード（内国株式）,食料品
2217,2026-10-05,1457.0,-0.0014,-0.0345,-0.0129,-0.0577,-0.0407,-0.079,1488.48,1518.8285,True,-0.0211,0.9016,1616.0,1453.0,0.0084,0.4651,145700.0,1.2155,0.4558,モロゾフ,プライム（内国株式）,食料品
2220,2026-10-05,1211.0,-0.0082,-0.0742,-0.1186,-0.0397,-0.1464,-0.061,1328.3195,1287.9065,True,-0.0883,0.7874,1538.0,1165.0,0.0227,2.9394,121100.0,1.0713,0.5094,亀田製菓,プライム（内国株式）,食料品
2221,2026-10-05,3025.0,-0.0017,-0.0131,-0.0082,-0.0163,-0.036,-0.0376,3053.2,3059.6667,True,-0.0092,0.9065,3337.0718,2904.3417,0.0072,0.1021,302500.0,1.1126,0.2066,岩塚製菓,スタンダード（内国株式）,食料品
2222,2026-10-05,2423.5,0.0077,-0.0352,-0.1042,-0.0542,-0.132,-0.0756,2561.4833,2551.0478,True,-0.0539,0.8696,2787.0,1687.8906,0.0286,21.9066,242350.0,1.2855,0.4207,寿スピリッツ,プライム（内国株式）,食料品
2224,2026-10-05,3810.0,0.0,0.016,0.0325,0.0381,0.0047,0.0168,3727.8,3691.7333,True,0.0221,0.946,4027.508,3204.0399,0.0081,0.0691,381000.0,1.2989,0.4233,コモ,スタンダード（内国株式）,食料品
2226,2026-10-05,4725.0,0.0021,0.0053,-0.0455,-0.0053,-0.0733,-0.0266,4868.0,4795.9333,True,-0.0294,0.945,5000.0,4353.3975,0.0098,0.416,472500.0,3.34,0.4775,湖池屋,スタンダード（内国株式）,食料品
2229,2026-10-05,3016.0,0.0047,-0.0066,-0.0252,-0.0063,-0.053,-0.0276,3039.14,2991.3667,True,-0.0076,0.9399,3209.0,2647.4284,0.014,8.6833,301600.0,1.0006,0.2907,カルビー,プライム（内国株式）,食料品
2264,2026-10-05,1042.0,0.0014,-0.0519,-0.0876,-0.1975,-0.1154,-0.2189,1112.384,1187.9247,False,-0.0633,0.7616,1368.25,806.4782,0.025,22.2957,104200.0,1.087,0.5227,森永乳業,プライム（内国株式）,食料品
2266,2026-10-05,1079.0,-0.0009,-0.0305,-0.0634,-0.0128,-0.0912,-0.0341,1106.44,1089.2933,True,-0.0248,0.8372,1288.888,1013.0,0.0154,0.9322,107900.0,1.4826,0.2836,六甲バター,プライム（内国株式）,食料品
2267,2026-10-05,2727.5,0.0028,-0.012,-0.0505,-0.0608,-0.0783,-0.0821,2807.43,2811.7167,True,-0.0285,0.8821,3092.0,2259.2579,0.0175,30.6631,272750.0,1.006,0.3812,ヤクルト本社,プライム（内国株式）,食料品
2268,2026-10-05,4050.0,-0.0012,0.0012,0.0012,-0.0086,-0.0266,-0.0299,4051.0,4067.7241,False,-0.0002,0.9698,4176.3038,3882.5427,0.0034,0.2099,405000.0,0.5671,0.1842,Ｂ－Ｒ　サーティワン　アイスクリーム,スタンダード（内国株式）,食料品
2269,2026-10-05,4094.0,0.0086,-0.0312,-0.0942,0.0543,-0.122,0.033,4324.4138,4041.2179,True,-0.0533,0.8885,4608.0,2868.2942,0.0215,46.9346,409400.0,1.0858,0.3952,明治ホールディングス,プライム（内国株式）,食料品
2270,2026-10-05,3490.0,-0.0014,-0.0332,-0.0852,-0.0529,-0.113,-0.0742,3690.6,3687.8667,True,-0.0544,0.8639,4040.0,2706.0902,0.0212,5.6337,349000.0,0.9989,0.5005,雪印メグミルク,プライム（内国株式）,食料品
2281,2026-10-05,2272.0,-0.0022,-0.0307,-0.0764,-0.0615,-0.1042,-0.0829,2391.5358,2397.1386,False,-0.05,0.7872,2886.2095,2180.6697,0.0149,5.816,227200.0,1.9873,0.5508,プリマハム,プライム（内国株式）,食料品
2282,2026-10-05,1984.0,-0.0065,-0.0168,-0.6864,-0.6806,-0.7142,-0.7019,4873.0667,5745.6356,False,-0.5929,0.2674,7420.0,1941.0,0.1887,36.5879,198400.0,2.0431,1.1693,日本ハム,プライム（内国株式）,食料品
2286,2026-10-05,896.0,0.0045,-0.0022,-0.024,0.0011,-0.0518,-0.0202,905.6,893.1867,True,-0.0106,0.8724,1027.0,636.8371,0.0126,0.1413,89600.0,0.5173,0.2215,林兼産業,スタンダード（内国株式）,食料品
2288,2026-10-05,2125.0,0.0028,-0.0471,-0.0572,-0.0688,-0.085,-0.0901,2238.748,2244.9027,True,-0.0508,0.8575,2478.0,1777.8604,0.017,4.3285,212500.0,1.9476,0.5961,丸大食品,プライム（内国株式）,食料品
228A,2026-10-05,1753.0,0.0052,0.0046,0.0491,-0.0028,0.0213,-0.0242,1712.6,1676.8133,True,0.0236,0.6051,2897.0,1347.0,0.0165,0.0284,175300.0,0.9264,0.3586,オプロ,グロース（内国株式）,情報・通信業
2291,2026-10-05,506.0,-0.002,-0.0039,-0.0078,0.0222,-0.0356,0.0009,508.88,506.8267,False,-0.0057,0.4592,1102.0,468.0,0.0048,0.011,50600.0,0.9231,0.2882,福留ハム,スタンダード（内国株式）,食料品
2292,2026-10-05,2652.0,0.0011,-0.0275,-0.0943,0.0065,-0.1221,-0.0148,2776.52,2713.5827,True,-0.0448,0.836,3172.0924,2392.8296,0.0163,3.814,265200.0,0.6382,0.4096,Ｓ　Ｆｏｏｄｓ,プライム（内国株式）,食料品
2293,2026-10-05,2650.0,-0.0019,-0.0034,-0.0232,-0.0182,-0.051,-0.0395,2686.56,2702.0133,True,-0.0136,0.8576,3090.0,2602.0,0.0049,0.0334,265000.0,1.6204,0.2308,滝沢ハム,スタンダード（内国株式）,食料品
2294,2026-10-05,2460.0,-0.0032,-0.0164,-0.0402,-0.0326,-0.068,-0.054,2523.36,2549.5333,False,-0.0251,0.8179,3007.5997,2454.0,0.0082,0.5257,246000.0,1.0478,0.3067,柿安本店,プライム（内国株式）,食料品
2296,2026-10-05,4795.0,-0.0021,-0.0303,-0.0616,-0.001,-0.0894,-0.0224,4994.394,4921.4647,True,-0.0399,0.7493,6399.1349,4605.0,0.0149,6.6115,479500.0,1.2397,0.4562,伊藤ハム米久ホールディングス,プライム（内国株式）,食料品
2300,2026-10-05,496.0,-0.012,-0.012,-0.008,-0.0318,-0.0358,-0.0531,498.42,495.2777,True,-0.0049,0.9282,534.377,477.6656,0.0122,0.0245,49600.0,2.2647,0.5765,きょくとう,スタンダード（内国株式）,サービス業
2301,2026-10-05,1695.0,-0.007,-0.0342,-0.0117,0.0502,-0.0395,0.0289,1720.96,1653.7333,True,-0.0151,0.9106,1861.4639,1506.0,0.0227,2.1034,169500.0,1.2723,0.2862,学情,プライム（内国株式）,サービス業
2303,2026-10-05,1338.0,0.003,0.0045,-0.0067,0.0113,-0.0345,-0.01,1355.56,1302.04,True,-0.013,0.872,1534.3829,1150.2922,0.0227,0.1696,133800.0,0.6447,0.2366,ドーン,スタンダード（内国株式）,情報・通信業
2304,2026-10-05,896.0,-0.0044,0.0045,-0.024,-0.0261,-0.0518,-0.0474,907.16,918.6667,False,-0.0123,0.8539,1049.2762,889.0658,0.0068,0.0426,89600.0,0.889,0.3418,ＣＳＳホールディングス,スタンダード（内国株式）,サービス業
2305,2026-10-05,1801.0,-0.0061,-0.0348,-0.0333,-0.0451,-0.0611,-0.0664,1856.08,1891.7333,True,-0.0297,0.8794,2047.9683,1720.0,0.0121,0.4062,180100.0,0.6099,0.3534,スタジオアリス,スタンダード（内国株式）,サービス業
2307,2026-10-05,1052.0,0.0096,-0.0214,-0.0094,0.0552,-0.0372,0.0338,1056.8,1017.4933,True,-0.0045,0.8829,1191.5436,891.2515,0.0245,0.543,105200.0,1.8374,0.2404,クロスキャット,プライム（内国株式）,情報・通信業
2311,2026-10-05,781.0,-0.0139,-0.0101,0.0013,0.0331,-0.0265,0.0117,786.56,776.328,True,-0.0071,0.9215,847.5533,736.0,0.0113,0.0692,78100.0,0.8432,0.2145,エプコ,スタンダード（内国株式）,サービス業
2315,2026-10-05,67.0,-0.0147,0.0308,0.0,0.0984,-0.0278,0.077,67.32,62.9333,True,-0.0048,0.4891,137.0,53.0,0.0501,3.2712,6700.0,1.018,0.3277,ＣＡＩＣＡ　ＤＩＧＩＴＡＬ,スタンダード（内国株式）,情報・通信業
2317,2026-10-05,422.0,-0.0047,-0.0094,-0.0622,0.0144,-0.09,-0.0069,436.8375,425.3858,True,-0.034,0.7752,544.4033,385.0,0.0189,3.5776,42200.0,0.7723,0.3384,システナ,プライム（内国株式）,情報・通信業
2321,2026-10-05,141.0,0.0144,-0.0342,0.0368,-0.0408,0.009,-0.0621,146.48,136.96,False,-0.0374,0.314,449.0,117.0,0.0552,2.2449,14100.0,0.3271,0.1284,ソフトフロントホールディングス,グロース（内国株式）,情報・通信業
2323,2026-10-05,346.0,-0.0254,-0.0308,0.0646,0.2674,0.0368,0.2461,339.76,303.9467,False,0.0184,0.7315,473.0,233.3333,0.0502,0.1743,34600.0,0.6654,0.265,ｆｏｎｆｕｎ,スタンダード（内国株式）,情報・通信業
2325,2026-10-05,4525.0,-0.0216,-0.0195,-0.0393,0.0367,-0.0671,0.0153,4650.2,4605.5619,False,-0.0269,0.775,5838.4622,4265.6602,0.0189,0.9356,452500.0,0.7895,0.1933,ＮＪＳ,プライム（内国株式）,サービス業
2326,2026-10-05,5210.0,0.0256,0.0764,0.1787,0.3428,0.1509,0.3215,4731.5734,4288.3911,True,0.1011,0.6543,7963.1358,3500.0,0.029,6.1228,521000.0,0.8817,0.3369,デジタルアーツ,プライム（内国株式）,情報・通信業
2327,2026-10-05,3709.0,-0.0293,-0.0282,-0.0629,0.0104,-0.0907,-0.011,3876.0411,3736.0404,True,-0.0431,0.8066,4598.2627,3075.0,0.0282,12.7342,370900.0,1.7099,0.257,日鉄ソリューションズ,プライム（内国株式）,情報・通信業
2329,2026-10-05,479.0,-0.0164,-0.0209,-0.0477,-0.0788,-0.0755,-0.1002,497.7843,502.582,False,-0.0377,0.7092,675.3907,469.0,0.0122,0.4124,47900.0,0.8309,0.4971,東北新社,スタンダード（内国株式）,情報・通信業
2330,2026-10-05,85.0,0.0119,-0.0341,-0.0116,0.0759,-0.0394,0.0546,93.16,81.2667,True,-0.0876,0.3571,238.0,69.0,0.0563,4.6707,8500.0,0.285,0.2299,フォーサイド,スタンダード（内国株式）,情報・通信業
2331,2026-10-05,1158.5,0.0013,-0.0252,-0.0457,0.0556,-0.0735,0.0343,1203.7296,1153.2165,True,-0.0376,0.8678,1335.0,1032.7699,0.024,15.0192,115850.0,1.0947,0.4438,ＡＬＳＯＫ,プライム（内国株式）,サービス業
2332,2026-10-05,1752.0,0.0017,0.0057,0.0342,-0.0057,0.0064,-0.027,1708.16,1712.4133,False,0.0257,0.7892,2220.0,1374.0803,0.024,0.1165,175200.0,0.5448,0.2805,クエスト,スタンダード（内国株式）,情報・通信業
2334,2026-10-05,581.0,0.0211,-0.0068,0.0544,-0.0836,0.0266,-0.1049,572.72,557.3733,True,0.0145,0.8445,688.0,262.0,0.04,4.4551,58100.0,0.6829,0.2757,イオレ,グロース（内国株式）,サービス業
2335,2026-10-05,1011.0,-0.0108,-0.0665,-0.0908,-0.0381,-0.1186,-0.0594,1085.0032,1070.5611,True,-0.0682,0.8597,1175.9464,992.6717,0.0121,0.5132,101100.0,1.6871,0.7911,キューブシステム,プライム（内国株式）,情報・通信業
2337,2026-10-05,379.0,0.008,-0.0525,-0.0257,-0.1464,-0.0535,-0.1677,397.52,414.64,False,-0.0466,0.7164,529.0,337.7198,0.0175,3.4042,37900.0,1.1212,0.5419,いちご,プライム（内国株式）,不動産業
2338,2026-10-05,107.0,0.019,-0.0183,-0.1157,-0.1083,-0.1435,-0.1297,116.28,121.4133,False,-0.0798,0.1259,850.0,91.0,0.0414,0.4584,10700.0,0.5268,0.2935,クオンタムソリューションズ,スタンダード（内国株式）,情報・通信業
2340,2026-10-05,508.0,-0.0039,-0.0696,-0.0193,0.0325,-0.0471,0.0112,523.96,508.0667,True,-0.0305,0.9236,550.0,462.2927,0.0165,0.2757,50800.0,1.8494,0.5026,極楽湯ホールディングス,スタンダード（内国株式）,サービス業
2341,2026-10-05,179.0,-0.0056,0.0287,0.0468,0.0347,0.019,0.0134,173.36,169.0533,True,0.0325,0.7218,248.0,151.0,0.0144,0.0366,17900.0,0.7383,0.5833,アルバイトタイムス,スタンダード（内国株式）,サービス業
2342,2026-10-05,242.0,-0.0082,-0.0202,-0.0281,0.1,-0.0559,0.0787,252.24,232.6667,True,-0.0406,0.4969,487.0,182.0,0.0266,0.1032,24200.0,0.3733,0.3111,トランスジェニックグループ,スタンダード（内国株式）,サービス業
2345,2026-10-05,94.0,-0.0105,-0.06,-0.0784,-0.2231,-0.1062,-0.2445,102.52,106.76,False,-0.0831,0.3298,285.0,84.0,0.0494,0.0776,9400.0,0.2202,0.3015,ＨＯＤＬ１,スタンダード（内国株式）,情報・通信業
2349,2026-10-05,2446.0,-0.0149,-0.0224,-0.0216,-0.0255,-0.0494,-0.0468,2484.76,2474.2,True,-0.0156,0.9408,2600.0,2202.3604,0.024,0.0742,244600.0,2.0829,0.3645,エヌアイデイ,スタンダード（内国株式）,情報・通信業
2351,2026-10-05,329.0,-0.003,-0.006,-0.015,0.0217,-0.0428,0.0004,334.44,327.1467,True,-0.0163,0.706,466.0,282.7381,0.0317,0.0201,32900.0,0.4048,0.211,ＡＳＪ,スタンダード（内国株式）,情報・通信業
2353,2026-10-05,256.0,0.0,-0.0154,-0.0448,0.0267,-0.0726,0.0054,264.88,255.8795,True,-0.0335,0.8889,287.9925,225.1754,0.029,5.4658,25600.0,0.8239,0.2827,日本駐車場開発,プライム（内国株式）,不動産業
2354,2026-10-05,1195.0,-0.0008,-0.0285,-0.1055,0.4171,-0.1333,0.3957,1337.08,1176.0256,True,-0.1063,0.6797,1758.0,582.577,0.0519,7.1739,119500.0,0.3486,0.3367,ＹＥ　ＤＩＧＩＴＡＬ,スタンダード（内国株式）,情報・通信業
2359,2026-10-05,2010.0,-0.0157,-0.0266,-0.0555,0.0308,-0.0832,0.0095,2102.7389,2051.833,True,-0.0441,0.8627,2330.0,1924.0,0.0135,0.3046,201000.0,0.8148,0.4545,コア,プライム（内国株式）,情報・通信業
2370,2026-10-05,24.0,0.0,-0.04,-0.04,-0.04,-0.0678,-0.0613,24.56,24.7333,False,-0.0228,0.5581,43.0,23.0,0.0417,0.0541,2400.0,0.4919,0.1,メディネット,グロース（内国株式）,サービス業
2371,2026-10-05,3810.0,0.0,0.0,0.0325,0.0651,0.0047,0.0438,3758.76,3640.5467,True,0.0136,0.9848,3869.0,1546.469,0.012,10.7253,381000.0,1.0095,0.1558,カカクコム,プライム（内国株式）,サービス業
2373,2026-10-05,440.0,-0.009,-0.0045,0.0758,0.0784,0.048,0.0571,428.16,413.5333,True,0.0277,0.7439,591.4667,390.0,0.0305,0.0827,44000.0,0.8265,0.1787,ケア２１,スタンダード（内国株式）,サービス業
2375,2026-10-05,210.0,-0.0187,0.0345,-0.0323,0.0345,-0.0601,0.0132,211.24,206.7333,True,-0.0059,0.7692,273.0,196.0,0.0361,0.2189,21000.0,0.9426,0.317,ギグワークス,スタンダード（内国株式）,サービス業
2376,2026-10-05,793.0,0.0128,-0.0198,0.0038,-0.056,-0.024,-0.0773,786.64,790.36,True,0.0081,0.8051,985.0,634.0,0.0216,0.023,79300.0,0.8556,0.3733,サイネックス,スタンダード（内国株式）,サービス業
2378,2026-10-05,974.0,-0.0201,-0.058,-0.0688,-0.0562,-0.0966,-0.0775,1038.8375,1040.4925,True,-0.0624,0.7606,1280.5297,967.0,0.0118,0.5854,97400.0,1.8256,0.6959,ルネサンス,プライム（内国株式）,サービス業
2379,2026-10-05,1761.0,-0.0129,-0.044,-0.0292,-0.0222,-0.057,-0.0435,1817.32,1790.5654,True,-0.031,0.7915,2225.0157,1643.0901,0.0139,4.089,176100.0,0.7004,0.4175,ディップ,プライム（内国株式）,サービス業
2384,2026-10-05,5160.0,0.0098,-0.0373,0.0488,0.2,0.021,0.1787,5102.0,4709.2667,True,0.0114,0.9416,5480.0,3242.2887,0.0282,5.069,516000.0,1.5072,0.3096,ＳＢＳホールディングス,プライム（内国株式）,陸運業
2385,2026-10-05,220.0,0.0233,0.0092,-0.0045,0.028,-0.0323,0.0067,219.56,219.1053,False,0.002,0.7057,311.7347,172.6531,0.0542,1.7277,22000.0,5.1524,0.679,総医研ホールディングス,グロース（内国株式）,サービス業
2388,2026-10-05,13.0,0.0,-0.5667,-0.6061,-0.675,-0.6339,-0.6963,30.36,35.5467,False,-0.5718,0.1757,74.0,13.0,0.2088,0.1051,1300.0,3.0103,0.7368,ウェッジホールディングス,グロース（内国株式）,その他金融業
2391,2026-10-05,1167.0,0.0009,-0.0051,-0.0077,-0.0201,-0.0355,-0.0414,1174.08,1177.386,False,-0.006,0.8766,1331.3455,1147.7454,0.0061,0.0459,116700.0,0.785,0.2263,プラネット,スタンダード（内国株式）,サービス業
2393,2026-10-05,4355.0,-0.0046,-0.0102,0.0152,0.0163,-0.0126,-0.005,4329.8,4267.6,True,0.0058,0.9406,4630.0,2052.2042,0.0229,0.2172,435500.0,0.3698,0.2409,日本ケアサプライ,スタンダード（内国株式）,サービス業
2395,2026-10-05,1315.0,0.017,-0.0053,-0.0259,0.0913,-0.0537,0.07,1336.68,1300.48,True,-0.0162,0.6696,1963.8576,1067.0,0.0221,2.1398,131500.0,0.7155,0.269,新日本科学,プライム（内国株式）,サービス業
2404,2026-10-05,532.0,0.0019,0.0057,0.0076,-0.1029,-0.0202,-0.1242,530.48,564.3733,False,0.0029,0.8867,600.0,451.0,0.0071,0.0476,53200.0,0.3746,0.2642,鉄人化ホールディングス,スタンダード（内国株式）,サービス業
2408,2026-10-05,825.0,-0.0108,-0.006,-0.0351,-0.012,-0.0629,-0.0333,835.4,840.6457,False,-0.0124,0.8884,928.64,627.5594,0.0152,0.0261,82500.0,0.4453,0.288,ＫＧ情報,スタンダード（内国株式）,サービス業
2410,2026-10-05,2532.0,-0.0109,-0.0608,-0.1156,-0.1236,-0.1434,-0.1449,2801.8422,2851.5341,True,-0.0963,0.8485,2984.0,2062.0,0.0235,1.7309,253200.0,2.54,0.6406,キャリアデザインセンター,プライム（内国株式）,サービス業
2411,2026-10-05,464.0,0.0087,0.0131,-0.0211,-0.0064,-0.0489,-0.0277,466.7959,462.9586,True,-0.006,0.9262,500.9598,393.7505,0.0161,0.073,46400.0,1.3551,0.2943,ゲンダイエージェンシー,スタンダード（内国株式）,情報・通信業
2413,2026-10-05,1763.5,0.006,-0.0098,-0.0107,-0.0731,-0.0385,-0.0944,1761.58,1776.02,True,0.0011,0.651,2708.8233,1297.0,0.0268,55.9279,176350.0,0.7482,0.1755,エムスリー,プライム（内国株式）,サービス業
2415,2026-10-05,1600.0,-0.0006,-0.0074,-0.0396,0.0057,-0.0674,-0.0157,1644.04,1611.9333,True,-0.0268,0.7878,2031.0554,1496.0,0.0159,0.1026,160000.0,1.3641,0.2314,ヒューマンホールディングス,スタンダード（内国株式）,サービス業
2418,2026-10-05,577.0,-0.0052,-0.027,-0.0447,-0.0694,-0.0725,-0.0907,599.28,600.7487,True,-0.0372,0.8152,707.8105,522.3548,0.0165,0.5402,57700.0,0.9874,0.3789,ツカダ・グローバルホールディング,スタンダード（内国株式）,サービス業
241A,2026-10-05,434.0,0.014,0.0212,0.0408,0.0333,0.013,0.012,422.36,418.0,False,0.0276,0.4949,877.0,390.0,0.0171,0.0331,43400.0,0.5523,0.35,ＲＯＸＸ,グロース（内国株式）,情報・通信業
2424,2026-10-05,623.0,0.0114,0.0097,0.0436,0.0177,0.0158,-0.0036,608.6,606.7536,True,0.0237,0.9265,672.4069,583.5426,0.0224,0.0477,62300.0,0.7227,0.2656,ブラス,スタンダード（内国株式）,サービス業
2425,2026-10-05,672.0,-0.0147,0.0151,0.0015,0.0484,-0.0263,0.027,670.28,663.08,True,0.0026,0.8143,825.297,620.0,0.0148,0.0145,67200.0,0.7437,0.3626,ケアサービス,スタンダード（内国株式）,サービス業
2428,2026-10-05,616.0,-0.0048,-0.016,-0.0253,-0.016,-0.0531,-0.0373,627.68,626.9482,True,-0.0186,0.8848,696.2405,578.124,0.0089,0.2404,61600.0,1.1861,0.2727,ウェルネット,スタンダード（内国株式）,サービス業
2429,2026-10-05,2805.0,-0.0161,-0.0192,-0.0179,0.1083,-0.0457,0.0869,2837.52,2691.92,True,-0.0115,0.9515,2948.0,2288.0,0.0196,1.202,280500.0,0.8101,0.26,ワールドホールディングス,プライム（内国株式）,サービス業
2432,2026-10-05,2492.0,-0.0158,-0.0206,-0.0447,-0.0642,-0.0725,-0.0855,2550.46,2509.2067,False,-0.0229,0.8868,2810.2561,2217.5211,0.0191,27.1149,249200.0,0.9878,0.28,ディー・エヌ・エー,プライム（内国株式）,情報・通信業
2433,2026-10-05,1285.0,-0.01,-0.0228,-0.0464,0.0572,-0.0742,0.0359,1321.7906,1257.3369,True,-0.0278,0.9146,1405.0,973.5,0.0257,11.5361,128500.0,1.0373,0.2463,博報堂ＤＹホールディングス,プライム（内国株式）,サービス業
2435,2026-10-05,204.0,-0.0049,-0.0049,-0.0286,-0.0097,-0.0564,-0.031,207.6,209.3467,False,-0.0173,0.8007,254.7773,193.9782,0.0098,0.024,20400.0,1.1428,0.25,シダー,スタンダード（内国株式）,サービス業
2436,2026-10-05,585.0,0.0086,-0.0135,-0.0472,-0.061,-0.075,-0.0823,590.52,594.0267,True,-0.0093,0.8744,669.0,407.3034,0.0261,0.1848,58500.0,0.6564,0.3271,共同ピーアール,スタンダード（内国株式）,サービス業
2437,2026-10-05,614.0,0.0049,-0.0129,0.0407,0.1876,0.0129,0.1663,621.08,604.9733,True,-0.0114,0.7733,794.0,236.0,0.0299,0.2404,61400.0,0.355,0.2016,Ｓｈｉｎｗａ　Ｗｉｓｅ　Ｈｏｌｄｉｎｇｓ,スタンダード（内国株式）,サービス業
2438,2026-10-05,338.0,-0.0088,-0.0174,-0.074,-0.0865,-0.1018,-0.1078,348.4,341.36,True,-0.0299,0.8349,404.8563,302.0,0.0211,0.1705,33800.0,0.5288,0.21,アスカネット,グロース（内国株式）,サービス業
2440,2026-10-05,113.0,-0.0259,-0.0738,-0.0887,-0.1102,-0.1165,-0.1316,123.16,123.5733,False,-0.0825,0.4809,235.0,112.0,0.0247,0.1804,11300.0,1.0533,0.4667,ぐるなび,スタンダード（内国株式）,サービス業
2445,2026-10-05,381.0,-0.0104,-0.0403,-0.0379,-0.0522,-0.0657,-0.0736,396.2012,403.6937,True,-0.0384,0.81,470.3575,338.6183,0.014,0.2599,38100.0,1.0087,0.4672,タカミヤ,スタンダード（内国株式）,サービス業
2449,2026-10-05,1305.0,-0.0319,0.2707,0.2476,0.2752,0.2198,0.2539,1074.12,1043.7958,True,0.2149,0.87,1500.0,970.4455,0.0436,0.5671,130500.0,3.3487,0.853,プラップジャパン,スタンダード（内国株式）,サービス業
244A,2026-10-05,1252.0,-0.0087,0.0477,0.0539,0.0121,0.0261,-0.0092,1188.12,1178.4133,True,0.0538,0.5467,2290.0,1045.0,0.0286,0.0369,125200.0,0.6692,0.3102,グロースエクスパートナーズ,グロース（内国株式）,情報・通信業
2454,2026-10-05,328.0,-0.0061,-0.0548,-0.0761,-0.012,-0.1039,-0.0334,347.44,342.9733,False,-0.056,0.7924,413.9221,327.0,0.0196,0.0433,32800.0,2.1361,0.4044,オールアバウト,スタンダード（内国株式）,サービス業
2459,2026-10-05,170.0,-0.0286,-0.0395,-0.0449,0.0429,-0.0727,0.0216,177.28,171.1067,False,-0.0411,0.3014,564.0,154.0,0.0294,0.0663,17000.0,0.1916,0.24,アウンコンサルティング,スタンダード（内国株式）,サービス業
245A,2026-10-05,2492.0,-0.0028,-0.0127,-0.0266,0.0783,-0.0544,0.057,2520.52,2457.24,True,-0.0113,0.712,3500.0,2250.0,0.0095,0.0464,249200.0,0.597,0.2376,ＩＮＧＳ,グロース（内国株式）,小売業
2461,2026-10-05,380.0,-0.0078,-0.0404,-0.0281,-0.0476,-0.0559,-0.0689,388.72,397.021,False,-0.0224,0.7367,515.7993,376.0,0.0158,0.6308,38000.0,1.775,0.3333,ファンコミュニケーションズ,プライム（内国株式）,サービス業
2462,2026-10-05,1482.0,-0.0094,-0.0301,-0.0352,-0.01,-0.063,-0.0313,1516.04,1506.1467,True,-0.0225,0.915,1619.6132,1396.0,0.0106,0.3513,148200.0,1.0732,0.3055,ライク,プライム（内国株式）,サービス業
2464,2026-10-05,372.0,0.0,-0.008,0.0,0.1735,-0.0278,0.1522,372.8,344.08,True,-0.0021,0.9738,382.0,304.0,0.019,0.0324,37200.0,0.7141,0.198,Ａｏｂａ‐ＢＢＴ,スタンダード（内国株式）,サービス業
2469,2026-10-05,1325.0,0.0038,0.0084,-0.5268,-0.5254,-0.5546,-0.5467,2334.1475,2617.1958,False,-0.4323,0.3067,4319.6416,1302.0,0.1089,0.3173,132500.0,1.3971,1.0449,ヒビノ,スタンダード（内国株式）,サービス業
246A,2026-10-05,1100.0,-0.0161,-0.0231,0.1727,0.0827,0.1449,0.0614,1009.8,1026.9568,False,0.0893,0.9074,1212.3063,568.3928,0.035,0.123,110000.0,0.8021,0.2286,アスア,グロース（内国株式）,サービス業
2471,2026-10-05,271.0,0.0226,-0.0321,-0.0321,0.015,-0.0599,-0.0063,277.84,273.5333,True,-0.0246,0.7929,341.7931,222.0,0.0277,0.8148,27100.0,0.8031,0.3467,エスプール,プライム（内国株式）,サービス業
2475,2026-10-05,1719.0,0.0029,-0.0157,-0.0591,-0.02,-0.0869,-0.0413,1768.8461,1784.2287,False,-0.0282,0.9144,1880.0,1483.0,0.0142,0.2777,171900.0,1.1576,0.2954,ＷＤＢホールディングス,プライム（内国株式）,サービス業
2477,2026-10-05,3215.0,0.0174,-0.0168,-0.0138,0.3775,-0.0416,0.3561,3249.2,2739.1111,True,-0.0105,0.9387,3425.0,2074.1365,0.0308,0.4235,321500.0,0.9545,0.283,手間いらず,スタンダード（内国株式）,情報・通信業
2479,2026-10-05,252.0,0.0,-0.0491,-0.0156,0.0544,-0.0434,0.0331,260.8,244.44,True,-0.0337,0.9299,271.0,217.0,0.0266,0.2573,25200.0,1.7191,0.3426,ジェイテック,スタンダード（内国株式）,サービス業
247A,2026-10-05,920.0,-0.0316,-0.0545,-0.0963,0.0785,-0.1241,0.0572,1006.92,883.28,True,-0.0863,0.4287,2146.0,628.0,0.0482,9.8978,92000.0,0.9635,0.2638,Ａｉロボティクス,グロース（内国株式）,化学
2480,2026-10-05,1766.0,0.0173,-0.0715,0.0149,0.0388,-0.0129,0.0175,1788.6,1734.9333,True,-0.0126,0.9056,1950.0,1465.493,0.031,0.0421,176600.0,1.9711,0.3546,システム・ロケーション,スタンダード（内国株式）,情報・通信業
2481,2026-10-05,706.0,0.0086,-0.0434,0.0459,0.1136,0.0181,0.0922,695.52,660.3606,True,0.0151,0.9489,744.0,610.0934,0.0162,0.0146,70600.0,1.7543,0.4462,タウンニュース社,スタンダード（内国株式）,サービス業
2483,2026-10-05,2223.0,0.0086,-0.0146,-0.0018,-0.0414,-0.0296,-0.0627,2220.56,2222.3067,True,0.0011,0.9018,2465.0,1692.5209,0.0245,0.1305,222300.0,0.8769,0.2716,翻訳センター,スタンダード（内国株式）,サービス業
2484,2026-10-05,154.0,0.0065,0.0476,-0.0494,0.2419,-0.0772,0.2206,158.08,141.2267,True,-0.0258,0.7739,199.0,112.0,0.0431,0.8189,15400.0,0.6215,0.3011,出前館,スタンダード（内国株式）,情報・通信業
2485,2026-10-05,433.0,0.0046,-0.0092,-0.0378,-0.0979,-0.0656,-0.1192,444.9188,460.1063,False,-0.0268,0.807,536.581,431.0,0.0112,0.2163,43300.0,1.4563,0.4549,ティア,スタンダード（内国株式）,サービス業
2488,2026-10-05,1401.0,0.0101,-0.0092,-0.0284,0.0455,-0.0562,0.0242,1437.8673,1400.5558,True,-0.0256,0.9045,1549.0,1110.3731,0.0187,0.1633,140100.0,0.6673,0.2817,ＪＴＰ,スタンダード（内国株式）,サービス業
2489,2026-10-05,423.0,-0.0024,0.0217,0.0024,0.396,-0.0254,0.3747,416.36,351.8267,True,0.0159,0.968,437.0,247.115,0.0258,0.6319,42300.0,0.4998,0.3203,アドウェイズ,スタンダード（内国株式）,サービス業
248A,2026-10-05,808.0,0.0012,0.0025,-0.0049,-0.0427,-0.0327,-0.064,810.04,830.1467,False,-0.0025,0.3591,2250.0,805.0,0.0039,0.0103,80800.0,0.6212,0.2545,キッズスター,グロース（内国株式）,情報・通信業
2491,2026-10-05,449.0,0.0022,-0.0365,-0.0911,0.0135,-0.1189,-0.0078,473.0,466.7786,True,-0.0507,0.5831,770.0699,400.9807,0.0173,0.4416,44900.0,0.6494,0.4752,バリューコマース,プライム（内国株式）,サービス業
2492,2026-10-05,733.0,-0.0068,0.0295,0.1106,0.4959,0.0828,0.4746,697.64,566.364,True,0.0507,0.9721,754.0,293.0368,0.034,24.2121,73300.0,0.9885,0.2848,インフォマート,プライム（内国株式）,サービス業
2493,2026-10-05,940.0,-0.0095,-0.0147,-0.0084,-0.0053,-0.0362,-0.0266,949.44,941.76,True,-0.0099,0.9153,1027.0,901.0,0.0139,0.0777,94000.0,2.7786,0.5661,イーサポートリンク,スタンダード（内国株式）,サービス業
2497,2026-10-05,490.0,-0.0101,-0.0522,-0.0841,-0.0392,-0.1119,-0.0605,523.7233,518.1211,True,-0.0644,0.8278,591.9007,461.2405,0.0148,0.1212,49000.0,1.182,0.5503,ユナイテッド,グロース（内国株式）,サービス業
2498,2026-10-05,2963.0,-0.0067,-0.0205,-0.0741,-0.0518,-0.1019,-0.0732,3119.5258,3124.4953,True,-0.0502,0.8651,3425.0,2844.0,0.0154,0.3618,296300.0,1.7497,0.4429,オリエンタルコンサルタンツホールディングス,スタンダード（内国株式）,サービス業
2499,2026-10-05,311.0,0.0032,0.0332,0.0197,0.0912,-0.0081,0.0699,305.7164,293.9861,True,0.0173,0.7682,404.8673,262.23,0.0161,0.0308,31100.0,1.1179,0.2795,日本和装ホールディングス,スタンダード（内国株式）,サービス業
2501,2026-10-05,1872.0,0.0179,0.0449,0.0083,-0.0124,-0.0194,-0.0337,1853.62,1924.0939,True,0.0099,0.8515,2198.5,1365.2877,0.0238,21.7074,187200.0,0.9854,0.3085,サッポロビール,プライム（内国株式）,食料品
2502,2026-10-05,1584.5,0.008,-0.0078,-0.0455,-0.0109,-0.0733,-0.0322,1621.56,1618.1185,True,-0.0229,0.8776,1805.5,1428.3381,0.0164,92.6163,158450.0,0.8724,0.3259,アサヒグループホールディングス,プライム（内国株式）,食料品
2503,2026-10-05,2818.5,0.0048,-0.0058,-0.0524,-0.0107,-0.0802,-0.032,2880.98,2896.4668,True,-0.0217,0.8916,3161.0,2050.6695,0.0174,86.2408,281850.0,0.9539,0.2359,キリンホールディングス,プライム（内国株式）,食料品
250A,2026-10-05,1529.0,-0.002,-0.0335,-0.0432,-0.0767,-0.071,-0.098,1585.2753,1624.6918,False,-0.0355,0.7829,1953.0047,1520.0,0.0101,0.6711,152900.0,1.6357,0.5393,シマダヤ,スタンダード（内国株式）,食料品
2531,2026-10-05,2646.5,0.0179,0.0109,0.2216,0.2384,0.1938,0.2171,2449.94,2248.42,True,0.0802,0.9767,2709.5,1340.8332,0.0339,18.4351,264650.0,1.5919,0.2687,宝ホールディングス,プライム（内国株式）,食料品
2533,2026-10-05,470.0,-0.0105,-0.0329,0.024,-0.0467,-0.0038,-0.068,472.12,480.92,False,-0.0045,0.7809,601.8896,409.0,0.0196,0.6096,47000.0,0.6478,0.2388,オエノンホールディングス,プライム（内国株式）,食料品
253A,2026-10-05,1030.0,-0.0068,0.0088,-0.0029,-0.0933,-0.0307,-0.1146,1036.2374,1068.1191,False,-0.006,0.6781,1519.0,938.0,0.018,0.1507,103000.0,0.7006,0.2042,ＥＴＳグループ,スタンダード（内国株式）,建設業
254A,2026-10-05,1150.0,0.0088,-0.0103,-0.0566,0.1386,-0.0844,0.1173,1193.32,1161.0,True,-0.0363,0.8462,1359.0,814.0,0.0216,0.2277,115000.0,0.4897,0.468,ＡＩフュージョンキャピタルグループ,スタンダード（内国株式）,証券、商品先物取引業
255A,2026-10-05,5670.0,0.0328,0.05,0.134,-0.1141,0.1062,-0.1354,5249.0,5609.4,False,0.0802,0.7941,7140.0,2763.6717,0.0367,2.3111,567000.0,0.5159,0.2887,ジーエルテクノホールディングス,スタンダード（内国株式）,精密機器
256A,2026-10-05,2275.0,-0.0018,-0.0022,0.0636,0.0996,0.0358,0.0782,2244.84,2114.2,True,0.0134,0.8895,2557.7365,1886.0,0.025,5.924,227500.0,1.0099,0.267,飛島ホールディングス,プライム（内国株式）,建設業
2573,2026-10-05,4130.0,-0.0012,0.0024,0.0085,0.0377,-0.0193,0.0164,4079.4,4030.2272,False,0.0124,0.9368,4408.4268,3543.8046,0.006,0.1446,413000.0,0.8945,0.3652,北海道コカ・コーラボトリング,スタンダード（内国株式）,食料品
2579,2026-10-05,3773.0,-0.0034,-0.0019,-0.035,-0.1516,-0.0628,-0.1729,3823.56,4004.5188,True,-0.0132,0.8097,4660.0,2393.1195,0.0228,28.1015,377300.0,0.8924,0.2351,コカ・コーラ　ボトラーズジャパンホールディングス,プライム（内国株式）,食料品
2585,2026-10-05,1305.0,-0.0151,0.014,-0.1312,-0.1746,-0.159,-0.1959,1410.12,1498.8267,False,-0.0745,0.5433,2401.8076,919.0641,0.0406,8.2022,130500.0,0.9289,0.2906,ライフドリンク　カンパニー,プライム（内国株式）,食料品
2586,2026-10-05,57.0,-0.0172,-0.0806,-0.25,-0.4818,-0.2778,-0.5031,68.44,86.72,False,-0.1672,0.205,278.0,56.0,0.0464,0.6019,5700.0,1.0076,0.4541,フルッタフルッタ,グロース（内国株式）,食料品
2587,2026-10-05,4502.0,0.0081,-0.0007,-0.017,-0.0258,-0.0448,-0.0471,4507.64,4542.5083,True,-0.0013,0.8451,5327.2522,4049.462,0.0157,41.2472,450200.0,0.8235,0.2496,サントリービバレッジ＆フード,プライム（内国株式）,食料品
2588,2026-10-05,3610.0,0.014,0.0,-0.0296,-0.0512,-0.0574,-0.0726,3660.5935,3691.4645,True,-0.0138,0.8425,4284.9936,3117.7024,0.0313,0.1532,361000.0,1.1498,0.27,プレミアムウォーターホールディングス,スタンダード（内国株式）,食料品
2590,2026-10-05,2857.0,0.0018,-0.038,-0.0348,0.0516,-0.0626,0.0303,2984.96,2886.7258,True,-0.0429,0.8048,3550.0,2374.1045,0.0218,2.275,285700.0,0.6124,0.3929,ダイドーグループホールディングス,プライム（内国株式）,食料品
2593,2026-10-05,3088.0,0.001,-0.0077,-0.0565,0.0263,-0.0843,0.0049,3130.28,3016.2867,True,-0.0135,0.8665,3563.8499,2630.0,0.0226,13.1038,308800.0,1.0516,0.3804,伊藤園,プライム（内国株式）,食料品
2594,2026-10-05,1941.0,0.0005,-0.0207,-0.0457,-0.0197,-0.0735,-0.041,2005.0778,1994.3326,True,-0.032,0.9396,2065.7705,1898.3023,0.0083,2.253,194100.0,1.7268,0.5207,キーコーヒー,プライム（内国株式）,食料品
2597,2026-10-05,1319.0,-0.003,0.0177,0.0603,0.1673,0.0325,0.1459,1272.88,1185.32,True,0.0362,0.9902,1332.0,976.6667,0.0139,0.1212,131900.0,1.0171,0.4375,ユニカフェ,スタンダード（内国株式）,食料品
2602,2026-10-05,1994.0,0.004,-0.0192,-0.045,0.0589,-0.0728,0.0376,2060.0214,1961.2871,True,-0.032,0.9348,2133.0,1611.4871,0.0192,5.5758,199400.0,1.1411,0.4343,日清オイリオグループ,プライム（内国株式）,食料品
2607,2026-10-05,4297.0,0.0168,-0.0236,-0.0777,0.0491,-0.1055,0.0278,4455.873,4195.771,True,-0.0357,0.9027,4760.0,3041.0,0.0249,11.9016,429700.0,0.9181,0.3564,不二製油,プライム（内国株式）,食料品
2612,2026-10-05,2835.0,-0.0122,-0.0087,0.2927,0.4992,0.265,0.4779,2501.32,2016.8133,True,0.1334,0.9837,2882.0,1180.4052,0.0229,6.3398,283500.0,2.9052,0.0942,かどや製油,スタンダード（内国株式）,食料品
2613,2026-10-05,2162.0,-0.0028,-0.0463,-0.0645,0.0414,-0.0923,0.0201,2258.4775,2148.7325,True,-0.0427,0.9204,2349.0,1914.4138,0.0181,1.5538,216200.0,0.9869,0.4384,Ｊ－オイルミルズ,プライム（内国株式）,食料品
261A,2026-10-05,1971.0,-0.0081,-0.0189,-0.0174,-0.0228,-0.0452,-0.0441,1991.8,1993.0854,False,-0.0104,0.6468,3047.5297,1918.0,0.0118,0.3983,197100.0,0.7855,0.2843,日水コン,スタンダード（内国株式）,サービス業
262A,2026-10-05,1671.0,0.0054,-0.0199,-0.0341,-0.2151,-0.0619,-0.2364,1737.96,1886.28,False,-0.0385,0.6006,2782.0953,1643.0,0.0268,3.3221,167100.0,0.6191,0.2653,インターメスティック,プライム（内国株式）,小売業
264A,2026-10-05,285.0,-0.0172,-0.0747,-0.0532,-0.1739,-0.081,-0.1952,314.6,299.1867,True,-0.0941,0.345,826.0,241.0,0.0579,0.4285,28500.0,0.2955,0.4121,Ｓｃｈｏｏ,グロース（内国株式）,サービス業
2652,2026-10-05,415.0,0.0247,0.0024,-0.046,-0.0547,-0.0738,-0.076,431.2388,431.4663,True,-0.0377,0.8469,490.0,307.0,0.0272,0.6882,41500.0,0.9901,0.399,まんだらけ,スタンダード（内国株式）,小売業
2653,2026-10-05,2740.0,-0.0044,-0.0179,-0.0183,-0.0218,-0.0461,-0.0431,2795.0,2797.2113,True,-0.0197,0.9248,2962.6917,2720.8446,0.0053,0.4756,274000.0,0.7494,0.5463,イオン九州,スタンダード（内国株式）,小売業
2654,2026-10-05,390.0,-0.0051,-0.1034,-0.0951,-0.0274,-0.1229,-0.0488,425.96,411.76,True,-0.0844,0.8667,450.0,348.1194,0.0278,0.0675,39000.0,1.9046,0.4697,アスモ,スタンダード（内国株式）,小売業
2656,2026-10-05,157.0,-0.0188,-0.0368,-0.0368,-0.0188,-0.0646,-0.0401,161.96,167.48,False,-0.0306,0.5992,262.0,114.0,0.0328,0.3622,15700.0,0.8701,0.2528,ベクターホールディングス,スタンダード（内国株式）,小売業
2659,2026-10-05,3210.0,0.0063,-0.0287,-0.0531,-0.0093,-0.0809,-0.0306,3343.8,3279.0667,True,-0.04,0.9211,3485.0,2527.7212,0.0192,6.2401,321000.0,1.2365,0.437,サンエー,プライム（内国株式）,小売業
265A,2026-10-05,761.0,-0.0065,-0.0142,-0.0065,-0.0499,-0.0343,-0.0713,749.88,700.8533,True,0.0148,0.5637,1350.0,580.0,0.0543,0.5796,76100.0,0.9889,0.2422,Ｈｍｃｏｍｍ,グロース（内国株式）,情報・通信業
2664,2026-10-05,3810.0,0.0053,0.0133,0.0683,0.1494,0.0405,0.128,3698.0375,3544.8214,True,0.0303,0.9915,3842.718,2711.7868,0.0169,2.2738,381000.0,0.6973,0.2569,カワチ薬品,プライム（内国株式）,小売業
2666,2026-10-05,190.0,0.0053,0.0,0.0326,0.1243,0.0048,0.1029,187.44,181.4667,True,0.0137,0.9694,196.0,140.2839,0.015,0.1026,19000.0,0.4988,0.28,オートウェーブ,スタンダード（内国株式）,小売業
2667,2026-10-05,103.0,-0.019,-0.019,0.0,-0.2426,-0.0278,-0.264,105.92,116.3733,False,-0.0276,0.296,348.0,98.0,0.0603,0.7268,10300.0,0.8212,0.2092,イメージ　ワン,スタンダード（内国株式）,卸売業
2668,2026-10-05,1278.0,0.0039,0.0024,0.0047,0.0143,-0.0231,-0.007,1270.72,1265.3333,True,0.0057,0.9724,1314.3156,1172.6236,0.0038,0.0093,127800.0,0.61,0.2059,タビオ,スタンダード（内国株式）,卸売業
2669,2026-10-05,3915.0,-0.0025,-0.0025,0.0,-0.0104,-0.0278,-0.0317,3916.84,3929.892,True,-0.0005,0.963,4065.4989,3232.0219,0.0092,0.1574,391500.0,0.4072,0.1802,カネ美食品,スタンダード（内国株式）,小売業
2670,2026-10-05,2710.0,0.0163,-0.0042,0.0173,-0.0558,-0.0105,-0.0771,2699.02,2710.0244,True,0.0041,0.9146,2963.0161,2305.4846,0.0176,15.2401,271000.0,0.8748,0.2085,エービーシー・マート,プライム（内国株式）,小売業
2673,2026-10-05,102.0,0.0,-0.0097,-0.0973,0.02,-0.1251,-0.0013,107.92,104.8,True,-0.0549,0.2519,405.0,84.0,0.0399,0.0836,10200.0,0.1441,0.1474,夢みつけ隊,スタンダード（内国株式）,小売業
2674,2026-10-05,2540.0,0.0047,-0.0174,-0.0353,-0.0231,-0.0631,-0.0444,2595.8,2686.12,True,-0.0215,0.8207,3095.0,1695.7404,0.022,1.3025,254000.0,0.684,0.3008,ハードオフコーポレーション,プライム（内国株式）,小売業
2676,2026-10-05,2036.0,-0.0034,-0.0073,-0.0078,-0.0351,-0.0356,-0.0564,2062.2059,2087.322,True,-0.0127,0.9255,2200.0,1835.9859,0.0126,0.4258,203600.0,1.3979,0.2886,高千穂交易,プライム（内国株式）,卸売業
2678,2026-10-05,1191.0,-0.0058,-0.0246,-0.0695,-0.071,-0.0973,-0.0923,1250.88,1244.1467,True,-0.0479,0.7297,1632.1681,1042.1681,0.0247,4.9535,119100.0,0.9539,0.2718,アスクル,プライム（内国株式）,小売業
2681,2026-10-05,2245.0,0.0036,-0.0361,-0.0658,0.1281,-0.0935,0.1068,2335.0313,2193.8104,True,-0.0386,0.9038,2484.0,1577.1446,0.0275,3.6617,224500.0,0.8584,0.3125,ゲオホールディングス,プライム（内国株式）,小売業
2683,2026-10-05,994.0,-0.001,0.0,-0.005,-0.009,-0.0328,-0.0303,994.92,1003.84,False,-0.0009,0.9726,1022.0,980.0,0.0018,0.0124,99400.0,0.4912,0.28,ＵＯＧｒｏｕｐ,スタンダード（内国株式）,小売業
2685,2026-10-05,3020.0,0.0107,-0.0274,-0.0835,-0.1526,-0.1113,-0.174,3204.32,3341.0001,False,-0.0575,0.8415,3588.7272,2498.3789,0.0245,6.9186,302000.0,1.02,0.3277,アンドエスティＨＤ,プライム（内国株式）,小売業
2687,2026-10-05,495.0,0.0061,0.002,0.002,0.0501,-0.0258,0.0287,493.6,485.712,True,0.0028,0.8539,579.6861,461.4417,0.0075,0.0186,49500.0,0.6056,0.2692,シー・ヴイ・エス・ベイエリア,スタンダード（内国株式）,サービス業
2689,2026-10-05,1929.0,-0.0005,0.0031,0.0179,-0.0355,-0.0099,-0.0568,1920.76,1915.0194,False,0.0043,0.8977,2148.9253,1780.0,0.0081,0.0522,192900.0,0.8398,0.1413,オルバディーブイエックスヘルスケア,スタンダード（内国株式）,卸売業
268A,2026-10-05,1857.0,0.0345,0.0672,0.2233,-0.2243,0.1955,-0.2456,1656.32,2058.1238,False,0.1212,0.5482,3387.2635,871.0462,0.0432,39.3708,185700.0,0.8948,0.4509,リガク・ホールディングス,プライム（内国株式）,精密機器
2693,2026-10-05,277.0,-0.0072,-0.0415,-0.0036,-0.273,-0.0314,-0.2943,282.48,322.8,False,-0.0194,0.5055,548.0,221.0,0.0211,0.1205,27700.0,0.5184,0.2732,ＹＫＴ,スタンダード（内国株式）,卸売業
2694,2026-10-05,70.0,0.0,-0.0278,-0.0278,-0.0141,-0.0556,-0.0354,71.6,71.2133,True,-0.0223,0.9526,73.4861,68.5208,0.0184,0.1353,7000.0,0.6971,0.2333,焼肉坂井ホールディングス,スタンダード（内国株式）,小売業
2695,2026-10-05,1675.0,-0.0042,-0.0279,-0.0318,0.034,-0.0596,0.0126,1707.84,1657.1467,True,-0.0192,0.8874,1887.5,1514.0,0.0213,9.002,167500.0,0.8841,0.2216,くら寿司,プライム（内国株式）,小売業
2698,2026-10-05,3220.0,-0.0016,-0.0242,-0.0301,-0.0818,-0.0579,-0.1031,3310.06,3447.4516,True,-0.0272,0.8771,3671.3831,3102.7177,0.0129,0.5057,322000.0,0.744,0.2655,キャンドゥ,スタンダード（内国株式）,小売業
269A,2026-10-05,3050.0,0.0049,0.0033,0.1389,0.3389,0.1111,0.3176,2890.4,2558.6667,True,0.0552,0.976,3125.0,1965.0,0.0297,0.2467,305000.0,1.1401,0.2968,Ｓａｐｅｅｔ,グロース（内国株式）,情報・通信業
2700,2026-10-05,1765.0,-0.0045,0.0051,-0.0084,-0.009,-0.0362,-0.0303,1764.76,1757.8432,False,0.0001,0.3396,5196.9806,1659.0,0.0188,0.1685,176500.0,0.6703,0.4215,木徳神糧,スタンダード（内国株式）,卸売業
2702,2026-10-05,7450.0,0.0013,-0.0172,-0.0881,-0.0249,-0.1159,-0.0462,7912.4,7789.0667,True,-0.0584,0.8485,8780.0,5928.7167,0.0176,43.7018,745000.0,1.1704,0.5326,日本マクドナルドホールディングス,スタンダード（内国株式）,小売業
2705,2026-10-05,8770.0,0.0104,0.0023,-0.1282,0.1449,-0.156,0.1236,9057.6,8448.0,True,-0.0318,0.8598,10200.0,5443.9412,0.0269,2.0978,877000.0,1.0977,0.3267,大戸屋ホールディングス,スタンダード（内国株式）,小売業
2708,2026-10-05,1859.0,-0.0005,-0.0231,-0.0267,-0.0747,-0.0545,-0.096,1898.2,1934.48,True,-0.0207,0.7754,2397.5743,1730.0,0.0078,0.0186,185900.0,0.8571,0.4598,久世,スタンダード（内国株式）,卸売業
2721,2026-10-05,100.0,0.0204,-0.0099,-0.0741,-0.1935,-0.1019,-0.2149,104.64,118.12,False,-0.0443,0.3861,259.0,96.0,0.0321,0.0537,10000.0,0.283,0.2489,ジェイホールディングス,スタンダード（内国株式）,卸売業
2722,2026-10-05,359.0,-0.0055,-0.0028,-0.0055,0.0084,-0.0333,-0.0129,360.28,357.6533,False,-0.0036,0.6395,561.3456,349.0,0.0074,0.0151,35900.0,0.9187,0.1892,ＩＫホールディングス,スタンダード（内国株式）,小売業
2726,2026-10-05,1411.0,0.0086,-0.0063,-0.0309,-0.0885,-0.0587,-0.1098,1476.88,1470.9867,True,-0.0446,0.5459,2584.665,1314.0,0.0235,12.859,141100.0,0.8825,0.347,パルグループホールディングス,プライム（内国株式）,小売業
2730,2026-10-05,2403.0,0.0187,-0.0107,-0.0353,0.0737,-0.0631,0.0524,2480.2062,2428.6687,True,-0.0311,0.8903,2699.0,1866.3287,0.0197,7.447,240300.0,1.235,0.4191,エディオン,プライム（内国株式）,小売業
2733,2026-10-05,2490.0,-0.0131,-0.0565,-0.0754,-0.015,-0.1032,-0.0364,2664.7251,2589.8017,True,-0.0656,0.8017,3106.0183,2369.0,0.0178,3.8421,249000.0,1.9587,0.6035,あらた,プライム（内国株式）,卸売業
2734,2026-10-05,1168.0,-0.0068,-0.0481,-0.0355,0.0466,-0.0633,0.0253,1217.8,1162.5067,True,-0.0409,0.927,1260.0,943.0,0.019,1.6346,116800.0,0.8778,0.4471,サーラコーポレーション,プライム（内国株式）,小売業
2735,2026-10-05,720.0,-0.0069,-0.0083,0.0526,0.1684,0.0248,0.147,716.9,669.0089,True,0.0043,0.9626,748.0,578.0979,0.0193,0.3596,72000.0,0.6886,0.2154,ワッツ,スタンダード（内国株式）,小売業
2736,2026-10-05,602.0,0.0033,-0.0211,-0.0066,-0.1118,-0.0344,-0.1331,607.4,644.9593,False,-0.0089,0.8704,691.6421,552.1263,0.0116,0.0179,60200.0,0.6028,0.2857,フェスタリアホールディングス,スタンダード（内国株式）,小売業
2737,2026-10-05,36650.0,-0.0121,-0.0627,0.0875,1.2416,0.0597,1.2203,35990.0,26198.9333,True,0.0183,0.8292,44200.0,6315.1081,0.0841,60.8428,3665000.0,1.5111,0.3034,トーメンデバイス,プライム（内国株式）,卸売業
2742,2026-10-05,3640.0,-0.0055,-0.0606,-0.0877,-0.0346,-0.1155,-0.056,3920.76,3820.0473,True,-0.0716,0.7089,5134.5851,3547.6181,0.0235,1.3891,364000.0,1.1281,0.4667,ハローズ,プライム（内国株式）,小売業
2747,2026-10-05,3185.0,-0.0109,-0.0016,0.0176,0.0341,-0.0102,0.0128,3151.0,3117.8667,True,0.0108,0.9296,3426.2963,2943.0,0.0083,0.0127,318500.0,1.3139,0.4541,北雄ラッキー,スタンダード（内国株式）,小売業
2749,2026-10-05,637.0,0.0095,-0.0392,-0.0363,0.0341,-0.0641,0.0128,658.92,631.2533,True,-0.0333,0.8136,782.9287,563.0,0.0196,2.4707,63700.0,1.6202,0.52,ＪＰホールディングス,プライム（内国株式）,サービス業
274A,2026-10-05,2232.0,0.0059,-0.0045,-0.0167,0.0145,-0.0445,-0.0068,2258.76,2244.9086,True,-0.0118,0.9227,2418.9597,1952.042,0.0097,0.1989,223200.0,0.7414,0.2356,ガーデン,スタンダード（内国株式）,小売業
2750,2026-10-05,1305.0,-0.0061,-0.0225,-0.0355,0.0357,-0.0633,0.0144,1347.4652,1302.8217,True,-0.0315,0.904,1443.6027,1116.0382,0.0122,0.1043,130500.0,1.0629,0.3966,石光商事,スタンダード（内国株式）,卸売業
2751,2026-10-05,3645.0,0.0,0.0014,-0.0319,-0.0162,-0.0597,-0.0375,3683.8,3730.1333,True,-0.0105,0.8978,4060.0732,3416.6464,0.0157,0.3682,364500.0,1.5651,0.2012,テンポスホールディングス,スタンダード（内国株式）,卸売業
2752,2026-10-05,1150.0,0.0009,-0.0043,0.0035,0.0541,-0.0243,0.0328,1152.64,1128.8667,True,-0.0023,0.9656,1190.9618,1045.0,0.0101,0.8709,115000.0,0.7834,0.2765,フジオフードグループ本社,プライム（内国株式）,小売業
2753,2026-10-05,1334.0,-0.0298,-0.0198,-0.0403,0.0152,-0.0681,-0.0061,1386.5175,1363.3458,True,-0.0379,0.8593,1552.4276,1267.0,0.0174,0.5333,133400.0,1.6023,0.5087,あみやき亭,プライム（内国株式）,小売業
2760,2026-10-05,4630.0,0.0176,0.0499,0.1279,0.1503,0.1001,0.129,4249.306,4083.1687,True,0.0896,0.9789,4730.0,2682.9467,0.033,4.9567,463000.0,0.8334,0.3698,東京エレクトロン　デバイス,プライム（内国株式）,卸売業
2762,2026-10-05,68.0,0.0,0.0,-0.0145,-0.2184,-0.0423,-0.2397,68.4,78.2267,False,-0.0058,0.6239,109.0,63.0,0.0263,0.1244,6800.0,1.167,0.336,ＳＡＮＫＯ　ＭＡＲＫＥＴＩＮＧ　ＦＯＯＤＳ,スタンダード（内国株式）,小売業
2764,2026-10-05,158.0,-0.0063,-0.0539,-0.0125,0.0822,-0.0403,0.0609,164.24,151.0133,True,-0.038,0.8778,180.0,107.0,0.0298,0.3004,15800.0,0.8916,0.3394,ひらまつ,スタンダード（内国株式）,小売業
2767,2026-10-05,2425.0,-0.0358,-0.0241,-0.0323,0.6782,-0.0601,0.6569,2534.686,2070.522,True,-0.0433,0.9059,2677.0,1321.0,0.0315,10.7142,242500.0,0.569,0.3302,円谷フィールズホールディングス,プライム（内国株式）,卸売業
2768,2026-10-05,5498.0,-0.0067,-0.0245,-0.0285,0.0323,-0.0562,0.011,5707.4287,5474.5962,True,-0.0367,0.7674,7164.2063,3788.9245,0.0231,69.3144,549800.0,1.0024,0.3651,双日,プライム（内国株式）,卸売業
2769,2026-10-05,933.0,0.0011,0.0032,0.0021,0.0554,-0.0256,0.0341,926.16,896.3333,True,0.0074,0.9032,1033.0,808.0,0.0052,0.0374,93300.0,1.0982,0.4324,ヴィレッジヴァンガードコーポレーション,スタンダード（内国株式）,小売業
276A,2026-10-05,4120.0,-0.019,-0.0668,0.1272,0.2454,0.0994,0.2241,4070.2,3598.4374,True,0.0122,0.5325,7737.2658,2452.1179,0.0391,1.034,412000.0,0.611,0.267,ククレブ・アドバイザーズ,グロース（内国株式）,不動産業
2776,2026-10-05,90.0,-0.0217,-0.0426,-0.1089,-0.0625,-0.1367,-0.0838,98.44,95.44,False,-0.0857,0.596,151.0,89.0,0.0429,0.2657,9000.0,0.5664,0.2074,新都ホールディングス,スタンダード（内国株式）,卸売業
2778,2026-10-05,125.0,0.0081,0.0593,0.087,0.1161,0.0592,0.0948,116.6,113.6533,True,0.072,0.6983,179.0,105.0,0.0291,0.0709,12500.0,1.8967,0.4118,パレモ・ホールディングス,スタンダード（内国株式）,小売業
277A,2026-10-05,1854.0,0.0093,-0.0117,0.0087,-0.1964,-0.0191,-0.2177,1864.12,1880.1467,False,-0.0054,0.5795,3199.3376,1552.0,0.0302,1.9053,185400.0,0.4223,0.1911,グロービング,プライム（内国株式）,サービス業
2780,2026-10-05,4525.0,0.01,0.0235,-0.0877,-0.1004,-0.1155,-0.1217,4659.9152,4990.6384,False,-0.029,0.7492,6040.0,2619.4673,0.0225,4.3077,452500.0,0.6759,0.299,コメ兵ホールディングス,スタンダード（内国株式）,小売業
2782,2026-10-05,4470.0,-0.0011,-0.0304,0.0068,0.2434,-0.021,0.2221,4614.7759,4108.392,True,-0.0314,0.9113,4905.0,2862.126,0.0278,16.5022,447000.0,0.8741,0.3101,セリア,スタンダード（内国株式）,小売業
2784,2026-10-05,2226.0,0.0025,-0.0368,-0.0448,0.0091,-0.0726,-0.0123,2308.0326,2271.6975,True,-0.0355,0.8403,2649.1155,2027.1579,0.0178,10.6038,222600.0,1.1381,0.4389,アルフレッサ　ホールディングス,プライム（内国株式）,卸売業
2788,2026-10-05,410.0,0.0199,-0.0097,-0.012,0.0904,-0.0398,0.0691,408.04,394.7867,True,0.0048,0.9213,445.0,323.2346,0.0293,0.3913,41000.0,2.026,0.4917,アップルインターナショナル,スタンダード（内国株式）,卸売業
2789,2026-10-05,472.0,-0.0288,-0.0207,-0.0146,0.0194,-0.0424,-0.0019,478.8,472.6667,True,-0.0142,0.9295,507.8182,453.0,0.0115,0.0148,47200.0,1.9713,0.3316,カルラ,スタンダード（内国株式）,小売業
278A,2026-10-05,9050.0,-0.0033,-0.0732,-0.5411,-0.0718,-0.5689,-0.0931,16266.0,12901.4667,True,-0.4436,0.3868,23400.0,2000.0,0.2018,408.9855,905000.0,0.6949,0.621,Ｔｅｒｒａ　Ｄｒｏｎｅ,グロース（内国株式）,精密機器
2790,2026-10-05,2019.0,0.0146,-0.039,-0.0458,-0.076,-0.0736,-0.0973,2095.9589,2151.7596,False,-0.0367,0.8612,2344.3482,1895.2203,0.0158,0.1963,201900.0,1.184,0.4402,ナフコ,スタンダード（内国株式）,小売業
2791,2026-10-05,4300.0,-0.0092,-0.0487,-0.0622,-0.056,-0.09,-0.0773,4562.6,4472.2,True,-0.0576,0.5812,7398.5649,3965.0,0.0213,2.1601,430000.0,0.7429,0.4304,大黒天物産,プライム（内国株式）,小売業
2792,2026-10-05,1376.0,-0.0029,-0.0303,-0.0451,-0.0303,-0.0729,-0.0516,1434.2,1418.0667,True,-0.0406,0.8947,1537.8982,1315.0,0.0124,0.9306,137600.0,1.2761,0.5155,ハニーズホールディングス,プライム（内国株式）,小売業
2795,2026-10-05,1016.0,0.0528,0.018,0.0539,0.0474,0.0261,0.0261,965.24,960.8,True,0.0526,0.999,1017.0,841.2623,0.0124,0.0084,101600.0,2.1081,0.4825,日本プリメックス,スタンダード（内国株式）,卸売業
2796,2026-10-05,510.0,0.002,0.0079,0.0099,0.0537,-0.0179,0.0324,505.52,496.7067,False,0.0089,0.9386,543.3708,471.0,0.0162,0.0508,51000.0,2.0862,0.2897,ファーマライズホールディングス,スタンダード（内国株式）,小売業
2798,2026-10-05,2999.0,0.001,0.0023,0.0013,-0.0003,-0.0265,-0.0217,2999.68,3013.8,True,-0.0002,0.9706,3090.0,2880.0,0.0027,0.0462,299900.0,0.4832,0.1842,ワイズテーブルコーポレーション,スタンダード（内国株式）,小売業
2801,2026-10-05,1710.5,0.0382,0.0335,-0.0666,0.032,-0.0944,0.0107,1713.8047,1687.8749,True,-0.0019,0.9159,1867.5,1189.5095,0.0233,64.1529,171050.0,1.0491,0.287,キッコーマン,プライム（内国株式）,食料品
2802,2026-10-05,5321.0,0.0209,0.0683,0.0184,-0.1264,-0.0094,-0.1477,5118.6326,5356.5842,False,0.0395,0.8393,6340.0,3252.6754,0.0245,156.8264,532100.0,0.9718,0.3424,味の素,プライム（内国株式）,食料品
2804,2026-10-05,1836.0,-0.0022,-0.0097,-0.0166,0.0315,-0.0444,0.0101,1858.6975,1815.0192,True,-0.0122,0.8559,2145.0406,1688.0,0.013,0.3217,183600.0,1.0221,0.2755,ブルドックソース,プライム（内国株式）,食料品
2805,2026-10-05,6990.0,0.0029,-0.0617,-0.0127,0.2199,-0.0405,0.1986,7334.7727,6479.3909,True,-0.047,0.8784,7957.9548,3138.104,0.0416,6.294,699000.0,1.2194,0.3884,ヱスビー食品,スタンダード（内国株式）,食料品
2806,2026-10-05,1975.0,-0.0075,0.0561,0.034,0.0635,0.0062,0.0422,1925.8942,1891.6581,False,0.0255,0.8484,2328.0375,1800.0,0.0172,0.0291,197500.0,1.4048,0.4322,ユタカフーズ,スタンダード（内国株式）,食料品
2809,2026-10-05,4306.0,0.012,-0.0258,-0.1016,-0.036,-0.1294,-0.0574,4561.88,4522.72,True,-0.0561,0.8736,4929.0,3792.3381,0.02,18.8046,430600.0,1.3526,0.4184,キユーピー,プライム（内国株式）,食料品
280A,2026-10-05,1098.0,-0.0152,0.0027,0.0408,-0.4366,0.013,-0.458,1098.72,1345.9733,False,-0.0007,0.3327,3300.0,805.0,0.0375,0.2663,109800.0,0.2805,0.2042,ＴＭＨ,グロース（内国株式）,卸売業
2810,2026-10-05,4037.0,0.0153,0.0035,0.028,0.0375,0.0002,0.0162,3935.5833,3838.0611,True,0.0258,0.9763,4135.0,2714.5698,0.0178,10.5997,403700.0,1.0985,0.2133,ハウス食品グループ本社,プライム（内国株式）,食料品
2811,2026-10-05,2636.0,0.0076,-0.0124,-0.0432,-0.0155,-0.071,-0.0368,2713.06,2678.68,True,-0.0284,0.9013,2924.6379,2492.5,0.0159,9.2214,263600.0,1.2888,0.3193,カゴメ,プライム（内国株式）,食料品
2813,2026-10-05,3920.0,0.0182,0.0051,-0.0051,-0.02,-0.0329,-0.0413,3909.4,3956.1333,True,0.0027,0.9526,4115.0,2870.0723,0.0147,0.0378,392000.0,0.9278,0.1739,和弘食品,スタンダード（内国株式）,食料品
2814,2026-10-05,1739.0,0.0052,-0.1008,-0.1048,0.1274,-0.1326,0.1061,1894.3622,1687.2207,True,-0.082,0.8556,2032.5,1487.234,0.0293,0.122,173900.0,1.4088,0.4559,佐藤食品工業,スタンダード（内国株式）,食料品
2815,2026-10-05,5030.0,0.006,-0.0252,-0.072,-0.0419,-0.0998,-0.0632,5271.1724,5243.2575,False,-0.0458,0.8141,6178.542,4940.0,0.013,5.2284,503000.0,1.3623,0.4571,アリアケジャパン,プライム（内国株式）,食料品
2816,2026-10-05,1402.0,0.0,0.0014,-0.0113,-0.0021,-0.0391,-0.0235,1413.074,1409.8247,True,-0.0078,0.9866,1421.0,1381.2859,0.0045,0.0832,140200.0,3.0046,0.3343,ダイショー,スタンダード（内国株式）,食料品
2818,2026-10-05,1758.0,0.0034,0.0023,-0.0057,0.0046,-0.0335,-0.0167,1760.76,1753.6933,True,-0.0016,0.9888,1778.0,1708.7126,0.0045,0.0582,175800.0,1.6295,0.2523,ピエトロ,スタンダード（内国株式）,食料品
2819,2026-10-05,2473.0,0.009,-0.008,-0.026,0.0219,-0.0538,0.0006,2502.6943,2485.2714,True,-0.0119,0.8805,2808.4981,2308.0,0.013,0.258,247300.0,0.9848,0.2307,エバラ食品工業,スタンダード（内国株式）,食料品
281A,2026-10-05,388.0,0.0292,-0.0077,-0.0913,-0.3792,-0.1191,-0.4005,409.04,484.5467,False,-0.0514,0.2463,1575.0,306.0,0.0418,0.3281,38800.0,0.4219,0.2344,インフォメティス,グロース（内国株式）,情報・通信業
2820,2026-10-05,6220.0,0.0097,-0.0158,0.0542,0.2642,0.0264,0.2429,6303.2,5511.7373,True,-0.0132,0.908,6850.0,3475.6163,0.0367,1.115,622000.0,0.819,0.2319,やまみ,スタンダード（内国株式）,食料品
2831,2026-10-05,3670.0,0.011,-0.0239,0.0,0.0638,-0.0278,0.0424,3681.0553,3606.3518,True,-0.003,0.9609,3819.4466,3174.3929,0.0139,0.0585,367000.0,1.1363,0.4312,はごろもフーズ,スタンダード（内国株式）,食料品
285A,2026-10-05,19120.0,-0.0093,0.0754,-0.6251,-0.7657,-0.6529,-0.787,42008.4667,58887.3556,False,-0.5449,0.1697,112700.0,4355.0,0.2437,13383.3547,1912000.0,1.127,0.8022,キオクシアホールディングス,プライム（内国株式）,電気機器
286A,2026-10-05,761.0,0.016,0.034,-0.0753,0.0453,-0.1031,0.024,788.4,772.9333,True,-0.0348,0.7289,1044.0,613.0,0.0247,0.1743,76100.0,0.9239,0.3939,ユカリア,グロース（内国株式）,サービス業
2871,2026-10-05,2096.0,0.0043,-0.0434,-0.0267,-0.0429,-0.0545,-0.0642,2157.6241,2153.7614,True,-0.0286,0.8848,2369.0,1687.2656,0.0216,28.0553,209600.0,0.8442,0.3933,ニチレイ,プライム（内国株式）,食料品
2872,2026-10-05,1903.0,0.0,-0.0099,-0.017,-0.0612,-0.0448,-0.0825,1930.88,1983.56,False,-0.0144,0.8499,2239.0,1903.0,0.0039,0.0384,190300.0,0.3981,0.3365,セイヒョー,スタンダード（内国株式）,食料品
2874,2026-10-05,1880.0,0.0048,-0.1312,-0.1443,-0.0953,-0.1721,-0.1166,2139.1236,2101.4145,False,-0.1211,0.693,2713.0,1150.8495,0.0399,4.2026,188000.0,1.2621,0.4808,横浜冷凍,プライム（内国株式）,卸売業
2875,2026-10-05,9919.0,0.0465,0.034,-0.0611,-0.0871,-0.0889,-0.1084,10022.5094,10338.2498,False,-0.0103,0.8099,12247.4764,9415.0,0.0206,47.5718,991900.0,1.2413,0.3008,東洋水産,プライム（内国株式）,食料品
2876,2026-10-05,467.0,-0.0168,-0.0148,0.0043,0.0241,-0.0235,0.0028,472.32,468.08,True,-0.0113,0.9215,506.7797,409.322,0.0168,0.0143,46700.0,0.5095,0.3182,デルソーレ,スタンダード（内国株式）,食料品
2877,2026-10-05,749.0,-0.0079,-0.0171,-0.0066,0.0081,-0.0344,-0.0132,752.84,746.56,True,-0.0051,0.9398,797.0,708.5714,0.0116,0.0137,74900.0,0.4397,0.3672,日東ベスト,スタンダード（内国株式）,食料品
287A,2026-10-05,1147.0,0.0097,0.007,-0.0353,0.0399,-0.0631,0.0186,1153.0074,1127.8958,True,-0.0052,0.925,1240.0,805.6197,0.0183,4.7753,114700.0,0.8901,0.3007,黒田グループ,スタンダード（内国株式）,卸売業
2882,2026-10-05,2008.0,0.0005,-0.002,-0.0108,-0.0047,-0.0386,-0.026,2019.14,2028.4488,True,-0.0055,0.9614,2088.6261,1904.9009,0.0065,0.3446,200800.0,0.7772,0.1683,イートアンドホールディングス,プライム（内国株式）,食料品
2883,2026-10-05,1963.0,-0.0036,-0.0438,-0.0301,-0.0111,-0.0579,-0.0324,2024.08,2003.6667,True,-0.0302,0.9538,2058.0,1878.5235,0.0075,0.1021,196300.0,2.4126,0.7101,大冷,スタンダード（内国株式）,食料品
2884,2026-10-05,584.0,-0.0017,-0.0596,-0.0656,-0.0641,-0.0934,-0.0854,620.44,629.7733,False,-0.0587,0.5478,1066.0,570.0,0.0185,0.5155,58400.0,1.0055,0.4265,ヨシムラ・フード・ホールディングス,プライム（内国株式）,食料品
288A,2026-10-05,93.0,-0.0211,-0.0106,-0.0211,-0.0312,-0.0489,-0.0526,94.2,94.52,False,-0.0127,0.5225,178.0,87.0,0.023,0.0547,9300.0,1.1114,0.2333,ラクサス・テクノロジーズ,グロース（内国株式）,サービス業
2892,2026-10-05,4915.0,0.0031,0.0446,0.0779,0.1578,0.0501,0.1365,4673.6902,4443.2967,True,0.0516,0.9869,4980.0,3278.7185,0.0225,0.273,491500.0,1.2255,0.362,日本食品化工,スタンダード（内国株式）,食料品
2894,2026-10-05,358.0,-0.0192,0.0,-0.0402,0.0881,-0.068,0.0668,362.12,343.8267,True,-0.0114,0.926,386.6067,307.5056,0.02,0.0258,35800.0,0.9739,0.21,石井食品,スタンダード（内国株式）,食料品
2897,2026-10-05,2850.0,0.0155,-0.0149,-0.0588,-0.0203,-0.0866,-0.0416,2936.7234,2898.6211,True,-0.0295,0.8598,3314.5479,2527.0,0.0218,34.3419,285000.0,0.8654,0.3398,日清食品ホールディングス,プライム（内国株式）,食料品
2901,2026-10-05,134.0,-0.0074,-0.1126,-0.1067,-0.284,-0.1345,-0.3053,147.0,165.7541,False,-0.0884,0.1883,711.519,128.0,0.0448,0.1739,13400.0,0.9672,0.4333,ウェルディッシュ,スタンダード（内国株式）,食料品
2903,2026-10-05,1500.0,0.0,-0.026,-0.0926,-0.031,-0.1204,-0.0523,1588.6765,1589.8788,True,-0.0558,0.715,2098.0198,1377.2277,0.0213,0.0365,150000.0,0.6028,0.423,シノブフーズ,スタンダード（内国株式）,食料品
2904,2026-10-05,754.0,-0.0026,-0.0026,0.0027,-0.0053,-0.0251,-0.0266,754.56,757.9959,False,-0.0007,0.9729,774.9823,727.835,0.0034,0.0261,75400.0,0.9233,0.1944,一正蒲鉾,スタンダード（内国株式）,食料品
2907,2026-10-05,1494.0,-0.0066,-0.0361,-0.0248,-0.0604,-0.0526,-0.0817,1533.6,1521.0,True,-0.0258,0.884,1690.0,1146.069,0.0131,0.045,149400.0,1.0099,0.504,あじかん,スタンダード（内国株式）,食料品
2908,2026-10-05,1534.0,-0.0071,-0.0472,-0.0572,0.0066,-0.085,-0.0148,1610.1544,1571.6115,True,-0.0473,0.9285,1652.0869,1455.0,0.0115,0.7358,153400.0,1.0076,0.6111,フジッコ,プライム（内国株式）,食料品
290A,2026-10-05,1450.0,0.0161,0.0069,0.0119,0.131,-0.0159,0.1097,1462.04,1330.28,False,-0.0082,0.6776,2140.0,842.0,0.0408,13.7775,145000.0,0.7792,0.3534,Ｓｙｎｓｐｅｃｔｉｖｅ,グロース（内国株式）,情報・通信業
2910,2026-10-05,1344.0,-0.0118,-0.0427,-0.0488,-0.0022,-0.0766,-0.0235,1402.48,1370.84,True,-0.0417,0.9075,1480.938,1214.0,0.0151,0.8243,134400.0,1.1972,0.419,ロック・フィールド,プライム（内国株式）,食料品
2911,2026-10-05,2256.0,0.0045,-0.0166,0.0022,-0.0079,-0.0256,-0.0292,2258.04,2261.4533,True,-0.0009,0.9641,2339.9055,2208.4391,0.0086,0.0145,225600.0,1.2838,0.2738,旭松食品,スタンダード（内国株式）,食料品
2914,2026-10-05,6930.0,0.0146,0.0117,-0.0104,0.1197,-0.0382,0.0984,6850.84,6592.2156,True,0.0116,0.9601,7218.0,4536.8772,0.018,262.5158,693000.0,1.0633,0.1822,日本たばこ産業,プライム（内国株式）,食料品
2915,2026-10-05,1948.0,-0.0076,-0.0186,-0.0576,-0.0122,-0.0854,-0.0335,2033.4551,2028.0584,True,-0.042,0.8328,2339.0,1768.3421,0.0182,0.6536,194800.0,1.0847,0.5375,ケンコーマヨネーズ,プライム（内国株式）,食料品
2916,2026-10-05,720.0,-0.0014,-0.0349,-0.0336,-0.0244,-0.0614,-0.0457,737.2,735.8667,True,-0.0233,0.9461,761.0,680.5209,0.01,0.0178,72000.0,0.9793,0.3604,仙波糖化工業,スタンダード（内国株式）,食料品
2917,2026-10-05,900.0,0.0124,-0.0132,-0.027,-0.0207,-0.0548,-0.042,918.08,925.84,False,-0.0197,0.9454,952.0,883.0,0.0079,0.0411,90000.0,1.8359,0.5657,大森屋,スタンダード（内国株式）,食料品
2918,2026-10-05,2638.0,0.0019,-0.0355,-0.0511,-0.0069,-0.0789,-0.0283,2740.16,2682.7668,True,-0.0373,0.7176,3675.9379,2481.1532,0.014,2.1472,263800.0,0.8671,0.4432,わらべや日洋ホールディングス,プライム（内国株式）,食料品
291A,2026-10-05,2012.0,-0.002,-0.0098,0.0095,0.1471,-0.0183,0.1258,2007.28,1871.7467,True,0.0024,0.5199,3870.0,1636.0,0.0186,0.0509,201200.0,1.0507,0.2667,リスキル,グロース（内国株式）,サービス業
2922,2026-10-05,1954.0,-0.0041,-0.021,-0.0191,0.001,-0.0469,-0.0203,1987.2895,1973.4698,True,-0.0168,0.9569,2042.0,1846.8068,0.0106,0.3038,195400.0,0.9248,0.2902,なとり,プライム（内国株式）,食料品
2923,2026-10-05,7100.0,0.0071,-0.0139,-0.1001,-0.1517,-0.1279,-0.1731,7550.0,7983.8667,True,-0.0596,0.7906,8980.0,6610.0,0.0282,0.2444,710000.0,1.0892,0.24,サトウ食品,スタンダード（内国株式）,食料品
2924,2026-10-05,1865.0,0.0065,-0.0143,-0.0241,-0.0947,-0.0519,-0.116,1910.8201,1988.1667,False,-0.024,0.8139,2291.3644,1783.0,0.0128,0.0372,186500.0,0.5545,0.3895,イフジ産業,スタンダード（内国株式）,食料品
2926,2026-10-05,108.0,-0.0182,-0.0847,-0.136,0.0485,-0.1638,0.0272,121.9095,114.1165,True,-0.1141,0.7883,137.0,89.0,0.0372,0.1698,10800.0,0.7407,0.586,篠崎屋,スタンダード（内国株式）,食料品
2927,2026-10-05,839.0,-0.0012,-0.0094,-0.0345,-0.0012,-0.0623,-0.0225,857.56,845.8768,True,-0.0216,0.9399,892.6581,790.2219,0.0058,0.1396,83900.0,0.6363,0.3706,ＡＦＣ－ＨＤアムスライフサイエンス,スタンダード（内国株式）,食料品
2929,2026-10-05,688.0,0.0147,-0.0171,0.1448,0.1751,0.117,0.1538,664.96,604.1315,True,0.0346,0.8376,821.4337,502.2588,0.0478,2.7715,68800.0,1.4054,0.2678,ファーマフーズ,プライム（内国株式）,食料品
2930,2026-10-05,134.0,0.0152,-0.0147,0.0388,0.0606,0.011,0.0393,131.612,123.6221,True,0.0181,0.9234,145.12,110.5466,0.0256,0.4566,13400.0,0.9625,0.2042,北の達人コーポレーション,プライム（内国株式）,化学
2931,2026-10-05,333.0,0.0,-0.0486,-0.0403,-0.032,-0.0681,-0.0533,346.96,344.0667,False,-0.0402,0.7151,465.6774,318.0,0.0202,2.0187,33300.0,0.8956,0.3723,ユーグレナ,プライム（内国株式）,食料品
2932,2026-10-05,1107.0,0.0,0.0073,-0.0098,0.0326,-0.0376,0.0113,1107.76,1089.2238,True,-0.0007,0.853,1297.8479,980.9886,0.0112,0.1082,110700.0,1.1185,0.178,ＳＴＩフードホールディングス,スタンダード（内国株式）,食料品
2933,2026-10-05,1058.0,-0.0267,-0.0503,-0.0554,-0.0075,-0.0832,-0.0288,1120.04,1099.0267,True,-0.0554,0.8897,1189.1966,1007.6773,0.0119,0.9951,105800.0,2.0922,0.6284,紀文食品,プライム（内国株式）,食料品
2934,2026-10-05,2037.0,0.0,0.0109,0.0231,0.2999,-0.0047,0.2786,2011.48,1849.4133,True,0.0127,0.9723,2095.0,1196.0,0.0181,0.0765,203700.0,0.4012,0.2229,ジェイフロンティア,グロース（内国株式）,食料品
2935,2026-10-05,1163.0,0.0017,-0.0396,-0.042,0.033,-0.0698,0.0117,1199.04,1154.0775,True,-0.0301,0.8541,1361.7415,1053.7179,0.0125,0.2868,116300.0,1.2529,0.4345,ピックルスホールディングス,プライム（内国株式）,食料品
2936,2026-10-05,276.0,0.011,0.0073,0.0185,-0.0515,-0.0093,-0.0729,274.68,273.88,False,0.0048,0.552,500.0,255.0,0.0241,0.0686,27600.0,0.5652,0.3011,ベースフード,グロース（内国株式）,食料品
2937,2026-10-05,1708.0,0.0041,-0.0474,-0.0279,0.0185,-0.0557,-0.0028,1753.76,1726.24,True,-0.0261,0.8754,1951.2027,1594.4786,0.012,0.0921,170800.0,1.9629,0.6217,サンクゼール,グロース（内国株式）,食料品
2938,2026-10-05,1201.0,-0.0172,-0.0625,-0.0438,-0.0338,-0.0716,-0.0551,1268.2,1293.7645,False,-0.053,0.716,1677.3212,1012.3018,0.0176,0.686,120100.0,1.1013,0.5014,オカムラ食品工業,スタンダード（内国株式）,食料品
2961,2026-10-05,1499.0,0.0149,-0.0106,-0.0775,-0.1143,-0.1053,-0.1356,1522.8642,1524.5147,True,-0.0157,0.7879,1902.5,1017.5,0.0328,0.0142,149900.0,0.833,0.4199,日本調理機,スタンダード（内国株式）,金属製品
2962,2026-10-05,2898.0,0.0608,0.3859,0.9728,0.8916,0.945,0.8703,1915.96,1565.2,True,0.5126,0.9533,3040.0,266.0,0.0805,10.6797,289800.0,1.8848,0.5716,テクニスコ,スタンダード（内国株式）,金属製品
296A,2026-10-05,1110.0,0.0045,-0.0501,0.0082,0.4567,-0.0196,0.4354,1154.865,949.3283,True,-0.0388,0.8894,1248.0,595.9507,0.0429,0.7856,111000.0,0.4408,0.3593,令和アカウンティング・ホールディングス,グロース（内国株式）,サービス業
2970,2026-10-05,1153.0,-0.0335,0.0258,0.0578,0.2438,0.03,0.2225,1107.6,1041.9333,False,0.041,0.905,1274.0,783.0,0.0183,0.0744,115300.0,0.6549,0.4872,ＧＬＣ　ＧＲＯＵＰ,スタンダード（内国株式）,不動産業
2975,2026-10-05,1249.0,-0.0134,-0.1179,-0.1673,-0.1963,-0.1951,-0.2176,1428.56,1507.0267,False,-0.1257,0.6882,1814.8052,1059.5059,0.0373,4.4937,124900.0,2.1931,0.4545,スター・マイカ・ホールディングス,プライム（内国株式）,不動産業
2978,2026-10-05,318.0,0.016,0.0,-0.0507,-0.0783,-0.0785,-0.0996,330.76,340.9333,False,-0.0386,0.53,600.0,304.0,0.0296,0.0268,31800.0,1.6174,0.297,ツクルバ,グロース（内国株式）,不動産業
297A,2026-10-05,210.0,0.0,-0.0094,-0.0141,-0.0411,-0.0419,-0.0624,212.24,213.9333,True,-0.0106,0.8249,254.5833,206.0,0.0092,0.0567,21000.0,0.8112,0.2074,アルピコホールディングス,スタンダード（内国株式）,小売業
2980,2026-10-05,2303.0,-0.0137,-0.0013,-0.0303,-0.1283,-0.0581,-0.1496,2345.16,2460.96,False,-0.018,0.5549,4150.0,2199.0,0.0199,5.0611,230300.0,0.6166,0.2156,ＳＲＥホールディングス,プライム（内国株式）,不動産業
2981,2026-10-05,2210.0,0.0105,-0.0379,0.0045,0.0569,-0.0233,0.0356,2244.2833,2125.1211,True,-0.0153,0.7531,2934.3984,1844.0,0.0251,0.0965,221000.0,0.9793,0.3252,ランディックス,グロース（内国株式）,不動産業
2982,2026-10-05,399.0,-0.0124,-0.0567,-0.0785,-0.0099,-0.1063,-0.0312,425.24,413.0803,True,-0.0617,0.7987,499.5426,360.9976,0.0209,0.9509,39900.0,0.8751,0.4786,ＡＤワークスグループ,プライム（内国株式）,不動産業
2983,2026-10-05,1605.0,-0.0025,-0.0349,-0.0808,0.0557,-0.1086,0.0344,1686.48,1558.258,True,-0.0483,0.6805,2358.5063,1074.3704,0.0314,1.0116,160500.0,1.0286,0.284,アールプランナー,グロース（内国株式）,不動産業
2984,2026-10-05,793.0,-0.021,0.0206,0.0285,0.0673,0.0007,0.046,772.04,750.6,True,0.0271,0.9718,816.0,663.1745,0.0188,0.0718,79300.0,1.5078,0.355,ヤマイチエステート,スタンダード（内国株式）,不動産業
2986,2026-10-05,2747.0,-0.0172,-0.0541,-0.0115,-0.0766,-0.0393,-0.098,2851.96,2806.9446,True,-0.0368,0.709,3874.4683,2234.5688,0.0214,3.9685,274700.0,0.9394,0.4185,ＬＡホールディングス,グロース（内国株式）,不動産業
298A,2026-10-05,313.0,0.0097,-0.0685,-0.0794,-0.0428,-0.1072,-0.0641,336.36,330.16,True,-0.0694,0.3505,893.0,266.0,0.0477,0.0193,31300.0,0.6784,0.3081,ＧＶＡ　ＴＥＣＨ,グロース（内国株式）,情報・通信業
2991,2026-10-05,517.0,-0.0115,-0.0336,-0.0408,-0.1182,-0.0686,-0.1395,531.16,550.4095,False,-0.0267,0.6641,778.4561,500.0,0.0258,0.1647,51700.0,0.6271,0.2246,ランドネット,スタンダード（内国株式）,不動産業
2993,2026-10-05,2220.0,0.0,0.0137,0.0027,0.0207,-0.0251,-0.0006,2217.12,2181.48,True,0.0013,0.8492,2614.1922,2007.479,0.0111,0.0202,222000.0,0.9578,0.4151,長栄,スタンダード（内国株式）,不動産業
2997,2026-10-05,1322.0,0.0,0.0,-0.0008,0.4094,-0.0286,0.3881,1322.76,1237.8533,True,-0.0006,0.98,1349.0,881.0,0.0006,0.0548,132200.0,0.0541,0.2545,ストレージ王,グロース（内国株式）,不動産業
2998,2026-10-05,458.0,-0.0065,-0.0895,-0.1612,-0.1673,-0.189,-0.1886,530.72,518.08,True,-0.137,0.3331,1374.8913,415.0,0.0362,0.6221,45800.0,1.1551,0.4948,クリアル,グロース（内国株式）,不動産業
2999,2026-10-05,512.0,-0.0135,-0.021,-0.0394,-0.1441,-0.0672,-0.1654,520.88,577.1999,False,-0.017,0.7885,649.3377,398.4572,0.0186,0.0856,51200.0,0.4359,0.2737,ホームポジション,スタンダード（内国株式）,不動産業
299A,2026-10-05,1207.0,0.0126,0.0186,-0.0607,0.2094,-0.0885,0.1881,1253.28,1130.56,True,-0.0369,0.6379,1892.0,900.0,0.0288,1.8324,120700.0,0.4484,0.2881,クラシル,グロース（内国株式）,サービス業
3001,2026-10-05,2928.0,-0.0024,-0.0615,-0.0321,0.1283,-0.0599,0.107,2993.56,2786.24,True,-0.0219,0.9037,3240.0,2325.0,0.025,0.8883,292800.0,0.8656,0.3961,片倉工業,スタンダード（内国株式）,繊維製品
3002,2026-10-05,4020.0,0.0,-0.0159,-0.0255,-0.005,-0.0533,-0.0263,4086.0,4042.8667,True,-0.0162,0.8892,4520.815,3443.9785,0.014,7.3212,402000.0,1.2146,0.3013,グンゼ,プライム（内国株式）,繊維製品
3003,2026-10-05,1678.5,-0.0033,-0.0306,-0.0522,-0.0428,-0.08,-0.0641,1745.56,1746.6897,True,-0.0384,0.8175,2053.0969,1466.9629,0.0161,34.6529,167850.0,0.9753,0.343,ヒューリック,プライム（内国株式）,不動産業
3004,2026-10-05,2060.0,0.0239,0.0123,-0.0106,-0.0746,-0.0384,-0.0959,2067.12,2131.0133,False,-0.0034,0.762,2703.5013,1981.4839,0.0127,0.1322,206000.0,1.3482,0.3204,神栄,スタンダード（内国株式）,卸売業
300A,2026-10-05,2813.0,-0.0168,-0.0911,-0.1398,-0.034,-0.1676,-0.0553,3144.72,3051.8267,True,-0.1055,0.806,3490.0,2262.8572,0.0262,0.6287,281300.0,1.5256,0.5975,ＭＩＣ,スタンダード（内国株式）,サービス業
3010,2026-10-05,189.0,0.0053,-0.0053,-0.0156,-0.0455,-0.0434,-0.0668,189.84,190.9733,True,-0.0044,0.8915,212.0,161.0,0.0117,0.2232,18900.0,0.6852,0.271,ポラリス・ホールディングス,スタンダード（内国株式）,サービス業
3011,2026-10-05,141.0,0.0,-0.007,-0.0276,-0.0537,-0.0554,-0.075,142.72,144.9733,False,-0.0121,0.5321,265.0,134.0,0.0152,0.0177,14100.0,0.5658,0.28,バナーズ,スタンダード（内国株式）,小売業
3020,2026-10-05,4730.0,-0.0454,-0.0287,0.0874,0.1622,0.0596,0.1408,4649.8551,4309.085,True,0.0172,0.9096,5200.0,3600.6638,0.0286,0.1488,473000.0,1.1546,0.4586,アプライド,スタンダード（内国株式）,小売業
3021,2026-10-05,1598.0,-0.0099,-0.0232,0.0114,-0.1215,-0.0164,-0.1428,1605.92,1636.7467,False,-0.0049,0.6454,2475.9218,1237.9609,0.0143,0.1455,159800.0,0.609,0.316,パシフィックネット,スタンダード（内国株式）,サービス業
3023,2026-10-05,2081.0,-0.0029,0.0068,0.0282,0.1334,0.0004,0.1121,2053.1096,1952.5565,True,0.0136,0.8507,2446.3438,1541.9201,0.0167,0.4939,208100.0,1.0179,0.2626,ラサ商事,スタンダード（内国株式）,卸売業
3024,2026-10-05,1121.0,-0.0619,-0.0901,-0.0336,0.0546,-0.0614,0.0332,1185.7353,1125.7251,True,-0.0546,0.8854,1266.1028,980.0,0.0281,0.0265,112100.0,1.0768,0.4293,クリエイト,スタンダード（内国株式）,卸売業
3028,2026-10-05,2340.0,-0.0004,0.0013,-0.0034,0.1106,-0.0312,0.0893,2331.24,2235.2228,True,0.0038,0.973,2405.0,1824.2128,0.0129,1.7543,234000.0,0.835,0.2953,アルペン,プライム（内国株式）,小売業
302A,2026-10-05,608.0,-0.0082,0.0465,0.0358,0.0896,0.008,0.0683,601.52,592.2667,True,0.0108,0.845,719.5,495.0,0.0383,0.0657,60800.0,1.7154,0.3908,ビースタイルホールディングス,グロース（内国株式）,サービス業
3030,2026-10-05,885.0,-0.0067,0.0011,0.0315,0.0727,0.0037,0.0514,866.36,844.5867,False,0.0215,0.8106,1091.8317,759.5351,0.0121,0.097,88500.0,0.9071,0.308,ハブ,スタンダード（内国株式）,小売業
3031,2026-10-05,700.0,-0.0043,0.0043,0.0463,0.1475,0.0185,0.1262,679.32,637.36,True,0.0304,0.966,724.661,550.0,0.0198,0.6078,70000.0,1.3334,0.3392,ラクーンホールディングス,プライム（内国株式）,情報・通信業
3034,2026-10-05,2338.0,-0.0072,-0.0193,0.0232,0.1643,-0.0046,0.143,2337.813,2196.2977,True,0.0001,0.8806,2655.0,1681.0,0.0273,2.7587,233800.0,0.8623,0.227,クオールホールディングス,プライム（内国株式）,小売業
3035,2026-10-05,735.0,-0.02,-0.0649,-0.0528,-0.0841,-0.0806,-0.1054,770.0,785.4834,True,-0.0455,0.833,882.3621,587.5547,0.019,0.1117,73500.0,0.7642,0.5643,ケイティケイ,スタンダード（内国株式）,卸売業
3036,2026-10-05,3390.0,-0.0029,-0.0024,0.0242,0.3341,-0.0036,0.3128,3369.7927,2987.1976,True,0.006,0.8956,3785.0,2002.5496,0.0308,3.9689,339000.0,0.8902,0.2123,アルコニックス,プライム（内国株式）,卸売業
3038,2026-10-05,2953.0,-0.014,0.0022,0.0507,0.0951,0.0229,0.0738,2988.22,2804.9933,True,-0.0118,0.7053,4186.6085,2516.0,0.0294,79.8402,295300.0,1.0475,0.2548,神戸物産,プライム（内国株式）,卸売業
303A,2026-10-05,599.0,-0.0228,-0.0292,-0.005,0.0454,-0.0328,0.0241,593.2,589.2533,False,0.0098,0.4174,1435.0,539.0,0.0227,0.0238,59900.0,1.5641,0.4568,ｖｉｓｕｍｏ,グロース（内国株式）,情報・通信業
3040,2026-10-05,2742.0,0.0355,0.0351,0.1896,0.3689,0.1618,0.3476,2461.56,2201.508,True,0.1139,0.9895,2771.0,1345.0783,0.0382,3.0839,274200.0,1.2794,0.3111,ソリトンシステムズ,プライム（内国株式）,情報・通信業
3041,2026-10-05,399.0,-0.005,-0.0075,-0.0172,-0.0973,-0.045,-0.1186,405.84,424.8267,False,-0.0169,0.6617,603.0,397.0,0.0072,0.0185,39900.0,0.7957,0.28,ビューティカダンホールディングス,スタンダード（内国株式）,卸売業
3042,2026-10-05,334.0,-0.0118,0.1361,0.1171,0.1361,0.0893,0.1147,303.2,295.2133,True,0.1016,0.7759,430.4483,268.2931,0.0573,2.9524,33400.0,5.7056,0.5015,セキュアヴェイル,スタンダード（内国株式）,情報・通信業
3045,2026-10-05,1458.0,-0.0021,-0.0095,0.0021,0.0005,-0.0257,-0.0208,1463.24,1460.4994,True,-0.0036,0.9653,1510.4001,1339.2633,0.0027,0.0108,145800.0,0.5937,0.5345,カワサキ,スタンダード（内国株式）,卸売業
3046,2026-10-05,5600.0,0.009,-0.0328,0.02,-0.2878,-0.0078,-0.3091,5768.88,6598.6605,False,-0.0293,0.5964,9389.6221,4822.2277,0.0237,12.2536,560000.0,0.6284,0.3237,ジンズホールディングス,プライム（内国株式）,小売業
3048,2026-10-05,1641.0,-0.0024,-0.0319,-0.0628,0.0161,-0.0906,-0.0052,1725.4,1693.4644,False,-0.0489,0.8814,1861.834,1476.0277,0.0178,10.1229,164100.0,0.8627,0.5049,ビックカメラ,プライム（内国株式）,小売業
304A,2026-10-05,2175.0,0.0,0.0502,0.1041,0.131,0.0763,0.1097,2008.4,1938.2133,True,0.083,0.7912,2749.0,1676.0,0.0157,0.0292,217500.0,1.5032,0.8142,フォルシア,グロース（内国株式）,情報・通信業
3050,2026-10-05,1510.0,-0.0007,-0.0521,-0.0461,0.0204,-0.0739,-0.0009,1582.92,1531.3799,True,-0.0461,0.8901,1696.3762,1370.8973,0.0177,4.9021,151000.0,1.4533,0.4928,ＤＣＭホールディングス,プライム（内国株式）,小売業
3053,2026-10-05,198.0,0.0,-0.0198,-0.01,0.1061,-0.0378,0.0848,202.12,194.6533,True,-0.0204,0.9,220.0,166.0,0.017,0.3911,19800.0,0.8043,0.2085,ペッパーフードサービス,スタンダード（内国株式）,小売業
3054,2026-10-05,384.0,0.0079,0.0079,0.0159,0.5802,-0.0119,0.5589,372.28,294.2242,True,0.0315,0.9871,389.0,224.6043,0.0193,0.1052,38400.0,0.135,0.2558,ハイパー,スタンダード（内国株式）,卸売業
3058,2026-10-05,715.0,0.0042,0.0028,0.0142,0.0362,-0.0136,0.0149,711.24,702.2133,True,0.0053,0.9597,745.0,661.0,0.0083,0.008,71500.0,0.9038,0.3373,三洋堂ホールディングス,スタンダード（内国株式）,小売業
3059,2026-10-05,708.0,-0.0014,0.0114,-0.0042,-0.0028,-0.032,-0.0241,708.7194,708.3331,False,-0.001,0.843,839.8326,699.0,0.005,0.0132,70800.0,0.8838,0.3643,ヒラキ,スタンダード（内国株式）,小売業
3063,2026-10-05,1104.0,-0.0152,-0.0408,0.0018,-0.0722,-0.026,-0.0935,1144.6,1176.7867,True,-0.0355,0.8574,1287.6322,745.3405,0.0195,0.3183,110400.0,0.544,0.386,ジェイグループホールディングス,グロース（内国株式）,小売業
3064,2026-10-05,2089.5,0.0143,0.0796,0.135,0.0843,0.1072,0.063,1938.34,1901.4259,True,0.078,0.8343,2504.4301,1667.4752,0.0269,37.3505,208950.0,0.91,0.3689,ＭｏｎｏｔａＲＯ,プライム（内国株式）,小売業
3065,2026-10-05,1589.0,0.0013,0.0019,-0.0031,-0.0197,-0.0309,-0.0411,1589.52,1607.8267,False,-0.0003,0.9596,1655.9236,1581.0,0.0022,0.0206,158900.0,0.7847,0.42,ライフフーズ,スタンダード（内国株式）,小売業
3067,2026-10-05,453.0,-0.0066,-0.03,-0.0279,0.0,-0.0557,-0.0213,463.32,457.0133,True,-0.0223,0.9537,475.0,420.0,0.0126,0.1199,45300.0,3.6695,0.2975,東京一番フーズ,スタンダード（内国株式）,小売業
3068,2026-10-05,3080.0,0.0,0.0049,0.0132,0.0267,-0.0146,0.0053,3057.4,3002.4933,True,0.0074,0.9399,3276.9888,2842.0,0.0075,0.0561,308000.0,1.1062,0.28,ＷＤＩ,スタンダード（内国株式）,小売業
3069,2026-10-05,157.0,0.0064,-0.0126,-0.071,0.0195,-0.0988,-0.0018,164.72,159.7333,True,-0.0469,0.8722,180.0,143.0,0.0218,0.1619,15700.0,1.2728,0.4083,ＪＦＬＡホールディングス,スタンダード（内国株式）,食料品
3070,2026-10-05,45.0,-0.0426,0.0227,-0.3382,-0.4231,-0.366,-0.4444,57.32,67.24,False,-0.2149,0.3103,145.0,42.0,0.0921,0.638,4500.0,1.2483,0.2897,ジェリービーンズグループ,グロース（内国株式）,卸売業
3071,2026-10-05,102.0,0.0,-0.0097,-0.0286,0.0099,-0.0564,-0.0114,103.12,102.1467,True,-0.0109,0.904,112.8364,96.0,0.0161,0.0976,10200.0,0.7652,0.1826,ストリーム,スタンダード（内国株式）,小売業
3075,2026-10-05,1700.0,-0.0018,-0.0029,0.0353,0.0291,0.0075,0.0077,1672.76,1677.1067,True,0.0163,0.9346,1819.0,1493.5316,0.0154,0.2344,170000.0,2.0726,0.6447,銚子丸,スタンダード（内国株式）,小売業
3076,2026-10-05,2983.0,0.004,-0.001,0.0136,0.1118,-0.0142,0.0905,2984.84,2847.3159,True,-0.0006,0.9812,3040.0,2441.1411,0.0158,3.1568,298300.0,0.8225,0.2188,あい　ホールディングス,プライム（内国株式）,卸売業
3077,2026-10-05,1405.0,-0.0263,0.0108,0.1213,0.7367,0.0935,0.7154,1314.56,1013.7733,True,0.0688,0.9207,1526.0,340.0,0.0411,0.3029,140500.0,0.9755,0.4517,ホリイフードサービス,スタンダード（内国株式）,小売業
3080,2026-10-05,836.0,0.0,0.0,0.027,0.1073,-0.0008,0.086,820.44,792.1333,True,0.019,0.9893,845.0,690.2914,0.0106,0.0329,83600.0,1.4917,0.3274,ジェーソン,スタンダード（内国株式）,小売業
3082,2026-10-05,987.0,-0.002,0.003,0.0102,0.0313,-0.0176,0.01,982.48,964.0652,True,0.0046,0.996,991.0,898.8448,0.0062,0.058,98700.0,1.0569,0.2279,きちりホールディングス,スタンダード（内国株式）,小売業
3083,2026-10-05,1100.0,0.0476,-0.0308,-0.1179,0.0397,-0.1457,0.0184,1183.24,1046.9067,True,-0.0703,0.81,1358.0,623.8029,0.0483,5.0032,110000.0,1.9083,0.4761,スターシーズ,スタンダード（内国株式）,小売業
3086,2026-10-05,2609.5,0.0197,-0.0279,-0.0652,-0.1652,-0.093,-0.1865,2715.8,2909.3824,True,-0.0391,0.7279,3584.7363,2063.2433,0.022,35.5123,260950.0,0.8635,0.3789,Ｊ．フロント　リテイリング,プライム（内国株式）,小売業
3087,2026-10-05,3170.0,0.0016,-0.0078,-0.0663,0.1592,-0.0941,0.1379,3282.6,3060.4041,True,-0.0343,0.9175,3455.0,2332.4747,0.0179,3.2826,317000.0,0.7934,0.2465,ドトール・日レスホールディングス,プライム（内国株式）,小売業
3088,2026-10-05,2431.5,0.0002,-0.0114,-0.0535,-0.0128,-0.0813,-0.0341,2525.9474,2487.2291,True,-0.0374,0.7912,3073.1862,2171.5,0.0233,41.852,243150.0,1.0305,0.3188,マツキヨココカラ＆カンパニー,プライム（内国株式）,小売業
3089,2026-10-05,1004.0,-0.0059,-0.0856,-0.0643,-0.0281,-0.0921,-0.0494,1072.44,1069.88,False,-0.0638,0.683,1470.0,983.0,0.0304,0.112,100400.0,1.9906,0.4154,テクノアルファ,スタンダード（内国株式）,卸売業
3091,2026-10-05,2821.0,-0.0157,-0.007,-0.007,0.2571,-0.0348,0.2358,2828.0,2583.8929,True,-0.0025,0.9625,2931.0,1817.4002,0.0211,1.8633,282100.0,0.6423,0.2783,ブロンコビリー,プライム（内国株式）,小売業
3092,2026-10-05,1090.0,0.0018,-0.0032,-0.0358,-0.064,-0.0636,-0.0853,1126.3362,1139.9721,True,-0.0323,0.7814,1394.9591,974.5,0.0231,30.089,109000.0,0.9288,0.4413,ＺＯＺＯ,プライム（内国株式）,小売業
3093,2026-10-05,1975.0,0.0186,0.0175,0.0395,-0.1286,0.0117,-0.1499,1932.6,2043.6932,True,0.0219,0.8503,2322.7542,1548.199,0.0238,2.925,197500.0,0.7096,0.2255,トレジャー・ファクトリー,プライム（内国株式）,小売業
3096,2026-10-05,1518.0,-0.0039,-0.0471,-0.0612,-0.056,-0.089,-0.0773,1595.5568,1610.2123,False,-0.0486,0.8482,1789.6493,1342.237,0.0116,0.0708,151800.0,1.6773,0.575,オーシャンシステム,スタンダード（内国株式）,小売業
3097,2026-10-05,5550.0,0.0073,0.0413,0.0,0.1246,-0.0278,0.1033,5542.8,5277.7813,True,0.0013,0.9235,6010.0,3734.805,0.027,9.4456,555000.0,0.9831,0.2533,物語コーポレーション,プライム（内国株式）,小売業
3099,2026-10-05,1659.5,0.0323,0.0222,-0.4983,-0.5562,-0.5261,-0.5775,2751.5504,3424.6368,False,-0.3969,0.3959,4192.0,1586.0,0.1056,68.8532,165950.0,1.297,1.0058,三越伊勢丹ホールディングス,プライム（内国株式）,小売業
3101,2026-10-05,1675.0,0.017,0.0152,0.0012,-0.0807,-0.0266,-0.102,1651.28,1658.72,False,0.0144,0.8612,1945.0,1054.7708,0.0223,6.8757,167500.0,0.666,0.2057,東洋紡,プライム（内国株式）,化学
3103,2026-10-05,1498.0,-0.0013,0.0,0.0424,0.492,0.0147,0.4707,1490.92,1221.7733,True,0.0047,0.342,4380.0,186.0,0.0587,88.4764,149800.0,0.4692,0.2261,ユニチカ,スタンダード（内国株式）,繊維製品
3104,2026-10-05,3530.0,0.0202,0.0736,0.0665,-0.1791,0.0387,-0.2004,3331.9928,3687.1309,False,0.0594,0.7632,4625.0,2076.5435,0.0255,4.5565,353000.0,1.1128,0.3727,富士紡ホールディングス,プライム（内国株式）,繊維製品
3105,2026-10-05,2790.0,0.0339,0.0706,0.2223,0.1598,0.1945,0.1385,2389.62,2323.3134,True,0.1675,0.9936,2808.0,1069.0301,0.032,21.5601,279000.0,1.1179,0.5135,日清紡ホールディングス,プライム（内国株式）,電気機器
3106,2026-10-05,2454.0,0.06,0.1309,-0.7779,-0.7715,-0.8057,-0.7928,8205.2512,9532.8171,False,-0.7009,0.2119,11580.0,2104.9745,0.3411,4.0197,245400.0,3.0572,1.1152,倉敷紡績,プライム（内国株式）,繊維製品
3107,2026-10-05,3662.0,0.0049,-0.0156,-0.0294,0.0463,-0.0572,0.025,3732.8084,3591.7095,True,-0.019,0.948,3863.0,2582.8212,0.0221,12.7762,366200.0,1.1831,0.238,ダイワボウホールディングス,プライム（内国株式）,卸売業
3109,2026-10-05,1010.0,-0.0079,-0.0279,-0.0525,-0.0213,-0.0803,-0.0426,1052.4391,1044.773,True,-0.0403,0.8832,1143.5773,952.981,0.0104,0.466,101000.0,1.1538,0.5413,シキボウ,プライム（内国株式）,繊維製品
3110,2026-10-05,3360.0,-0.003,0.0881,0.0701,-0.0441,0.0423,-0.0654,3055.7125,3280.4775,False,0.0996,0.5106,6580.0,1230.9152,0.0485,135.0388,336000.0,0.7769,0.382,日東紡績,プライム（内国株式）,ガラス・土石製品
3111,2026-10-05,173.0,0.0058,-0.0057,-0.0798,0.0881,-0.1076,0.0667,178.64,173.6133,False,-0.0316,0.5884,294.0,158.0,0.019,0.0158,17300.0,1.7312,0.4261,オーミケンシ,スタンダード（内国株式）,繊維製品
3113,2026-10-05,80.0,-0.0123,-0.0244,-0.0244,0.039,-0.0522,0.0176,82.64,77.36,True,-0.0319,0.6897,116.0,59.0,0.0295,0.1247,8000.0,0.6441,0.2121,ＵＮＩＶＡ・Ｏａｋホールディングス,スタンダード（内国株式）,証券、商品先物取引業
3116,2026-10-05,2157.5,0.0124,-0.0209,-0.051,-0.0481,-0.0788,-0.0694,2231.2054,2224.1618,False,-0.033,0.6673,3233.3377,2105.0,0.0172,12.1799,215750.0,0.8678,0.4121,トヨタ紡織,プライム（内国株式）,輸送用機器
3121,2026-10-05,253.0,0.004,0.008,-0.063,0.1713,-0.0908,0.15,259.64,237.4267,True,-0.0256,0.7368,343.3588,189.0,0.0347,0.1378,25300.0,0.6084,0.1366,マーチャント・バンカーズ,スタンダード（内国株式）,サービス業
3123,2026-10-05,636.0,-0.0109,-0.0078,-0.0215,-0.0364,-0.0493,-0.0577,648.3211,641.2404,True,-0.019,0.8823,720.8629,553.2203,0.0114,0.0161,63600.0,0.8207,0.3024,サイボー,スタンダード（内国株式）,繊維製品
3131,2026-10-05,8150.0,0.0264,0.0409,0.3339,1.0555,0.3061,1.0342,6886.4,5181.7333,True,0.1835,0.9784,8330.0,2478.0677,0.0523,2.9346,815000.0,0.8435,0.408,シンデン・ハイテックス,スタンダード（内国株式）,卸売業
3132,2026-10-05,4300.0,0.0292,0.0277,0.2133,0.3003,0.1855,0.279,3863.9399,3523.14,True,0.1129,0.9966,4314.75,1943.2715,0.0329,36.0983,430000.0,1.1091,0.2935,マクニカホールディングス,プライム（内国株式）,卸売業
3133,2026-10-05,35.0,-0.125,-0.2708,-0.4776,-0.75,-0.5054,-0.7713,56.52,79.2267,False,-0.3808,0.0467,750.0,34.0,0.1673,0.6547,3500.0,1.5097,0.4951,海帆,グロース（内国株式）,小売業
3134,2026-10-05,296.0,-0.0034,-0.0133,-0.0295,0.0534,-0.0573,0.0321,300.6,290.88,False,-0.0153,0.2091,1415.7347,250.0,0.0246,0.1676,29600.0,0.6166,0.2196,Ｈａｍｅｅ,スタンダード（内国株式）,小売業
3135,2026-10-05,1142.0,-0.013,-0.0363,0.0062,0.1185,-0.0216,0.0972,1164.56,1152.04,False,-0.0194,0.5871,1945.0,918.0,0.0211,0.125,114200.0,1.1204,0.3231,マーケットエンタープライズ,スタンダード（内国株式）,小売業
3137,2026-10-05,217.0,-0.0091,0.014,0.0534,0.0383,0.0256,0.017,212.52,208.5467,True,0.0211,0.6439,337.0,185.0,0.0197,0.0537,21700.0,0.8765,0.1867,ファンデリー,スタンダード（内国株式）,小売業
3138,2026-10-05,1203.0,0.0042,0.0371,0.0553,0.0897,0.0275,0.0684,1147.08,1141.8667,True,0.0487,1.0,1203.0,855.0,0.0129,0.0276,120300.0,1.2055,0.4046,富士山マガジンサービス,スタンダード（内国株式）,小売業
3139,2026-10-05,3395.0,-0.0015,-0.0244,-0.0145,-0.0044,-0.0423,-0.0257,3433.8,3391.2,True,-0.0113,0.8294,4093.1775,3065.0,0.0126,0.8191,339500.0,0.8095,0.28,ラクト・ジャパン,プライム（内国株式）,卸売業
3140,2026-10-05,1024.0,0.001,0.0069,0.0069,0.0199,-0.0209,-0.0014,1018.36,1016.8928,False,0.0055,0.9585,1068.3381,979.3099,0.0041,0.0537,102400.0,0.675,0.261,ＢＲＵＮＯ,グロース（内国株式）,卸売業
3143,2026-10-05,1085.0,-0.01,0.2358,0.5612,0.5793,0.5334,0.558,783.4275,719.9158,True,0.3849,0.9873,1099.0,630.0,0.0433,0.4779,108500.0,4.0099,0.8204,オーウイル,スタンダード（内国株式）,卸売業
3148,2026-10-05,3240.0,0.0015,-0.0197,-0.0485,-0.0211,-0.0763,-0.0425,3338.0,3327.4,True,-0.0294,0.9114,3555.0,3003.1197,0.014,2.4301,324000.0,0.9634,0.3528,クリエイトＳＤホールディングス,プライム（内国株式）,小売業
3150,2026-10-05,2362.0,0.0072,-0.0021,-0.0179,-0.0608,-0.0457,-0.0822,2417.524,2479.268,True,-0.023,0.777,3040.0,2195.5123,0.0146,1.0264,236200.0,1.003,0.3134,グリムス,プライム（内国株式）,電気・ガス業
3151,2026-10-05,1524.0,-0.0013,-0.0274,-0.0847,-0.0168,-0.1125,-0.0381,1603.9434,1598.2611,True,-0.0498,0.8825,1727.0,1196.3785,0.0191,1.1851,152400.0,1.0717,0.4848,バイタルケーエスケー・ホールディングス,プライム（内国株式）,卸売業
3153,2026-10-05,3145.0,0.0113,0.0064,0.0554,0.128,0.0276,0.1067,3089.24,2938.08,True,0.018,0.8734,3600.8072,2047.1894,0.0332,3.1738,314500.0,1.4589,0.2637,八洲電機,プライム（内国株式）,卸売業
3154,2026-10-05,785.0,0.0103,-0.0175,-0.02,-0.0224,-0.0478,-0.0437,787.52,795.4392,False,-0.0032,0.9099,862.75,756.3702,0.0157,0.1569,78500.0,0.774,0.2035,メディアスホールディングス,プライム（内国株式）,卸売業
3156,2026-10-05,6300.0,0.0362,0.0345,0.1798,0.6113,0.152,0.5899,5605.5546,4712.8515,True,0.1239,0.991,6356.9318,2408.6507,0.0402,5.7896,630000.0,0.9311,0.303,レスター,プライム（内国株式）,卸売業
3157,2026-10-05,1405.0,-0.0175,-0.0229,-0.0377,-0.0229,-0.0655,-0.0443,1438.1609,1419.907,True,-0.0231,0.8269,1699.1624,1234.7707,0.0147,0.039,140500.0,0.809,0.3008,ジオリーブグループ,スタンダード（内国株式）,卸売業
3159,2026-10-05,372.0,0.0054,-0.0185,-0.07,0.0276,-0.0978,0.0063,390.08,379.3467,True,-0.0463,0.8651,430.0,318.2823,0.0169,0.2864,37200.0,0.3998,0.2705,丸善ＣＨＩホールディングス,スタンダード（内国株式）,小売業
3160,2026-10-05,577.0,-0.0052,0.0052,-0.0069,0.0141,-0.0347,-0.0073,580.2,575.2933,True,-0.0055,0.9665,597.0,545.9102,0.0105,0.0767,57700.0,2.469,0.4447,大光,スタンダード（内国株式）,卸売業
3161,2026-10-05,690.0,0.0299,0.0253,0.0376,0.0455,0.0098,0.0241,670.24,665.0667,True,0.0295,0.9504,726.0,612.5997,0.0159,0.0667,69000.0,1.7915,0.5545,アゼアス,スタンダード（内国株式）,卸売業
3166,2026-10-05,1427.0,-0.0028,0.0021,-0.0332,0.0128,-0.061,-0.0085,1455.8489,1435.8696,True,-0.0198,0.9011,1583.6825,1350.0,0.0117,0.0333,142700.0,0.9814,0.2686,ＯＣＨＩホールディングス,スタンダード（内国株式）,卸売業
3167,2026-10-05,1327.0,-0.0038,-0.0119,-0.0045,0.1519,-0.0323,0.1306,1336.9989,1226.173,True,-0.0075,0.9365,1417.0,970.0426,0.0209,8.3521,132700.0,2.2056,0.3859,ＴＯＫＡＩホールディングス,プライム（内国株式）,卸売業
3168,2026-10-05,1246.0,-0.0142,-0.008,-0.025,-0.0244,-0.0528,-0.0457,1297.44,1311.3961,False,-0.0396,0.6529,1908.3288,521.6565,0.0328,0.8241,124600.0,0.4356,0.142,ＭＥＲＦ,スタンダード（内国株式）,卸売業
3169,2026-10-05,698.0,0.0072,0.0043,0.022,0.0608,-0.0058,0.0395,683.28,664.9067,True,0.0215,0.989,705.7695,625.0,0.0122,0.043,69800.0,1.4097,0.2824,ミサワ,スタンダード（内国株式）,小売業
3172,2026-10-05,1129.0,0.0036,0.0027,0.0071,-0.0157,-0.0207,-0.037,1123.76,1130.719,False,0.0047,0.9777,1154.7316,1097.6083,0.0035,0.0335,112900.0,0.3989,0.3,ティーライフ,スタンダード（内国株式）,小売業
3173,2026-10-05,1494.0,-0.0053,0.0389,-0.0106,0.4055,-0.0384,0.3841,1466.2403,1254.9734,True,0.0189,0.8636,1730.0,843.5355,0.0193,0.0978,149400.0,0.5867,0.4469,Ｃｏｍｉｎｉｘ,スタンダード（内国株式）,卸売業
3174,2026-10-05,337.0,-0.0059,-0.1013,-0.1575,-0.18,-0.1853,-0.2014,386.2,404.36,False,-0.1274,0.4493,750.0,335.0,0.0203,0.0929,33700.0,1.2722,0.8312,ハピネス・アンド・ディ,スタンダード（内国株式）,小売業
3175,2026-10-05,932.0,0.0,-0.0528,-0.0241,-0.0096,-0.0519,-0.0309,962.2,945.92,True,-0.0314,0.9292,1003.0,895.0,0.009,0.1956,93200.0,1.9559,0.7419,エー・ピーホールディングス,スタンダード（内国株式）,小売業
3176,2026-10-05,1197.0,0.0187,0.0528,0.0284,0.4723,0.0006,0.451,1159.1815,987.1005,True,0.0326,0.9756,1227.0,709.7501,0.0278,4.4663,119700.0,1.2116,0.2959,三洋貿易,プライム（内国株式）,卸売業
3177,2026-10-05,4690.0,-0.03,-0.0535,0.0599,0.3211,0.0321,0.2998,4515.6,4104.1333,True,0.0386,0.8685,5400.0,3161.6043,0.0412,0.1193,469000.0,1.325,0.4969,ありがとうサービス,スタンダード（内国株式）,小売業
3178,2026-10-05,1120.0,-0.0141,-0.0476,-0.0835,-0.0115,-0.1113,-0.0328,1191.7176,1153.3325,True,-0.0602,0.8148,1374.5882,1037.0,0.0098,0.2262,112000.0,1.6164,0.8055,チムニー,スタンダード（内国株式）,小売業
3179,2026-10-05,1250.0,-0.0242,-0.063,0.0513,0.1848,0.0235,0.1635,1228.52,1199.4667,True,0.0175,0.8834,1415.0,972.0,0.0371,2.0727,125000.0,1.5132,0.3257,シュッピン,プライム（内国株式）,小売業
3180,2026-10-05,1660.0,0.0122,0.0253,0.026,0.1362,-0.0018,0.1149,1613.64,1506.84,True,0.0287,0.9765,1700.0,1231.4106,0.0295,0.8726,166000.0,1.1279,0.2432,ビューティガレージ,プライム（内国株式）,卸売業
3181,2026-10-05,1067.0,0.0,0.0133,0.0133,0.0724,-0.0145,0.051,1058.32,1038.32,True,0.0082,0.9527,1120.0,809.7458,0.0131,0.0332,106700.0,0.4282,0.2643,買取王国,スタンダード（内国株式）,小売業
3182,2026-10-05,1611.0,-0.0043,-0.0117,-0.0301,0.0564,-0.0579,0.0351,1638.8,1605.36,True,-0.017,0.8874,1815.3727,1279.9816,0.0231,1.4084,161100.0,0.9994,0.1877,オイシックス,プライム（内国株式）,小売業
3183,2026-10-05,1233.0,-0.0032,-0.0337,-0.016,-0.0261,-0.0438,-0.0474,1260.4,1271.4933,True,-0.0217,0.8388,1469.9751,1175.0,0.0122,0.2471,123300.0,1.2776,0.3649,ウイン・パートナーズ,プライム（内国株式）,卸売業
3184,2026-10-05,4050.0,-0.011,-0.011,-0.0311,-0.096,-0.0589,-0.1173,4145.6,4310.7333,False,-0.0231,0.8482,4775.0,4050.0,0.0047,0.008,405000.0,1.1602,0.634,ＩＣＤＡホールディングス,スタンダード（内国株式）,小売業
3185,2026-10-05,106.0,-0.0275,-0.0536,-0.2639,-0.2933,-0.2917,-0.3147,128.28,141.7867,False,-0.1737,0.3786,280.0,102.0,0.1105,0.6916,10600.0,2.296,0.2988,夢展望,グロース（内国株式）,小売業
3186,2026-10-05,2839.0,0.0071,0.0057,-0.1156,-0.3126,-0.1434,-0.3339,3019.52,3435.04,False,-0.0598,0.6564,4325.0,2210.4016,0.0257,18.9417,283900.0,1.185,0.297,ネクステージ,プライム（内国株式）,小売業
3187,2026-10-05,403.0,0.0025,0.0025,0.1449,0.5323,0.1171,0.511,385.4788,330.1996,True,0.0455,0.8556,471.0,222.0,0.0561,0.5899,40300.0,0.4864,0.1405,ミラタップ,グロース（内国株式）,小売業
3189,2026-10-05,92.0,-0.0417,-0.1402,-0.2397,-0.1858,-0.2675,-0.2072,107.84,107.8667,False,-0.1469,0.1255,733.0,92.0,0.0722,0.3346,9200.0,0.5153,0.3914,ＡＮＡＰホールディングス,スタンダード（内国株式）,小売業
3190,2026-10-05,571.0,-0.0017,-0.0223,-0.0256,-0.0052,-0.0534,-0.0265,581.32,578.8933,True,-0.0178,0.9517,600.0,548.3246,0.008,0.0091,57100.0,1.0845,0.4813,ホットマン,スタンダード（内国株式）,小売業
3191,2026-10-05,2221.0,-0.0067,-0.0306,0.01,-0.0094,-0.0178,-0.0307,2253.68,2268.2244,True,-0.0145,0.8727,2545.0,1945.3391,0.0156,3.1649,222100.0,0.8503,0.324,ジョイフル本田,プライム（内国株式）,小売業
3192,2026-10-05,211.0,-0.0495,-0.1594,-0.2699,-0.404,-0.2977,-0.4253,265.6,294.2133,False,-0.2056,0.3981,530.0,209.0,0.0447,0.0891,21100.0,1.869,0.5939,白鳩,スタンダード（内国株式）,小売業
3193,2026-10-05,1286.0,0.0047,-0.0183,-0.0834,-0.0738,-0.1112,-0.0951,1356.52,1387.5412,False,-0.052,0.6769,1899.8949,1260.0,0.0279,2.4529,128600.0,0.8528,0.2147,エターナルホスピタリティグループ,プライム（内国株式）,小売業
3195,2026-10-05,439.0,0.0046,-0.0201,-0.3936,-0.1492,-0.4214,-0.1705,578.76,560.8133,True,-0.2415,0.5165,850.0,393.0,0.0633,0.3622,43900.0,1.1484,0.108,ジェネレーションパス,スタンダード（内国株式）,小売業
3196,2026-10-05,1622.0,-0.0176,-0.0287,0.0031,0.0318,-0.0247,0.0105,1644.48,1622.52,True,-0.0137,0.7616,2129.6639,1555.0,0.0151,1.1417,162200.0,0.7651,0.2538,ホットランドホールディングス,プライム（内国株式）,小売業
3197,2026-10-05,3199.0,0.0101,0.0123,-0.0479,0.0997,-0.0757,0.0784,3284.16,3110.6595,True,-0.0259,0.8564,3735.5198,2611.0363,0.0205,30.9022,319900.0,0.8192,0.3557,すかいらーくホールディングス,プライム（内国株式）,小売業
3199,2026-10-05,1258.0,-0.0079,-0.0293,-0.052,-0.0612,-0.0798,-0.0825,1311.44,1328.0533,False,-0.0407,0.795,1582.4498,1252.0,0.0104,0.6298,125800.0,1.6146,0.5174,綿半ホールディングス,プライム（内国株式）,小売業
319A,2026-10-05,22540.0,0.0672,0.0416,0.122,0.3267,0.0942,0.3053,20677.6,18919.8667,True,0.0901,0.9838,22910.0,6920.0,0.0485,8.2151,2254000.0,0.9273,0.3939,技術承継機構,グロース（内国株式）,金属製品
3201,2026-10-05,1917.0,0.01,-0.0505,-0.0229,0.0574,-0.0507,0.036,1974.08,1893.9733,True,-0.0289,0.916,2092.726,1515.9987,0.018,1.4468,191700.0,0.8406,0.4107,日本毛織,プライム（内国株式）,繊維製品
3202,2026-10-05,129.0,0.0,-0.0227,0.0078,-0.0077,-0.02,-0.029,129.64,128.0,False,-0.0049,0.8431,153.0,105.6857,0.0155,0.0412,12900.0,1.1408,0.25,ダイトウボウ,スタンダード（内国株式）,繊維製品
3204,2026-10-05,506.0,0.002,-0.0059,0.006,0.01,-0.0218,-0.0113,502.52,502.32,False,0.0069,0.9084,557.0,419.6571,0.0071,0.0255,50600.0,0.4771,0.308,トーア紡コーポレーション,スタンダード（内国株式）,繊維製品
3205,2026-10-05,732.0,-0.0041,-0.0174,-0.0014,-0.0041,-0.0292,-0.0254,738.0,734.8667,False,-0.0081,0.5612,1304.2783,660.0,0.012,0.5287,73200.0,0.7491,0.2276,ダイドーリミテッド,スタンダード（内国株式）,繊維製品
3221,2026-10-05,2881.0,-0.0164,-0.0851,-0.108,-0.1039,-0.1358,-0.1252,3181.8901,3215.7634,False,-0.0946,0.7931,3632.541,2470.128,0.0177,1.485,288100.0,1.928,0.7054,ヨシックスホールディングス,プライム（内国株式）,小売業
3222,2026-10-05,801.0,-0.0012,-0.016,-0.0326,0.0008,-0.0604,-0.0206,831.08,814.467,True,-0.0362,0.8136,984.4834,763.7435,0.0196,3.3503,80100.0,0.7279,0.4073,ユナイテッド・スーパーマーケット・ホールディングス,スタンダード（内国株式）,小売業
3223,2026-10-05,991.0,-0.003,0.001,0.0291,0.0795,0.0013,0.0582,970.68,941.3067,True,0.0209,0.8217,1206.0,869.0,0.0083,0.0262,99100.0,1.9434,0.3287,エスエルディー,スタンダード（内国株式）,小売業
3224,2026-10-05,658.0,-0.0105,-0.0295,-0.0532,-0.064,-0.081,-0.0853,686.08,695.6533,False,-0.0409,0.7565,869.7484,562.7203,0.012,0.0322,65800.0,1.6081,0.555,ゼネラル・オイスター,グロース（内国株式）,小売業
3231,2026-10-05,843.0,-0.0117,-0.0472,-0.0935,-0.1166,-0.1212,-0.1379,905.9436,923.5412,False,-0.0695,0.7386,1141.2751,839.3168,0.017,44.0047,84300.0,1.4704,0.5781,野村不動産ホールディングス,プライム（内国株式）,不動産業
3232,2026-10-05,555.0,0.0091,-0.0625,-0.0872,0.0128,-0.115,-0.0085,593.6822,562.4274,True,-0.0652,0.8768,633.0,501.0,0.019,1.4387,55500.0,1.1952,0.6162,三重交通グループホールディングス,プライム（内国株式）,不動産業
3236,2026-10-05,274.0,-0.0036,-0.0284,-0.0552,-0.0072,-0.083,-0.0286,283.72,278.9467,True,-0.0343,0.67,408.9474,215.1842,0.0172,0.2202,27400.0,0.7466,0.297,プロパスト,スタンダード（内国株式）,不動産業
3237,2026-10-05,90.0,0.0227,0.0,-0.0625,-0.1589,-0.0903,-0.1802,93.92,97.1333,True,-0.0417,0.7895,114.0,53.0,0.0381,0.2457,9000.0,1.0412,0.4375,イントランス,グロース（内国株式）,不動産業
3238,2026-10-05,381.0,0.0026,-0.0026,-0.0078,0.027,-0.0356,0.0056,384.12,377.9067,True,-0.0081,0.8784,433.7677,332.2266,0.0096,0.079,38100.0,0.6895,0.1647,セントラル総合開発,スタンダード（内国株式）,不動産業
323A,2026-10-05,379.0,-0.0026,0.0107,0.0161,-0.0801,-0.0117,-0.1014,375.52,379.52,False,0.0093,0.5027,754.0,345.0,0.0262,0.0408,37900.0,0.5873,0.2417,フライヤー,グロース（内国株式）,情報・通信業
3241,2026-10-05,592.0,-0.005,-0.0117,-0.0133,0.0154,-0.0411,-0.0059,596.44,589.3333,True,-0.0074,0.9595,617.0,500.3692,0.0157,0.0275,59200.0,0.5427,0.28,ウィル,スタンダード（内国株式）,不動産業
3242,2026-10-05,535.0,-0.0074,0.0075,0.0171,0.0986,-0.0107,0.0772,527.92,513.815,True,0.0134,0.8827,606.0769,482.0,0.0085,0.2442,53500.0,0.8212,0.4156,アーバネットコーポレーション,スタンダード（内国株式）,不動産業
3245,2026-10-05,936.0,-0.0147,-0.0311,-0.1658,-0.117,-0.1936,-0.1383,1063.0906,1070.1635,True,-0.1195,0.7453,1255.8334,929.0,0.0277,5.7015,93600.0,2.1417,0.6679,ディア・ライフ,プライム（内国株式）,不動産業
3246,2026-10-05,696.0,0.0072,0.0072,-0.0014,0.11,-0.0292,0.0887,690.4,662.7333,True,0.0081,0.9419,738.9647,615.0,0.0075,0.0422,69600.0,1.1305,0.211,コーセーアールイー,スタンダード（内国株式）,不動産業
3248,2026-10-05,881.0,0.0011,-0.0134,-0.0079,0.0138,-0.0357,-0.0075,889.24,879.88,True,-0.0093,0.9822,897.0,793.2599,0.0091,0.0265,88100.0,2.113,0.2625,アールエイジ,スタンダード（内国株式）,不動産業
324A,2026-10-05,713.0,-0.0193,-0.0312,-0.0056,0.023,-0.0334,0.0016,726.24,712.1733,False,-0.0182,0.5514,1293.0,637.0,0.0254,0.1011,71300.0,0.7813,0.2591,ブッキングリゾート,グロース（内国株式）,サービス業
3252,2026-10-05,2677.0,0.0026,-0.0391,-0.0791,-0.0876,-0.1069,-0.1089,2826.64,2877.3513,False,-0.0529,0.7441,3597.5172,2657.0,0.0175,4.4463,267700.0,1.3068,0.3756,地主,プライム（内国株式）,不動産業
325A,2026-10-05,2058.0,-0.0223,0.0702,0.1706,0.4462,0.1429,0.4249,1863.6,1637.6756,True,0.1043,0.944,2180.0,1081.6666,0.0517,6.2277,205800.0,1.0141,0.3523,ＴＥＮＴＩＡＬ,グロース（内国株式）,繊維製品
3261,2026-10-05,454.0,0.0134,0.0271,0.0887,0.1611,0.0609,0.1398,428.24,406.9067,True,0.0602,0.3823,1187.4698,376.0,0.0135,0.0204,45400.0,0.9997,0.4884,グランディーズ,グロース（内国株式）,不動産業
3266,2026-10-05,79.0,0.0,-0.0125,0.0,-0.0482,-0.0278,-0.0695,79.76,80.28,False,-0.0095,0.594,133.0,77.0,0.0181,0.0295,7900.0,0.8174,0.14,ファンドクリエーショングループ,スタンダード（内国株式）,不動産業
3267,2026-10-05,628.0,-0.0063,0.0178,-0.0203,-0.1467,-0.0481,-0.1681,633.72,649.6933,False,-0.009,0.4933,1273.0,593.0,0.0227,0.1177,62800.0,0.8357,0.329,フィル・カンパニー,スタンダード（内国株式）,建設業
3276,2026-10-05,2247.0,0.0022,-0.0084,0.0,0.6413,-0.0278,0.62,2257.52,1923.7333,True,-0.0047,0.9574,2347.0,1199.7606,0.0044,3.1189,224700.0,0.2699,0.3066,ＪＰＭＣ,プライム（内国株式）,不動産業
3277,2026-10-05,809.0,-0.0061,-0.0218,0.0075,0.2543,-0.0203,0.2329,820.52,727.3042,True,-0.014,0.9183,881.0,604.7145,0.0192,0.1321,80900.0,0.3778,0.2387,サンセイランディック,スタンダード（内国株式）,不動産業
3280,2026-10-05,931.0,-0.0053,-0.0138,0.0,-0.0422,-0.0278,-0.0635,935.84,932.0376,True,-0.0052,0.8053,1156.1122,866.9283,0.0077,0.0478,93100.0,0.3014,0.196,エストラスト,スタンダード（内国株式）,不動産業
3284,2026-10-05,1192.0,-0.0083,-0.0472,-0.088,-0.0205,-0.1158,-0.0419,1274.3439,1246.7146,True,-0.0646,0.8708,1368.8564,1126.0,0.0204,3.7067,119200.0,1.5119,0.5053,フージャースホールディングス,プライム（内国株式）,不動産業
3286,2026-10-05,875.0,0.0023,-0.0091,-0.0213,0.0034,-0.0491,-0.0179,884.84,895.7604,False,-0.0111,0.771,1134.9464,851.0,0.006,0.0259,87500.0,0.6677,0.2877,トラストホールディングス,スタンダード（内国株式）,不動産業
3288,2026-10-05,7353.0,0.0027,-0.0189,-0.0501,-0.1468,-0.0779,-0.1681,7622.3431,8144.3677,False,-0.0353,0.6298,11675.5339,7117.2229,0.0212,22.7341,735300.0,1.0235,0.3375,オープンハウスグループ,プライム（内国株式）,不動産業
3289,2026-10-05,1190.5,-0.0096,-0.0476,-0.0974,-0.1102,-0.1252,-0.1316,1282.191,1306.6303,False,-0.0715,0.7595,1567.4949,1154.5315,0.0183,33.9065,119050.0,1.0646,0.5352,東急不動産ホールディングス,プライム（内国株式）,不動産業
3291,2026-10-05,2107.5,-0.0033,-0.0447,-0.1013,-0.0449,-0.1291,-0.0662,2254.7686,2247.1962,True,-0.0653,0.7685,2742.3549,2014.5,0.0185,11.8458,210750.0,1.1436,0.5037,飯田グループホールディングス,プライム（内国株式）,不動産業
3293,2026-10-05,746.0,-0.0067,-0.0033,-0.0349,-0.0223,-0.0627,-0.0436,764.18,765.66,False,-0.0238,0.9441,790.169,731.4931,0.0084,0.0306,74600.0,1.9747,0.4051,アズマハウス,スタンダード（内国株式）,不動産業
3297,2026-10-05,1176.0,-0.0093,-0.0109,0.0043,0.0491,-0.0235,0.0277,1180.8,1154.2933,False,-0.0041,0.8753,1343.5225,1058.0,0.0062,0.0258,117600.0,1.6232,0.4392,東武住販,スタンダード（内国株式）,不動産業
3299,2026-10-05,1614.0,-0.0188,-0.0767,-0.0622,-0.1378,-0.09,-0.1591,1706.12,1787.273,True,-0.054,0.6387,2527.0393,1574.3008,0.0174,1.7636,161400.0,0.7822,0.5223,ムゲンエステート,スタンダード（内国株式）,不動産業
3300,2026-10-05,1816.0,-0.0006,-0.034,0.0117,-0.1506,-0.0161,-0.1719,1855.68,2006.833,False,-0.0214,0.7086,2562.8161,1795.0,0.014,0.9149,181600.0,0.7785,0.3589,アンビション　ＤＸ　ホールディングス,グロース（内国株式）,不動産業
3302,2026-10-05,2954.0,0.0058,-0.0547,-0.0299,-0.1438,-0.0577,-0.1651,3094.64,3270.4133,False,-0.0454,0.7958,3712.1784,2676.0,0.0189,1.4332,295400.0,0.928,0.4834,帝国繊維,プライム（内国株式）,繊維製品
3306,2026-10-05,744.0,-0.0363,-0.0462,0.0783,0.1154,0.0505,0.0941,713.32,686.3467,True,0.043,0.7818,951.6344,567.0,0.0487,0.4435,74400.0,1.7289,0.3424,日本製麻,スタンダード（内国株式）,卸売業
330A,2026-10-05,544.0,0.0149,0.0055,0.0168,0.1775,-0.011,0.1562,544.72,490.68,True,-0.0013,0.5098,1067.0,373.0,0.0347,0.0926,54400.0,0.456,0.2439,ＴａｌｅｎｔＸ,グロース（内国株式）,情報・通信業
3315,2026-10-05,91.0,-0.0421,-0.0521,-0.09,-0.0421,-0.1178,-0.0634,99.52,97.72,False,-0.0856,0.5948,153.0,86.0,0.0283,7.6286,9100.0,1.1988,0.3889,日本コークス工業,プライム（内国株式）,石油・石炭製品
3317,2026-10-05,1498.0,0.0054,0.0047,0.019,0.07,-0.0087,0.0487,1485.88,1450.5867,True,0.0082,0.8665,1728.7678,1249.0,0.0059,0.0158,149800.0,0.7271,0.4553,フライングガーデン,スタンダード（内国株式）,小売業
331A,2026-10-05,477.0,0.0,-0.0021,-0.0265,-0.0305,-0.0543,-0.0518,484.12,490.6667,True,-0.0147,0.8717,547.2195,445.0975,0.0084,0.0206,47700.0,1.1173,0.2991,メディックス,スタンダード（内国株式）,サービス業
3320,2026-10-05,1296.0,-0.0038,-0.0031,-0.0107,-0.0207,-0.0385,-0.042,1307.4,1293.6235,True,-0.0087,0.9039,1433.81,1180.3368,0.0107,0.0859,129600.0,0.5931,0.2513,クロスプラス,スタンダード（内国株式）,卸売業
3321,2026-10-05,1791.0,-0.0422,-0.0468,0.0763,-0.0371,0.0485,-0.0584,1747.72,1688.5067,False,0.0248,0.7483,2393.2814,1453.754,0.0302,1.0806,179100.0,1.6245,0.3675,ミタチ産業,スタンダード（内国株式）,卸売業
3323,2026-10-05,91.0,-0.0109,0.0022,-0.0319,0.2133,-0.0597,0.192,93.175,82.805,True,-0.0233,0.588,154.752,69.0,0.0275,0.285,9100.0,0.2692,0.1895,レカム,スタンダード（内国株式）,卸売業
3326,2026-10-05,651.0,-0.0046,-0.0412,-0.0136,0.0707,-0.0414,0.0494,658.76,639.28,True,-0.0118,0.7398,880.0,575.0,0.0172,0.0282,65100.0,1.5801,0.3478,ランシステム,スタンダード（内国株式）,サービス業
3329,2026-10-05,2135.0,-0.0009,-0.0042,-0.0042,0.0259,-0.032,0.0046,2139.6,2111.6533,True,-0.0021,0.976,2187.6055,1992.0,0.0048,0.0886,213500.0,2.0846,0.35,東和フードサービス,スタンダード（内国株式）,小売業
332A,2026-10-05,1174.0,-0.0143,-0.0885,0.087,0.1013,0.0592,0.08,1161.72,1071.8133,True,0.0106,0.6652,1765.0,761.0,0.0344,0.7117,117400.0,0.9818,0.3389,ミーク,グロース（内国株式）,情報・通信業
3333,2026-10-05,1247.0,-0.0127,-0.0341,-0.0415,-0.0393,-0.0693,-0.0607,1296.52,1302.4746,True,-0.0382,0.8716,1430.6242,1201.8421,0.0201,1.8951,124700.0,1.6554,0.351,あさひ,プライム（内国株式）,小売業
3349,2026-10-05,6328.0,0.021,0.0192,-0.0134,-0.0484,-0.0412,-0.0697,6479.36,6397.8667,True,-0.0234,0.7269,8705.2748,5615.0,0.0264,30.9414,632800.0,0.9642,0.3747,コスモス薬品,プライム（内国株式）,小売業
334A,2026-10-05,1190.0,-0.0165,-0.0116,0.1498,0.2673,0.122,0.246,1106.76,988.08,True,0.0752,0.9553,1245.7015,687.5,0.0269,0.0428,119000.0,1.3561,0.4281,ビジュアル・プロセッシング・ジャパン,グロース（内国株式）,情報・通信業
3350,2026-10-05,297.0,0.0206,0.0569,-0.01,0.3084,-0.0378,0.2871,278.88,249.36,False,0.065,0.4486,662.0,192.0,0.0633,72.2112,29700.0,0.9074,0.3779,メタプラネット,スタンダード（内国株式）,卸売業
3352,2026-10-05,1786.0,0.0,-0.0017,-0.0056,0.0857,-0.0334,0.0644,1791.3384,1736.7128,True,-0.003,0.8604,2075.8597,1401.2053,0.0147,0.0196,178600.0,0.8529,0.5003,バッファロー,スタンダード（内国株式）,小売業
3353,2026-10-05,2800.0,0.0011,0.0043,-0.0004,0.0141,-0.0282,-0.0072,2799.76,2770.0498,True,0.0001,0.9012,3107.0579,2487.5673,0.0048,0.0504,280000.0,1.0325,0.216,メディカル一光グループ,スタンダード（内国株式）,小売業
3355,2026-10-05,1779.0,0.0006,-0.0305,-0.0332,0.1224,-0.0609,0.1011,1809.44,1707.9539,True,-0.0168,0.8975,1982.1101,1490.7508,0.0185,0.4308,177900.0,0.709,0.2818,クリヤマホールディングス,スタンダード（内国株式）,卸売業
3358,2026-10-05,93.0,-0.0211,-0.0106,-0.0211,-0.07,-0.0489,-0.0913,94.8817,95.0006,True,-0.0198,0.5345,174.0,82.0,0.0222,0.0601,9300.0,0.4216,0.1935,Ｔｒａｉｌｈｅａｄ　Ｇｌｏｂａｌ　Ｈｏｌｄｉｎｇｓ,スタンダード（内国株式）,小売業
3359,2026-10-05,491.0,0.0,-0.0041,-0.0718,-0.0788,-0.0996,-0.1001,516.2665,517.2088,True,-0.0489,0.8422,583.0,460.0,0.0168,0.2692,49100.0,2.2423,0.4479,ｃｏｔｔａ,グロース（内国株式）,卸売業
335A,2026-10-05,327.0,0.0381,0.0283,-0.0494,-0.021,-0.0772,-0.0423,328.04,336.6533,False,-0.0032,0.545,600.0,311.0,0.0341,0.1539,32700.0,1.1042,0.6013,ミライロ,グロース（内国株式）,情報・通信業
3360,2026-10-05,2454.5,0.0064,0.0045,0.033,0.0674,0.0052,0.0461,2421.78,2351.9333,True,0.0135,0.8865,2768.6262,1938.0,0.0199,5.892,245450.0,0.9582,0.1841,シップヘルスケアホールディングス,プライム（内国株式）,卸売業
3361,2026-10-05,907.0,0.0022,0.0044,0.0,0.0225,-0.0278,0.0012,898.32,884.3867,True,0.0097,0.9622,942.6129,770.0767,0.0138,0.0415,90700.0,1.9277,0.272,トーエル,スタンダード（内国株式）,小売業
336A,2026-10-05,1648.0,0.0167,0.2391,0.1143,0.821,0.0865,0.7997,1396.76,1013.2667,True,0.1799,0.8059,2045.0,532.0,0.1066,138.0709,164800.0,1.6899,0.3324,ダイナミックマッププラットフォーム,グロース（内国株式）,情報・通信業
3370,2026-10-05,459.0,-0.0234,-0.0357,-0.015,-0.0613,-0.0428,-0.0827,475.92,472.08,False,-0.0356,0.7317,627.3314,312.1744,0.0219,0.0559,45900.0,1.0199,0.3376,フジタコーポレーション,スタンダード（内国株式）,小売業
3371,2026-10-05,2146.0,-0.0051,0.0,0.02,0.1433,-0.0078,0.122,2131.5287,1993.3629,True,0.0068,0.9073,2365.1862,1569.0,0.0227,1.4102,214600.0,1.5411,0.1836,ソフトクリエイトホールディングス,プライム（内国株式）,情報・通信業
3372,2026-10-05,214.0,-0.0047,-0.0183,-0.0273,-0.0317,-0.0551,-0.053,219.36,219.84,False,-0.0244,0.8075,265.0,210.0,0.0097,0.0428,21400.0,2.0479,0.5793,関門海,スタンダード（内国株式）,小売業
3374,2026-10-05,5250.0,0.0437,0.1732,0.2979,0.5719,0.2701,0.5505,4304.6,3795.76,True,0.2196,0.9906,5300.0,1916.8404,0.0399,1.7779,525000.0,1.1541,0.657,内外テック,スタンダード（内国株式）,卸売業
3375,2026-10-05,1751.0,0.0,-0.0163,-0.0256,0.0282,-0.0534,0.0069,1774.04,1735.3467,True,-0.013,0.8798,1990.2106,1536.8421,0.0171,0.0107,175100.0,1.4322,0.401,ＺＯＡ,スタンダード（内国株式）,小売業
3377,2026-10-05,414.0,0.0098,0.0561,0.0753,0.1159,0.0475,0.0946,391.48,382.0133,True,0.0575,0.7671,539.7146,358.0,0.0202,0.1069,41400.0,2.2522,0.6342,バイク王＆カンパニー,スタンダード（内国株式）,卸売業
3382,2026-10-05,1980.0,0.001,-0.01,-0.0325,-0.0351,-0.0603,-0.0564,2019.62,2005.9114,True,-0.0196,0.8411,2354.0996,1784.0104,0.0167,155.1192,198000.0,0.8996,0.3072,セブン＆アイ・ホールディングス,プライム（内国株式）,小売業
3386,2026-10-05,1288.0,0.0271,0.0222,0.0263,0.0086,-0.0015,-0.0127,1254.12,1246.959,True,0.027,0.9013,1429.0872,1041.5219,0.0109,0.0327,128800.0,0.8244,0.3624,コスモ・バイオ,スタンダード（内国株式）,卸売業
3387,2026-10-05,777.0,0.0078,0.0157,0.0078,0.0606,-0.02,0.0393,766.7,756.8979,True,0.0134,0.9518,816.3478,682.7817,0.0179,7.6077,77700.0,0.6116,0.2441,クリエイト・レストランツ・ホールディングス,プライム（内国株式）,小売業
3388,2026-10-05,2109.0,0.0062,0.0024,-0.0047,-0.025,-0.0325,-0.0463,2107.3477,2130.3692,True,0.0008,0.8552,2466.0707,1891.6998,0.0139,0.5794,210900.0,0.8763,0.2129,明治電機工業,プライム（内国株式）,卸売業
338A,2026-10-05,4285.0,0.0554,0.4189,0.8289,0.7569,0.8011,0.7355,2947.8,2375.4667,True,0.4536,0.8964,4780.0,1890.0,0.1071,42.2419,428500.0,2.6318,0.4205,ＺｅｎｍｕＴｅｃｈ,グロース（内国株式）,情報・通信業
3391,2026-10-05,2128.5,0.0328,-0.0072,-0.0449,-0.0467,-0.0727,-0.068,2230.5,2253.4619,True,-0.0457,0.7245,2937.7922,1869.9392,0.0259,37.5975,212850.0,1.1886,0.3591,ツルハホールディングス,プライム（内国株式）,小売業
3392,2026-10-05,751.0,-0.0027,-0.017,-0.0875,-0.1397,-0.1153,-0.1611,792.12,817.8,False,-0.0519,0.7463,1006.3488,733.5727,0.0156,0.2399,75100.0,2.0604,0.5207,デリカフーズホールディングス,スタンダード（内国株式）,卸売業
3393,2026-10-05,3070.0,-0.0032,-0.0122,0.0182,-0.0065,-0.0096,-0.0278,3082.9787,3050.7529,True,-0.0042,0.9374,3275.0,2460.9058,0.0226,1.2865,307000.0,1.3972,0.3177,スターティアホールディングス,プライム（内国株式）,卸売業
3395,2026-10-05,2405.0,-0.0091,-0.0326,-0.02,-0.0602,-0.0478,-0.0815,2472.4421,2490.694,False,-0.0273,0.7591,3168.0293,2290.0,0.0185,2.8813,240500.0,1.5333,0.4216,サンマルクホールディングス,プライム（内国株式）,小売業
3396,2026-10-05,860.0,0.0,-0.0023,-0.0081,-0.0081,-0.0359,-0.0294,864.36,863.8133,True,-0.005,0.9185,936.3503,804.4011,0.0086,0.0347,86000.0,1.4435,0.666,フェリシモ,スタンダード（内国株式）,小売業
3397,2026-10-05,4159.0,-0.0019,-0.0203,-0.0386,0.0664,-0.0664,0.0451,4282.92,4133.6,True,-0.0289,0.8224,5057.2174,3492.0,0.0241,17.0796,415900.0,1.2668,0.3854,トリドールホールディングス,プライム（内国株式）,小売業
3399,2026-10-05,3960.0,0.0299,0.0246,0.0064,0.163,-0.0214,0.1417,3898.2,3682.4667,True,0.0159,0.9318,4250.0,2576.6355,0.0411,4.0475,396000.0,0.6972,0.2118,丸千代山岡家,スタンダード（内国株式）,小売業
339A,2026-10-05,923.0,-0.0202,-0.0022,0.0278,-0.0222,0.0,-0.0436,919.36,911.4667,False,0.004,0.5922,1558.604,843.0,0.018,0.1037,92300.0,0.653,0.2534,プログレス・テクノロジーズ　グループ,グロース（内国株式）,サービス業
3401,2026-10-05,1641.5,0.0071,-0.0141,-0.0708,-0.0577,-0.0986,-0.079,1695.4005,1690.7668,True,-0.0318,0.8995,1825.0,1183.816,0.0196,10.6525,164150.0,0.9179,0.3707,帝人,プライム（内国株式）,繊維製品
3402,2026-10-05,1243.5,0.0163,0.004,-0.0197,0.0583,-0.0475,0.037,1251.1996,1219.3199,True,-0.0062,0.8914,1395.0,905.5054,0.0197,53.5193,124350.0,1.0261,0.2793,東レ,プライム（内国株式）,繊維製品
3405,2026-10-05,1788.5,0.0099,-0.0014,-0.0415,0.0335,-0.0693,0.0122,1809.78,1789.1022,True,-0.0118,0.8566,2088.0,1437.5979,0.019,27.638,178850.0,1.0227,0.2074,クラレ,プライム（内国株式）,化学
3407,2026-10-05,1646.5,0.0101,0.0167,-0.0015,-0.1339,-0.0293,-0.1552,1613.2566,1717.4522,False,0.0206,0.8639,1906.0,1128.4572,0.0201,70.8979,164650.0,0.8885,0.2709,旭化成,プライム（内国株式）,化学
3409,2026-10-05,78.0,0.013,0.0,-0.1333,-0.1429,-0.1611,-0.1642,85.84,90.2667,False,-0.0913,0.3391,230.0,70.0,0.0476,0.0544,7800.0,1.4118,0.4846,北紡,スタンダード（内国株式）,繊維製品
340A,2026-10-05,337.0,-0.003,0.0531,0.0564,0.003,0.0286,-0.0183,324.6,320.7067,False,0.0382,0.6582,512.0,299.0,0.0261,0.0274,33700.0,0.4332,0.2959,ジグザグ,グロース（内国株式）,情報・通信業
3415,2026-10-05,338.0,-0.0343,-0.0343,-0.0398,-0.1058,-0.0676,-0.1271,355.36,371.8667,True,-0.0489,0.6857,492.9412,324.0,0.0298,1.2761,33800.0,0.8283,0.2681,ＴＯＫＹＯ　ＢＡＳＥ,プライム（内国株式）,小売業
3416,2026-10-05,897.0,-0.0033,0.0216,-0.0344,0.0717,-0.0622,0.0504,904.28,861.5467,True,-0.0081,0.8566,1047.1602,782.0,0.0124,0.015,89700.0,1.0195,0.3769,ピクスタ,スタンダード（内国株式）,小売業
3417,2026-10-05,1008.0,0.0151,0.0131,-0.028,-0.1173,-0.0558,-0.1387,1012.56,1073.3067,False,-0.0045,0.7004,1439.1673,985.0,0.0128,0.0673,100800.0,0.4284,0.2256,大木ヘルスケアホールディングス,スタンダード（内国株式）,卸売業
3418,2026-10-05,1050.0,0.0,0.0029,0.0019,-0.0781,-0.0259,-0.0994,1050.4,1079.8127,False,-0.0004,0.91,1153.8988,1001.2637,0.0082,0.1331,105000.0,0.4846,0.1517,バルニバービ,グロース（内国株式）,小売業
341A,2026-10-05,2077.0,-0.0095,-0.1139,-0.0043,0.0122,-0.0321,-0.0091,2202.08,2064.1333,True,-0.0568,0.7444,2790.0,1755.0,0.0389,1.0787,207700.0,1.0425,0.4658,トヨコー,グロース（内国株式）,建設業
3420,2026-10-05,1548.0,0.0019,-0.0171,-0.024,0.0178,-0.0518,-0.0036,1570.32,1576.7867,True,-0.0142,0.9053,1710.0,1410.6521,0.0088,0.0454,154800.0,0.5983,0.4347,ケー・エフ・シー,スタンダード（内国株式）,金属製品
3421,2026-10-05,1575.0,-0.0125,-0.0331,-0.088,-0.0961,-0.1158,-0.1174,1668.48,1707.5552,False,-0.056,0.8815,1786.8284,1517.9932,0.0156,0.4869,157500.0,0.7423,0.2971,稲葉製作所,スタンダード（内国株式）,金属製品
3422,2026-10-05,667.0,0.0152,0.0672,0.0952,0.3448,0.0674,0.3234,623.6443,560.5214,True,0.0695,0.9175,727.0,329.5407,0.0337,0.2719,66700.0,0.813,0.4004,Ｊ－ＭＡＸ,スタンダード（内国株式）,金属製品
3423,2026-10-05,266.0,0.0038,-0.0075,-0.0292,-0.0112,-0.057,-0.0325,271.24,270.2667,False,-0.0193,0.794,335.0,248.6956,0.0118,0.0471,26600.0,2.0343,0.35,エスイー,スタンダード（内国株式）,金属製品
3426,2026-10-05,1310.0,0.0023,0.0092,0.0069,0.01,-0.0209,-0.0113,1299.16,1295.7962,True,0.0083,0.9216,1421.453,1256.8023,0.0044,0.011,131000.0,1.6419,0.21,アトムリビンテック,スタンダード（内国株式）,金属製品
3431,2026-10-05,1460.0,-0.0228,-0.0357,-0.0818,-0.0482,-0.1096,-0.0696,1557.3565,1564.6255,True,-0.0625,0.7247,2014.7516,1429.0,0.0165,1.327,146000.0,1.3818,0.5326,宮地エンジニアリンググループ,プライム（内国株式）,金属製品
3433,2026-10-05,3115.0,0.0429,0.0911,0.158,-0.0575,0.1302,-0.0788,2817.0739,2966.358,False,0.1058,0.9003,3460.0,1887.4984,0.0209,5.8849,311500.0,0.8124,0.4871,トーカロ,プライム（内国株式）,金属製品
3434,2026-10-05,1216.0,-0.0041,-0.013,-0.0209,-0.0209,-0.0487,-0.0423,1239.5667,1233.2289,True,-0.019,0.885,1373.9389,1116.7531,0.009,0.0559,121600.0,0.9843,0.4585,アルファＣｏ,スタンダード（内国株式）,金属製品
3435,2026-10-05,1485.0,-0.0211,-0.0224,-0.006,0.0532,-0.0338,0.0319,1512.92,1455.2533,True,-0.0185,0.9495,1564.0,1172.9051,0.0203,0.0499,148500.0,1.0332,0.3292,サンコーテクノ,スタンダード（内国株式）,金属製品
3436,2026-10-05,3647.0,0.0164,0.2076,0.1682,-0.2947,0.1404,-0.316,3183.06,3712.9939,False,0.1458,0.6141,5939.0,1120.1769,0.0486,339.1354,364700.0,0.7185,0.4888,ＳＵＭＣＯ,プライム（内国株式）,金属製品
3437,2026-10-05,2585.0,-0.0141,-0.0297,-0.0479,-0.0175,-0.0757,-0.0388,2669.92,2691.3067,False,-0.0318,0.6726,3843.0838,2581.0584,0.0086,0.0112,258500.0,1.1957,0.3961,特殊電極,スタンダード（内国株式）,金属製品
3439,2026-10-05,685.0,0.0015,0.0118,0.0088,-0.0044,-0.019,-0.0257,678.32,674.9372,True,0.0098,0.88,778.4503,586.6165,0.0064,0.009,68500.0,1.0074,0.3443,三ツ知,スタンダード（内国株式）,金属製品
343A,2026-10-05,1275.0,-0.0116,-0.0177,-0.0319,-0.0925,-0.0597,-0.1138,1304.8,1348.1867,True,-0.0228,0.7453,1710.6742,1100.6966,0.0204,0.0815,127500.0,1.075,0.2808,ＩＡＣＥトラベル,スタンダード（内国株式）,サービス業
3440,2026-10-05,837.0,-0.0048,-0.0312,-0.0379,-0.0628,-0.0657,-0.0841,866.96,872.1159,False,-0.0346,0.7501,1115.8371,812.7349,0.0129,0.114,83700.0,0.7698,0.4079,日創グループ,スタンダード（内国株式）,金属製品
3441,2026-10-05,1752.0,0.0192,-0.0146,-0.3494,-0.4417,-0.3772,-0.463,2311.12,2692.6016,False,-0.2419,0.4155,4216.4509,922.7163,0.0762,2.265,175200.0,1.3511,0.1334,山王,スタンダード（内国株式）,金属製品
3443,2026-10-05,1371.0,0.0081,-0.0115,-0.0044,0.0088,-0.0322,-0.0125,1381.12,1343.0533,True,-0.0073,0.7561,1813.3374,1129.0,0.0213,2.6861,137100.0,0.7692,0.3396,川田テクノロジーズ,プライム（内国株式）,金属製品
3444,2026-10-05,1177.0,0.0518,0.0537,0.1817,-0.0516,0.1539,-0.0729,1077.64,1044.9467,False,0.0922,0.6261,1880.0,297.1955,0.0848,9.0619,117700.0,1.1184,0.1843,菊池製作所,スタンダード（内国株式）,金属製品
3445,2026-10-05,6590.0,0.0378,0.1039,0.181,-0.1721,0.1532,-0.1934,5790.8,6485.0667,False,0.138,0.7618,8650.0,3415.0,0.0389,10.7153,659000.0,0.7234,0.4179,ＲＳ　Ｔｅｃｈｎｏｌｏｇｉｅｓ,プライム（内国株式）,金属製品
3446,2026-10-05,1537.0,-0.021,-0.0266,0.0145,-0.2045,-0.0133,-0.2258,1585.2,1615.9467,False,-0.0304,0.6114,2514.0,1120.0,0.0277,0.2635,153700.0,0.5438,0.2353,ジェイテックコーポレーション,スタンダード（内国株式）,金属製品
3447,2026-10-05,957.0,-0.001,-0.0353,-0.0581,0.001,-0.0859,-0.0203,1001.7079,986.916,True,-0.0446,0.8945,1069.8199,793.7691,0.0132,0.3251,95700.0,1.274,0.5709,信和,スタンダード（内国株式）,金属製品
3449,2026-10-05,4685.0,0.04,0.0895,0.2577,-0.312,0.2299,-0.3334,4140.4,5404.3356,False,0.1315,0.4377,10703.6131,1544.4055,0.0454,5.4089,468500.0,0.8523,0.3153,テクノフレックス,スタンダード（内国株式）,金属製品
3452,2026-10-05,1369.0,-0.0172,-0.0486,-0.0725,-0.0756,-0.1003,-0.0969,1452.04,1462.8533,True,-0.0572,0.7499,1825.5352,1330.0,0.0161,0.8804,136900.0,1.1178,0.4939,ビーロット,スタンダード（内国株式）,不動産業
3454,2026-10-05,1271.0,0.0047,0.0087,-0.0031,0.0418,-0.0309,0.0205,1266.92,1250.2,True,0.0032,0.9777,1300.0,1101.7054,0.012,0.0526,127100.0,1.0297,0.2748,ファーストブラザーズ,スタンダード（内国株式）,不動産業
3457,2026-10-05,824.0,-0.012,-0.0955,-0.1159,-0.1399,-0.1437,-0.1612,912.48,935.3724,False,-0.097,0.7553,1090.8989,820.0,0.0157,1.3949,82400.0,1.8357,0.8354,Ａｎｄ　Ｄｏホールディングス,プライム（内国株式）,不動産業
3461,2026-10-05,559.0,-0.0036,-0.1155,-0.1127,-0.0176,-0.1405,-0.0389,611.8594,593.4331,True,-0.0864,0.86,650.0,497.0,0.0253,0.0639,55900.0,1.9597,0.6284,パルマ,スタンダード（内国株式）,不動産業
3465,2026-10-05,3095.0,-0.0032,-0.0283,-0.0816,-0.1702,-0.1094,-0.1916,3289.3448,3569.0483,False,-0.0591,0.7546,4101.6702,2479.6238,0.0202,4.4997,309500.0,1.0627,0.4071,ケイアイスター不動産,プライム（内国株式）,不動産業
3467,2026-10-05,2739.0,0.0077,-0.0277,-0.0588,0.0239,-0.0866,0.0026,2821.68,2739.2,True,-0.0293,0.904,3030.0,2068.0518,0.0205,0.1508,273900.0,0.6982,0.274,アグレ都市デザイン,スタンダード（内国株式）,不動産業
3469,2026-10-05,892.0,-0.0056,0.0045,-0.0034,0.009,-0.0311,-0.0123,890.0,909.4351,False,0.0022,0.8725,1022.341,846.5181,0.0122,0.0289,89200.0,0.8927,0.2118,デュアルタップ,スタンダード（内国株式）,不動産業
3474,2026-10-05,594.0,-0.0034,-0.0034,-0.0166,0.0859,-0.0444,0.0646,598.6,574.4267,True,-0.0077,0.8841,671.8867,526.0,0.0057,0.014,59400.0,0.7848,0.1787,Ｇ－ＦＡＣＴＯＲＹ,グロース（内国株式）,不動産業
3475,2026-10-05,1461.0,-0.0128,-0.0247,-0.026,-0.0135,-0.0538,-0.0348,1487.32,1493.8,True,-0.0177,0.7906,1848.0,1081.0,0.0208,2.2054,146100.0,1.5658,0.1779,グッドコムアセット,プライム（内国株式）,不動産業
3477,2026-10-05,889.0,0.0068,-0.0204,-0.0034,0.0521,-0.0312,0.0308,898.0227,873.4742,True,-0.01,0.9539,932.0,750.0,0.0174,0.0457,88900.0,1.7786,0.4009,フォーライフ,スタンダード（内国株式）,不動産業
3479,2026-10-05,1821.0,-0.0016,-0.0426,-0.0267,0.0514,-0.0545,0.0301,1877.44,1828.4933,True,-0.0301,0.7509,2425.0,1457.0,0.0211,0.8507,182100.0,0.4934,0.3377,ＴＫＰ,グロース（内国株式）,不動産業
3482,2026-10-05,2448.0,-0.0089,-0.0512,-0.0366,-0.0859,-0.0644,-0.1072,2554.32,2652.2,False,-0.0416,0.6434,3805.0,2448.0,0.0182,2.317,244800.0,0.899,0.3612,ロードスターキャピタル,プライム（内国株式）,不動産業
3484,2026-10-05,1247.0,-0.0016,-0.0111,0.0787,0.0834,0.0509,0.0621,1188.92,1125.9467,True,0.0489,0.9319,1338.1468,1020.3734,0.0285,0.0905,124700.0,1.5488,0.194,イノベーションホールディングス,スタンダード（内国株式）,不動産業
3486,2026-10-05,1863.0,-0.0169,-0.0694,-0.0337,-0.0179,-0.0615,-0.0392,1976.76,1921.4,True,-0.0575,0.6384,2918.1123,1676.0,0.0247,1.7261,186300.0,1.7106,0.4674,グローバル・リンク・マネジメント,プライム（内国株式）,不動産業
3489,2026-10-05,732.0,-0.0161,-0.0469,-0.1244,-0.0639,-0.1522,-0.0853,798.56,792.2933,True,-0.0834,0.8027,911.9359,679.0,0.0176,0.3984,73200.0,0.9028,0.5444,フェイスネットワーク,スタンダード（内国株式）,不動産業
3490,2026-10-05,3195.0,0.0079,0.0373,0.0579,0.0696,0.0301,0.0483,3070.8,3058.0933,True,0.0404,0.9667,3305.0,2683.8901,0.0116,0.0379,319500.0,0.5329,0.5115,アズ企画設計,スタンダード（内国株式）,不動産業
3491,2026-10-05,1313.0,0.021,0.0306,-0.1373,-0.0939,-0.1651,-0.1152,1423.96,1415.6933,False,-0.0779,0.5544,2368.4402,1214.0,0.0454,4.0984,131300.0,1.4663,0.223,ＧＡ　ｔｅｃｈｎｏｌｏｇｉｅｓ,グロース（内国株式）,不動産業
3494,2026-10-05,413.0,-0.0048,-0.0943,-0.0677,0.0563,-0.0955,0.0349,442.8927,420.2976,True,-0.0675,0.843,489.9016,317.0,0.0193,0.0411,41300.0,0.9855,0.5771,マリオン,スタンダード（内国株式）,不動産業
3495,2026-10-05,2285.0,0.0151,0.0022,-0.013,-0.0359,-0.0408,-0.0572,2285.9645,2333.3748,False,-0.0004,0.8692,2629.0,2234.6562,0.0161,0.0159,228500.0,1.6637,0.2135,香陵住販,スタンダード（内国株式）,不動産業
3496,2026-10-05,4610.0,-0.0065,-0.0258,-0.0305,0.0313,-0.0583,0.01,4781.3769,4588.1923,True,-0.0358,0.7505,6142.683,3915.0,0.0306,2.0545,461000.0,0.9311,0.3189,アズーム,プライム（内国株式）,不動産業
3498,2026-10-05,7410.0,-0.0094,-0.0364,0.0137,0.1409,-0.0141,0.1196,7444.6,7166.2629,True,-0.0046,0.6952,10658.0958,5397.6202,0.0332,19.5819,741000.0,0.9034,0.2808,霞ヶ関キャピタル,プライム（内国株式）,不動産業
3501,2026-10-05,1158.0,0.0017,-0.0253,-0.0153,0.0537,-0.0431,0.0324,1177.6,1142.2267,True,-0.0166,0.812,1426.0209,1041.0,0.0132,0.1895,115800.0,0.7392,0.386,ＳＵＭＩＮＯＥ,プライム（内国株式）,繊維製品
350A,2026-10-05,686.0,0.03,0.0,-0.1091,-0.1436,-0.1369,-0.1649,740.04,755.52,False,-0.073,0.6533,1050.0,656.0,0.0482,5.5745,68600.0,1.0586,0.2147,デジタルグリッド,グロース（内国株式）,電気・ガス業
3512,2026-10-05,1025.0,0.002,0.0199,-0.0049,-0.0144,-0.0327,-0.0357,1028.7999,978.56,True,-0.0037,0.9448,1084.8871,564.3835,0.0398,0.2045,102500.0,1.107,0.2566,日本フエルト,スタンダード（内国株式）,繊維製品
3513,2026-10-05,3685.0,0.0166,0.0308,0.1184,0.0351,0.0906,0.0138,3525.949,3417.983,True,0.0451,0.8717,4227.4057,1903.0726,0.0408,0.1255,368500.0,0.9562,0.3235,イチカワ,スタンダード（内国株式）,繊維製品
3521,2026-10-05,157.0,0.0,0.0,0.0129,0.0467,-0.0149,0.0253,156.76,153.3333,True,0.0015,0.8601,182.5349,141.0,0.0082,0.0232,15700.0,0.9865,0.2333,テルマー湯ホールディングス,スタンダード（内国株式）,サービス業
3524,2026-10-05,1467.0,-0.0034,-0.0115,-0.0108,0.0338,-0.0386,0.0125,1482.64,1460.3467,True,-0.0105,0.9262,1583.963,1385.8469,0.0044,0.0355,146700.0,0.9675,0.3267,日東製網,スタンダード（内国株式）,繊維製品
3529,2026-10-05,1017.0,-0.0039,-0.1032,-0.0406,-0.0583,-0.0684,-0.0797,1037.68,1033.2267,True,-0.0199,0.7964,1277.0,809.0,0.044,0.6244,101700.0,1.4966,0.4131,アツギ,スタンダード（内国株式）,繊維製品
352A,2026-10-05,530.0,-0.0038,0.0,-0.0112,0.0192,-0.039,-0.0021,537.76,517.4133,True,-0.0144,0.4373,1212.0,430.0,0.0263,0.0219,53000.0,0.4599,0.2082,ＬＯＩＶＥ,グロース（内国株式）,サービス業
3536,2026-10-05,128.0,0.0,0.0079,0.0,0.0079,-0.0278,-0.0134,127.48,127.8295,False,0.0041,0.7223,177.2093,123.062,0.0089,0.0113,12800.0,0.4028,0.2625,アクサスホールディングス,スタンダード（内国株式）,小売業
3537,2026-10-05,1721.0,-0.0126,-0.0444,-0.0177,0.0545,-0.0455,0.0332,1750.84,1692.12,True,-0.017,0.9058,1900.0,1456.0789,0.0252,0.1052,172100.0,3.1105,0.4605,昭栄薬品,スタンダード（内国株式）,卸売業
3538,2026-10-05,1006.0,0.005,-0.0299,-0.0137,0.1141,-0.0415,0.0927,1019.32,967.1555,True,-0.0131,0.9543,1054.2261,866.2483,0.0182,0.1168,100600.0,0.8228,0.2724,ウイルプラスホールディングス,スタンダード（内国株式）,小売業
3539,2026-10-05,1440.0,-0.0191,-0.015,-0.0055,0.1561,-0.0333,0.1348,1429.4,1357.159,True,0.0074,0.7954,1810.3093,1177.1469,0.0275,2.4484,144000.0,0.5744,0.1971,ＪＭホールディングス,プライム（内国株式）,小売業
3542,2026-10-05,1581.0,0.0076,0.0246,0.0851,0.179,0.0573,0.1577,1516.64,1400.64,True,0.0424,0.6904,2289.9345,1190.0,0.0288,0.2225,158100.0,0.4582,0.2326,ベガコーポレーション,グロース（内国株式）,小売業
3543,2026-10-05,2796.0,0.0018,-0.0183,-0.0425,-0.0044,-0.0703,-0.0257,2872.52,2832.5955,True,-0.0266,0.8838,3163.6939,2644.1667,0.0113,5.3746,279600.0,0.7116,0.3666,コメダホールディングス,プライム（内国株式）,卸売業
3544,2026-10-05,1247.0,0.0,0.0008,-0.0016,0.0056,-0.0294,-0.0157,1248.24,1220.3867,True,-0.001,0.939,1328.0,791.0,0.0022,0.1328,124700.0,0.1519,0.2513,サツドラホールディングス,スタンダード（内国株式）,小売業
3547,2026-10-05,1936.0,0.0031,-0.0082,0.0364,0.2176,0.0086,0.1963,1906.08,1757.3333,True,0.0157,0.7568,2558.053,1440.0,0.0148,0.5148,193600.0,0.8247,0.252,ユニシアホールディングス,スタンダード（内国株式）,小売業
3548,2026-10-05,644.0,0.0047,-0.0359,-0.0826,-0.1379,-0.1104,-0.1592,679.6,716.4533,False,-0.0524,0.8258,779.8133,632.0,0.0125,1.0521,64400.0,1.492,0.508,バロックジャパンリミテッド,プライム（内国株式）,小売業
3549,2026-10-05,4338.0,-0.0165,0.1332,0.0722,0.1262,0.0444,0.1048,4040.44,3918.0933,True,0.0736,0.9123,4755.1395,3351.0,0.0364,15.7781,433800.0,1.8845,0.4859,クスリのアオキホールディングス,スタンダード（内国株式）,小売業
3550,2026-10-05,222.0,-0.0045,0.0278,0.0326,-0.0431,0.0048,-0.0644,217.16,219.4267,False,0.0223,0.9343,237.6,180.8889,0.0129,0.028,22200.0,1.0382,0.42,スタジオアタオ,グロース（内国株式）,小売業
3551,2026-10-05,1560.0,0.0065,0.0243,-0.0353,0.1774,-0.063,0.156,1581.72,1467.3067,True,-0.0137,0.942,1656.0,897.728,0.0174,0.2531,156000.0,0.6595,0.2984,ダイニック,スタンダード（内国株式）,繊維製品
3553,2026-10-05,877.0,-0.0023,-0.0168,-0.0529,-0.0068,-0.0807,-0.0281,916.6985,898.2862,True,-0.0433,0.7431,1180.2339,813.1149,0.0149,0.3419,87700.0,0.9932,0.5187,共和レザー,スタンダード（内国株式）,化学
3556,2026-10-05,763.0,0.0039,-0.0342,-0.0305,0.0013,-0.0583,-0.02,795.12,801.24,False,-0.0404,0.5883,1297.0,718.0,0.0198,0.2748,76300.0,0.6581,0.3981,リネットジャパングループ,グロース（内国株式）,小売業
3557,2026-10-05,497.0,-0.006,-0.008,-0.0331,-0.0693,-0.0609,-0.0906,509.84,536.1467,False,-0.0252,0.495,1004.0,497.0,0.0065,0.0282,49700.0,0.8485,0.4978,ユナイテッド＆コレクティブ,グロース（内国株式）,小売業
3558,2026-10-05,1841.0,0.0082,-0.0213,0.0343,0.1528,0.0065,0.1315,1850.92,1717.7467,True,-0.0054,0.7905,2329.0,1220.1228,0.022,1.3725,184100.0,0.6558,0.2647,ジェイドグループ,グロース（内国株式）,小売業
3559,2026-10-05,458.0,0.0339,0.011,-0.0043,0.1117,-0.0321,0.0903,457.76,431.0933,True,0.0005,0.7854,583.1237,375.0,0.0306,0.0214,45800.0,0.4798,0.2429,ピーバンドットコム,スタンダード（内国株式）,卸売業
3560,2026-10-05,5250.0,0.0314,0.0194,0.1932,0.1524,0.1654,0.131,4631.6,4371.7591,True,0.1335,1.0,5250.0,2939.2577,0.0306,0.2205,525000.0,1.5541,0.56,ほぼ日,スタンダード（内国株式）,小売業
3561,2026-10-05,1348.0,-0.0132,-0.0904,-0.1419,-0.1387,-0.1697,-0.16,1503.5958,1557.6253,True,-0.1035,0.7707,1749.0,1306.3315,0.0148,1.7433,134800.0,1.9628,0.8051,力の源ホールディングス,プライム（内国株式）,小売業
3562,2026-10-05,1575.0,0.009,-0.0193,0.0032,0.0141,-0.0246,-0.0072,1577.18,1539.6937,True,-0.0014,0.6555,2402.8138,1385.43,0.0124,0.1918,157500.0,0.5168,0.2299,Ｎｏ．１,スタンダード（内国株式）,卸売業
3563,2026-10-05,5340.0,0.0539,0.0587,-0.11,0.1568,-0.1378,0.1355,5367.0096,5323.5699,True,-0.005,0.8704,6135.0,3122.0,0.0358,152.6911,534000.0,1.2538,0.3558,ＦＯＯＤ　＆　ＬＩＦＥ　ＣＯＭＰＡＮＩＥＳ,プライム（内国株式）,小売業
3565,2026-10-05,480.0,-0.0041,-0.0495,0.0256,0.1782,-0.0022,0.1568,489.84,440.0819,True,-0.0201,0.8293,578.8238,329.9985,0.0499,1.3537,48000.0,1.0216,0.2925,アセンテック,スタンダード（内国株式）,卸売業
3566,2026-10-05,690.0,-0.0377,-0.039,-0.0957,-0.2023,-0.1235,-0.2236,726.84,800.72,False,-0.0507,0.6509,1060.0,580.7362,0.022,0.0578,69000.0,0.5881,0.3286,ユニフォームネクスト,グロース（内国株式）,小売業
3569,2026-10-05,3335.0,0.0246,0.0224,-0.0206,-0.0206,-0.0484,-0.0419,3327.4285,3336.7428,False,0.0023,0.9211,3620.5758,2915.2303,0.0189,4.7908,333500.0,0.8642,0.1986,セーレン,プライム（内国株式）,繊維製品
3571,2026-10-05,706.0,0.0129,0.01,-0.0447,-0.0056,-0.0725,-0.027,719.5049,713.915,True,-0.0188,0.8865,796.3689,678.0,0.0137,0.036,70600.0,1.2206,0.3606,ソトー,スタンダード（内国株式）,繊維製品
3577,2026-10-05,927.0,0.0,0.0032,-0.0283,-0.0043,-0.0561,-0.0256,928.4,931.2133,False,-0.0015,0.8712,1064.0,857.1125,0.0076,0.0169,92700.0,0.6534,0.2143,東海染工,スタンダード（内国株式）,繊維製品
3580,2026-10-05,709.0,-0.0125,-0.0584,-0.0646,-0.0139,-0.0924,-0.0352,751.8075,734.9492,True,-0.0569,0.776,913.7127,681.0,0.0175,0.4728,70900.0,0.9978,0.5164,小松マテーレ,プライム（内国株式）,繊維製品
3583,2026-10-05,1361.0,0.0,-0.0131,0.0096,0.1248,-0.0182,0.1035,1353.12,1298.5733,True,0.0058,0.9367,1453.0,1125.0,0.0051,0.0095,136100.0,0.3242,0.4429,オーベクス,スタンダード（内国株式）,繊維製品
3591,2026-10-05,3573.0,-0.0089,-0.0739,-0.134,-0.198,-0.1618,-0.2193,3983.6227,4253.3409,False,-0.1031,0.6192,5770.7559,3573.0,0.0209,5.6445,357300.0,1.604,0.6426,ワコールホールディングス,プライム（内国株式）,繊維製品
3597,2026-10-05,8800.0,-0.0157,-0.0101,-0.0287,-0.0068,-0.0565,-0.0281,8986.8,9076.3362,False,-0.0208,0.8874,9916.4297,8720.0,0.0111,0.187,880000.0,1.0069,0.3066,自重堂,スタンダード（内国株式）,繊維製品
3598,2026-10-05,157.0,0.0,-0.0309,-0.0599,-0.0188,-0.0877,-0.0401,164.12,161.3467,True,-0.0434,0.8486,185.0,152.0,0.0177,0.0283,15700.0,1.4542,0.3949,山喜,スタンダード（内国株式）,繊維製品
3600,2026-10-05,1800.0,0.0227,0.0,0.0465,0.0588,0.0187,0.0375,1746.08,1724.32,True,0.0309,1.0,1800.0,1528.9204,0.0063,0.0025,180000.0,0.9259,0.6825,フジックス,スタンダード（内国株式）,繊維製品
3607,2026-10-05,352.0,-0.0056,-0.0712,0.0028,0.0139,-0.0249,-0.0075,358.52,358.5031,True,-0.0182,0.8502,414.0,299.4648,0.0292,0.1623,35200.0,2.4804,0.6125,クラウディアホールディングス,スタンダード（内国株式）,繊維製品
3608,2026-10-05,1198.0,0.0034,-0.018,-0.0416,-0.0268,-0.0694,-0.0481,1234.92,1220.9333,True,-0.0299,0.7784,1539.0,906.5087,0.0166,2.7533,119800.0,1.1006,0.3727,ＴＳＩホールディングス,プライム（内国株式）,繊維製品
3611,2026-10-05,2368.0,0.0051,-0.0166,-0.0295,-0.0725,-0.0573,-0.0938,2419.52,2452.1067,True,-0.0213,0.8674,2730.0,1906.6135,0.0153,0.6122,236800.0,0.6658,0.2205,マツオカコーポレーション,スタンダード（内国株式）,繊維製品
3612,2026-10-05,1517.0,-0.0117,-0.0399,-0.0525,-0.0725,-0.0803,-0.0938,1592.8,1583.3929,True,-0.0476,0.8942,1696.3965,1276.6437,0.0163,4.149,151700.0,0.7666,0.4329,ワールド,プライム（内国株式）,繊維製品
3622,2026-10-05,495.0,0.0102,-0.004,-0.006,-0.012,-0.0338,-0.0333,496.2,498.7467,False,-0.0024,0.7216,685.9573,478.0,0.0121,0.0162,49500.0,1.318,0.2,ネットイヤーグループ,スタンダード（内国株式）,情報・通信業
3623,2026-10-05,1251.0,-0.0157,-0.0165,-0.0111,0.1892,-0.0389,0.1678,1269.52,1127.5733,True,-0.0146,0.9477,1320.0,945.8476,0.0223,0.2121,125100.0,0.5617,0.1969,ビリングシステム,グロース（内国株式）,情報・通信業
3624,2026-10-05,87.0,0.0116,-0.044,0.0235,0.061,-0.0043,0.0397,88.16,77.92,True,-0.0132,0.6444,135.0,48.0,0.0854,0.8582,8700.0,0.7969,0.2288,アクセルマーク,グロース（内国株式）,情報・通信業
3625,2026-10-05,730.0,0.0111,0.0238,0.0831,0.3444,0.0553,0.3231,681.76,624.4628,True,0.0708,0.8765,832.8417,512.518,0.0305,0.0955,73000.0,0.4342,0.3006,テックファームホールディングス,グロース（内国株式）,情報・通信業
3626,2026-10-05,4016.0,-0.004,0.029,0.0253,0.1938,-0.0025,0.1725,3960.3035,3656.8212,True,0.0141,0.7532,5332.0308,2856.6214,0.0269,37.1557,401600.0,1.0572,0.2423,ＴＩＳＩ,プライム（内国株式）,情報・通信業
3627,2026-10-05,267.0,-0.0074,-0.0037,0.0075,-0.0494,-0.0203,-0.0708,266.6,267.8939,False,0.0015,0.803,332.5,241.1866,0.0185,0.0468,26700.0,1.1117,0.3246,テクミラホールディングス,スタンダード（内国株式）,情報・通信業
3628,2026-10-05,731.0,0.0125,0.0238,0.1867,0.4167,0.1589,0.3953,671.28,596.48,True,0.089,0.9786,747.0,422.0,0.0374,0.086,73100.0,1.2027,0.3399,データホライゾン,グロース（内国株式）,情報・通信業
3632,2026-10-05,413.0,-0.0048,-0.0167,-0.0096,0.0325,-0.0374,0.0112,419.44,403.1272,True,-0.0154,0.9516,434.0,336.6,0.019,2.1946,41300.0,0.8531,0.2545,グリーホールディングス,プライム（内国株式）,情報・通信業
3633,2026-10-05,2642.0,-0.0071,0.0103,-0.0011,0.5263,-0.0289,0.505,2593.52,2082.8267,True,0.0187,0.9611,2749.0,1556.0,0.0235,0.5267,264200.0,1.0507,0.2684,ＧＭＯペパボ,スタンダード（内国株式）,情報・通信業
3634,2026-10-05,738.0,0.0573,0.2362,0.228,0.3394,0.2002,0.3181,604.0,585.6133,True,0.2219,0.6703,1101.0,536.0,0.0287,0.16,73800.0,4.4758,1.004,ソケッツ,スタンダード（内国株式）,情報・通信業
3635,2026-10-05,1620.5,-0.0152,-0.0317,-0.0397,0.0221,-0.0675,0.0008,1671.16,1609.3667,True,-0.0303,0.7747,2091.686,1417.5,0.0215,13.9286,162050.0,0.8282,0.2852,コーエーテクモホールディングス,プライム（内国株式）,情報・通信業
3636,2026-10-05,4800.0,-0.0093,-0.0154,-0.057,0.0492,-0.0848,0.0279,4933.8171,4763.339,True,-0.0271,0.9108,5270.0,4375.0,0.0183,1.7487,480000.0,0.7021,0.3165,三菱総合研究所,プライム（内国株式）,情報・通信業
3639,2026-10-05,228.0,-0.0172,-0.0298,-0.013,-0.0172,-0.0408,-0.0386,233.2,227.32,True,-0.0223,0.7125,320.0,198.0,0.0141,0.0114,22800.0,0.3989,0.4356,ボルテージ,スタンダード（内国株式）,情報・通信業
3640,2026-10-05,2715.0,0.0115,-0.0174,-0.0417,0.1219,-0.0694,0.1006,2782.2232,2590.0344,True,-0.0242,0.7149,3797.8826,2200.0,0.0181,0.2599,271500.0,1.2469,0.4027,電算,スタンダード（内国株式）,情報・通信業
3641,2026-10-05,1001.0,0.002,0.005,0.007,0.0235,-0.0208,0.0022,992.64,968.6667,True,0.0084,0.9014,1110.5135,893.5622,0.0051,0.0405,100100.0,0.8263,0.2169,パピレス,スタンダード（内国株式）,情報・通信業
3645,2026-10-05,251.0,-0.0118,-0.0456,-0.0157,0.0287,-0.0435,0.0074,260.12,248.0533,True,-0.0351,0.7903,317.5972,225.0,0.0245,0.498,25100.0,0.299,0.293,メディカルネット,スタンダード（内国株式）,情報・通信業
3646,2026-10-05,340.0,-0.0058,-0.0582,-0.0313,0.0303,-0.0591,0.009,351.72,339.4133,True,-0.0333,0.7851,433.0707,291.9798,0.0141,0.0191,34000.0,0.7283,0.5015,駅探,スタンダード（内国株式）,情報・通信業
3647,2026-10-05,114.0,-0.0087,-0.0256,-0.05,-0.1364,-0.0778,-0.1577,119.04,117.5733,True,-0.0423,0.477,239.0,106.0,0.0276,0.0865,11400.0,0.159,0.2545,アスリナ,スタンダード（内国株式）,情報・通信業
3648,2026-10-05,1038.0,-0.0029,-0.0114,-0.0281,-0.0814,-0.0559,-0.1027,1060.038,1074.186,True,-0.0208,0.6608,1570.7721,996.0,0.0119,0.0845,103800.0,0.854,0.2273,ＡＧＳ,スタンダード（内国株式）,情報・通信業
3649,2026-10-05,851.0,0.0035,-0.0341,0.0353,0.0493,0.0075,0.028,860.0,845.6385,True,-0.0105,0.869,979.3388,705.2902,0.0285,0.553,85100.0,0.7208,0.3139,ファインデックス,プライム（内国株式）,情報・通信業
3652,2026-10-05,3115.0,0.0114,0.0383,0.2525,0.2455,0.2247,0.2242,2750.16,2530.2133,False,0.1327,0.7936,3925.0,1940.0,0.0648,2.0515,311500.0,2.1369,0.4194,ディジタルメディアプロフェッショナル,グロース（内国株式）,情報・通信業
3653,2026-10-05,1028.0,0.0458,-0.0629,0.0128,0.6797,-0.015,0.6584,1112.76,801.68,True,-0.0762,0.6123,1679.0,557.0,0.1325,27.0103,102800.0,0.8298,0.2283,モルフォ,グロース（内国株式）,情報・通信業
3656,2026-10-05,175.0,-0.0113,-0.0331,-0.0885,-0.2739,-0.1163,-0.2952,183.24,203.36,False,-0.045,0.3924,446.0,171.0,0.029,3.3294,17500.0,0.4625,0.2761,ＫＬａｂ,プライム（内国株式）,情報・通信業
3657,2026-10-05,332.0,0.0,-0.0954,-0.0929,0.0149,-0.1207,-0.0064,364.08,341.2858,True,-0.0881,0.8384,396.0,274.3882,0.0351,1.1993,33200.0,1.6996,0.584,ポールトゥウィンホールディングス,プライム（内国株式）,情報・通信業
3659,2026-10-05,2680.5,-0.0017,0.0104,-0.1428,0.1611,-0.1706,0.1398,2983.2874,2619.5369,True,-0.1015,0.6131,4371.7393,2080.3721,0.0398,107.9732,268050.0,1.3624,0.5876,ネクソン,プライム（内国株式）,情報・通信業
365A,2026-10-05,768.0,-0.0116,-0.034,-0.0166,0.0547,-0.0444,0.0333,785.84,761.4135,True,-0.0227,0.9612,799.0,516.0946,0.0119,0.2484,76800.0,0.4841,0.3391,伊澤タオル,スタンダード（内国株式）,繊維製品
3660,2026-10-05,472.0,-0.0187,-0.0167,-0.0958,0.1949,-0.1236,0.1736,500.6,451.0264,True,-0.0571,0.8295,569.0,354.0274,0.0327,4.6707,47200.0,0.7458,0.2722,アイスタイル,プライム（内国株式）,情報・通信業
3661,2026-10-05,801.0,-0.0037,-0.0074,-0.0384,0.0484,-0.0662,0.0271,810.76,774.0533,True,-0.012,0.7746,1034.1327,590.0,0.027,3.3915,80100.0,0.6841,0.1802,エムアップホールディングス,プライム（内国株式）,情報・通信業
3662,2026-10-05,914.0,-0.0245,-0.0277,-0.0626,-0.1069,-0.0904,-0.1282,947.32,960.3023,True,-0.0352,0.7264,1258.2649,872.5727,0.0153,0.782,91400.0,0.5898,0.3071,エイチームホールディングス,プライム（内国株式）,情報・通信業
3663,2026-10-05,1821.0,0.0156,0.0055,-0.036,-0.0594,-0.0638,-0.0807,1842.76,1854.5675,True,-0.0118,0.8614,2114.0,1228.2914,0.0293,3.3993,182100.0,0.7868,0.334,セルシス,プライム（内国株式）,情報・通信業
3664,2026-10-05,24.0,-0.04,0.0,-0.04,0.0,-0.0678,-0.0213,24.88,23.6533,False,-0.0354,0.32,75.0,20.0,0.0804,9.7102,2400.0,1.3532,0.2593,ＷＩＺＥ,グロース（内国株式）,情報・通信業
3665,2026-10-05,403.0,-0.0074,-0.0098,-0.0518,-0.0025,-0.0796,-0.0238,417.28,405.5733,True,-0.0342,0.8156,494.1176,340.0,0.0191,0.6521,40300.0,0.85,0.2074,エニグモ,プライム（内国株式）,情報・通信業
3667,2026-10-05,27.0,-0.0357,0.0,-0.0357,-0.1,-0.0635,-0.1213,27.48,28.2667,False,-0.0175,0.2432,111.0,25.0,0.0503,0.0445,2700.0,0.1565,0.1474,ｅｎｉｓｈ,スタンダード（内国株式）,情報・通信業
3668,2026-10-05,398.0,-0.0245,-0.1195,-0.0723,0.0153,-0.1001,-0.006,433.12,405.3333,True,-0.0811,0.7994,497.8444,347.0,0.0296,2.2368,39800.0,1.1944,0.5345,コロプラ,プライム（内国株式）,情報・通信業
366A,2026-10-05,1183.0,0.0198,-0.0199,0.0198,0.1035,-0.008,0.0822,1167.0,1095.92,True,0.0137,0.7231,1635.9029,869.2692,0.0245,0.2869,118300.0,1.0341,0.2835,ウェルネス・コミュニケーションズ,グロース（内国株式）,サービス業
3671,2026-10-05,315.0,0.0161,0.0294,0.0328,0.0129,0.005,-0.0085,306.96,308.8667,True,0.0262,0.7787,404.54,270.0,0.0231,0.0527,31500.0,0.6298,0.2745,ソフトマックス,スタンダード（内国株式）,情報・通信業
3672,2026-10-05,28.0,-0.0667,-0.0667,-0.0345,0.0,-0.0623,-0.0213,28.88,28.1333,False,-0.0305,0.3294,85.0,25.0,0.051,0.0345,2800.0,0.5759,0.14,オルトプラス,スタンダード（内国株式）,情報・通信業
3673,2026-10-05,465.0,0.0022,-0.0292,-0.0127,0.0764,-0.0405,0.0551,473.44,441.6083,True,-0.0178,0.8698,534.5783,283.1285,0.0309,3.2692,46500.0,0.5991,0.2925,ブロードリーフ,プライム（内国株式）,情報・通信業
3674,2026-10-05,328.0,-0.0091,-0.0381,-0.0409,0.025,-0.0687,0.0037,337.76,327.0533,True,-0.0289,0.8841,371.0,308.0,0.0139,0.0422,32800.0,2.1669,0.3719,オークファン,グロース（内国株式）,情報・通信業
3675,2026-10-05,582.0,0.0017,-0.0218,-0.0348,-0.0152,-0.0626,-0.0365,598.64,595.1763,True,-0.0278,0.8382,694.3718,530.921,0.015,0.1497,58200.0,0.6269,0.3787,クロス・マーケティンググループ,スタンダード（内国株式）,情報・通信業
3676,2026-10-05,1050.0,-0.001,0.0,-0.0076,0.4,-0.0354,0.3787,1055.2,893.64,True,-0.0049,0.9906,1060.0,680.0,0.0029,2.0911,105000.0,0.3601,0.4,デジタルハーツホールディングス,プライム（内国株式）,情報・通信業
3678,2026-10-05,1154.0,0.0123,-0.0686,-0.1026,-0.1426,-0.1304,-0.164,1241.0,1276.7467,False,-0.0701,0.6076,1899.3334,1131.0,0.0251,0.4867,115400.0,1.4313,0.4874,メディアドゥ,プライム（内国株式）,情報・通信業
3679,2026-10-05,421.0,-0.0047,-0.0454,-0.0539,0.0631,-0.0817,0.0418,442.76,421.16,True,-0.0491,0.7438,566.0328,371.0,0.0207,1.9894,42100.0,1.5544,0.4705,じげん,プライム（内国株式）,情報・通信業
367A,2026-10-05,2902.0,0.02,0.0055,0.0007,-0.0168,-0.0271,-0.0381,2854.4,2784.0169,True,0.0167,0.9594,3024.9473,1733.2589,0.0231,1.0555,290200.0,0.5565,0.3485,プリモグローバルホールディングス,スタンダード（内国株式）,小売業
3680,2026-10-05,204.0,-0.0097,0.0,-0.0097,-0.0642,-0.0375,-0.0855,205.52,211.0052,False,-0.0074,0.6873,296.8272,189.1246,0.0137,0.0785,20400.0,1.2832,0.2154,ホットリンク,グロース（内国株式）,情報・通信業
3682,2026-10-05,601.0,-0.0148,0.0152,0.0152,0.0033,-0.0126,-0.018,588.4,594.2933,True,0.0214,0.8542,703.5743,555.0,0.0132,0.025,60100.0,0.6722,0.4162,エンカレッジ・テクノロジ,スタンダード（内国株式）,情報・通信業
3683,2026-10-05,1051.0,-0.0131,-0.0287,-0.0549,-0.0047,-0.0827,-0.0261,1100.96,1071.4,True,-0.0454,0.6837,1537.1183,940.0,0.0205,0.1908,105100.0,0.701,0.3152,サイバーリンクス,スタンダード（内国株式）,情報・通信業
3686,2026-10-05,57.0,-0.0339,-0.0339,-0.05,-0.25,-0.0778,-0.2713,60.24,64.76,False,-0.0538,0.3631,157.0,56.0,0.0614,0.327,5700.0,2.8234,0.6857,ディー・エル・イー,スタンダード（内国株式）,情報・通信業
3687,2026-10-05,2231.0,-0.0228,0.0183,0.0841,-0.0739,0.0563,-0.0952,2211.3445,2261.9682,False,0.0089,0.6046,3690.0,1186.0,0.0318,12.0125,223100.0,0.7165,0.213,フィックスターズ,プライム（内国株式）,情報・通信業
368A,2026-10-05,1382.0,0.011,-0.0356,-0.0449,0.0066,-0.0727,-0.0148,1439.36,1405.72,True,-0.0399,0.84,1645.147,1155.0,0.0225,1.305,138200.0,0.8223,0.3733,北里,プライム（内国株式）,精密機器
3690,2026-10-05,540.0,-0.0037,-0.0182,-0.0641,0.0093,-0.0919,-0.012,568.3428,549.0076,True,-0.0499,0.812,665.0,510.0,0.0148,0.0726,54000.0,1.3898,0.5254,イルグルム,スタンダード（内国株式）,情報・通信業
3691,2026-10-05,1780.0,-0.0061,-0.0384,-0.0352,0.1015,-0.063,0.0802,1858.32,1678.28,True,-0.0421,0.7206,2470.0,1081.0,0.046,0.3206,178000.0,0.8543,0.2859,デジタルプラス,グロース（内国株式）,情報・通信業
3692,2026-10-05,8150.0,0.0724,0.1511,0.4174,0.4764,0.3896,0.4551,6731.2,5615.6667,True,0.2108,0.5922,13761.6083,4395.0,0.0732,23.5471,815000.0,1.9581,0.2398,ＦＦＲＩセキュリティ,グロース（内国株式）,情報・通信業
3694,2026-10-05,467.0,-0.0106,0.0,0.0662,0.1446,0.0384,0.1233,455.24,427.4,True,0.0258,0.724,645.0,380.0,0.032,0.8843,46700.0,1.3681,0.2411,オプティム,プライム（内国株式）,情報・通信業
3695,2026-10-05,1568.0,-0.0212,-0.0868,0.0762,0.0927,0.0484,0.0714,1591.28,1504.4667,False,-0.0146,0.705,2224.0,1403.0,0.0347,0.1984,156800.0,1.1879,0.3215,ＧＭＯプロダクトプラットフォーム,グロース（内国株式）,情報・通信業
3696,2026-10-05,2291.0,0.0031,0.0452,0.0606,0.0904,0.0329,0.0691,2181.56,2107.2,True,0.0502,0.8792,2605.7999,1393.0,0.0264,2.4576,229100.0,1.0053,0.3769,セレス,プライム（内国株式）,情報・通信業
3697,2026-10-05,876.8,-0.0153,0.0114,-0.0115,0.2871,-0.0393,0.2658,881.088,812.2874,True,-0.0049,0.6598,1328.8407,587.4979,0.0359,36.066,87679.9988,0.6263,0.2594,ＳＨＩＦＴ,プライム（内国株式）,情報・通信業
3698,2026-10-05,1223.0,0.0091,0.0124,0.0124,0.0041,-0.0154,-0.0172,1214.1218,1187.8806,True,0.0073,0.8413,1453.7101,886.6719,0.0152,0.0656,122300.0,0.5513,0.1726,ＣＲＩ・ミドルウェア,スタンダード（内国株式）,情報・通信業
369A,2026-10-05,2701.0,-0.0077,-0.0066,0.0817,0.1999,0.0539,0.1786,2625.68,2385.4196,True,0.0287,0.6939,3892.6007,1914.708,0.0269,0.2889,270100.0,0.942,0.2764,エータイ,グロース（内国株式）,サービス業
3708,2026-10-05,2081.0,-0.0057,-0.0432,-0.033,0.0727,-0.0608,0.0514,2161.767,2065.7223,True,-0.0374,0.934,2228.0,1410.1958,0.0218,1.3912,208100.0,1.228,0.346,特種東海製紙,プライム（内国株式）,パルプ・紙
3710,2026-10-05,641.0,0.0,0.0047,-0.0077,0.0389,-0.0355,0.0176,641.0012,628.7604,True,-0.0,0.8083,793.0,560.0,0.0071,0.0235,64100.0,0.7974,0.2834,ジョルダン,スタンダード（内国株式）,情報・通信業
3712,2026-10-05,971.0,-0.0031,-0.0142,-0.1092,0.0083,-0.137,-0.013,1033.1504,987.9035,True,-0.0602,0.7218,1345.2973,827.0,0.0234,0.0507,97100.0,0.49,0.4976,情報企画,スタンダード（内国株式）,情報・通信業
3719,2026-10-05,115.0,0.0088,0.0088,-0.0254,-0.3646,-0.0532,-0.386,115.8,143.1733,False,-0.0069,0.22,522.752,109.0,0.0298,0.2439,11500.0,0.5896,0.2333,ＡＩストーム,スタンダード（内国株式）,情報・通信業
3723,2026-10-05,2585.0,0.0035,-0.0735,-0.0566,-0.0688,-0.0844,-0.0901,2725.5693,2707.4031,True,-0.0516,0.8489,3045.0,1301.0,0.0336,0.4997,258500.0,1.5003,0.4891,日本ファルコム,グロース（内国株式）,情報・通信業
3726,2026-10-05,335.0,-0.003,-0.0921,-0.1708,-0.0946,-0.1986,-0.1159,385.12,375.76,True,-0.1301,0.5202,644.0,314.0,0.0241,0.0979,33500.0,2.1161,0.8301,フォーシーズＨＤ,スタンダード（内国株式）,小売業
3727,2026-10-05,159.0,-0.0124,-0.0305,-0.0305,0.1197,-0.0583,0.0984,164.64,148.8,True,-0.0343,0.6163,258.0,121.0,0.0279,0.1033,15900.0,0.6039,0.2935,アプリックス,グロース（内国株式）,情報・通信業
372A,2026-10-05,5540.0,-0.0107,-0.0195,0.0,0.0992,-0.0278,0.0779,5577.6,5388.1333,True,-0.0067,0.8634,6416.4312,4765.0,0.0152,0.2348,554000.0,0.5782,0.261,レント,スタンダード（内国株式）,サービス業
3733,2026-10-05,11650.0,0.0104,0.0034,-0.0747,0.0113,-0.1025,-0.01,11985.2,11374.0,True,-0.028,0.7877,14790.0,9720.0,0.0215,0.5083,1165000.0,0.3259,0.3151,ソフトウェア・サービス,スタンダード（内国株式）,情報・通信業
373A,2026-10-05,1551.0,0.0085,0.0217,0.0623,0.0098,0.0345,-0.0116,1481.08,1491.2933,False,0.0472,0.4215,3680.0,1455.0,0.0084,0.0405,155100.0,0.9995,0.7115,リップス,グロース（内国株式）,化学
3741,2026-10-05,3210.0,-0.0093,0.0016,0.0031,-0.0123,-0.0247,-0.0336,3218.0,3154.5467,False,-0.0025,0.7362,4360.0,2202.5079,0.0279,2.0196,321000.0,0.6294,0.3124,セック,プライム（内国株式）,情報・通信業
3744,2026-10-05,464.0,0.0175,-0.0107,0.0109,-0.0955,-0.0169,-0.1168,460.88,481.6933,False,0.0068,0.733,633.0,405.0,0.0137,0.0453,46400.0,0.3673,0.236,サイオス,スタンダード（内国株式）,情報・通信業
3747,2026-10-05,436.0,0.0307,0.066,0.0431,0.0332,0.0153,0.0119,414.32,411.9333,False,0.0523,0.4015,1086.0,370.0,0.0206,0.1283,43600.0,0.6726,0.4333,インタートレード,スタンダード（内国株式）,情報・通信業
3750,2026-10-05,781.0,-0.0176,-0.1013,-0.0658,-0.0213,-0.0936,-0.0426,824.84,801.6133,True,-0.0531,0.823,949.0,759.0,0.0222,0.0556,78100.0,1.3024,0.5185,ＡＤＲバイオメディカルホールディングス,スタンダード（内国株式）,情報・通信業
3753,2026-10-05,218.0,-0.0091,0.0531,-0.0684,0.2457,-0.0962,0.2244,219.8,200.2267,True,-0.0082,0.8226,265.0,125.0,0.0406,0.2927,21800.0,0.4364,0.3048,フライトソリューションズ,スタンダード（内国株式）,情報・通信業
3758,2026-10-05,249.0,0.0081,0.0122,-0.0119,0.0733,-0.0397,0.052,247.8,241.12,True,0.0048,0.8047,309.4149,224.0,0.0129,0.0321,24900.0,0.5369,0.2178,アエリア,スタンダード（内国株式）,情報・通信業
3760,2026-10-05,721.0,-0.0069,-0.0283,0.0084,0.1075,-0.0194,0.0862,715.88,704.6267,True,0.0072,0.7574,952.0,591.0,0.0234,0.072,72100.0,0.5837,0.2847,ケイブ,スタンダード（内国株式）,情報・通信業
3762,2026-10-05,2497.0,-0.0076,0.0077,0.0404,0.3593,0.0126,0.338,2450.1392,2151.1531,True,0.0191,0.9762,2558.0,1610.748,0.0242,6.0698,249700.0,1.0852,0.1735,テクマトリックス,プライム（内国株式）,情報・通信業
3763,2026-10-05,2108.0,0.0135,-0.0113,0.0062,0.1903,-0.0216,0.169,2092.92,1952.8267,True,0.0072,0.8365,2520.0,1311.0081,0.0373,1.2353,210800.0,0.9089,0.2162,プロシップ,プライム（内国株式）,情報・通信業
3765,2026-10-05,2369.0,-0.0046,-0.0467,-0.0811,-0.0141,-0.1089,-0.0355,2500.0,2397.68,True,-0.0524,0.8656,2736.9236,2125.0,0.0223,5.2614,236900.0,0.7231,0.3595,ガンホー・オンライン・エンターテイメント,プライム（内国株式）,情報・通信業
3766,2026-10-05,1509.0,-0.0189,0.006,0.0786,0.1015,0.0508,0.0801,1466.52,1408.52,True,0.029,0.9605,1571.0,1148.6999,0.0358,0.0516,150900.0,1.3018,0.2238,システムズ・デザイン,スタンダード（内国株式）,情報・通信業
3768,2026-10-05,558.0,0.0145,-0.0245,-0.0036,-0.0036,-0.0314,-0.0249,560.68,560.2533,True,-0.0048,0.9045,616.8895,478.9394,0.0205,0.0185,55800.0,1.4137,0.35,リスクモンスター,スタンダード（内国株式）,情報・通信業
3769,2026-10-05,8512.0,0.0033,-0.0186,-0.0259,-0.1255,-0.0537,-0.1469,8789.7808,9225.6603,True,-0.0316,0.8142,10455.0,6885.0,0.0268,26.2671,851200.0,1.0018,0.2523,ＧＭＯペイメントゲートウェイ,プライム（内国株式）,情報・通信業
3771,2026-10-05,1853.0,-0.0022,-0.0354,-0.0247,0.0165,-0.0525,-0.0049,1901.92,1851.6533,True,-0.0257,0.8468,2188.1703,1601.7791,0.0205,1.8908,185300.0,1.5029,0.2927,システムリサーチ,プライム（内国株式）,情報・通信業
3772,2026-10-05,1053.0,-0.0028,-0.0522,-0.0401,0.0,-0.0679,-0.0213,1093.24,1070.6267,True,-0.0368,0.9218,1142.2836,994.1007,0.014,0.2531,105300.0,1.5049,0.4621,ウェルス・マネジメント,スタンダード（内国株式）,不動産業
3773,2026-10-05,1049.0,-0.0019,0.0194,0.0,-0.0957,-0.0278,-0.117,1053.36,1068.44,True,-0.0041,0.8786,1194.0,889.0,0.021,0.3055,104900.0,0.7443,0.2636,アドバンスト・メディア,グロース（内国株式）,情報・通信業
3774,2026-10-05,3469.0,0.0012,0.0145,0.0687,0.0233,0.0409,0.002,3362.8535,3371.5845,True,0.0316,0.9504,3650.0,2081.2743,0.0209,15.0995,346900.0,0.9109,0.199,インターネットイニシアティブ,プライム（内国株式）,情報・通信業
3776,2026-10-05,271.0,0.0226,0.0754,0.1061,-0.0655,0.0783,-0.0868,251.32,258.4672,False,0.0783,0.8944,303.0,154.7561,0.0369,1.0593,27100.0,1.3762,0.59,ブロードバンドタワー,スタンダード（内国株式）,情報・通信業
3777,2026-10-05,47.0,0.0217,0.0444,0.0,-0.0784,-0.0278,-0.0998,46.0,47.88,False,0.0217,0.5732,82.0,39.0,0.0441,0.4376,4700.0,0.8079,0.2414,環境フレンドリーホールディングス,グロース（内国株式）,情報・通信業
3778,2026-10-05,3895.0,-0.0089,0.0442,0.091,0.3788,0.0632,0.3574,3726.8,3340.1733,True,0.0451,0.8954,4350.0,2448.0,0.0414,27.5338,389500.0,0.68,0.3197,さくらインターネット,プライム（内国株式）,情報・通信業
3779,2026-10-05,121.0,0.0083,-0.0163,-0.0692,-0.0902,-0.097,-0.1115,126.04,129.5467,False,-0.04,0.5628,215.0,117.0,0.0307,0.03,12100.0,0.8279,0.35,ジェイ・エスコムホールディングス,スタンダード（内国株式）,情報・通信業
3788,2026-10-05,1982.0,0.0076,-0.0198,0.001,-0.0664,-0.0268,-0.0877,1994.2,2085.7867,True,-0.0061,0.8057,2459.9814,1830.0,0.0232,0.7784,198200.0,1.2422,0.2656,ＧＭＯグローバルサイン・ホールディングス,プライム（内国株式）,情報・通信業
378A,2026-10-05,908.0,-0.0055,0.0033,-0.0402,-0.1426,-0.068,-0.1639,930.36,1009.1015,False,-0.024,0.607,1495.7804,794.8166,0.0202,0.4621,90800.0,0.644,0.1852,ヒット,グロース（内国株式）,サービス業
3791,2026-10-05,1113.0,-0.0062,0.0036,0.062,-0.2173,0.0342,-0.2386,1065.68,1142.5867,False,0.0444,0.7158,1554.9604,930.0,0.0227,0.5536,111300.0,0.4255,0.3836,ＩＧポート,スタンダード（内国株式）,情報・通信業
3793,2026-10-05,549.0,-0.009,-0.0108,0.0517,0.3103,0.0239,0.2889,531.08,464.2933,True,0.0337,0.9482,579.0,372.0,0.0319,0.6347,54900.0,1.1598,0.2286,ドリコム,グロース（内国株式）,情報・通信業
3796,2026-10-05,295.0,0.0103,-0.0979,-0.0665,0.0424,-0.0943,0.0211,320.44,297.3067,True,-0.0794,0.7266,406.0,228.9653,0.0358,0.1245,29500.0,1.9184,0.5203,いい生活,スタンダード（内国株式）,情報・通信業
3798,2026-10-05,524.0,-0.0187,-0.0455,0.0019,-0.0693,-0.0259,-0.0906,540.72,539.2667,True,-0.0309,0.6223,842.0112,465.3738,0.0266,1.2019,52400.0,1.0783,0.3949,ＵＬＳグループ,スタンダード（内国株式）,情報・通信業
3799,2026-10-05,1091.0,-0.0171,-0.0405,-0.0463,0.048,-0.0741,0.0267,1124.6848,1089.3749,True,-0.03,0.8572,1272.6994,959.0,0.0138,0.074,109100.0,1.5731,0.3848,キーウェアソリューションズ,スタンダード（内国株式）,情報・通信業
3800,2026-10-05,1951.0,0.0,0.014,-0.0091,-0.0056,-0.0369,-0.0269,1965.2921,1963.2174,True,-0.0073,0.954,2045.0,1855.4691,0.0079,0.0419,195100.0,0.9759,0.3678,ユニリタ,スタンダード（内国株式）,情報・通信業
3802,2026-10-05,482.0,0.0021,-0.0493,-0.0398,0.0,-0.0676,-0.0213,499.48,490.8133,True,-0.035,0.9223,522.6062,421.3938,0.0107,0.0107,48200.0,1.2331,0.6028,エコミック,スタンダード（内国株式）,情報・通信業
3803,2026-10-05,596.0,-0.0245,-0.1299,-0.0149,0.2708,-0.0427,0.2495,632.0,545.7467,True,-0.057,0.5671,1051.0,405.0,0.1115,0.5337,59600.0,2.9209,0.4667,イメージ情報開発,グロース（内国株式）,情報・通信業
3804,2026-10-05,453.0,0.0067,0.018,-0.0362,0.0462,-0.064,0.0249,456.6,445.0933,False,-0.0079,0.6423,705.294,407.0,0.0219,0.0258,45300.0,1.1937,0.2417,システム　ディ,スタンダード（内国株式）,情報・通信業
3807,2026-10-05,87.0,-0.0114,-0.0645,0.0,-0.0225,-0.0278,-0.0438,88.88,87.2267,False,-0.0212,0.5762,151.0,79.0,0.0279,0.2556,8700.0,1.1698,0.3706,フィスコ,グロース（内国株式）,情報・通信業
3810,2026-10-05,186.0,0.0109,0.0,0.0751,-0.0462,0.0473,-0.0675,181.56,185.9467,False,0.0245,0.4124,451.0,146.0,0.0419,0.8577,18600.0,0.3006,0.1927,サイバーステップホールディングス,スタンダード（内国株式）,情報・通信業
3815,2026-10-05,436.0,0.0093,0.0093,0.0163,-0.0224,-0.0115,-0.0437,431.84,442.4,False,0.0096,0.8195,532.0,421.0,0.0079,0.0279,43600.0,0.4627,0.2333,メディア工房,グロース（内国株式）,情報・通信業
3816,2026-10-05,1100.0,0.0018,-0.0231,-0.0342,-0.0137,-0.062,-0.035,1116.2,1111.3319,True,-0.0145,0.936,1175.2565,1061.173,0.0099,0.0129,110000.0,0.8264,0.3294,大和コンピューター,スタンダード（内国株式）,情報・通信業
3817,2026-10-05,4655.0,-0.0117,-0.0302,-0.0362,0.0208,-0.064,-0.0005,4794.3265,4680.3755,True,-0.0291,0.8119,5733.776,4270.0,0.0166,1.7138,465500.0,1.0839,0.2415,ＳＲＡホールディングス,プライム（内国株式）,情報・通信業
3823,2026-10-05,40.0,0.0256,0.0256,0.2903,0.25,0.2625,0.2287,36.84,33.0,True,0.0858,0.5,80.0,28.0,0.1214,2.9066,4000.0,1.5291,0.2471,ＴＨＥ　ＷＨＹ　ＨＯＷ　ＤＯ　ＣＯＭＰＡＮＹ,スタンダード（内国株式）,情報・通信業
3825,2026-10-05,248.0,-0.008,0.0,0.0877,0.2157,0.0599,0.1944,237.68,215.5733,True,0.0434,0.7103,349.1366,148.0,0.0395,3.0606,24800.0,0.7408,0.4292,リミックスポイント,スタンダード（内国株式）,小売業
3826,2026-10-05,492.0,-0.004,-0.0061,-0.012,0.1156,-0.0398,0.0943,496.56,472.0667,True,-0.0092,0.9312,528.3449,406.4942,0.0136,0.0465,49200.0,0.4848,0.2681,システムインテグレータ,スタンダード（内国株式）,情報・通信業
3834,2026-10-05,581.0,-0.0068,-0.0243,-0.0522,-0.0583,-0.08,-0.0797,605.4592,617.1131,True,-0.0404,0.8247,704.4631,581.0,0.0106,0.3546,58100.0,1.4261,0.4868,朝日ネット,プライム（内国株式）,情報・通信業
3835,2026-10-05,429.0,0.0094,0.0037,-0.0205,0.0438,-0.0483,0.0225,431.535,421.9383,True,-0.0059,0.8696,493.3372,380.6019,0.0165,0.2447,42900.0,1.1004,0.2882,ｅＢＡＳＥ,プライム（内国株式）,情報・通信業
3836,2026-10-05,1194.0,-0.0132,-0.0108,0.0059,0.0127,-0.0219,-0.0086,1204.0,1179.7996,True,-0.0083,0.6447,1851.9339,1024.9698,0.0191,0.9025,119400.0,0.8941,0.3028,アバントグループ,プライム（内国株式）,情報・通信業
3837,2026-10-05,1302.0,0.0008,-0.0305,-0.0412,-0.1131,-0.069,-0.1344,1360.3277,1417.7359,False,-0.0429,0.679,1917.5496,1235.5144,0.0202,1.0737,130200.0,0.7063,0.3876,アドソル日進,プライム（内国株式）,情報・通信業
3839,2026-10-05,621.0,-0.008,-0.0562,-0.0372,-0.0143,-0.065,-0.0356,633.0202,632.5401,True,-0.019,0.8866,700.4584,583.3846,0.0171,0.0335,62100.0,2.024,0.3651,ＯＤＫソリューションズ,スタンダード（内国株式）,情報・通信業
3840,2026-10-05,63.0,-0.0156,-0.0156,0.05,0.0161,0.0222,-0.0052,61.36,59.4,True,0.0267,0.5833,108.0,51.0,0.0351,0.0954,6300.0,1.0421,0.2258,ヴィクトン,スタンダード（内国株式）,情報・通信業
3841,2026-10-05,1318.0,0.0138,0.01,-0.0572,0.0544,-0.085,0.0331,1335.04,1270.44,True,-0.0128,0.9217,1430.0,992.6074,0.0153,0.017,131800.0,0.3085,0.2424,ジーダット,スタンダード（内国株式）,情報・通信業
3842,2026-10-05,1362.0,-0.0058,0.0453,0.3096,0.452,0.2818,0.4307,1169.1569,1033.039,True,0.1649,0.9862,1381.0,877.0,0.0394,0.1117,136200.0,1.8753,0.3709,ネクストジェン,スタンダード（内国株式）,情報・通信業
3843,2026-10-05,1644.0,0.0055,-0.0341,-0.0497,0.0661,-0.0775,0.0448,1705.8,1621.1067,True,-0.0362,0.9033,1820.0,1317.0,0.0245,0.5997,164400.0,0.9061,0.2984,フリービット,プライム（内国株式）,情報・通信業
3844,2026-10-05,1250.0,-0.0119,-0.0451,-0.0559,-0.0686,-0.0837,-0.0899,1313.0376,1339.9201,False,-0.048,0.7283,1716.295,1215.1569,0.0238,4.0511,125000.0,1.3498,0.3528,コムチュア,プライム（内国株式）,情報・通信業
3845,2026-10-05,330.0,0.0154,0.003,0.1702,0.5207,0.1424,0.4994,312.8,254.2667,True,0.055,0.9565,345.0,177.0,0.0465,0.3751,33000.0,0.5593,0.2344,アイフリークモバイル,スタンダード（内国株式）,情報・通信業
3848,2026-10-05,849.0,-0.0047,0.0168,-0.007,0.0291,-0.0348,0.0078,840.24,826.76,False,0.0104,0.6929,1225.2353,764.8088,0.0166,0.0195,84900.0,1.3443,0.5543,データ・アプリケーション,スタンダード（内国株式）,情報・通信業
3850,2026-10-05,3835.0,-0.0078,-0.0436,0.0026,0.2098,-0.0252,0.1885,3822.8,3349.56,True,0.0032,0.9336,4107.5385,2501.0,0.0315,1.4334,383500.0,0.8015,0.2361,エヌ・ティ・ティ・データ・イントラマート,スタンダード（内国株式）,情報・通信業
3851,2026-10-05,1399.0,0.0348,0.0511,-0.0217,0.7061,-0.0495,0.6848,1399.2,1113.3467,True,-0.0001,0.8962,1561.0,758.4583,0.0458,1.787,139900.0,0.4603,0.2794,日本一ソフトウェア,スタンダード（内国株式）,情報・通信業
3853,2026-10-05,1052.0,-0.0232,-0.0384,-0.0715,-0.1584,-0.0993,-0.1797,1106.24,1134.9867,False,-0.049,0.3821,2753.0,929.6469,0.0349,1.6181,105200.0,0.649,0.2233,アステリア,プライム（内国株式）,情報・通信業
3854,2026-10-05,2022.0,-0.0079,-0.0376,-0.177,-0.1229,-0.2048,-0.1442,2220.2,2264.3988,False,-0.0893,0.7334,2757.0603,2015.0,0.0208,3.2759,202200.0,0.7771,0.4627,アイル,プライム（内国株式）,情報・通信業
3858,2026-10-05,334.0,0.0183,0.0373,0.1171,0.0987,0.0893,0.0774,309.8,299.6133,False,0.0781,0.6588,507.0,280.0,0.0269,0.0901,33400.0,0.9376,0.4,ユビキタスＡＩ,スタンダード（内国株式）,情報・通信業
3861,2026-10-05,828.1,-0.0087,-0.0178,-0.0514,-0.0019,-0.0792,-0.0232,864.404,849.4147,True,-0.042,0.8535,970.231,737.638,0.0158,30.4826,82809.9976,1.1523,0.4745,王子ホールディングス,プライム（内国株式）,パルプ・紙
3863,2026-10-05,1291.0,-0.0279,-0.0257,-0.0264,-0.0344,-0.0542,-0.0557,1327.0414,1346.8538,True,-0.0272,0.8009,1612.0,1031.8303,0.019,6.6723,129100.0,0.7451,0.2614,日本製紙,プライム（内国株式）,パルプ・紙
3864,2026-10-05,1208.0,-0.0123,-0.0163,0.016,0.189,-0.0118,0.1677,1202.8436,1133.4412,True,0.0043,0.961,1257.0,575.2805,0.0232,1.6552,120800.0,0.6938,0.2139,三菱製紙,プライム（内国株式）,パルプ・紙
3865,2026-10-05,865.0,-0.0035,-0.0303,-0.0431,-0.0035,-0.0709,-0.0248,901.1833,903.9411,True,-0.0402,0.8312,1040.6443,797.236,0.0191,1.7218,86500.0,0.9537,0.4594,北越コーポレーション,プライム（内国株式）,パルプ・紙
386A,2026-10-05,1253.0,-0.0032,-0.0024,0.0,-0.0196,-0.0278,-0.0409,1253.16,1270.9647,False,-0.0001,0.5755,2177.06,1246.0,0.0034,0.0324,125300.0,0.7607,0.2847,みのや,スタンダード（内国株式）,小売業
3877,2026-10-05,2126.0,-0.0079,-0.0194,-0.0336,0.0371,-0.0614,0.0158,2206.3201,2143.0667,True,-0.0364,0.9325,2280.0,1577.8345,0.0151,0.9285,212600.0,1.1237,0.479,中越パルプ工業,プライム（内国株式）,パルプ・紙
3878,2026-10-05,963.0,-0.0062,0.1069,0.1211,0.2299,0.0933,0.2086,870.88,836.44,True,0.1058,0.9544,1009.0,703.836,0.0329,0.5103,96300.0,1.2386,0.591,巴川コーポレーション,スタンダード（内国株式）,化学
387A,2026-10-05,919.0,-0.0086,0.0011,-0.0033,-0.0437,-0.0311,-0.065,922.6,930.76,True,-0.0039,0.3887,2364.0,801.0,0.012,0.0194,91900.0,0.547,0.3091,フラー,グロース（内国株式）,情報・通信業
3880,2026-10-05,955.0,0.0042,-0.0383,-0.0093,0.0138,-0.0371,-0.0075,976.666,964.262,True,-0.0222,0.7729,1235.643,807.5384,0.0232,3.2128,95500.0,1.7133,0.3741,大王製紙,プライム（内国株式）,パルプ・紙
3891,2026-10-05,7490.0,0.0204,0.1306,0.2022,-0.1311,0.1744,-0.1524,6617.7045,7444.5682,False,0.1318,0.6742,11110.0,2099.398,0.0387,8.039,749000.0,0.7429,0.4726,ニッポン高度紙工業,スタンダード（内国株式）,パルプ・紙
3892,2026-10-05,1618.0,0.0215,0.0043,0.0112,-0.0403,-0.0165,-0.0617,1589.0,1606.2533,False,0.0183,0.7908,2046.1003,1479.9215,0.0162,0.0286,161800.0,0.6971,0.213,岡山製紙,スタンダード（内国株式）,パルプ・紙
3895,2026-10-05,439.0,0.0115,-0.0266,-0.0738,0.0786,-0.1016,0.0573,465.76,438.7867,True,-0.0575,0.7715,569.0,365.1868,0.0218,0.0915,43900.0,0.1665,0.491,ハビックス,スタンダード（内国株式）,パルプ・紙
3896,2026-10-05,418.0,0.0024,-0.0165,0.027,0.1515,-0.0008,0.1302,414.0413,386.4671,True,0.0096,0.7219,579.0,320.0,0.0166,0.0421,41800.0,0.6171,0.2168,阿波製紙,スタンダード（内国株式）,パルプ・紙
3900,2026-10-05,685.0,0.0254,0.0571,0.0316,0.1709,0.0038,0.1496,665.52,651.3467,True,0.0293,0.7121,962.0,546.0,0.0288,0.7344,68500.0,1.5352,0.2435,クラウドワークス,グロース（内国株式）,情報・通信業
3901,2026-10-05,1514.0,-0.0026,-0.0013,0.0033,0.1366,-0.0245,0.1153,1519.88,1431.7467,True,-0.0039,0.7365,2055.6886,1212.0,0.0174,0.9798,151400.0,0.7018,0.2168,マークラインズ,プライム（内国株式）,情報・通信業
3903,2026-10-05,199.0,-0.0245,-0.0149,-0.2737,-0.2072,-0.3015,-0.2285,235.24,243.9733,False,-0.1541,0.3085,645.0,191.0,0.0607,1.7681,19900.0,1.0728,0.116,ｇｕｍｉ,プライム（内国株式）,情報・通信業
3904,2026-10-05,421.0,-0.0186,-0.0047,-0.0232,0.0421,-0.051,0.0208,424.96,415.3333,True,-0.0093,0.7,601.393,374.0,0.0144,0.0417,42100.0,0.7656,0.2635,カヤック,グロース（内国株式）,情報・通信業
3905,2026-10-05,1950.0,-0.0451,-0.0497,0.2397,-0.3498,0.2119,-0.3711,1696.64,2433.1733,False,0.1493,0.3176,6140.0,1270.0,0.0823,98.8282,195000.0,1.8686,0.5848,データセクション,グロース（内国株式）,情報・通信業
3907,2026-10-05,1891.0,0.0016,-0.055,-0.0459,1.1611,-0.0737,1.1398,2096.16,1461.3733,True,-0.0979,0.6329,2988.0,568.0,0.1002,7.8848,189100.0,0.4194,0.2928,シリコンスタジオ,スタンダード（内国株式）,情報・通信業
3908,2026-10-05,363.0,0.0,-0.0189,0.0371,0.1169,0.0093,0.0956,357.4,343.64,True,0.0157,0.7416,489.4737,270.3947,0.0209,0.0224,36300.0,1.5074,0.3302,コラボス,スタンダード（内国株式）,情報・通信業
3909,2026-10-05,205.0,-0.0049,0.0406,0.0789,0.0099,0.0511,-0.0115,193.68,196.0133,False,0.0584,0.6083,337.0,181.0,0.0244,0.0137,20500.0,0.4224,0.32,ショーケース,スタンダード（内国株式）,情報・通信業
3910,2026-10-05,293.0,-0.0034,0.0103,0.039,0.039,0.0112,0.0177,287.0,279.4133,True,0.0209,0.9129,320.9589,257.0,0.0117,0.0114,29300.0,0.6335,0.3792,エムケイシステム,スタンダード（内国株式）,情報・通信業
3911,2026-10-05,167.0,0.0,-0.0457,-0.1022,-0.1854,-0.1299,-0.2067,176.72,183.7067,True,-0.055,0.5943,281.0,156.0,0.0205,0.2483,16700.0,0.3976,0.2917,Ａｉｍｉｎｇ,グロース（内国株式）,情報・通信業
3912,2026-10-05,1072.0,-0.021,0.0113,-0.0547,0.0066,-0.0825,-0.0147,1120.24,1099.996,True,-0.0431,0.845,1268.6335,937.7905,0.0193,0.1464,107200.0,2.1862,0.436,モバイルファクトリー,スタンダード（内国株式）,情報・通信業
3913,2026-10-05,1075.0,0.0337,-0.0436,-0.0183,0.1268,-0.0461,0.1055,1119.04,1038.0533,True,-0.0394,0.6944,1548.0,850.0,0.0349,0.0696,107500.0,0.5013,0.3813,ＧｒｅｅｎＢｅｅ,スタンダード（内国株式）,情報・通信業
3914,2026-10-05,2471.0,-0.004,-0.0478,0.0546,0.0266,0.0268,0.0053,2478.12,2412.5733,True,-0.0029,0.576,4290.0,2208.0,0.0359,0.3407,247100.0,0.7575,0.3294,ＪＩＧ－ＳＡＷ,グロース（内国株式）,情報・通信業
3915,2026-10-05,2210.0,-0.0067,-0.0094,-0.0691,-0.0495,-0.0969,-0.0708,2311.08,2300.1867,False,-0.0437,0.5949,3715.0,1494.0,0.0275,1.872,221000.0,0.5546,0.3171,テラスカイ,プライム（内国株式）,情報・通信業
3916,2026-10-05,940.0,0.0021,-0.0229,-0.0105,0.0621,-0.0383,0.0408,948.0,921.4882,True,-0.0084,0.6802,1381.8905,772.4914,0.0167,0.7409,94000.0,0.7793,0.2673,デジタル・インフォメーション・テクノロジー,プライム（内国株式）,情報・通信業
3917,2026-10-05,485.0,-0.0122,0.0062,0.0923,0.1466,0.0645,0.1253,479.92,461.4667,True,0.0106,0.6671,727.0,393.0,0.0249,0.0797,48500.0,0.8659,0.232,アイリッジ,グロース（内国株式）,情報・通信業
3918,2026-10-05,1151.0,-0.0137,-0.0179,-0.0352,-0.074,-0.063,-0.0953,1178.764,1197.4547,False,-0.0236,0.7288,1579.3898,990.2523,0.0242,0.0849,115100.0,0.8068,0.3524,ＰＣＩホールディングス,スタンダード（内国株式）,情報・通信業
3920,2026-10-05,981.0,0.0041,0.0082,-0.001,-0.0051,-0.0288,-0.0264,988.0351,988.585,False,-0.0071,0.9323,1052.2136,760.4814,0.0081,0.0138,98100.0,0.4528,0.3783,アイビーシー,スタンダード（内国株式）,情報・通信業
3921,2026-10-05,1591.0,-0.005,-0.0507,-0.0251,-0.0028,-0.0529,-0.0241,1632.64,1597.6003,True,-0.0255,0.8177,1945.6874,1414.2972,0.0264,0.2699,159100.0,0.9422,0.3328,ネオジャパン,プライム（内国株式）,情報・通信業
3922,2026-10-05,2131.0,-0.0061,-0.0252,0.0071,-0.1212,-0.0207,-0.1426,2176.2,2191.4267,False,-0.0208,0.6606,3225.9522,1971.0,0.0171,0.7301,213100.0,0.7553,0.3205,ＰＲ　ＴＩＭＥＳ,プライム（内国株式）,情報・通信業
3923,2026-10-05,1019.0,0.0,-0.0164,-0.0621,-0.014,-0.0899,-0.0353,1070.28,1036.304,True,-0.0479,0.7373,1382.0577,715.2025,0.0316,17.0868,101900.0,0.8662,0.2992,ラクス,プライム（内国株式）,情報・通信業
3925,2026-10-05,1278.0,-0.0016,-0.0296,-0.0326,0.0536,-0.0603,0.0323,1312.76,1262.8133,True,-0.0265,0.7091,1802.2101,1140.0,0.0161,0.4332,127800.0,0.6883,0.2576,ダブルスタンダード,プライム（内国株式）,情報・通信業
3926,2026-10-05,413.0,-0.0395,-0.0462,0.0644,0.2076,0.0366,0.1863,427.68,385.12,True,-0.0343,0.8343,495.0,225.0,0.0541,0.2116,41300.0,0.6096,0.2326,オープンドア,スタンダード（内国株式）,情報・通信業
3927,2026-10-05,922.0,0.0055,0.0371,0.0549,-0.0356,0.0271,-0.0569,894.5539,930.1713,False,0.0307,0.7289,1264.87,687.7731,0.0271,0.2134,92200.0,1.0001,0.311,フーバーブレイン,スタンダード（内国株式）,情報・通信業
3928,2026-10-05,230.0,-0.0213,-0.0417,-0.0213,-0.0417,-0.0491,-0.063,238.04,234.2933,False,-0.0338,0.6628,347.0,211.0,0.0205,0.025,23000.0,0.6488,0.3182,マイネット,スタンダード（内国株式）,情報・通信業
3929,2026-10-05,241.0,-0.0123,-0.0659,0.0126,-0.1913,-0.0152,-0.2126,244.04,256.5067,False,-0.0125,0.6427,375.0,227.0,0.024,0.0927,24100.0,0.8897,0.4667,ソーシャルワイヤー,グロース（内国株式）,情報・通信業
3930,2026-10-05,743.0,0.0,-0.0159,-0.0237,-0.3595,-0.0515,-0.3808,768.04,892.9067,False,-0.0326,0.5483,1355.0,716.0,0.0145,0.0722,74300.0,0.211,0.306,はてな,グロース（内国株式）,情報・通信業
3931,2026-10-05,1475.0,0.0014,-0.0114,-0.0232,-0.2448,-0.051,-0.2661,1499.36,1655.8667,False,-0.0162,0.7412,1990.0,1378.6768,0.0067,0.0177,147500.0,0.2116,0.3348,バリューゴルフ,グロース（内国株式）,情報・通信業
3932,2026-10-05,1322.0,0.0053,0.0661,-0.6548,-0.5623,-0.6826,-0.5836,2914.0318,3019.5173,False,-0.5463,0.3284,4025.0,1205.0,0.2134,3.3056,132200.0,1.9593,0.9641,アカツキ,プライム（内国株式）,情報・通信業
3933,2026-10-05,529.0,-0.0094,-0.0258,-0.052,0.0774,-0.0798,0.0561,548.24,510.1867,True,-0.0351,0.712,742.9403,423.0,0.0117,0.0146,52900.0,0.4117,0.3218,チエル,スタンダード（内国株式）,情報・通信業
3934,2026-10-05,2318.0,-0.0009,-0.0136,0.0118,0.0189,-0.016,-0.0024,2300.76,2259.72,True,0.0075,0.9158,2531.0,1625.5538,0.0146,0.0333,231800.0,0.8829,0.2417,ベネフィットジャパン,スタンダード（内国株式）,情報・通信業
3935,2026-10-05,720.0,0.007,-0.0336,0.0169,-0.0083,-0.0108,-0.0296,723.68,710.8,True,-0.0051,0.619,1163.1436,612.0,0.0208,0.1943,72000.0,0.6423,0.32,エディア,スタンダード（内国株式）,情報・通信業
3936,2026-10-05,130.0,0.0,-0.0152,-0.078,-0.1875,-0.1058,-0.2088,136.08,150.84,False,-0.0447,0.4659,279.0,117.0,0.0297,0.3383,13000.0,0.3633,0.2333,グローバルウェイ,グロース（内国株式）,情報・通信業
3937,2026-10-05,1107.0,-0.0116,-0.0289,-0.0881,0.1037,-0.1159,0.0824,1175.96,1082.9467,True,-0.0586,0.8425,1314.0,873.6256,0.0257,0.6235,110700.0,0.6,0.3193,Ｕｂｉｃｏｍホールディングス,スタンダード（内国株式）,情報・通信業
3939,2026-10-05,489.0,-0.002,0.0166,-0.0317,-0.0041,-0.0595,-0.0254,496.1563,499.2521,False,-0.0144,0.8388,583.0,445.0,0.0178,0.8024,48900.0,1.177,0.299,カナミックネットワーク,プライム（内国株式）,情報・通信業
3940,2026-10-05,128.0,-0.0154,-0.0154,0.0079,0.1228,-0.0199,0.1015,130.88,122.4267,True,-0.022,0.8591,149.0,108.0,0.0262,0.2652,12800.0,0.7516,0.2979,ノムラシステムコーポレーション,スタンダード（内国株式）,情報・通信業
3941,2026-10-05,1510.0,-0.0007,0.009,-0.0542,0.0571,-0.082,0.0357,1541.3121,1505.0907,True,-0.0203,0.9069,1665.0,883.0,0.0196,14.065,151000.0,1.0368,0.3189,レンゴー,プライム（内国株式）,パルプ・紙
3943,2026-10-05,1301.0,-0.0084,0.0015,-0.0121,0.0475,-0.0399,0.0262,1318.3592,1289.4931,True,-0.0132,0.8833,1472.8078,1200.0,0.0106,0.0248,130100.0,0.6052,0.2759,大石産業,スタンダード（内国株式）,パルプ・紙
3944,2026-10-05,3100.0,0.0,-0.0282,-0.0476,0.3163,-0.0754,0.295,3164.6,2825.1562,True,-0.0204,0.9509,3260.0,2187.1255,0.0123,0.0125,310000.0,0.3409,0.4187,古林紙工,スタンダード（内国株式）,パルプ・紙
3945,2026-10-05,2196.0,0.0023,-0.0014,0.011,-0.0104,-0.0167,-0.0317,2182.0,2196.2,True,0.0064,0.7681,2858.9786,2081.0,0.0075,0.0362,219600.0,0.7207,0.3165,スーパーバッグ,スタンダード（内国株式）,パルプ・紙
3946,2026-10-05,4390.0,0.0011,-0.0101,-0.0157,0.1003,-0.0435,0.0789,4405.8226,4328.7409,True,-0.0036,0.9108,4820.0,3125.1661,0.019,2.6137,439000.0,0.6305,0.214,トーモク,プライム（内国株式）,パルプ・紙
3947,2026-10-05,2501.0,0.0004,0.0024,0.0056,0.1086,-0.0222,0.0873,2482.12,2341.1333,True,0.0076,0.9016,2774.0,1960.0,0.021,0.087,250100.0,1.2223,0.4774,ダイナパック,スタンダード（内国株式）,パルプ・紙
3948,2026-10-05,1187.0,-0.0025,0.0051,0.0059,0.0636,-0.0219,0.0423,1177.76,1145.1361,True,0.0078,0.8735,1358.862,918.9426,0.0092,0.0204,118700.0,0.8159,0.4484,光ビジネスフォーム,スタンダード（内国株式）,パルプ・紙
3950,2026-10-05,1420.0,-0.0056,-0.0146,-0.0527,0.0542,-0.0805,0.0329,1464.52,1428.901,True,-0.0304,0.9185,1546.0,1151.836,0.0161,1.2434,142000.0,0.7246,0.3271,ザ・パック,プライム（内国株式）,パルプ・紙
3951,2026-10-05,892.0,0.0079,0.0068,-0.0133,0.0136,-0.0411,-0.0077,901.8304,886.2768,True,-0.0109,0.9685,921.0,830.8989,0.0103,0.1589,89200.0,0.7683,0.3264,朝日印刷,スタンダード（内国株式）,パルプ・紙
3953,2026-10-05,789.0,0.0,-0.0088,-0.0038,0.0506,-0.0316,0.0293,791.52,781.0267,True,-0.0032,0.9311,847.374,712.7175,0.0072,0.0078,78900.0,0.5244,0.4608,大村紙業,スタンダード（内国株式）,パルプ・紙
3954,2026-10-05,3090.0,-0.008,-0.0128,-0.0419,0.0869,-0.0697,0.0656,3104.2,3000.2667,True,-0.0046,0.8994,3435.5866,2379.1686,0.0136,0.0193,309000.0,0.5727,0.4249,昭和パックス,スタンダード（内国株式）,パルプ・紙
3955,2026-10-05,870.0,0.0035,0.0035,0.0308,0.0794,0.003,0.0581,857.8,833.4667,True,0.0142,0.7736,1124.5743,759.0,0.0124,0.0306,87000.0,0.7803,0.1205,イムラ,スタンダード（内国株式）,パルプ・紙
3958,2026-10-05,542.0,0.0,0.0112,-0.0091,-0.0128,-0.0369,-0.0341,545.0,547.0139,False,-0.0055,0.9327,581.1336,506.1162,0.0105,0.0675,54200.0,2.0573,0.35,笹徳印刷,スタンダード（内国株式）,パルプ・紙
3962,2026-10-05,993.0,-0.003,-0.005,-0.007,0.0805,-0.0348,0.0592,997.72,965.84,True,-0.0047,0.8412,1180.4565,885.8302,0.0169,1.5117,99300.0,0.6788,0.2026,チェンジホールディングス,プライム（内国株式）,情報・通信業
3963,2026-10-05,316.0,-0.0366,-0.0217,-0.0893,-0.0651,-0.1171,-0.0864,332.24,330.6133,True,-0.0489,0.4368,723.3948,275.0,0.0382,0.2201,31600.0,1.0147,0.3728,シンクロ・フード,プライム（内国株式）,情報・通信業
3964,2026-10-05,1380.0,0.0207,0.0253,0.0222,-0.0247,-0.0056,-0.0461,1346.6,1385.153,False,0.0248,0.8671,1591.6031,865.7256,0.0196,5.4564,138000.0,0.8553,0.2889,オークネット,プライム（内国株式）,情報・通信業
3965,2026-10-05,854.0,0.0023,-0.0144,-0.0511,-0.007,-0.0789,-0.0283,886.8438,867.7479,True,-0.037,0.9183,930.0,718.0719,0.0153,0.0767,85400.0,1.916,0.3296,キャピタル・アセット・プランニング,スタンダード（内国株式）,情報・通信業
3967,2026-10-05,800.0,0.0349,0.3865,0.4085,0.3937,0.3807,0.3724,592.8,584.3467,True,0.3495,0.8762,913.0,540.0,0.0429,1.2228,80000.0,4.8905,1.0216,エルテス,グロース（内国株式）,情報・通信業
3968,2026-10-05,693.0,0.0014,0.0596,0.1035,0.199,0.0757,0.1776,651.56,610.8508,True,0.0636,0.8797,787.8059,475.125,0.0257,1.492,69300.0,0.8908,0.388,セグエグループ,プライム（内国株式）,情報・通信業
3969,2026-10-05,1390.0,-0.0022,0.0,-0.0093,-0.0071,-0.0371,-0.0285,1399.8821,1393.6007,True,-0.0071,0.8838,1572.6677,1305.0,0.0081,0.0656,139000.0,1.0674,0.2591,エイトレッド,スタンダード（内国株式）,情報・通信業
3970,2026-10-05,806.0,-0.0062,-0.037,-0.0529,0.0605,-0.0807,0.0392,840.84,812.04,True,-0.0414,0.8267,975.0,736.0,0.0167,0.0288,80600.0,0.8644,0.3259,イノベーション,スタンダード（内国株式）,情報・通信業
3974,2026-10-05,674.0,0.0197,0.029,0.0045,0.1521,-0.0233,0.1308,665.04,629.9467,True,0.0135,0.9854,684.0,490.0343,0.0147,0.0572,67400.0,2.519,0.282,ＳＣＡＴ,スタンダード（内国株式）,情報・通信業
3976,2026-10-05,536.0,0.0347,-0.0272,-0.1213,-0.0775,-0.1491,-0.0988,581.8,582.4533,True,-0.0787,0.7175,747.0,351.0,0.0516,0.1948,53600.0,0.7917,0.3437,シャノン,グロース（内国株式）,情報・通信業
3979,2026-10-05,493.0,0.0335,0.0788,0.123,0.2233,0.0952,0.202,453.48,420.7333,True,0.0871,0.996,495.0,326.0,0.0262,0.0496,49300.0,0.7428,0.3171,うるる,グロース（内国株式）,情報・通信業
3981,2026-10-05,1236.0,0.0,0.0106,0.0098,0.0139,-0.018,-0.0074,1223.32,1215.3733,False,0.0104,0.9293,1330.0,1172.0,0.0089,0.0298,123600.0,0.8145,0.2455,ビーグリー,スタンダード（内国株式）,情報・通信業
3983,2026-10-05,1892.0,-0.0053,-0.0068,-0.0725,-0.1075,-0.1003,-0.1289,1951.68,2067.2172,False,-0.0306,0.7147,2647.275,1762.0919,0.0135,0.7976,189200.0,0.6667,0.2353,オロ,プライム（内国株式）,情報・通信業
3984,2026-10-05,1519.0,0.0,-0.0392,0.0383,-0.1466,0.0105,-0.1679,1546.76,1651.846,False,-0.0179,0.7414,2048.9639,1338.0982,0.0236,1.3396,151900.0,0.7821,0.3521,ユーザーローカル,プライム（内国株式）,情報・通信業
3985,2026-10-05,186.0,-0.0053,-0.0462,-0.0211,0.022,-0.0489,0.0007,191.96,183.3467,True,-0.031,0.6039,308.0,168.0,0.0177,0.0215,18600.0,1.782,0.4565,テモナ,スタンダード（内国株式）,情報・通信業
3986,2026-10-05,489.0,0.002,-0.0101,0.0316,0.0516,0.0038,0.0303,480.0,484.0161,False,0.0188,0.8697,562.2364,413.7334,0.019,0.0221,48900.0,1.1243,0.42,ビーブレイクシステムズ,スタンダード（内国株式）,情報・通信業
3987,2026-10-05,627.0,0.0146,-0.0016,-0.067,0.0942,-0.0948,0.0729,644.96,618.32,True,-0.0278,0.8101,774.0,425.0,0.0175,0.067,62700.0,0.2579,0.2364,エコモット,グロース（内国株式）,情報・通信業
3988,2026-10-05,562.0,-0.0035,0.009,0.0054,0.07,-0.0224,0.0487,558.44,543.6836,True,0.0064,0.8911,630.674,498.6266,0.0294,0.051,56200.0,1.8067,0.1515,ＳＹＳホールディングス,スタンダード（内国株式）,情報・通信業
3989,2026-10-05,1547.0,0.0006,0.0006,0.0184,0.0894,-0.0094,0.0681,1541.68,1416.92,True,0.0035,0.9508,1627.0,881.2726,0.001,9.5079,154700.0,0.9376,0.2545,シェアリングテクノロジー,グロース（内国株式）,情報・通信業
3991,2026-10-05,952.0,-0.001,-0.0124,-0.0206,0.0808,-0.0484,0.0595,963.96,923.1296,True,-0.0124,0.6797,1400.5208,851.4697,0.0179,0.018,95200.0,0.5006,0.3163,ウォンテッドリー,グロース（内国株式）,情報・通信業
3992,2026-10-05,426.0,-0.0162,-0.047,-0.0936,-0.0491,-0.1214,-0.0704,461.8654,449.1951,True,-0.0777,0.7011,607.6,394.0,0.0187,0.2306,42600.0,1.153,0.6262,ニーズウェル,プライム（内国株式）,情報・通信業
3993,2026-10-05,3325.0,0.0168,0.0606,0.0657,0.1918,0.0379,0.1704,3188.7917,2967.4106,True,0.0427,0.7364,4515.0,2484.0,0.0268,6.1533,332500.0,0.5132,0.28,ＰＫＳＨＡ　Ｔｅｃｈｎｏｌｏｇｙ,プライム（内国株式）,情報・通信業
3994,2026-10-05,5937.0,-0.0084,-0.0138,-0.0385,0.2635,-0.0663,0.2421,6109.68,5445.76,True,-0.0283,0.8421,7050.0,2750.5,0.0389,31.8144,593700.0,0.8605,0.2814,マネーフォワード,プライム（内国株式）,情報・通信業
3996,2026-10-05,222.0,-0.0089,0.0,0.0777,0.1872,0.0499,0.1658,210.84,197.84,True,0.0529,0.5441,408.0,165.0,0.0235,0.0736,22200.0,0.257,0.3644,サインポスト,スタンダード（内国株式）,情報・通信業
3997,2026-10-05,420.0,-0.0094,-0.03,0.0769,0.1966,0.0491,0.1753,409.68,376.4933,True,0.0252,0.6462,650.0,240.8975,0.0527,0.8582,42000.0,1.5107,0.4381,トレードワークス,スタンダード（内国株式）,情報・通信業
3998,2026-10-05,280.0,-0.0071,-0.0278,-0.0476,-0.0879,-0.0754,-0.1093,290.92,301.5867,False,-0.0375,0.6588,425.0,276.0,0.0194,0.0156,28000.0,1.1355,0.35,すららネット,グロース（内国株式）,情報・通信業
4004,2026-10-05,18000.0,0.0417,0.2464,0.1666,0.0746,0.1388,0.0533,15280.8895,15851.1632,False,0.1779,0.8783,20495.0,4919.1981,0.0539,341.0154,1800000.0,1.0317,0.4706,レゾナック・ホールディングス,プライム（内国株式）,化学
4005,2026-10-05,583.2,0.0146,0.0192,-0.0552,0.0558,-0.083,0.0344,579.8563,548.0481,False,0.0058,0.913,638.8,412.9994,0.0259,60.596,58320.0012,0.7032,0.2314,住友化学,プライム（内国株式）,化学
4008,2026-10-05,1510.0,0.0168,0.0168,0.004,0.1177,-0.0238,0.0964,1488.0868,1398.1223,True,0.0147,0.9509,1588.0,903.8053,0.0203,2.561,151000.0,0.8577,0.2124,住友精化,プライム（内国株式）,化学
4011,2026-10-05,2283.0,-0.0048,0.0048,-0.0202,0.0683,-0.048,0.047,2378.16,2178.1067,True,-0.04,0.5751,3970.0,1840.0,0.0428,1.078,228300.0,0.6316,0.2335,ヘッドウォータース,グロース（内国株式）,情報・通信業
4012,2026-10-05,1734.0,0.0006,-0.0367,0.0058,0.0291,-0.022,0.0078,1737.52,1708.0533,True,-0.002,0.957,1812.0,1417.0,0.0211,0.1584,173400.0,1.8814,0.292,アクシス,スタンダード（内国株式）,情報・通信業
4013,2026-10-05,663.0,0.0091,0.0184,0.0076,-0.0488,-0.0202,-0.0701,650.84,668.7333,True,0.0187,0.4369,1517.5,555.0,0.0246,0.2351,66300.0,1.0428,0.307,勤次郎,グロース（内国株式）,情報・通信業
4014,2026-10-05,441.0,-0.0112,-0.0156,-0.1302,-0.1267,-0.158,-0.1481,484.08,496.6133,True,-0.089,0.7375,598.0,385.0,0.0484,0.2481,44100.0,1.7501,0.1358,カラダノート,グロース（内国株式）,情報・通信業
4015,2026-10-05,518.0,-0.0058,0.0,0.0039,0.0097,-0.0239,-0.0116,517.4,526.5467,True,0.0012,0.7551,686.0,388.0,0.0291,0.106,51800.0,0.8377,0.1924,ペイクラウドホールディングス,グロース（内国株式）,情報・通信業
4016,2026-10-05,1085.0,0.0,0.0159,0.0294,0.1897,0.0016,0.1684,1064.4,969.9467,True,0.0194,0.855,1268.9537,856.0,0.0138,0.0532,108500.0,1.3601,0.2947,ＭＩＴホールディングス,スタンダード（内国株式）,情報・通信業
4017,2026-10-05,208.0,-0.0095,-0.0189,-0.0326,0.0097,-0.0604,-0.0116,213.76,210.2267,True,-0.0269,0.6865,303.0,191.0,0.0254,0.0155,20800.0,1.0969,0.3027,クリーマ,グロース（内国株式）,情報・通信業
4019,2026-10-05,600.0,0.0067,-0.0461,-0.0566,-0.0669,-0.0844,-0.0882,629.32,621.4667,True,-0.0466,0.4614,1300.435,545.0,0.024,0.23,60000.0,0.843,0.3119,スタメン,グロース（内国株式）,情報・通信業
4020,2026-10-05,878.0,0.0092,0.0642,0.0342,0.2633,0.0064,0.242,836.8,749.7067,True,0.0492,0.9421,932.0,651.0,0.0124,0.0121,87800.0,1.0591,0.5987,ビートレンド,グロース（内国株式）,情報・通信業
4021,2026-10-05,8734.0,0.0408,0.0709,0.0961,0.0101,0.0683,-0.0113,8133.5388,8039.8729,True,0.0738,0.9976,8755.0,4760.1258,0.0211,43.6212,873400.0,0.8914,0.3695,日産化学,プライム（内国株式）,化学
4022,2026-10-05,2125.0,0.0296,0.1456,0.0705,0.0572,0.0427,0.0359,1953.9912,2038.4637,False,0.0875,0.7562,2810.0,862.3756,0.0383,12.9494,212500.0,0.7104,0.4515,ラサ工業,プライム（内国株式）,化学
4023,2026-10-05,3930.0,-0.0025,-0.0289,-0.1512,-0.0507,-0.179,-0.072,4306.6764,4237.1588,True,-0.0875,0.8213,4785.1001,3510.0,0.0248,13.8001,393000.0,1.5634,0.4005,クレハ,プライム（内国株式）,化学
4025,2026-10-05,5840.0,0.0504,0.0157,-0.0168,0.1943,-0.0446,0.173,5735.6,5348.0667,True,0.0182,0.9154,6380.0,3414.9129,0.0349,1.2421,584000.0,0.6915,0.2112,多木化学,プライム（内国株式）,化学
4026,2026-10-05,1591.0,-0.0056,0.0192,-0.0251,-0.0404,-0.0529,-0.0617,1600.08,1611.8933,False,-0.0057,0.7513,2117.5485,1331.5084,0.0158,1.1898,159100.0,0.6471,0.2705,神島化学工業,スタンダード（内国株式）,ガラス・土石製品
4027,2026-10-05,2339.0,0.0121,0.0174,-0.0205,-0.0172,-0.0483,-0.0385,2362.721,2345.1203,True,-0.01,0.9293,2517.0,1166.9356,0.0265,1.1371,233900.0,0.6879,0.2432,テイカ,プライム（内国株式）,化学
4028,2026-10-05,2809.0,0.0064,-0.0106,-0.0968,-0.0253,-0.1246,-0.0466,2963.8613,2971.3671,False,-0.0522,0.7181,3911.8984,2138.6983,0.0194,5.664,280900.0,0.8537,0.3555,石原産業,プライム（内国株式）,化学
402A,2026-10-05,303.0,-0.0561,-0.4389,-0.4059,-0.4609,-0.4337,-0.4822,500.16,509.3733,False,-0.3942,0.2985,1015.0,303.0,0.0971,8.4194,30300.0,1.3633,0.8869,アクセルスペースホールディングス,グロース（内国株式）,輸送用機器
4031,2026-10-05,1031.0,0.0128,-0.0319,-0.0956,-0.0319,-0.1234,-0.0532,1091.04,1067.4133,False,-0.055,0.5549,1858.0,840.2278,0.0233,0.1362,103100.0,0.735,0.4583,片倉コープアグリ,スタンダード（内国株式）,化学
4040,2026-10-05,4025.0,0.0063,0.0113,0.0242,0.1027,-0.0036,0.0814,3930.8015,3732.1338,False,0.024,0.9415,4275.0,2577.7837,0.0228,0.251,402500.0,0.6846,0.3601,南海化学,スタンダード（内国株式）,化学
4041,2026-10-05,3690.0,0.0068,-0.0186,-0.0763,0.0014,-0.1041,-0.02,3850.1625,3781.7875,True,-0.0416,0.9008,4096.154,3208.6538,0.018,5.4109,369000.0,1.6294,0.4831,日本曹達,プライム（内国株式）,化学
4042,2026-10-05,2618.5,0.006,0.0087,-0.0237,-0.0719,-0.0515,-0.0933,2621.5909,2727.7236,False,-0.0012,0.8485,3086.0,2094.7406,0.0161,28.4085,261850.0,1.029,0.2359,東ソー,プライム（内国株式）,化学
4043,2026-10-05,4166.0,0.0259,0.0302,0.0555,-0.1675,0.0277,-0.1888,4062.0121,4354.1107,False,0.0256,0.7223,5768.0,3477.6096,0.0236,20.5356,416600.0,0.7507,0.2697,トクヤマ,プライム（内国株式）,化学
4044,2026-10-05,4505.0,0.0033,-0.0077,0.0033,0.0239,-0.0245,0.0025,4447.8294,4349.3431,True,0.0129,0.9405,4790.0,3070.0853,0.0284,4.4552,450500.0,1.0052,0.167,セントラル硝子,プライム（内国株式）,化学
4045,2026-10-05,1824.5,0.0181,0.0011,-0.0262,0.0227,-0.054,0.0014,1827.62,1799.6655,True,-0.0017,0.9562,1908.0,1403.4094,0.0135,4.9467,182450.0,0.8572,0.2084,東亞合成,プライム（内国株式）,化学
4046,2026-10-05,2079.0,0.0211,0.05,-0.0019,0.1059,-0.0297,0.0845,2023.0755,1935.9185,True,0.0276,0.8277,2511.8085,1555.2595,0.0261,6.5769,207900.0,1.0403,0.3017,大阪ソーダ,プライム（内国株式）,化学
4047,2026-10-05,2557.0,0.0501,0.1084,0.1767,-0.2379,0.1489,-0.2592,2273.5932,2776.8111,False,0.1247,0.5805,4405.0,909.3094,0.0376,14.6162,255700.0,0.9876,0.4677,関東電化工業,プライム（内国株式）,化学
4051,2026-10-05,5900.0,0.0034,-0.0285,-0.0312,-0.1559,-0.059,-0.1773,6073.9846,6433.3282,True,-0.0286,0.8298,7110.0,4760.0,0.0276,1.767,590000.0,0.7671,0.2706,ＧＭＯフィナンシャルゲート,プライム（内国株式）,情報・通信業
4052,2026-10-05,1017.0,0.002,-0.0575,0.4224,3.3462,0.3946,3.3248,927.04,540.7467,True,0.097,0.6278,1620.0,221.0,0.1759,45.574,101700.0,1.2679,0.2208,フィーチャ,グロース（内国株式）,情報・通信業
4053,2026-10-05,509.0,-0.0174,-0.0059,0.1311,0.149,0.1033,0.1277,480.48,458.1067,True,0.0594,0.9461,538.0,379.0,0.0352,0.7323,50900.0,1.5329,0.3514,Ｓｕｎ　Ａｓｔｅｒｉｓｋ,プライム（内国株式）,情報・通信業
4054,2026-10-05,520.0,0.0019,-0.0057,-0.0057,-0.0764,-0.0335,-0.0977,520.88,539.1076,True,-0.0017,0.6883,755.5036,496.2596,0.0077,0.0578,52000.0,0.8694,0.15,日本情報クリエイト,グロース（内国株式）,情報・通信業
4055,2026-10-05,1601.0,-0.0056,-0.0262,-0.0384,-0.0692,-0.0662,-0.0905,1650.2757,1653.3052,False,-0.0299,0.5882,2722.0,1064.0,0.025,0.4032,160100.0,0.4811,0.2573,ティアンドエスグループ,グロース（内国株式）,情報・通信業
4056,2026-10-05,204.0,0.02,-0.0049,-0.0893,-0.0769,-0.1171,-0.0982,222.84,216.92,False,-0.0845,0.2625,777.0,200.0,0.0371,2.4725,20400.0,0.335,0.2377,ニューラルグループ,グロース（内国株式）,情報・通信業
4057,2026-10-05,349.0,0.0175,0.0,-0.0085,-0.0618,-0.0363,-0.0831,351.44,353.5467,False,-0.0069,0.6415,544.0,342.0,0.0123,0.0143,34900.0,1.2149,0.3033,インターファクトリー,グロース（内国株式）,情報・通信業
4058,2026-10-05,2149.0,-0.0028,-0.016,-0.1149,-0.0324,-0.1427,-0.0537,2322.0,2233.6,True,-0.0745,0.6828,3147.2023,1616.0,0.0309,0.6222,214900.0,0.7503,0.3895,トヨクモ,グロース（内国株式）,情報・通信業
4059,2026-10-05,364.0,0.0028,-0.0667,-0.0831,-0.1078,-0.1109,-0.1292,389.56,399.16,True,-0.0656,0.4993,729.0,347.0,0.0184,0.0096,36400.0,0.8365,0.4468,まぐまぐ,スタンダード（内国株式）,情報・通信業
4060,2026-10-05,1129.0,-0.0536,-0.0623,-0.0814,0.0153,-0.1092,-0.006,1207.16,1150.0533,True,-0.0647,0.8697,1298.21,979.108,0.0247,0.053,112900.0,0.5471,0.3831,ｒａｋｕｍｏ,グロース（内国株式）,情報・通信業
4061,2026-10-05,3283.0,0.0324,0.0095,0.0158,-0.2161,-0.012,-0.2374,3286.8146,3652.5249,False,-0.0012,0.6997,4692.0,2139.3177,0.0255,21.2033,328300.0,0.883,0.2397,デンカ,プライム（内国株式）,化学
4062,2026-10-05,12265.0,0.0136,0.101,-0.393,-0.4266,-0.4208,-0.4479,17376.7696,19270.5899,False,-0.2942,0.4463,27480.0,4340.0016,0.1284,1737.9957,1226500.0,1.5138,0.5751,イビデン,プライム（内国株式）,電気機器
4063,2026-10-05,6218.0,0.0312,0.0732,0.0593,-0.1614,0.0315,-0.1827,5864.8974,6426.8325,False,0.0602,0.7841,7930.0,4328.3129,0.0193,393.2899,621800.0,1.0153,0.426,信越化学工業,プライム（内国株式）,化学
4064,2026-10-05,3805.0,0.0093,0.0679,0.1392,0.0965,0.1114,0.0752,3525.3637,3461.2546,True,0.0793,0.9682,3930.0,2016.1833,0.0286,3.3766,380500.0,1.3075,0.3313,日本カーバイド工業,プライム（内国株式）,化学
4068,2026-10-05,1807.0,-0.0195,0.0,0.0255,0.1365,-0.0023,0.1152,1778.32,1709.7333,True,0.0161,0.9035,2000.0,1551.0,0.0155,0.0283,180700.0,1.1609,0.2786,ベイシス,グロース（内国株式）,情報・通信業
4069,2026-10-05,584.0,-0.025,-0.0832,-0.1561,-0.1633,-0.1839,-0.1846,669.6,684.2267,False,-0.1278,0.2393,2440.0,577.0,0.0357,0.0493,58400.0,1.1087,0.489,ＢｌｕｅＭｅｍｅ,グロース（内国株式）,情報・通信業
4071,2026-10-05,2049.0,0.0099,0.0079,-0.0053,-0.304,-0.0331,-0.3253,2083.4681,2334.4227,False,-0.0165,0.6837,2997.0,1944.0,0.0213,4.51,204900.0,0.7944,0.2663,プラスアルファ・コンサルティング,プライム（内国株式）,情報・通信業
4072,2026-10-05,3130.0,-0.0063,-0.0354,0.0347,0.0738,0.0069,0.0524,3129.8,2986.2608,True,0.0001,0.763,4101.9754,2680.1458,0.0202,0.9351,313000.0,0.9597,0.2768,電算システムホールディングス,プライム（内国株式）,情報・通信業
4073,2026-10-05,780.0,0.142,0.0583,0.5984,0.7849,0.5706,0.7636,560.64,503.4533,True,0.3913,0.8914,875.0,414.0,0.1166,2.3765,78000.0,4.1881,0.4509,ジィ・シィ企画,グロース（内国株式）,情報・通信業
4074,2026-10-05,807.0,-0.0012,0.0467,0.0088,0.0293,-0.019,0.008,792.72,808.5333,True,0.018,0.6456,1250.0,633.0,0.021,0.0221,80700.0,0.2604,0.3426,ラキール,グロース（内国株式）,情報・通信業
4075,2026-10-05,1366.0,-0.0448,-0.0869,-0.077,0.5028,-0.1048,0.4814,1337.0,1028.6933,True,0.0217,0.6505,2100.0,775.0,0.1374,11.4071,136600.0,2.3139,0.2388,ブレインズテクノロジー,グロース（内国株式）,情報・通信業
4076,2026-10-05,1972.0,-0.0165,-0.0209,-0.0204,0.1532,-0.0482,0.1319,1996.56,1872.2933,True,-0.0123,0.9733,2026.0,1484.9135,0.0105,0.0789,197200.0,2.2079,0.2935,シイエヌエス,グロース（内国株式）,情報・通信業
4078,2026-10-05,3780.0,0.0399,0.0413,-0.0105,-0.1429,-0.0383,-0.1642,3718.9741,4051.9914,False,0.0164,0.5745,6580.0,2708.4754,0.0249,6.0481,378000.0,0.5316,0.2182,堺化学工業,プライム（内国株式）,化学
407A,2026-10-05,905.0,-0.0109,-0.0195,-0.0444,0.0331,-0.0721,0.0118,931.72,895.5573,True,-0.0287,0.6782,1334.5038,814.2287,0.0157,0.0946,90500.0,0.6147,0.2673,ＵＮＩＣＯＮホールディングス,スタンダード（内国株式）,建設業
4082,2026-10-05,2185.0,-0.0023,-0.0582,-0.1168,0.055,-0.1446,0.0337,2460.9295,2129.6165,True,-0.1121,0.4994,4374.9082,673.1393,0.0341,13.8337,218500.0,0.4091,0.4406,第一稀元素化学工業,プライム（内国株式）,化学
4088,2026-10-05,2901.0,0.0007,0.0295,0.0784,0.0484,0.0506,0.0271,2875.6,2686.6,True,0.0088,0.9023,3215.0,1718.5,0.0279,40.61,290100.0,1.0429,0.3324,エア・ウォーター,プライム（内国株式）,化学
4091,2026-10-05,5532.0,0.0346,0.0134,0.0033,-0.1236,-0.0245,-0.1449,5504.5881,5773.4894,False,0.005,0.8499,6509.0,4439.9202,0.0233,39.0409,553200.0,1.4401,0.2711,日本酸素ホールディングス,プライム（内国株式）,化学
4092,2026-10-05,5750.0,0.0052,0.0628,0.0994,0.3218,0.0716,0.3005,5431.7136,5233.1045,True,0.0586,0.9041,6360.0,2394.8248,0.0398,6.8414,575000.0,0.5602,0.2532,日本化学工業,プライム（内国株式）,化学
4093,2026-10-05,425.0,0.0,-0.0093,-0.007,-0.0023,-0.0348,-0.0237,425.8395,422.8932,True,-0.002,0.8585,495.0547,336.2451,0.0129,0.0593,42500.0,0.6485,0.2731,東邦アセチレン,スタンダード（内国株式）,化学
4094,2026-10-05,2216.0,-0.0031,-0.0103,-0.0327,0.0547,-0.0605,0.0334,2264.2887,2174.2029,True,-0.0213,0.806,2749.4698,1978.0,0.0146,0.2994,221600.0,1.1821,0.4544,日本化学産業,スタンダード（内国株式）,化学
4095,2026-10-05,1790.0,0.0159,0.0165,0.0194,0.0492,-0.0084,0.0279,1761.555,1721.4383,True,0.0161,0.9542,1876.0,1291.834,0.0155,3.6988,179000.0,1.1139,0.2088,日本パーカライジング,プライム（内国株式）,化学
4097,2026-10-05,1183.0,0.0094,-0.0247,-0.0174,0.06,-0.0452,0.0387,1202.0439,1151.828,True,-0.0158,0.9411,1257.0,981.3186,0.0192,0.5915,118300.0,0.8473,0.3132,高圧ガス工業,プライム（内国株式）,化学
4098,2026-10-05,1004.0,0.006,-0.0128,-0.0089,-0.0402,-0.0367,-0.0615,1007.24,1021.1467,False,-0.0032,0.5863,1712.332,762.1362,0.0159,0.0431,100400.0,0.8106,0.3892,チタン工業,スタンダード（内国株式）,化学
4099,2026-10-05,2519.0,0.0724,0.1256,0.1347,-0.1926,0.1069,-0.2139,2252.76,2721.3655,False,0.1182,0.671,3754.2039,1065.5399,0.0332,19.4391,251900.0,1.1116,0.4551,四国化成ホールディングス,プライム（内国株式）,化学
409A,2026-10-05,1050.0,-0.001,-0.0885,-0.1026,-0.1386,-0.1304,-0.16,1152.2476,1195.0425,False,-0.0887,0.4782,2195.7666,1033.0,0.0199,2.6238,105000.0,1.6066,0.5967,オリオンビール,プライム（内国株式）,食料品
4100,2026-10-05,1947.0,-0.0289,0.0362,0.2441,0.2553,0.2163,0.234,1717.32,1613.8133,True,0.1337,0.8774,2219.0,1079.0,0.0485,1.2154,194700.0,1.3143,0.485,戸田工業,スタンダード（内国株式）,化学
4102,2026-10-05,1460.0,0.0,0.0111,0.0055,0.0203,-0.0223,-0.0011,1448.8,1445.0133,True,0.0077,0.9715,1502.8905,1293.118,0.006,0.007,146000.0,0.8571,0.3443,丸尾カルシウム,スタンダード（内国株式）,化学
4107,2026-10-05,3930.0,0.0129,0.0181,-0.0643,-0.0088,-0.0921,-0.0301,4002.2,3854.564,False,-0.018,0.4672,8411.4596,2712.8499,0.0244,6.9143,393000.0,0.5963,0.1665,伊勢化学工業,スタンダード（内国株式）,化学
4109,2026-10-05,5550.0,0.0452,0.0511,0.0354,-0.0917,0.0077,-0.113,5337.5464,5689.5821,False,0.0398,0.6852,8100.0,3818.2427,0.0205,2.3507,555000.0,0.5713,0.2984,ステラ　ケミファ,プライム（内国株式）,化学
410A,2026-10-05,1251.0,0.0056,-0.0355,0.0993,0.0638,0.0715,0.0425,1173.84,1140.8,True,0.0657,0.5731,2182.698,986.0,0.0277,0.3119,125100.0,2.7956,0.556,ＧＭＯコマース,グロース（内国株式）,サービス業
4112,2026-10-05,2105.0,0.0218,0.013,-0.0401,0.0091,-0.0679,-0.0122,2123.3116,2134.4505,False,-0.0086,0.7952,2647.0,1619.4054,0.0243,0.9973,210500.0,0.9798,0.193,保土谷化学工業,プライム（内国株式）,化学
4113,2026-10-05,817.0,0.0111,-0.0024,0.0303,0.0996,0.0025,0.0783,802.5225,755.9208,True,0.018,0.5382,1517.9635,664.0,0.0194,0.1517,81700.0,0.4011,0.2903,田岡化学工業,スタンダード（内国株式）,化学
4114,2026-10-05,2550.5,0.0022,0.0143,-0.0401,0.2048,-0.0679,0.1835,2570.0875,2354.2425,True,-0.0076,0.9331,2733.5,1693.7468,0.0182,24.1669,255050.0,1.2758,0.2972,日本触媒,プライム（内国株式）,化学
4116,2026-10-05,1310.0,0.021,-0.0117,-0.0368,0.2107,-0.0646,0.1894,1327.873,1211.9177,True,-0.0135,0.9251,1416.0,883.7298,0.022,1.8864,131000.0,0.8784,0.2636,大日精化工業,プライム（内国株式）,化学
4118,2026-10-05,6011.0,0.0086,-0.0035,-0.0258,0.0441,-0.0536,0.0228,6060.3474,5911.8491,True,-0.0081,0.9149,6570.0,4014.08,0.0173,11.5325,601100.0,0.9042,0.248,カネカ,プライム（内国株式）,化学
4119,2026-10-05,6170.0,-0.008,-0.0032,0.037,0.094,0.0092,0.0727,6046.8,5809.2,True,0.0204,0.9641,6400.0,3059.9253,0.0192,0.1061,617000.0,0.6327,0.3036,日本ピグメントホールディングス,スタンダード（内国株式）,化学
4120,2026-10-05,3035.0,0.0,-0.0304,0.0383,-0.0516,0.0105,-0.0729,3006.96,2990.2533,True,0.0093,0.9073,3345.0,2020.7999,0.0247,0.0208,303500.0,0.7026,0.4183,スガイ化学工業,スタンダード（内国株式）,化学
4124,2026-10-05,2925.0,-0.0034,-0.0479,-0.0441,0.0773,-0.0719,0.056,2990.411,2796.6037,True,-0.0219,0.9435,3100.0,2317.4256,0.019,0.0419,292500.0,1.0154,0.3072,大阪油化工業,スタンダード（内国株式）,化学
4125,2026-10-05,3700.0,0.0137,0.0393,0.0151,0.1212,-0.0127,0.0999,3654.6,3496.4933,True,0.0124,0.9024,4100.0,1495.3094,0.027,0.3863,370000.0,0.4331,0.225,三和油化工業,スタンダード（内国株式）,化学
414A,2026-10-05,829.0,0.0061,-0.046,0.0235,-0.0648,-0.0043,-0.0861,851.44,848.2914,False,-0.0264,0.5482,1512.2667,740.9156,0.0178,0.6784,82900.0,0.471,0.4802,オーバーラップホールディングス,グロース（内国株式）,情報・通信業
4151,2026-10-05,2214.5,-0.007,-0.014,-0.0734,-0.1905,-0.1012,-0.2118,2337.94,2501.1574,False,-0.0528,0.7711,2872.0079,2080.0359,0.0183,41.9195,221450.0,1.2416,0.2463,協和キリン,プライム（内国株式）,医薬品
415A,2026-10-05,5550.0,0.0018,0.0413,0.0882,0.1599,0.0604,0.1386,5294.8,4987.5333,True,0.0482,0.8523,6511.8197,4482.2231,0.0314,0.0842,555000.0,1.1731,0.3443,ＧＭＯ　ＴＥＣＨホールディングス,グロース（内国株式）,サービス業
4165,2026-10-05,711.0,0.0057,0.0549,0.0143,0.3779,-0.0135,0.3566,680.8,606.36,True,0.0444,0.662,1074.0,432.0,0.0328,2.1278,71100.0,0.6285,0.3135,プレイド,グロース（内国株式）,情報・通信業
4166,2026-10-05,660.0,0.0296,0.0154,0.0476,-0.0308,0.0198,-0.0522,635.92,645.64,False,0.0379,0.5128,1287.0,616.0,0.0297,0.0745,66000.0,2.741,0.4547,かっこ,グロース（内国株式）,情報・通信業
4167,2026-10-05,342.0,-0.0029,0.0755,0.0059,0.1104,-0.0219,0.0891,333.72,311.0,True,0.0248,0.7808,438.0,258.0,0.0437,0.0759,34200.0,1.1033,0.2411,ココペリ,グロース（内国株式）,情報・通信業
4168,2026-10-05,787.0,-0.0013,-0.0025,0.0396,0.0064,0.0118,-0.0149,781.36,772.765,True,0.0072,0.7474,1052.9283,652.068,0.0192,0.3182,78700.0,0.6215,0.2245,ヤプリ,グロース（内国株式）,情報・通信業
4169,2026-10-05,263.0,0.0038,0.0395,0.0038,0.2347,-0.024,0.2134,261.0,241.0933,True,0.0077,0.6744,390.0,161.0,0.0421,0.9198,26300.0,0.3446,0.2168,ＥＮＥＣＨＡＮＧＥ,グロース（内国株式）,情報・通信業
416A,2026-10-05,1330.0,-0.0126,-0.0067,0.0199,0.1214,-0.0079,0.1001,1323.6983,1241.4728,True,0.0048,0.9708,1370.0,1014.4127,0.0178,0.2325,133000.0,1.8411,0.2326,富士ユナイトホールディングス,スタンダード（内国株式）,卸売業
4170,2026-10-05,111.0,-0.0089,-0.0513,-0.1778,-0.0513,-0.2056,-0.0726,123.8,121.12,False,-0.1034,0.3675,302.0,97.0,0.038,0.4614,11100.0,0.2044,0.2136,Ｋａｉｚｅｎ　Ｐｌａｔｆｏｒｍ,グロース（内国株式）,情報・通信業
4172,2026-10-05,2275.0,0.0004,-0.0169,-0.0109,0.0581,-0.0387,0.0368,2310.4358,2241.9586,True,-0.0153,0.9351,2432.9958,2056.0,0.0158,0.0271,227500.0,1.093,0.2308,Ｈｉクラテス,スタンダード（内国株式）,情報・通信業
4174,2026-10-05,1050.0,-0.0159,-0.0724,0.2167,0.5911,0.1889,0.5698,980.8,814.8679,True,0.0706,0.821,1279.0,593.2406,0.1207,4.5857,105000.0,1.3498,0.2257,アピリッツ,スタンダード（内国株式）,情報・通信業
4175,2026-10-05,2848.0,0.0049,-0.0342,-0.0173,0.0912,-0.0451,0.0699,2907.4,2685.12,True,-0.0204,0.9202,3095.0,1651.0,0.0314,0.1625,284800.0,0.631,0.4081,ｃｏｌｙ,グロース（内国株式）,情報・通信業
4176,2026-10-05,270.0,-0.0037,-0.0182,-0.0182,-0.0357,-0.046,-0.057,277.04,268.72,True,-0.0254,0.5192,520.0,238.0,0.0206,0.1999,27000.0,0.6863,0.2333,ココナラ,グロース（内国株式）,情報・通信業
4177,2026-10-05,1380.0,-0.0143,-0.022,-0.1125,-0.0282,-0.1403,-0.0495,1476.52,1478.8933,True,-0.0654,0.7714,1788.8617,1085.8873,0.0246,0.1042,138000.0,3.6061,0.4765,ｉ‐ｐｌｕｇ,グロース（内国株式）,情報・通信業
4178,2026-10-05,900.0,-0.0312,0.3825,0.676,0.7208,0.6482,0.6995,606.28,541.68,True,0.4845,0.9385,959.0,476.0,0.048,0.3208,90000.0,4.0543,0.9858,Ｓｈａｒｉｎｇ　Ｉｎｎｏｖａｔｉｏｎｓ,グロース（内国株式）,情報・通信業
4179,2026-10-05,330.0,-0.009,-0.0407,-0.073,-0.3023,-0.1008,-0.3236,351.2,399.1867,False,-0.0604,0.3143,1050.0,260.0,0.0545,0.1168,33000.0,0.3222,0.2611,ジーネクスト,グロース（内国株式）,情報・通信業
417A,2026-10-05,1821.0,0.0017,-0.0167,-0.0306,0.0279,-0.0584,0.0066,1875.2863,1808.3621,True,-0.0289,0.9324,1953.0,1456.456,0.0171,4.5873,182100.0,0.9195,0.4424,ブルーゾーンホールディングス,プライム（内国株式）,小売業
4180,2026-10-05,1371.0,-0.0235,-0.0256,0.0316,0.487,0.0038,0.4657,1434.92,1115.52,True,-0.0445,0.8496,1613.7192,660.0,0.0397,21.0378,137100.0,0.7614,0.3528,Ａｐｐｉｅｒ　Ｇｒｏｕｐ,プライム（内国株式）,情報・通信業
4182,2026-10-05,4033.0,0.0301,0.0715,0.0489,-0.1686,0.0211,-0.1899,3846.8978,4305.8993,False,0.0484,0.7029,5738.0,2408.6052,0.0276,52.1917,403300.0,0.7912,0.2718,三菱瓦斯化学,プライム（内国株式）,化学
4183,2026-10-05,2169.5,0.0326,0.0565,-0.0332,-0.01,-0.061,-0.0314,2158.6958,2153.8586,True,0.005,0.8928,2430.0381,1703.7241,0.0281,58.0385,216950.0,1.4531,0.36,三井化学,プライム（内国株式）,化学
4186,2026-10-05,9212.0,0.0341,0.1088,0.1291,-0.1202,0.1013,-0.1415,8374.0,9423.6452,False,0.1001,0.7153,12878.8594,4700.9834,0.0314,63.8477,921200.0,0.9396,0.4787,東京応化工業,プライム（内国株式）,化学
4187,2026-10-05,4675.0,0.0389,0.1078,0.0936,-0.1622,0.0658,-0.1835,4282.6,4885.8,False,0.0916,0.7553,6190.0,2980.3613,0.0296,5.2944,467500.0,0.8234,0.5052,大阪有機化学工業,プライム（内国株式）,化学
4188,2026-10-05,1173.5,0.0267,0.0249,-0.0742,-0.0282,-0.102,-0.0495,1186.2887,1169.3762,True,-0.0108,0.8992,1305.0,782.7776,0.0284,70.2509,117350.0,1.135,0.3017,三菱ケミカルグループ,プライム（内国株式）,化学
4189,2026-10-05,3425.0,0.0193,0.0379,0.0074,0.1516,-0.0204,0.1303,3301.8,3170.718,True,0.0373,0.9594,3570.0,2225.1543,0.0215,3.9665,342500.0,0.8991,0.3806,ＫＨネオケム,プライム（内国株式）,化学
4192,2026-10-05,327.0,0.0062,0.0481,0.1085,0.2066,0.0807,0.1853,303.8,282.7467,True,0.0764,0.7365,444.0,234.0,0.0352,0.3704,32700.0,0.9136,0.287,スパイダープラス,グロース（内国株式）,情報・通信業
4193,2026-10-05,2026.0,-0.0403,-0.0923,-0.0607,-0.1275,-0.0885,-0.1488,2151.3072,2236.8757,False,-0.0582,0.8269,2450.0,1856.5853,0.0159,0.1575,202600.0,1.4057,0.6724,ファブリカホールディングス,スタンダード（内国株式）,情報・通信業
4194,2026-10-05,8718.0,-0.0098,0.0021,-0.0259,0.0658,-0.0537,0.0445,8787.12,8528.44,True,-0.0079,0.7391,11795.0,6280.0,0.0321,23.9822,871800.0,1.0271,0.2489,ビジョナル,プライム（内国株式）,情報・通信業
4196,2026-10-05,1325.0,0.0023,0.0232,-0.3877,-0.2197,-0.4155,-0.241,1822.72,1810.4667,True,-0.2731,0.6023,2200.0,1058.0,0.085,0.8185,132500.0,3.6712,0.6449,ネオマーケティング,スタンダード（内国株式）,情報・通信業
4197,2026-10-05,2407.0,0.0012,0.0118,0.0113,0.0604,-0.0165,0.039,2373.96,2313.0133,True,0.0139,0.9486,2537.5088,2147.0,0.0067,0.0204,240700.0,1.4717,0.407,アスマーク,スタンダード（内国株式）,情報・通信業
4198,2026-10-05,500.0,-0.0177,-0.0215,0.002,0.004,-0.0258,-0.0173,503.72,497.5467,False,-0.0074,0.7202,694.2369,481.0,0.0121,0.0191,50000.0,1.4273,0.3459,テンダ,スタンダード（内国株式）,情報・通信業
4199,2026-10-05,798.0,-0.0087,-0.0136,-0.028,0.191,-0.0558,0.1697,811.8,793.24,True,-0.017,0.415,1923.0,650.0,0.0172,0.0355,79800.0,0.1082,0.226,ワンダープラネット,グロース（内国株式）,情報・通信業
4202,2026-10-05,1432.0,0.0192,0.0295,-0.0308,-0.0007,-0.0586,-0.022,1430.4466,1427.6955,True,0.0011,0.8843,1619.2769,1112.5,0.0187,14.7532,143200.0,1.1024,0.2669,ダイセル,プライム（内国株式）,化学
4203,2026-10-05,8998.0,0.0486,0.1144,0.2663,0.2244,0.2385,0.2031,7759.6962,7434.2721,True,0.1596,0.9889,9099.0,4696.0,0.0292,62.9465,899800.0,1.1194,0.5223,住友ベークライト,プライム（内国株式）,化学
4204,2026-10-05,2519.5,0.0082,0.0149,-0.0313,-0.0609,-0.0591,-0.0823,2536.9219,2593.8273,True,-0.0069,0.8346,3018.9013,2248.0,0.0154,36.6109,251950.0,1.0747,0.2557,積水化学工業,プライム（内国株式）,化学
4205,2026-10-05,2444.0,0.0179,0.0275,-0.0179,0.0427,-0.0457,0.0213,2413.9035,2361.1945,True,0.0125,0.9335,2618.0,1504.4009,0.0201,21.6324,244400.0,0.9868,0.2198,日本ゼオン,プライム（内国株式）,化学
4206,2026-10-05,4246.0,0.0138,0.0059,0.0182,0.1362,-0.0096,0.1149,4179.6205,3928.0468,True,0.0159,0.9859,4306.5408,3306.5594,0.0167,10.2763,424600.0,1.0095,0.2465,アイカ工業,プライム（内国株式）,化学
4208,2026-10-05,3374.0,0.0166,0.0069,-0.042,0.0347,-0.0698,0.0133,3440.692,3345.2973,True,-0.0194,0.9087,3713.0,2137.9704,0.0202,26.9938,337400.0,0.9897,0.3296,ＵＢＥ,プライム（内国株式）,化学
4212,2026-10-05,2931.0,0.0048,0.0184,0.0041,0.0961,-0.0237,0.0748,2936.1069,2770.3423,True,-0.0017,0.9424,3110.0,1986.0218,0.0209,1.5892,293100.0,0.8257,0.2823,積水樹脂,プライム（内国株式）,化学
4216,2026-10-05,7220.0,0.0098,0.2013,0.2622,0.0112,0.2344,-0.0101,6175.2118,6419.2039,False,0.1692,0.9105,7930.0,4280.1037,0.032,6.2639,722000.0,1.9266,0.6053,旭有機材,プライム（内国株式）,化学
4218,2026-10-05,1868.0,-0.0027,-0.0276,-0.0421,-0.0095,-0.0698,-0.0309,1927.48,1916.7867,True,-0.0309,0.9312,2006.0,1781.0,0.0114,0.5903,186800.0,1.7982,0.4808,ニチバン,プライム（内国株式）,化学
421A,2026-10-05,3945.0,0.0287,-0.0038,0.0,0.0141,-0.0278,-0.0072,3883.8,3756.6667,True,0.0158,0.8865,4450.0,1758.0,0.0407,1.9153,394500.0,0.5342,0.2209,ムービン・ストラテジック・キャリア,グロース（内国株式）,サービス業
4220,2026-10-05,2395.0,0.0213,0.0153,-0.0515,0.3276,-0.0793,0.3063,2417.6414,2203.1605,True,-0.0094,0.8216,2915.0,1167.5388,0.0247,3.8498,239500.0,1.2936,0.2655,リケンテクノス,プライム（内国株式）,化学
4221,2026-10-05,5400.0,0.0266,-0.034,-0.0391,0.0987,-0.0669,0.0774,5546.8,5303.4948,True,-0.0265,0.9294,5810.0,4375.5555,0.0246,3.299,540000.0,1.6633,0.4215,大倉工業,プライム（内国株式）,化学
4222,2026-10-05,649.0,0.0109,-0.0226,-0.0342,-0.0442,-0.062,-0.0655,675.6,657.3467,False,-0.0394,0.4393,1477.3336,538.0,0.0325,2.562,64900.0,0.6257,0.2231,児玉化学工業,スタンダード（内国株式）,化学
4224,2026-10-05,2109.0,-0.0038,-0.0172,-0.0061,0.0461,-0.0339,0.0248,2119.4,2089.3333,True,-0.0049,0.9531,2212.7334,1694.7374,0.0134,0.2105,210900.0,1.2694,0.1737,ロンシール工業,スタンダード（内国株式）,化学
4228,2026-10-05,617.0,0.0249,0.0082,0.0335,0.1511,0.0057,0.1298,599.3968,572.0789,True,0.0294,0.9237,668.0,326.7583,0.0253,1.24,61700.0,0.6664,0.2041,積水化成品工業,プライム（内国株式）,化学
4229,2026-10-05,4215.0,0.0157,0.0169,-0.0232,-0.0906,-0.051,-0.1119,4217.1784,4448.6595,False,-0.0005,0.6638,6350.0,3204.4234,0.0227,0.6884,421500.0,0.5797,0.1884,群栄化学工業,プライム（内国株式）,化学
4231,2026-10-05,993.0,-0.0119,-0.0274,-0.0525,-0.0369,-0.0803,-0.0582,1031.1076,1016.6092,True,-0.037,0.7861,1263.1328,840.1348,0.0196,0.1472,99300.0,0.6381,0.3539,タイガースポリマー,スタンダード（内国株式）,化学
4234,2026-10-05,1010.0,0.01,0.0141,-0.0049,0.4702,-0.0327,0.4488,1010.2707,845.3569,True,-0.0003,0.9335,1082.0,559.2708,0.022,0.2266,101000.0,0.6044,0.1975,サンエー化研,スタンダード（内国株式）,化学
4235,2026-10-05,680.0,0.0089,0.0119,0.0,0.0366,-0.0278,0.0153,678.6,683.2933,True,0.0021,0.8549,795.3889,640.0,0.0126,0.1294,68000.0,1.2071,0.35,ウルトラファブリックス・ホールディングス,スタンダード（内国株式）,化学
4237,2026-10-05,339.0,-0.0029,0.0059,-0.0583,-0.0287,-0.0861,-0.05,344.44,337.9333,True,-0.0158,0.647,523.9394,291.5152,0.0209,0.1088,33900.0,0.8469,0.2828,フジプレアム,スタンダード（内国株式）,化学
4238,2026-10-05,2059.0,0.05,0.0696,0.0981,0.1538,0.0703,0.1325,1908.44,1786.5085,True,0.0789,0.9937,2072.0,1052.4625,0.0434,1.8458,205900.0,0.944,0.2348,ミライアル,スタンダード（内国株式）,化学
423A,2026-10-05,310.0,-0.0159,-0.0343,-0.0432,0.0,-0.071,-0.0213,320.726,312.602,True,-0.0334,0.5961,520.0788,270.2849,0.0133,0.0817,31000.0,0.9447,0.3881,ライオン事務器,スタンダード（内国株式）,卸売業
4240,2026-10-05,306.0,0.0,0.0166,-0.0255,-0.0347,-0.0533,-0.056,311.88,315.2667,False,-0.0189,0.6205,493.1515,285.4569,0.0201,0.0146,30600.0,0.5777,0.293,クラスターテクノロジー,スタンダード（内国株式）,化学
4241,2026-10-05,708.0,-0.007,-0.0407,0.0842,0.1045,0.0564,0.0832,683.72,655.2267,True,0.0355,0.6061,1168.1196,404.1595,0.0314,0.1324,70800.0,1.8556,0.4547,アテクト,スタンダード（内国株式）,化学
4242,2026-10-05,1735.0,0.0,0.0029,-0.0181,-0.022,-0.0459,-0.0433,1767.6298,1791.5299,True,-0.0185,0.866,2003.4016,1327.3769,0.0102,0.0285,173500.0,0.6288,0.2362,タカギセイコー,スタンダード（内国株式）,化学
4243,2026-10-05,1041.0,-0.0048,-0.0271,-0.0179,0.1402,-0.0457,0.1189,1043.873,980.0243,True,-0.0028,0.906,1149.0,775.0,0.0284,0.0262,104100.0,0.6674,0.2812,ニックス,スタンダード（内国株式）,化学
4245,2026-10-05,716.0,-0.0042,-0.0083,0.0014,0.0468,-0.0264,0.0255,715.8,691.6674,True,0.0003,0.9421,760.0331,633.3609,0.0123,0.0798,71600.0,0.8907,0.3301,ダイキアクシス,スタンダード（内国株式）,化学
4246,2026-10-05,1060.0,0.0047,-0.0103,-0.0578,0.0352,-0.0856,0.0138,1090.2263,1055.4888,True,-0.0277,0.9114,1163.0,678.0105,0.019,2.4543,106000.0,0.9616,0.3179,ダイキョーニシカワ,プライム（内国株式）,化学
4247,2026-10-05,1402.0,-0.0154,0.0167,0.0115,0.0347,-0.0163,0.0134,1399.3188,1361.9729,True,0.0019,0.8787,1595.6263,1204.1531,0.0098,0.0052,140200.0,0.7645,0.415,ポバール興業,スタンダード（内国株式）,化学
4248,2026-10-05,881.0,0.0,-0.0045,-0.0034,0.015,-0.0312,-0.0063,881.4,874.6052,True,-0.0005,0.9844,895.0,795.1023,0.0058,0.0396,88100.0,0.7725,0.2917,竹本容器,スタンダード（内国株式）,化学
4249,2026-10-05,2747.0,-0.0047,-0.0319,-0.071,0.1347,-0.0988,0.1133,2872.7366,2661.8989,True,-0.0438,0.9096,3020.0,2202.2701,0.0217,0.6979,274700.0,0.9569,0.2612,森六,プライム（内国株式）,化学
4251,2026-10-05,1184.0,0.0094,-0.005,0.0189,-0.0191,-0.0089,-0.0404,1177.24,1208.12,False,0.0057,0.8409,1408.0,1069.3918,0.0127,1.0275,118400.0,0.8582,0.2455,恵和,プライム（内国株式）,化学
4255,2026-10-05,3315.0,-0.025,-0.0501,-0.0501,0.326,-0.0779,0.3047,3509.8,2969.04,True,-0.0555,0.8522,3890.0,930.0,0.0262,0.1951,331500.0,0.9001,0.4494,ＴＨＥＣＯＯ,グロース（内国株式）,情報・通信業
4256,2026-10-05,1200.0,-0.0107,0.0017,0.0667,0.2645,0.0389,0.2432,1141.76,1025.0667,True,0.051,0.76,1579.0,898.0,0.0223,0.0496,120000.0,0.7638,0.4144,サインド,グロース（内国株式）,情報・通信業
4258,2026-10-05,5880.0,0.0426,0.0849,0.3967,0.2025,0.3689,0.1811,5077.4,4484.5333,True,0.1581,0.9899,5940.0,2571.0,0.0536,4.1161,588000.0,1.1459,0.2222,網屋,グロース（内国株式）,情報・通信業
4259,2026-10-05,850.0,-0.0035,-0.0286,0.0429,-0.0928,0.0151,-0.1142,855.24,833.1733,False,-0.0061,0.5882,1445.0,533.0,0.0457,9.9454,85000.0,0.686,0.3191,エクサウィザーズ,グロース（内国株式）,情報・通信業
4260,2026-10-05,206.0,0.0249,0.0098,-0.0144,-0.1417,-0.0422,-0.163,208.64,220.0133,False,-0.0127,0.5393,382.0,194.0,0.0302,0.048,20600.0,0.9521,0.1126,ハイブリッドテクノロジーズ,グロース（内国株式）,情報・通信業
4261,2026-10-05,3045.0,0.0016,0.0291,0.0375,-0.0333,0.0097,-0.0547,2968.56,3106.7733,False,0.0257,0.6189,4920.0,2699.0,0.0144,0.0864,304500.0,0.6299,0.3083,アジアクエスト,グロース（内国株式）,情報・通信業
4262,2026-10-05,1380.0,-0.005,0.0073,-0.0108,0.0384,-0.0386,0.0171,1388.2528,1354.1243,True,-0.0059,0.9394,1469.0,1255.0,0.0114,0.046,138000.0,0.7481,0.5202,ニフティライフスタイル,グロース（内国株式）,情報・通信業
4263,2026-10-05,411.0,-0.0261,-0.0722,-0.068,-0.4976,-0.0958,-0.5189,428.24,613.5733,False,-0.0403,0.3339,1231.0,392.0,0.0388,0.6841,41100.0,1.2773,0.2825,サスメド,グロース（内国株式）,情報・通信業
4264,2026-10-05,1363.0,0.0037,-0.0201,-0.0613,-0.1341,-0.0891,-0.1554,1419.0,1506.24,False,-0.0395,0.6853,1989.0,1340.0,0.0237,0.2947,136300.0,1.5967,0.2571,セキュア,グロース（内国株式）,情報・通信業
4265,2026-10-05,247.0,0.0082,-0.1272,-0.1394,-0.2692,-0.1672,-0.2905,277.48,307.3333,True,-0.1098,0.411,601.0,208.0,0.0333,0.0934,24700.0,0.4323,0.487,Ｉｎｓｔｉｔｕｔｉｏｎ　ｆｏｒ　ａ　Ｇｌｏｂａｌ　Ｓｏｃｉｅｔｙ,グロース（内国株式）,情報・通信業
4270,2026-10-05,1884.0,0.0075,-0.0131,-0.0005,-0.0084,-0.0283,-0.0297,1893.84,1862.2933,False,-0.0052,0.7351,2562.8371,1735.0,0.013,0.0691,188400.0,0.866,0.2082,ＢｅｅＸ,グロース（内国株式）,情報・通信業
4272,2026-10-05,2108.5,0.012,0.0211,0.0161,0.043,-0.0117,0.0217,2077.6591,2043.9197,False,0.0148,0.9617,2192.5,1323.6393,0.0186,13.0759,210850.0,1.3624,0.2026,日本化薬,プライム（内国株式）,化学
4274,2026-10-05,1118.0,0.0201,-0.0062,0.0488,0.0118,0.021,-0.0096,1116.84,1084.72,True,0.001,0.5654,1977.1927,976.2327,0.0761,2.7627,111800.0,0.8304,0.1998,細谷火工,スタンダード（内国株式）,化学
4275,2026-10-05,1880.0,0.014,-0.0329,-0.0725,-0.2895,-0.1003,-0.3108,1987.32,2163.4533,False,-0.054,0.6171,3046.3693,1238.2334,0.0369,3.8083,188000.0,0.7586,0.3637,カーリット,プライム（内国株式）,化学
4284,2026-10-05,454.0,-0.0022,-0.0022,0.0044,0.0461,-0.0234,0.0248,452.24,439.7467,True,0.0039,0.8195,554.0,394.4472,0.0168,0.1021,45400.0,0.5862,0.2093,ソルクシーズ,スタンダード（内国株式）,情報・通信業
4286,2026-10-05,1305.0,-0.0038,-0.0232,0.0187,0.1387,-0.0091,0.1174,1308.44,1197.3333,True,-0.0026,0.9012,1448.0,901.1459,0.0339,0.2789,130500.0,0.8416,0.4223,ＣＬホールディングス,スタンダード（内国株式）,サービス業
4287,2026-10-05,493.0,0.0041,0.0165,0.0207,0.0694,-0.0071,0.0481,482.28,474.1067,True,0.0222,0.9536,517.0,402.617,0.0248,0.1558,49300.0,0.8224,0.2129,ジャストプランニング,スタンダード（内国株式）,情報・通信業
4288,2026-10-05,590.0,0.0155,0.347,0.2634,0.347,0.2356,0.3257,467.56,437.7067,True,0.2619,0.6027,979.0,338.0,0.0621,4.5878,59000.0,5.7273,0.7123,アズジェント,スタンダード（内国株式）,情報・通信業
428A,2026-10-05,1739.0,-0.0236,-0.0696,0.1426,0.3905,0.1148,0.3692,1636.48,1418.4839,True,0.0626,0.8927,1948.0,605.4715,0.0649,0.7488,173900.0,2.1021,0.3218,サイプレス・ホールディングス,スタンダード（内国株式）,小売業
4290,2026-10-05,667.0,-0.0015,-0.0319,-0.043,0.0152,-0.0708,-0.0061,694.1769,684.299,True,-0.0391,0.8905,749.0,595.5138,0.0186,4.9211,66700.0,1.4151,0.424,プレステージ・インターナショナル,プライム（内国株式）,サービス業
4293,2026-10-05,494.0,0.002,-0.0256,-0.0626,0.0207,-0.0904,-0.0007,511.6,499.4964,True,-0.0344,0.8659,570.4879,371.5033,0.0191,1.8586,49400.0,0.8557,0.2652,セプテーニ・ホールディングス,スタンダード（内国株式）,サービス業
4299,2026-10-05,1182.0,-0.0042,-0.0166,-0.0335,-0.0125,-0.0613,-0.0339,1212.4219,1201.5273,True,-0.0251,0.8725,1354.7126,1111.0,0.0163,0.0664,118200.0,1.0447,0.2569,ハイマックス,スタンダード（内国株式）,情報・通信業
429A,2026-10-05,3950.0,0.0207,0.0167,0.1127,-0.1319,0.0849,-0.1532,3791.6446,3981.1482,False,0.0418,0.7467,5290.0,2671.0,0.0322,21.2354,395000.0,0.5451,0.2983,テクセンドフォトマスク,プライム（内国株式）,その他製品
4301,2026-10-05,1822.0,-0.006,-0.0162,-0.038,-0.0324,-0.0658,-0.0537,1869.5986,1882.8262,True,-0.0255,0.8448,2156.626,1720.0,0.0154,0.3835,182200.0,0.8653,0.2571,アミューズ,プライム（内国株式）,サービス業
4307,2026-10-05,4973.0,-0.0201,0.0016,-0.0325,-0.0224,-0.0603,-0.0437,5072.7234,4933.9078,True,-0.0197,0.7756,6412.1068,3483.2909,0.0281,108.5145,497300.0,0.8232,0.2039,野村総合研究所,プライム（内国株式）,情報・通信業
4308,2026-10-05,356.0,-0.0028,-0.0028,-0.0056,-0.0056,-0.0334,-0.0269,356.84,354.88,True,-0.0024,0.8802,404.4444,322.5926,0.0084,0.0518,35600.0,0.5194,0.2333,Ｊストリーム,グロース（内国株式）,情報・通信業
4310,2026-10-05,2498.0,-0.002,-0.0469,-0.0083,-0.0477,-0.0361,-0.069,2521.64,2552.2267,False,-0.0094,0.8204,3045.0,2204.3053,0.0194,0.3832,249800.0,0.786,0.2874,ドリームインキュベータ,プライム（内国株式）,サービス業
4317,2026-10-05,598.0,0.005,0.051,0.0717,0.2254,0.0439,0.2041,570.4,526.7333,True,0.0484,0.8138,734.7938,445.0,0.0223,0.0571,59800.0,1.487,0.3294,レイ,スタンダード（内国株式）,サービス業
4318,2026-10-05,835.0,-0.0012,-0.0142,-0.0083,0.1178,-0.0361,0.0965,842.9714,795.9638,True,-0.0095,0.8904,937.8035,695.0,0.0185,0.8153,83500.0,0.861,0.33,クイック,プライム（内国株式）,サービス業
431A,2026-10-05,2515.0,-0.0401,-0.0678,-0.0195,0.2185,-0.0473,0.1972,2662.68,2210.9467,True,-0.0555,0.6797,3700.0,1651.0,0.0422,0.7561,251500.0,0.7644,0.2857,ユーソナー,グロース（内国株式）,情報・通信業
4320,2026-10-05,1629.0,0.0,0.0,-0.0115,-0.0468,-0.0393,-0.0681,1639.52,1694.76,False,-0.0064,0.8763,1859.0,719.6,0.0021,2.4622,162900.0,0.699,0.2979,ＣＥホールディングス,スタンダード（内国株式）,情報・通信業
4323,2026-10-05,1890.0,-0.0037,0.0016,0.0053,0.039,-0.0225,0.0177,1897.0019,1828.3473,True,-0.0037,0.7036,2686.2297,1487.0,0.0221,0.8917,189000.0,0.9193,0.2392,日本システム技術,プライム（内国株式）,情報・通信業
4324,2026-10-05,3535.0,-0.0059,-0.015,-0.0326,0.0696,-0.0604,0.0483,3613.0,3471.48,True,-0.0216,0.9125,3874.0,2642.0,0.02,32.2848,353500.0,0.7367,0.2588,電通グループ,プライム（内国株式）,サービス業
4326,2026-10-05,1861.0,-0.0332,-0.0737,-0.076,0.0628,-0.1038,0.0415,1987.24,1897.5618,True,-0.0635,0.8632,2156.0,1561.7666,0.0236,0.5109,186100.0,0.9164,0.3876,インテージホールディングス,プライム（内国株式）,情報・通信業
4331,2026-10-05,856.0,0.0,0.1444,0.1568,0.2892,0.129,0.2678,763.28,707.8929,True,0.1215,0.9727,880.0,632.1522,0.0243,1.0658,85600.0,2.0888,0.6735,テイクアンドギヴ・ニーズ,プライム（内国株式）,サービス業
4334,2026-10-05,379.0,0.0,-0.0026,-0.0549,0.0053,-0.0827,-0.016,387.56,381.5733,False,-0.0221,0.8372,452.683,354.1464,0.0177,0.0508,37900.0,0.6039,0.1043,ユークス,スタンダード（内国株式）,情報・通信業
4335,2026-10-05,1073.0,0.0028,-0.0129,-0.0174,-0.021,-0.0452,-0.0423,1086.8,1106.6794,False,-0.0127,0.8595,1248.3693,1070.0,0.0087,0.024,107300.0,1.2759,0.2351,ＩＰＳホールディングス,スタンダード（内国株式）,情報・通信業
4337,2026-10-05,2435.0,-0.0057,-0.0462,-0.0894,-0.0934,-0.1172,-0.1148,2623.68,2672.24,False,-0.0719,0.6792,3585.0,2323.0,0.0172,0.5722,243500.0,0.951,0.5891,ぴあ,プライム（内国株式）,サービス業
4341,2026-10-05,912.0,0.0022,0.0066,0.019,0.0317,-0.0088,0.0104,907.6761,888.5454,True,0.0048,0.9131,998.8489,732.8093,0.0108,0.0119,91200.0,0.591,0.3924,西菱電機,スタンダード（内国株式）,サービス業
4343,2026-10-05,2653.0,0.0038,-0.0328,-0.0433,0.0131,-0.0711,-0.0082,2759.0,2698.3837,True,-0.0384,0.7129,3721.4838,2265.9958,0.0212,1.69,265300.0,0.7718,0.2612,イオンファンタジー,プライム（内国株式）,サービス業
4344,2026-10-05,100.0,-0.0196,-0.0385,-0.0991,-0.0385,-0.1269,-0.0598,108.88,108.28,False,-0.0816,0.5263,190.0,99.0,0.0357,1.5093,10000.0,1.6606,0.308,ソースネクスト,プライム（内国株式）,情報・通信業
4345,2026-10-05,816.0,0.0,-0.0263,-0.0169,-0.0467,-0.0447,-0.068,834.6358,841.0786,True,-0.0223,0.7457,1094.2553,798.0,0.012,0.466,81600.0,0.7667,0.328,シーティーエス,プライム（内国株式）,サービス業
4346,2026-10-05,896.0,-0.0208,-0.0857,-0.1198,0.1144,-0.1476,0.0931,1002.7889,877.423,True,-0.1065,0.8,1120.0,660.0,0.0418,1.0693,89600.0,0.718,0.4382,ＮＥＸＹＺ．Ｇｒｏｕｐ,スタンダード（内国株式）,その他金融業
4347,2026-10-05,1882.0,-0.0069,-0.0069,0.1399,0.0675,0.1121,0.0462,1780.68,1733.1467,True,0.0569,0.7561,2489.0,1532.6043,0.0289,0.2755,188200.0,0.7984,0.1656,ブロードメディア,スタンダード（内国株式）,サービス業
4350,2026-10-05,522.0,0.0019,0.0058,0.0235,0.0875,-0.0043,0.0662,509.1637,490.9479,True,0.0252,0.9355,558.0,433.0,0.0302,0.5263,52200.0,0.7836,0.2793,メディカルシステムネットワーク,スタンダード（内国株式）,小売業
4351,2026-10-05,850.0,-0.0023,0.0,0.0107,-0.023,-0.0171,-0.0443,848.76,862.6533,False,0.0015,0.5667,1500.0,819.0,0.0106,0.0268,85000.0,0.8323,0.3667,山田再生系債権回収総合事務所,スタンダード（内国株式）,その他金融業
4356,2026-10-05,1658.0,0.0061,-0.0036,0.0134,0.0574,-0.0143,0.0361,1630.32,1626.1333,True,0.017,0.8046,2060.5386,1500.0,0.014,0.0104,165800.0,0.75,0.4178,応用技術,スタンダード（内国株式）,情報・通信業
4360,2026-10-05,1018.0,0.0,0.0404,0.0231,0.2491,-0.0047,0.2278,983.8621,875.7407,True,0.0347,0.8689,1171.5971,545.621,0.0275,0.0678,101800.0,0.6126,0.2195,マナック・ケミカル・パートナーズ,スタンダード（内国株式）,化学
4361,2026-10-05,1658.0,0.0067,0.0285,0.0408,0.115,0.013,0.0937,1603.68,1531.7733,True,0.0339,0.8681,1910.0,1400.0,0.0118,0.0482,165800.0,1.0582,0.3436,川口化学工業,スタンダード（内国株式）,化学
4362,2026-10-05,2645.0,0.015,0.0011,-0.0269,0.0224,-0.0547,0.0011,2671.7131,2623.2644,True,-0.01,0.8666,3052.2819,2326.0,0.0165,0.5906,264500.0,0.9568,0.2702,日本精化,プライム（内国株式）,化学
4365,2026-10-05,24500.0,0.0213,0.0426,-0.02,0.2189,-0.0478,0.1976,23973.2,21474.9333,True,0.022,0.9492,25810.0,19150.0,0.0105,0.0714,2450000.0,0.3084,0.5872,松本油脂製薬,スタンダード（内国株式）,化学
4366,2026-10-05,500.0,0.0163,0.0593,0.1933,0.0267,0.1655,0.0054,454.8,458.96,False,0.0994,0.8065,620.0,247.8499,0.038,0.4052,50000.0,0.8933,0.2842,ダイトーケミックス,スタンダード（内国株式）,化学
4368,2026-10-05,3420.0,0.0209,0.11,0.2059,-0.2065,0.1781,-0.2278,2997.6172,3615.6057,False,0.1409,0.6847,4995.0,1575.8977,0.03,21.0969,342000.0,0.8155,0.5677,扶桑化学工業,プライム（内国株式）,化学
4369,2026-10-05,3360.0,0.0435,0.1126,0.1126,-0.0233,0.0848,-0.0446,3057.24,3284.4267,False,0.099,0.7542,4455.0,2461.0,0.0334,15.5299,336000.0,0.9256,0.4266,トリケミカル研究所,プライム（内国株式）,化学
436A,2026-10-05,1403.0,0.0115,0.071,0.2372,0.3755,0.2094,0.3542,1252.76,1107.0667,True,0.1199,0.7236,1938.8501,920.0,0.0353,0.8911,140300.0,1.1316,0.3228,サイバーソリューションズ,グロース（内国株式）,情報・通信業
4370,2026-10-05,397.0,-0.0364,-0.0746,0.1215,0.2932,0.0937,0.2718,405.0,340.5867,True,-0.0198,0.6302,630.0,271.0,0.0824,0.8975,39700.0,0.7656,0.3087,モビルス,グロース（内国株式）,情報・通信業
4371,2026-10-05,1571.0,-0.0051,0.0834,0.1158,0.0797,0.088,0.0584,1476.68,1428.5467,True,0.0639,0.9734,1614.0,893.0,0.0231,0.1922,157100.0,0.5728,0.4731,コアコンセプト・テクノロジー,グロース（内国株式）,情報・通信業
4372,2026-10-05,1329.0,-0.0015,-0.0156,0.0263,0.0893,-0.0015,0.068,1323.56,1272.8,True,0.0041,0.81,1640.7799,1068.0,0.0079,0.0261,132900.0,0.4883,0.3905,ユミルリンク,グロース（内国株式）,情報・通信業
4373,2026-10-05,1130.0,-0.0182,-0.0062,-0.0568,0.1078,-0.0846,0.0865,1161.76,1093.56,True,-0.0273,0.8828,1280.0,741.2383,0.0332,19.4336,113000.0,1.4945,0.256,シンプレクス・ホールディングス,プライム（内国株式）,情報・通信業
4374,2026-10-05,1167.0,-0.0026,-0.0473,-0.5158,-0.5223,-0.5436,-0.5436,2069.18,2270.2733,False,-0.436,0.3375,3457.5888,1140.0,0.106,0.1265,116700.0,1.3353,1.1163,ＲＯＢＯＴ　ＰＡＹＭＥＮＴ,グロース（内国株式）,情報・通信業
4375,2026-10-05,643.0,-0.0046,-0.0108,-0.0183,-0.0432,-0.0461,-0.0645,668.6,656.2933,False,-0.0383,0.6595,975.0,590.0,0.0291,0.9581,64300.0,0.838,0.3313,セーフィー,グロース（内国株式）,情報・通信業
4376,2026-10-05,186.0,-0.0211,0.0276,0.1138,0.1772,0.086,0.1559,171.92,163.1467,True,0.0819,0.9588,194.0,148.0,0.0511,0.0906,18600.0,1.7579,0.2632,くふうカンパニーホールディングス,グロース（内国株式）,情報・通信業
4377,2026-10-05,2386.0,-0.0029,0.0218,-0.0213,0.1202,-0.0491,0.0989,2385.0,2198.5467,True,0.0004,0.8473,2815.8619,1667.0,0.0295,1.3713,238600.0,0.7336,0.2672,ワンキャリア,グロース（内国株式）,情報・通信業
4378,2026-10-05,464.0,-0.0022,-0.0085,-0.1278,-0.1162,-0.1556,-0.1375,499.56,510.16,False,-0.0712,0.2882,1610.0,435.0,0.0225,0.0785,46400.0,0.2298,0.2205,ＣＩＮＣ,グロース（内国株式）,情報・通信業
4379,2026-10-05,489.0,0.0124,-0.0259,0.1241,0.2134,0.0963,0.1921,462.64,426.3467,True,0.057,0.9089,538.0,325.0,0.0377,0.3479,48900.0,1.4993,0.331,Ｐｈｏｔｏｓｙｎｔｈ,グロース（内国株式）,情報・通信業
4380,2026-10-05,690.0,-0.0213,-0.0336,0.0117,0.2105,-0.0161,0.1892,694.4,635.0533,True,-0.0063,0.9465,729.0,512.5,0.0178,0.045,69000.0,0.4362,0.2116,Ｍマート,グロース（内国株式）,情報・通信業
4381,2026-10-05,213.0,-0.0139,0.0143,-0.2255,0.1639,-0.2533,0.1426,245.2,302.24,False,-0.1313,0.3142,678.0,170.0,0.0872,0.6794,21300.0,0.2852,0.1615,ビープラッツ,グロース（内国株式）,情報・通信業
4382,2026-10-05,893.0,0.0457,0.0432,0.1828,0.2386,0.155,0.2172,807.56,753.16,True,0.1058,0.711,1256.0,690.0,0.0422,1.4427,89300.0,1.9104,0.2996,ＨＥＲＯＺ,スタンダード（内国株式）,情報・通信業
4385,2026-10-05,3556.0,0.0028,-0.0287,-0.1633,-0.1991,-0.1911,-0.2204,3966.2,4265.5733,False,-0.1034,0.6958,5111.0,2069.0,0.0333,77.3545,355600.0,1.0581,0.2682,メルカリ,プライム（内国株式）,情報・通信業
4386,2026-10-05,887.0,-0.0144,-0.0045,-0.0067,0.0765,-0.0345,0.0551,890.1706,863.1235,True,-0.0036,0.8297,1069.0136,751.0657,0.0167,0.0399,88700.0,1.1382,0.194,ＳＩＧグループ,スタンダード（内国株式）,情報・通信業
4387,2026-10-05,549.0,-0.009,-0.0214,0.032,0.1438,0.0042,0.1224,542.24,502.0533,True,0.0125,0.7754,708.0,450.0,0.0461,0.0888,54900.0,1.9981,0.2729,ＺＵＵ,グロース（内国株式）,情報・通信業
4388,2026-10-05,351.0,-0.014,-0.0223,-0.0514,-0.0615,-0.0791,-0.0828,369.2,366.4667,False,-0.0493,0.6665,526.6533,350.0,0.021,0.0444,35100.0,1.0437,0.3534,エーアイ,スタンダード（内国株式）,情報・通信業
4389,2026-10-05,1050.0,-0.0437,-0.0187,-0.0047,-0.042,-0.0325,-0.0633,1075.68,1033.5333,True,-0.0239,0.8578,1224.0,714.24,0.0521,0.0815,105000.0,0.9372,0.3728,プロパティデータバンク,グロース（内国株式）,情報・通信業
438A,2026-10-05,1033.0,-0.0227,-0.0273,0.0487,0.2552,0.0209,0.2338,1019.16,898.96,True,0.0136,0.6094,1695.0,674.0,0.0332,0.8624,103300.0,0.7094,0.1575,インフキュリオン,グロース（内国株式）,情報・通信業
4390,2026-10-05,3965.0,0.0038,-0.0173,0.0,0.0687,-0.0278,0.0474,4076.7645,3763.1215,True,-0.0274,0.9178,4320.0,2762.9121,0.0288,2.0126,396500.0,0.7121,0.3407,ＩＰＳ,プライム（内国株式）,情報・通信業
4391,2026-10-05,1133.0,0.008,-0.0044,-0.0241,0.0253,-0.0519,0.004,1141.16,1127.7901,True,-0.0072,0.8797,1288.0,992.4589,0.0114,0.0285,113300.0,0.3941,0.1856,ロジザード,グロース（内国株式）,情報・通信業
4392,2026-10-05,916.0,0.0044,-0.0161,-0.1755,-0.1944,-0.2033,-0.2157,1006.6,1048.0667,False,-0.09,0.2979,3075.0,282.0,0.0412,12.6463,91600.0,0.2389,0.2837,ＦＩＧ,プライム（内国株式）,情報・通信業
4393,2026-10-05,6070.0,-0.0065,0.0066,0.1496,0.1673,0.1218,0.146,5823.2,5245.2,True,0.0424,0.6867,8840.0,4225.0,0.038,2.6613,607000.0,1.1103,0.3121,バンク・オブ・イノベーション,グロース（内国株式）,情報・通信業
4394,2026-10-05,728.0,-0.09,0.0069,0.1149,0.3736,0.0871,0.3523,684.92,568.3467,True,0.0629,0.8782,829.0,364.3961,0.056,0.658,72800.0,1.3328,0.4315,エクスモーション,グロース（内国株式）,情報・通信業
4395,2026-10-05,712.0,0.0042,0.1867,-0.0125,-0.0753,-0.0403,-0.0966,662.6,702.8305,False,0.0746,0.456,1561.522,545.0,0.0482,0.8385,71200.0,1.7095,0.5688,アクリート,グロース（内国株式）,情報・通信業
4396,2026-10-05,1319.0,-0.0008,-0.0244,-0.0632,0.235,-0.091,0.2137,1359.24,1200.5423,True,-0.0296,0.7805,1689.9198,920.3348,0.0245,0.9075,131900.0,0.6301,0.3307,システムサポートホールディングス,プライム（内国株式）,情報・通信業
4397,2026-10-05,365.0,-0.0054,-0.0617,-0.1054,-0.0943,-0.1332,-0.1156,398.52,391.3867,True,-0.0841,0.5489,665.0,350.0,0.029,0.147,36500.0,0.6087,0.3311,チームスピリット,グロース（内国株式）,情報・通信業
4398,2026-10-05,1522.0,0.0569,0.1409,0.1826,0.2235,0.1548,0.2022,1335.84,1279.1762,True,0.1394,0.9518,1599.0,1185.7721,0.04,0.1715,152200.0,3.0849,0.4864,ブロードバンドセキュリティ,スタンダード（内国株式）,情報・通信業
4401,2026-10-05,4733.0,0.0262,0.0513,0.022,0.1129,-0.0058,0.0915,4560.8014,4362.7738,True,0.0378,0.9421,5023.8118,3175.3167,0.0191,11.8271,473300.0,0.6879,0.2578,ＡＤＥＫＡ,プライム（内国株式）,化学
4403,2026-10-05,2538.5,0.0114,0.0118,-0.0563,-0.1068,-0.0841,-0.1281,2611.3801,2697.4334,False,-0.0279,0.7466,3400.0,2484.0,0.0174,24.2582,253850.0,1.1263,0.3849,日油,プライム（内国株式）,化学
4404,2026-10-05,2180.0,0.014,-0.0149,-0.0091,0.1708,-0.0369,0.1495,2207.52,2021.5733,True,-0.0125,0.8165,2670.0,1752.0,0.0151,0.3564,218000.0,0.7401,0.3341,ミヨシ油脂,スタンダード（内国株式）,食料品
4406,2026-10-05,232.0,0.0,-0.0373,-0.0902,0.1208,-0.118,0.0995,241.36,223.3067,True,-0.0388,0.7935,292.3719,188.0,0.0274,0.6704,23200.0,0.9761,0.2989,新日本理化,スタンダード（内国株式）,化学
4409,2026-10-05,855.0,-0.0295,0.0203,0.0962,0.1617,0.0684,0.1404,810.48,765.8133,True,0.0549,0.95,900.0,695.2139,0.0268,0.0734,85500.0,1.2322,0.5016,東邦化学工業,スタンダード（内国株式）,化学
4410,2026-10-05,1128.0,0.0053,0.0,0.0045,0.0763,-0.0233,0.055,1115.5578,1091.3459,True,0.0112,0.9338,1208.0,821.3924,0.0225,0.6811,112800.0,1.0542,0.1967,ハリマ化成グループ,プライム（内国株式）,化学
4412,2026-10-05,1535.0,0.0268,0.0925,0.1328,0.2261,0.105,0.2047,1377.12,1241.2574,True,0.1146,0.5786,2652.8433,1052.1446,0.0277,0.2584,153500.0,0.6764,0.6037,サイエンスアーツ,グロース（内国株式）,情報・通信業
4413,2026-10-05,2953.0,0.0,-0.0044,-0.0034,0.0034,-0.0312,-0.0179,2964.12,2884.12,True,-0.0038,0.8946,3301.048,1685.8746,0.0023,9.4692,295300.0,0.9498,0.5957,ボードルア,プライム（内国株式）,情報・通信業
4414,2026-10-05,1120.0,0.0,-0.0106,0.0419,-0.0549,0.0141,-0.0762,1114.6,1139.9067,True,0.0048,0.5603,1999.0,950.0,0.0283,0.114,112000.0,0.4706,0.2459,フレクト,グロース（内国株式）,情報・通信業
4415,2026-10-05,1461.0,0.0034,0.0399,0.0406,0.1744,0.0128,0.1531,1416.52,1350.7333,True,0.0314,0.9306,1570.0,958.0,0.0257,0.1591,146100.0,0.527,0.2853,ブロードエンタープライズ,グロース（内国株式）,情報・通信業
4416,2026-10-05,393.0,-0.0175,-0.0368,-0.0576,-0.1068,-0.0854,-0.1281,410.76,417.48,True,-0.0432,0.4436,886.0,364.0,0.0184,0.0196,39300.0,0.3491,0.3465,Ｔｒｕｅ　Ｄａｔａ,グロース（内国株式）,情報・通信業
4417,2026-10-05,5930.0,0.0533,0.091,0.3192,0.3477,0.2914,0.3264,5020.0288,4432.2763,True,0.1813,0.9883,6000.0,2183.1112,0.0537,4.056,593000.0,1.0814,0.224,グローバルセキュリティエキスパート,グロース（内国株式）,情報・通信業
4418,2026-10-05,1120.0,-0.0044,0.0145,0.0228,0.4717,-0.005,0.4504,1105.0,901.0667,True,0.0136,0.5755,1946.0,596.0,0.0453,2.1306,112000.0,0.5941,0.2701,ＪＤＳＣ,グロース（内国株式）,情報・通信業
4419,2026-10-05,1438.0,-0.0035,0.0589,0.0796,-0.0297,0.0518,-0.051,1385.44,1440.1467,True,0.0379,0.8227,1748.0,754.0,0.0406,5.6379,143800.0,0.8736,0.3393,Ｆｉｎａｔｅｘｔホールディングス,グロース（内国株式）,情報・通信業
441A,2026-10-05,267.0,0.0349,-0.0148,0.0637,0.068,0.0359,0.0467,269.04,256.4933,True,-0.0076,0.635,420.5,206.0,0.0468,0.1411,26700.0,1.3288,0.176,ＮＥ,グロース（内国株式）,情報・通信業
4420,2026-10-05,818.0,0.0,-0.0012,-0.0133,0.0212,-0.0411,-0.0001,824.2,788.1759,True,-0.0075,0.8099,1010.0,460.5984,0.0038,2.9484,81800.0,0.9591,0.2545,イーソル,スタンダード（内国株式）,情報・通信業
4421,2026-10-05,897.0,0.0,-0.0261,-0.0498,-0.0714,-0.0776,-0.0927,934.52,933.4667,True,-0.0401,0.8125,1104.0,881.0,0.0085,0.0379,89700.0,1.7432,0.7859,ディ・アイ・システム,スタンダード（内国株式）,情報・通信業
4422,2026-10-05,499.0,0.004,0.0122,-0.1246,-0.1628,-0.1524,-0.1841,537.84,553.3733,False,-0.0722,0.3061,1630.0,155.3333,0.0451,0.4315,49900.0,0.3083,0.1244,ＶＡＬＵＥＮＥＸ,グロース（内国株式）,情報・通信業
4424,2026-10-05,304.0,-0.0033,-0.0194,-0.1239,-0.1364,-0.1517,-0.1577,327.24,316.64,True,-0.071,0.4312,705.0,196.0,0.0538,0.1704,30400.0,0.0694,0.2934,Ａｍａｚｉａ,グロース（内国株式）,情報・通信業
4425,2026-10-05,1466.0,0.0173,0.0245,0.0346,-0.2785,0.0068,-0.2999,1471.96,1671.3067,False,-0.004,0.4669,3140.0,930.0,0.0337,2.688,146600.0,0.5224,0.2938,Ｋｕｄａｎ,グロース（内国株式）,情報・通信業
4427,2026-10-05,224.0,0.0,0.0275,0.009,0.2308,-0.0188,0.2095,227.16,207.48,False,-0.0139,0.5926,378.0,165.0,0.0823,0.2096,22400.0,2.9536,0.4721,ＥｄｕＬａｂ,グロース（内国株式）,情報・通信業
4428,2026-10-05,698.0,0.0072,0.0029,-0.0014,0.0923,-0.0292,0.071,706.04,688.6732,True,-0.0114,0.7279,958.9642,603.1792,0.0155,0.0096,69800.0,0.306,0.2596,シノプス,グロース（内国株式）,情報・通信業
4429,2026-10-05,721.0,0.0042,-0.0137,0.0014,0.0155,-0.0264,-0.0058,728.16,715.6133,False,-0.0098,0.5862,1230.0,685.0,0.0181,0.0178,72100.0,1.0014,0.2448,リックソフト,グロース（内国株式）,情報・通信業
442A,2026-10-05,826.0,0.0061,0.0198,-0.1589,-0.1789,-0.1867,-0.2002,891.72,959.8,False,-0.0737,0.204,4050.0,730.0,0.0439,0.0553,82600.0,1.6286,0.2756,クラシコ,グロース（内国株式）,繊維製品
4430,2026-10-05,1731.0,0.0117,-0.0052,-0.0259,0.039,-0.0537,0.0177,1749.44,1684.3733,True,-0.0105,0.8836,1959.0085,1522.7102,0.0145,0.2292,173100.0,0.7404,0.2632,東海ソフト,スタンダード（内国株式）,情報・通信業
4431,2026-10-05,3560.0,0.0564,0.0659,0.0171,0.173,-0.0107,0.1517,3438.0,3147.8933,True,0.0355,0.9307,3825.0,1947.9974,0.0442,2.9865,356000.0,0.7045,0.2,スマレジ,グロース（内国株式）,情報・通信業
4432,2026-10-05,3335.0,-0.0045,0.0106,0.0076,0.336,-0.0202,0.3146,3311.64,2948.3107,True,0.0071,0.9078,3673.6518,2180.4914,0.0203,3.3788,333500.0,0.428,0.1916,ウイングアーク１ｓｔ,プライム（内国株式）,情報・通信業
4433,2026-10-05,833.0,-0.0072,-0.0223,-0.0381,-0.0381,-0.0659,-0.0595,857.5,860.2287,True,-0.0286,0.7712,1080.1431,795.5785,0.0117,0.3005,83300.0,0.7049,0.4292,ヒト・コミュニケーションズ・ホールディングス,プライム（内国株式）,サービス業
4434,2026-10-05,2383.0,-0.0054,-0.0193,-0.041,0.2346,-0.0688,0.2133,2447.44,2234.1367,True,-0.0263,0.8885,2682.0,1710.8755,0.0257,0.7484,238300.0,0.5492,0.2673,サーバーワークス,スタンダード（内国株式）,情報・通信業
4436,2026-10-05,634.0,-0.0231,-0.0865,0.5314,0.4183,0.5036,0.397,511.76,463.36,True,0.2389,0.7512,844.0,402.0,0.0821,2.0498,63400.0,4.5395,0.8219,ミンカブ・ジ・インフォノイド,グロース（内国株式）,情報・通信業
4437,2026-10-05,735.0,0.0194,0.0237,-0.0068,-0.0858,-0.0346,-0.1071,738.0,783.5467,False,-0.0041,0.551,1334.0,581.6571,0.023,0.0313,73500.0,1.0246,0.2599,ｇｏｏｄｄａｙｓホールディングス,グロース（内国株式）,情報・通信業
4438,2026-10-05,284.0,-0.0173,0.0071,0.0965,0.1225,0.0687,0.1012,272.8,258.4267,True,0.0411,0.509,558.0,231.0,0.1011,0.6584,28400.0,5.2346,0.4945,Ｗｅｌｂｙ,グロース（内国株式）,情報・通信業
4439,2026-10-05,841.0,0.0048,0.0048,0.0499,0.1009,0.0221,0.0796,802.76,776.495,True,0.0476,0.7296,1152.6214,671.7717,0.0173,0.0431,84100.0,0.64,0.5147,東名,スタンダード（内国株式）,情報・通信業
4440,2026-10-05,2500.0,0.0221,-0.0196,0.3602,1.1936,0.3324,1.1723,2137.56,1464.051,True,0.1696,0.8143,3070.0,984.0523,0.1324,50.4978,250000.0,0.8007,0.2993,ヴィッツ,スタンダード（内国株式）,情報・通信業
4441,2026-10-05,1508.0,0.0308,-0.0144,0.0114,0.0635,-0.0164,0.0422,1498.56,1492.1067,True,0.0063,0.8897,1695.0,905.0,0.0363,0.2645,150800.0,0.5405,0.1663,トビラシステムズ,スタンダード（内国株式）,情報・通信業
4442,2026-10-05,407.0,-0.0097,0.0,-0.0193,0.015,-0.0471,-0.0064,406.16,400.3733,True,0.0021,0.8379,485.7112,366.0,0.0125,0.1941,40700.0,2.1352,0.3549,バルテス・ホールディングス,グロース（内国株式）,情報・通信業
4443,2026-10-05,2092.0,0.0111,0.019,-0.009,0.2177,-0.0368,0.1964,2099.68,1903.1333,True,-0.0037,0.8883,2355.0,992.4182,0.0343,26.0436,209200.0,0.9414,0.2408,Ｓａｎｓａｎ,プライム（内国株式）,情報・通信業
4444,2026-10-05,930.0,-0.0053,-0.0653,-0.0231,0.0449,-0.0509,0.0236,952.64,918.5333,True,-0.0238,0.8101,1148.0,779.0,0.0229,0.0231,93000.0,1.2535,0.357,インフォネット,グロース（内国株式）,情報・通信業
4445,2026-10-05,1759.0,-0.0179,-0.1156,-0.0752,0.1482,-0.103,0.1269,1903.08,1759.84,True,-0.0757,0.8839,1990.0,1435.0,0.0363,0.09,175900.0,2.6912,0.4907,リビン・テクノロジーズ,グロース（内国株式）,情報・通信業
4446,2026-10-05,721.0,-0.0041,0.0014,-0.1396,-0.2247,-0.1674,-0.246,800.2,806.0533,True,-0.099,0.3975,1814.0,384.0,0.083,2.2008,72100.0,2.5096,0.2372,Ｌｉｎｋ－Ｕグループ,スタンダード（内国株式）,情報・通信業
4447,2026-10-05,475.0,-0.0084,-0.0135,-0.0594,0.0394,-0.0872,0.0181,494.6438,471.7746,True,-0.0397,0.8184,580.3667,420.0,0.0161,0.0856,47500.0,2.0058,0.3782,ピー・ビーシステムズ,グロース（内国株式）,情報・通信業
4448,2026-10-05,353.0,-0.0249,-0.0381,0.0382,0.23,0.0104,0.2086,357.2,318.3733,True,-0.0118,0.7758,455.0,247.0,0.0336,0.2704,35300.0,0.6073,0.194,ｋｕｂｅｌｌ,グロース（内国株式）,情報・通信業
4450,2026-10-05,2402.0,-0.0017,0.0029,0.023,0.1717,-0.0048,0.1504,2350.36,2176.304,True,0.022,0.9251,2596.4976,1889.1353,0.0117,0.0873,240200.0,2.1618,0.4107,パワーソリューションズ,グロース（内国株式）,情報・通信業
4452,2026-10-05,3470.0,0.009,-0.0077,-0.0315,0.043,-0.0593,0.0217,3498.0,3378.1384,True,-0.008,0.9175,3782.0,2845.6722,0.0161,93.3865,347000.0,0.9193,0.2196,花王,プライム（内国株式）,化学
4461,2026-10-05,16220.0,0.0923,0.1557,0.2642,0.4092,0.2364,0.3879,13460.2766,12673.4255,True,0.205,0.9988,16240.0,5585.4695,0.0425,21.6804,1622000.0,0.7802,0.5717,第一工業製薬,プライム（内国株式）,化学
4462,2026-10-05,3100.0,0.0508,0.0923,0.066,-0.0663,0.0382,-0.0876,2884.2423,3076.3608,True,0.0748,0.8,3875.0,1848.2051,0.0354,1.4652,310000.0,1.8187,0.3772,石原ケミカル,プライム（内国株式）,化学
4463,2026-10-05,1988.0,0.0096,-0.004,-0.0144,0.1315,-0.0422,0.1102,1991.0,1883.6399,True,-0.0015,0.9277,2143.0,1353.1909,0.019,0.3317,198800.0,0.7523,0.1509,日華化学,スタンダード（内国株式）,化学
4464,2026-10-05,4050.0,0.0,0.006,0.1506,0.1234,0.1228,0.1021,3778.1217,3647.5739,True,0.072,0.9787,4138.1473,2826.6578,0.0127,0.1838,405000.0,1.1978,0.0851,ソフト９９コーポレーション,スタンダード（内国株式）,化学
4465,2026-10-05,2491.0,0.0077,0.0085,0.0392,0.1395,0.0114,0.1182,2422.6,2302.0267,True,0.0282,0.9529,2613.9904,2042.0,0.0258,0.2303,249100.0,1.7222,0.2676,ニイタカ,スタンダード（内国株式）,化学
446A,2026-10-05,2489.0,-0.0323,0.0673,0.1417,0.7958,0.1139,0.7745,2206.24,1745.12,True,0.1282,0.961,2590.0,976.0,0.0569,18.93,248900.0,1.2476,0.3562,ノースサンド,グロース（内国株式）,サービス業
4471,2026-10-05,1664.0,0.0054,0.0965,-0.74,-0.6638,-0.7678,-0.6852,4735.9262,5135.3754,False,-0.6486,0.2469,6740.0,1475.282,0.2732,6.7971,166400.0,2.3893,1.0966,三洋化成工業,プライム（内国株式）,化学
4475,2026-10-05,1671.0,-0.0506,-0.0549,0.0328,0.3336,0.005,0.3123,1702.2791,1427.893,True,-0.0184,0.9146,1827.0,877.2034,0.0428,10.949,167100.0,1.1609,0.2516,ＨＥＮＮＧＥ,グロース（内国株式）,情報・通信業
4476,2026-10-05,1074.0,-0.012,-0.0028,-0.0411,0.1072,-0.0689,0.0859,1101.32,1052.64,True,-0.0248,0.5731,1874.0,920.0,0.0174,0.1171,107400.0,0.4947,0.2191,ＡＩ　ＣＲＯＳＳ,グロース（内国株式）,情報・通信業
4477,2026-10-05,404.0,0.0919,0.2024,0.171,0.4028,0.1432,0.3815,343.36,308.3333,True,0.1766,0.9712,416.0,252.0,0.0242,5.8627,40400.0,1.9152,0.838,ＢＡＳＥ,グロース（内国株式）,情報・通信業
4478,2026-10-05,3455.0,-0.0014,-0.0456,-0.1286,0.5261,-0.1564,0.5047,3852.4,2986.7867,True,-0.1032,0.7535,4585.0,1831.0,0.0412,17.6627,345500.0,0.7077,0.4105,フリー,グロース（内国株式）,情報・通信業
4479,2026-10-05,975.0,0.0231,-0.0122,0.0439,0.0785,0.0161,0.0572,963.8,910.1067,True,0.0116,0.7386,1320.0,675.0,0.0279,0.4856,97500.0,0.356,0.2866,マクアケ,グロース（内国株式）,情報・通信業
4480,2026-10-05,2292.0,-0.0065,-0.0321,-0.1151,0.1191,-0.1429,0.0978,2446.72,2273.4267,True,-0.0632,0.7539,3040.0,1715.0,0.0297,5.9243,229200.0,0.8296,0.2145,メドレー,プライム（内国株式）,情報・通信業
4481,2026-10-05,3155.0,-0.0063,-0.0125,-0.0511,0.043,-0.0789,0.0217,3262.6,3138.8951,True,-0.033,0.9001,3505.1095,2742.0062,0.0136,1.923,315500.0,0.7459,0.3033,ベース,プライム（内国株式）,情報・通信業
4482,2026-10-05,746.0,-0.008,0.0,0.0122,0.0434,-0.0156,0.022,742.68,726.3357,True,0.0045,0.9136,816.5169,671.8216,0.0085,0.0525,74600.0,0.8524,0.2674,ウィルズ,グロース（内国株式）,情報・通信業
4483,2026-10-05,3630.0,0.0014,0.0126,0.0788,0.1635,0.051,0.1421,3552.0,3283.9733,True,0.022,0.7373,4923.0409,2369.0,0.0291,9.8707,363000.0,0.7093,0.2128,ＪＭＤＣ,プライム（内国株式）,情報・通信業
4484,2026-10-05,287.0,0.0035,-0.0465,-0.0433,0.0399,-0.0711,0.0185,294.72,285.4533,True,-0.0262,0.8862,323.8623,251.0,0.0147,0.0384,28700.0,1.2597,0.522,ランサーズ,グロース（内国株式）,情報・通信業
4486,2026-10-05,672.0,-0.0044,-0.0261,-0.0261,0.0633,-0.0539,0.042,683.0,661.9733,False,-0.0161,0.8713,771.2467,617.0,0.0137,0.038,67200.0,0.6604,0.2388,ユナイトアンドグロウ,グロース（内国株式）,情報・通信業
4487,2026-10-05,218.0,-0.0091,-0.0354,-0.048,-0.0091,-0.0758,-0.0304,227.68,224.24,False,-0.0425,0.5782,377.0,205.0,0.0374,0.0135,21800.0,1.5539,0.3684,スペースマーケット,グロース（内国株式）,情報・通信業
4488,2026-10-05,2116.0,0.0144,0.0139,-0.0503,-0.0019,-0.0781,-0.0232,2157.6,2127.1333,False,-0.0193,0.6279,3370.0,1903.0,0.0244,0.1158,211600.0,0.5925,0.2398,ＡＩ　ｉｎｓｉｄｅ,グロース（内国株式）,情報・通信業
4490,2026-10-05,660.0,-0.0179,-0.0222,-0.028,0.0909,-0.0558,0.0696,661.48,643.2,True,-0.0022,0.8168,808.0,445.0,0.0229,0.0605,66000.0,0.4992,0.2311,ビザスク,グロース（内国株式）,情報・通信業
4491,2026-10-05,3000.0,-0.0066,-0.1111,-0.084,-0.0536,-0.1118,-0.0749,3251.6,3167.44,True,-0.0774,0.7951,3773.0,2425.5,0.0202,0.1447,300000.0,2.113,0.6176,コンピューターマネージメント,スタンダード（内国株式）,情報・通信業
4492,2026-10-05,385.0,-0.0103,-0.0077,-0.0128,-0.0898,-0.0406,-0.1112,393.3631,396.7077,True,-0.0213,0.7802,493.4857,345.0,0.0248,0.0931,38500.0,0.5078,0.2189,ゼネテック,スタンダード（内国株式）,情報・通信業
4493,2026-10-05,2118.0,0.0735,0.1147,0.1767,0.0806,0.1489,0.0593,1896.04,1850.8,True,0.1171,0.986,2148.0,1448.0,0.047,4.5117,211800.0,1.7583,0.2599,サイバーセキュリティクラウド,グロース（内国株式）,情報・通信業
4495,2026-10-05,2037.0,-0.0083,-0.0202,0.0155,0.0922,-0.0123,0.0709,2048.72,1935.7729,True,-0.0057,0.6954,2929.3356,1709.0,0.019,0.1615,203700.0,1.1135,0.2604,アイキューブドシステムズ,グロース（内国株式）,情報・通信業
4496,2026-10-05,738.0,0.0,-0.012,-0.0526,-0.0821,-0.0804,-0.1034,765.9222,784.9074,True,-0.0365,0.8632,855.0,675.0,0.0234,0.0281,73800.0,0.4409,0.2724,コマースＯｎｅホールディングス,グロース（内国株式）,情報・通信業
4498,2026-10-05,1157.0,0.0386,0.0096,-0.094,-0.0586,-0.1218,-0.0799,1210.76,1205.8533,True,-0.0444,0.742,1559.2105,1030.0,0.0406,0.7668,115700.0,0.6314,0.2195,サイバートラスト,グロース（内国株式）,情報・通信業
4499,2026-10-05,2372.0,0.0167,0.0704,0.0273,0.0811,-0.0005,0.0598,2332.84,2315.2,False,0.0168,0.6428,3690.0,1983.0,0.0371,2.0076,237200.0,0.6414,0.2839,Ｓｐｅｅｅ,スタンダード（内国株式）,情報・通信業
4502,2026-10-05,5639.0,-0.0007,-0.0324,-0.0318,0.0221,-0.0596,0.0008,5781.3641,5545.0014,True,-0.0246,0.9347,6033.0,4031.7603,0.0198,251.8723,563900.0,1.1711,0.3634,武田薬品工業,プライム（内国株式）,医薬品
4503,2026-10-05,2235.0,-0.0045,-0.0341,-0.0647,0.0122,-0.0925,-0.0091,2322.526,2254.962,True,-0.0377,0.8226,2717.0,1534.2226,0.0224,131.3473,223500.0,1.0043,0.3279,アステラス製薬,プライム（内国株式）,医薬品
4506,2026-10-05,1579.0,-0.0214,-0.0025,-0.0334,0.0167,-0.0612,-0.0046,1581.22,1451.5867,True,-0.0014,0.4802,3288.0,1188.0,0.0332,54.5727,157900.0,0.7729,0.2165,住友ファーマ,プライム（内国株式）,医薬品
4507,2026-10-05,2661.0,-0.0449,-0.076,-0.1076,-0.0896,-0.1354,-0.111,2886.5898,2862.6499,False,-0.0782,0.7081,3758.0,2366.6352,0.0257,87.5063,266100.0,1.2237,0.4943,塩野義製薬,プライム（内国株式）,医薬品
4512,2026-10-05,301.0,0.0344,0.0135,-0.0259,0.0866,-0.0537,0.0653,300.16,281.68,True,0.0028,0.7999,376.2953,240.0,0.0206,0.0994,30100.0,0.8073,0.2092,わかもと製薬,スタンダード（内国株式）,医薬品
4516,2026-10-05,3355.0,-0.0068,-0.0281,-0.0406,-0.1927,-0.0684,-0.2141,3450.4092,3712.5897,False,-0.0277,0.5199,6453.5764,3150.1834,0.0169,14.758,335500.0,1.2241,0.3089,日本新薬,プライム（内国株式）,医薬品
4519,2026-10-05,6089.0,0.0094,-0.0429,-0.1088,-0.1925,-0.1366,-0.2139,6551.16,6983.8245,False,-0.0705,0.5742,10605.004,5974.0,0.0281,215.6368,608900.0,1.491,0.4854,中外製薬,プライム（内国株式）,医薬品
4521,2026-10-05,3755.0,-0.0053,-0.017,-0.0518,-0.0247,-0.0796,-0.046,3897.9029,3885.5676,False,-0.0367,0.8641,4345.7582,3460.9636,0.0148,4.2281,375500.0,0.9641,0.4496,科研製薬,プライム（内国株式）,医薬品
4523,2026-10-05,4659.0,-0.0087,-0.0376,-0.0154,0.0735,-0.0432,0.0522,4767.2702,4569.8634,True,-0.0227,0.8903,5233.0,3660.0,0.0216,57.6524,465900.0,0.9246,0.3286,エーザイ,プライム（内国株式）,医薬品
4524,2026-10-05,2223.0,-0.0031,-0.0185,-0.0094,0.0249,-0.0372,0.0036,2242.24,2209.0133,True,-0.0086,0.9568,2323.3549,2041.4414,0.005,0.0288,222300.0,1.431,0.4815,森下仁丹,スタンダード（内国株式）,医薬品
4526,2026-10-05,3085.0,0.0033,-0.0551,-0.0805,-0.0096,-0.1083,-0.0309,3283.9867,3198.4889,True,-0.0606,0.889,3470.0,2662.0,0.0185,3.7563,308500.0,1.8152,0.6049,理研ビタミン,プライム（内国株式）,食料品
4527,2026-10-05,2726.0,-0.0222,-0.0207,-0.103,0.1328,-0.1308,0.1114,2878.6853,2638.1751,True,-0.053,0.8732,3122.0,2195.5057,0.0247,31.3254,272600.0,1.0245,0.2379,ロート製薬,プライム（内国株式）,医薬品
4528,2026-10-05,2278.5,-0.005,-0.0384,-0.0775,-0.0694,-0.1053,-0.0907,2385.4997,2392.9599,True,-0.0449,0.8655,2632.5308,1609.4782,0.0193,34.8133,227850.0,1.084,0.339,小野薬品工業,プライム（内国株式）,医薬品
4531,2026-10-05,365.0,-0.0082,-0.0027,0.0027,-0.0082,-0.0251,-0.0295,360.96,358.32,True,0.0112,0.5848,624.1975,267.2346,0.0178,0.1069,36500.0,0.4279,0.2615,有機合成薬品工業,スタンダード（内国株式）,化学
4534,2026-10-05,3090.0,0.0,-0.0396,-0.0579,-0.0252,-0.0857,-0.0466,3228.2687,3193.6229,False,-0.0428,0.7879,3922.019,2897.2494,0.0181,1.3688,309000.0,0.8988,0.4836,持田製薬,プライム（内国株式）,医薬品
4536,2026-10-05,1660.0,0.0088,-0.0172,-0.1111,-0.2576,-0.1389,-0.2789,1760.6883,1921.9828,False,-0.0572,0.7365,2254.0,1442.4981,0.025,24.3243,166000.0,1.3641,0.3463,参天製薬,プライム（内国株式）,医薬品
4538,2026-10-05,2150.0,-0.0069,-0.0328,-0.0595,0.0023,-0.0873,-0.019,2235.8357,2194.6786,True,-0.0384,0.8659,2483.0322,1990.0,0.0185,0.3461,215000.0,1.298,0.3645,扶桑薬品工業,プライム（内国株式）,医薬品
4539,2026-10-05,1562.0,-0.0013,-0.0201,-0.0238,0.0032,-0.0515,-0.0181,1567.24,1583.6133,False,-0.0033,0.8649,1806.0,1460.4311,0.014,0.0383,156200.0,1.1111,0.2599,日本ケミファ,スタンダード（内国株式）,医薬品
4540,2026-10-05,3707.0,0.0011,-0.0188,-0.0193,-0.0229,-0.0471,-0.0442,3763.0025,3779.6675,False,-0.0149,0.8595,4313.1893,3373.7506,0.0156,22.2908,370700.0,1.275,0.3363,ツムラ,プライム（内国株式）,医薬品
4543,2026-10-05,2283.5,0.0178,0.0053,-0.0751,-0.0044,-0.1029,-0.0257,2340.6025,2334.5275,False,-0.0244,0.8492,2689.0,1886.6291,0.0238,116.0358,228350.0,1.1901,0.2738,テルモ,プライム（内国株式）,精密機器
4544,2026-10-05,3469.0,0.007,-0.0111,0.0137,0.0096,-0.0141,-0.0117,3515.5082,3443.0761,True,-0.0132,0.8641,4014.5518,2888.0645,0.0213,7.1189,346900.0,0.906,0.3241,Ｈ．Ｕ．グループホールディングス,プライム（内国株式）,サービス業
4547,2026-10-05,3675.0,-0.0068,-0.0291,-0.0959,-0.108,-0.1237,-0.1293,3955.1625,4049.9875,True,-0.0708,0.7439,4940.0,3500.0,0.0223,2.9031,367500.0,1.3891,0.4881,キッセイ薬品工業,プライム（内国株式）,医薬品
4548,2026-10-05,574.0,0.0053,-0.0433,-0.187,-0.2039,-0.2148,-0.2252,664.823,702.5677,False,-0.1366,0.7,820.0,566.0,0.035,3.4622,57400.0,2.8391,0.6131,生化学工業,プライム（内国株式）,医薬品
4549,2026-10-05,2256.0,0.0036,-0.0288,-0.0313,-0.1363,-0.0591,-0.1576,2298.483,2402.8143,False,-0.0185,0.6446,3500.0,2021.0,0.0228,3.0801,225600.0,0.6473,0.2981,栄研化学,プライム（内国株式）,医薬品
4552,2026-10-05,503.0,0.0393,0.004,-0.0382,0.0983,-0.066,0.0769,515.3647,499.6682,True,-0.024,0.6208,810.2895,444.0,0.0371,3.0342,50300.0,1.3055,0.4019,ＪＣＲファーマ,プライム（内国株式）,医薬品
4553,2026-10-05,3500.0,0.0014,-0.0398,-0.0385,-0.1627,-0.0663,-0.184,3642.7826,3841.0609,False,-0.0392,0.7795,4490.0,2737.7389,0.0283,3.8881,350000.0,0.8993,0.3429,東和薬品,プライム（内国株式）,医薬品
4554,2026-10-05,1727.0,0.0041,-0.0254,-0.0204,-0.1335,-0.0482,-0.1548,1780.1207,1893.1736,False,-0.0298,0.6751,2558.0,1464.5423,0.0231,1.6522,172700.0,0.876,0.3686,富士製薬工業,プライム（内国株式）,医薬品
4558,2026-10-05,199.0,0.0,0.0076,-0.0149,0.0,-0.0426,-0.0213,200.18,199.6067,True,-0.0059,0.9242,215.3284,196.5125,0.0065,0.0173,19900.0,0.5878,0.3495,中京医薬品,スタンダード（内国株式）,医薬品
4559,2026-10-05,1903.0,0.0026,-0.0432,-0.0537,-0.0829,-0.0815,-0.1042,1991.1901,2047.4234,False,-0.0443,0.7818,2434.0,1856.9932,0.0133,3.5019,190300.0,1.5288,0.5412,ゼリア新薬工業,プライム（内国株式）,医薬品
4563,2026-10-05,36.0,0.0286,0.0,-0.0769,-0.2653,-0.1047,-0.2866,37.28,43.7867,False,-0.0343,0.3871,93.0,34.0,0.0437,0.5989,3600.0,0.864,0.1909,アンジェス,グロース（内国株式）,医薬品
4564,2026-10-05,20.0,-0.0476,0.0,-0.0476,0.0,-0.0754,-0.0213,21.6,20.44,True,-0.0741,0.5882,34.0,18.0,0.0571,35.4693,2000.0,0.8956,0.2625,オンコセラピー・サイエンス,グロース（内国株式）,医薬品
4565,2026-10-05,1234.0,0.0115,0.0073,0.073,0.2695,0.0452,0.2482,1205.52,1045.4533,True,0.0236,0.9356,1319.0,723.0,0.0416,14.1097,123400.0,0.9974,0.2574,ネクセラファーマ,プライム（内国株式）,医薬品
4568,2026-10-05,2716.0,0.0026,-0.023,-0.0579,-0.0152,-0.0857,-0.0365,2814.7747,2739.8516,True,-0.0351,0.6588,4122.3887,2390.0,0.0284,170.8619,271600.0,1.1305,0.3431,第一三共,プライム（内国株式）,医薬品
4569,2026-10-05,1055.0,-0.0094,-0.0614,-0.1082,-0.1186,-0.136,-0.1399,1126.4004,1141.0535,False,-0.0634,0.6119,1724.0,1050.0,0.0201,2.2218,105500.0,0.9101,0.4674,杏林製薬,プライム（内国株式）,医薬品
456A,2026-10-05,2097.0,-0.0336,0.0661,0.3943,0.2928,0.3665,0.2715,1666.2,1544.88,True,0.2586,0.942,2226.0,762.5,0.0588,17.4744,209700.0,2.0375,0.56,ＨＵＭＡＮ　ＭＡＤＥ,グロース（内国株式）,小売業
4570,2026-10-05,1156.0,0.0096,-0.0094,0.1223,0.1583,0.0945,0.137,1135.48,1034.6533,True,0.0181,0.3039,3803.687,462.0185,0.0439,1.7734,115600.0,1.0342,0.209,免疫生物研究所,グロース（内国株式）,医薬品
4571,2026-10-05,96.0,0.0105,-0.0204,-0.0303,-0.0588,-0.0581,-0.0801,99.76,100.7733,False,-0.0377,0.378,254.0,93.0,0.032,0.3249,9600.0,0.8358,0.2605,ＮＡＮＯホールディングス,グロース（内国株式）,医薬品
4572,2026-10-05,414.0,0.0024,-0.0881,0.0197,0.1897,-0.0081,0.1683,429.52,367.6933,True,-0.0361,0.8086,512.0,200.0,0.0409,0.4761,41400.0,0.7965,0.319,カルナバイオサイエンス,グロース（内国株式）,医薬品
4574,2026-10-05,255.0,0.0119,-0.0341,-0.0078,-0.052,-0.0356,-0.0734,256.24,262.3067,False,-0.0048,0.8044,317.0,246.0,0.0235,0.2109,25500.0,0.8347,0.2333,大幸薬品,プライム（内国株式）,医薬品
4575,2026-10-05,774.0,0.0474,0.0765,-0.1,0.145,-0.1278,0.1237,773.8,724.8,True,0.0003,0.6257,1237.0,506.0,0.0448,1.3474,77400.0,0.6961,0.3435,キャンバス,グロース（内国株式）,医薬品
4576,2026-10-05,72.0,-0.027,0.0286,-0.1628,-0.1325,-0.1906,-0.1538,79.88,78.88,True,-0.0986,0.3978,181.0,66.0,0.0605,0.3278,7200.0,0.88,0.2525,デ・ウエスタン・セラピテクス研究所,グロース（内国株式）,医薬品
4577,2026-10-05,1301.0,-0.0061,-0.0363,-0.0166,0.0492,-0.0444,0.0279,1311.6,1284.8667,True,-0.0081,0.8696,1496.0451,1106.0222,0.0201,0.975,130100.0,1.0445,0.2861,ダイト,プライム（内国株式）,医薬品
4578,2026-10-05,11425.0,0.0093,0.0311,-0.0628,-0.0218,-0.0906,-0.0432,11595.2,11462.227,True,-0.0147,0.8929,12795.0,7527.0221,0.0269,155.2795,1142500.0,1.071,0.2585,大塚ホールディングス,プライム（内国株式）,医薬品
4579,2026-10-05,607.0,-0.0033,0.0185,0.1138,0.2541,0.086,0.2328,575.04,521.1867,True,0.0556,0.4143,1465.0,438.0,0.0338,0.6861,60700.0,1.0064,0.3463,ラクオリア創薬,グロース（内国株式）,医薬品
4582,2026-10-05,55.0,-0.0179,-0.0351,-0.1129,-0.2763,-0.1407,-0.2976,58.24,65.6267,False,-0.0556,0.2402,229.0,53.0,0.0416,0.4042,5500.0,0.7309,0.2188,シンバイオ製薬,グロース（内国株式）,医薬品
4583,2026-10-05,102.0,0.0,-0.0286,0.2593,0.2911,0.2315,0.2698,95.0,80.7867,True,0.0737,0.7183,142.0,65.0,0.0686,3.5881,10200.0,1.1535,0.3429,カイオム・バイオサイエンス,グロース（内国株式）,医薬品
4584,2026-10-05,166.0,0.0247,0.0,-0.006,0.0779,-0.0338,0.0566,166.6,154.92,True,-0.0036,0.5188,320.0,125.0,0.034,0.4218,16600.0,0.7484,0.1949,キッズウェル・バイオ,グロース（内国株式）,医薬品
4586,2026-10-05,60.0,0.0169,0.0345,0.0,0.0714,-0.0278,0.0501,60.48,60.4133,False,-0.0079,0.2667,225.0,48.0,0.0333,0.4174,6000.0,0.3332,0.25,メドレックス,グロース（内国株式）,医薬品
4587,2026-10-05,1056.5,-0.0181,-0.0089,-0.0177,0.0159,-0.0455,-0.0055,1078.0,1028.812,True,-0.0199,0.5892,1793.0,906.4,0.0327,7.8166,105650.0,0.9007,0.3052,ペプチドリーム,プライム（内国株式）,医薬品
4588,2026-10-05,6490.0,0.0853,0.1386,0.5868,1.3303,0.559,1.309,5500.4,3721.56,True,0.1799,0.9474,6850.0,611.0,0.0991,114.8099,649000.0,1.2915,0.2442,オンコリスバイオファーマ,グロース（内国株式）,医薬品
4591,2026-10-05,76.0,0.0,-0.013,-0.1364,0.1176,-0.1642,0.0963,82.16,75.48,True,-0.075,0.6333,120.0,57.0,0.0357,0.4058,7600.0,0.2153,0.2579,リボミック,グロース（内国株式）,医薬品
4592,2026-10-05,944.0,0.0032,0.0021,0.0408,-0.1052,0.013,-0.1265,940.64,981.52,False,0.0036,0.2366,3990.0,858.0,0.0412,6.5943,94400.0,0.7898,0.229,サンバイオ,グロース（内国株式）,医薬品
4593,2026-10-05,290.0,0.0105,0.014,-0.0169,0.1508,-0.0447,0.1295,289.8,266.5733,False,0.0007,0.4618,628.0,208.0,0.0475,4.8206,29000.0,0.9552,0.3047,ヘリオス,グロース（内国株式）,医薬品
4594,2026-10-05,48.0,-0.0204,-0.0204,-0.0769,-0.04,-0.1047,-0.0613,53.72,50.3867,True,-0.1065,0.5,96.0,43.0,0.0685,1.1073,4800.0,1.1324,0.487,ブライトパス・バイオ,グロース（内国株式）,医薬品
4595,2026-10-05,1685.0,-0.0047,-0.0344,-0.0221,0.0066,-0.0499,-0.0147,1722.16,1687.7798,True,-0.0216,0.8996,1873.0006,1505.63,0.0106,1.1155,168500.0,0.9544,0.4016,ミズホメディー,スタンダード（内国株式）,医薬品
4596,2026-10-05,65.0,-0.0299,-0.0152,0.0,-0.4444,-0.0278,-0.4658,66.0,65.1733,True,-0.0152,0.1857,350.0,41.0,0.0253,0.6801,6500.0,0.1482,0.1217,窪田製薬ホールディングス,グロース（内国株式）,医薬品
4597,2026-10-05,31.0,-0.0312,0.0333,0.069,0.1071,0.0412,0.0858,29.92,28.5067,True,0.0361,0.7381,42.0,21.0,0.0553,19.1285,3100.0,0.8214,0.2917,ソレイジア・ファーマ,グロース（内国株式）,医薬品
4598,2026-10-05,110.0,-0.009,-0.0517,-0.0984,-0.1667,-0.1262,-0.188,115.8,116.6133,False,-0.0501,0.1571,700.0,92.0,0.0584,2.5913,11000.0,0.3142,0.2178,Ｄｅｌｔａ－Ｆｌｙ　Ｐｈａｒｍａ,グロース（内国株式）,医薬品
4599,2026-10-05,165.0,0.0061,-0.0407,-0.4728,-0.4625,-0.5006,-0.4839,238.76,289.0933,False,-0.3089,0.4484,368.0,161.0,0.0797,1.4408,16500.0,1.0143,0.1826,ステムリム,グロース（内国株式）,医薬品
460A,2026-10-05,1160.0,-0.0531,-0.0476,0.1143,0.3227,0.0865,0.3014,1129.44,994.16,True,0.0271,0.6674,1738.0,555.0,0.0767,0.5701,116000.0,1.9914,0.3191,ＢＲＡＮＵ,グロース（内国株式）,情報・通信業
4611,2026-10-05,1582.0,0.0174,0.0006,0.0076,0.1398,-0.0202,0.1185,1563.72,1455.5467,True,0.0117,0.9594,1649.0,1152.1525,0.0177,0.976,158200.0,0.8761,0.2143,大日本塗料,プライム（内国株式）,化学
4612,2026-10-05,1198.5,0.0345,0.0097,0.0513,0.096,0.0235,0.0747,1155.32,1145.3983,True,0.0374,0.9345,1282.5,935.2463,0.0231,37.8257,119850.0,1.0027,0.2565,日本ペイントホールディングス,プライム（内国株式）,化学
4613,2026-10-05,2771.5,0.004,-0.0104,-0.0105,-0.0096,-0.0383,-0.031,2824.5392,2785.3464,True,-0.0188,0.8966,3091.0,2224.5,0.0172,25.102,277150.0,1.0794,0.3404,関西ペイント,プライム（内国株式）,化学
4615,2026-10-05,132.0,0.0,0.0,-0.0075,0.0394,-0.0353,0.0181,131.8,129.92,True,0.0015,0.9706,136.0,119.0,0.0119,0.0273,13200.0,0.6574,0.3182,神東塗料,スタンダード（内国株式）,化学
4616,2026-10-05,2925.0,0.071,0.1337,0.2162,0.5897,0.1884,0.5684,2487.76,2141.1067,True,0.1758,0.9638,3035.0,1765.0,0.0257,0.0625,292500.0,1.254,0.7506,川上塗料,スタンダード（内国株式）,化学
4617,2026-10-05,3580.0,0.0085,0.0113,0.0229,-0.0591,-0.0049,-0.0805,3539.4418,3566.2806,True,0.0115,0.757,4729.4303,2894.0,0.028,6.2256,358000.0,0.8221,0.2335,中国塗料,プライム（内国株式）,化学
4619,2026-10-05,2598.0,0.0027,-0.0204,-0.041,0.0713,-0.0688,0.05,2653.9779,2535.6326,True,-0.0211,0.941,2761.0,1963.6023,0.0146,0.7892,259800.0,0.9157,0.3948,日本特殊塗料,スタンダード（内国株式）,化学
4620,2026-10-05,1110.0,0.0193,0.0413,0.1672,0.0704,0.1394,0.0491,1007.0363,989.4121,False,0.1022,0.8422,1318.0,570.3327,0.0281,1.2604,111000.0,0.8561,0.3241,藤倉化成,スタンダード（内国株式）,化学
4623,2026-10-05,1860.0,0.0043,-0.0021,-0.0048,0.0814,-0.0326,0.0601,1855.1752,1781.5384,True,0.0026,0.9815,1895.0,1680.5172,0.0152,0.0362,186000.0,0.4676,0.2681,アサヒペン,スタンダード（内国株式）,化学
4624,2026-10-05,3980.0,0.0192,0.0013,-0.034,0.1654,-0.0618,0.1441,4023.1712,3728.7238,True,-0.0107,0.9319,4270.788,3345.0,0.0125,0.0403,398000.0,0.3278,0.2614,イサム塗料,スタンダード（内国株式）,化学
4625,2026-10-05,895.0,0.0,0.0159,0.0468,0.1776,0.019,0.1563,863.76,792.4133,True,0.0362,0.8814,1015.3864,643.0455,0.0265,0.0979,89500.0,1.0971,0.2994,アトミクス,スタンダード（内国株式）,化学
4626,2026-10-05,4772.0,-0.0058,-0.0021,0.0089,-0.0369,-0.0189,-0.0583,4746.8,4845.28,False,0.0053,0.7605,6275.0,3700.0,0.0075,16.1114,477200.0,1.0622,0.3745,太陽ホールディングス,プライム（内国株式）,化学
4627,2026-10-05,2100.0,0.0077,0.0304,0.096,0.1844,0.0682,0.1631,1956.12,1835.6667,True,0.0736,0.9673,2171.0,1424.1755,0.0231,0.3034,210000.0,0.955,0.525,ナトコ,スタンダード（内国株式）,化学
4628,2026-10-05,10200.0,0.002,0.0099,0.0692,0.1123,0.0414,0.091,9819.2,9330.0,True,0.0388,0.887,11500.0,8575.4946,0.0229,1.3268,1020000.0,1.1447,0.2355,エスケー化研,スタンダード（内国株式）,化学
4629,2026-10-05,2389.0,-0.0075,-0.0406,0.0859,0.3062,0.0581,0.2849,2417.6,2102.44,True,-0.0118,0.9118,2620.0,1473.3694,0.0366,0.1742,238900.0,0.5944,0.3526,大伸化学,スタンダード（内国株式）,化学
462A,2026-10-05,244.0,-0.0041,-0.0279,-0.1254,-0.0651,-0.1532,-0.0865,277.0,253.48,False,-0.1191,0.1682,1451.0,202.0,0.0653,0.6999,24400.0,0.2532,0.2135,ＦＵＮＤＩＮＮＯ,グロース（内国株式）,証券、商品先物取引業
4631,2026-10-05,4976.0,0.019,0.0358,0.0044,0.0256,-0.0234,0.0042,4845.8,4861.1374,True,0.0269,0.8468,5876.0,3321.4199,0.0229,26.7324,497600.0,0.7423,0.2284,ＤＩＣ,プライム（内国株式）,化学
4633,2026-10-05,2615.0,0.0077,-0.0143,-0.0027,0.0882,-0.0305,0.0669,2620.0,2533.8115,True,-0.0019,0.9628,2716.0,2086.2987,0.0166,3.3405,261500.0,0.8609,0.2901,サカタインクス,プライム（内国株式）,化学
4634,2026-10-05,5090.0,0.0139,0.002,0.0059,0.1634,-0.0219,0.1421,5081.8,4724.7455,True,0.0016,0.9751,5220.0,2930.3146,0.0189,6.662,509000.0,0.9103,0.197,ａｒｔｉｅｎｃｅ,プライム（内国株式）,化学
4635,2026-10-05,1979.0,0.0071,-0.0005,-0.0713,0.4186,-0.0991,0.3973,2078.1498,1739.2233,True,-0.0477,0.8955,2210.0,1192.0,0.0246,0.6045,197900.0,0.7875,0.4158,東京インキ,スタンダード（内国株式）,化学
463A,2026-10-05,969.0,-0.0122,-0.0574,-0.032,0.0453,-0.0598,0.024,1006.56,952.76,True,-0.0373,0.8449,1146.949,852.0,0.0175,0.1447,96900.0,1.0422,0.4059,インテリックスホールディングス,スタンダード（内国株式）,不動産業
4641,2026-10-05,859.0,-0.0035,-0.0272,-0.0172,0.0985,-0.045,0.0771,867.72,825.9845,True,-0.01,0.9368,916.999,730.2641,0.0158,0.7493,85900.0,0.9012,0.2726,アルプス技研,プライム（内国株式）,サービス業
4642,2026-10-05,1392.0,-0.0029,-0.0085,-0.0163,-0.0163,-0.0441,-0.0376,1407.84,1415.9333,False,-0.0113,0.7022,1982.2359,1373.2947,0.009,0.0297,139200.0,1.2288,0.264,オリジナル設計,スタンダード（内国株式）,サービス業
4644,2026-10-05,1028.0,0.001,0.0108,-0.0247,-0.02,-0.0525,-0.0413,1048.544,1046.1547,True,-0.0196,0.9572,1074.0,991.3777,0.008,0.3631,102800.0,3.3338,0.5601,イマジニア,スタンダード（内国株式）,情報・通信業
4645,2026-10-05,443.0,-0.0045,0.0045,0.0255,0.0424,-0.0023,0.021,437.92,433.2533,True,0.0116,0.9539,464.421,414.0,0.0076,0.0052,44300.0,1.3898,0.2681,市進ホールディングス,スタンダード（内国株式）,サービス業
464A,2026-10-05,1660.0,0.0165,-0.0258,-0.0514,-0.1918,-0.0792,-0.2131,1721.88,1778.68,False,-0.0359,0.3701,4485.0,1351.0,0.0358,16.3117,166000.0,0.6332,0.3147,ＱＰＳホールディングス,グロース（内国株式）,情報・通信業
4650,2026-10-05,270.0,-0.0074,0.0,0.0037,0.0189,-0.0241,-0.0025,269.72,267.7067,True,0.001,0.871,310.0,260.0,0.0074,0.0086,27000.0,0.912,0.2,ＳＤエンターテイメント,スタンダード（内国株式）,サービス業
4651,2026-10-05,243.0,-0.0082,-0.0319,-0.1033,-0.028,-0.1311,-0.0493,258.48,254.48,True,-0.0599,0.7642,318.0,190.1538,0.0276,0.5704,24300.0,0.5421,0.1489,サニックスホールディングス,スタンダード（内国株式）,サービス業
4657,2026-10-05,460.0,0.0022,-0.0022,-0.0129,-0.0192,-0.0407,-0.0405,462.24,462.4214,True,-0.0048,0.8379,549.0179,398.75,0.0141,0.0183,46000.0,0.3998,0.1692,環境管理センター,スタンダード（内国株式）,サービス業
4658,2026-10-05,1558.0,0.011,-0.0259,0.0071,-0.0552,-0.0207,-0.0765,1575.8348,1577.7316,True,-0.0113,0.9164,1700.0747,1109.213,0.0238,3.0174,155800.0,1.9817,0.4553,日本空調サービス,プライム（内国株式）,サービス業
4661,2026-10-05,2837.0,0.0073,-0.0197,-0.0553,0.1076,-0.0831,0.0862,3017.2067,2818.4822,True,-0.0597,0.7728,3670.8528,2103.0,0.0276,164.183,283700.0,0.9148,0.3605,オリエンタルランド,プライム（内国株式）,サービス業
4662,2026-10-05,1584.0,-0.0006,-0.0192,-0.0446,-0.0566,-0.0724,-0.0779,1629.3129,1670.0776,True,-0.0278,0.7272,2178.1225,1491.4667,0.0159,0.5161,158400.0,0.7349,0.2383,フォーカスシステムズ,プライム（内国株式）,情報・通信業
4664,2026-10-05,1176.0,0.0051,0.0509,0.1275,0.2431,0.0997,0.2218,1112.3254,995.5485,True,0.0572,0.6517,1804.4765,585.1028,0.0555,1.0241,117600.0,0.6925,0.2378,アール・エス・シー,スタンダード（内国株式）,サービス業
4665,2026-10-05,4593.0,-0.0037,-0.0159,-0.0167,0.0359,-0.0445,0.0145,4658.5321,4515.964,True,-0.0141,0.9643,4763.0,3602.5086,0.0136,5.7842,459300.0,1.4547,0.2824,ダスキン,プライム（内国株式）,サービス業
4666,2026-10-05,1739.5,-0.0178,-0.1093,-0.1337,-0.1431,-0.1615,-0.1644,1959.96,1994.8867,True,-0.1125,0.7462,2331.0,1694.0,0.0317,29.267,173950.0,2.0936,0.5605,パーク２４,プライム（内国株式）,不動産業
4667,2026-10-05,1056.0,0.0048,-0.0385,-0.6642,-0.5305,-0.692,-0.5518,2504.8533,2159.3244,True,-0.5784,0.2576,4100.0,1005.0,0.3563,28.6721,105600.0,1.1043,0.6605,アイサンテクノロジー,スタンダード（内国株式）,情報・通信業
4668,2026-10-05,727.0,-0.0041,-0.0409,-0.0484,0.054,-0.0762,0.0326,762.12,740.4289,True,-0.0461,0.917,792.812,657.406,0.0132,0.5307,72700.0,0.5471,0.4701,明光ネットワークジャパン,プライム（内国株式）,サービス業
4671,2026-10-05,2666.0,0.0004,-0.0274,-0.0801,0.0133,-0.1079,-0.008,2841.3962,2733.9987,True,-0.0617,0.8995,2964.0,2405.965,0.0189,0.4667,266600.0,1.3907,0.5967,ファルコホールディングス,スタンダード（内国株式）,サービス業
4673,2026-10-05,4815.0,-0.0031,-0.0273,-0.0253,-0.0052,-0.0531,-0.0265,4866.6,4743.6667,True,-0.0106,0.7597,6337.8931,3720.6501,0.0156,0.0805,481500.0,0.2672,0.2867,川崎地質,スタンダード（内国株式）,サービス業
4674,2026-10-05,1930.0,-0.0103,0.0518,-0.0128,0.2714,-0.0406,0.2501,1880.5744,1722.6315,True,0.0263,0.9156,2108.0,1347.0,0.0258,3.1303,193000.0,0.8931,0.3545,クレスコ,プライム（内国株式）,情報・通信業
4676,2026-10-05,3919.0,0.009,-0.0193,-0.0554,-0.0402,-0.0832,-0.0615,4055.08,4059.6,True,-0.0336,0.8775,4466.0,3046.1559,0.0212,23.5437,391900.0,1.2513,0.3737,フジ・メディア・ホールディングス,プライム（内国株式）,情報・通信業
4678,2026-10-05,330.0,0.003,-0.003,0.0,0.0476,-0.0278,0.0263,331.76,322.5733,True,-0.0053,0.9296,355.0,264.9942,0.0128,0.0122,33000.0,1.0122,0.2847,秀英予備校,スタンダード（内国株式）,サービス業
4679,2026-10-05,271.0,0.0074,0.0226,0.0304,0.1107,0.0026,0.0893,264.52,257.3333,True,0.0245,0.6878,394.0,216.0,0.0119,0.0115,27100.0,1.8313,0.2489,田谷,スタンダード（内国株式）,サービス業
4680,2026-10-05,1247.5,0.0052,0.0242,-0.025,0.0012,-0.0528,-0.0201,1238.091,1231.2423,True,0.0076,0.8854,1409.0,784.9836,0.0349,29.3643,124750.0,0.8102,0.3098,ラウンドワン,プライム（内国株式）,サービス業
4681,2026-10-05,1730.0,-0.002,-0.0196,-0.0515,-0.0389,-0.0793,-0.0602,1792.6766,1777.6055,True,-0.035,0.8417,2055.3942,1590.5,0.0173,7.5693,173000.0,0.9472,0.2742,リゾートトラスト,プライム（内国株式）,サービス業
4684,2026-10-05,5018.0,-0.0091,0.0158,0.0193,0.2317,-0.0085,0.2104,4996.6657,4503.7819,True,0.0043,0.9557,5250.3514,3643.0,0.0237,88.4077,501800.0,0.8125,0.2159,オービック,プライム（内国株式）,情報・通信業
4685,2026-10-05,2749.0,-0.0065,0.0088,0.0242,-0.0527,-0.0036,-0.074,2706.2778,2746.0126,False,0.0158,0.6338,4337.1715,2467.0,0.0156,0.483,274900.0,0.6577,0.2773,菱友システムズ,スタンダード（内国株式）,情報・通信業
4686,2026-10-05,4460.0,-0.0034,0.0113,0.0619,0.1334,0.0341,0.1121,4306.6054,4025.3351,True,0.0356,0.8372,5327.0058,3305.7306,0.0218,4.9361,446000.0,1.4645,0.2421,ジャストシステム,プライム（内国株式）,情報・通信業
4687,2026-10-05,1067.0,-0.0028,-0.0037,0.043,0.108,0.0152,0.0867,1051.76,1001.9467,True,0.0145,0.7452,1431.9154,846.0,0.0188,0.8674,106700.0,0.7921,0.2591,ＴＤＣソフト,プライム（内国株式）,情報・通信業
4689,2026-10-05,488.4,-0.0191,-0.0531,-0.0861,0.1133,-0.1139,0.092,531.808,481.644,True,-0.0816,0.8555,570.9,358.1809,0.0317,100.115,48839.9994,1.1304,0.4882,ＬＩＮＥヤフー,プライム（内国株式）,情報・通信業
4691,2026-10-05,2041.0,0.0185,0.0134,-0.0507,-0.2318,-0.0785,-0.2532,2129.76,2298.8667,True,-0.0417,0.6531,3125.0,1210.8023,0.0281,1.147,204100.0,1.0096,0.2507,ワシントンホテル,スタンダード（内国株式）,サービス業
4694,2026-10-05,3565.0,0.0,-0.0213,-0.0286,-0.0193,-0.0564,-0.0406,3631.5169,3614.3056,True,-0.0183,0.8259,4316.4844,3370.0,0.0175,2.2227,356500.0,1.0358,0.288,ビー・エム・エル,プライム（内国株式）,サービス業
469A,2026-10-05,1623.0,0.0019,-0.0104,-0.0199,-0.0357,-0.0477,-0.057,1654.4,1582.44,True,-0.019,0.4816,3370.0,1372.0,0.0219,0.0685,162300.0,1.2093,0.3239,フィットクルー,グロース（内国株式）,サービス業
4704,2026-10-05,6742.0,-0.0082,0.0471,0.1668,0.0581,0.139,0.0367,6194.28,6154.84,True,0.0884,0.8184,8238.4079,4789.0,0.0289,73.9841,674200.0,1.1159,0.2403,トレンドマイクロ,プライム（内国株式）,情報・通信業
4705,2026-10-05,775.0,-0.0039,-0.0064,-0.03,-0.0026,-0.0578,-0.0239,789.12,782.64,False,-0.0179,0.9033,858.0,755.0,0.0076,0.0082,77500.0,1.3558,0.4268,クリップコーポレーション,スタンダード（内国株式）,サービス業
4707,2026-10-05,388.0,0.0211,0.0718,0.1582,0.1617,0.1304,0.1404,350.04,336.36,True,0.1084,0.9823,395.0,309.0,0.0186,0.081,38800.0,1.3409,0.6238,キタック,スタンダード（内国株式）,サービス業
4709,2026-10-05,1042.0,-0.0029,-0.0343,-0.0316,-0.0262,-0.0594,-0.0475,1072.0463,1076.0288,True,-0.028,0.8975,1161.0,881.0,0.0192,0.5416,104200.0,0.9615,0.2855,ＩＤホールディングス,プライム（内国株式）,情報・通信業
4712,2026-10-05,813.0,0.0,0.0,-0.0145,0.1168,-0.0423,0.0954,814.52,779.0667,True,-0.0019,0.9576,849.0,690.1547,0.0116,0.0972,81300.0,0.9121,0.2227,ＫｅｙＨｏｌｄｅｒ,スタンダード（内国株式）,サービス業
4714,2026-10-05,206.0,0.0,-0.0237,-0.0096,0.0352,-0.0374,0.0139,209.96,203.72,True,-0.0189,0.9452,217.9372,184.628,0.0163,1.555,20600.0,1.2691,0.3277,リソー教育グループ,プライム（内国株式）,サービス業
4716,2026-10-05,9750.0,0.007,0.0124,0.0624,0.1006,0.0346,0.0793,9335.56,8956.3067,True,0.0444,0.6523,14946.6691,7489.1725,0.0282,27.5864,975000.0,1.2388,0.3328,日本オラクル,スタンダード（内国株式）,情報・通信業
4718,2026-10-05,2413.0,-0.0135,-0.0103,-0.0651,-0.0066,-0.0929,-0.0279,2523.081,2453.9337,True,-0.0436,0.8363,2885.2783,1911.0668,0.0259,1.4247,241300.0,1.8573,0.2592,早稲田アカデミー,プライム（内国株式）,サービス業
4719,2026-10-05,3280.0,0.0061,-0.003,-0.0353,-0.0135,-0.0631,-0.0349,3318.6458,3336.6153,True,-0.0116,0.7909,4147.0176,3055.0,0.0161,0.4887,328000.0,1.5267,0.299,アルファシステムズ,プライム（内国株式）,情報・通信業
471A,2026-10-05,1499.0,-0.0013,-0.0254,-0.0228,-0.0235,-0.0506,-0.0448,1549.64,1518.7586,True,-0.0327,0.8554,1752.4953,1209.5217,0.0137,3.1639,149900.0,1.0606,0.3854,ＮＳグループ,プライム（内国株式）,その他金融業
4720,2026-10-05,240.0,0.0,-0.0164,-0.0204,0.0127,-0.0482,-0.0087,243.04,240.1067,True,-0.0125,0.6768,354.5861,220.7616,0.0125,0.0087,24000.0,1.3493,0.3,城南進学研究社,スタンダード（内国株式）,サービス業
4722,2026-10-05,2426.0,0.0,0.0,-0.0086,0.4562,-0.0364,0.4349,2432.96,2173.5823,True,-0.0029,0.9814,2472.0,1406.136,0.0013,16.1261,242600.0,0.6846,0.28,フューチャー,プライム（内国株式）,情報・通信業
4725,2026-10-05,1906.0,-0.0047,-0.0175,-0.0241,0.0684,-0.0519,0.0471,1936.56,1862.2366,True,-0.0158,0.8999,2118.073,1702.6201,0.0118,0.8365,190600.0,0.8936,0.2889,ＣＡＣ　Ｈｏｌｄｉｎｇｓ,プライム（内国株式）,情報・通信業
4728,2026-10-05,647.0,0.0,0.0015,-0.0046,0.0245,-0.0324,0.0032,648.5,637.9902,True,-0.0023,0.962,672.5496,588.8417,0.0099,0.0386,64700.0,1.3612,0.3422,トーセ,スタンダード（内国株式）,情報・通信業
472A,2026-10-05,542.0,-0.0109,-0.0339,-0.0018,0.2098,-0.0296,0.1885,552.8,519.44,True,-0.0195,0.715,758.0,378.0,0.0314,0.6155,54200.0,0.3887,0.2529,ミラティブ,グロース（内国株式）,情報・通信業
4732,2026-10-05,1805.0,-0.0061,-0.0095,-0.0893,-0.0765,-0.1171,-0.0978,1907.9655,1944.1752,True,-0.054,0.8468,2131.5,1595.4594,0.0173,29.3086,180500.0,1.5753,0.491,ユー・エス・エス,プライム（内国株式）,サービス業
4733,2026-10-05,8116.0,-0.0078,-0.0006,-0.0439,0.2406,-0.0717,0.2193,8299.9301,7498.2967,True,-0.0222,0.8784,9239.2857,5505.5215,0.0204,13.3563,811600.0,0.669,0.2934,オービックビジネスコンサルタント,プライム（内国株式）,情報・通信業
4735,2026-10-05,281.0,-0.0209,0.0072,-0.0664,-0.1354,-0.0942,-0.1567,294.56,303.56,False,-0.046,0.7205,390.0,274.627,0.0208,0.0225,28100.0,1.3356,0.3756,京進,スタンダード（内国株式）,サービス業
4736,2026-10-05,600.0,-0.0196,0.0169,0.0327,0.0033,0.0049,-0.018,586.04,591.2133,True,0.0238,0.8034,746.8512,539.0,0.0145,0.0154,60000.0,0.7363,0.482,日本ラッド,スタンダード（内国株式）,情報・通信業
4743,2026-10-05,1604.0,-0.0056,-0.0074,-0.0208,-0.0255,-0.0486,-0.0468,1632.3378,1653.8993,False,-0.0174,0.9021,1778.0,1428.2633,0.0134,1.4593,160400.0,1.0191,0.3578,アイティフォー,プライム（内国株式）,情報・通信業
4746,2026-10-05,1973.0,0.0025,0.0565,-0.7197,-0.5625,-0.7475,-0.5838,5435.36,5285.7496,True,-0.637,0.2666,7400.0,1795.0,0.2414,3.446,197300.0,2.4175,1.1641,東計電算,スタンダード（内国株式）,情報・通信業
4750,2026-10-05,554.0,-0.0072,-0.0089,-0.0246,0.0109,-0.0524,-0.0104,557.96,556.1067,True,-0.0071,0.8974,617.3518,526.0,0.0128,0.0328,55400.0,1.5929,0.3818,ダイサン,スタンダード（内国株式）,サービス業
4751,2026-10-05,1227.0,-0.0032,0.0111,-0.0346,-0.202,-0.0624,-0.2233,1259.1215,1351.8005,False,-0.0255,0.6866,1787.0,1203.5,0.0187,53.5868,122700.0,0.7831,0.3177,サイバーエージェント,プライム（内国株式）,サービス業
4752,2026-10-05,1600.0,-0.005,-0.0056,0.0217,0.0363,-0.0061,0.015,1588.52,1553.6533,True,0.0072,0.8932,1791.3283,1455.0,0.0108,0.0147,160000.0,1.1151,0.3776,昭和システムエンジニアリング,スタンダード（内国株式）,情報・通信業
4754,2026-10-05,1539.0,0.0072,0.0548,0.026,0.0434,-0.0018,0.0221,1498.4731,1504.6377,False,0.027,0.8191,1879.0,1373.0,0.0109,0.0142,153900.0,0.8297,0.4767,トスネット,スタンダード（内国株式）,サービス業
4755,2026-10-05,659.0,-0.0047,-0.0419,-0.0932,-0.1514,-0.121,-0.1727,719.544,760.988,False,-0.0841,0.6168,1068.5,657.0,0.0239,127.1516,65900.0,1.2663,0.421,楽天グループ,プライム（内国株式）,サービス業
475A,2026-10-05,644.0,-0.0529,-0.0839,-0.0694,-0.0417,-0.0972,-0.063,690.28,639.92,True,-0.067,0.5156,1249.0,558.0,0.0433,0.0727,64400.0,0.6906,0.3123,ギミック,スタンダード（内国株式）,サービス業
4760,2026-10-05,1196.0,-0.0025,-0.0017,-0.2377,-0.2648,-0.2655,-0.2861,1395.52,1514.3428,False,-0.143,0.6278,1905.1436,1180.0,0.0263,0.0552,119600.0,1.7211,0.3086,アルファ,スタンダード（内国株式）,サービス業
4761,2026-10-05,1463.0,-0.0034,0.009,0.0111,0.0139,-0.0167,-0.0075,1458.8716,1443.0105,True,0.0028,0.9342,1566.0,1146.3616,0.021,0.1092,146300.0,1.5471,0.3846,さくらケーシーエス,スタンダード（内国株式）,情報・通信業
4762,2026-10-05,1060.0,-0.0485,0.0047,-0.5002,-0.4035,-0.528,-0.4248,1818.4058,1838.3219,True,-0.4171,0.4348,2438.0,1040.0,0.1641,0.0958,106000.0,1.6694,0.8038,エックスネット,スタンダード（内国株式）,情報・通信業
4763,2026-10-05,1500.0,0.0142,-0.006,0.006,0.1278,-0.0218,0.1065,1496.68,1439.9067,True,0.0022,0.959,1564.1559,1213.0,0.0161,0.5907,150000.0,0.9475,0.2734,クリーク・アンド・リバー社,プライム（内国株式）,サービス業
4765,2026-10-05,596.0,-0.0213,-0.0364,-0.0731,0.0511,-0.1009,0.0298,626.3006,601.3935,True,-0.0484,0.9127,653.0,551.0,0.0177,1.5962,59600.0,0.758,0.3696,ＳＢＩグローバルアセットマネジメント,プライム（内国株式）,サービス業
4766,2026-10-05,217.0,-0.0091,0.0483,0.0284,0.1923,0.0006,0.171,209.88,196.5333,True,0.0339,0.7483,290.0,177.0,0.0214,0.03,21700.0,1.6996,0.4523,ピーエイ,スタンダード（内国株式）,サービス業
4767,2026-10-05,387.0,-0.0077,-0.0178,-0.0153,0.1835,-0.0431,0.1622,389.68,359.5523,True,-0.0069,0.9462,409.0,314.8782,0.0175,0.5364,38700.0,1.0963,0.2653,テー・オー・ダブリュー,スタンダード（内国株式）,サービス業
4768,2026-10-05,3655.0,-0.0054,0.0074,0.0198,0.2477,-0.008,0.2263,3609.6,3269.1575,True,0.0126,0.982,3722.0,2643.3234,0.0194,40.9376,365500.0,0.8405,0.2187,大塚商会,プライム（内国株式）,情報・通信業
4769,2026-10-05,1150.0,0.025,0.0398,0.025,-0.0129,-0.0028,-0.0342,1136.3107,1124.2369,True,0.012,0.952,1208.0,1000.0,0.0171,0.0085,115000.0,0.807,0.4339,ＩＣ,スタンダード（内国株式）,情報・通信業
476A,2026-10-05,2520.0,-0.0156,0.4867,0.5319,0.6689,0.5041,0.6476,1741.36,1611.4533,True,0.4471,0.7579,3325.0,1390.0,0.051,1.8469,252000.0,5.3787,1.0928,辻・本郷ＩＴコンサルティング,スタンダード（内国株式）,情報・通信業
4771,2026-10-05,2649.0,0.0008,-0.0275,-0.0163,0.072,-0.0441,0.0507,2706.5721,2568.4707,True,-0.0213,0.8751,3026.9424,2015.0,0.0268,0.3745,264900.0,0.8539,0.2865,エフアンドエム,スタンダード（内国株式）,サービス業
4772,2026-10-05,73.0,-0.0135,0.0,0.0139,-0.0267,-0.0139,-0.048,72.2,73.08,False,0.0111,0.5679,128.5514,63.0,0.0284,0.0642,7300.0,0.3593,0.1931,ＳＭ　ＥＮＴＥＲＴＡＩＮＭＥＮＴ　ＪＡＰＡＮ,グロース（内国株式）,情報・通信業
4776,2026-10-05,2948.0,-0.0064,-0.0271,-0.0287,0.1426,-0.0565,0.1213,3046.28,2757.1467,True,-0.0323,0.8257,3570.2233,1948.0,0.0286,5.5736,294800.0,0.6416,0.2843,サイボウズ,プライム（内国株式）,情報・通信業
4777,2026-10-05,199.0,0.0102,0.0051,-0.0149,0.0051,-0.0426,-0.0163,199.12,200.12,False,-0.0006,0.6568,303.0,173.0,0.0122,0.0453,19900.0,0.7108,0.2059,ガーラ,スタンダード（内国株式）,情報・通信業
477A,2026-10-05,777.0,-0.03,-0.0944,0.05,0.3147,0.0222,0.2934,818.44,681.6,True,-0.0506,0.6427,1209.0,485.0,0.0624,0.3521,77700.0,1.2719,0.2639,スタートライン,グロース（内国株式）,サービス業
4783,2026-10-05,2427.0,0.0117,-0.028,-0.0754,-0.0229,-0.1032,-0.0443,2589.782,2510.5407,True,-0.0629,0.6984,3474.9208,2259.0,0.0251,0.4834,242700.0,1.7905,0.472,ＮＣＤ,スタンダード（内国株式）,情報・通信業
4784,2026-10-05,509.0,-0.0039,-0.0812,-0.0574,0.0495,-0.0852,0.0282,541.8,525.3252,True,-0.0605,0.4393,1158.7898,435.2996,0.0369,8.7575,50900.0,0.9532,0.2662,ＧＭＯインターネット,プライム（内国株式）,サービス業
478A,2026-10-05,710.0,-0.018,-0.0559,-0.108,-0.1013,-0.1358,-0.1226,770.36,757.24,True,-0.0784,0.5112,1389.0,660.0,0.0327,0.6219,71000.0,1.2355,0.3532,フツパー,グロース（内国株式）,情報・通信業
4792,2026-10-05,1696.0,0.0,-0.0264,-0.0429,0.0101,-0.0707,-0.0112,1759.1889,1709.0363,True,-0.0359,0.9227,1838.1803,1589.1176,0.0122,0.3987,169600.0,1.233,0.4773,山田コンサルティンググループ,プライム（内国株式）,サービス業
479A,2026-10-05,1982.0,0.0066,-0.09,0.0754,0.3726,0.0476,0.3513,2000.92,1627.2267,True,-0.0095,0.8743,2267.0,1181.0,0.0473,1.4977,198200.0,1.4277,0.3615,ＰＲＯＮＩ,グロース（内国株式）,情報・通信業
4801,2026-10-05,2302.0,-0.0056,-0.0299,-0.0562,-0.0254,-0.084,-0.0467,2407.8733,2404.8244,True,-0.044,0.9061,2540.4975,2235.0,0.0109,0.693,230200.0,2.1717,0.5635,セントラルスポーツ,プライム（内国株式）,サービス業
4809,2026-10-05,1969.0,0.0,-0.001,-0.0281,-0.0543,-0.0559,-0.0756,2010.6626,2036.9009,True,-0.0207,0.9231,2133.0,1911.0,0.0143,0.3624,196900.0,1.1313,0.3457,パラカ,プライム（内国株式）,不動産業
480A,2026-10-05,1016.0,0.0252,0.0294,0.0855,0.0431,0.0577,0.0218,955.52,954.4933,True,0.0633,0.6959,1460.0,841.0,0.0292,0.1843,101600.0,0.7959,0.3399,リブ・コンサルティング,グロース（内国株式）,サービス業
4811,2026-10-05,907.0,0.0067,0.0145,-0.0226,0.0798,-0.0504,0.0584,892.92,837.96,True,0.0158,0.6586,1377.1999,698.0,0.0308,0.1357,90700.0,0.6544,0.2435,ドリーム・アーツ,グロース（内国株式）,情報・通信業
4812,2026-10-05,2862.0,-0.0007,-0.0003,0.0032,0.0604,-0.0246,0.0391,2856.24,2637.5968,True,0.002,0.9768,2930.0,1708.7238,0.0022,25.2469,286200.0,0.8173,0.175,電通総研,プライム（内国株式）,情報・通信業
4813,2026-10-05,422.0,0.0,0.0268,-0.0094,0.2197,-0.0372,0.1983,417.64,388.4,False,0.0104,0.6107,691.0,318.0,0.0511,1.9083,42200.0,0.469,0.3384,ＡＣＣＥＳＳ,プライム（内国株式）,情報・通信業
4814,2026-10-05,167.0,0.0,0.0121,-0.006,0.106,-0.0337,0.0846,167.56,158.56,True,-0.0033,0.5318,314.0,145.0,0.0462,0.355,16700.0,3.733,0.4278,ネクストウェア,スタンダード（内国株式）,情報・通信業
4816,2026-10-05,2914.0,0.0028,-0.0257,-0.0335,0.1401,-0.0613,0.1187,3016.68,2799.1067,True,-0.034,0.9192,3170.0,2201.5416,0.0253,12.5224,291400.0,1.0406,0.3812,東映アニメーション,スタンダード（内国株式）,情報・通信業
4819,2026-10-05,2416.0,-0.0167,0.0079,0.1543,0.1216,0.1265,0.1003,2310.36,2203.8267,True,0.0457,0.6474,3731.8606,1690.0,0.0312,6.7628,241600.0,1.2124,0.2163,デジタルガレージ,プライム（内国株式）,情報・通信業
4820,2026-10-05,559.0,-0.0089,-0.0683,-0.0683,0.1202,-0.0961,0.0989,589.6,550.6267,True,-0.0519,0.6854,815.5978,477.0716,0.0166,0.4775,55900.0,0.7212,0.4523,イーエムシステムズ,プライム（内国株式）,情報・通信業
4825,2026-10-05,1948.0,-0.001,-0.0323,-0.0356,-0.0679,-0.0634,-0.0893,2018.56,2012.0933,False,-0.035,0.847,2299.9226,1767.3866,0.0131,3.3653,194800.0,0.7217,0.3559,ウェザーニューズ,プライム（内国株式）,情報・通信業
4826,2026-10-05,524.0,-0.0057,-0.035,-0.0314,0.0804,-0.0592,0.0591,538.16,517.9965,True,-0.0263,0.8839,592.8024,439.4165,0.017,0.9038,52400.0,0.7034,0.3696,ＣＩＪ,プライム（内国株式）,情報・通信業
4828,2026-10-05,1270.0,-0.0261,-0.0641,-0.0954,0.1535,-0.1232,0.1322,1377.4605,1239.6602,True,-0.078,0.7378,1721.4336,950.0,0.0275,1.4535,127000.0,0.8517,0.4528,ビジネスエンジニアリング,プライム（内国株式）,情報・通信業
4829,2026-10-05,103.0,-0.019,-0.0374,-0.055,-0.0374,-0.0828,-0.0587,108.12,106.6267,True,-0.0474,0.7397,139.2368,99.0,0.0201,0.221,10300.0,0.9907,0.3379,日本エンタープライズ,スタンダード（内国株式）,情報・通信業
4832,2026-10-05,1837.0,-0.0286,-0.0427,-0.057,-0.0773,-0.0848,-0.0987,1922.8613,1945.3938,False,-0.0447,0.7587,2421.2207,1790.6638,0.0177,0.2991,183700.0,0.9458,0.3775,ＪＦＥシステムズ,スタンダード（内国株式）,情報・通信業
4833,2026-10-05,55.0,-0.0678,0.0,0.0377,0.3415,0.0099,0.3201,55.4,49.6267,True,-0.0072,0.3179,173.0,32.0,0.0844,1.3281,5500.0,0.6506,0.28,Ｄｅｆ　ｃｏｎｓｕｌｔｉｎｇ,グロース（内国株式）,サービス業
4838,2026-10-05,694.0,-0.0014,0.0029,0.0043,0.0579,-0.0235,0.0366,702.5115,674.7838,True,-0.0121,0.7568,916.9937,608.0,0.0184,0.256,69400.0,0.8988,0.2747,スペースシャワーＳＫＩＹＡＫＩホールディングス,スタンダード（内国株式）,情報・通信業
4839,2026-10-05,926.0,-0.0159,-0.0665,-0.0804,-0.0786,-0.1082,-0.0999,995.48,1000.12,False,-0.0698,0.5959,1554.0543,926.0,0.0108,0.9764,92600.0,1.6285,0.8,ＷＯＷＯＷ,プライム（内国株式）,情報・通信業
483A,2026-10-05,2123.0,-0.0028,0.0062,-0.0199,-0.0497,-0.0476,-0.071,2153.755,2167.4783,True,-0.0143,0.7202,2947.8278,1918.2449,0.0074,0.0334,212300.0,1.0423,0.4633,テラテクノロジー,スタンダード（内国株式）,情報・通信業
4840,2026-10-05,843.0,-0.0175,0.1532,0.1195,0.2582,0.0917,0.2369,743.12,645.2133,False,0.1344,0.6291,1340.0,406.0,0.0774,3.408,84300.0,1.3957,0.3174,トライアイズ,スタンダード（内国株式）,サービス業
4845,2026-10-05,343.0,0.0118,-0.0256,-0.0256,0.0521,-0.0534,0.0308,349.0,340.433,True,-0.0172,0.8546,401.358,318.6532,0.0142,0.185,34300.0,1.3492,0.2882,スカラ,スタンダード（内国株式）,情報・通信業
4847,2026-10-05,1500.0,0.019,-0.006,0.1111,0.5773,0.0833,0.556,1427.76,1176.1143,True,0.0506,0.9634,1557.0,884.7864,0.023,1.2401,150000.0,0.6553,0.3355,インテリジェント　ウェイブ,プライム（内国株式）,情報・通信業
4848,2026-10-05,1775.0,-0.0017,-0.0462,-0.0431,0.1481,-0.0709,0.1268,1847.44,1721.536,True,-0.0392,0.9159,1938.0,1449.821,0.022,1.1888,177500.0,0.7577,0.4641,フルキャストホールディングス,プライム（内国株式）,サービス業
4849,2026-10-05,1725.0,-0.0171,-0.0143,0.0429,0.4631,0.0151,0.4418,1675.92,1419.8933,True,0.0293,0.9746,1770.0,1056.9549,0.0287,5.8278,172500.0,1.2982,0.1737,エン,プライム（内国株式）,サービス業
485A,2026-10-05,2191.0,0.0296,0.0788,0.3088,0.0814,0.281,0.0601,2030.68,1933.2133,False,0.0789,0.3929,5576.6665,353.3333,0.089,209.7972,219100.0,1.1669,0.2478,パワーエックス,グロース（内国株式）,電気機器
4880,2026-10-05,312.0,-0.0064,-0.025,-0.0904,-0.0687,-0.1182,-0.09,330.28,327.7467,False,-0.0553,0.5305,588.0954,294.0,0.0327,0.2629,31200.0,1.1424,0.2741,セルソース,スタンダード（内国株式）,医薬品
4881,2026-10-05,47.0,0.0,-0.0208,-0.06,-0.2985,-0.0878,-0.3198,50.16,55.6533,False,-0.063,0.3615,130.0,45.0,0.0258,0.0722,4700.0,0.3789,0.2471,ファンペップ,グロース（内国株式）,医薬品
4882,2026-10-05,166.0,0.0311,-0.0292,0.169,0.044,0.1412,0.0227,161.48,153.6533,True,0.028,0.4868,341.0,134.0,0.0508,1.7354,16600.0,0.6858,0.3915,ペルセウスプロテオミクス,グロース（内国株式）,医薬品
4883,2026-10-05,31.0,-0.0312,-0.0312,-0.0882,-0.0882,-0.116,-0.1096,33.8,33.04,False,-0.0828,0.369,84.0,29.0,0.0737,1.2125,3100.0,0.3196,0.1312,モダリス,グロース（内国株式）,医薬品
4884,2026-10-05,564.0,0.1653,0.1257,0.2847,0.6786,0.2569,0.6573,461.56,385.4933,True,0.2219,0.9384,601.0,287.0,0.0508,0.7354,56400.0,1.6752,0.4259,クリングルファーマ,グロース（内国株式）,医薬品
4885,2026-10-05,915.0,0.0066,0.0055,0.0144,-0.0097,-0.0134,-0.0311,893.32,902.5333,False,0.0243,0.6727,1360.1439,683.5089,0.0169,0.0743,91500.0,0.9013,0.4213,室町ケミカル,スタンダード（内国株式）,医薬品
4886,2026-10-05,2010.0,-0.0099,-0.0397,-0.0304,-0.1572,-0.0582,-0.1786,2085.8941,2173.0314,False,-0.0364,0.6601,3045.0,1893.2546,0.022,1.0937,201000.0,0.8115,0.378,あすか製薬ホールディングス,プライム（内国株式）,医薬品
4887,2026-10-05,1598.0,0.0057,-0.0268,0.0178,-0.0856,-0.01,-0.1069,1610.144,1641.7213,False,-0.0075,0.661,2417.5307,1550.5,0.0187,11.5823,159800.0,1.3007,0.2846,サワイグループホールディングス,プライム（内国株式）,医薬品
4888,2026-10-05,452.0,0.061,0.0918,0.2732,0.4534,0.2454,0.4321,400.2,348.8667,True,0.1294,0.4543,995.0,200.0,0.055,1.7694,45200.0,1.4268,0.1891,ステラファーマ,グロース（内国株式）,医薬品
4889,2026-10-05,1099.0,-0.0036,-0.0932,-0.0427,-0.2793,-0.0705,-0.3007,1187.28,1377.84,False,-0.0744,0.4693,2342.0,1070.0,0.0523,2.5081,109900.0,0.6247,0.4231,レナサイエンス,グロース（内国株式）,医薬品
4890,2026-10-05,250.0,-0.004,-0.0234,-0.1525,0.0246,-0.1803,0.0033,271.56,255.2267,True,-0.0794,0.523,478.0,210.0,0.0474,0.0939,25000.0,0.3225,0.2446,坪田ラボ,グロース（内国株式）,医薬品
4891,2026-10-05,130.0,0.0317,0.0078,0.2037,0.2264,0.1759,0.2051,120.32,109.1867,False,0.0805,0.7879,165.0,92.0,0.0467,0.6279,13000.0,1.0519,0.2471,ティムス,グロース（内国株式）,医薬品
4892,2026-10-05,648.0,-0.0107,-0.0512,0.153,0.1551,0.1252,0.1338,630.76,568.5467,True,0.0273,0.8482,764.0,487.0,0.0453,0.5693,64800.0,1.4397,0.2964,サイフューズ,グロース（内国株式）,医薬品
4893,2026-10-05,117.0,0.0,-0.0085,-0.2041,-0.0859,-0.2319,-0.1073,135.68,134.32,True,-0.1377,0.5392,217.0,114.0,0.0348,0.1414,11700.0,1.2485,0.5895,ノイルイミューン・バイオテック,グロース（内国株式）,医薬品
4894,2026-10-05,6580.0,0.0511,0.1483,0.2118,0.3595,0.184,0.3382,5749.2,4983.6667,True,0.1445,0.5306,12400.0,3610.0,0.0589,7.325,658000.0,1.3193,0.3635,クオリプス,グロース（内国株式）,医薬品
4896,2026-10-05,763.0,0.0173,-0.0474,-0.0366,0.0716,-0.0644,0.0503,798.96,746.0133,True,-0.045,0.804,949.0,604.0,0.0294,0.1381,76300.0,1.0944,0.3478,ケイファーマ,グロース（内国株式）,医薬品
4901,2026-10-05,3404.0,0.0272,0.0261,0.0173,-0.0602,-0.0105,-0.0815,3313.2117,3438.2706,False,0.0274,0.871,3908.0,2836.156,0.0198,128.4798,340400.0,0.8817,0.252,富士フイルムホールディングス,プライム（内国株式）,化学
4902,2026-10-05,643.5,-0.0036,-0.0174,-0.0351,0.0963,-0.0629,0.0749,642.8418,623.9566,True,0.001,0.8862,726.1419,476.398,0.0367,37.9629,64350.0,1.6161,0.1938,コニカミノルタ,プライム（内国株式）,電気機器
4911,2026-10-05,3274.0,0.004,-0.0717,-0.06,0.1641,-0.0878,0.1428,3473.8,3203.1312,True,-0.0575,0.8568,3821.0,2092.1839,0.0341,86.7441,327400.0,0.8206,0.3099,資生堂,プライム（内国株式）,化学
4912,2026-10-05,1728.0,0.0012,-0.0063,-0.0809,-0.0006,-0.1086,-0.0219,1782.92,1754.1146,True,-0.0308,0.888,1946.0,1460.1962,0.0157,18.5247,172800.0,0.8557,0.1654,ライオン,プライム（内国株式）,化学
4914,2026-10-05,1271.0,0.0152,-0.0178,-0.0429,0.0873,-0.0707,0.0659,1304.465,1231.155,True,-0.0257,0.7889,1611.1541,1065.0,0.0179,2.005,127100.0,0.9945,0.4002,高砂香料工業,プライム（内国株式）,化学
4918,2026-10-05,300.0,0.0033,-0.0033,0.0,-0.1304,-0.0278,-0.1518,298.04,306.3733,True,0.0066,0.6812,440.3977,248.0,0.0126,0.0333,30000.0,0.5018,0.2377,アイビー化粧品,スタンダード（内国株式）,化学
4919,2026-10-05,3250.0,0.0109,-0.0122,0.0125,0.1549,-0.0153,0.1336,3210.6,2976.4895,True,0.0123,0.9673,3360.0,2226.1668,0.0176,4.7288,325000.0,0.9348,0.1925,ミルボン,プライム（内国株式）,化学
4920,2026-10-05,1172.0,-0.0217,0.0372,0.0326,0.0299,0.0048,0.0086,1138.12,1129.9733,True,0.0298,0.9106,1287.0,1020.0,0.0124,0.0071,117200.0,0.8292,0.5078,日本色材工業研究所,スタンダード（内国株式）,化学
4922,2026-10-05,5363.0,-0.0041,-0.0536,-0.067,-0.01,-0.0948,-0.0313,5657.48,5542.9276,True,-0.0521,0.8367,6409.4347,4778.6991,0.0209,16.1575,536300.0,0.9848,0.4269,コーセーホールディングス,プライム（内国株式）,化学
4923,2026-10-05,1142.0,-0.0206,-0.0783,-0.0775,-0.0347,-0.1053,-0.056,1220.0,1201.8,True,-0.0639,0.8391,1360.9267,1036.8966,0.0178,0.3769,114200.0,1.314,0.5028,コタ,プライム（内国株式）,化学
4925,2026-10-05,1676.0,-0.0141,-0.0141,-0.0334,-0.0222,-0.0612,-0.0435,1722.68,1728.2667,True,-0.0271,0.927,1807.9111,1614.3112,0.0096,0.044,167600.0,1.9761,0.5413,ハーバー研究所,スタンダード（内国株式）,化学
4926,2026-10-05,1230.0,-0.004,-0.0097,-0.0097,-0.0032,-0.0375,-0.0246,1244.4813,1238.0404,True,-0.0116,0.9045,1359.8518,1178.2074,0.0057,0.0119,123000.0,1.191,0.3001,シーボン,スタンダード（内国株式）,化学
4927,2026-10-05,1340.5,0.0056,-0.0332,-0.0286,0.003,-0.0564,-0.0183,1366.96,1340.9676,True,-0.0194,0.9345,1434.5,1212.6598,0.0157,7.1183,134050.0,1.0788,0.3167,ポーラ・オルビスホールディングス,プライム（内国株式）,化学
4928,2026-10-05,4420.0,-0.0045,-0.0296,-0.0915,-0.02,-0.1193,-0.0413,4724.5039,4652.968,True,-0.0645,0.8718,5070.0,4190.0,0.0162,4.7628,442000.0,1.1995,0.6437,ノエビアホールディングス,プライム（内国株式）,化学
4929,2026-10-05,739.0,0.0041,-0.0027,-0.0014,0.0068,-0.0291,-0.0145,740.32,735.8533,True,-0.0018,0.9069,814.868,717.0,0.0056,0.0167,73900.0,0.7935,0.2655,アジュバンホールディングス,スタンダード（内国株式）,化学
4931,2026-10-05,1953.0,-0.0056,-0.0332,-0.0478,-0.0269,-0.0756,-0.0482,2028.8138,2016.4979,True,-0.0374,0.8311,2350.0,1855.0,0.0179,1.1808,195300.0,1.6913,0.4253,新日本製薬,プライム（内国株式）,化学
4932,2026-10-05,770.0,-0.0065,-0.0435,0.0065,0.1159,-0.0213,0.0946,797.08,730.2533,True,-0.034,0.6748,1141.1215,612.0,0.0224,0.1836,77000.0,1.048,0.366,アルマード,スタンダード（内国株式）,化学
4933,2026-10-05,2150.0,0.0042,-0.0138,0.4858,0.7962,0.458,0.7748,1796.16,1456.4349,True,0.197,0.883,2435.0,1013.2289,0.0791,5.4622,215000.0,3.3083,0.284,Ｉ－ｎｅ,プライム（内国株式）,化学
4934,2026-10-05,581.0,-0.0017,0.0052,-0.0349,-0.0792,-0.0627,-0.1006,593.56,603.88,False,-0.0212,0.6975,833.0,576.0,0.0216,0.0734,58100.0,1.0599,0.1591,プレミアアンチエイジング,グロース（内国株式）,化学
4935,2026-10-05,224.0,-0.0667,0.0566,0.1256,-0.3313,0.0978,-0.3527,192.44,238.1467,False,0.164,0.4905,456.6588,127.0,0.1253,6.0353,22400.0,2.119,0.4631,リベルタ,スタンダード（内国株式）,化学
4936,2026-10-05,291.0,-0.0068,-0.049,-0.0935,-0.1394,-0.1213,-0.1607,310.88,322.7321,False,-0.0639,0.632,460.4234,288.0,0.0221,0.1593,29100.0,1.3564,0.3578,アクシージア,スタンダード（内国株式）,化学
4937,2026-10-05,2354.0,-0.0101,-0.0076,0.0343,0.5852,0.0065,0.5639,2381.68,1914.1333,True,-0.0116,0.9386,2508.0,1202.0,0.0199,0.1523,235400.0,0.7385,0.26,Ｗａｑｏｏ,グロース（内国株式）,化学
4951,2026-10-05,1487.0,-0.004,-0.012,-0.03,-0.0106,-0.0578,-0.032,1516.4304,1512.4368,True,-0.0194,0.9334,1593.1249,1426.0,0.011,0.6619,148700.0,1.8719,0.343,エステー,プライム（内国株式）,化学
4956,2026-10-05,1446.0,0.0,-0.0341,-0.0256,0.0021,-0.0534,-0.0192,1477.3615,1460.6938,True,-0.0212,0.9507,1521.0,1181.4938,0.0179,0.9827,144600.0,0.959,0.344,コニシ,プライム（内国株式）,化学
4958,2026-10-05,3290.0,0.0108,-0.0295,-0.0045,0.0123,-0.0323,-0.009,3338.3709,3290.7236,True,-0.0145,0.932,3530.0,2604.3602,0.0218,3.8896,329000.0,2.1467,0.4117,長谷川香料,プライム（内国株式）,化学
4960,2026-10-05,538.0,0.0151,-0.1063,-0.1137,-0.0495,-0.1415,-0.0708,579.2,552.6933,True,-0.0711,0.3431,1568.2089,278.903,0.0793,1.0851,53800.0,3.2077,0.4315,ケミプロ化成,スタンダード（内国株式）,化学
4966,2026-10-05,21980.0,0.029,0.0963,0.1226,-0.1457,0.0948,-0.1671,19834.8,22441.3333,False,0.1082,0.7731,28430.0,11071.3562,0.029,9.6528,2198000.0,0.6322,0.4787,上村工業,スタンダード（内国株式）,化学
4967,2026-10-05,7059.0,-0.0068,0.0201,0.243,0.2494,0.2152,0.2281,6097.76,5722.9199,True,0.1576,0.9774,7222.0,4933.521,0.0278,22.1342,705900.0,1.7864,0.7168,小林製薬,プライム（内国株式）,化学
4968,2026-10-05,2500.0,0.0776,0.0886,0.1962,0.2425,0.1684,0.2212,2208.6205,2172.1002,True,0.1319,0.9353,2673.0,1020.2282,0.0403,3.8666,250000.0,0.6366,0.3577,荒川化学工業,プライム（内国株式）,化学
4970,2026-10-05,11160.0,0.0353,0.1222,0.0649,-0.3297,0.0371,-0.351,10358.98,13092.86,False,0.0773,0.5779,19310.0,6047.6074,0.0405,6.2189,1116000.0,0.6223,0.4001,東洋合成工業,スタンダード（内国株式）,化学
4971,2026-10-05,7520.0,0.0444,0.1274,0.1768,-0.2199,0.149,-0.2412,6522.0,8161.11,False,0.153,0.6181,12165.3848,3715.2229,0.0371,23.2953,752000.0,1.1137,0.5371,メック,プライム（内国株式）,化学
4972,2026-10-05,4425.0,-0.0023,0.0243,0.0612,0.25,0.0334,0.2287,4046.8,3599.7467,True,0.0935,0.9578,4620.0,1873.2994,0.0339,2.2805,442500.0,0.5981,0.5267,綜研化学,スタンダード（内国株式）,化学
4973,2026-10-05,5100.0,0.0681,0.0681,0.084,-0.0395,0.0562,-0.0609,4799.4235,4952.2078,False,0.0626,0.7445,6850.0,2898.2448,0.0217,3.175,510000.0,0.7338,0.3509,日本高純度化学,プライム（内国株式）,化学
4975,2026-10-05,6280.0,0.0555,0.0884,0.1254,-0.1302,0.0977,-0.1515,5718.4123,6241.3374,False,0.0982,0.7763,8090.0,4155.2579,0.0251,4.7798,628000.0,0.6545,0.3992,ＪＣＵ,プライム（内国株式）,化学
4976,2026-10-05,1527.0,-0.0557,-0.0348,-0.0299,0.1737,-0.0577,0.1524,1563.12,1407.6017,True,-0.0231,0.8751,1745.0,1234.4102,0.0305,0.0659,152700.0,0.9774,0.2594,東洋ドライルーブ,スタンダード（内国株式）,化学
4977,2026-10-05,1165.0,-0.0085,-0.0127,-0.0292,-0.1364,-0.057,-0.1577,1190.8827,1256.4009,False,-0.0217,0.7949,1465.6386,950.1517,0.0101,0.337,116500.0,0.8566,0.2892,新田ゼラチン,スタンダード（内国株式）,化学
4978,2026-10-05,137.0,0.0379,0.0,-0.068,0.0873,-0.0958,0.066,141.52,134.92,True,-0.0319,0.6587,208.0,117.0,0.0323,0.7757,13700.0,0.9087,0.2935,リプロセル,グロース（内国株式）,化学
4979,2026-10-05,2768.0,0.0147,-0.0514,-0.053,0.1261,-0.0808,0.1048,2876.68,2652.5072,True,-0.0378,0.8358,3311.7434,2014.0652,0.0284,0.6412,276800.0,1.0529,0.2846,ＯＡＴアグリオ,スタンダード（内国株式）,化学
4980,2026-10-05,3474.0,0.0251,0.1603,0.1897,-0.1853,0.1619,-0.2066,3020.2045,3504.3282,False,0.1503,0.6645,5228.0,2083.0,0.0314,47.2194,347400.0,1.1219,0.49,デクセリアルズ,プライム（内国株式）,化学
4985,2026-10-05,4575.0,0.0022,-0.0328,-0.0625,-0.0469,-0.0903,-0.0682,4740.8,4736.8,True,-0.035,0.8765,5219.893,4475.0,0.0116,2.4235,457500.0,0.8526,0.4416,アース製薬,プライム（内国株式）,化学
4990,2026-10-05,518.0,-0.0115,-0.0354,0.0137,0.0078,-0.0141,-0.0135,525.8058,507.1619,True,-0.0148,0.8893,582.4772,446.2368,0.0222,0.021,51800.0,0.6311,0.3045,昭和化学工業,スタンダード（内国株式）,化学
4992,2026-10-05,1916.0,0.029,-0.0224,-0.0299,-0.085,-0.0577,-0.1063,1936.28,1990.1467,True,-0.0105,0.8374,2288.0,1507.1471,0.0236,1.2901,191600.0,0.7841,0.2924,北興化学工業,スタンダード（内国株式）,化学
4994,2026-10-05,2575.0,-0.0157,-0.0502,-0.1075,0.0663,-0.1352,0.0449,2758.8058,2607.8953,True,-0.0666,0.8767,2937.0,2135.0,0.0178,0.382,257500.0,0.8765,0.4949,大成ラミックグループ,スタンダード（内国株式）,化学
4996,2026-10-05,653.0,-0.0106,-0.0369,-0.1639,-0.0956,-0.1917,-0.1169,716.56,731.8133,False,-0.0887,0.7934,823.0407,644.0,0.0277,4.978,65300.0,1.1831,0.2047,クミアイ化学工業,プライム（内国株式）,化学
4997,2026-10-05,1077.0,0.0,-0.0683,-0.1734,0.0386,-0.2012,0.0173,1188.0089,1110.563,True,-0.0934,0.8122,1326.0,815.4297,0.0272,5.0639,107700.0,1.621,0.4987,日本農薬,プライム（内国株式）,化学
4998,2026-10-05,1153.0,0.0195,-0.0095,-0.0392,-0.0171,-0.067,-0.0384,1174.76,1180.3067,True,-0.0185,0.9338,1234.7519,1086.895,0.012,0.1689,115300.0,0.8492,0.3627,フマキラー,スタンダード（内国株式）,化学
500A,2026-10-05,3395.0,0.0074,-0.0073,-0.0159,0.1366,-0.0437,0.1153,3483.6,3150.0933,True,-0.0254,0.8933,3800.3027,2756.0,0.0312,0.4366,339500.0,1.5647,0.4148,ＴＯブックス,スタンダード（内国株式）,情報・通信業
5010,2026-10-05,307.0,0.0099,0.0623,0.066,0.3008,0.0382,0.2795,291.56,262.0267,True,0.053,0.8297,370.0,180.0,0.0275,0.355,30700.0,0.5175,0.261,日本精蝋,スタンダード（内国株式）,石油・石炭製品
5011,2026-10-05,2243.0,0.0031,-0.0324,-0.0162,0.0768,-0.044,0.0555,2284.0617,2217.6606,True,-0.018,0.8371,2679.4445,1934.0,0.0201,1.5776,224300.0,1.2827,0.3446,ニチレキグループ,プライム（内国株式）,石油・石炭製品
5013,2026-10-05,3155.0,0.0064,0.0227,0.0947,0.0786,0.0669,0.0573,2968.4502,2983.0967,False,0.0628,0.8862,3560.0,2019.2182,0.0224,1.1805,315500.0,0.7994,0.3838,ユシロ,スタンダード（内国株式）,石油・石炭製品
5015,2026-10-05,997.0,0.002,0.002,-0.006,0.0071,-0.0338,-0.0142,999.84,994.9663,True,-0.0028,0.9823,1015.0,832.9868,0.0039,0.0683,99700.0,0.9305,0.1782,ビーピー・カストロール,スタンダード（内国株式）,石油・石炭製品
5016,2026-10-05,3712.0,0.0277,0.0483,0.0142,-0.0771,-0.0136,-0.0984,3659.5574,3892.4525,False,0.0143,0.6369,5828.0,1540.4547,0.0341,664.4259,371200.0,0.9646,0.2151,ＪＸ金属,プライム（内国株式）,非鉄金属
5018,2026-10-05,2356.0,0.0239,0.012,0.0243,0.228,-0.0034,0.2066,2345.24,2154.4999,True,0.0046,0.9656,2440.0,1284.1116,0.021,0.2682,235600.0,0.3217,0.2461,ＭＯＲＥＳＣＯ,スタンダード（内国株式）,石油・石炭製品
5019,2026-10-05,1526.5,-0.0215,-0.0748,0.0441,0.2276,0.0163,0.2063,1561.0097,1373.4832,True,-0.0221,0.8935,1708.5,976.0581,0.0356,90.1606,152650.0,1.2086,0.3086,出光興産,プライム（内国株式）,石油・石炭製品
5020,2026-10-05,1362.0,-0.0015,-0.0351,0.0126,0.081,-0.0152,0.0596,1394.1995,1314.0065,True,-0.0231,0.8878,1534.1015,895.4608,0.0261,146.4008,136200.0,1.3021,0.3577,ＥＮＥＯＳホールディングス,プライム（内国株式）,石油・石炭製品
5021,2026-10-05,4122.0,-0.0091,-0.0653,-0.0338,0.0399,-0.0616,0.0185,4380.5013,4076.3671,True,-0.059,0.8352,4935.1866,3337.182,0.0276,32.2746,412200.0,1.2647,0.4533,コスモエネルギーホールディングス,プライム（内国株式）,石油・石炭製品
5025,2026-10-05,572.0,-0.0256,-0.0451,-0.0189,0.0712,-0.0467,0.0498,588.2,562.4267,False,-0.0275,0.7241,790.0,502.0,0.0255,0.0069,57200.0,1.4261,0.2265,マーキュリー,グロース（内国株式）,情報・通信業
5026,2026-10-05,621.0,0.0164,0.0114,0.0402,0.0543,0.0124,0.033,609.32,587.1867,True,0.0192,0.6112,1016.0,514.0,0.0273,0.15,62100.0,0.4043,0.3722,トリプルアイズ,グロース（内国株式）,情報・通信業
5027,2026-10-05,799.0,-0.0087,0.0165,0.1051,0.4268,0.0773,0.4055,776.92,634.5067,True,0.0284,0.9334,856.0,375.0,0.0399,2.013,79900.0,0.8285,0.2574,ＡｎｙＭｉｎｄ　Ｇｒｏｕｐ,グロース（内国株式）,情報・通信業
5028,2026-10-05,351.0,0.0029,-0.0168,-0.0113,-0.1741,-0.0391,-0.1954,356.16,368.6933,True,-0.0145,0.6382,550.0,318.0,0.0161,0.0277,35100.0,0.5112,0.2658,セカンドサイトアナリティカ,グロース（内国株式）,情報・通信業
5029,2026-10-05,920.0,-0.0033,-0.0139,0.0587,0.3372,0.0309,0.3159,930.0,803.1067,True,-0.0108,0.7731,1190.0,540.0,0.0422,0.1546,92000.0,0.7115,0.2372,サークレイス,グロース（内国株式）,情報・通信業
5031,2026-10-05,403.0,0.044,0.0605,0.1958,0.1749,0.168,0.1536,368.84,346.6,False,0.0926,0.4333,930.0,242.0,0.0982,3.0806,40300.0,1.1793,0.1264,モイ,グロース（内国株式）,情報・通信業
5032,2026-10-05,3045.0,-0.0065,0.0083,0.0428,0.2127,0.015,0.1913,3055.8,2693.6133,True,-0.0035,0.4549,6694.062,2007.0,0.0364,22.2694,304500.0,0.9251,0.3658,ＡＮＹＣＯＬＯＲ,プライム（内国株式）,情報・通信業
5033,2026-10-05,1214.0,-0.0194,-0.035,0.2068,0.3718,0.179,0.3504,1161.28,964.8267,True,0.0454,0.9507,1277.0,660.0,0.0376,0.8865,121400.0,1.0012,0.2892,ヌーラボ,グロース（内国株式）,情報・通信業
5034,2026-10-05,2370.0,-0.0271,-0.0432,0.0304,0.0304,0.0026,0.0091,2350.32,2240.3733,True,0.0084,0.6132,3865.0,1909.0,0.0367,0.3402,237000.0,0.7808,0.3491,ｕｎｅｒｒｙ,グロース（内国株式）,情報・通信業
5035,2026-10-05,360.0,-0.011,-0.0137,-0.0244,-0.011,-0.0522,-0.0323,366.88,362.1067,False,-0.0188,0.7285,494.1985,349.0,0.019,0.0104,36000.0,1.3626,0.2917,ＨＯＵＳＥＩ,グロース（内国株式）,情報・通信業
5036,2026-10-05,1535.0,-0.0122,-0.0192,-0.0501,-0.0192,-0.0779,-0.0405,1560.1502,1550.4901,False,-0.0161,0.7978,1924.0,1336.8891,0.0238,2.1433,153500.0,1.5421,0.2413,日本ビジネスシステムズ,プライム（内国株式）,情報・通信業
5038,2026-10-05,2296.0,0.0057,0.0719,0.0907,0.1446,0.0629,0.1232,2155.88,2070.9067,True,0.065,0.7662,2996.5878,1695.0,0.0287,0.9101,229600.0,1.2846,0.4338,ｅＷｅＬＬ,グロース（内国株式）,情報・通信業
504A,2026-10-05,580.0,-0.0365,-0.0268,0.0122,-0.098,-0.0156,-0.1193,573.4,529.16,False,0.0115,0.4647,1248.0,377.0,0.06,0.4888,58000.0,0.7708,0.3018,イノバセル,グロース（内国株式）,医薬品
505A,2026-10-05,1315.0,-0.0105,-0.0553,-0.0654,0.1415,-0.0932,0.1202,1389.88,1309.12,True,-0.0539,0.768,1712.2307,1036.0,0.0241,0.2855,131500.0,0.3998,0.3698,ギークリー,スタンダード（内国株式）,サービス業
5071,2026-10-05,1401.0,0.0065,0.0197,0.0241,0.0108,-0.0037,-0.0105,1399.28,1388.7467,True,0.0012,0.858,1632.9321,1261.4594,0.0269,0.8691,140100.0,4.3698,0.4216,ヴィス,スタンダード（内国株式）,サービス業
5074,2026-10-05,544.0,0.013,-0.0355,-0.1365,-0.3524,-0.1643,-0.3737,588.2,724.6548,False,-0.0751,0.3815,1425.8667,301.0163,0.0309,5.422,54400.0,0.5382,0.3694,テスホールディングス,プライム（内国株式）,建設業
5076,2026-10-05,2330.0,-0.1356,-0.1714,-0.1823,-0.1608,-0.2101,-0.1821,2789.2694,2750.0898,True,-0.1647,0.7864,2963.0,1431.8193,0.0404,51.5559,233000.0,1.3482,0.6629,インフロニア・ホールディングス,プライム（内国株式）,建設業
5078,2026-10-05,4665.0,-0.0064,-0.0085,-0.0241,-0.0053,-0.0519,-0.0266,4735.6,4765.7333,False,-0.0149,0.7398,6305.3892,4252.2456,0.007,0.0174,466500.0,1.1,0.3692,セレコーポレーション,スタンダード（内国株式）,建設業
5079,2026-10-05,2552.0,0.0008,-0.0196,-0.0203,0.0159,-0.0481,-0.0054,2601.48,2561.2533,True,-0.019,0.8867,2878.2136,2390.0,0.0125,0.1661,255200.0,1.4251,0.4688,ノバック,スタンダード（内国株式）,建設業
5101,2026-10-05,7191.0,0.0184,0.0533,0.0214,-0.0919,-0.0063,-0.1132,7000.68,7393.5409,True,0.0272,0.8673,8291.0,4969.7613,0.0255,64.8927,719100.0,0.9483,0.2501,横浜ゴム,プライム（内国株式）,ゴム製品
5105,2026-10-05,3924.0,0.0049,0.0062,0.0654,-0.0158,0.0376,-0.0371,3764.76,3860.4859,True,0.0423,0.8221,4773.2871,3367.355,0.0225,55.417,392400.0,0.8111,0.2428,ＴＯＹＯ　ＴＩＲＥ,プライム（内国株式）,ゴム製品
5108,2026-10-05,3829.0,0.013,-0.0008,-0.0656,0.0618,-0.0934,0.0405,3881.36,3805.7274,True,-0.0135,0.8716,4393.0,3109.3037,0.0174,160.8417,382900.0,1.1165,0.2842,ブリヂストン,プライム（内国株式）,ゴム製品
5110,2026-10-05,1999.0,0.0099,-0.0104,-0.0745,-0.1305,-0.1023,-0.1518,2065.7,2187.504,True,-0.0323,0.7284,2744.4725,1658.4444,0.0181,42.4257,199900.0,0.8983,0.185,住友ゴム工業,プライム（内国株式）,ゴム製品
5121,2026-10-05,3075.0,0.0336,0.0449,0.1474,0.1919,0.1196,0.1705,2792.4044,2666.8548,True,0.1012,0.9872,3115.0,1734.0982,0.0243,3.0278,307500.0,1.4996,0.441,藤倉コンポジット,プライム（内国株式）,ゴム製品
5122,2026-10-05,6210.0,0.0098,-0.004,-0.0096,0.1543,-0.0374,0.133,6238.5752,5938.3251,True,-0.0046,0.9227,6730.0,4935.1499,0.0223,1.3273,621000.0,0.7222,0.2237,オカモト,プライム（内国株式）,ゴム製品
5125,2026-10-05,567.0,0.0309,0.0216,0.2013,0.222,0.1735,0.2007,498.52,480.4933,True,0.1374,0.4299,1319.0,450.0,0.0354,0.0373,56700.0,1.8589,0.6975,ファインズ,グロース（内国株式）,情報・通信業
5126,2026-10-05,1448.0,-0.0014,0.014,0.0154,-0.095,-0.0124,-0.1163,1419.56,1485.4,True,0.02,0.7483,1935.0,1300.0,0.0073,0.0069,144800.0,0.673,0.6054,ポーターズ,グロース（内国株式）,情報・通信業
5129,2026-10-05,242.0,-0.0281,-0.0435,-0.2117,-0.12,-0.2395,-0.1413,276.28,259.64,False,-0.1241,0.3639,665.0,227.0,0.0416,0.2868,24200.0,0.3949,0.3277,ＦＩＸＥＲ,グロース（内国株式）,情報・通信業
5131,2026-10-05,158.0,0.0128,-0.092,0.2742,0.1618,0.2464,0.1404,149.16,133.8933,True,0.0593,0.5392,293.0,110.0,0.17,8.5188,15800.0,1.9522,0.3202,リンカーズ,グロース（内国株式）,情報・通信業
5132,2026-10-05,1956.0,0.0235,0.0602,-0.0307,-0.1028,-0.0585,-0.1241,1964.56,1949.9733,True,-0.0044,0.4352,4495.0,1275.0,0.0396,0.7931,195600.0,0.728,0.2415,ｐｌｕｓｚｅｒｏ,グロース（内国株式）,情報・通信業
5133,2026-10-05,334.0,0.0091,0.074,0.0951,0.0536,0.0673,0.0323,305.12,302.6267,True,0.0947,0.9042,369.3804,267.0,0.0349,0.3821,33400.0,2.6494,0.4724,テリロジーホールディングス,スタンダード（内国株式）,情報・通信業
5134,2026-10-05,455.0,0.0089,-0.0066,-0.0521,-0.1078,-0.0799,-0.1292,469.12,489.6133,False,-0.0301,0.4002,1137.0,431.0,0.0171,0.0221,45500.0,0.7909,0.1798,ＰＯＰＥＲ,グロース（内国株式）,情報・通信業
5136,2026-10-05,2465.0,0.0297,0.0314,0.2726,0.2143,0.2448,0.193,2182.36,1930.6933,True,0.1295,0.9629,2560.0,1246.0,0.0521,2.093,246500.0,1.8539,0.2531,ｔｒｉｐｌａ,グロース（内国株式）,情報・通信業
5137,2026-10-05,297.0,0.0,-0.01,-0.0388,0.2857,-0.0666,0.2644,305.64,255.3333,True,-0.0283,0.5211,570.0,175.0,0.0438,1.3024,29700.0,0.5656,0.2077,スマートドライブ,グロース（内国株式）,情報・通信業
5138,2026-10-05,453.0,-0.0044,0.0249,-0.0423,0.0837,-0.0701,0.0624,456.96,434.7067,True,-0.0087,0.3498,1295.0,365.0,0.0246,0.004,45300.0,0.688,0.3141,Ｒｅｂａｓｅ,グロース（内国株式）,情報・通信業
5139,2026-10-05,933.0,0.0021,-0.0117,0.0,-0.0127,-0.0278,-0.034,934.84,935.3785,True,-0.002,0.7689,1213.4536,834.1871,0.018,0.0876,93300.0,0.4856,0.3455,オープンワーク,グロース（内国株式）,情報・通信業
5142,2026-10-05,1936.0,-0.0056,0.0184,0.055,0.6106,0.0272,0.5893,1849.44,1552.5333,True,0.0468,0.9528,2032.0,1089.0,0.0338,1.3446,193600.0,0.8097,0.3225,アキレス,プライム（内国株式）,化学
5161,2026-10-05,3425.0,-0.0058,-0.0167,-0.0743,0.0925,-0.1021,0.0712,3551.0725,3334.0775,True,-0.0355,0.7717,4438.1953,2719.5542,0.0213,4.1463,342500.0,0.9419,0.2533,西川ゴム工業,スタンダード（内国株式）,ゴム製品
5162,2026-10-05,815.0,0.0213,0.053,0.02,0.0316,-0.0078,0.0103,797.8253,796.1018,True,0.0215,0.7675,1061.826,598.0,0.0177,0.028,81500.0,1.1777,0.3188,朝日ラバー,スタンダード（内国株式）,ゴム製品
5184,2026-10-05,4115.0,0.0037,-0.0012,-0.0012,-0.0012,-0.029,-0.0225,4122.0,4106.0152,True,-0.0017,0.9622,4276.5107,3368.1064,0.0098,0.5054,411500.0,0.9223,0.2602,ニチリン,スタンダード（内国株式）,ゴム製品
5185,2026-10-05,1922.0,-0.0005,-0.039,-0.0499,0.0566,-0.0777,0.0353,1992.1278,1922.4026,True,-0.0352,0.9135,2104.0,1712.0,0.0151,0.8973,192200.0,0.8912,0.3822,フコク,プライム（内国株式）,ゴム製品
5186,2026-10-05,6830.0,0.0396,0.0081,0.0271,0.1289,-0.0007,0.1076,6707.7752,6531.9251,True,0.0182,0.9395,7270.0,3838.0123,0.0219,2.8796,683000.0,0.7209,0.2744,ニッタ,プライム（内国株式）,ゴム製品
5187,2026-10-05,1138.0,-0.0096,-0.0274,-0.0052,0.0243,-0.033,0.003,1147.52,1131.9609,True,-0.0083,0.9317,1221.4433,931.8651,0.0185,0.0461,113800.0,0.7931,0.2952,クリエートメディック,スタンダード（内国株式）,精密機器
5189,2026-10-05,3410.0,0.0,-0.0015,-0.0515,0.0104,-0.0793,-0.0109,3495.3567,3429.3989,True,-0.0244,0.8217,4150.0,2057.3049,0.0143,0.0383,341000.0,0.0859,0.2454,櫻護謨,スタンダード（内国株式）,ゴム製品
5192,2026-10-05,4125.0,0.0061,-0.0162,-0.0657,0.0404,-0.0935,0.019,4281.8999,4175.0333,True,-0.0366,0.8881,4645.0,3496.794,0.0158,3.12,412500.0,1.0337,0.3903,三ツ星ベルト,プライム（内国株式）,ゴム製品
5194,2026-10-05,639.0,-0.0016,0.0111,-0.0108,0.0016,-0.0386,-0.0198,638.04,639.48,True,0.0015,0.6727,949.9454,600.0,0.0087,0.032,63900.0,0.8581,0.2333,相模ゴム工業,スタンダード（内国株式）,ゴム製品
5195,2026-10-05,2484.0,0.0139,0.0053,0.0102,0.106,-0.0176,0.0846,2459.6013,2370.4404,True,0.0099,0.9703,2560.0,1823.423,0.0214,1.7198,248400.0,1.201,0.2212,バンドー化学,プライム（内国株式）,ゴム製品
5199,2026-10-05,1965.0,0.0,-0.0175,-0.0224,0.0213,-0.0502,-0.0,1990.8,1975.0133,True,-0.013,0.9182,2140.0,1824.5957,0.0055,0.006,196500.0,0.5817,0.4265,不二ラテックス,スタンダード（内国株式）,ゴム製品
519A,2026-10-05,415.0,-0.0611,-0.1245,-0.1782,-0.1847,-0.206,-0.206,487.84,503.3733,False,-0.1493,0.497,835.0,415.0,0.0293,0.0615,41500.0,1.7449,0.6835,ベーシック,グロース（内国株式）,情報・通信業
5201,2026-10-05,5810.0,0.0106,0.0265,0.0278,-0.1376,-0.0,-0.1589,5664.2,6140.7387,False,0.0257,0.7092,8192.8229,4548.4874,0.0184,64.1107,581000.0,0.8312,0.2461,ＡＧＣ,プライム（内国株式）,ガラス・土石製品
5204,2026-10-05,3030.0,0.0,-0.0082,0.0,-0.0226,-0.0278,-0.0439,3051.84,3025.16,True,-0.0072,0.7477,4052.1817,2710.0,0.0133,0.1497,303000.0,0.585,0.223,石塚硝子,スタンダード（内国株式）,ガラス・土石製品
5208,2026-10-05,2925.0,0.0432,0.0882,0.1311,0.0935,0.1033,0.0721,2654.7448,2607.3416,True,0.1018,0.9822,2978.0,1473.0852,0.0278,5.2339,292500.0,1.0042,0.3689,有沢製作所,プライム（内国株式）,化学
520A,2026-10-05,400.0,0.0076,0.0526,0.023,0.3201,-0.0048,0.2988,399.16,331.52,False,0.0021,0.4944,809.0,260.0,0.0968,3.4514,40000.0,0.8859,0.1989,ジェイファーマ,グロース（内国株式）,医薬品
5210,2026-10-05,2752.0,-0.0213,-0.0154,-0.0543,-0.0434,-0.0821,-0.0648,2872.7885,2840.2895,True,-0.042,0.7021,3919.6672,2475.0,0.0162,0.9185,275200.0,0.8637,0.3585,日本山村硝子,スタンダード（内国株式）,ガラス・土石製品
5214,2026-10-05,5158.0,0.0196,0.0609,0.1162,-0.1837,0.0884,-0.2051,4842.48,5377.303,False,0.0652,0.6234,8273.4206,4323.0,0.022,29.6069,515800.0,0.8471,0.3377,日本電気硝子,プライム（内国株式）,ガラス・土石製品
5216,2026-10-05,134.0,-0.0074,0.0229,-0.1299,-0.1572,-0.1577,-0.1786,145.24,151.5067,True,-0.0774,0.4702,285.0,116.0,0.0341,0.1572,13400.0,0.3151,0.2625,倉元製作所,スタンダード（内国株式）,ガラス・土石製品
5218,2026-10-05,1684.0,0.0338,0.0268,0.044,0.0865,0.0162,0.0651,1636.04,1565.16,True,0.0293,0.9541,1765.0,1019.0,0.0409,1.454,168400.0,0.7736,0.148,オハラ,スタンダード（内国株式）,ガラス・土石製品
5232,2026-10-05,1867.0,0.0005,0.0219,-0.6563,-0.6824,-0.6841,-0.7037,4407.8295,5304.8365,False,-0.5764,0.2865,6517.0,1786.0,0.1973,10.3485,186700.0,1.6431,1.0982,住友大阪セメント,プライム（内国株式）,ガラス・土石製品
5233,2026-10-05,4118.0,0.0044,0.0051,-0.0005,-0.0134,-0.0283,-0.0347,4144.9085,4129.9962,False,-0.0065,0.8407,4898.028,3219.014,0.0228,19.3245,411800.0,1.0058,0.3183,太平洋セメント,プライム（内国株式）,ガラス・土石製品
5237,2026-10-05,1134.0,0.0,-0.0993,-0.0644,-0.0636,-0.0922,-0.0849,1210.12,1212.56,True,-0.0629,0.8743,1297.0,944.4586,0.0247,0.0643,113400.0,1.3031,0.475,ノザワ,スタンダード（内国株式）,ガラス・土石製品
523A,2026-10-05,1973.0,0.0025,0.0395,0.1579,0.121,0.1301,0.0997,1825.36,1710.88,False,0.0809,0.7647,2580.0,1220.0,0.0472,1.7267,197300.0,0.7887,0.2568,セイワホールディングス,グロース（内国株式）,金属製品
5240,2026-10-05,174.0,0.0116,-0.0114,-0.2055,0.3182,-0.2333,0.2969,193.88,182.56,True,-0.1025,0.4579,380.0,113.0,0.0452,0.2873,17400.0,0.0493,0.2927,ｍｏｎｏＡＩ　ｔｅｃｈｎｏｌｏｇｙ,グロース（内国株式）,情報・通信業
5242,2026-10-05,2249.0,0.0456,-0.0306,-0.0136,1.594,-0.0414,1.5727,2385.96,1803.4533,True,-0.0574,0.7006,3210.0,804.0,0.0652,0.2075,224900.0,0.17,0.4262,アイズ,グロース（内国株式）,情報・通信業
5243,2026-10-05,3880.0,-0.0537,0.2278,0.3947,0.7244,0.3669,0.7031,3110.04,2466.6533,True,0.2476,0.9417,4120.0,1152.0,0.0567,13.1006,388000.0,1.1533,0.5181,ｎｏｔｅ,グロース（内国株式）,情報・通信業
5244,2026-10-05,176.0,0.0,0.0057,0.0057,0.0115,-0.0221,-0.0098,176.6,174.6133,True,-0.0034,0.5904,298.1019,152.0,0.0244,0.2772,17600.0,0.6349,0.2567,ｊｉｇ．ｊｐ,グロース（内国株式）,情報・通信業
5246,2026-10-05,878.0,0.063,0.0477,0.015,0.3223,-0.0128,0.301,847.0,763.4133,True,0.0366,0.7853,1118.0,498.0,0.0393,3.3966,87800.0,0.7635,0.2116,ＥＬＥＭＥＮＴＳ,グロース（内国株式）,情報・通信業
5247,2026-10-05,556.0,-0.0228,-0.0054,-0.028,0.051,-0.0558,0.0297,562.08,549.9733,False,-0.0108,0.607,916.0,508.0,0.0235,0.0167,55600.0,0.7723,0.2295,ＢＴＭ,グロース（内国株式）,情報・通信業
5248,2026-10-05,509.0,0.002,-0.0097,0.0079,-0.0342,-0.0199,-0.0555,510.8,504.16,True,-0.0035,0.724,703.0,420.0,0.021,0.0893,50900.0,0.3474,0.196,テクノロジーズ,グロース（内国株式）,情報・通信業
5250,2026-10-05,1039.0,-0.0272,-0.0433,0.0137,-0.0572,-0.0141,-0.0785,1089.04,1073.9733,False,-0.0459,0.6686,1554.0,813.4549,0.0389,0.0254,103900.0,1.2011,0.3562,ＧＭＯプライム・ストラテジー,スタンダード（内国株式）,情報・通信業
5252,2026-10-05,999.0,0.0299,-0.0225,0.3685,0.3059,0.3407,0.2846,889.68,817.1333,True,0.1229,0.9514,1050.0,469.7745,0.0508,0.2304,99900.0,1.7887,0.2859,日本ナレッジ,グロース（内国株式）,情報・通信業
5253,2026-10-05,1529.0,0.0193,0.0126,-0.0444,-0.0538,-0.0722,-0.0752,1605.88,1544.7467,False,-0.0479,0.7554,2024.0,1141.0,0.0385,23.8718,152900.0,0.9969,0.3835,カバー,グロース（内国株式）,情報・通信業
5254,2026-10-05,4230.0,0.0108,0.0193,0.1132,0.0071,0.0854,-0.0142,4115.4,4097.6,True,0.0278,0.8503,4975.0,2454.0,0.0289,0.4936,423000.0,0.6189,0.2661,Ａｒｅｎｔ,グロース（内国株式）,情報・通信業
5255,2026-10-05,79.0,-0.0247,-0.0125,-0.1319,-0.0706,-0.1597,-0.0919,86.24,86.96,False,-0.084,0.3465,228.0,69.0,0.0407,0.1806,7900.0,0.6462,0.2489,モンスターラボ,グロース（内国株式）,情報・通信業
5256,2026-10-05,3740.0,0.0625,0.0984,0.4496,0.624,0.4218,0.6026,2971.4,2571.7733,True,0.2587,0.948,3945.0,2040.0,0.0605,0.3534,374000.0,2.5392,0.4287,Ｆｕｓｉｃ,グロース（内国株式）,情報・通信業
5257,2026-10-05,2825.0,-0.0215,-0.0098,-0.0014,0.0933,-0.0292,0.0719,2861.24,2681.0133,True,-0.0127,0.9586,2947.0,2264.0,0.0152,0.058,282500.0,0.9225,0.2893,ノバシステム,スタンダード（内国株式）,情報・通信業
5258,2026-10-05,424.0,0.0144,-0.0185,0.0119,0.0984,-0.0159,0.0771,428.0,412.1467,True,-0.0093,0.7985,531.0,291.0,0.0256,0.2285,42400.0,0.5033,0.2303,トランザクション・メディア・ネットワークス,グロース（内国株式）,情報・通信業
5261,2026-10-05,7540.0,-0.004,0.0013,-0.0233,-0.022,-0.0511,-0.0434,7635.6,7630.5333,True,-0.0125,0.8558,8810.6436,5248.8941,0.0121,0.2357,754000.0,0.8235,0.2625,リソルホールディングス,プライム（内国株式）,サービス業
5262,2026-10-05,1059.0,-0.0213,-0.0553,-0.0587,-0.0103,-0.0865,-0.0316,1129.5296,1084.1365,True,-0.0624,0.5301,1997.5748,987.0,0.0214,2.3033,105900.0,0.914,0.4058,日本ヒューム,プライム（内国株式）,ガラス・土石製品
5268,2026-10-05,831.0,0.0,-0.0107,-0.0756,-0.0024,-0.1034,-0.0237,859.4,843.2133,False,-0.033,0.7236,1148.3804,761.6609,0.0183,0.0695,83100.0,0.6227,0.2826,旭コンクリート工業,スタンダード（内国株式）,ガラス・土石製品
5269,2026-10-05,349.0,0.0029,-0.0251,-0.0542,0.0544,-0.082,0.0331,363.4394,351.0131,True,-0.0397,0.8835,395.0,306.1846,0.0149,0.5394,34900.0,0.7959,0.3841,日本コンクリート工業,プライム（内国株式）,ガラス・土石製品
5271,2026-10-05,2290.0,0.0022,0.04,0.0088,0.0597,-0.019,0.0383,2231.72,2200.6065,True,0.0261,0.9001,2544.1592,2054.9734,0.0119,0.0121,229000.0,0.8188,0.5154,トーヨーアサノ,スタンダード（内国株式）,ガラス・土石製品
5273,2026-10-05,1982.0,-0.0227,-0.0342,-0.0115,0.1326,-0.0393,0.1113,2054.218,1852.6327,True,-0.0352,0.9038,2192.9887,1362.0,0.0372,1.174,198200.0,1.1953,0.2752,三谷セキサン,スタンダード（内国株式）,ガラス・土石製品
5279,2026-10-05,1188.0,-0.019,-0.0214,-0.0182,-0.0373,-0.046,-0.0586,1206.04,1202.7733,True,-0.015,0.8002,1484.6743,1089.0,0.0133,0.0333,118800.0,0.9718,0.3611,日本興業,スタンダード（内国株式）,ガラス・土石製品
5280,2026-10-05,2176.0,0.0069,-0.0233,-0.0127,-0.0477,-0.0405,-0.069,2209.36,2215.24,True,-0.0151,0.7087,3070.5186,2072.0,0.0134,0.188,217600.0,0.7145,0.4381,ヨシコン,スタンダード（内国株式）,不動産業
5282,2026-10-05,384.0,-0.0179,-0.0519,-0.1028,-0.1253,-0.1306,-0.1466,411.3624,415.8141,True,-0.0665,0.7721,497.3674,318.1977,0.0219,0.2008,38400.0,0.9387,0.3688,ジオスター,スタンダード（内国株式）,ガラス・土石製品
5283,2026-10-05,3210.0,-0.0062,0.0047,0.0078,0.1012,-0.0199,0.0799,3164.8,3052.6184,True,0.0143,0.8662,3705.7958,2833.7865,0.0172,0.0204,321000.0,0.9355,0.2348,高見澤,スタンダード（内国株式）,卸売業
5284,2026-10-05,2212.0,-0.0023,-0.0058,-0.0147,-0.0208,-0.0425,-0.0421,2233.04,2240.6,True,-0.0094,0.8998,2458.3606,2101.0,0.0087,0.1389,221200.0,0.6497,0.2082,ヤマウホールディングス,スタンダード（内国株式）,ガラス・土石製品
5285,2026-10-05,1286.0,-0.01,-0.0367,-0.0544,-0.0627,-0.0822,-0.084,1349.44,1360.5467,True,-0.047,0.6036,2130.4011,1185.0,0.0132,0.3178,128600.0,0.561,0.443,ヤマックス,スタンダード（内国株式）,ガラス・土石製品
5287,2026-10-05,873.0,-0.0332,-0.0311,0.0092,0.0368,-0.0185,0.0155,901.24,854.4667,True,-0.0313,0.4309,2026.0408,787.0,0.0419,1.1101,87300.0,0.8024,0.2816,イトーヨーギョー,スタンダード（内国株式）,ガラス・土石製品
5288,2026-10-05,1440.0,0.0206,-0.0123,-0.0514,-0.04,-0.0792,-0.0613,1481.8316,1504.4772,False,-0.0282,0.8182,1760.0,1122.1349,0.0172,2.9145,144000.0,1.1366,0.3265,アジアパイルホールディングス,プライム（内国株式）,ガラス・土石製品
5290,2026-10-05,1225.0,-0.0041,-0.0285,0.068,-0.1026,0.0402,-0.1239,1209.16,1267.48,False,0.0131,0.5784,2118.0,1127.0,0.0231,1.0448,122500.0,1.2557,0.2581,ベルテクスコーポレーション,スタンダード（内国株式）,ガラス・土石製品
5301,2026-10-05,2380.0,0.0267,0.0665,0.3135,0.3659,0.2857,0.3445,2033.82,1803.2765,True,0.1702,0.9898,2404.5,867.8439,0.0416,53.224,238000.0,1.3694,0.3831,東海カーボン,プライム（内国株式）,ガラス・土石製品
5302,2026-10-05,5230.0,0.0116,0.0295,0.0377,0.0491,0.0099,0.0278,5088.2,4882.5581,True,0.0279,0.9614,5440.0,4030.2583,0.0184,1.9814,523000.0,0.6388,0.3007,日本カーボン,プライム（内国株式）,ガラス・土石製品
5304,2026-10-05,2351.0,-0.0047,-0.0412,-0.1112,-0.082,-0.139,-0.1033,2522.2912,2505.9237,False,-0.0679,0.7772,3025.004,2059.1599,0.0184,0.419,235100.0,0.7261,0.4237,ＳＥＣカーボン,スタンダード（内国株式）,ガラス・土石製品
5310,2026-10-05,7900.0,0.0115,0.0519,0.1704,0.0436,0.1426,0.0223,7190.8,7203.4667,False,0.0986,0.8788,8990.0,4115.5467,0.031,6.6347,790000.0,0.8706,0.3429,東洋炭素,プライム（内国株式）,ガラス・土石製品
5331,2026-10-05,3785.0,0.0244,0.047,0.0753,-0.0502,0.0475,-0.0715,3593.9641,3706.2547,False,0.0532,0.8166,4635.0,2268.1801,0.0239,6.8493,378500.0,0.8159,0.2598,ノリタケ,プライム（内国株式）,ガラス・土石製品
5332,2026-10-05,6235.0,0.0226,0.0774,0.0575,-0.2708,0.0297,-0.2922,5934.6068,6974.3489,False,0.0506,0.6563,9500.0,3724.379,0.0226,62.6918,623500.0,1.0069,0.4259,ＴＯＴＯ,プライム（内国株式）,ガラス・土石製品
5333,2026-10-05,5848.0,0.0398,0.0945,0.1369,-0.2088,0.1091,-0.2301,5279.2043,6035.1481,False,0.1077,0.7408,7894.0,2364.0957,0.027,76.5438,584800.0,0.8436,0.4426,ＮＧＫ,プライム（内国株式）,ガラス・土石製品
5334,2026-10-05,3947.0,0.0503,0.0599,-0.5048,-0.6345,-0.5326,-0.6559,6432.0325,8776.9042,False,-0.3864,0.3504,11265.0,3546.0183,0.1,93.4128,394700.0,1.6673,0.9611,日本特殊陶業,プライム（内国株式）,ガラス・土石製品
5337,2026-10-05,908.0,-0.012,0.0497,0.106,0.0225,0.0782,0.0012,844.6,838.5867,True,0.0751,0.9691,937.0,492.0,0.027,0.1959,90800.0,1.8472,0.4449,ダントーホールディングス,スタンダード（内国株式）,ガラス・土石製品
5341,2026-10-05,133.0,-0.0292,-0.0221,-0.089,-0.2692,-0.1168,-0.2905,140.72,155.92,False,-0.0549,0.2904,458.0,133.0,0.0166,0.0369,13300.0,0.4653,0.3161,ＡＳＡＨＩ　ＥＩＴＯホールディングス,スタンダード（内国株式）,ガラス・土石製品
5344,2026-10-05,59870.0,0.026,0.0812,0.1804,-0.1232,0.1526,-0.1445,54978.1778,59126.4593,False,0.089,0.699,85650.0,35948.4484,0.0372,58.7512,5987000.0,0.8951,0.358,ＭＡＲＵＷＡ,プライム（内国株式）,ガラス・土石製品
5351,2026-10-05,1953.0,0.0041,-0.0398,-0.0496,-0.0116,-0.0774,-0.033,2035.671,2016.837,True,-0.0406,0.7957,2454.528,1756.4511,0.0186,2.0473,195300.0,1.0736,0.3643,品川リフラ,プライム（内国株式）,ガラス・土石製品
5355,2026-10-05,663.0,-0.003,-0.003,-0.0104,-0.0293,-0.0382,-0.0506,665.52,673.1867,True,-0.0038,0.9651,687.0,583.8565,0.0052,0.024,66300.0,0.7799,0.2625,日本坩堝,スタンダード（内国株式）,ガラス・土石製品
5356,2026-10-05,1257.0,0.0008,-0.0024,-0.0383,-0.0477,-0.0661,-0.069,1272.9386,1302.4062,False,-0.0125,0.8414,1494.0,1130.3818,0.0153,0.0461,125700.0,0.5178,0.1952,美濃窯業,スタンダード（内国株式）,ガラス・土石製品
5357,2026-10-05,1690.0,-0.0059,-0.0117,-0.0452,-0.0304,-0.073,-0.0517,1742.7221,1750.894,True,-0.0303,0.8586,1968.3279,1629.5333,0.0112,0.6888,169000.0,1.1881,0.3444,ヨータイ,プライム（内国株式）,ガラス・土石製品
5363,2026-10-05,728.0,0.0125,0.0229,0.0581,0.0628,0.0303,0.0415,695.4492,692.7097,True,0.0468,0.9959,731.0,490.7746,0.0153,0.4662,72800.0,1.5701,0.4028,東京窯業,スタンダード（内国株式）,ガラス・土石製品
5367,2026-10-05,1512.0,0.0237,0.0901,0.1498,0.1069,0.122,0.0856,1377.8439,1341.8946,True,0.0974,0.7203,2099.0,530.1093,0.0422,2.8805,151200.0,0.7448,0.2878,ニッカトー,スタンダード（内国株式）,ガラス・土石製品
5368,2026-10-05,1007.0,-0.0176,-0.0382,0.0,0.069,-0.0278,0.0477,1014.92,991.16,True,-0.0078,0.7682,1310.8043,901.0,0.0236,0.1411,100700.0,1.7703,0.3489,日本インシュレーション,スタンダード（内国株式）,ガラス・土石製品
5380,2026-10-05,1271.0,-0.0039,-0.0529,0.0478,0.1555,0.02,0.1341,1323.64,1183.9832,True,-0.0398,0.6734,1887.3931,1000.0,0.0772,0.0806,127100.0,0.8311,0.2405,新東,スタンダード（内国株式）,ガラス・土石製品
5381,2026-10-05,1140.0,0.0317,0.1187,0.2324,0.1446,0.2046,0.1233,993.04,962.7733,False,0.148,0.8279,1377.0,409.8559,0.0461,2.3217,114000.0,1.0638,0.4242,マイポックス,スタンダード（内国株式）,ガラス・土石製品
5384,2026-10-05,3710.0,0.0421,0.0955,0.1259,-0.1422,0.0982,-0.1635,3397.7688,3895.0562,False,0.0919,0.7289,5090.0,2080.9116,0.0318,10.017,371000.0,0.81,0.4412,フジミインコーポレーテッド,プライム（内国株式）,ガラス・土石製品
5388,2026-10-05,1380.0,-0.0122,-0.0029,0.0162,0.0798,-0.0116,0.0585,1364.1179,1297.0126,True,0.0116,0.9524,1449.0,1076.6713,0.0228,0.1383,138000.0,1.8976,0.2973,クニミネ工業,スタンダード（内国株式）,ガラス・土石製品
5391,2026-10-05,1473.0,0.0068,-0.0173,-0.016,-0.016,-0.0438,-0.0374,1494.0992,1490.3264,True,-0.0141,0.9035,1630.3366,1168.163,0.0134,0.0945,147300.0,0.6106,0.2867,エーアンドエーマテリアル,スタンダード（内国株式）,ガラス・土石製品
5393,2026-10-05,3641.0,0.0248,0.0753,0.1013,-0.0543,0.0735,-0.0756,3384.6511,3521.7237,False,0.0757,0.8782,4146.0,1780.8854,0.0219,15.9633,364100.0,0.8548,0.4272,ニチアス,プライム（内国株式）,ガラス・土石製品
5401,2026-10-05,639.0,-0.0054,-0.0475,-0.0759,0.1431,-0.1037,0.1218,677.1395,632.4758,True,-0.0563,0.8894,718.5,530.5,0.0215,230.6942,63900.0,0.8064,0.4861,日本製鉄,プライム（内国株式）,鉄鋼
5406,2026-10-05,1993.0,0.0003,-0.0216,-0.019,0.0359,-0.0467,0.0145,2032.4535,1988.3178,True,-0.0194,0.855,2331.0623,1663.4351,0.0174,36.5374,199300.0,1.0238,0.3035,神戸製鋼所,プライム（内国株式）,鉄鋼
5408,2026-10-05,612.0,-0.0065,-0.0239,-0.0408,-0.0255,-0.0685,-0.0468,637.9959,633.6253,True,-0.0407,0.9,680.0,545.7272,0.0165,1.1144,61200.0,0.7988,0.4445,中山製鋼所,プライム（内国株式）,鉄鋼
5410,2026-10-05,2823.0,-0.0147,-0.0511,-0.0864,0.0585,-0.1142,0.0372,3029.128,2856.9627,True,-0.068,0.674,4188.3268,2489.0,0.0227,2.6962,282300.0,1.1491,0.4785,合同製鐵,プライム（内国株式）,鉄鋼
5411,2026-10-05,1704.0,-0.0041,-0.0459,-0.0807,0.0302,-0.1085,0.0089,1823.005,1752.5683,True,-0.0653,0.7379,2309.127,1535.0,0.0218,95.2171,170400.0,0.8283,0.5313,ＪＦＥホールディングス,プライム（内国株式）,鉄鋼
5423,2026-10-05,1656.0,-0.003,-0.0102,-0.0433,-0.0532,-0.0711,-0.0745,1717.1802,1727.0467,False,-0.0356,0.8393,1973.0,1307.9517,0.023,6.2793,165600.0,1.037,0.3785,東京製鐵,プライム（内国株式）,鉄鋼
542A,2026-10-05,1089.0,-0.0037,-0.0224,0.0046,0.1124,-0.0232,0.091,1070.96,1046.96,True,0.0168,0.7835,1390.0,925.0,0.0246,0.0805,108900.0,0.6723,0.3771,ビタブリッドジャパン,グロース（内国株式）,化学
543A,2026-10-05,279.0,-0.0036,-0.0211,0.0,-0.0574,-0.0278,-0.0788,278.5189,284.3063,False,0.0017,0.4964,562.0,257.0,0.0296,60.6351,27900.0,1.0447,0.2031,ＡＲＣＨＩＯＮ,プライム（内国株式）,輸送用機器
5440,2026-10-05,1844.0,-0.0118,-0.0611,-0.1139,0.0256,-0.1417,0.0043,1992.7795,1905.9398,True,-0.0747,0.7014,2628.9909,1692.0,0.0194,2.1228,184400.0,1.0429,0.5727,共英製鋼,プライム（内国株式）,鉄鋼
5444,2026-10-05,12250.0,0.0187,-0.0004,-0.0129,-0.0282,-0.0407,-0.0495,12299.7101,12587.77,True,-0.004,0.8572,14290.0,8826.3648,0.0194,17.6463,1225000.0,0.8792,0.2583,大和工業,プライム（内国株式）,鉄鋼
5445,2026-10-05,1926.0,-0.0123,-0.0494,-0.0673,0.0207,-0.0951,-0.0007,2032.247,1958.389,True,-0.0523,0.8899,2164.4033,1728.2923,0.0156,1.9107,192600.0,1.0145,0.5134,東京鐵鋼,プライム（内国株式）,鉄鋼
5446,2026-10-05,1070.0,-0.0037,-0.0093,-0.0183,-0.076,-0.0461,-0.0973,1086.24,1113.96,False,-0.015,0.8039,1331.0,1060.0,0.0128,0.2526,107000.0,0.1345,0.2492,北越メタル,スタンダード（内国株式）,鉄鋼
5449,2026-10-05,2420.0,-0.0053,-0.0696,-0.105,0.0062,-0.1328,-0.0151,2606.32,2564.4533,True,-0.0715,0.615,3935.0,2221.0,0.0302,0.6284,242000.0,0.8991,0.4457,大阪製鐵,スタンダード（内国株式）,鉄鋼
544A,2026-10-05,320.0,0.0,-0.0123,-0.0805,-0.1111,-0.1083,-0.1324,332.2036,350.3612,False,-0.0367,0.7459,429.0,317.0,0.0171,1.169,32000.0,0.8489,0.2735,ＧＭＳグループ,プライム（内国株式）,機械
5451,2026-10-05,1374.0,-0.0043,-0.0276,-0.0445,0.0481,-0.0723,0.0267,1417.19,1373.69,True,-0.0305,0.8687,1581.5836,1176.0,0.0139,3.5798,137400.0,1.1214,0.3758,ヨドコウ,プライム（内国株式）,鉄鋼
5458,2026-10-05,1330.0,0.0231,-0.0221,-0.0341,0.0683,-0.0619,0.047,1345.8,1308.0667,True,-0.0117,0.9097,1462.0,904.6949,0.0165,0.0419,133000.0,0.4418,0.3864,高砂鐵工,スタンダード（内国株式）,鉄鋼
545A,2026-10-05,869.0,0.0058,-0.1249,-0.1266,-0.0534,-0.1544,-0.0747,972.96,935.36,True,-0.1068,0.852,1020.0,808.0,0.0192,0.7525,86900.0,1.6266,0.8436,トランヴィア,プライム（内国株式）,情報・通信業
5461,2026-10-05,2125.0,0.0071,0.0306,-0.0167,0.0296,-0.0445,0.0082,2132.1589,2081.0263,True,-0.0034,0.8252,2575.0,1871.997,0.0208,2.3773,212500.0,1.4373,0.4367,中部鋼鈑,プライム（内国株式）,鉄鋼
5463,2026-10-05,1692.0,0.0153,-0.0044,-0.0225,-0.124,-0.0503,-0.1453,1724.9406,1762.5269,False,-0.0191,0.8515,1987.0,1223.942,0.0171,11.7468,169200.0,1.0029,0.3912,丸一鋼管,プライム（内国株式）,鉄鋼
5464,2026-10-05,881.0,-0.0156,-0.0476,-0.0608,-0.0717,-0.0886,-0.093,927.4054,939.9751,False,-0.05,0.846,1041.3282,881.0,0.0133,0.2549,88100.0,1.4358,0.5135,モリ工業,スタンダード（内国株式）,鉄鋼
546A,2026-10-05,2672.0,0.0245,0.0633,0.0982,0.1443,0.0704,0.123,2461.4413,2309.7471,True,0.0855,0.9755,2739.0,1768.0,0.0326,4.5288,267200.0,0.7883,0.3526,ＭＩＲＡＩＮＩホールディングス,プライム（内国株式）,卸売業
5471,2026-10-05,2548.5,0.0314,0.0473,0.1446,-0.0813,0.1168,-0.1026,2376.8738,2442.1246,True,0.0722,0.8481,3005.0,1229.8787,0.0259,22.148,254850.0,0.8661,0.2529,大同特殊鋼,プライム（内国株式）,鉄鋼
547A,2026-10-05,421.0,0.0072,-0.0344,-0.0344,-0.0727,-0.0622,-0.094,433.48,442.1067,False,-0.0288,0.7171,587.1192,406.0,0.0214,8.2933,42100.0,1.0945,0.4111,ムニノバホールディングス,プライム（内国株式）,その他金融業
5480,2026-10-05,5280.0,-0.0019,-0.0094,-0.033,0.0732,-0.0608,0.0519,5394.7434,5157.1145,True,-0.0213,0.9119,5790.0,3928.8247,0.0189,2.8052,528000.0,0.7491,0.3509,日本冶金工業,プライム（内国株式）,鉄鋼
5482,2026-10-05,2969.0,-0.007,-0.0514,-0.0794,-0.0376,-0.1072,-0.0589,3168.3179,3125.9593,True,-0.0629,0.8665,3426.2492,2466.1197,0.0231,5.159,296900.0,1.1396,0.4832,愛知製鋼,プライム（内国株式）,鉄鋼
5484,2026-10-05,4460.0,0.0,0.0034,0.0034,0.0022,-0.0244,-0.0191,4449.6,4454.4,True,0.0023,0.9944,4485.0,1945.0,0.0012,0.0158,446000.0,0.8984,0.28,東北特殊鋼,スタンダード（内国株式）,鉄鋼
548A,2026-10-05,933.0,-0.0053,-0.0169,-0.0137,-0.045,-0.0415,-0.0664,945.2,953.96,True,-0.0129,0.7808,1195.0,878.0,0.0196,0.1839,93300.0,0.7694,0.2297,システムエグゼ,スタンダード（内国株式）,情報・通信業
5491,2026-10-05,899.0,0.0,-0.0044,-0.0323,0.0441,-0.0601,0.0228,914.04,899.6533,True,-0.0165,0.7602,1182.6281,763.8842,0.02,0.2835,89900.0,0.6416,0.3167,日本金属,スタンダード（内国株式）,鉄鋼
549A,2026-10-05,453.0,0.0,-0.0264,-0.1012,-0.03,-0.129,-0.0513,492.4132,480.4311,True,-0.08,0.6642,682.0,413.0,0.03,0.2882,45300.0,0.6948,0.3307,ヒトトヒトホールディングス,スタンダード（内国株式）,サービス業
550A,2026-10-05,2279.0,0.0084,0.0454,0.0345,0.0659,0.0067,0.0446,2200.315,2189.425,True,0.0358,0.4366,5220.0,1922.0,0.0218,0.0601,227900.0,0.2177,0.343,ソフトテックス,スタンダード（内国株式）,情報・通信業
5527,2026-10-05,766.0,0.0013,0.0213,0.0422,0.1659,0.0144,0.1446,742.44,691.1333,True,0.0317,0.8711,879.3809,577.0,0.0159,0.1414,76600.0,1.1096,0.3706,ｐｒｏｐｅｒｔｙ　ｔｅｃｈｎｏｌｏｇｉｅｓ,グロース（内国株式）,不動産業
5532,2026-10-05,3485.0,-0.0043,-0.0606,0.0265,-0.0439,-0.0013,-0.0652,3500.8,3449.4667,False,-0.0045,0.7938,4390.0,2135.0,0.029,0.5674,348500.0,0.6638,0.3117,リアルゲイト,グロース（内国株式）,不動産業
5533,2026-10-05,2090.0,-0.0005,-0.0496,0.022,0.0141,-0.0058,-0.0072,2106.7733,2028.3778,True,-0.008,0.9087,2300.0,1841.0,0.0411,0.0314,209000.0,1.0173,0.2319,エリッツホールディングス,スタンダード（内国株式）,不動産業
5535,2026-10-05,279.0,-0.0106,-0.0106,-0.0211,0.0145,-0.0489,-0.0068,287.9137,276.6112,True,-0.031,0.3152,885.2076,243.0,0.0238,0.4686,27900.0,0.8709,0.2546,ミガロホールディングス,プライム（内国株式）,不動産業
5537,2026-10-05,3845.0,0.0448,0.0281,0.1461,0.2711,0.1183,0.2498,3508.8,3076.5867,True,0.0958,0.9637,3990.0,264.75,0.0526,1.9976,384500.0,0.7689,0.3537,ＡｌｂａＬｉｎｋ,グロース（内国株式）,不動産業
5541,2026-10-05,2495.0,-0.0138,-0.0433,-0.0311,0.0635,-0.0589,0.0422,2628.1337,2473.0312,True,-0.0507,0.663,3763.0389,1834.299,0.0329,6.2552,249500.0,1.0614,0.3478,大平洋金属,プライム（内国株式）,鉄鋼
5542,2026-10-05,1250.0,-0.0287,-0.0789,0.3383,0.547,0.3105,0.5257,1058.92,914.3115,True,0.1804,0.8406,1487.0,686.912,0.0918,2.0011,125000.0,4.6836,0.3772,新報国マテリアル,スタンダード（内国株式）,鉄鋼
554A,2026-10-05,1358.0,-0.0116,-0.0362,-0.0824,0.0272,-0.1102,0.0059,1482.0,1471.4933,True,-0.0837,0.4819,2818.0,1020.0,0.0319,0.1833,135800.0,0.6143,0.4843,バトンズ,グロース（内国株式）,情報・通信業
5563,2026-10-05,434.0,-0.0046,-0.0225,-0.0114,-0.0398,-0.0392,-0.0611,437.28,437.6673,False,-0.0075,0.7858,552.3308,290.4924,0.0227,2.3303,43400.0,0.7552,0.2333,新日本電工,プライム（内国株式）,鉄鋼
556A,2026-10-05,2966.0,-0.007,0.0123,0.3463,0.3153,0.3185,0.294,2508.24,2287.5067,False,0.1825,0.5493,5400.0,1810.0,0.0512,1.6126,296600.0,1.7807,0.4884,犬猫生活,グロース（内国株式）,小売業
5570,2026-10-05,604.0,0.0,-0.0131,-0.0488,-0.0305,-0.0766,-0.0518,625.5236,619.7079,False,-0.0344,0.6914,873.5373,596.0,0.0152,0.096,60400.0,0.9164,0.2719,ジェノバ,グロース（内国株式）,情報・通信業
5571,2026-10-05,1033.0,0.0078,0.0147,0.0098,0.0434,-0.018,0.0221,1019.96,1001.9867,True,0.0128,0.7401,1395.792,900.0,0.0142,0.0173,103300.0,0.3623,0.5463,エキサイトホールディングス,スタンダード（内国株式）,情報・通信業
5572,2026-10-05,3250.0,0.0252,0.0621,0.1238,0.1293,0.096,0.1079,2991.88,2754.72,True,0.0863,0.7946,4090.0,1851.0,0.0582,2.7532,325000.0,1.3594,0.279,Ｒｉｄｇｅ－ｉ,グロース（内国株式）,情報・通信業
5574,2026-10-05,3130.0,-0.0016,-0.0063,0.0661,0.3579,0.0383,0.3366,3073.84,2673.4133,True,0.0183,0.9007,3475.0,2041.0,0.0516,5.2754,313000.0,0.956,0.3013,ＡＢＥＪＡ,グロース（内国株式）,情報・通信業
5575,2026-10-05,1266.0,0.0048,0.0193,0.1028,0.9598,0.075,0.9384,1169.84,997.6,True,0.0822,0.9392,1348.0,582.0,0.0411,0.1277,126600.0,0.3309,0.3058,Ｇｌｏｂｅｅ,グロース（内国株式）,情報・通信業
5576,2026-10-05,3040.0,0.0066,0.0033,0.0205,0.0629,-0.0073,0.0416,3010.4283,2934.0361,True,0.0098,0.9583,3172.3719,2450.0,0.0156,0.051,304000.0,0.8641,0.3517,オービーシステム,スタンダード（内国株式）,情報・通信業
5578,2026-10-05,909.0,0.01,-0.0044,0.0248,-0.0891,-0.003,-0.1104,889.16,860.2221,True,0.0223,0.6686,1359.5603,746.9678,0.0197,0.1814,90900.0,0.3255,0.2064,ＡＲアドバンストテクノロジ,グロース（内国株式）,情報・通信業
5580,2026-10-05,1605.0,-0.0165,0.0178,-0.008,-0.0093,-0.0358,-0.0306,1596.32,1609.9067,True,0.0054,0.8408,1909.0,1400.0,0.0297,0.0198,160500.0,0.5315,0.2813,プロディライト,グロース（内国株式）,情報・通信業
5582,2026-10-05,2072.0,-0.0048,-0.0096,0.0593,0.0412,0.0315,0.0199,2071.2,1968.16,True,0.0004,0.6465,3205.0,1671.0,0.0318,0.3803,207200.0,0.7479,0.2154,グリッド,グロース（内国株式）,情報・通信業
5586,2026-10-05,895.0,0.0022,-0.0438,0.0276,0.0468,-0.0002,0.0255,917.44,863.96,True,-0.0245,0.8672,1032.0,744.0,0.0252,0.4964,89500.0,0.713,0.3146,Ｌａｂｏｒｏ．ＡＩ,グロース（内国株式）,情報・通信業
5587,2026-10-05,829.0,0.0012,0.0375,0.0362,0.0837,0.0085,0.0623,808.16,826.0267,True,0.0258,0.6908,1200.0,618.0,0.0265,0.1569,82900.0,0.5088,0.2235,インバウンドプラットフォーム,グロース（内国株式）,情報・通信業
5588,2026-10-05,711.0,-0.052,-0.2263,-0.1361,-0.0814,-0.1639,-0.1027,837.92,796.8267,True,-0.1515,0.5043,1409.852,650.0,0.0683,0.4472,71100.0,3.2699,0.5497,ファーストアカウンティング,グロース（内国株式）,情報・通信業
5589,2026-10-05,2993.0,0.0153,0.0146,0.0108,0.0992,-0.017,0.0778,2930.2,2804.04,True,0.0214,0.9983,2998.0,2429.2896,0.0146,0.0626,299300.0,0.5333,0.3075,オートサーバー,スタンダード（内国株式）,情報・通信業
558A,2026-10-05,6200.0,0.0098,-0.0462,0.1052,0.3671,0.0774,0.3458,5952.0,5045.0,True,0.0417,0.924,6710.0,2951.0,0.053,1.3259,620000.0,0.9429,0.3987,ＳＱＵＥＥＺＥ,グロース（内国株式）,サービス業
5590,2026-10-05,719.0,0.0028,-0.0028,0.0375,0.0042,0.0097,-0.0171,718.32,692.0533,False,0.0009,0.5275,1363.0,598.0,0.0218,0.5301,71900.0,0.5457,0.211,ネットスターズ,グロース（内国株式）,情報・通信業
5591,2026-10-05,843.0,0.0036,-0.041,-0.0024,0.0382,-0.0302,0.0169,869.44,818.0133,True,-0.0304,0.5583,1510.0,678.0,0.0336,0.1507,84300.0,0.8974,0.3315,ＡＶＩＬＥＮ,グロース（内国株式）,情報・通信業
5592,2026-10-05,2517.0,0.006,-0.0408,-0.0441,0.0316,-0.0719,0.0102,2653.96,2525.7867,False,-0.0516,0.5454,4615.0199,2065.0,0.0333,1.1026,251700.0,0.8285,0.4671,くすりの窓口,グロース（内国株式）,情報・通信業
5597,2026-10-05,1325.0,-0.0097,-0.0357,-0.0221,-0.0569,-0.0499,-0.0783,1378.6,1344.8667,False,-0.0389,0.4351,3045.0,1117.0,0.0387,0.8129,132500.0,0.6708,0.2827,ブルーイノベーション,グロース（内国株式）,情報・通信業
5599,2026-10-05,1155.0,0.051,0.0845,0.1573,0.0312,0.1295,0.0099,1042.64,1049.4933,True,0.1078,0.4635,2491.8849,835.0,0.0395,0.1603,115500.0,0.8941,0.4009,Ｓ＆Ｊ,グロース（内国株式）,情報・通信業
559A,2026-10-05,1140.0,0.0,-0.0273,-0.0281,0.0951,-0.0559,0.0738,1169.88,1134.7439,True,-0.0255,0.861,1324.0645,882.7097,0.023,0.1346,114000.0,0.4833,0.2975,梅乃宿酒造,スタンダード（内国株式）,食料品
5602,2026-10-05,1603.0,-0.0012,-0.019,-0.0718,0.1002,-0.0996,0.0789,1664.5978,1574.6526,True,-0.037,0.7989,2006.5527,1329.0,0.0219,4.7855,160300.0,1.19,0.2648,栗本鐵工所,プライム（内国株式）,鉄鋼
5603,2026-10-05,1290.0,-0.0115,-0.0115,-0.0175,0.0353,-0.0453,0.014,1307.64,1287.0933,True,-0.0135,0.8098,1592.9116,1167.0,0.0162,0.0432,129000.0,0.7801,0.211,虹技,スタンダード（内国株式）,鉄鋼
5609,2026-10-05,947.0,0.0128,0.0172,0.0327,-0.0237,0.0049,-0.045,921.52,925.8533,True,0.0276,0.9461,1001.0,785.8789,0.0105,0.0475,94700.0,0.6643,0.4532,日本鋳造,スタンダード（内国株式）,鉄鋼
5612,2026-10-05,1576.0,-0.0057,-0.0057,-0.0205,-0.0125,-0.0483,-0.0339,1597.32,1580.3867,True,-0.0133,0.7111,2216.1966,1491.0,0.0161,0.1068,157600.0,0.7035,0.2248,日本鋳鉄管,スタンダード（内国株式）,鉄鋼
5616,2026-10-05,635.0,-0.0094,-0.0124,-0.0379,0.0496,-0.0657,0.0283,649.64,631.0933,False,-0.0225,0.5446,1166.0,586.0,0.018,0.0162,63500.0,0.9525,0.3412,雨風太陽,グロース（内国株式）,情報・通信業
5618,2026-10-05,298.0,0.0,0.0136,0.0276,-0.0033,-0.0002,-0.0247,290.04,290.4133,False,0.0274,0.6773,440.0,274.0,0.0141,0.0062,29800.0,0.7411,0.3797,ナイル,グロース（内国株式）,情報・通信業
5619,2026-10-05,855.0,0.0215,0.0083,0.0012,0.0478,-0.0266,0.0265,855.44,842.6133,True,-0.0005,0.7641,1119.0,790.0,0.015,0.006,85500.0,1.38,0.5006,マーソ,グロース（内国株式）,情報・通信業
5621,2026-10-05,1557.0,-0.0006,-0.0183,-0.0341,-0.0121,-0.0619,-0.0334,1585.68,1573.8267,True,-0.0181,0.607,2565.023,1263.0,0.0424,0.3206,155700.0,0.8941,0.2455,ヒューマンテクノロジーズ,グロース（内国株式）,情報・通信業
5631,2026-10-05,7248.0,0.0092,-0.0003,0.0265,-0.1523,-0.0013,-0.1736,7281.2331,7620.1044,False,-0.0046,0.6861,10564.5795,6694.0,0.0343,65.9941,724800.0,0.9199,0.1831,日本製鋼所,プライム（内国株式）,機械
5632,2026-10-05,2408.0,0.0054,-0.0505,0.0212,0.1005,-0.0066,0.0792,2424.6905,2303.0702,True,-0.0069,0.9279,2595.0,1603.3507,0.0313,2.9921,240800.0,1.1024,0.2602,三菱製鋼,プライム（内国株式）,鉄鋼
5644,2026-10-05,7290.0,-0.0014,0.0125,-0.0095,-0.0446,-0.0373,-0.0659,7302.4176,7444.9392,False,-0.0017,0.9406,7750.0,3630.8088,0.0094,0.2113,729000.0,0.0904,0.3063,メタルアート,スタンダード（内国株式）,鉄鋼
5658,2026-10-05,402.0,-0.0123,-0.0074,0.0,0.1261,-0.0278,0.1047,404.52,381.16,True,-0.0062,0.9681,415.248,331.608,0.0126,0.0791,40200.0,0.4193,0.1975,日亜鋼業,スタンダード（内国株式）,鉄鋼
5659,2026-10-05,1391.0,0.0051,-0.0204,-0.0014,-0.0614,-0.0292,-0.0827,1402.706,1421.3687,False,-0.0083,0.8667,1605.0,1040.1204,0.021,0.6682,139100.0,0.7825,0.2725,日本精線,プライム（内国株式）,鉄鋼
5695,2026-10-05,2765.0,-0.0125,-0.0498,-0.0783,-0.069,-0.1061,-0.0903,2948.3797,2989.6599,True,-0.0622,0.8443,3275.0,2124.2879,0.0148,0.0105,276500.0,0.5709,0.5733,パウダーテック,スタンダード（内国株式）,鉄鋼
5697,2026-10-05,810.0,-0.0025,-0.0217,-0.0217,0.1605,-0.0495,0.1391,818.48,769.4933,True,-0.0104,0.9541,849.0,566.1455,0.0165,0.0357,81000.0,0.6974,0.2171,サンユウ,スタンダード（内国株式）,鉄鋼
5698,2026-10-05,710.0,0.01,-0.0418,-0.0719,-0.1202,-0.0997,-0.1415,742.76,785.5471,False,-0.0441,0.5842,1215.3044,463.6197,0.0244,0.9221,71000.0,0.5708,0.3399,エンビプロ・ホールディングス,スタンダード（内国株式）,鉄鋼
5699,2026-10-05,1567.0,0.0103,-0.0032,-0.0297,0.0674,-0.0575,0.0461,1595.52,1525.7467,False,-0.0179,0.5954,2632.0,1307.5909,0.0136,0.054,156700.0,0.5122,0.343,イボキン,スタンダード（内国株式）,鉄鋼
5702,2026-10-05,1718.0,-0.0155,-0.0277,-0.0871,0.137,-0.1149,0.1157,1808.5312,1683.6304,False,-0.0501,0.8284,2074.0,1040.7587,0.0249,4.4366,171800.0,0.8235,0.2662,大紀アルミニウム工業所,プライム（内国株式）,非鉄金属
5703,2026-10-05,2833.0,-0.0025,-0.0311,-0.0604,0.0294,-0.0882,0.0081,2964.1385,2875.5395,False,-0.0442,0.8508,3330.0,1978.354,0.022,6.955,283300.0,0.7733,0.3665,日本軽金属ホールディングス,プライム（内国株式）,非鉄金属
5704,2026-10-05,374.0,-0.0106,-0.0311,-0.041,-0.0286,-0.0688,-0.0499,386.52,387.8533,False,-0.0324,0.7941,471.0,362.0,0.017,0.0193,37400.0,0.6771,0.2989,ＪＭＣ,スタンダード（内国株式）,非鉄金属
5706,2026-10-05,2647.5,0.0368,0.2212,-0.8995,-0.9294,-0.9273,-0.9508,17979.5188,29470.4396,False,-0.8527,0.0459,57700.0,2087.2168,0.803,369.7279,264750.0,3.6939,0.979,三井金属,プライム（内国株式）,非鉄金属
5707,2026-10-05,923.0,0.0,-0.0243,-0.0888,0.0708,-0.1166,0.0494,1000.32,936.4,True,-0.0773,0.3677,2510.0,625.0,0.0391,4.7532,92300.0,0.5545,0.2301,東邦亜鉛,プライム（内国株式）,非鉄金属
5711,2026-10-05,5033.0,0.0104,-0.0028,-0.0584,0.088,-0.0862,0.0667,5250.3964,4823.0788,True,-0.0414,0.8198,6139.0,2540.0881,0.0267,89.5985,503300.0,0.7239,0.2028,三菱マテリアル,プライム（内国株式）,非鉄金属
5713,2026-10-05,9672.0,-0.0053,0.0313,-0.0362,0.2206,-0.064,0.1993,9996.3692,8963.0697,True,-0.0324,0.7399,13071.2699,4110.088,0.0361,239.3963,967200.0,0.7844,0.2251,住友金属鉱山,プライム（内国株式）,非鉄金属
5714,2026-10-05,8729.0,0.003,-0.0203,-0.0703,-0.0261,-0.0981,-0.0474,9229.8,9026.0533,False,-0.0543,0.7051,12380.0,5056.7397,0.0245,38.9494,872900.0,0.8725,0.2197,ＤＯＷＡホールディングス,プライム（内国株式）,非鉄金属
5715,2026-10-05,4085.0,0.0111,0.0,-0.0354,0.0996,-0.0632,0.0783,4190.5864,3938.5288,True,-0.0252,0.5786,7060.4901,2657.0779,0.03,8.3232,408500.0,0.6527,0.2247,古河機械金属,プライム（内国株式）,非鉄金属
5721,2026-10-05,51.0,0.02,-0.0192,-0.1053,-0.2031,-0.1331,-0.2244,55.32,58.0933,False,-0.0781,0.1802,283.0,49.0,0.098,1.3115,5100.0,2.2699,0.48,エスクリプトエナジー,スタンダード（内国株式）,非鉄金属
5724,2026-10-05,2888.0,-0.016,-0.0443,-0.0453,0.0498,-0.0731,0.0285,3130.621,2755.2603,True,-0.0775,0.5257,5493.4716,1178.5993,0.0386,2.1321,288800.0,0.3661,0.3814,アサカ理研,スタンダード（内国株式）,非鉄金属
5726,2026-10-05,2376.0,-0.0071,-0.0496,-0.1265,-0.1328,-0.1543,-0.1542,2540.96,2697.36,False,-0.0649,0.695,3418.8206,1741.7572,0.0342,16.0295,237600.0,0.8268,0.1812,大阪チタニウムテクノロジーズ,プライム（内国株式）,非鉄金属
5729,2026-10-05,1655.0,-0.0155,-0.0207,-0.0607,0.1019,-0.0885,0.0805,1728.88,1628.6133,True,-0.0427,0.4053,4083.6348,1357.0,0.0241,0.2053,165500.0,0.5732,0.1957,日本精鉱,スタンダード（内国株式）,非鉄金属
5741,2026-10-05,2146.0,0.0132,-0.0092,-0.039,-0.166,-0.0668,-0.1873,2223.3301,2385.5367,False,-0.0348,0.5986,3585.0,1487.7296,0.0269,17.8624,214600.0,1.0229,0.3169,ＵＡＣＪ,プライム（内国株式）,非鉄金属
5742,2026-10-05,723.0,-0.0055,-0.0163,-0.0411,0.007,-0.0689,-0.0144,743.2138,728.7779,True,-0.0272,0.8999,803.4515,679.0,0.0143,0.0178,72300.0,1.5569,0.2604,エヌアイシ・オートテック,スタンダード（内国株式）,非鉄金属
5753,2026-10-05,2590.0,0.0197,0.0094,0.0315,0.1092,0.0037,0.0879,2555.8373,2446.5591,True,0.0134,0.8388,3087.7326,2142.4878,0.0178,0.0572,259000.0,0.5375,0.1303,日本伸銅,スタンダード（内国株式）,非鉄金属
5757,2026-10-05,4930.0,0.0031,-0.0238,-0.039,-0.0785,-0.0668,-0.0998,5019.4941,5194.6314,True,-0.0178,0.8456,5830.0,3699.7368,0.023,0.4281,493000.0,1.146,0.2138,ＣＫサンエツ,プライム（内国株式）,非鉄金属
575A,2026-10-05,1878.0,0.014,-0.0269,-0.0027,0.2596,-0.0305,0.2382,1900.48,1749.0933,False,-0.0118,0.9423,1993.0,1353.0,0.0193,1.5459,187800.0,0.8534,0.3528,前澤ホールディングス,プライム（内国株式）,機械
5801,2026-10-05,4378.0,-0.0115,0.16,0.1668,0.126,0.139,0.1047,3904.1527,3929.0509,False,0.1214,0.7015,6241.0,857.5303,0.0477,870.6905,437800.0,0.9075,0.4052,古河電気工業,プライム（内国株式）,非鉄金属
5802,2026-10-05,2466.0,0.0057,0.1307,0.1441,-0.0488,0.1163,-0.0701,2176.896,2398.7587,False,0.1328,0.6642,3712.5,1009.6592,0.0348,408.4705,246600.0,0.9557,0.5238,住友電気工業,プライム（内国株式）,非鉄金属
5803,2026-10-05,5566.0,-0.0057,0.1272,0.0935,0.0396,0.0657,0.0183,5138.5626,5149.2142,True,0.0832,0.7016,7933.0,2286.936,0.0387,1790.4032,556600.0,0.7325,0.4056,フジクラ,プライム（内国株式）,非鉄金属
5805,2026-10-05,2847.0,0.006,0.1209,-0.7872,-0.77,-0.815,-0.7914,10208.2173,11873.5391,False,-0.7211,0.1455,19570.0,2492.6119,0.3762,35.5915,284700.0,1.9372,1.0007,ＳＷＣＣ,プライム（内国株式）,非鉄金属
5816,2026-10-05,1439.0,-0.0035,0.0042,-0.0211,-0.1337,-0.0489,-0.155,1449.4,1553.8387,False,-0.0072,0.6389,2252.2452,1025.5997,0.0127,0.2378,143900.0,0.6627,0.2188,オーナンバ,スタンダード（内国株式）,非鉄金属
5817,2026-10-05,1187.0,0.0059,0.0111,0.1491,0.3659,0.1213,0.3446,1095.72,1002.24,True,0.0833,0.4606,2577.0,431.354,0.0362,0.5197,118700.0,0.5321,0.3488,ＪＭＡＣＳ,スタンダード（内国株式）,非鉄金属
5819,2026-10-05,1726.0,0.0012,0.0,-0.0303,-0.0176,-0.0581,-0.039,1747.04,1750.4651,True,-0.012,0.8186,2108.4443,1672.6206,0.0096,0.0956,172600.0,1.1385,0.2909,カナレ電気,スタンダード（内国株式）,非鉄金属
5820,2026-10-05,881.0,-0.0167,-0.0211,0.0797,0.1592,0.0519,0.1379,862.72,785.0667,True,0.0212,0.6916,1273.8198,598.1756,0.0381,0.5133,88100.0,1.1419,0.1877,三ッ星,スタンダード（内国株式）,非鉄金属
5821,2026-10-05,3270.0,0.0108,0.0358,0.0721,-0.067,0.0443,-0.0884,3145.6277,3312.0226,False,0.0395,0.6986,4680.6771,1942.8287,0.0284,1.394,327000.0,0.7522,0.2956,平河ヒューテック,プライム（内国株式）,非鉄金属
5830,2026-10-05,3870.0,0.0034,-0.016,-0.0276,0.1657,-0.0554,0.1443,3889.756,3621.4787,True,-0.0051,0.94,4117.0,2011.571,0.032,41.9151,387000.0,1.1076,0.3019,いよぎんホールディングス,プライム（内国株式）,銀行業
5831,2026-10-05,3578.0,0.0028,-0.002,-0.0168,0.0709,-0.0446,0.0496,3576.4752,3370.3984,True,0.0004,0.9639,3712.0,1890.6464,0.0267,67.6674,357800.0,1.0398,0.3074,しずおかフィナンシャルグループ,プライム（内国株式）,銀行業
5832,2026-10-05,3753.0,0.0113,-0.0005,0.0653,0.1583,0.0375,0.137,3604.449,3391.4963,True,0.0412,0.9837,3815.0,1988.2636,0.027,15.6242,375300.0,1.3341,0.2498,ちゅうぎんフィナンシャルグループ,プライム（内国株式）,銀行業
5834,2026-10-05,2718.0,-0.0077,-0.0446,0.0055,0.0078,-0.0222,-0.0135,2779.3946,2728.9715,True,-0.0221,0.7867,3455.0449,2155.0,0.0198,1.0987,271800.0,0.6294,0.341,ＳＢＩリーシングサービス,グロース（内国株式）,証券、商品先物取引業
5838,2026-10-05,6383.0,0.0221,0.0044,0.0151,0.1766,-0.0127,0.1553,6372.32,5837.4133,True,0.0017,0.6851,9317.0,4342.0,0.0322,68.9115,638300.0,0.9544,0.2221,楽天銀行,プライム（内国株式）,銀行業
5842,2026-10-05,2810.0,-0.0085,-0.0452,-0.033,-0.029,-0.0608,-0.0503,2956.76,2921.8121,False,-0.0496,0.6898,4073.776,2686.0,0.027,2.455,281000.0,0.9657,0.3293,インテグラル,グロース（内国株式）,証券、商品先物取引業
5843,2026-10-05,2288.0,-0.0061,0.0004,-0.0342,-0.0044,-0.062,-0.0257,2325.8357,2332.6519,True,-0.0163,0.7263,3150.0,1976.0,0.0151,0.1395,228800.0,0.3575,0.1618,ニッポンインシュア,スタンダード（内国株式）,その他金融業
5844,2026-10-05,4689.0,-0.004,-0.0385,-0.0433,-0.0241,-0.0711,-0.0455,4851.1794,4739.2598,True,-0.0334,0.908,5164.0,2896.4999,0.0271,46.1763,468900.0,1.0986,0.2569,京都フィナンシャルグループ,プライム（内国株式）,銀行業
5845,2026-10-05,1188.0,-0.0141,-0.023,-0.023,0.1602,-0.0508,0.1388,1210.48,1130.5333,True,-0.0186,0.9362,1269.0,845.6893,0.0165,0.3424,118800.0,0.6171,0.2657,全保連,スタンダード（内国株式）,その他金融業
5851,2026-10-05,2728.0,0.01,-0.0022,-0.0155,0.0623,-0.0433,0.041,2733.8,2671.7874,True,-0.0021,0.9073,3006.7472,2314.1653,0.021,3.8083,272800.0,1.0997,0.2115,リョービ,プライム（内国株式）,非鉄金属
5852,2026-10-05,625.0,-0.0111,-0.0516,-0.0822,-0.1497,-0.11,-0.171,669.3212,688.6671,False,-0.0662,0.6718,930.2857,617.0,0.0177,0.7369,62500.0,1.1765,0.5245,アーレスティ,プライム（内国株式）,非鉄金属
5857,2026-10-05,3515.0,0.0174,-0.0182,-0.0689,0.1394,-0.0967,0.1181,3706.9715,3394.5772,True,-0.0518,0.7585,4634.0616,2034.2744,0.0292,18.9811,351500.0,0.7941,0.2823,ＡＲＥホールディングス,プライム（内国株式）,非鉄金属
5858,2026-10-05,1154.0,-0.0319,-0.0237,-0.0463,-0.1533,-0.0741,-0.1747,1184.8,1260.6667,True,-0.026,0.47,2455.5157,994.0,0.0178,0.0437,115400.0,0.5976,0.2868,ＳＴＧ,グロース（内国株式）,非鉄金属
5867,2026-10-05,1380.0,0.0058,0.0102,0.0832,0.1606,0.0554,0.1393,1315.76,1231.8933,True,0.0488,0.9787,1410.0,1100.0,0.0202,0.0309,138000.0,1.5989,0.4918,エスネットワークス,グロース（内国株式）,サービス業
5868,2026-10-05,1030.0,-0.0048,-0.0246,0.0138,0.0446,-0.014,0.0233,1044.92,1002.9998,True,-0.0143,0.8595,1198.4171,795.6784,0.0245,0.1028,103000.0,1.6267,0.2571,ロココ,スタンダード（内国株式）,サービス業
5869,2026-10-05,1274.0,0.0024,0.0031,0.0192,0.0652,-0.0086,0.0439,1260.36,1232.4267,True,0.0108,0.9659,1319.0,1135.7627,0.0066,0.0711,127400.0,0.8066,0.2872,早稲田学習研究会,スタンダード（内国株式）,サービス業
5870,2026-10-05,900.0,-0.0055,-0.0142,0.0286,0.1152,0.0008,0.0939,894.68,834.76,True,0.0059,0.769,1170.4009,705.0,0.0155,0.0662,90000.0,0.6046,0.1867,ナルネットコミュニケーションズ,グロース（内国株式）,サービス業
5871,2026-10-05,1324.0,-0.0119,-0.0272,-0.042,0.0,-0.0698,-0.0213,1382.72,1356.5867,True,-0.0425,0.7648,1731.25,1242.6528,0.0246,0.1953,132400.0,1.2738,0.2487,ＳＯＬＩＺＥ　Ｈｏｌｄｉｎｇｓ,スタンダード（内国株式）,サービス業
5884,2026-10-05,604.0,-0.0082,0.005,-0.0147,0.0844,-0.0425,0.0631,613.36,583.8,True,-0.0153,0.9015,670.0,376.0,0.0253,0.0858,60400.0,0.5133,0.1636,クラダシ,グロース（内国株式）,小売業
5885,2026-10-05,3185.0,0.0225,0.0159,0.0079,0.0983,-0.0199,0.077,3229.2,3010.4133,True,-0.0137,0.8774,3630.0,2366.0449,0.0317,1.0687,318500.0,0.4339,0.2871,ジーデップ・アドバンス,スタンダード（内国株式）,卸売業
5888,2026-10-05,2730.0,-0.0007,-0.004,-0.0606,-0.1005,-0.0884,-0.1218,2810.96,2846.4,False,-0.0288,0.6408,4260.0,2644.0,0.0151,0.12,273000.0,0.8501,0.1741,ＤＡＩＷＡ　ＣＹＣＬＥ,グロース（内国株式）,小売業
5889,2026-10-05,2164.0,-0.0069,-0.0484,-0.168,-0.0978,-0.1958,-0.1191,2429.84,2414.2687,True,-0.1094,0.7918,2733.0,1753.517,0.0372,5.0253,216400.0,1.3052,0.246,Ｊａｐａｎ　Ｅｙｅｗｅａｒ　Ｈｏｌｄｉｎｇｓ,プライム（内国株式）,小売業
5891,2026-10-05,1702.0,0.0053,0.0018,0.0131,0.0945,-0.0147,0.0732,1687.92,1642.76,True,0.0083,0.9126,1865.0804,1261.0,0.0096,0.064,170200.0,0.6483,0.2445,ＳＡＫＩＧＡＫＥホールディングス,スタンダード（内国株式）,小売業
5892,2026-10-05,2932.0,0.0045,-0.022,0.1766,0.4069,0.1488,0.3856,2743.76,2348.04,True,0.0686,0.6265,4680.0,1863.0,0.0505,3.3001,293200.0,1.5971,0.3233,ｙｕｔｏｒｉ,グロース（内国株式）,小売業
5900,2026-10-05,862.0,0.0023,-0.0115,-0.0092,0.0047,-0.037,-0.0167,874.92,860.3067,True,-0.0148,0.941,916.0,767.6997,0.0171,0.0144,86200.0,0.6155,0.2515,ダイケン,スタンダード（内国株式）,金属製品
5901,2026-10-05,4446.0,0.0091,0.0,-0.0226,0.0682,-0.0504,0.0469,4502.3747,4281.3649,True,-0.0125,0.9539,4661.0,3116.0,0.0206,18.6699,444600.0,1.7765,0.4472,東洋製罐グループホールディングス,プライム（内国株式）,金属製品
5902,2026-10-05,2582.0,-0.0035,-0.0458,-0.0401,0.0987,-0.0679,0.0774,2704.3103,2525.3968,True,-0.0452,0.8956,2883.0,2072.8404,0.0157,0.5648,258200.0,1.212,0.5436,ホッカンホールディングス,プライム（内国株式）,金属製品
5905,2026-10-05,1368.0,0.0,-0.0015,0.0059,0.0171,-0.0219,-0.0042,1365.6,1356.1067,True,0.0018,0.9702,1410.0,1152.0963,0.0122,0.0105,136800.0,0.8015,0.2403,日本製罐,スタンダード（内国株式）,金属製品
5906,2026-10-05,778.0,0.0039,0.0052,0.017,-0.0477,-0.0108,-0.0691,774.36,777.2267,True,0.0047,0.7839,992.4228,489.8182,0.0129,0.0328,77800.0,0.5113,0.25,エムケー精工,スタンダード（内国株式）,金属製品
5909,2026-10-05,928.0,0.0022,-0.0313,-0.0433,-0.0692,-0.0711,-0.0905,954.9229,977.9076,True,-0.0282,0.8482,1094.1104,882.1881,0.0163,0.136,92800.0,1.2213,0.4218,コロナ,スタンダード（内国株式）,金属製品
590A,2026-10-05,1095.0,-0.0099,-0.0577,-0.1544,0.0529,-0.1822,0.0316,1245.08,1145.28,True,-0.1205,0.7562,1448.0,942.0,0.0358,2.2068,109500.0,0.7569,0.5534,ギフティグループ,プライム（内国株式）,情報・通信業
5911,2026-10-05,2877.0,-0.012,-0.0264,-0.0329,0.0,-0.0607,-0.0213,2966.6843,2924.2014,True,-0.0302,0.899,3200.1325,2641.457,0.0141,2.8601,287700.0,1.0305,0.4327,横河ブリッジホールディングス,プライム（内国株式）,金属製品
5915,2026-10-05,2355.0,-0.02,-0.024,-0.0481,0.0186,-0.0759,-0.0027,2433.2892,2339.2564,True,-0.0322,0.8138,2894.0,1619.5306,0.0227,0.0734,235500.0,0.4273,0.2918,駒井ハルテック,スタンダード（内国株式）,金属製品
5918,2026-10-05,7710.0,-0.009,-0.0103,-0.0302,0.0783,-0.058,0.057,7894.0,7470.9333,True,-0.0233,0.9495,8120.0,6830.0,0.006,0.0155,771000.0,0.9851,0.6677,瀧上工業,スタンダード（内国株式）,金属製品
5921,2026-10-05,4360.0,0.0163,0.0211,-0.0023,0.1122,-0.0301,0.0909,4372.8766,4188.1589,True,-0.0029,0.9417,4630.0,3900.0,0.0143,0.1064,436000.0,2.9193,0.3658,川岸工業,スタンダード（内国株式）,金属製品
5922,2026-10-05,19980.0,0.0076,0.0005,-0.0158,0.1288,-0.0436,0.1075,20112.0,19311.4667,True,-0.0066,0.9704,20590.0,13830.6667,0.0082,0.0713,1998000.0,0.5205,0.4157,那須電機鉄工,スタンダード（内国株式）,金属製品
5923,2026-10-05,1170.0,-0.0009,-0.0085,0.006,0.0372,-0.0218,0.0159,1177.6458,1149.1353,True,-0.0065,0.8699,1345.0,1008.0,0.0097,0.143,117000.0,4.221,0.3487,高田機工,スタンダード（内国株式）,金属製品
5928,2026-10-05,284.0,-0.007,-0.0139,-0.0241,-0.0035,-0.0519,-0.0248,289.4411,283.9604,True,-0.0188,0.8753,324.4777,246.5636,0.01,0.0129,28400.0,0.3551,0.3158,アルメタックス,スタンダード（内国株式）,金属製品
5929,2026-10-05,3434.0,0.0038,-0.0046,-0.0386,-0.1136,-0.0664,-0.1349,3498.8547,3637.8449,False,-0.0185,0.7895,4349.4771,3258.0,0.0178,23.7638,343400.0,1.1408,0.2108,三和ホールディングス,プライム（内国株式）,金属製品
5930,2026-10-05,1791.0,-0.0094,-0.0489,-0.0598,-0.0701,-0.0876,-0.0914,1881.9631,1887.9477,True,-0.0483,0.7822,2289.6707,1768.0,0.0176,1.9278,179100.0,1.0045,0.428,文化シヤッター,プライム（内国株式）,金属製品
5932,2026-10-05,632.0,-0.0202,-0.0439,-0.0307,0.0016,-0.0585,-0.0197,654.36,648.0,True,-0.0342,0.8755,721.8462,566.7962,0.0177,0.5943,63200.0,1.3747,0.4815,三協立山,プライム（内国株式）,金属製品
5933,2026-10-05,1070.0,-0.0047,-0.0378,-0.048,-0.012,-0.0758,-0.0333,1107.6525,1095.6442,True,-0.034,0.9066,1180.2226,1000.0,0.0144,0.4102,107000.0,1.1022,0.3582,アルインコ,プライム（内国株式）,金属製品
5936,2026-10-05,882.0,-0.0011,-0.0243,-0.0423,-0.0496,-0.0701,-0.0709,907.48,905.2667,True,-0.0281,0.9225,956.1128,823.2132,0.0121,0.0674,88200.0,1.2387,0.3758,東洋シヤッター,スタンダード（内国株式）,金属製品
5938,2026-10-05,1663.0,-0.0107,-0.0119,-0.0543,-0.1154,-0.0821,-0.1367,1728.0031,1776.5077,True,-0.0376,0.8603,1933.0,1571.5,0.0136,35.4201,166300.0,1.1341,0.419,ＬＩＸＩＬ,プライム（内国株式）,金属製品
5939,2026-10-05,4675.0,0.0163,0.0054,-0.0291,-0.0584,-0.0569,-0.0797,4715.4,4842.6,False,-0.0086,0.4423,10570.8353,4600.0,0.0075,0.0725,467500.0,0.9076,0.2571,大谷工業,スタンダード（内国株式）,金属製品
5940,2026-10-05,737.0,-0.0041,-0.0199,-0.0238,0.0222,-0.0516,0.0009,752.04,734.32,True,-0.02,0.7042,1046.5634,662.0,0.0142,0.1498,73700.0,1.1715,0.3143,不二サッシ,スタンダード（内国株式）,金属製品
5941,2026-10-05,2700.0,0.0004,-0.0052,-0.0232,0.08,-0.051,0.0587,2722.52,2659.3467,True,-0.0083,0.9398,2873.0,2249.9805,0.0109,0.0484,270000.0,0.7362,0.3602,中西製作所,スタンダード（内国株式）,金属製品
5942,2026-10-05,723.0,-0.0308,0.0791,0.1262,0.0632,0.0984,0.0419,656.6,645.72,True,0.1011,0.9551,757.0,500.8065,0.0285,0.9497,72300.0,3.1969,0.6028,日本フイルコン,スタンダード（内国株式）,金属製品
5943,2026-10-05,2157.0,0.0037,-0.031,-0.0948,-0.0786,-0.1226,-0.0999,2272.08,2313.4304,False,-0.0506,0.8465,2548.2862,1750.012,0.014,1.8433,215700.0,1.0684,0.383,ノーリツ,プライム（内国株式）,金属製品
5945,2026-10-05,2265.0,-0.0022,-0.0109,-0.025,-0.0732,-0.0528,-0.0946,2285.2,2398.72,False,-0.0088,0.8678,2610.1761,1941.1976,0.0124,0.0347,226500.0,0.522,0.2102,天龍製鋸,スタンダード（内国株式）,金属製品
5946,2026-10-05,1980.0,0.002,-0.0015,-0.0674,-0.008,-0.0952,-0.0293,2034.6,2029.6454,True,-0.0268,0.9014,2196.6876,1818.1304,0.0099,1.1571,198000.0,0.8629,0.2401,長府製作所,プライム（内国株式）,金属製品
5947,2026-10-05,3363.0,0.0042,-0.0062,-0.073,-0.0715,-0.1008,-0.0928,3483.5514,3547.6638,False,-0.0346,0.7649,4396.6023,3211.0,0.0175,11.3488,336300.0,1.1244,0.3221,リンナイ,プライム（内国株式）,金属製品
5949,2026-10-05,1281.0,0.0023,-0.0077,-0.0518,0.0087,-0.0796,-0.0127,1316.3799,1291.26,True,-0.0269,0.8707,1471.2051,1101.6931,0.0165,2.1361,128100.0,1.0345,0.3463,ユニプレス,プライム（内国株式）,輸送用機器
5950,2026-10-05,147.0,-0.02,-0.0265,-0.0577,0.0138,-0.0855,-0.0075,152.88,148.2267,True,-0.0385,0.6255,234.995,136.0,0.0175,0.0171,14700.0,0.6795,0.2333,日本パワーファスニング,スタンダード（内国株式）,金属製品
5951,2026-10-05,1123.0,0.0018,-0.0123,-0.0892,0.0063,-0.117,-0.015,1159.92,1134.9867,True,-0.0318,0.8155,1377.0,821.4073,0.0244,0.0976,112300.0,0.3524,0.2042,ダイニチ工業,スタンダード（内国株式）,金属製品
5952,2026-10-05,188.0,0.0053,-0.0105,-0.0157,0.0273,-0.0435,0.006,190.08,185.7867,True,-0.0109,0.6775,277.5,163.5789,0.0179,0.031,18800.0,1.097,0.2085,アマテイ,スタンダード（内国株式）,金属製品
5955,2026-10-05,82.0,0.0123,0.0,0.0,0.0123,-0.0278,-0.009,82.52,82.1867,False,-0.0063,0.5335,153.6975,74.3697,0.0209,0.6023,8200.0,0.6923,0.2333,ワイズホールディングス,スタンダード（内国株式）,金属製品
5956,2026-10-05,585.0,0.0052,0.0209,0.0121,-0.0266,-0.0157,-0.0479,576.8379,581.2926,True,0.0141,0.7063,828.3142,521.3854,0.008,0.0331,58500.0,1.669,0.3821,トーソー,スタンダード（内国株式）,金属製品
5957,2026-10-05,754.0,-0.0026,-0.0296,-0.0271,-0.0258,-0.0549,-0.0472,767.56,773.7558,True,-0.0177,0.9309,810.0,588.795,0.0155,0.6552,75400.0,0.9209,0.3073,日東精工,プライム（内国株式）,金属製品
5958,2026-10-05,4345.0,0.0116,0.0116,-0.0451,-0.0269,-0.0729,-0.0482,4431.2137,4530.0046,True,-0.0195,0.8253,5264.5767,3826.5674,0.0171,0.1499,434500.0,0.6571,0.2621,三洋工業,スタンダード（内国株式）,金属製品
5959,2026-10-05,913.0,-0.0065,-0.0339,-0.042,0.0167,-0.0698,-0.0046,941.88,920.8329,True,-0.0307,0.8749,1043.4885,850.0029,0.011,0.7012,91300.0,0.9173,0.45,岡部,プライム（内国株式）,金属製品
5962,2026-10-05,2245.0,0.0394,0.0394,0.1153,0.1287,0.0875,0.1074,2102.48,2006.68,True,0.0678,1.0,2245.0,1589.0,0.0109,0.0148,224500.0,0.6622,0.6918,浅香工業,スタンダード（内国株式）,その他製品
5965,2026-10-05,1193.0,-0.005,-0.0058,-0.0017,0.0456,-0.0295,0.0243,1200.32,1172.2169,True,-0.0061,0.9246,1290.3445,983.4603,0.013,0.1184,119300.0,0.7878,0.2,フジマック,スタンダード（内国株式）,金属製品
5966,2026-10-05,2771.0,0.004,-0.0139,0.0516,0.1115,0.0238,0.0902,2713.2567,2609.4856,True,0.0213,0.9726,2849.0,2336.5165,0.0225,0.0173,277100.0,1.0385,0.3467,京都機械工具,スタンダード（内国株式）,金属製品
5967,2026-10-05,440.0,0.0023,0.0115,-0.0638,-0.0435,-0.0916,-0.0648,453.0,462.1067,False,-0.0287,0.7027,626.1492,404.0,0.0213,0.1008,44000.0,1.2075,0.2992,ＴＯＮＥ,スタンダード（内国株式）,金属製品
5969,2026-10-05,1199.0,-0.0033,-0.0033,-0.0346,0.0042,-0.0624,-0.0171,1206.44,1200.4,False,-0.0062,0.767,1563.1901,1128.4279,0.0025,0.0023,119900.0,0.3175,0.6667,ロブテックス,スタンダード（内国株式）,金属製品
5970,2026-10-05,2193.0,0.0055,-0.0271,-0.0494,0.0508,-0.0772,0.0295,2249.5362,2187.7654,True,-0.0251,0.9168,2392.0,1736.4221,0.0182,2.4253,219300.0,1.0526,0.2924,ジーテクト,プライム（内国株式）,金属製品
5971,2026-10-05,8950.0,-0.0165,0.0194,0.0468,0.0968,0.019,0.0755,8652.4,8268.1333,True,0.0344,0.9835,9100.0,6364.3041,0.0192,0.0865,895000.0,1.0435,0.3137,共和工業所,スタンダード（内国株式）,金属製品
5973,2026-10-05,602.0,-0.0131,-0.0066,-0.0179,0.0,-0.0457,-0.0213,611.4794,608.0531,False,-0.0155,0.8867,678.9171,497.6098,0.0133,0.01,60200.0,0.7585,0.263,トーアミ,スタンダード（内国株式）,金属製品
5974,2026-10-05,836.0,-0.0071,-0.0222,-0.0165,-0.0048,-0.0443,-0.0261,844.52,849.0267,True,-0.0101,0.8875,941.9907,530.3563,0.0079,0.0103,83600.0,0.7797,0.4565,中国工業,スタンダード（内国株式）,金属製品
5975,2026-10-05,3330.0,0.0199,-0.0191,-0.0249,0.2477,-0.0527,0.2263,3329.6058,2986.2153,True,0.0001,0.9224,3610.0,2097.8789,0.0246,3.311,333000.0,0.8568,0.2432,東プレ,プライム（内国株式）,金属製品
5976,2026-10-05,1438.0,-0.0028,-0.0055,-0.0407,0.0977,-0.0685,0.0764,1473.9991,1408.5864,True,-0.0244,0.9113,1578.0,1130.7178,0.0151,1.1642,143800.0,1.1881,0.4048,高周波熱錬,プライム（内国株式）,金属製品
5981,2026-10-05,1846.0,-0.0065,-0.0264,-0.0191,-0.0548,-0.0469,-0.0761,1880.9737,1943.7246,False,-0.0186,0.8538,2162.0,1379.9732,0.0249,1.4107,184600.0,0.7676,0.2134,東京製綱,プライム（内国株式）,金属製品
5982,2026-10-05,4020.0,-0.0012,-0.0135,-0.0337,0.0285,-0.0615,0.0072,4119.6,3988.9844,True,-0.0242,0.9451,4253.7219,3296.3159,0.0117,0.1059,402000.0,0.7526,0.403,マルゼン,スタンダード（内国株式）,金属製品
5983,2026-10-05,15140.0,0.0441,0.1007,0.1141,0.0987,0.0863,0.0774,13818.5194,13895.5065,True,0.0956,0.9369,16160.0,8879.6069,0.0186,0.2362,1514000.0,1.2567,0.6078,イワブチ,スタンダード（内国株式）,金属製品
5984,2026-10-05,780.0,0.0,0.0189,0.0052,0.0714,-0.0226,0.0501,777.4095,751.7098,True,0.0033,0.8495,918.1532,648.5678,0.0164,0.0285,78000.0,0.5223,0.3456,兼房,スタンダード（内国株式）,金属製品
5985,2026-10-05,2546.0,0.025,0.056,0.242,0.6196,0.2142,0.5983,2223.0803,1860.8268,True,0.1453,0.9789,2601.0,861.3862,0.0559,15.9912,254600.0,0.6462,0.316,サンコール,スタンダード（内国株式）,金属製品
5986,2026-10-05,284.0,-0.0173,-0.034,0.1051,0.2189,0.0773,0.1976,265.64,249.6267,True,0.0691,0.9251,307.0,177.3691,0.0317,0.3523,28400.0,3.159,0.5444,モリテック　スチール,スタンダード（内国株式）,金属製品
5987,2026-10-05,1659.0,0.0055,-0.0036,-0.0066,-0.0834,-0.0344,-0.1047,1652.28,1723.1892,False,0.0041,0.5851,2835.1829,1536.0,0.0248,0.0694,165900.0,3.4159,0.9827,オーネックス,スタンダード（内国株式）,金属製品
5988,2026-10-05,1628.0,-0.0043,-0.0263,-0.0367,-0.0079,-0.0645,-0.0292,1684.7346,1669.9515,True,-0.0337,0.9101,1788.8194,1505.0,0.0174,1.2491,162800.0,0.9531,0.3716,パイオラックス,プライム（内国株式）,金属製品
5989,2026-10-05,1403.0,0.0101,-0.041,-0.0659,-0.112,-0.0937,-0.1333,1468.5163,1512.9054,False,-0.0446,0.7688,1825.0,1139.6596,0.0199,2.0304,140300.0,0.9595,0.4365,エイチワン,プライム（内国株式）,金属製品
5990,2026-10-05,1964.0,0.0187,0.0176,0.0197,0.0083,-0.0081,-0.013,1931.6461,1938.4906,False,0.0167,0.9682,2028.5496,1861.47,0.0048,0.0104,196400.0,0.5865,0.4818,スーパーツール,スタンダード（内国株式）,金属製品
5991,2026-10-05,3661.0,0.0578,0.0774,0.1141,-0.0992,0.0863,-0.1205,3371.1119,3611.0773,False,0.086,0.8435,4340.0,2007.1468,0.0226,21.8756,366100.0,0.9653,0.48,日本発條,プライム（内国株式）,金属製品
5992,2026-10-05,3600.0,0.0056,-0.0257,-0.0217,-0.0661,-0.0495,-0.0875,3682.6313,3728.0771,False,-0.0224,0.8571,4200.0,3044.9047,0.0132,0.8089,360000.0,0.58,0.4115,中央発條,スタンダード（内国株式）,金属製品
5994,2026-10-05,980.0,0.0041,-0.0051,-0.022,-0.0249,-0.0498,-0.0462,1008.8744,996.4248,True,-0.0286,0.4562,2148.1545,906.0,0.0129,0.0436,98000.0,0.3037,0.3245,ファインシンター,スタンダード（内国株式）,金属製品
5997,2026-10-05,899.0,-0.0011,-0.0121,-0.0121,0.0045,-0.0399,-0.0168,896.08,901.24,True,0.0033,0.9365,960.0,663.7606,0.0184,0.026,89900.0,0.3441,0.2606,協立エアテック,スタンダード（内国株式）,金属製品
5998,2026-10-05,3040.0,0.0066,0.0769,0.1373,0.0931,0.1095,0.0718,2773.88,2739.6667,True,0.0959,0.86,3535.0,1087.3474,0.0418,0.3341,304000.0,0.6063,0.3777,アドバネクス,スタンダード（内国株式）,金属製品
6005,2026-10-05,3038.0,0.0133,-0.0337,-0.0349,-0.0527,-0.0627,-0.074,3126.4601,3158.7267,False,-0.0283,0.8617,3525.7201,2729.8923,0.0216,12.7102,303800.0,1.1799,0.3614,三浦工業,プライム（内国株式）,機械
6013,2026-10-05,3005.0,0.0114,0.0183,0.0186,-0.19,-0.0092,-0.2113,2996.5384,3280.9795,False,0.0028,0.7971,3770.0,2129.0409,0.02,5.7021,300500.0,0.9405,0.2481,タクマ,プライム（内国株式）,機械
6016,2026-10-05,11950.0,-0.0197,0.0284,0.1295,0.3003,0.1017,0.279,11508.7197,9827.4399,True,0.0383,0.7027,17005.0495,6910.0,0.0491,13.2355,1195000.0,0.9011,0.1994,ジャパンエンジンコーポレーション,スタンダード（内国株式）,輸送用機器
6018,2026-10-05,6080.0,0.0501,-0.0311,-0.0082,0.0133,-0.036,-0.008,6067.9198,6024.3733,True,0.002,0.9061,6710.0,3094.459,0.0338,0.0605,608000.0,1.0691,0.3455,阪神内燃機工業,スタンダード（内国株式）,輸送用機器
6022,2026-10-05,2846.0,-0.0004,-0.0042,-0.0283,0.1031,-0.0561,0.0818,2879.32,2666.96,True,-0.0116,0.4686,6073.8473,2250.0,0.0127,0.0443,284600.0,1.1635,0.3831,赤阪鐵工所,スタンダード（内国株式）,機械
6023,2026-10-05,3305.0,-0.0045,0.0101,0.105,0.1476,0.0772,0.1263,3215.5621,2922.374,True,0.0278,0.9389,3520.0,1974.0,0.0331,4.9293,330500.0,0.9602,0.201,ダイハツインフィニアース,スタンダード（内国株式）,輸送用機器
6027,2026-10-05,4980.0,-0.0099,-0.001,-0.0216,1.0672,-0.0494,1.0459,5251.6,3528.5067,True,-0.0517,0.8204,6070.0,1998.0,0.0695,13.614,498000.0,0.6725,0.263,弁護士ドットコム,プライム（内国株式）,サービス業
6029,2026-10-05,190.0,0.0106,-0.0052,0.027,0.0383,-0.0008,0.0169,188.0,190.64,False,0.0106,0.748,254.0,134.0,0.0263,0.05,19000.0,0.6704,0.22,アトラグループ,スタンダード（内国株式）,サービス業
6030,2026-10-05,1482.0,-0.0383,-0.098,-0.0596,0.0422,-0.0874,0.0209,1660.8,1504.7818,True,-0.1077,0.4915,3015.4458,1127.0846,0.0498,0.2906,148200.0,1.3796,0.4956,アドベンチャー,グロース（内国株式）,サービス業
6031,2026-10-05,275.0,0.0,-0.0179,-0.055,0.0913,-0.0828,0.07,282.08,268.32,True,-0.0251,0.6772,406.0758,218.0,0.0379,0.1677,27500.0,0.5047,0.2205,ＺＥＴＡ,スタンダード（内国株式）,サービス業
6033,2026-10-05,1615.0,0.0025,-0.06,-0.014,0.1454,-0.0418,0.1241,1699.04,1597.04,True,-0.0495,0.8992,1796.0,1185.3543,0.0283,0.4333,161500.0,0.6795,0.4141,エクストリーム,グロース（内国株式）,サービス業
6034,2026-10-05,570.0,-0.0052,-0.0701,-0.0952,-0.1009,-0.123,-0.1223,606.68,623.1867,False,-0.0605,0.8028,710.0,557.0,0.0405,0.0693,57000.0,2.1977,0.3337,ＭＲＴ,グロース（内国株式）,サービス業
6035,2026-10-05,732.0,0.0027,-0.0174,-0.0068,0.0252,-0.0346,0.0039,733.3659,721.9753,True,-0.0019,0.8301,881.8059,693.0,0.0227,0.2584,73200.0,1.3596,0.3132,アイ・アールジャパンホールディングス,スタンダード（内国株式）,サービス業
6036,2026-10-05,3400.0,0.0029,-0.03,0.0195,0.17,-0.0083,0.1487,3482.0,3083.8018,True,-0.0235,0.9007,3775.0,2423.4784,0.0266,4.8036,340000.0,0.6631,0.4593,ＫｅｅＰｅｒ技研,プライム（内国株式）,サービス業
6037,2026-10-05,1082.0,0.0122,0.0084,0.0536,-0.0873,0.0258,-0.1086,1074.16,1055.8806,True,0.0073,0.751,1440.7136,875.4295,0.0304,0.5541,108200.0,0.9189,0.1978,楽待,スタンダード（内国株式）,サービス業
6038,2026-10-05,833.0,-0.0107,-0.0095,0.0,0.0361,-0.0278,0.0148,830.68,830.8035,False,0.0028,0.8258,1008.667,790.0,0.0116,0.0367,83300.0,0.4762,0.2281,イード,グロース（内国株式）,サービス業
6039,2026-10-05,1005.0,-0.0118,0.0,0.0121,-0.0737,-0.0157,-0.0951,1010.0,1030.84,True,-0.005,0.6262,1605.0,866.358,0.0208,0.391,100500.0,0.6982,0.2389,日本動物高度医療センター,グロース（内国株式）,サービス業
6040,2026-10-05,449.0,0.0067,-0.0175,-0.0447,-0.1154,-0.0725,-0.1368,460.96,475.2257,False,-0.0259,0.7606,590.2997,425.1521,0.0218,0.1205,44900.0,0.6559,0.235,日本スキー場開発,グロース（内国株式）,サービス業
6042,2026-10-05,3840.0,0.0105,0.0039,0.0013,-0.04,-0.0265,-0.0613,3859.4,3920.4667,False,-0.005,0.7191,5340.0,2857.1295,0.0113,0.0221,384000.0,1.203,0.4246,ニッキ,スタンダード（内国株式）,輸送用機器
6044,2026-10-05,1836.0,-0.0166,-0.0291,-0.0281,0.1027,-0.0559,0.0814,1885.24,1822.4,True,-0.0261,0.7636,2404.3373,1441.0,0.0166,0.0899,183600.0,0.4122,0.2754,三機サービス,スタンダード（内国株式）,サービス業
6045,2026-10-05,2027.0,0.001,0.0217,-0.1074,0.3077,-0.1352,0.2864,2174.4401,1833.5734,True,-0.0678,0.8044,2520.0,1359.0,0.0529,0.6825,202700.0,1.5154,0.3823,レントラックス,グロース（内国株式）,サービス業
6046,2026-10-05,146.0,0.0139,-0.0267,-0.0201,0.168,-0.0479,0.1467,151.76,135.28,True,-0.038,0.6489,225.0,108.0,0.0298,0.0955,14600.0,0.2363,0.3672,リンクバル,スタンダード（内国株式）,サービス業
6047,2026-10-05,360.0,-0.0055,-0.0746,-0.1067,-0.1964,-0.1345,-0.2177,391.36,404.6667,False,-0.0801,0.5223,689.3023,345.0,0.0246,0.3031,36000.0,0.4508,0.3839,Ｇｕｎｏｓｙ,スタンダード（内国株式）,サービス業
6049,2026-10-05,252.0,0.0,0.012,0.0244,0.0161,-0.0034,-0.0052,250.4,247.44,False,0.0064,0.8514,296.0,239.0,0.0193,0.0422,25200.0,0.6391,0.2059,イトクロ,グロース（内国株式）,サービス業
6050,2026-10-05,1614.0,-0.0141,-0.0933,-0.1103,-0.0643,-0.1381,-0.0857,1768.21,1739.9233,True,-0.0872,0.7704,2094.9506,1594.0,0.0151,0.4713,161400.0,1.8397,0.8303,イー・ガーディアン,プライム（内国株式）,サービス業
6054,2026-10-05,110.0,0.0,-0.0179,-0.0179,-0.009,-0.0457,-0.0303,111.64,111.8133,False,-0.0147,0.6322,174.0,103.0,0.0162,0.0154,11000.0,0.3495,0.224,リブセンス,スタンダード（内国株式）,サービス業
6055,2026-10-05,2391.0,0.0192,0.0505,0.1359,-0.0245,0.1081,-0.0458,2206.8,2309.4933,True,0.0835,0.8632,2770.0,1471.4164,0.041,12.6951,239100.0,0.7902,0.3424,ジャパンマテリアル,プライム（内国株式）,サービス業
6058,2026-10-05,1988.0,-0.0373,0.0211,0.0333,0.0608,0.0055,0.0395,1981.76,1853.5867,True,0.0031,0.8931,2226.0,1026.6598,0.036,8.9391,198800.0,0.9834,0.2697,ベクトル,プライム（内国株式）,サービス業
6059,2026-10-05,370.0,-0.0054,0.0193,0.0249,0.085,-0.0029,0.0637,366.16,353.2667,True,0.0105,0.8951,413.3531,320.679,0.0191,0.0376,37000.0,1.2085,0.2399,ウチヤマホールディングス,スタンダード（内国株式）,サービス業
6061,2026-10-05,3130.0,-0.0079,0.0016,-0.0325,0.1636,-0.0603,0.1422,3171.6,2948.0149,True,-0.0131,0.9013,3472.6831,2498.5407,0.0234,0.1159,313000.0,0.4535,0.2051,ユニバーサル園芸社,スタンダード（内国株式）,サービス業
6062,2026-10-05,1383.0,0.0102,-0.0356,-0.0302,0.0306,-0.058,0.0092,1411.08,1376.1392,True,-0.0199,0.9251,1495.0,1030.5349,0.0237,1.3143,138300.0,1.0251,0.3416,チャーム・ケア・コーポレーション,プライム（内国株式）,サービス業
6063,2026-10-05,1003.0,0.0,0.0101,0.0152,0.003,-0.0126,-0.0183,998.96,997.2267,True,0.004,0.7547,1329.0,835.0,0.0157,0.0116,100300.0,0.6379,0.1837,日本エマージェンシーアシスタンス,スタンダード（内国株式）,サービス業
6069,2026-10-05,657.0,0.0077,-0.0209,-0.0324,-0.0281,-0.0602,-0.0494,676.76,664.4267,True,-0.0292,0.6328,1038.2222,578.0,0.0204,0.1039,65700.0,0.5579,0.3202,トレンダーズ,グロース（内国株式）,サービス業
6070,2026-10-05,2495.0,0.0016,-0.02,-0.0337,0.0919,-0.0615,0.0706,2549.8,2419.4933,True,-0.0215,0.9279,2689.0,2086.0,0.0167,1.192,249500.0,1.7784,0.3949,キャリアリンク,プライム（内国株式）,サービス業
6071,2026-10-05,895.0,0.0136,0.0205,-0.0165,0.0757,-0.0443,0.0544,898.6,856.44,True,-0.004,0.917,976.0,659.0,0.0264,2.0104,89500.0,0.6858,0.3088,ＩＢＪ,プライム（内国株式）,サービス業
6072,2026-10-05,1130.0,0.0357,0.0357,0.1199,0.121,0.0921,0.0997,1065.72,1036.8267,False,0.0603,0.5771,1958.0,149.0,0.0542,5.418,113000.0,0.9037,0.3022,地盤ネットホールディングス,スタンダード（内国株式）,サービス業
6073,2026-10-05,1320.0,-0.0372,-0.1063,-0.1299,-0.1014,-0.1577,-0.1227,1488.703,1482.3943,True,-0.1133,0.7932,1664.1206,1306.0,0.0209,0.3499,132000.0,1.9336,0.7648,アサンテ,プライム（内国株式）,サービス業
6074,2026-10-05,505.0,0.006,0.001,-0.0307,0.002,-0.0585,-0.0193,512.4192,508.0597,True,-0.0145,0.8459,597.0,468.0,0.0098,0.043,50500.0,2.9958,0.303,ジェイエスエス,スタンダード（内国株式）,サービス業
6078,2026-10-05,1511.0,-0.004,-0.0333,-0.0443,0.0371,-0.0721,0.0157,1563.16,1520.3249,True,-0.0334,0.8099,1865.6893,1307.9431,0.0162,0.4719,151100.0,1.2035,0.3469,バリューＨＲ,プライム（内国株式）,サービス業
6080,2026-10-05,4285.0,0.0035,0.0294,0.04,0.1644,0.0123,0.1431,4188.8626,3909.9542,True,0.023,0.9739,4400.0,2894.0,0.0264,3.6395,428500.0,0.9713,0.256,Ｍ＆Ａキャピタルパートナーズ,プライム（内国株式）,サービス業
6081,2026-10-05,148.0,0.0137,0.035,-0.0864,-0.1138,-0.1142,-0.1351,151.56,157.0533,False,-0.0235,0.3176,466.0,136.0,0.0671,2.0027,14800.0,0.4099,0.0906,アライドアーキテクツ,グロース（内国株式）,サービス業
6082,2026-10-05,987.0,0.002,-0.007,-0.0247,0.001,-0.0525,-0.0203,998.68,995.5333,True,-0.0117,0.9436,1046.0,962.0,0.0085,0.2296,98700.0,1.263,0.2729,ライドオンエクスプレスホールディングス,スタンダード（内国株式）,サービス業
6083,2026-10-05,1373.0,-0.0228,-0.205,-0.153,-0.0439,-0.1808,-0.0652,1610.44,1543.9467,True,-0.1474,0.7748,1772.0,915.3792,0.0467,1.2066,137300.0,1.6969,0.6243,ＥＲＩホールディングス,スタンダード（内国株式）,サービス業
6085,2026-10-05,115.0,0.1275,0.0648,-0.4192,-0.5306,-0.447,-0.5519,149.68,169.4533,False,-0.2317,0.1597,720.0,24.4,0.1317,8.5994,11500.0,0.7985,0.416,アーキテクツ・スタジオ・ジャパン,グロース（内国株式）,サービス業
6086,2026-10-05,977.0,-0.0091,-0.0422,-0.044,-0.056,-0.0718,-0.0774,1017.92,1028.9067,False,-0.0402,0.7693,1270.0,962.0,0.0224,0.2841,97700.0,1.1138,0.334,シンメンテホールディングス,グロース（内国株式）,サービス業
6087,2026-10-05,3350.0,0.0,-0.0228,-0.0577,-0.0147,-0.0855,-0.036,3501.5369,3455.7123,True,-0.0433,0.9318,3595.0,3075.0,0.0131,0.1326,335000.0,2.2661,0.673,アビスト,スタンダード（内国株式）,サービス業
6088,2026-10-05,580.0,0.0087,-0.0085,0.0623,0.0105,0.0345,-0.0109,567.32,560.0667,True,0.0224,0.6426,902.5154,501.0,0.0201,2.429,58000.0,0.956,0.2319,シグマクシス・ホールディングス,プライム（内国株式）,サービス業
6089,2026-10-05,1122.0,-0.0115,-0.0402,-0.0418,0.0418,-0.0696,0.0205,1160.0,1111.28,True,-0.0328,0.8818,1272.4222,954.0755,0.0141,0.3989,112200.0,0.7738,0.4036,ウィルグループ,プライム（内国株式）,サービス業
6090,2026-10-05,606.0,0.0,-0.013,-0.0178,-0.0066,-0.0456,-0.0279,614.0,607.5838,False,-0.013,0.8143,744.218,564.4787,0.0152,0.0202,60600.0,0.53,0.2713,ヒューマン・メタボローム・テクノロジーズ,スタンダード（内国株式）,サービス業
6091,2026-10-05,934.0,-0.0127,-0.0585,0.053,0.0086,0.0252,-0.0127,927.32,904.3415,True,0.0072,0.9193,1016.0,764.5746,0.0287,0.3011,93400.0,0.3998,0.3397,ウエスコホールディングス,スタンダード（内国株式）,サービス業
6092,2026-10-05,776.0,-0.0013,0.0039,-0.1008,0.0808,-0.1286,0.0595,816.84,769.5333,True,-0.05,0.7691,1009.0,543.7103,0.0189,0.1591,77600.0,0.9526,0.4849,エンバイオ・ホールディングス,スタンダード（内国株式）,サービス業
6093,2026-10-05,160.0,-0.0062,-0.0123,0.0,-0.0063,-0.0278,-0.0276,161.24,159.1809,True,-0.0077,0.7988,200.2909,122.3612,0.0165,0.1197,16000.0,1.1225,0.1514,ミトラグループ,スタンダード（内国株式）,サービス業
6094,2026-10-05,500.0,0.0,-0.0476,-0.1228,-0.0403,-0.1506,-0.0616,539.52,542.44,False,-0.0733,0.6281,796.0,490.0,0.0169,0.3806,50000.0,2.8055,0.3915,フリークアウト・ホールディングス,グロース（内国株式）,サービス業
6098,2026-10-05,16635.0,-0.003,0.0124,0.0171,0.3985,-0.0107,0.3772,16623.2575,14263.5525,True,0.0007,0.9133,18215.0,6028.4183,0.0336,724.0953,1663500.0,0.9521,0.2867,リクルートホールディングス,プライム（内国株式）,サービス業
6099,2026-10-05,699.0,-0.0029,-0.0451,-0.0592,-0.0643,-0.087,-0.0856,726.48,746.4533,True,-0.0378,0.8662,807.0,654.0,0.0155,0.5576,69900.0,0.9328,0.4421,エラン,プライム（内国株式）,サービス業
6101,2026-10-05,5710.0,0.0344,0.1085,0.1329,-0.2951,0.1051,-0.3164,5141.9162,6231.9721,False,0.1105,0.6616,8630.0,2259.2047,0.0335,14.9919,571000.0,0.644,0.4388,ツガミ,プライム（内国株式）,機械
6103,2026-10-05,4965.0,0.0301,0.0609,0.0936,-0.009,0.0658,-0.0303,4598.7291,4812.243,True,0.0796,0.8695,5710.0,3220.6386,0.0259,18.1166,496500.0,0.8617,0.4349,オークマ,プライム（内国株式）,機械
6104,2026-10-05,5010.0,0.0204,0.0648,0.1258,0.0832,0.098,0.0619,4516.3349,4449.5783,True,0.1093,0.9691,5170.0,3608.9539,0.0264,8.3858,501000.0,1.1859,0.4651,芝浦機械,プライム（内国株式）,機械
6113,2026-10-05,2679.0,0.02,0.0855,0.0919,-0.1628,0.0641,-0.1841,2485.8051,2742.435,False,0.0777,0.831,3224.0,1717.2921,0.0245,55.1692,267900.0,0.8538,0.4407,アマダ,プライム（内国株式）,機械
6118,2026-10-05,1227.0,0.0157,0.0234,0.0372,0.032,0.0094,0.0106,1232.36,1210.4533,True,-0.0043,0.9009,1362.0,864.5189,0.0238,3.2999,122700.0,1.0712,0.2465,アイダエンジニアリング,プライム（内国株式）,機械
6125,2026-10-05,5220.0,0.0398,0.0841,0.1373,-0.0842,0.1095,-0.1055,4743.9177,5084.0392,False,0.1004,0.8758,5960.0,3690.0,0.0267,1.3621,522000.0,0.5143,0.4981,岡本工作機械製作所,スタンダード（内国株式）,機械
6134,2026-10-05,8428.0,0.0458,0.1518,0.234,-0.0257,0.2062,-0.047,7177.4652,7634.4084,False,0.1742,0.9424,8943.0,2598.7814,0.0312,53.6398,842800.0,0.9334,0.6114,ＦＵＪＩ,プライム（内国株式）,機械
6135,2026-10-05,3250.0,0.0236,0.0906,-0.7877,-0.7848,-0.8155,-0.8061,11293.7575,13668.4525,False,-0.7122,0.197,16500.0,2894.5859,0.3362,17.7868,325000.0,2.06,1.1364,牧野フライス製作所,プライム（内国株式）,機械
6136,2026-10-05,3750.0,0.0277,0.0551,0.0513,-0.0672,0.0235,-0.0885,3563.84,3705.0667,True,0.0522,0.888,4223.0,1978.25,0.023,11.7755,375000.0,0.9016,0.3637,オーエスジー,プライム（内国株式）,機械
6137,2026-10-05,1492.0,-0.0007,-0.0248,-0.0229,-0.0113,-0.0507,-0.0326,1518.2,1502.2533,False,-0.0173,0.629,2371.9801,1289.3742,0.0203,0.2965,149200.0,0.6161,0.2548,小池酸素工業,スタンダード（内国株式）,機械
6138,2026-10-05,2017.0,-0.0326,0.0161,0.0202,0.7647,-0.0076,0.7433,2003.36,1562.8667,True,0.0068,0.9168,2200.0,814.111,0.0328,0.2184,201700.0,0.577,0.2963,ダイジェット工業,スタンダード（内国株式）,機械
6140,2026-10-05,1144.0,0.0233,0.0242,-0.0078,-0.0811,-0.0356,-0.1024,1141.5296,1183.2565,False,0.0022,0.6672,1714.652,776.7818,0.0207,4.6499,114400.0,0.6128,0.1679,旭ダイヤモンド工業,プライム（内国株式）,機械
6141,2026-10-05,2888.0,0.0148,-0.0111,0.0165,-0.235,-0.0113,-0.2563,2872.68,3304.5775,False,0.0053,0.7256,3980.0,2270.6758,0.0228,39.8317,288800.0,0.8386,0.2445,ＤＭＧ森精機,プライム（内国株式）,機械
6143,2026-10-05,1841.0,0.0514,0.0735,0.0779,-0.0192,0.0501,-0.0405,1699.08,1782.4776,False,0.0835,0.8706,2114.5218,838.9688,0.0298,5.8661,184100.0,0.6471,0.4242,ソディック,プライム（内国株式）,機械
6144,2026-10-05,2701.0,-0.0063,-0.0281,-0.0473,-0.0721,-0.0751,-0.0935,2822.0736,2903.1979,True,-0.0429,0.7806,3460.0,1985.7663,0.0176,0.1506,270100.0,1.2895,0.3257,西部電機,スタンダード（内国株式）,機械
6145,2026-10-05,2900.0,0.0186,0.0985,0.2023,-0.0304,0.1745,-0.0517,2561.7728,2682.5243,False,0.132,0.8382,3460.0,2053.2701,0.0284,2.6098,290000.0,0.9316,0.4173,ＮＩＴＴＯＫＵ,スタンダード（内国株式）,機械
6146,2026-10-05,63730.0,0.0571,0.1752,0.1552,-0.1829,0.1274,-0.2043,55382.4384,64633.2128,False,0.1507,0.6951,91680.0,42130.542,0.0347,830.2754,6373000.0,1.0047,0.645,ディスコ,プライム（内国株式）,機械
6149,2026-10-05,2112.0,-0.0227,-0.0512,-0.0592,-0.0108,-0.087,-0.0321,2220.52,2178.32,True,-0.0489,0.7385,2859.9041,1835.0,0.0196,0.1694,211200.0,0.7048,0.3759,小田原エンジニアリング,スタンダード（内国株式）,機械
6150,2026-10-05,2785.0,0.0051,-0.0029,-0.0078,0.0091,-0.0356,-0.0123,2793.48,2774.92,False,-0.003,0.8237,3381.168,2666.0,0.0048,0.0427,278500.0,1.8293,0.3613,タケダ機械,スタンダード（内国株式）,機械
6151,2026-10-05,1701.0,0.018,-0.0087,-0.0224,-0.0087,-0.0502,-0.0301,1724.9408,1718.5936,True,-0.0139,0.8874,1916.8772,1536.466,0.0159,0.2833,170100.0,1.2102,0.3143,日東工器,プライム（内国株式）,機械
6155,2026-10-05,543.0,0.0018,0.0093,0.0131,0.1059,-0.0147,0.0846,539.5604,519.7601,True,0.0064,0.9766,556.0,440.296,0.0155,0.0289,54300.0,0.5597,0.4258,高松機械工業,スタンダード（内国株式）,機械
6156,2026-10-05,1869.0,-0.0137,0.0136,0.0075,0.0791,-0.0203,0.0578,1851.16,1835.0227,False,0.0096,0.943,1981.9082,1636.0719,0.0133,0.1758,186900.0,0.4553,0.337,エーワン精密,スタンダード（内国株式）,機械
6157,2026-10-05,807.0,-0.0037,0.005,-0.0134,-0.1611,-0.0412,-0.1824,818.8393,880.9464,False,-0.0145,0.7858,1027.0,735.1772,0.0149,0.5431,80700.0,0.7557,0.2159,日進工具,スタンダード（内国株式）,機械
6158,2026-10-05,1001.0,-0.0263,0.0091,-0.0366,0.0152,-0.0644,-0.0061,1023.86,997.1667,True,-0.0223,0.757,1322.2389,821.242,0.0199,0.0519,100100.0,1.4879,0.2906,和井田製作所,スタンダード（内国株式）,機械
6159,2026-10-05,1883.0,0.0124,0.0118,0.0461,0.0329,0.0183,0.0115,1907.8,1885.4687,False,-0.013,0.65,2897.0855,1652.213,0.0565,0.0692,188300.0,1.0316,0.3432,ミクロン精密,スタンダード（内国株式）,機械
6161,2026-10-05,1043.0,0.001,0.0038,-0.0086,-0.0104,-0.0364,-0.0318,1047.76,1053.1333,True,-0.0045,0.9222,1131.0,948.5253,0.0131,0.0452,104300.0,0.5586,0.1832,エスティック,スタンダード（内国株式）,機械
6165,2026-10-05,546.0,0.044,0.0019,0.0055,0.1053,-0.0223,0.0839,540.9598,520.7466,True,0.0093,0.943,579.0,392.6351,0.0206,0.296,54600.0,0.7672,0.3021,パンチ工業,スタンダード（内国株式）,機械
6166,2026-10-05,620.0,0.0164,-0.0174,-0.0634,-0.2807,-0.0912,-0.3021,653.2,657.7067,True,-0.0508,0.5166,1200.1354,245.3919,0.026,0.5127,62000.0,0.2789,0.4027,中村超硬,グロース（内国株式）,機械
6167,2026-10-05,999.0,-0.0079,-0.0128,-0.0128,-0.0292,-0.0406,-0.0505,1002.52,1000.0,True,-0.0035,0.6401,1560.7143,788.5714,0.018,0.4847,99900.0,0.5836,0.1889,冨士ダイス,プライム（内国株式）,機械
6171,2026-10-05,374.0,0.0027,0.0054,0.0,-0.0286,-0.0278,-0.0499,372.72,377.5545,False,0.0034,0.7182,520.7772,370.0,0.0082,0.0558,37400.0,0.6179,0.293,土木管理総合試験所,スタンダード（内国株式）,サービス業
6176,2026-10-05,983.0,0.0061,-0.0041,-0.0061,0.0435,-0.0339,0.0222,1035.6301,961.65,True,-0.0508,0.7515,1308.0,655.0674,0.0254,2.1989,98300.0,1.0924,0.2887,ブランジスタ,スタンダード（内国株式）,サービス業
6177,2026-10-05,86.0,0.0,0.0118,0.0238,0.0118,-0.004,-0.0096,85.12,82.32,False,0.0103,0.3282,262.0,72.0,0.0382,0.3849,8600.0,0.9857,0.3348,ＡｐｐＢａｎｋ,グロース（内国株式）,サービス業
6178,2026-10-05,2465.5,0.0002,-0.035,-0.0205,0.06,-0.0483,0.0387,2492.6892,2387.3231,True,-0.0109,0.9472,2603.0,1373.25,0.025,124.193,246550.0,1.0233,0.2111,日本郵政,プライム（内国株式）,サービス業
6180,2026-10-05,3800.0,0.012,0.008,-0.0194,0.0497,-0.0472,0.0284,3808.2,3756.8,True,-0.0022,0.6418,5920.5081,3440.0,0.0157,0.0442,380000.0,1.0281,0.2263,ＧＭＯメディア,グロース（内国株式）,サービス業
6181,2026-10-05,84.0,-0.0233,-0.0562,-0.0455,0.0,-0.0733,-0.0213,89.52,82.56,True,-0.0617,0.5793,145.0,68.0,0.0272,0.0665,8400.0,0.5678,0.35,タメニー,グロース（内国株式）,サービス業
6182,2026-10-05,515.0,-0.0445,-0.041,0.0098,-0.0585,-0.018,-0.0798,521.72,503.9867,True,-0.0129,0.7574,680.0,378.0,0.024,0.1364,51500.0,0.7784,0.3723,メタリアル,グロース（内国株式）,サービス業
6183,2026-10-05,1281.0,0.0016,-0.0476,-0.0751,-0.0546,-0.1029,-0.0759,1357.84,1348.0778,False,-0.0566,0.8415,1522.3548,1203.8983,0.0183,3.622,128100.0,1.1541,0.4738,ベルシステム２４ホールディングス,プライム（内国株式）,サービス業
6184,2026-10-05,611.0,0.0133,0.02,0.0682,0.2147,0.0404,0.1934,594.84,548.5467,True,0.0272,0.976,625.9966,444.0,0.0276,1.0411,61100.0,0.9246,0.2017,鎌倉新書,プライム（内国株式）,サービス業
6185,2026-10-05,363.0,0.0,-0.0163,-0.0136,-0.074,-0.0414,-0.0953,366.2,375.5867,False,-0.0087,0.7275,499.0,344.0,0.0132,0.0245,36300.0,0.7262,0.1672,ＳＭＮ,スタンダード（内国株式）,サービス業
6186,2026-10-05,373.0,0.0,0.0081,-0.0184,-0.008,-0.0462,-0.0293,375.403,378.0143,True,-0.0064,0.9325,400.0,354.4777,0.0101,0.008,37300.0,1.1151,0.3684,一蔵,スタンダード（内国株式）,サービス業
6189,2026-10-05,982.0,-0.003,-0.0131,-0.0287,-0.0141,-0.0565,-0.0354,1005.5663,1000.5354,True,-0.0234,0.8913,1101.7914,696.5911,0.0133,0.168,98200.0,2.216,0.3433,グローバルキッズＣＯＭＰＡＮＹ,スタンダード（内国株式）,サービス業
6190,2026-10-05,311.0,-0.0096,0.013,-0.0906,-0.0959,-0.1184,-0.1172,319.64,336.5333,False,-0.027,0.4296,724.0,296.0,0.0324,0.0247,31100.0,1.1483,0.2383,フェニックスバイオ,グロース（内国株式）,サービス業
6191,2026-10-05,1469.0,-0.0061,0.1477,0.8906,0.7915,0.8628,0.7701,1173.1511,954.157,True,0.2522,0.8309,1768.0,660.0,0.0932,17.7359,146900.0,2.1144,0.3153,エアトリ,プライム（内国株式）,サービス業
6193,2026-10-05,1074.0,0.0075,-0.102,-0.1373,0.0529,-0.1651,0.0316,1173.84,1082.0667,True,-0.0851,0.8613,1247.0,916.0,0.0332,0.1356,107400.0,2.016,0.4938,バーチャレクス・ホールディングス,グロース（内国株式）,サービス業
6194,2026-10-05,921.0,0.0022,0.036,0.0964,0.2917,0.0686,0.2704,881.88,830.44,True,0.0444,0.9614,958.0,618.0,0.0208,2.2133,92100.0,1.6976,0.4075,アトラエ,プライム（内国株式）,サービス業
6195,2026-10-05,202.0,0.0,0.0092,0.005,-0.0472,-0.0228,-0.0685,202.0557,207.3386,False,-0.0003,0.7566,267.0,184.0,0.0158,0.0349,20200.0,0.6856,0.2139,ホープ,グロース（内国株式）,サービス業
6196,2026-10-05,1382.0,-0.0192,0.0298,0.0044,0.0313,-0.0234,0.01,1396.019,1344.7663,True,-0.01,0.8916,1550.0,1166.0,0.0235,5.4744,138200.0,1.0611,0.412,ストライクグループ,プライム（内国株式）,サービス業
6198,2026-10-05,195.0,-0.0201,-0.0299,-0.0488,-0.1447,-0.0766,-0.1661,201.36,215.6933,False,-0.0316,0.65,300.0,195.0,0.0136,0.0156,19500.0,0.9269,0.227,キャリア,グロース（内国株式）,サービス業
6199,2026-10-05,1318.0,0.0084,-0.038,-0.0023,0.0378,-0.0301,0.0165,1370.344,1297.9304,True,-0.0382,0.7583,1738.0474,1077.3918,0.0306,0.249,131800.0,0.9424,0.427,セラク,スタンダード（内国株式）,情報・通信業
6200,2026-10-05,660.0,-0.0149,-0.0015,-0.0871,0.0662,-0.1149,0.0449,704.2619,679.874,True,-0.0628,0.6653,992.0,564.0,0.0271,3.61,66000.0,1.1972,0.5351,インソース,プライム（内国株式）,サービス業
6203,2026-10-05,2455.0,-0.0242,0.0099,0.6389,0.4631,0.6111,0.4417,2139.84,1725.8533,True,0.1473,0.7971,3080.0,1046.189,0.1294,190.6703,245500.0,0.934,0.1353,豊和工業,スタンダード（内国株式）,機械
6208,2026-10-05,1750.0,0.0157,-0.0395,0.0972,-0.0347,0.0694,-0.0561,1732.68,1710.16,False,0.01,0.5633,3106.629,1394.267,0.079,7.2644,175000.0,0.9989,0.1114,石川製作所,スタンダード（内国株式）,機械
6209,2026-10-05,3835.0,0.0,-0.0167,-0.0279,-0.0328,-0.0557,-0.0541,3897.8,3936.1333,True,-0.0161,0.8755,4380.3242,2875.4864,0.0174,3.4914,383500.0,1.0619,0.2317,リケンＮＰＲ,プライム（内国株式）,機械
6217,2026-10-05,796.0,-0.005,-0.005,-0.0197,-0.0624,-0.0475,-0.0837,792.12,831.8933,False,0.0049,0.2937,2710.0,331.0,0.0408,0.4741,79600.0,0.3737,0.2338,津田駒工業,スタンダード（内国株式）,機械
6218,2026-10-05,672.0,-0.0118,0.0338,0.0566,0.0307,0.0288,0.0094,653.64,634.6933,True,0.0281,0.9683,694.0,471.4591,0.0181,0.0329,67200.0,0.8511,0.42,エンシュウ,スタンダード（内国株式）,機械
6222,2026-10-05,892.0,0.0125,-0.0357,-0.0378,0.0022,-0.0656,-0.0191,932.2064,920.4421,True,-0.0431,0.821,1086.4688,848.2941,0.0213,1.3051,89200.0,0.8704,0.394,島精機製作所,プライム（内国株式）,機械
6223,2026-10-05,1940.0,-0.001,-0.0082,0.0391,-0.1234,0.0113,-0.1447,1937.72,2049.0133,False,0.0012,0.7321,2650.0,1548.6936,0.0179,0.4884,194000.0,0.6123,0.1786,西部技研,スタンダード（内国株式）,機械
6224,2026-10-05,1155.0,0.0114,-0.0407,-0.0294,-0.1366,-0.0572,-0.1579,1199.04,1206.5445,False,-0.0367,0.6492,1779.2303,1068.2457,0.0205,0.2434,115500.0,0.4858,0.3542,ＪＲＣ,グロース（内国株式）,機械
6226,2026-10-05,2181.0,0.0154,-0.0136,0.0264,-0.0699,-0.0014,-0.0913,2196.3425,2280.3542,True,-0.007,0.6818,3198.8963,1817.0,0.0306,2.2689,218100.0,0.5186,0.226,守谷輸送機工業,スタンダード（内国株式）,機械
6227,2026-10-05,8380.0,0.0541,0.2216,0.4228,0.3114,0.395,0.2901,6462.4,6671.9009,False,0.2967,0.9009,9301.9944,1433.766,0.0581,73.9881,838000.0,1.075,0.6302,ＡＩメカテック,スタンダード（内国株式）,機械
6228,2026-10-05,710.0,-0.0139,0.2701,0.4059,0.3628,0.3781,0.3414,557.84,536.7867,False,0.2728,0.7252,979.0,473.0,0.0593,0.5676,71000.0,2.0236,0.5847,ジェイ・イー・ティ,スタンダード（内国株式）,機械
6229,2026-10-05,1462.0,0.0014,-0.0148,-0.024,-0.0741,-0.0518,-0.0954,1484.0,1520.9467,False,-0.0148,0.6267,2332.8655,1395.0,0.0174,0.1731,146200.0,0.6078,0.1451,オーケーエム,スタンダード（内国株式）,機械
6230,2026-10-05,2141.0,0.0005,-0.0009,-0.0046,-0.0568,-0.0324,-0.0781,2159.0752,2178.1717,False,-0.0084,0.9111,2350.0,1971.7964,0.0132,0.0217,214100.0,0.7597,0.2258,ＳＡＮＥＩ,スタンダード（内国株式）,機械
6231,2026-10-05,12320.0,0.0216,0.0123,-0.0152,-0.0464,-0.043,-0.0678,12232.0,12359.0667,True,0.0072,0.7334,16799.5534,10150.0,0.0266,1.6491,1232000.0,1.1507,0.2623,木村工機,スタンダード（内国株式）,機械
6232,2026-10-05,1314.0,0.021,-0.0098,-0.1157,-0.3011,-0.1435,-0.3224,1375.72,1614.72,False,-0.0449,0.3182,4130.0,836.0,0.0457,12.4542,131400.0,1.1063,0.25,ＡＣＳＬ,グロース（内国株式）,機械
6233,2026-10-05,396.0,0.0025,0.0051,-0.01,0.0206,-0.0378,-0.0007,399.878,392.1193,True,-0.0097,0.8656,457.5067,373.0,0.0135,0.0255,39600.0,1.3316,0.4481,ＫＬＡＳＳ,スタンダード（内国株式）,機械
6235,2026-10-05,2823.0,0.0421,0.118,0.1388,-0.2223,0.111,-0.2436,2552.0,3093.0728,False,0.1062,0.579,4875.2826,1509.8863,0.0373,8.1749,282300.0,0.9558,0.4632,オプトラン,プライム（内国株式）,機械
6237,2026-10-05,4165.0,0.0159,0.0309,0.0611,-0.0223,0.0333,-0.0436,3993.3912,4275.9304,True,0.043,0.6907,6030.0,2280.4158,0.0262,2.0354,416500.0,0.3684,0.3111,イワキポンプ,プライム（内国株式）,機械
6238,2026-10-05,1394.0,-0.0155,-0.0162,-0.0231,-0.0007,-0.0509,-0.022,1428.84,1395.3067,True,-0.0244,0.9394,1484.0,972.8199,0.0273,1.6124,139400.0,1.0626,0.2942,フリュー,プライム（内国株式）,機械
6239,2026-10-05,1432.0,0.0192,-0.0158,-0.0305,0.0679,-0.0583,0.0465,1441.72,1379.4163,True,-0.0067,0.7841,1826.2577,1236.3258,0.0287,0.0611,143200.0,0.9592,0.375,ナガオカ,スタンダード（内国株式）,機械
6240,2026-10-05,514.0,0.0219,0.0019,-0.0375,-0.0153,-0.0653,-0.0366,524.4762,525.7187,False,-0.02,0.6178,831.9518,462.5221,0.0236,1.5705,51400.0,1.0936,0.2229,ヤマシンフィルタ,プライム（内国株式）,機械
6245,2026-10-05,1794.0,0.013,0.009,-0.0261,0.0034,-0.0539,-0.018,1819.4234,1778.0478,False,-0.014,0.6832,2626.0,1493.53,0.022,0.8726,179400.0,0.5129,0.1596,ヒラノテクシード,スタンダード（内国株式）,機械
6246,2026-10-05,1789.0,0.0034,0.0011,-0.0245,-0.0697,-0.0523,-0.091,1823.4979,1844.406,True,-0.0189,0.8703,2055.7227,1651.0,0.0139,0.1027,178900.0,0.7554,0.3385,テクノスマート,スタンダード（内国株式）,機械
6247,2026-10-05,1626.0,-0.0037,-0.0407,-0.0661,-0.0942,-0.0939,-0.1155,1710.4038,1712.8413,True,-0.0493,0.8686,1872.0,1279.5793,0.025,1.1449,162600.0,1.1155,0.3365,日阪製作所,プライム（内国株式）,機械
6248,2026-10-05,1771.0,-0.0011,-0.021,0.0327,-0.0051,0.0049,-0.0264,1757.0374,1761.7458,True,0.0079,0.7601,2330.0,1552.5205,0.0121,0.0177,177100.0,1.2783,0.2281,横田製作所,スタンダード（内国株式）,機械
6249,2026-10-05,2706.0,-0.0128,-0.0448,-0.0421,0.1036,-0.0699,0.0823,2826.5912,2655.0771,True,-0.0427,0.8718,3103.9915,2231.0,0.0212,0.1871,270600.0,1.1198,0.3232,ゲームカードホールディングス,スタンダード（内国株式）,機械
6250,2026-10-05,4375.0,0.0163,-0.0113,-0.0034,0.1118,-0.0312,0.0905,4374.6,4077.0116,True,0.0001,0.949,4610.0,2379.5263,0.029,5.0072,437500.0,0.9249,0.2603,やまびこ,プライム（内国株式）,機械
6254,2026-10-05,3665.0,0.0456,0.0748,0.1056,-0.2202,0.0778,-0.2415,3407.8296,3990.5432,False,0.0755,0.6664,5500.0,2470.1501,0.0312,16.5367,366500.0,0.7752,0.4497,野村マイクロ・サイエンス,プライム（内国株式）,機械
6255,2026-10-05,758.0,0.0107,0.1297,0.1698,0.0787,0.142,0.0574,681.44,678.417,False,0.1124,0.8642,877.1015,556.8116,0.0313,1.5746,75800.0,1.0437,0.4807,エヌ・ピー・シー,グロース（内国株式）,機械
6257,2026-10-05,999.0,-0.001,0.0091,-0.0167,-0.0138,-0.0445,-0.0351,1011.6721,1010.664,True,-0.0125,0.9279,1076.6732,951.0,0.013,0.3294,99900.0,1.6086,0.3081,藤商事,スタンダード（内国株式）,機械
6258,2026-10-05,4075.0,0.0503,0.0766,0.1985,0.3061,0.1707,0.2848,3628.8,3303.04,True,0.123,0.9951,4095.0,1818.1584,0.0311,9.8988,407500.0,0.8306,0.4338,平田機工,プライム（内国株式）,機械
6262,2026-10-05,520.0,0.0039,-0.0076,-0.0114,-0.0388,-0.0392,-0.0601,525.1745,530.5915,False,-0.0099,0.5034,1033.0,500.0,0.02,0.2754,52000.0,1.1323,0.2479,ＰＥＧＡＳＵＳ,スタンダード（内国株式）,機械
6264,2026-10-05,2230.0,0.0539,0.1519,0.1925,-0.1333,0.1647,-0.1546,1946.4,2153.0248,False,0.1457,0.7012,3180.416,838.5443,0.0368,9.1158,223000.0,0.6536,0.5793,マルマエ,プライム（内国株式）,機械
6265,2026-10-05,3175.0,-0.0031,-0.0291,0.0376,-0.1069,0.0098,-0.1282,3120.6,3291.9002,False,0.0174,0.7641,4155.0,2215.4117,0.0187,0.0362,317500.0,0.343,0.4133,コンバム,スタンダード（内国株式）,機械
6266,2026-10-05,4395.0,0.054,0.1846,0.3258,-0.0508,0.298,-0.0721,3623.6,4102.2667,False,0.2129,0.8005,5490.0,1840.1081,0.0413,8.1952,439500.0,0.6849,0.5843,タツモ,プライム（内国株式）,機械
6267,2026-10-05,4290.0,0.0226,0.0438,0.0725,0.1292,0.0447,0.1079,4074.4,3931.0264,True,0.0529,0.9868,4347.5,3331.2281,0.0085,0.0341,429000.0,0.9075,0.6039,ゼネラルパッカー,スタンダード（内国株式）,機械
6268,2026-10-05,4979.0,0.0108,0.0412,0.1512,-0.1445,0.1234,-0.1658,4624.76,4878.7364,False,0.0766,0.8211,6063.8753,3136.3096,0.0267,43.0268,497900.0,0.8862,0.3833,ナブテスコ,プライム（内国株式）,機械
6269,2026-10-05,8702.0,-0.001,-0.0304,-0.0562,-0.1502,-0.084,-0.1715,9245.0,9701.0213,False,-0.0587,0.5292,16443.6757,7519.6134,0.0292,58.1819,870200.0,1.0663,0.3283,三井海洋開発,プライム（内国株式）,機械
6272,2026-10-05,1465.0,0.0014,-0.0155,-0.0536,-0.0437,-0.0814,-0.0651,1519.6321,1511.544,True,-0.036,0.8895,1647.0,1345.03,0.0161,0.8455,146500.0,0.9385,0.3775,レオン自動機,プライム（内国株式）,機械
6273,2026-10-05,75190.0,0.0237,0.0839,0.1307,-0.0079,0.1029,-0.0292,69069.6609,71401.6203,True,0.0886,0.8662,86800.0,42242.0959,0.0265,200.8913,7519000.0,1.1625,0.4972,ＳＭＣ,プライム（内国株式）,機械
6276,2026-10-05,347.0,0.0058,-0.0307,-0.017,0.1303,-0.0448,0.109,360.72,335.9067,True,-0.038,0.4819,720.0,230.0,0.0298,0.1478,34700.0,0.1708,0.309,シリウスビジョン,スタンダード（内国株式）,電気機器
6277,2026-10-05,6620.0,-0.003,0.0304,0.2467,0.3214,0.2189,0.3,5883.8877,5330.0959,True,0.1251,0.963,6874.2029,4705.0,0.0373,4.2469,662000.0,2.2185,0.4175,ホソカワミクロン,プライム（内国株式）,機械
6278,2026-10-05,16730.0,0.022,0.1578,0.2655,-0.203,0.2377,-0.2243,13991.2,17305.1889,False,0.1958,0.6183,27059.014,6404.4652,0.0376,29.8326,1673000.0,0.8232,0.6833,ユニオンツール,プライム（内国株式）,機械
6279,2026-10-05,913.0,-0.0162,-0.0389,-0.0076,0.0228,-0.0354,0.0015,926.56,911.3177,True,-0.0146,0.8953,1019.8149,838.2983,0.0146,0.2085,91300.0,1.4851,0.3743,瑞光,プライム（内国株式）,機械
6282,2026-10-05,2792.0,0.0047,-0.0415,-0.0372,-0.0435,-0.065,-0.0648,2889.4114,2863.4038,True,-0.0337,0.9313,2998.0,2005.8526,0.0182,4.8825,279200.0,2.2307,0.4046,オイレス工業,プライム（内国株式）,機械
6284,2026-10-05,8370.0,0.0121,0.006,-0.0048,-0.1818,-0.0326,-0.2031,8510.8224,9033.0741,False,-0.0165,0.8142,10280.0,5970.0,0.0219,2.8293,837000.0,1.0687,0.1899,日精エー・エス・ビー機械,プライム（内国株式）,機械
6286,2026-10-05,1489.0,-0.0152,-0.008,-0.0067,0.0949,-0.0345,0.0735,1504.5307,1436.5902,True,-0.0103,0.7909,1882.7295,955.7405,0.0142,0.0453,148900.0,0.7928,0.2359,靜甲,スタンダード（内国株式）,機械
6287,2026-10-05,2634.0,0.0038,-0.0244,-0.061,0.1114,-0.0888,0.0901,2717.0593,2568.1531,True,-0.0306,0.8929,2950.0,2053.0,0.0187,2.7222,263400.0,0.8443,0.2147,サトー,プライム（内国株式）,機械
6289,2026-10-05,1985.0,-0.0226,-0.0095,0.0829,0.1299,0.0551,0.1086,1925.68,1863.0042,True,0.0308,0.7915,2507.7732,1341.7073,0.0221,1.3764,198500.0,1.0844,0.3352,技研製作所,プライム（内国株式）,機械
6291,2026-10-05,1336.0,-0.0155,0.0015,-0.0037,0.0389,-0.0315,0.0176,1341.96,1326.1333,True,-0.0044,0.9408,1420.0,1136.7291,0.0151,0.2878,133600.0,0.6078,0.1837,日本エアーテック,スタンダード（内国株式）,機械
6292,2026-10-05,822.0,-0.0167,-0.0272,-0.0397,0.0037,-0.0675,-0.0177,844.2994,833.0731,True,-0.0264,0.9252,888.495,717.6306,0.0147,0.0296,82200.0,0.676,0.3015,カワタ,スタンダード（内国株式）,機械
6294,2026-10-05,1892.0,-0.0037,-0.0227,-0.0347,-0.0629,-0.0625,-0.0842,1949.8131,1975.271,False,-0.0297,0.7666,2468.0316,1886.0,0.0105,0.3664,189200.0,0.8381,0.4211,オカダアイヨン,プライム（内国株式）,機械
6298,2026-10-05,1275.0,0.0167,0.0266,0.0087,-0.0604,-0.0191,-0.0817,1271.0696,1283.3299,False,0.0031,0.8009,1592.0,796.935,0.0241,1.4372,127500.0,0.431,0.1889,ワイエイシイホールディングス,プライム（内国株式）,機械
6301,2026-10-05,7777.0,0.0369,0.0565,0.0509,0.1523,0.0231,0.131,7382.9921,6979.464,True,0.0534,0.9746,7980.0,4841.791,0.0306,236.7791,777700.0,1.2642,0.453,小松製作所,プライム（内国株式）,機械
6302,2026-10-05,6310.0,0.0151,0.0524,0.1475,0.1521,0.1197,0.1308,5824.48,5568.8089,True,0.0834,0.9884,6384.0,3291.8181,0.0282,51.1018,631000.0,1.1639,0.3345,住友重機械工業,プライム（内国株式）,機械
6305,2026-10-05,5684.0,0.0241,0.0163,-0.0224,0.0424,-0.0502,0.021,5725.7842,5526.5681,True,-0.0073,0.8012,7094.6083,4234.1801,0.0219,63.0925,568400.0,0.6481,0.2057,日立建機,プライム（内国株式）,機械
6306,2026-10-05,1009.0,0.005,0.008,0.007,0.0861,-0.0208,0.0648,1003.4915,974.6972,True,0.0055,0.9582,1053.0,714.8664,0.016,0.8837,100900.0,0.9039,0.2823,日工,プライム（内国株式）,機械
6307,2026-10-05,458.0,-0.0087,-0.0498,-0.0634,0.0553,-0.0912,0.034,476.88,457.8667,True,-0.0396,0.6036,758.8336,365.1887,0.0189,0.0339,45800.0,0.4335,0.324,サンセイ,スタンダード（内国株式）,機械
6309,2026-10-05,1937.0,0.0099,-0.0252,-0.0574,0.0431,-0.0852,0.0218,2005.4,1930.76,True,-0.0341,0.8826,2194.5902,1514.3735,0.018,2.4957,193700.0,1.2222,0.3407,巴工業,プライム（内国株式）,機械
6310,2026-10-05,1900.0,0.0058,-0.0306,-0.0276,0.0215,-0.0554,0.0002,1921.12,1859.04,True,-0.011,0.7926,2397.2789,1503.0,0.0279,2.2769,190000.0,0.6257,0.2525,井関農機,プライム（内国株式）,機械
6315,2026-10-05,2491.0,0.0444,0.1277,0.1359,-0.2497,0.1081,-0.271,2237.16,2666.64,False,0.1135,0.6669,3735.0,1856.3739,0.034,63.4207,249100.0,0.7298,0.5107,ＴＯＷＡ,プライム（内国株式）,機械
6316,2026-10-05,2839.0,0.0035,-0.0267,-0.063,0.0346,-0.0908,0.0133,2959.5675,2796.3225,True,-0.0407,0.8998,3155.0,2075.0,0.0261,0.3313,283900.0,1.2917,0.4016,丸山製作所,スタンダード（内国株式）,機械
6317,2026-10-05,2506.0,0.0,0.002,0.4008,0.4988,0.373,0.4775,2145.4259,1866.8086,True,0.1681,0.9732,2575.0,1455.1758,0.0451,2.7793,250600.0,1.9635,0.1273,北川鉄工所,スタンダード（内国株式）,機械
6322,2026-10-05,1586.0,-0.0106,0.0006,0.0038,-0.0131,-0.024,-0.0344,1590.7267,1602.3356,True,-0.003,0.8414,1884.8707,1492.1893,0.0093,0.0203,158600.0,0.8361,0.2699,タクミナ,スタンダード（内国株式）,機械
6323,2026-10-05,4495.0,0.0657,0.2116,0.1776,-0.0527,0.1498,-0.074,3802.12,4189.08,False,0.1822,0.8646,5199.0,1861.7619,0.0419,51.5364,449500.0,0.7013,0.6363,ローツェ,プライム（内国株式）,機械
6324,2026-10-05,6660.0,0.0137,0.0423,0.2519,-0.2508,0.2241,-0.2722,6009.6094,6660.8031,False,0.1082,0.7279,9150.0,2414.0469,0.0406,59.206,666000.0,0.6906,0.3104,ハーモニック・ドライブ・システムズ,プライム（内国株式）,機械
6325,2026-10-05,416.0,0.0,0.0146,0.0,0.0479,-0.0278,0.0265,416.9166,407.5189,True,-0.0022,0.9163,454.0077,374.2267,0.0096,0.0259,41600.0,1.3552,0.3253,タカキタ,スタンダード（内国株式）,機械
6326,2026-10-05,2729.0,0.0171,-0.0082,-0.0754,-0.0231,-0.1032,-0.0444,2820.02,2764.9558,True,-0.0323,0.843,3237.1196,1770.7431,0.0277,127.1238,272900.0,1.0341,0.2431,クボタ,プライム（内国株式）,機械
6327,2026-10-05,3310.0,0.02,0.0153,0.0997,-0.5104,0.0719,-0.5317,3098.48,4123.6682,False,0.0683,0.3492,9480.0,769.1816,0.0442,5.8064,331000.0,0.3515,0.4001,北川精機,スタンダード（内国株式）,機械
6328,2026-10-05,2506.0,0.0129,0.0437,0.0547,0.0212,0.0269,-0.0001,2392.2,2395.7051,True,0.0476,0.8522,2940.7734,1954.8875,0.0184,1.7057,250600.0,0.8695,0.3581,荏原実業,プライム（内国株式）,機械
6330,2026-10-05,2613.0,-0.0065,-0.0158,0.0456,0.2064,0.0178,0.1851,2687.12,2291.8,True,-0.0276,0.2983,8760.0,1443.0,0.0652,191.0269,261300.0,1.1819,0.2388,東洋エンジニアリング,プライム（内国株式）,建設業
6331,2026-10-05,3045.0,-0.0016,-0.0828,-0.0364,-0.2301,-0.0642,-0.2514,3251.4604,3400.8868,False,-0.0635,0.7285,4180.0,2539.8041,0.0309,5.5238,304500.0,1.2237,0.4251,三菱化工機,プライム（内国株式）,機械
6332,2026-10-05,2619.0,-0.0011,-0.0064,-0.0501,-0.0195,-0.0779,-0.0408,2707.4977,2692.8592,True,-0.0327,0.7554,3467.0584,2345.1893,0.0283,5.4087,261900.0,2.16,0.2743,月島ホールディングス,プライム（内国株式）,機械
6333,2026-10-05,3605.0,0.0112,0.0045,0.0875,0.139,0.0597,0.1177,3474.1775,3307.7925,True,0.0377,0.9949,3623.368,2691.0,0.0192,1.3997,360500.0,1.0744,0.2978,ＴＥＩＫＯＫＵ,プライム（内国株式）,機械
6334,2026-10-05,497.0,0.004,0.0333,-0.006,0.0311,-0.0338,0.0098,488.36,480.9333,True,0.0177,0.9413,528.0,296.485,0.0252,0.0136,49700.0,0.3747,0.296,明治機械,スタンダード（内国株式）,機械
6335,2026-10-05,575.0,-0.0086,-0.0238,0.0,-0.1058,-0.0278,-0.1271,586.92,632.6533,False,-0.0203,0.7188,800.0,446.0,0.0207,0.0943,57500.0,0.2221,0.1677,東京機械製作所,スタンダード（内国株式）,機械
6336,2026-10-05,1728.0,0.0706,0.1668,-0.0583,-0.0958,-0.0861,-0.1171,1642.8,1716.9733,True,0.0519,0.7552,2288.0,613.4582,0.0594,2.483,172800.0,0.6682,0.4024,石井表記,スタンダード（内国株式）,機械
6337,2026-10-05,3950.0,0.0367,0.1158,0.1567,0.5876,0.1289,0.5663,3469.7721,2988.5507,True,0.1384,0.9753,4050.0,1827.7292,0.0461,1.4042,395000.0,0.4627,0.4698,テセック,スタンダード（内国株式）,機械
6338,2026-10-05,1739.0,0.0223,0.0552,0.0669,0.0235,0.0391,0.0022,1659.4971,1638.9257,False,0.0479,0.8805,1975.0,1197.0,0.0247,0.1931,173900.0,0.7405,0.2593,タカトリ,スタンダード（内国株式）,機械
6339,2026-10-05,1142.0,0.0206,-0.0395,-0.0483,-0.0515,-0.0761,-0.0728,1179.876,1189.892,False,-0.0321,0.8718,1310.0,895.0,0.0231,2.5212,114200.0,1.8751,0.4048,新東工業,プライム（内国株式）,機械
6340,2026-10-05,5740.0,0.0268,0.0287,0.0913,0.2546,0.0635,0.2333,5393.6,4806.1648,True,0.0642,1.0,5740.0,3016.3558,0.0239,3.2287,574000.0,0.7902,0.2479,澁谷工業,プライム（内国株式）,機械
6342,2026-10-05,2870.0,0.0,-0.0049,-0.0449,0.0217,-0.0727,0.0004,2910.4379,2869.2526,True,-0.0139,0.6677,4298.542,2600.0,0.0106,0.013,287000.0,0.2975,0.256,太平製作所,スタンダード（内国株式）,機械
6343,2026-10-05,149.0,0.0,0.0136,-0.0132,-0.0261,-0.041,-0.0475,148.56,148.32,True,0.003,0.65,229.2159,123.5773,0.0187,0.061,14900.0,0.6797,0.2513,フリージア・マクロス,スタンダード（内国株式）,機械
6345,2026-10-05,1443.0,0.0091,-0.0035,-0.0028,0.0374,-0.0306,0.0161,1451.1271,1416.6557,True,-0.0056,0.9698,1488.0,1243.5224,0.0157,1.9671,144300.0,0.9874,0.2389,アイチ　コーポレーション,プライム（内国株式）,機械
6346,2026-10-05,5690.0,0.0252,0.0215,-0.0018,-0.0052,-0.0296,-0.0266,5643.2,5701.6,False,0.0083,0.807,7050.4569,5470.3578,0.0075,0.0154,569000.0,1.7143,0.5128,キクカワエンタープライズ,スタンダード（内国株式）,機械
6347,2026-10-05,244.0,0.0,-0.0356,-0.0317,-0.0651,-0.0595,-0.0865,250.24,255.8933,False,-0.0249,0.5208,468.4717,228.0,0.0228,0.0292,24400.0,0.748,0.4487,プラコー,スタンダード（内国株式）,機械
6349,2026-10-05,1963.0,0.0134,0.0041,-0.0224,0.2591,-0.0502,0.2378,1981.8591,1798.6064,True,-0.0095,0.9479,2071.0,1387.0,0.019,3.0543,196300.0,0.9262,0.2572,小森コーポレーション,プライム（内国株式）,機械
6351,2026-10-05,2613.0,0.0239,0.0008,0.049,0.0687,0.0212,0.0474,2558.1127,2387.6776,True,0.0215,0.9669,2702.4397,1863.5746,0.0272,1.6629,261300.0,1.0952,0.2867,鶴見製作所,プライム（内国株式）,機械
6356,2026-10-05,1391.0,0.0266,0.0146,0.0708,-0.2038,0.043,-0.2251,1354.0431,1404.1477,False,0.0273,0.6107,2277.5692,657.2784,0.0721,13.2033,139100.0,0.7266,0.1425,日本ギア工業,スタンダード（内国株式）,機械
6357,2026-10-05,2631.0,-0.0008,-0.0424,-0.0075,0.052,-0.0353,0.0307,2707.0465,2547.8955,True,-0.0281,0.9235,2849.0,1937.2847,0.0265,0.9358,263100.0,0.8233,0.3111,三精テクノロジーズ,スタンダード（内国株式）,機械
6358,2026-10-05,2054.0,-0.001,-0.0275,-0.0424,-0.0284,-0.0702,-0.0497,2136.7341,2136.3647,True,-0.0387,0.8869,2315.9664,1932.3996,0.0147,0.4207,205400.0,1.1896,0.4236,酒井重工業,プライム（内国株式）,機械
6360,2026-10-05,4880.0,0.0199,-0.002,0.0609,0.0905,0.0331,0.0692,4752.2,4618.2,True,0.0269,0.9899,4930.0,3148.7999,0.0112,0.0526,488000.0,0.9787,0.3935,東京自働機械製作所,スタンダード（内国株式）,機械
6361,2026-10-05,4870.0,0.0359,0.0668,0.117,-0.2174,0.0892,-0.2387,4495.2,5353.586,False,0.0834,0.7106,6853.6091,3046.7161,0.0332,136.5751,487000.0,0.9739,0.3999,荏原製作所,プライム（内国株式）,機械
6363,2026-10-05,2990.0,0.024,0.0167,0.0495,-0.0308,0.0217,-0.0521,2927.4983,2956.4061,True,0.0213,0.8226,3635.0,1794.4349,0.0208,5.1742,299000.0,1.0097,0.259,酉島製作所,プライム（内国株式）,機械
6364,2026-10-05,2501.0,0.0187,-0.0056,0.0072,0.3115,-0.0205,0.2902,2511.5014,2271.4205,True,-0.0042,0.8971,2788.0,1586.0,0.0253,1.3964,250100.0,0.6941,0.2484,ＡＩＲＭＡＮ,プライム（内国株式）,機械
6365,2026-10-05,5600.0,0.0,-0.0036,-0.0193,0.0313,-0.0471,0.01,5602.0617,5502.4206,True,-0.0004,0.8974,6240.0,4798.7253,0.012,0.0344,560000.0,0.6802,0.3237,電業社機械製作所,スタンダード（内国株式）,機械
6366,2026-10-05,674.0,0.006,0.0151,-0.0494,-0.0941,-0.0772,-0.1154,697.52,698.4933,False,-0.0337,0.3683,1830.0,369.0,0.0303,11.6459,67400.0,0.7921,0.2839,千代田化工建設,スタンダード（内国株式）,建設業
6367,2026-10-05,20525.0,-0.0029,-0.0104,-0.0118,-0.2151,-0.0396,-0.2364,20729.8895,22559.4965,False,-0.0099,0.7763,26440.0,16604.3262,0.0169,234.5027,2052500.0,0.9866,0.2374,ダイキン工業,プライム（内国株式）,機械
6368,2026-10-05,2646.5,0.0399,0.0986,-0.7881,-0.8305,-0.8159,-0.8518,9296.7589,13242.253,False,-0.7153,0.1314,20145.0,2385.0916,0.3537,34.757,264650.0,2.7416,1.0693,オルガノ,プライム（内国株式）,機械
6369,2026-10-05,2326.0,-0.0039,-0.0264,-0.0455,-0.0875,-0.0733,-0.1088,2412.7307,2430.9636,True,-0.0359,0.7384,3150.0,2105.0,0.0203,2.0763,232600.0,0.8733,0.2604,トーヨーカネツ,プライム（内国株式）,機械
6370,2026-10-05,7955.0,0.0166,0.032,0.0326,-0.1626,0.0048,-0.184,7717.6128,8469.4309,False,0.0308,0.802,9919.0,4898.9873,0.018,43.7448,795500.0,0.9916,0.3594,栗田工業,プライム（内国株式）,機械
6371,2026-10-05,2667.0,0.0207,0.003,-0.0004,-0.0019,-0.0282,-0.0232,2681.5893,2652.2764,True,-0.0054,0.9484,2812.0,1970.5163,0.0183,5.1935,266700.0,1.2455,0.3471,椿本チエイン,プライム（内国株式）,機械
6376,2026-10-05,3815.0,0.0597,0.0438,0.051,-0.0627,0.0232,-0.084,3539.8,3747.269,True,0.0777,0.8422,4530.0,1401.2408,0.0371,14.6406,381500.0,0.7811,0.3182,日機装,プライム（内国株式）,精密機器
6378,2026-10-05,1170.0,0.0165,-0.016,-0.0085,-0.048,-0.0363,-0.0693,1187.76,1213.9467,True,-0.015,0.6154,1901.1904,940.8455,0.0264,1.7362,117000.0,0.6257,0.1944,木村化工機,スタンダード（内国株式）,機械
6379,2026-10-05,992.0,0.0248,0.0438,-0.6654,-0.5891,-0.6932,-0.6104,2359.371,2519.1237,False,-0.5795,0.3086,3215.0,926.7713,0.2062,6.9478,99200.0,2.5764,1.1111,レイズネクスト,プライム（内国株式）,建設業
6380,2026-10-05,3520.0,0.0072,-0.0343,-0.12,-0.223,-0.1478,-0.2443,3796.2126,4029.0042,False,-0.0728,0.6435,5470.0,2015.1745,0.0358,0.4608,352000.0,0.5672,0.4484,オリエンタルチエン工業,スタンダード（内国株式）,機械
6381,2026-10-05,1860.0,0.0076,-0.0106,-0.0427,0.061,-0.0705,0.0397,1919.743,1836.301,True,-0.0311,0.9208,2020.0,1434.0772,0.0166,1.4613,186000.0,0.8759,0.3231,アネスト岩田,プライム（内国株式）,機械
6382,2026-10-05,1207.0,-0.0025,-0.0107,-0.029,-0.0375,-0.0568,-0.0588,1229.7859,1231.222,False,-0.0185,0.8487,1422.2046,1083.5844,0.016,0.2095,120700.0,1.0915,0.2803,トリニティ工業,スタンダード（内国株式）,機械
6383,2026-10-05,5874.0,0.0039,0.0661,0.057,-0.1907,0.0292,-0.212,5614.0,6205.8427,False,0.0463,0.7518,7813.1246,4522.6046,0.0221,96.2191,587400.0,1.0734,0.4441,ダイフク,プライム（内国株式）,機械
6384,2026-10-05,1730.0,0.0,-0.0029,0.0135,-0.0029,-0.0143,-0.0242,1718.12,1696.96,True,0.0069,0.8918,1940.0,1297.1476,0.0151,0.1267,173000.0,0.4788,0.1995,昭和真空,スタンダード（内国株式）,機械
6387,2026-10-05,9720.0,0.0565,0.1825,0.1839,-0.1874,0.1561,-0.2087,8448.4,10249.8408,False,0.1505,0.5798,16763.1472,3401.1465,0.0503,12.8326,972000.0,1.3677,0.5089,サムコ,プライム（内国株式）,機械
6390,2026-10-05,1282.0,-0.0077,-0.01,-0.0411,-0.0176,-0.0689,-0.0389,1324.3632,1311.0811,True,-0.032,0.7363,1741.0894,1172.0,0.0149,0.7117,128200.0,1.0266,0.3563,加藤製作所,プライム（内国株式）,機械
6391,2026-10-05,5130.0,0.0654,0.0385,0.0755,0.1541,0.0477,0.1328,4805.6,4551.8667,True,0.0675,0.9771,5250.0001,3207.2368,0.0222,0.0937,513000.0,1.2201,0.3774,加地テック,スタンダード（内国株式）,機械
6392,2026-10-05,7450.0,-0.0534,-0.0641,-0.0676,0.0434,-0.0954,0.0221,7872.9538,7560.4513,True,-0.0537,0.898,8295.7816,5006.4218,0.0223,0.0662,745000.0,0.7695,0.5086,ヤマダコーポレーション,スタンダード（内国株式）,機械
6393,2026-10-05,3010.0,-0.0033,-0.0082,-0.0179,0.0033,-0.0457,-0.018,3042.2194,3008.3531,True,-0.0106,0.9141,3292.989,2709.1876,0.0107,0.0612,301000.0,0.7134,0.2905,油研工業,スタンダード（内国株式）,機械
6395,2026-10-05,1356.0,0.0089,-0.0029,-0.0088,0.0242,-0.0366,0.0029,1373.68,1343.6426,True,-0.0129,0.8858,1530.7488,955.4123,0.023,3.8672,135600.0,0.8256,0.2376,タダノ,プライム（内国株式）,機械
6396,2026-10-05,4670.0,0.0,0.023,-0.0271,0.1853,-0.0549,0.164,4624.6,4347.1333,True,0.0098,0.9629,4850.0,3209.5771,0.0016,0.0156,467000.0,0.0429,1.4,宇野澤組鐵工所,スタンダード（内国株式）,機械
6400,2026-10-05,322.0,0.019,0.0126,0.1181,0.2385,0.0903,0.2171,296.0,277.6933,True,0.0878,0.9329,345.15,255.0,0.0266,0.0885,32200.0,1.8283,0.3617,不二精機,スタンダード（内国株式）,機械
6402,2026-10-05,1598.0,0.0101,-0.0184,-0.0056,0.0618,-0.0334,0.0405,1609.76,1543.52,True,-0.0073,0.7777,2054.8144,1298.0,0.013,0.0387,159800.0,0.3332,0.3368,兼松エンジニアリング,スタンダード（内国株式）,機械
6405,2026-10-05,1303.0,0.0101,0.0374,0.0886,0.2054,0.0608,0.184,1239.4575,1128.6992,True,0.0513,0.8411,1549.1197,983.0,0.0207,0.2985,130300.0,0.9211,0.4095,鈴茂器工,スタンダード（内国株式）,機械
6407,2026-10-05,6040.0,0.0541,0.1638,0.1797,-0.1925,0.1519,-0.2138,5300.2,6196.8667,False,0.1396,0.7251,8330.0,2423.2636,0.0373,27.9991,604000.0,0.8341,0.5369,ＣＫＤ,プライム（内国株式）,機械
6408,2026-10-05,4175.0,-0.0153,-0.0554,-0.0291,0.0424,-0.0569,0.0211,4283.2,4207.7333,False,-0.0253,0.8121,5141.3045,3456.9153,0.0102,0.0204,417500.0,0.8189,0.6118,小倉クラッチ,スタンダード（内国株式）,機械
6412,2026-10-05,2005.0,-0.0099,-0.0739,-0.0977,-0.0074,-0.1255,-0.0287,2169.2378,2112.3459,True,-0.0757,0.8883,2257.0,1750.0,0.0195,8.0863,200500.0,1.6097,0.5805,平和,プライム（内国株式）,機械
6413,2026-10-05,1024.0,0.0049,-0.034,-0.08,0.0029,-0.1078,-0.0184,1067.32,1050.6667,True,-0.0406,0.8237,1243.1394,945.0,0.0206,0.954,102400.0,1.0623,0.2753,理想科学工業,プライム（内国株式）,機械
6417,2026-10-05,2027.5,-0.0203,-0.0165,0.0092,0.2408,-0.0186,0.2195,2049.7039,1845.968,True,-0.0108,0.742,2732.3318,1526.0,0.0227,24.6928,202750.0,1.3866,0.3001,ＳＡＮＫＹＯ,プライム（内国株式）,機械
6418,2026-10-05,1254.0,0.0024,0.0,0.0279,0.221,0.0001,0.1997,1238.2342,1146.0647,True,0.0127,0.9457,1326.0,890.0,0.0234,1.6314,125400.0,1.1182,0.2162,日本金銭機械,プライム（内国株式）,機械
6419,2026-10-05,3020.0,0.0017,-0.0258,-0.0563,-0.0227,-0.084,-0.044,3151.8283,3112.1161,True,-0.0418,0.9262,3260.728,2771.0,0.0167,2.0513,302000.0,1.225,0.4312,マースグループホールディングス,プライム（内国株式）,機械
6420,2026-10-05,3395.0,0.0165,-0.0355,-0.0341,0.0059,-0.0619,-0.0154,3476.0,3415.7333,True,-0.0233,0.8656,3922.2591,3150.5072,0.0183,1.5725,339500.0,1.1645,0.4506,ガリレイホールディングス,プライム（内国株式）,機械
6424,2026-10-05,886.0,0.0,-0.0123,-0.0166,0.0057,-0.0444,-0.0156,894.56,889.8267,True,-0.0096,0.9175,965.699,856.0,0.0078,0.0135,88600.0,0.7069,0.3031,高見沢サイバネティックス,スタンダード（内国株式）,機械
6425,2026-10-05,668.0,-0.0234,-0.0538,-0.0565,-0.0205,-0.0843,-0.0418,721.84,692.48,False,-0.0746,0.6627,1008.0,612.0,0.0324,1.3307,66800.0,0.7324,0.3743,ユニバーサルエンターテインメント,スタンダード（内国株式）,機械
6428,2026-10-05,325.0,-0.0031,-0.0061,-0.0152,0.0417,-0.0429,0.0203,326.68,319.6933,True,-0.0051,0.9223,352.3775,300.245,0.0132,0.032,32500.0,1.0507,0.21,オーイズミ,スタンダード（内国株式）,機械
6430,2026-10-05,2306.0,-0.012,-0.0618,-0.0813,-0.0056,-0.1091,-0.0269,2459.9386,2381.5795,True,-0.0626,0.7728,2983.8679,2034.0,0.0162,1.1894,230600.0,1.2211,0.5981,ダイコク電機,プライム（内国株式）,機械
6432,2026-10-05,7520.0,0.0176,0.0316,0.0273,0.0064,-0.0005,-0.015,7380.0,7330.9355,True,0.019,0.9595,7837.1614,4793.5481,0.0213,13.8712,752000.0,0.6915,0.2625,竹内製作所,プライム（内国株式）,機械
6433,2026-10-05,1266.0,0.0377,-0.1147,0.1711,0.1744,0.1433,0.1531,1208.56,1089.5333,False,0.0475,0.4777,2650.0,325.0,0.0991,4.54,126600.0,2.6999,0.2344,ヒーハイスト,スタンダード（内国株式）,機械
6436,2026-10-05,3734.0,-0.0019,-0.024,-0.0585,-0.0029,-0.0863,-0.0243,3884.4675,3817.0625,True,-0.0387,0.8658,4312.849,3453.0,0.0131,10.7526,373400.0,1.3105,0.4769,アマノ,プライム（内国株式）,機械
6440,2026-10-05,846.0,0.0168,0.0562,0.1669,0.558,0.1391,0.5367,757.36,631.24,True,0.117,0.9549,886.0,401.7505,0.0392,2.8323,84600.0,1.192,0.4375,ＪＵＫＩ,プライム（内国株式）,機械
6444,2026-10-05,187.0,0.0163,-0.0361,0.0,0.1333,-0.0278,0.112,188.12,175.1333,True,-0.006,0.8863,211.0,118.0,0.0367,0.2116,18700.0,1.0704,0.2479,サンデン,スタンダード（内国株式）,機械
6445,2026-10-05,1314.0,-0.0045,-0.0471,-0.0674,-0.0499,-0.0952,-0.0712,1368.6755,1355.1985,True,-0.0399,0.8939,1470.0,1049.1984,0.0208,0.4856,131400.0,1.04,0.2844,ジャノメ,プライム（内国株式）,機械
6448,2026-10-05,4731.0,0.0176,0.0194,-0.0301,0.2586,-0.0579,0.2373,4658.3923,4250.7708,True,0.0156,0.9348,5061.0,2383.1575,0.0224,54.7238,473100.0,1.1996,0.1821,ブラザー工業,プライム（内国株式）,電気機器
6454,2026-10-05,1886.0,0.0178,0.0027,0.0466,0.0802,0.0188,0.0589,1876.16,1795.1733,True,0.0052,0.9608,1963.0,1315.5097,0.022,4.97,188600.0,0.9678,0.2728,マックス,プライム（内国株式）,機械
6455,2026-10-05,2436.0,0.0163,-0.0166,-0.0081,0.0008,-0.0359,-0.0205,2480.1467,2440.4489,True,-0.0178,0.8229,2960.2012,2166.338,0.02,1.762,243600.0,1.0864,0.3715,モリタホールディングス,プライム（内国株式）,輸送用機器
6457,2026-10-05,4462.0,0.0164,0.007,-0.0382,0.0657,-0.066,0.0444,4502.7265,4413.4022,True,-0.009,0.8951,4985.0,3458.2531,0.0218,8.4468,446200.0,0.9612,0.2082,グローリー,プライム（内国株式）,機械
6458,2026-10-05,1206.0,0.005,-0.0066,-0.0243,-0.0563,-0.0521,-0.0777,1231.0303,1239.7968,False,-0.0203,0.7623,1582.096,1166.0,0.0147,2.4595,120600.0,0.8551,0.3563,新晃工業,プライム（内国株式）,機械
6459,2026-10-05,1628.0,-0.0018,-0.0304,-0.0222,-0.031,-0.05,-0.0523,1661.72,1679.1367,False,-0.0203,0.7971,2042.3598,1427.6398,0.0167,1.2026,162800.0,0.806,0.316,だいわ,プライム（内国株式）,機械
6460,2026-10-05,3252.0,-0.01,-0.0028,0.0226,0.3502,-0.0052,0.3289,3216.5368,2754.7923,True,0.011,0.9503,3422.0,2078.0,0.0296,34.2052,325200.0,0.9918,0.2215,セガサミーホールディングス,プライム（内国株式）,機械
6463,2026-10-05,1503.0,0.006,-0.0359,-0.0745,0.0599,-0.1023,0.0386,1561.3283,1493.6961,True,-0.0374,0.9093,1653.0,1114.8562,0.0197,2.1564,150300.0,1.0545,0.341,ＴＰＲ,プライム（内国株式）,機械
6464,2026-10-05,326.0,-0.0061,-0.0496,-0.0496,-0.2087,-0.0774,-0.2301,340.08,366.7867,False,-0.0414,0.6533,499.0,281.0,0.025,0.9344,32600.0,0.49,0.2825,ツバキ・ナカシマ,プライム（内国株式）,機械
6465,2026-10-05,5210.0,0.0066,-0.0138,-0.0646,-0.0986,-0.0924,-0.1199,5403.76,5485.4343,True,-0.0359,0.8825,5904.0,4718.521,0.0163,19.4238,521000.0,0.9757,0.2783,ホシザキ,プライム（内国株式）,機械
6466,2026-10-05,4320.0,0.0201,0.0298,0.1474,-0.1546,0.1196,-0.1759,3980.8579,4139.8193,True,0.0852,0.6824,6330.5898,2448.9637,0.0406,0.9315,432000.0,0.5549,0.2621,ＴＶＥ,スタンダード（内国株式）,機械
6467,2026-10-05,350.0,0.0086,-0.0057,0.0174,0.0703,-0.0104,0.049,346.0023,336.2674,True,0.0116,0.9289,376.7901,312.0,0.0128,0.017,35000.0,0.5761,0.267,ニチダイ,スタンダード（内国株式）,機械
6469,2026-10-05,2934.0,0.0177,0.0205,0.063,0.0948,0.0352,0.0735,2848.6,2762.88,True,0.03,0.5791,5066.4777,1665.2685,0.0361,1.6293,293400.0,0.5876,0.2321,放電精密加工研究所,スタンダード（内国株式）,機械
6470,2026-10-05,1165.0,0.0043,0.0095,0.0458,0.0878,0.018,0.0664,1115.68,1107.6667,False,0.0442,0.9246,1260.0,636.0648,0.0203,0.8561,116500.0,0.9895,0.3553,大豊工業,スタンダード（内国株式）,機械
6471,2026-10-05,1126.0,0.0172,0.0397,0.0246,-0.0755,-0.0032,-0.0969,1087.4809,1131.267,False,0.0354,0.8014,1405.0,722.779,0.0197,26.5405,112600.0,0.949,0.2842,日本精工,プライム（内国株式）,機械
6472,2026-10-05,386.0,0.025,0.0161,0.0337,-0.0683,0.0059,-0.0896,378.6563,389.2628,False,0.0194,0.7926,487.0,308.3805,0.0217,11.4797,38600.0,0.8984,0.2202,ＮＴＮ,プライム（内国株式）,機械
6473,2026-10-05,2172.0,0.0245,0.0407,0.0126,-0.0014,-0.0152,-0.0227,2094.8552,2089.6317,True,0.0368,0.9592,2264.5,1366.7107,0.0239,25.9678,217200.0,0.9667,0.2734,ジェイテクト,プライム（内国株式）,機械
6474,2026-10-05,5780.0,0.0266,0.0452,0.0645,-0.1121,0.0367,-0.1335,5459.2,5734.6667,False,0.0588,0.8463,6830.0,3549.9009,0.0247,4.0106,578000.0,0.8182,0.364,不二越,プライム（内国株式）,機械
6479,2026-10-05,3918.0,0.0216,0.1077,0.2096,-0.1293,0.1818,-0.1507,3483.0975,3904.4325,False,0.1249,0.7383,5307.0,2494.8736,0.0296,92.6729,391800.0,0.9275,0.5362,ミネベアミツミ,プライム（内国株式）,電気機器
6480,2026-10-05,1932.0,0.0321,0.0466,0.1206,-0.1274,0.0929,-0.1487,1752.4872,1899.6291,False,0.1024,0.7488,2580.0,638.4751,0.0372,11.3383,193200.0,0.7391,0.4026,日本トムソン,プライム（内国株式）,機械
6481,2026-10-05,6758.0,0.037,0.0508,0.0804,-0.125,0.0526,-0.1463,6339.28,6921.6558,False,0.0661,0.8303,8139.2173,3602.315,0.0299,64.8431,675800.0,0.9311,0.4042,ＴＨＫ,プライム（内国株式）,機械
6482,2026-10-05,712.0,0.0042,-0.022,-0.0179,0.0171,-0.0457,-0.0042,716.28,706.28,True,-0.006,0.8726,815.9826,567.6401,0.0225,0.7083,71200.0,1.7982,0.2,ＹＵＳＨＩＮ,スタンダード（内国株式）,機械
6484,2026-10-05,2200.0,-0.0068,-0.0063,-0.0117,-0.0875,-0.0395,-0.1088,2236.1636,2290.3079,False,-0.0162,0.8058,2730.1943,2059.5641,0.0131,0.0304,220000.0,0.4825,0.2839,ＫＶＫ,スタンダード（内国株式）,機械
6485,2026-10-05,1659.0,-0.0054,0.0113,-0.0125,0.0886,-0.0403,0.0673,1653.4682,1592.7827,True,0.0033,0.9478,1750.4175,1360.0,0.017,0.5181,165900.0,1.2293,0.3104,前澤給装工業,スタンダード（内国株式）,機械
6488,2026-10-05,1050.0,0.0284,0.0048,0.0067,0.087,-0.0211,0.0656,1043.4,1002.12,True,0.0063,0.9565,1097.7319,860.6449,0.0134,0.0879,105000.0,1.4524,0.3198,ヨシタケ,スタンダード（内国株式）,機械
6490,2026-10-05,12180.0,0.0545,0.1394,0.3097,0.1712,0.2819,0.1498,9938.4,10070.2667,True,0.2255,1.0,12180.0,3972.1162,0.0358,11.3973,1218000.0,1.0426,0.7172,ＰＩＬＬＡＲ,プライム（内国株式）,機械
6492,2026-10-05,15340.0,0.0013,0.0085,0.1534,-0.2288,0.1256,-0.2501,14594.8252,15221.8751,False,0.0511,0.6976,21990.0,6566.3803,0.0627,3.0459,1534000.0,0.5077,0.2018,岡野バルブ製造,スタンダード（内国株式）,機械
6493,2026-10-05,481.0,0.0191,-0.0021,-0.038,-0.0041,-0.0658,-0.0255,488.9273,482.2158,False,-0.0162,0.6021,798.8627,436.0,0.0222,0.2989,48100.0,0.7077,0.3651,ＮＩＴＴＡＮ,スタンダード（内国株式）,輸送用機器
6494,2026-10-05,100.0,0.0,0.0,0.0309,0.0309,0.0031,0.0096,98.0,97.6,True,0.0204,0.5525,181.0,83.0,0.0164,0.1416,10000.0,0.5199,0.1826,ＮＦＫホールディングス,スタンダード（内国株式）,機械
6495,2026-10-05,105.0,0.0096,-0.0455,-0.0948,-0.2657,-0.1226,-0.2871,111.32,123.1333,False,-0.0568,0.3117,336.8664,103.0,0.0286,0.3405,10500.0,0.907,0.3333,宮入バルブ製作所,スタンダード（内国株式）,機械
6496,2026-10-05,5800.0,0.032,0.0488,0.0902,0.0035,0.0624,-0.0179,5552.4,5355.6,True,0.0446,0.6855,8460.5989,4430.0,0.0372,0.2102,580000.0,0.7107,0.2781,中北製作所,スタンダード（内国株式）,機械
6497,2026-10-05,1472.0,-0.0034,0.0034,0.0201,0.1026,-0.0077,0.0813,1455.72,1396.3332,True,0.0112,0.9225,1595.7121,1122.8794,0.0273,0.1241,147200.0,1.3636,0.194,ハマイ,スタンダード（内国株式）,機械
6498,2026-10-05,2117.0,0.0272,0.059,0.1321,-0.1842,0.1043,-0.2055,1958.56,2185.4244,False,0.0809,0.7841,2699.978,1531.5482,0.0209,6.727,211700.0,0.9204,0.4123,キッツ,プライム（内国株式）,機械
6501,2026-10-05,5642.0,0.0217,0.0277,0.0575,0.1742,0.0297,0.1529,5405.4806,5139.5869,True,0.0438,0.9396,6004.4257,3804.0955,0.0239,537.4199,564200.0,1.0553,0.2248,日立製作所,プライム（内国株式）,電気機器
6503,2026-10-05,5367.0,0.0196,0.0355,0.0172,-0.1119,-0.0105,-0.1332,5259.14,5611.98,False,0.0205,0.8027,6686.0,3647.374,0.0216,307.6943,536700.0,1.0481,0.2419,三菱電機,プライム（内国株式）,電気機器
6504,2026-10-05,15210.0,0.0379,0.1185,0.1696,0.1283,0.1418,0.107,13423.2927,13635.9642,False,0.1331,0.8545,17800.0,9571.76,0.0265,90.8266,1521000.0,0.8471,0.6139,富士電機,プライム（内国株式）,電気機器
6505,2026-10-05,2357.0,-0.0072,-0.0549,-0.0426,0.1588,-0.0704,0.1375,2422.52,2286.8667,True,-0.027,0.9295,2535.6741,1706.6854,0.0168,0.8303,235700.0,0.6282,0.4296,東洋電機製造,スタンダード（内国株式）,電気機器
6506,2026-10-05,4931.0,0.026,0.1073,0.1019,-0.3331,0.0741,-0.3544,4551.6,5422.8187,False,0.0834,0.6276,7856.6466,3000.5712,0.0269,148.0519,493100.0,0.6127,0.4812,安川電機,プライム（内国株式）,電気機器
6507,2026-10-05,14590.0,0.0132,0.131,0.2375,-0.1211,0.2097,-0.1424,12454.4,13625.0667,False,0.1715,0.8633,16900.0,7990.6354,0.0336,23.1683,1459000.0,1.2107,0.6195,シンフォニアテクノロジー,プライム（内国株式）,電気機器
6508,2026-10-05,12060.0,0.0255,0.0508,0.1292,0.2681,0.1014,0.2468,11109.4123,10434.6041,True,0.0856,0.9451,12760.0,5298.0514,0.0298,23.0663,1206000.0,0.7857,0.4389,明電舎,プライム（内国株式）,電気機器
6513,2026-10-05,1300.0,0.0031,0.0164,0.0285,0.2161,0.0007,0.1948,1278.1015,1164.6205,True,0.0171,0.9353,1390.0,1020.8864,0.0211,0.262,130000.0,0.5119,0.2037,オリジン,スタンダード（内国株式）,電気機器
6516,2026-10-05,5740.0,0.0361,0.061,0.106,-0.1059,0.0782,-0.1272,5332.4758,5796.2919,False,0.0764,0.7284,7880.0,3160.0666,0.0251,4.9778,574000.0,0.7739,0.4093,山洋電気,プライム（内国株式）,電気機器
6517,2026-10-05,3975.0,0.0153,-0.0062,-0.0136,0.089,-0.0414,0.0677,4018.2,3883.8,True,-0.0108,0.8404,4730.0,2721.7135,0.0189,1.8487,397500.0,0.9142,0.2664,デンヨー,プライム（内国株式）,電気機器
6518,2026-10-05,1718.0,-0.0132,0.0076,-0.0211,-0.0768,-0.0489,-0.0982,1713.08,1855.5333,False,0.0029,0.6444,2666.0,902.0025,0.0288,0.1739,171800.0,0.5682,0.2646,三相電機,スタンダード（内国株式）,電気機器
6521,2026-10-05,3425.0,0.0347,0.0555,0.123,-0.2303,0.0952,-0.2517,3197.08,3611.64,False,0.0713,0.4616,7420.0,1394.0,0.0373,4.071,342500.0,0.6316,0.3248,オキサイド,グロース（内国株式）,電気機器
6522,2026-10-05,1268.0,0.0152,-0.0024,-0.0711,-0.2524,-0.0989,-0.2737,1537.4,1598.7467,True,-0.1752,0.4915,2580.0,338.0,0.0523,20.8121,126800.0,0.1971,0.3195,アスタリスク,グロース（内国株式）,電気機器
6523,2026-10-05,1603.0,0.0006,0.1101,0.0708,0.5267,0.043,0.5053,1426.9402,1246.5534,True,0.1234,0.9463,1694.0,924.5556,0.0425,19.8054,160300.0,2.2382,0.5549,ＰＨＣホールディングス,プライム（内国株式）,電気機器
6524,2026-10-05,5790.0,0.0052,0.1008,0.1988,0.158,0.171,0.1367,5073.8,4964.3358,False,0.1412,0.7508,7711.7518,2764.6722,0.0429,12.5965,579000.0,1.0359,0.4895,湖北工業,スタンダード（内国株式）,電気機器
6525,2026-10-05,10485.0,0.0433,0.1475,0.2592,-0.0697,0.2314,-0.091,8889.1529,9107.4376,True,0.1795,0.858,12220.0,3838.3785,0.0479,799.8691,1048500.0,1.1122,0.4697,ＫＯＫＵＳＡＩ　ＥＬＥＣＴＲＩＣ,プライム（内国株式）,電気機器
6526,2026-10-05,2257.5,0.0183,0.0732,0.1652,-0.1639,0.1374,-0.1852,2018.3852,2233.4617,False,0.1185,0.6547,3448.155,1657.8999,0.0475,131.0593,225750.0,1.0021,0.3691,ソシオネクスト,プライム（内国株式）,電気機器
6532,2026-10-05,8014.0,-0.0101,0.0498,0.0162,0.1858,-0.0116,0.1645,7733.6,7014.3938,True,0.0363,0.9015,8890.0742,3702.9728,0.0292,86.9924,801400.0,0.9264,0.2661,ベイカレント,プライム（内国株式）,サービス業
6533,2026-10-05,2042.0,0.0099,0.3364,0.768,0.7305,0.7402,0.7092,1335.28,1230.4,True,0.5293,0.956,2136.0,736.3888,0.0489,2.1877,204200.0,4.4124,0.9821,Ｏｒｃｈｅｓｔｒａ　Ｈｏｌｄｉｎｇｓ,プライム（内国株式）,サービス業
6535,2026-10-05,481.0,-0.0103,-0.0475,-0.0732,-0.0414,-0.101,-0.0628,503.72,496.9491,True,-0.0451,0.7599,632.9448,421.9632,0.0187,1.5711,48100.0,0.5778,0.3333,アイモバイル,プライム（内国株式）,サービス業
6537,2026-10-05,304.0,0.01,0.027,0.0305,-0.05,0.0027,-0.0713,297.88,306.0267,False,0.0205,0.6154,494.0,288.0,0.0385,0.4058,30400.0,4.4051,0.4951,ＷＡＳＨハウス,グロース（内国株式）,サービス業
6538,2026-10-05,238.0,-0.0286,-0.0556,-0.048,-0.0083,-0.0758,-0.0297,247.16,241.8133,True,-0.0371,0.6243,381.251,208.0,0.0225,0.0928,23800.0,0.9799,0.392,ディスラプターズ,スタンダード（内国株式）,サービス業
6539,2026-10-05,961.0,-0.0052,-0.0322,-0.0438,0.001,-0.0716,-0.0203,995.48,982.7733,True,-0.0346,0.9353,1027.523,907.0,0.0113,0.3349,96100.0,0.8297,0.4605,ＭＳ－Ｊａｐａｎ,プライム（内国株式）,サービス業
6540,2026-10-05,1500.0,0.0,-0.006,-0.0138,-0.0112,-0.0416,-0.0325,1511.08,1505.8267,True,-0.0073,0.7526,1993.0,1451.0,0.0115,0.2767,150000.0,1.501,0.1967,船場,スタンダード（内国株式）,サービス業
6543,2026-10-05,1185.0,-0.0109,0.0059,-0.0125,-0.001,-0.0403,-0.0223,1202.32,1187.2003,True,-0.0144,0.8274,1432.1538,1098.7498,0.0216,0.025,118500.0,0.4016,0.2151,日宣,スタンダード（内国株式）,サービス業
6544,2026-10-05,1485.0,0.003,-0.007,0.0037,-0.1942,-0.0241,-0.2156,1495.94,1611.2267,False,-0.0073,0.7446,1994.3686,1413.0,0.0267,9.9863,148500.0,1.0148,0.2719,ジャパンエレベーターサービスホールディングス,プライム（内国株式）,サービス業
6545,2026-10-05,770.0,-0.0065,-0.0103,-0.0575,0.0322,-0.0853,0.0109,795.48,796.48,True,-0.032,0.849,907.0,581.8842,0.0244,0.0628,77000.0,0.9149,0.2076,インターネットインフィニティー,グロース（内国株式）,サービス業
6546,2026-10-05,1180.0,-0.0034,-0.0025,0.0216,0.0387,-0.0062,0.0174,1173.88,1145.3439,True,0.0052,0.956,1234.2487,1074.639,0.0062,0.0164,118000.0,1.1692,0.2333,フルテック,スタンダード（内国株式）,サービス業
6547,2026-10-05,2030.0,0.005,-0.0174,-0.0402,-0.0361,-0.068,-0.0574,2119.76,2111.9426,True,-0.0423,0.7952,2552.8804,1831.4354,0.0195,0.827,203000.0,0.6171,0.4094,グリーンズ,スタンダード（内国株式）,サービス業
6548,2026-10-05,122.0,-0.0081,-0.0394,0.0252,0.2577,-0.0026,0.2364,123.88,109.7733,True,-0.0152,0.5596,218.0,86.0,0.0427,0.1596,12200.0,0.1795,0.2301,旅工房,グロース（内国株式）,サービス業
6549,2026-10-05,1101.0,-0.0063,-0.0183,-0.0018,0.0027,-0.0296,-0.0186,1106.1545,1114.1048,True,-0.0047,0.8773,1255.0,699.4121,0.0176,0.0499,110100.0,0.6454,0.2028,ディーエムソリューションズ,スタンダード（内国株式）,サービス業
6551,2026-10-05,606.0,0.005,0.0359,-0.0366,0.0802,-0.0644,0.0589,612.8721,587.1574,True,-0.0112,0.7249,836.0,510.0,0.021,0.1499,60600.0,1.4746,0.3352,ツナググループ・ホールディングス,スタンダード（内国株式）,サービス業
6552,2026-10-05,173.0,0.0298,0.0237,0.0058,-0.0749,-0.022,-0.0962,171.92,177.2533,False,0.0063,0.5864,295.0,158.0,0.0178,0.0313,17300.0,0.4951,0.1953,ＧａｍｅＷｉｔｈ,スタンダード（内国株式）,サービス業
6554,2026-10-05,1093.0,-0.0055,-0.0082,-0.0197,0.0632,-0.0475,0.0419,1112.2853,1061.2418,True,-0.0173,0.8675,1260.0,946.0,0.0299,0.1767,109300.0,1.7817,0.3524,エスユーエス,グロース（内国株式）,サービス業
6555,2026-10-05,422.0,0.0072,-0.0186,-0.0047,-0.0117,-0.0325,-0.033,426.72,423.6133,False,-0.0111,0.8719,484.0,380.0,0.0091,0.0052,42200.0,0.9446,0.363,ＭＳ＆Ｃｏｎｓｕｌｔｉｎｇ,スタンダード（内国株式）,サービス業
6557,2026-10-05,668.0,-0.0074,0.0,-0.1152,0.0293,-0.143,0.008,730.04,702.1867,True,-0.085,0.4215,1585.0,580.0,0.035,0.2164,66800.0,1.4994,0.5352,ＡＩＡＩグループ,グロース（内国株式）,サービス業
6558,2026-10-05,658.0,-0.0237,-0.0015,-0.012,0.0046,-0.0398,-0.0167,667.2,669.0533,True,-0.0138,0.7191,915.0,552.0,0.0148,0.0072,65800.0,1.0441,0.3706,クックビズ,グロース（内国株式）,サービス業
6560,2026-10-05,1785.0,0.0028,0.0006,-0.0214,-0.0105,-0.0492,-0.0319,1798.68,1763.4933,True,-0.0076,0.6817,2618.3818,1560.0,0.02,0.3368,178500.0,0.6423,0.3046,エル・ティー・エス,プライム（内国株式）,サービス業
6561,2026-10-05,827.0,0.0085,0.0122,-0.0143,0.0312,-0.0421,0.0099,826.64,816.8133,True,0.0004,0.785,1053.4928,749.0,0.0174,0.073,82700.0,0.9104,0.305,ＨＡＮＡＴＯＵＲ　ＪＡＰＡＮ,グロース（内国株式）,サービス業
6562,2026-10-05,985.0,-0.001,-0.0257,0.08,-0.013,0.0522,-0.0343,975.48,965.32,True,0.0098,0.6893,1429.0,853.0,0.0223,0.3112,98500.0,0.4167,0.2645,ジーニー,グロース（内国株式）,サービス業
6563,2026-10-05,453.0,-0.0022,-0.0088,0.0,-0.0904,-0.0278,-0.1117,459.04,479.4133,False,-0.0132,0.6613,685.0,440.0,0.0401,0.0702,45300.0,0.4448,0.0937,みらいワークス,グロース（内国株式）,サービス業
6564,2026-10-05,1970.0,0.0552,-0.0101,0.0303,-0.0708,0.0025,-0.0921,1981.56,2067.9867,False,-0.0058,0.8401,2345.0,1719.0337,0.0267,1.1254,197000.0,1.1462,0.3552,ミダックホールディングス,プライム（内国株式）,サービス業
6566,2026-10-05,1250.0,0.0,-0.0134,-0.0421,-0.053,-0.0699,-0.0743,1271.96,1291.08,True,-0.0173,0.775,1612.9889,1063.24,0.0166,0.0151,125000.0,0.5955,0.4234,要興業,スタンダード（内国株式）,サービス業
6568,2026-10-05,1224.0,-0.0081,-0.0016,-0.0057,-0.0783,-0.0335,-0.0996,1233.9605,1268.2802,True,-0.0081,0.8749,1399.0636,1045.8444,0.0167,0.0355,122400.0,0.9145,0.3189,神戸天然物化学,グロース（内国株式）,サービス業
6570,2026-10-05,4200.0,-0.0444,0.1215,0.0435,1.1773,0.0157,1.156,3796.3788,2810.2462,True,0.1063,0.9344,4495.0,1037.3496,0.0628,2.7472,420000.0,1.1181,0.421,共和コーポレーション,スタンダード（内国株式）,サービス業
6571,2026-10-05,1241.0,-0.0032,-0.0342,-0.0577,-0.0182,-0.0855,-0.0395,1282.84,1276.7355,True,-0.0326,0.8948,1386.8857,1195.2575,0.0104,0.516,124100.0,1.2311,0.3967,キュービーネットホールディングス,プライム（内国株式）,サービス業
6572,2026-10-05,256.0,0.0079,-0.0554,-0.0623,0.2133,-0.0901,0.192,270.16,244.9333,True,-0.0524,0.6485,394.7377,193.0,0.0268,0.4392,25600.0,0.4889,0.3938,オープングループ,プライム（内国株式）,サービス業
6573,2026-10-05,25.0,0.0,-0.0385,-0.1379,0.0417,-0.1657,0.0203,27.28,26.3333,False,-0.0836,0.2049,122.0,21.0,0.06,0.1095,2500.0,0.3558,0.2,ＣＲＡＶＩＡ,グロース（内国株式）,サービス業
6574,2026-10-05,123.0,-0.0081,0.025,0.0082,0.337,-0.0196,0.3156,119.04,101.7467,True,0.0333,0.5213,235.9658,78.0,0.0401,0.7761,12300.0,0.584,0.3043,コンヴァノ,グロース（内国株式）,サービス業
6577,2026-10-05,1300.0,-0.0218,-0.0587,-0.3374,-0.4398,-0.3652,-0.4611,1614.92,1944.4669,False,-0.195,0.5502,2362.9498,1300.0,0.0254,0.2304,130000.0,0.873,0.2758,ベストワンドットコム,グロース（内国株式）,サービス業
6578,2026-10-05,480.0,0.0,-0.0021,0.0191,-0.0342,-0.0087,-0.0555,473.4,482.16,True,0.0139,0.9412,510.0,256.43,0.0147,0.0255,48000.0,0.6209,0.4384,コレックホールディングス,スタンダード（内国株式）,サービス業
6579,2026-10-05,338.0,0.006,-0.0088,-0.0315,-0.0088,-0.0593,-0.0301,347.24,347.6933,False,-0.0266,0.7842,431.0,271.0,0.0188,0.0073,33800.0,0.7904,0.3933,ログリー,グロース（内国株式）,サービス業
6580,2026-10-05,831.0,-0.02,-0.0315,-0.0631,-0.0481,-0.0909,-0.0694,872.96,843.0933,True,-0.0481,0.2431,3417.8196,716.0,0.0388,0.1118,83100.0,0.4402,0.1738,ライトアップ,グロース（内国株式）,サービス業
6584,2026-10-05,761.0,0.0,-0.0244,-0.0078,-0.1674,-0.0356,-0.1887,775.4414,842.9605,False,-0.0186,0.6243,1219.0,635.9641,0.0175,2.3658,76100.0,0.5827,0.2854,三櫻工業,プライム（内国株式）,輸送用機器
6586,2026-10-05,5313.0,0.0105,0.0087,0.013,-0.1188,-0.0148,-0.1401,5282.2116,5489.4039,False,0.0058,0.877,6058.0,4070.8052,0.0174,38.9951,531300.0,0.9618,0.1893,マキタ,プライム（内国株式）,機械
6588,2026-10-05,2869.0,0.0174,-0.0148,-0.0343,-0.0127,-0.0621,-0.0341,2928.4436,3005.7079,False,-0.0203,0.8316,3450.0,2502.2596,0.0241,4.1512,286900.0,1.0039,0.224,東芝テック,プライム（内国株式）,電気機器
6590,2026-10-05,4305.0,0.0106,0.173,0.124,-0.2628,0.0962,-0.2842,3914.0,4519.2667,False,0.0999,0.6812,6320.0,2382.202,0.0461,52.2805,430500.0,0.8208,0.4054,芝浦メカトロニクス,プライム（内国株式）,電気機器
6592,2026-10-05,1737.0,0.0116,0.0125,0.0003,0.0495,-0.0275,0.0282,1718.92,1669.0773,True,0.0105,0.9311,1865.5177,1192.4958,0.0185,18.0774,173700.0,0.7812,0.1585,マブチモーター,プライム（内国株式）,電気機器
6594,2026-10-05,2180.0,0.0298,-0.0684,-0.121,-0.195,-0.1488,-0.2163,2560.88,2625.88,False,-0.1487,0.7412,2941.0,1797.0,0.0763,280.6342,218000.0,2.8199,0.6327,ニデック,プライム（内国株式）,電気機器
6597,2026-10-05,3795.0,0.0013,-0.0417,0.1211,-0.0766,0.0933,-0.098,3714.8,3792.2469,False,0.0216,0.5095,7449.0989,1574.2428,0.0455,2.6999,379500.0,1.1463,0.3471,ＨＰＣシステムズ,グロース（内国株式）,電気機器
6599,2026-10-05,4545.0,0.0248,0.04,0.3587,0.4028,0.3309,0.3815,3953.4,3403.0533,True,0.1496,0.9691,4690.0,2262.5044,0.0434,0.5721,454500.0,2.4189,0.3855,エブレン,スタンダード（内国株式）,電気機器
6612,2026-10-05,581.0,-0.0085,-0.0034,-0.0333,-0.0186,-0.0611,-0.0399,591.68,601.1467,True,-0.0181,0.642,905.0,561.0,0.0129,0.0192,58100.0,0.8939,0.32,バルミューダ,グロース（内国株式）,電気機器
6613,2026-10-05,2265.0,-0.0126,0.0342,0.184,-0.1642,0.1562,-0.1855,2087.28,2152.72,False,0.0851,0.6257,3620.0,293.0,0.0609,42.7272,226500.0,0.6713,0.3453,ＱＤレーザ,グロース（内国株式）,電気機器
6614,2026-10-05,912.0,0.0352,0.0423,0.0629,0.058,0.0351,0.0367,870.04,878.8533,False,0.0482,0.6831,1335.0306,643.9559,0.0235,0.0639,91200.0,0.5717,0.35,シキノハイテック,スタンダード（内国株式）,電気機器
6615,2026-10-05,230.0,-0.0043,-0.0535,-0.0086,0.0222,-0.0364,0.0009,237.8,234.4933,False,-0.0328,0.5373,428.0732,220.0,0.0193,0.1147,23000.0,0.6246,0.2935,ユー・エム・シー・エレクトロニクス,スタンダード（内国株式）,電気機器
6616,2026-10-05,2042.0,0.021,0.0608,0.0914,-0.106,0.0636,-0.1273,1906.7531,2041.9844,False,0.0709,0.6829,2990.0,1352.5641,0.0347,1.6652,204200.0,0.9099,0.4004,トレックス・セミコンダクター,プライム（内国株式）,電気機器
6617,2026-10-05,7650.0,0.0282,0.0801,0.1452,-0.0103,0.1174,-0.0317,6928.1287,7384.1762,False,0.1042,0.8644,8850.0,2917.058,0.0294,5.7725,765000.0,0.721,0.4453,東光高岳,プライム（内国株式）,電気機器
6619,2026-10-05,145.0,0.0211,-0.0268,-0.0523,-0.2564,-0.0801,-0.2777,152.68,162.0,False,-0.0503,0.4006,362.0,138.0,0.0438,3.3693,14500.0,0.8099,0.2517,ダブル・スコープ,プライム（内国株式）,電気機器
6620,2026-10-05,626.0,0.0081,-0.0399,-0.0993,-0.2116,-0.1271,-0.2329,678.8,702.3067,True,-0.0778,0.5962,1050.0,547.0,0.0252,0.3215,62600.0,0.7542,0.4688,宮越ホールディングス,プライム（内国株式）,不動産業
6622,2026-10-05,2878.0,0.0367,0.1563,-0.7641,-0.8323,-0.7919,-0.8536,9270.775,13267.0583,False,-0.6896,0.1454,19790.0,2425.6715,0.3526,23.0492,287800.0,2.3635,1.0234,ダイヘン,プライム（内国株式）,電気機器
6625,2026-10-05,326.0,-0.0151,-0.0919,-0.1554,-0.021,-0.1832,-0.0423,367.56,354.5467,True,-0.1131,0.7644,426.496,313.0,0.0256,1.2968,32600.0,2.0373,0.5983,ＪＡＬＣＯホールディングス,スタンダード（内国株式）,不動産業
6626,2026-10-05,2489.0,0.0163,0.0053,0.1314,0.2358,0.1036,0.2145,2366.96,2165.96,True,0.0516,0.8445,2947.4469,1936.0,0.0279,0.3425,248900.0,0.8393,0.3554,ＳＥＭＩＴＥＣ,スタンダード（内国株式）,電気機器
6627,2026-10-05,2639.0,0.0276,0.1088,-0.7538,-0.7937,-0.7816,-0.815,8196.92,10587.5067,False,-0.678,0.1764,14960.0,2280.0,0.4027,11.0364,263900.0,2.2029,0.8825,テラプローブ,スタンダード（内国株式）,電気機器
6629,2026-10-05,1037.0,-0.0029,-0.0114,0.0614,0.0167,0.0336,-0.0047,1001.76,995.6533,False,0.0352,0.6609,1569.0,379.0769,0.0309,1.2498,103700.0,0.6688,0.3188,テクノホライゾン,スタンダード（内国株式）,電気機器
6630,2026-10-05,776.0,0.0065,-0.0127,-0.0251,0.0808,-0.0529,0.0595,787.88,762.4781,True,-0.0151,0.9194,844.0,657.2037,0.0135,0.7131,77600.0,0.8993,0.2667,ヤーマン,プライム（内国株式）,電気機器
6632,2026-10-05,1006.5,-0.0054,0.005,-0.0128,-0.1252,-0.0405,-0.1465,1002.9882,1056.7734,False,0.0035,0.6982,1441.4652,875.7,0.022,13.4059,100650.0,1.0178,0.204,ＪＶＣケンウッド,プライム（内国株式）,電気機器
6633,2026-10-05,310.0,-0.0032,-0.0127,-0.0373,-0.0746,-0.0651,-0.0959,315.96,323.8133,False,-0.0189,0.7416,418.0,309.0,0.0076,0.0181,31000.0,1.0019,0.3394,ＣＧＳホールディングス,スタンダード（内国株式）,電気機器
6634,2026-10-05,68.0,0.0,0.0,-0.0556,-0.1707,-0.0834,-0.1921,70.44,71.1467,True,-0.0346,0.4146,164.0,50.0,0.0305,0.1006,6800.0,0.2182,0.2414,ＪＮグループ,スタンダード（内国株式）,電気機器
6635,2026-10-05,661.0,-0.0045,-0.035,-0.0193,-0.0819,-0.0471,-0.1033,667.72,675.821,False,-0.0101,0.5604,1179.5955,469.8857,0.0212,0.1212,66100.0,0.1827,0.2143,大日光・エンジニアリング,スタンダード（内国株式）,電気機器
6637,2026-10-05,4220.0,0.0024,-0.0005,0.0243,0.1179,-0.0035,0.0966,4241.1715,3979.4572,True,-0.005,0.7922,5326.7783,3180.0,0.0349,1.1048,422000.0,0.6542,0.2378,寺崎電気産業,スタンダード（内国株式）,電気機器
6638,2026-10-05,2302.0,0.0145,0.0596,0.1897,0.1884,0.1619,0.1671,2038.343,2005.5943,True,0.1293,0.9763,2358.0,1423.1315,0.0316,2.8657,230200.0,1.132,0.4942,ミマキエンジニアリング,プライム（内国株式）,電気機器
6643,2026-10-05,5840.0,0.0447,0.0429,0.0264,0.0447,-0.0014,0.0234,5639.9951,5514.7317,True,0.0355,0.8169,7148.6016,3628.5315,0.0308,0.2258,584000.0,0.8394,0.3336,戸上電機製作所,スタンダード（内国株式）,電気機器
6644,2026-10-05,1454.0,0.0204,-0.0055,-0.0176,-0.0484,-0.0454,-0.0697,1475.7491,1496.223,False,-0.0147,0.657,2213.0,1092.8689,0.0222,5.3761,145400.0,1.4569,0.2569,大崎電気工業,プライム（内国株式）,電気機器
6645,2026-10-05,6597.0,0.0314,0.0505,0.0581,0.0685,0.0303,0.0472,6272.04,6061.4267,True,0.0518,0.9106,7245.0,3647.0641,0.0252,74.1173,659700.0,0.8608,0.3242,オムロン,プライム（内国株式）,電気機器
6647,2026-10-05,3610.0,-0.0256,-0.0623,0.0776,0.3156,0.0498,0.2943,3583.4,3111.4,True,0.0074,0.9304,3880.0,1904.1565,0.0178,0.0406,361000.0,0.7339,0.42,森尾電機,スタンダード（内国株式）,電気機器
6648,2026-10-05,1671.0,-0.0059,0.0189,0.0042,-0.1448,-0.0236,-0.1661,1660.4761,1746.3987,False,0.0063,0.6116,2732.3429,1415.3144,0.0225,0.5814,167100.0,0.738,0.2711,かわでん,スタンダード（内国株式）,電気機器
6651,2026-10-05,4470.0,0.0045,0.0304,0.0371,-0.0397,0.0093,-0.0611,4374.7391,4463.0464,False,0.0218,0.8782,5090.0,3341.4956,0.0172,2.9581,447000.0,0.9051,0.2669,日東工業,プライム（内国株式）,電気機器
6652,2026-10-05,4060.0,0.0628,0.0784,0.1018,0.1941,0.074,0.1728,3692.8,3507.6667,True,0.0994,0.9736,4170.0,2206.1375,0.0257,4.4398,406000.0,1.2505,0.4801,ＩＤＥＣ,プライム（内国株式）,電気機器
6653,2026-10-05,2144.0,0.0323,0.0185,0.0132,-0.101,-0.0146,-0.1224,2124.72,2218.2736,False,0.0091,0.7604,2819.5928,1602.7685,0.0219,1.3181,214400.0,0.4512,0.1833,正興電機製作所,プライム（内国株式）,電気機器
6654,2026-10-05,1093.0,0.0028,0.0074,-0.0046,-0.0237,-0.0324,-0.0451,1083.8,1091.3245,True,0.0085,0.9677,1129.4363,1024.9684,0.0051,0.1158,109300.0,0.5286,0.5385,不二電機工業,スタンダード（内国株式）,電気機器
6656,2026-10-05,808.0,-0.0158,0.0062,-0.0037,-0.4081,-0.0315,-0.4294,806.32,973.96,False,0.0021,0.5088,1588.0,499.0,0.035,0.2942,80800.0,0.357,0.3606,インスペック,スタンダード（内国株式）,電気機器
6658,2026-10-05,452.0,0.0112,0.0089,-0.0022,0.0,-0.03,-0.0213,451.56,448.16,False,0.001,0.561,805.7238,415.0,0.0142,0.1608,45200.0,0.5028,0.28,シライ電子工業,スタンダード（内国株式）,電気機器
6659,2026-10-05,44.0,0.0233,0.0,-0.102,-0.2542,-0.1298,-0.2756,47.92,51.24,False,-0.0818,0.3826,115.0,32.0,0.0519,1.7295,4400.0,0.8729,0.3062,メディアリンクス,スタンダード（内国株式）,電気機器
6662,2026-10-05,229.0,0.0044,0.0044,-0.0043,0.0602,-0.0321,0.0389,227.08,221.1733,True,0.0085,0.7633,300.0,195.0,0.0187,0.0269,22900.0,0.5964,0.2567,ユビテック,スタンダード（内国株式）,電気機器
6663,2026-10-05,306.0,-0.0033,-0.0192,-0.0161,-0.0286,-0.0439,-0.0499,309.64,309.32,False,-0.0118,0.6609,463.0,240.0,0.0152,0.0398,30600.0,0.4544,0.1723,太洋テクノレックス,スタンダード（内国株式）,電気機器
6664,2026-10-05,274.0,0.161,0.062,0.0498,0.1184,0.022,0.097,259.76,247.64,True,0.0548,0.6075,451.0,229.0,0.0412,0.1392,27400.0,4.3958,0.5051,オプトエレクトロニクス,スタンダード（内国株式）,電気機器
6666,2026-10-05,840.0,-0.0118,0.0319,0.0755,-0.0899,0.0477,-0.1112,810.122,817.9607,False,0.0369,0.5699,1474.0,355.5941,0.0374,0.3327,84000.0,0.3832,0.3312,リバーエレテック,スタンダード（内国株式）,電気機器
6668,2026-10-05,5020.0,0.0361,0.1514,0.2349,0.3873,0.2071,0.3659,4164.68,3741.8011,True,0.2054,0.9748,5150.0,1146.9437,0.0526,3.5803,502000.0,0.6275,0.5051,アドテック　プラズマ　テクノロジー,スタンダード（内国株式）,電気機器
6674,2026-10-05,5718.0,0.0496,0.0652,0.147,-0.1409,0.1192,-0.1622,5276.9818,5770.0206,False,0.0836,0.7239,7899.0,3369.9537,0.0279,41.2977,571800.0,0.8794,0.2769,ジーエス・ユアサ　コーポレーション,プライム（内国株式）,電気機器
6675,2026-10-05,2056.0,-0.0205,-0.0274,-0.0659,0.0384,-0.0937,0.0171,2151.7106,2051.2635,True,-0.0445,0.7618,2698.9692,1561.7084,0.0189,0.6333,205600.0,0.7916,0.4495,サクサ,スタンダード（内国株式）,電気機器
6676,2026-10-05,3550.0,-0.0153,0.038,0.1378,0.3819,0.11,0.3605,3255.9617,2883.2006,True,0.0903,0.9753,3640.0,1686.782,0.0365,2.7187,355000.0,2.0305,0.3006,ＢＵＦＦＡＬＯ,スタンダード（内国株式）,電気機器
6677,2026-10-05,3160.0,0.0177,0.007,-0.0125,-0.1035,-0.0403,-0.1249,3196.0524,3352.3508,False,-0.0113,0.8208,3850.0,2660.0,0.0205,2.9117,316000.0,1.1044,0.3157,エスケーエレクトロニクス,スタンダード（内国株式）,電気機器
6678,2026-10-05,1975.0,-0.0125,-0.0427,-0.0199,-0.0125,-0.0476,-0.0338,2038.92,2039.4933,True,-0.0313,0.7482,2639.6546,1752.1927,0.0148,0.2344,197500.0,1.2857,0.4142,テクノメディカ,スタンダード（内国株式）,電気機器
6694,2026-10-05,825.0,-0.0048,-0.0012,0.1427,0.3074,0.1149,0.2861,801.08,704.5733,True,0.0299,0.9396,878.0,572.2096,0.0383,0.089,82500.0,0.7419,0.2946,ズーム,スタンダード（内国株式）,電気機器
6696,2026-10-05,291.0,-0.0268,-0.0703,-0.1128,0.0659,-0.1406,0.0446,314.84,296.9467,True,-0.0757,0.5927,491.0,236.0,0.0449,0.0941,29100.0,0.2813,0.2984,トラース・オン・プロダクト,グロース（内国株式）,電気機器
6699,2026-10-05,479.0,-0.0042,-0.0134,-0.0663,-0.0244,-0.0941,-0.0458,499.586,491.902,True,-0.0412,0.645,742.6434,451.0,0.0181,0.3738,47900.0,0.8831,0.3121,ダイヤモンドエレクトリックホールディングス,スタンダード（内国株式）,電気機器
6701,2026-10-05,4927.0,0.0028,0.0355,0.0318,0.1334,0.004,0.1121,4776.9915,4522.2772,True,0.0314,0.7999,6159.8474,3586.1172,0.0278,257.7899,492700.0,0.7451,0.2213,日本電気,プライム（内国株式）,電気機器
6702,2026-10-05,4063.0,-0.0015,0.0278,0.0689,0.2132,0.0411,0.1919,3908.3436,3604.1545,True,0.0396,0.8798,4617.9754,3016.0,0.0263,265.851,406300.0,0.8729,0.2619,富士通,プライム（内国株式）,電気機器
6703,2026-10-05,2710.0,0.003,-0.0059,-0.0153,-0.2366,-0.0431,-0.2579,2722.96,3012.24,False,-0.0048,0.6826,3970.0,1490.9265,0.038,17.6154,271000.0,1.0047,0.3714,沖電気工業,プライム（内国株式）,電気機器
6706,2026-10-05,3320.0,0.0,0.0,0.0076,0.103,-0.0202,0.0817,3305.4208,3187.3803,False,0.0044,0.9159,3625.0,1822.0388,0.0183,0.9352,332000.0,0.9148,0.2052,電気興業,プライム（内国株式）,電気機器
6707,2026-10-05,7261.0,0.045,0.046,0.0513,-0.3204,0.0235,-0.3418,6930.44,8529.36,False,0.0477,0.6135,11835.0,4883.0,0.0317,10.0731,726100.0,1.126,0.3089,サンケン電気,プライム（内国株式）,電気機器
6718,2026-10-05,2703.0,-0.0041,-0.0203,-0.0522,-0.0164,-0.08,-0.0377,2820.5495,2792.3565,True,-0.0417,0.8887,3041.5506,2620.0,0.0129,0.7415,270300.0,1.1425,0.5304,アイホン,プライム（内国株式）,電気機器
6721,2026-10-05,65.0,-0.0299,-0.1096,-0.0972,-0.2857,-0.125,-0.307,72.88,77.52,False,-0.1081,0.4362,149.0,63.0,0.0462,0.282,6500.0,1.4035,0.5,ウインテスト,スタンダード（内国株式）,電気機器
6723,2026-10-05,3862.0,0.0803,0.1165,0.2027,-0.18,0.1749,-0.2014,3370.08,3891.8267,False,0.146,0.7309,5284.0,1654.2992,0.0385,363.1694,386200.0,0.9132,0.4732,ルネサスエレクトロニクス,プライム（内国株式）,電気機器
6724,2026-10-05,3335.0,0.0155,0.0415,0.037,0.1588,0.0092,0.1375,3179.5615,3006.2672,True,0.0489,0.9958,3349.0,1809.8861,0.023,46.2947,333500.0,0.9033,0.3102,セイコーエプソン,プライム（内国株式）,電気機器
6727,2026-10-05,892.0,0.0336,0.0136,0.0594,0.1421,0.0316,0.1208,840.1085,804.2628,False,0.0618,0.9399,949.0,705.752,0.0262,5.266,89200.0,1.0709,0.3254,ワコム,プライム（内国株式）,電気機器
6728,2026-10-05,8419.0,0.0355,0.1164,0.1895,-0.1381,0.1617,-0.1594,7405.48,8625.853,False,0.1369,0.7484,11250.0696,6159.9549,0.0306,36.0448,841900.0,0.8581,0.5602,アルバック,プライム（内国株式）,電気機器
6730,2026-10-05,1690.0,0.0343,0.3785,0.4048,0.4142,0.377,0.3929,1275.04,1184.8133,True,0.3254,0.9843,1717.0,1010.0,0.0444,11.3381,169000.0,0.9417,0.7087,アクセル,スタンダード（内国株式）,電気機器
6731,2026-10-05,100.0,0.0101,-0.0291,-0.0476,-0.187,-0.0754,-0.2083,102.96,107.0267,False,-0.0287,0.1471,680.0,96.0,0.0307,0.0781,10000.0,0.5839,0.2279,ピクセラ,スタンダード（内国株式）,電気機器
6736,2026-10-05,9560.0,0.054,-0.0235,0.0754,-0.1156,0.0476,-0.137,9430.8,9311.2,True,0.0137,0.744,12850.0,6034.8727,0.0607,3.5422,956000.0,0.8798,0.248,サン電子,スタンダード（内国株式）,電気機器
6737,2026-10-05,3200.0,0.0323,0.0449,0.0159,0.2294,-0.0119,0.208,3094.511,2846.717,True,0.0341,0.9953,3215.0,2022.0,0.024,4.5932,320000.0,0.69,0.2965,ＥＩＺＯ,プライム（内国株式）,電気機器
6740,2026-10-05,45.0,-0.0217,-0.0816,-0.0217,-0.1964,-0.0495,-0.2177,47.64,49.32,False,-0.0554,0.2744,164.0,17.0,0.0587,6.1958,4500.0,1.3082,0.4541,ジャパンディスプレイ,プライム（内国株式）,電気機器
6741,2026-10-05,1804.0,0.0233,0.005,0.0028,0.1396,-0.025,0.1183,1804.7382,1706.9661,True,-0.0004,0.9445,1910.0,1159.596,0.0232,2.6019,180400.0,0.7481,0.2443,日本信号,プライム（内国株式）,電気機器
6742,2026-10-05,1174.0,0.0371,0.08,0.1835,0.293,0.1557,0.2716,1050.0716,982.2105,True,0.118,0.9949,1180.0,480.1574,0.0323,2.8086,117400.0,0.9325,0.3061,京三製作所,プライム（内国株式）,電気機器
6743,2026-10-05,1073.0,0.02,0.0258,0.0603,0.2835,0.0325,0.2622,1036.92,946.3733,True,0.0348,0.9529,1126.0,538.6272,0.0219,0.1611,107300.0,0.4888,0.2851,大同信号,スタンダード（内国株式）,電気機器
6744,2026-10-05,3915.0,0.0156,-0.0106,-0.0679,-0.1133,-0.0957,-0.1346,4068.3909,4239.3303,False,-0.0377,0.7799,5020.0,3347.9352,0.0188,3.1489,391500.0,0.9598,0.3731,能美防災,プライム（内国株式）,電気機器
6745,2026-10-05,1969.0,0.0287,0.0347,-0.0243,-0.0752,-0.0521,-0.0965,1925.2175,1966.3125,False,0.0227,0.8354,2357.0,1228.2664,0.0296,3.0963,196900.0,0.8846,0.2045,ホーチキ,プライム（内国株式）,電気機器
6748,2026-10-05,773.0,-0.0077,-0.0051,0.0065,0.0575,-0.0213,0.0361,773.48,747.6267,True,-0.0006,0.8052,960.0,667.0,0.0158,0.0934,77300.0,0.7216,0.3111,星和電機,スタンダード（内国株式）,電気機器
6750,2026-10-05,2012.0,0.0035,-0.002,-0.0128,0.1159,-0.0406,0.0946,2003.9713,1896.3904,True,0.004,0.9748,2064.0,1548.0,0.0205,3.62,201200.0,1.0143,0.2442,エレコム,プライム（内国株式）,電気機器
6752,2026-10-05,4710.0,0.0311,0.0603,0.0964,0.0336,0.0686,0.0123,4365.8818,4331.2939,True,0.0788,0.9454,4982.0,1541.3561,0.035,360.4909,471000.0,1.0024,0.3107,パナソニック　ホールディングス,プライム（内国株式）,電気機器
6753,2026-10-05,650.6,0.0196,0.0015,0.0226,0.0158,-0.0052,-0.0055,653.66,636.3147,True,-0.0047,0.7189,905.0,534.4,0.0325,24.5071,65059.9976,0.9254,0.2554,シャープ,プライム（内国株式）,電気機器
6754,2026-10-05,3685.0,0.0562,0.0886,0.1465,-0.1278,0.1187,-0.1491,3291.9855,3700.5552,False,0.1194,0.759,4855.0,1727.8673,0.0287,34.7014,368500.0,0.9133,0.5655,アンリツ,プライム（内国株式）,電気機器
6757,2026-10-05,910.0,-0.0055,0.0078,0.0388,0.0508,0.011,0.0295,890.92,870.84,True,0.0214,0.9336,974.6809,788.0,0.0097,0.0414,91000.0,1.3988,0.3161,ＯＳＧコーポレーション,スタンダード（内国株式）,電気機器
6758,2026-10-05,3723.0,-0.008,0.0165,-0.0503,0.088,-0.0781,0.0666,3773.1375,3598.2858,True,-0.0133,0.7826,4757.3962,3043.0,0.0228,521.5824,372300.0,0.91,0.1999,ソニーグループ,プライム（内国株式）,電気機器
6762,2026-10-05,3447.0,0.0779,0.1744,0.1952,-0.0154,0.1674,-0.0367,2957.6939,3184.1646,False,0.1654,0.7988,4315.0,1875.0612,0.0363,320.9734,344700.0,1.1249,0.554,ＴＤＫ,プライム（内国株式）,電気機器
6763,2026-10-05,2879.0,0.0105,0.0492,0.0264,-0.0072,-0.0014,-0.0286,2802.0346,2866.4249,False,0.0275,0.8777,3280.0,2274.7952,0.0201,0.4823,287900.0,1.309,0.3081,帝国通信工業,プライム（内国株式）,電気機器
6768,2026-10-05,983.0,0.0272,0.0898,0.2303,0.0134,0.2025,-0.0079,840.4281,865.956,False,0.1696,0.8661,1135.0,471.102,0.0411,9.2194,98300.0,1.3093,0.4878,タムラ製作所,プライム（内国株式）,電気機器
6769,2026-10-05,1323.0,0.0177,0.0458,0.1708,0.194,0.143,0.1727,1196.68,1113.3467,True,0.1056,0.9497,1393.0,760.4688,0.038,1.1833,132300.0,0.6525,0.4932,ザインエレクトロニクス,スタンダード（内国株式）,電気機器
6770,2026-10-05,2251.5,0.0199,0.0458,-0.002,0.0729,-0.0298,0.0516,2219.3142,2163.5581,True,0.0145,0.9422,2389.5,1774.6401,0.025,35.6685,225150.0,0.9111,0.3106,アルプスアルパイン,プライム（内国株式）,電気機器
6771,2026-10-05,687.0,-0.0058,0.0473,0.0178,0.0569,-0.01,0.0356,666.84,658.0533,True,0.0302,0.786,874.0,568.2114,0.0185,0.0724,68700.0,0.9626,0.4483,池上通信機,スタンダード（内国株式）,電気機器
6772,2026-10-05,1030.0,0.03,0.0098,-0.0162,-0.0636,-0.044,-0.085,1035.68,1074.7333,False,-0.0055,0.567,1816.7004,965.0,0.0248,0.024,103000.0,0.5303,0.2503,東京コスモス電機,スタンダード（内国株式）,電気機器
6775,2026-10-05,138.0,0.0147,0.0781,0.0781,0.1405,0.0503,0.1192,129.56,122.0933,False,0.0651,0.5923,233.0,110.0,0.0419,0.4585,13800.0,1.4675,0.6395,ＴＢグループ,スタンダード（内国株式）,電気機器
6776,2026-10-05,296.0,-0.01,-0.0067,0.0314,0.0882,0.0036,0.0669,289.68,275.8667,True,0.0218,0.9605,308.1636,245.3532,0.0183,0.0543,29600.0,1.4856,0.4421,天昇電気工業,スタンダード（内国株式）,化学
6777,2026-10-05,23640.0,0.0116,0.1106,0.2676,0.022,0.2398,0.0007,20323.2732,21040.4244,False,0.1632,0.6813,34700.0,7336.0733,0.0381,22.7408,2364000.0,0.8415,0.553,ｓａｎｔｅｃ　Ｈｏｌｄｉｎｇｓ,スタンダード（内国株式）,電気機器
6778,2026-10-05,624.0,0.0016,-0.0173,-0.0769,-0.1041,-0.1047,-0.1254,645.8,640.6186,True,-0.0338,0.8707,716.6945,532.9514,0.0219,0.0805,62400.0,0.3813,0.1906,アルチザネットワークス,スタンダード（内国株式）,電気機器
6779,2026-10-05,3655.0,0.0055,0.1212,0.373,-0.0027,0.3452,-0.024,3008.76,3141.0133,False,0.2148,0.7295,5010.0,898.4221,0.0523,28.1889,365500.0,0.695,0.4003,日本電波工業,プライム（内国株式）,電気機器
6785,2026-10-05,3480.0,0.0058,0.0961,0.1623,0.0116,0.1345,-0.0097,3142.64,3126.0496,False,0.1073,0.9831,3540.0,1972.027,0.0297,2.5494,348000.0,0.9401,0.4166,鈴木,プライム（内国株式）,電気機器
6786,2026-10-05,46.0,0.0,-0.0417,-0.0417,-0.1154,-0.0695,-0.1367,48.08,48.92,False,-0.0433,0.5476,84.0,46.0,0.0264,0.0117,4600.0,0.5522,0.2471,ＲＶＨ,スタンダード（内国株式）,サービス業
6787,2026-10-05,24950.0,0.0457,0.081,0.356,-0.0967,0.3282,-0.118,21012.2163,23560.4721,False,0.1874,0.5508,45300.0,8269.7027,0.0654,133.0098,2495000.0,1.3524,0.2635,メイコー,プライム（内国株式）,電気機器
6788,2026-10-05,5220.0,0.0019,0.0077,0.0482,0.1549,0.0204,0.1335,5061.2,4808.0667,True,0.0314,0.9775,5340.0,4005.0,0.0177,0.579,522000.0,1.0691,0.3676,日本トリム,プライム（内国株式）,電気機器
6794,2026-10-05,3340.0,0.0214,0.0405,0.1269,0.1372,0.0991,0.1159,3095.3533,2981.9578,True,0.079,0.9543,3500.0,2220.6933,0.0241,4.2575,334000.0,0.869,0.2738,フォスター電機,プライム（内国株式）,電気機器
6797,2026-10-05,1172.0,0.0051,-0.0225,-0.0314,0.0009,-0.0592,-0.0205,1203.04,1177.36,True,-0.0258,0.915,1280.8217,1023.6944,0.0104,0.0503,117200.0,0.8716,0.4012,名古屋電機工業,スタンダード（内国株式）,電気機器
6798,2026-10-05,3305.0,0.0046,-0.0015,0.0046,0.1039,-0.0232,0.0826,3300.1881,3192.876,False,0.0015,0.8849,3735.0,2174.5149,0.0255,0.3992,330500.0,0.7771,0.1635,ＳＭＫ,プライム（内国株式）,電気機器
6800,2026-10-05,4895.0,0.0493,0.1143,0.3088,-0.1084,0.281,-0.1297,4132.7368,4577.8456,False,0.1844,0.7519,6510.0,1389.9145,0.0366,6.02,489500.0,0.8521,0.4656,ヨコオ,プライム（内国株式）,電気機器
6803,2026-10-05,97.0,0.0,-0.0396,-0.03,-0.0583,-0.0578,-0.0796,98.88,98.1733,True,-0.019,0.704,137.7913,89.2174,0.0184,0.2967,9700.0,0.9951,0.28,ティアック,スタンダード（内国株式）,電気機器
6804,2026-10-05,2388.0,0.0051,-0.0285,-0.0955,-0.163,-0.1233,-0.1843,2543.5625,2717.6408,False,-0.0612,0.7581,3150.0,2195.6366,0.0184,6.4072,238800.0,1.2194,0.4734,ホシデン,プライム（内国株式）,電気機器
6806,2026-10-05,25740.0,0.0208,0.0538,0.0282,-0.0959,0.0004,-0.1172,24810.5555,26720.2518,False,0.0375,0.7991,32210.0,16081.6495,0.0211,34.4308,2574000.0,0.7891,0.3415,ヒロセ電機,プライム（内国株式）,電気機器
6807,2026-10-05,2705.0,0.0317,0.0641,0.1113,0.1467,0.0835,0.1254,2518.8322,2421.3307,True,0.0739,0.9358,2890.6689,2161.091,0.0203,6.7001,270500.0,1.1049,0.4296,日本航空電子工業,プライム（内国株式）,電気機器
6809,2026-10-05,1719.0,0.0166,-0.0017,-0.0326,0.0578,-0.0604,0.0365,1735.7409,1662.6603,True,-0.0096,0.9167,1875.2623,1117.6188,0.0163,1.4683,171900.0,1.1189,0.3638,ＴＯＡ,プライム（内国株式）,電気機器
6810,2026-10-05,2634.0,0.0162,0.0193,0.0358,0.22,0.008,0.1987,2546.2537,2334.4712,True,0.0345,0.9865,2670.0,1871.0,0.0223,4.4752,263400.0,0.6197,0.266,マクセル,プライム（内国株式）,電気機器
6814,2026-10-05,7910.0,0.0013,0.0367,0.034,0.2019,0.0062,0.1806,7570.0,7123.8198,True,0.0449,0.8062,9810.9403,5179.6282,0.0312,19.4681,791000.0,0.7321,0.353,古野電気,プライム（内国株式）,電気機器
6817,2026-10-05,1286.0,0.007,0.043,0.0753,-0.0988,0.0475,-0.1201,1219.8,1281.2821,False,0.0543,0.8057,1596.1018,996.5982,0.02,1.9521,128600.0,0.6732,0.3344,スミダコーポレーション,プライム（内国株式）,電気機器
6819,2026-10-05,470.0,0.0,-0.0126,-0.0084,0.0064,-0.0362,-0.0149,476.2,472.8,True,-0.013,0.9631,488.0,422.2222,0.0058,0.0528,47000.0,0.9803,0.3684,伊豆シャボテンリゾート,スタンダード（内国株式）,サービス業
6820,2026-10-05,3540.0,-0.0288,-0.0393,-0.0275,0.0943,-0.0553,0.073,3620.9879,3387.996,True,-0.0224,0.9231,3835.0,2608.6479,0.0318,0.5272,354000.0,1.2114,0.2706,アイコム,プライム（内国株式）,電気機器
6822,2026-10-05,4990.0,0.0,0.002,0.002,-0.0927,-0.0258,-0.114,4994.9936,5166.7979,False,-0.001,0.7834,6370.0,3347.1845,0.018,0.1792,499000.0,0.8092,0.173,大井電気,スタンダード（内国株式）,電気機器
6823,2026-10-05,3460.0,0.0252,0.0298,0.0646,-0.0455,0.0368,-0.0668,3295.074,3462.6913,False,0.0501,0.8317,4160.0,2436.384,0.0191,1.3126,346000.0,0.7774,0.3745,リオン,プライム（内国株式）,電気機器
6824,2026-10-05,3870.0,-0.0203,-0.0361,-0.1062,-0.2938,-0.134,-0.3151,4158.8,4571.3333,False,-0.0694,0.6334,6110.0,3429.4805,0.0268,0.5009,387000.0,0.9099,0.3572,新コスモス電機,スタンダード（内国株式）,電気機器
6832,2026-10-05,2749.0,0.0891,0.0866,0.2105,0.0516,0.1827,0.0303,2411.4509,2470.457,False,0.14,0.8587,3201.2376,2025.4744,0.0324,0.6988,274900.0,0.6992,0.4078,アオイ電子,スタンダード（内国株式）,電気機器
6834,2026-10-05,6920.0,0.0102,0.1485,0.373,0.3985,0.3452,0.3772,5601.195,5090.2383,True,0.2355,0.9069,7630.0,1641.708,0.0493,45.6757,692000.0,0.7505,0.6247,精工技研,スタンダード（内国株式）,電気機器
6835,2026-10-05,269.0,-0.011,0.0037,0.0426,0.1116,0.0148,0.0903,264.56,251.6869,False,0.0168,0.718,374.65,184.7345,0.0252,0.4844,26900.0,0.6101,0.2063,アライドテレシスホールディングス,スタンダード（内国株式）,電気機器
6836,2026-10-05,850.0,-0.0082,0.0095,0.0759,0.1724,0.0482,0.1511,830.4,780.5067,True,0.0236,0.6396,1329.0,659.0,0.0432,0.1048,85000.0,0.5949,0.3922,ぷらっとホーム,スタンダード（内国株式）,電気機器
6837,2026-10-05,424.0,0.0367,0.0168,0.1491,0.0956,0.1213,0.0743,382.68,370.1867,True,0.108,0.968,438.0,279.1864,0.0339,0.1867,42400.0,1.201,0.4667,京写,スタンダード（内国株式）,電気機器
6838,2026-10-05,1490.0,0.0088,0.0068,0.0068,-0.1461,-0.021,-0.1675,1471.84,1549.2933,False,0.0123,0.597,2496.0,657.0,0.0496,3.5525,149000.0,0.6897,0.2248,多摩川ホールディングス,スタンダード（内国株式）,電気機器
6840,2026-10-05,874.0,-0.0135,0.0058,0.1924,0.144,0.1646,0.1227,810.16,766.7867,False,0.0788,0.595,1469.0,303.0,0.0513,3.1133,87400.0,0.8483,0.3879,ＡＫＩＢＡホールディングス,スタンダード（内国株式）,電気機器
6841,2026-10-05,4733.0,0.0055,0.0168,-0.0249,-0.1915,-0.0527,-0.2128,4740.8679,5264.2893,False,-0.0017,0.7561,6259.652,4134.1251,0.0198,50.7153,473300.0,0.932,0.1677,横河電機,プライム（内国株式）,電気機器
6844,2026-10-05,3090.0,0.0115,-0.0016,0.0164,-0.2323,-0.0114,-0.2536,3030.8,3370.9333,False,0.0195,0.7245,4265.0,2815.1875,0.024,2.376,309000.0,0.5908,0.2571,新電元工業,プライム（内国株式）,電気機器
6845,2026-10-05,1474.5,0.0113,0.03,0.0117,-0.1536,-0.0161,-0.1749,1466.2243,1580.2214,False,0.0056,0.8378,1760.0,1224.8473,0.0192,21.8247,147450.0,1.1755,0.4421,アズビル,プライム（内国株式）,電気機器
6848,2026-10-05,842.0,-0.0059,-0.0117,-0.03,-0.0277,-0.0578,-0.049,861.84,860.1067,True,-0.023,0.799,1053.8614,798.2024,0.0087,0.1299,84200.0,3.3957,0.4667,東亜ディーケーケー,スタンダード（内国株式）,電気機器
6849,2026-10-05,1582.0,0.0125,-0.0109,0.0456,0.0547,0.0178,0.0333,1547.2992,1513.9064,True,0.0224,0.8481,1865.2667,1323.0,0.0227,12.1483,158200.0,1.0892,0.1876,日本光電工業,プライム（内国株式）,電気機器
6850,2026-10-05,1815.0,0.0033,0.036,0.0881,0.1081,0.0603,0.0867,1730.6804,1674.1601,True,0.0487,0.9877,1837.6821,1215.969,0.0188,0.5111,181500.0,0.7666,0.31,チノー,プライム（内国株式）,電気機器
6853,2026-10-05,788.0,0.0064,0.0181,0.026,-0.0025,-0.0018,-0.0239,769.08,781.9901,False,0.0246,0.789,998.7175,632.098,0.0191,0.15,78800.0,0.727,0.3251,共和電業,スタンダード（内国株式）,電気機器
6855,2026-10-05,8530.0,0.029,0.1511,0.4123,0.1434,0.3845,0.1221,6923.155,6986.5183,False,0.2321,0.8377,10182.3727,3242.0991,0.0406,38.1837,853000.0,0.8763,0.6186,日本電子材料,スタンダード（内国株式）,電気機器
6856,2026-10-05,26345.0,0.0401,0.1076,0.1691,-0.0472,0.1413,-0.0685,23142.2,25265.0728,False,0.1384,0.8799,29939.4954,11971.5347,0.0273,56.3317,2634500.0,1.2042,0.6492,堀場製作所,プライム（内国株式）,電気機器
6857,2026-10-05,40300.0,0.0432,0.1948,0.2385,0.3631,0.2107,0.3418,33654.0,32261.0,True,0.1975,0.9902,40700.0,14421.3701,0.0444,3668.5324,4030000.0,1.2932,0.5986,アドバンテスト,プライム（内国株式）,電気機器
6858,2026-10-05,877.0,0.0127,0.0269,0.0579,-0.0277,0.0301,-0.049,842.4,855.0963,True,0.0411,0.8745,1002.905,545.259,0.0216,0.3259,87700.0,0.4294,0.2906,小野測器,スタンダード（内国株式）,電気機器
6859,2026-10-05,4265.0,0.0377,0.0757,0.1121,-0.0035,0.0843,-0.0248,3959.1865,4087.2622,True,0.0772,0.8904,4790.0,2893.0,0.0257,2.4386,426500.0,0.6077,0.3332,エスペック,プライム（内国株式）,電気機器
6861,2026-10-05,81680.0,0.0176,0.0405,0.0469,0.0095,0.0191,-0.0118,78649.0697,78850.6232,True,0.0385,0.929,87920.0,51271.969,0.0224,449.5545,8168000.0,0.9669,0.3676,キーエンス,プライム（内国株式）,電気機器
6862,2026-10-05,5120.0,-0.0039,-0.0089,0.4008,1.4639,0.373,1.4426,4500.1535,3099.6512,True,0.1377,0.8704,5882.6707,773.0281,0.0752,14.8899,512000.0,0.843,0.3785,ミナトホールディングス,スタンダード（内国株式）,電気機器
6863,2026-10-05,1088.0,0.0226,-0.0198,0.1159,0.0898,0.0881,0.0685,1032.8715,962.7838,True,0.0534,0.9527,1142.0,579.4477,0.0356,1.34,108800.0,2.1971,0.367,ニレコ,スタンダード（内国株式）,電気機器
6864,2026-10-05,1593.0,0.0038,-0.0136,0.0331,-0.0776,0.0053,-0.0989,1589.28,1629.28,False,0.0023,0.6177,2579.0,1033.5997,0.0229,0.3918,159300.0,0.4648,0.2114,エヌエフホールディングス,スタンダード（内国株式）,電気機器
6866,2026-10-05,11810.0,0.0855,0.1345,0.1466,-0.0017,0.1188,-0.023,10442.8,11281.5777,False,0.1309,0.864,13669.4008,5438.188,0.0312,3.8346,1181000.0,0.8799,0.5291,日置電機,プライム（内国株式）,電気機器
6867,2026-10-05,407.0,-0.0049,-0.0097,0.0,-0.0976,-0.0278,-0.1189,409.0,414.96,False,-0.0049,0.8028,506.9794,385.0,0.0104,0.0323,40700.0,0.668,0.2136,リーダー電子,スタンダード（内国株式）,電気機器
6869,2026-10-05,1831.5,0.0071,-0.0261,-0.0396,0.1533,-0.0674,0.132,1870.5794,1708.4265,True,-0.0209,0.9101,2012.5,1246.0,0.0228,50.3566,183150.0,0.9943,0.2121,シスメックス,プライム（内国株式）,電気機器
6870,2026-10-05,2116.0,-0.0056,-0.0033,-0.0316,-0.1997,-0.0594,-0.221,2138.28,2343.16,False,-0.0104,0.7427,2849.0,1648.2873,0.0146,0.044,211600.0,0.3062,0.3273,日本フェンオール,スタンダード（内国株式）,電気機器
6871,2026-10-05,15060.0,0.0027,0.1323,0.2655,-0.0059,0.2377,-0.0273,13144.4,14471.3333,False,0.1457,0.8284,18180.0,5586.8438,0.0508,152.8292,1506000.0,0.8946,0.383,日本マイクロニクス,プライム（内国株式）,電気機器
6874,2026-10-05,2340.0,-0.0004,-0.0093,0.0009,-0.0944,-0.0269,-0.1157,2350.08,2452.8348,False,-0.0043,0.8265,2831.2361,2270.7866,0.0085,0.0733,234000.0,0.4954,0.245,協立電機,スタンダード（内国株式）,電気機器
6875,2026-10-05,11790.0,0.019,0.0527,0.1123,0.1019,0.0845,0.0806,10888.4,10515.7333,False,0.0828,0.8785,13420.0,6723.9951,0.0261,11.0325,1179000.0,0.9337,0.4385,メガチップス,プライム（内国株式）,電気機器
6877,2026-10-05,6160.0,0.0441,0.0548,0.1099,0.0,0.0821,-0.0213,5564.7764,5822.5255,False,0.107,0.8967,6870.0,3672.052,0.03,2.6153,616000.0,1.4378,0.5629,ＯＢＡＲＡ　ＧＲＯＵＰ,スタンダード（内国株式）,電気機器
6882,2026-10-05,1202.0,0.0109,0.0221,0.0742,-0.0259,0.0464,-0.0473,1155.7234,1196.3078,False,0.04,0.7735,1554.0,829.4012,0.0205,0.3757,120200.0,0.4198,0.3242,三社電機製作所,スタンダード（内国株式）,電気機器
6888,2026-10-05,521.0,0.0296,0.042,0.0441,0.1204,0.0163,0.0991,501.2,489.1798,True,0.0395,0.9445,551.6243,462.0,0.0106,0.0505,52100.0,1.3058,0.4545,アクモス,スタンダード（内国株式）,情報・通信業
6890,2026-10-05,12040.0,0.0433,0.1689,0.3559,0.3289,0.3281,0.3076,9685.6,9130.2139,True,0.2431,1.0,12040.0,3800.1707,0.0454,99.1584,1204000.0,0.8342,0.5746,フェローテック,スタンダード（内国株式）,電気機器
6894,2026-10-05,2151.0,0.0033,-0.0046,-0.0183,0.0047,-0.0461,-0.0166,2166.08,2149.76,True,-0.007,0.8658,2484.3303,1871.4134,0.0133,0.0181,215100.0,1.0234,0.2194,パルステック工業,スタンダード（内国株式）,電気機器
6897,2026-10-05,566.0,-0.0174,-0.0797,-0.1937,-0.1566,-0.2215,-0.1779,642.4,643.6229,True,-0.1189,0.716,790.5327,388.2969,0.0313,1.3804,56600.0,0.3749,0.5024,ツインバード,スタンダード（内国株式）,電気機器
6898,2026-10-05,4900.0,0.037,0.0062,0.1937,0.2564,0.1659,0.2351,4777.8,4048.7333,True,0.0256,0.747,6560.0,2913.0,0.0474,0.4342,490000.0,0.4872,0.2387,トミタ電機,スタンダード（内国株式）,電気機器
6899,2026-10-05,2167.0,-0.0154,-0.0403,-0.0849,-0.0933,-0.1127,-0.1146,2285.56,2320.0133,True,-0.0519,0.8001,2708.3809,1933.3136,0.0204,0.134,216700.0,1.2882,0.5225,ＡＳＴＩ,スタンダード（内国株式）,電気機器
6902,2026-10-05,1842.0,0.0188,-0.0215,-0.0416,-0.0753,-0.0694,-0.0966,1897.2827,1929.7409,True,-0.0291,0.7904,2330.4841,1789.356,0.0162,139.3623,184200.0,1.0977,0.4918,デンソー,プライム（内国株式）,輸送用機器
6904,2026-10-05,881.0,0.0304,-0.1488,0.5931,0.9578,0.5653,0.9365,705.48,547.0267,True,0.2488,0.7088,1243.0,440.0,0.1074,5.4007,88100.0,5.0916,0.6054,原田工業,スタンダード（内国株式）,電気機器
6905,2026-10-05,1527.0,0.0255,0.0459,0.1595,0.0931,0.1317,0.0717,1367.68,1368.08,False,0.1165,0.9215,1657.0,1041.4645,0.0367,4.3469,152700.0,2.2608,0.4571,コーセル,プライム（内国株式）,電気機器
6907,2026-10-05,799.0,0.0088,0.0152,0.035,0.2198,0.0072,0.1985,778.72,712.2533,True,0.026,0.558,1432.0,583.0,0.028,0.1476,79900.0,0.6476,0.2594,ジオマテック,スタンダード（内国株式）,電気機器
6908,2026-10-05,2775.0,0.0195,-0.0428,-0.0068,-0.0341,-0.0346,-0.0554,2816.8,2839.7067,False,-0.0148,0.7198,3855.0,2663.0,0.029,4.9942,277500.0,1.6231,0.4174,イリソ電子工業,プライム（内国株式）,電気機器
6912,2026-10-05,2900.0,0.0269,0.042,0.1712,0.3889,0.1434,0.3676,2589.0,2283.8933,True,0.1201,1.0,2900.0,1473.0062,0.0322,0.3424,290000.0,1.0685,0.3743,菊水ホールディングス,スタンダード（内国株式）,電気機器
6914,2026-10-05,3390.0,0.0495,0.0479,0.0762,-0.1841,0.0484,-0.2054,3177.8,3552.0502,False,0.0668,0.7194,4712.2839,2003.4257,0.0255,4.7643,339000.0,1.0217,0.324,オプテックスグループ,プライム（内国株式）,電気機器
6915,2026-10-05,3525.0,0.0,-0.014,0.0277,0.078,-0.0001,0.0567,3470.4,3357.6,True,0.0157,0.9644,3655.0,2831.0503,0.0213,0.4332,352500.0,1.517,0.2933,千代田インテグレ,スタンダード（内国株式）,電気機器
6918,2026-10-05,4460.0,0.0241,0.1209,0.2779,0.3294,0.2501,0.308,3779.0952,3486.4984,True,0.1802,0.9867,4520.0,2166.2611,0.0372,1.7683,446000.0,1.0981,0.5992,アバールデータ,スタンダード（内国株式）,電気機器
6919,2026-10-05,1395.0,0.0,-0.0007,-0.0183,0.0065,-0.0461,-0.0148,1417.0266,1400.9955,True,-0.0155,0.877,1590.6003,1312.1965,0.0112,0.1383,139500.0,1.1924,0.3265,ケル,スタンダード（内国株式）,電気機器
6920,2026-10-05,46190.0,0.0013,0.1547,0.4278,-0.0181,0.4,-0.0394,37343.2,41550.694,False,0.2369,0.7916,58349.1951,19377.3744,0.0496,1576.666,4619000.0,1.2851,0.6238,レーザーテック,プライム（内国株式）,電気機器
6923,2026-10-05,3503.0,0.006,0.011,-0.0368,-0.0476,-0.0646,-0.0689,3531.3262,3556.1754,False,-0.008,0.9214,3802.0,2718.8918,0.0187,16.0284,350300.0,0.8598,0.2819,スタンレー電気,プライム（内国株式）,電気機器
6925,2026-10-05,4318.0,0.0407,0.0787,0.1779,-0.0387,0.1501,-0.0601,3822.4,4077.2933,False,0.1297,0.8362,5164.0,2219.5981,0.0336,16.5548,431800.0,1.2049,0.5377,ウシオ電機,プライム（内国株式）,電気機器
6926,2026-10-05,192.0,-0.0303,0.0,-0.0052,0.0323,-0.033,0.0109,192.16,187.9333,False,-0.0008,0.8067,238.0,177.0,0.0212,0.0289,19200.0,1.1943,0.3439,岡谷電機産業,スタンダード（内国株式）,電気機器
6927,2026-10-05,993.0,0.0102,-0.005,0.003,0.0553,-0.0248,0.0339,985.08,954.88,True,0.008,0.7653,1297.5103,773.6937,0.016,0.4243,99300.0,0.7977,0.309,ヘリオス　テクノ　ホールディング,スタンダード（内国株式）,電気機器
6928,2026-10-05,3435.0,0.0178,0.1099,0.189,0.1845,0.1612,0.1632,3046.3719,2946.9106,False,0.1276,0.8631,3980.0,1577.77,0.0346,1.4361,343500.0,0.7922,0.4955,エノモト,スタンダード（内国株式）,電気機器
6929,2026-10-05,3750.0,0.0232,0.0288,0.004,-0.0013,-0.0238,-0.0227,3687.0,3728.3333,False,0.0171,0.8762,4280.0,3230.3571,0.0145,2.9538,375000.0,0.7238,0.2303,日本セラミック,プライム（内国株式）,電気機器
6932,2026-10-05,2501.0,0.0028,-0.0095,-0.0032,0.0175,-0.031,-0.0038,2542.1638,2513.9479,True,-0.0162,0.8217,3043.6364,1984.2546,0.0189,0.7509,250100.0,0.6139,0.258,遠藤照明,スタンダード（内国株式）,電気機器
6941,2026-10-05,9950.0,0.0343,0.1824,0.3231,0.0886,0.2953,0.0673,8090.1816,8706.1939,False,0.2299,0.8713,11420.0,3358.0775,0.0405,23.0579,995000.0,0.9422,0.6181,山一電機,プライム（内国株式）,電気機器
6942,2026-10-05,1413.0,0.0007,-0.0262,-0.0335,0.0482,-0.0613,0.0269,1435.32,1382.0133,True,-0.0156,0.9612,1470.0,1150.0,0.0103,0.0777,141300.0,1.7262,0.6245,ソフィアホールディングス,スタンダード（内国株式）,情報・通信業
6943,2026-10-05,6400.0,0.0079,0.0,0.1348,0.28,0.107,0.2587,5749.5101,5316.4367,True,0.1131,0.9984,6410.0,4298.8707,0.0222,0.0508,640000.0,1.9052,0.598,ＮＫＫスイッチズ,スタンダード（内国株式）,電気機器
6946,2026-10-05,7260.0,-0.0068,0.0182,0.2782,0.2539,0.2504,0.2326,6544.8,5710.7333,True,0.1093,0.8079,8986.2168,4128.6675,0.0531,13.7493,726000.0,0.9269,0.28,日本アビオニクス,スタンダード（内国株式）,電気機器
6947,2026-10-05,5510.0,0.0261,0.0943,0.1222,0.1588,0.0944,0.1375,4999.1765,4817.7255,True,0.1022,0.9928,5550.0,4115.3391,0.025,3.9177,551000.0,1.8484,0.4714,図研,プライム（内国株式）,電気機器
6951,2026-10-05,7992.0,0.0378,0.0448,0.1793,0.0573,0.1515,0.036,7230.7806,7564.9935,True,0.1053,0.8635,9255.0,4376.1546,0.0311,20.8624,799200.0,0.8616,0.3964,日本電子,プライム（内国株式）,電気機器
6952,2026-10-05,2240.5,0.0306,0.0467,-0.0791,0.1883,-0.1069,0.167,2221.5,2080.1533,True,0.0086,0.8835,2536.0,1167.7538,0.0289,35.9085,224050.0,0.8425,0.2243,カシオ計算機,プライム（内国株式）,電気機器
6954,2026-10-05,6186.0,0.0183,0.0409,0.0805,-0.1727,0.0527,-0.194,5915.52,6518.0,False,0.0457,0.6966,8880.0,4056.1271,0.0242,267.9084,618600.0,0.7837,0.2965,ファナック,プライム（内国株式）,電気機器
6955,2026-10-05,407.0,0.0049,-0.0049,-0.0097,-0.0996,-0.0375,-0.1209,409.0,428.7867,False,-0.0049,0.6039,674.0,340.0,0.0179,0.1616,40700.0,0.4203,0.1922,ＦＤＫ,スタンダード（内国株式）,電気機器
6958,2026-10-05,789.0,0.0013,-0.0013,0.0013,0.2445,-0.0265,0.2232,767.28,710.4,True,0.0283,0.9587,823.0,323.3478,0.0352,5.2267,78900.0,0.7681,0.2375,日本シイエムケイ,プライム（内国株式）,電気機器
6960,2026-10-05,11730.0,0.0086,-0.0013,-0.0377,0.0147,-0.0655,-0.0066,11890.0409,11582.547,True,-0.0135,0.9392,12490.0,6467.1386,0.0216,7.9524,1173000.0,1.4721,0.264,フクダ電子,スタンダード（内国株式）,電気機器
6961,2026-10-05,11380.0,0.0596,0.163,0.1793,-0.1212,0.1515,-0.1426,10026.9195,11335.7732,False,0.1349,0.6326,17990.0,5370.735,0.0427,12.9874,1138000.0,0.8222,0.416,エンプラス,プライム（内国株式）,電気機器
6962,2026-10-05,883.0,0.0034,0.0437,0.1364,-0.0381,0.1086,-0.0594,802.9513,821.8238,False,0.0997,0.722,1223.0,519.1246,0.0405,2.6936,88300.0,0.6165,0.2825,大真空,プライム（内国株式）,電気機器
6963,2026-10-05,5370.0,0.0272,0.1111,0.1501,-0.0713,0.1223,-0.0926,4826.56,4934.5333,False,0.1126,0.8805,6099.0,1934.9397,0.0371,149.6588,537000.0,0.7738,0.4892,ローム,プライム（内国株式）,電気機器
6964,2026-10-05,703.0,0.013,0.0218,0.0101,0.0493,-0.0177,0.0279,692.88,685.1067,True,0.0146,0.9539,737.0,545.7101,0.0093,0.031,70300.0,1.0599,0.2891,サンコー,スタンダード（内国株式）,電気機器
6965,2026-10-05,2487.5,0.0412,0.0881,0.0768,-0.0396,0.049,-0.0609,2299.364,2425.7613,False,0.0818,0.8024,3100.0,1473.9257,0.0278,47.7335,248750.0,0.7361,0.408,浜松ホトニクス,プライム（内国株式）,電気機器
6966,2026-10-05,938.0,0.0376,0.0563,0.0196,-0.0793,-0.0082,-0.1006,907.28,953.5093,True,0.0339,0.6956,1348.459,556.0656,0.0374,31.2937,93800.0,0.9342,0.268,三井ハイテック,プライム（内国株式）,電気機器
6969,2026-10-05,1203.0,0.0212,0.197,0.2226,-0.0587,0.1948,-0.08,1023.48,1154.8267,False,0.1754,0.5078,2369.0,715.0,0.0356,0.3923,120300.0,0.7566,0.6043,松尾電機,スタンダード（内国株式）,電気機器
6971,2026-10-05,3855.0,0.051,0.049,0.0949,-0.0049,0.0671,-0.0262,3597.5176,3662.7459,True,0.0716,0.9592,4019.0,1915.5132,0.03,178.4467,385500.0,1.0409,0.2905,京セラ,プライム（内国株式）,電気機器
6976,2026-10-05,10490.0,0.0391,0.1594,0.1842,-0.4294,0.1564,-0.4507,9281.418,12112.3793,False,0.1302,0.4359,24065.0,3056.2908,0.0586,2664.5856,1049000.0,1.0679,0.3167,太陽誘電,プライム（内国株式）,電気機器
6977,2026-10-05,1895.0,0.0,0.0011,0.3317,0.1147,0.3039,0.0934,1566.08,1522.1741,True,0.21,0.8355,2268.0,819.1633,0.0312,0.8192,189500.0,4.3141,1.0821,日本抵抗器製作所,スタンダード（内国株式）,電気機器
6981,2026-10-05,8745.0,0.0328,0.0974,0.2637,-0.1468,0.2359,-0.1681,7585.9885,8453.2095,False,0.1528,0.6782,12895.0,2668.8226,0.0455,1619.0225,874500.0,0.8284,0.3691,村田製作所,プライム（内国株式）,電気機器
6982,2026-10-05,579.0,0.0035,0.0,0.0035,-0.0269,-0.0243,-0.0482,579.52,587.6267,False,-0.0009,0.8663,668.3406,526.6013,0.0125,0.0048,57900.0,1.1583,0.3743,リード,スタンダード（内国株式）,輸送用機器
6986,2026-10-05,712.0,0.0114,-0.0825,-0.0681,0.2234,-0.0959,0.202,761.32,659.16,True,-0.0648,0.8599,828.0,527.0,0.0517,4.0776,71200.0,1.4,0.3371,双葉電子工業,プライム（内国株式）,電気機器
6988,2026-10-05,3554.0,0.0137,0.0316,0.0248,0.1,-0.003,0.0787,3402.8806,3346.4935,True,0.0444,0.8821,4029.208,2882.5,0.0223,105.1662,355400.0,1.0886,0.2862,日東電工,プライム（内国株式）,化学
6989,2026-10-05,2296.0,-0.0137,-0.0375,-0.0501,-0.1785,-0.0779,-0.1999,2374.8229,2446.2076,False,-0.0332,0.7739,2966.7609,2042.9098,0.0235,0.2536,229600.0,0.6537,0.1824,北陸電気工業,スタンダード（内国株式）,電気機器
6993,2026-10-05,90.0,0.0,-0.0217,0.0588,0.0465,0.031,0.0252,88.28,89.4667,False,0.0195,0.4663,193.0,30.0,0.0373,1.6107,9000.0,0.4118,0.2383,大黒屋ホールディングス,スタンダード（内国株式）,小売業
6994,2026-10-05,1377.0,0.0125,0.1576,0.2016,0.1241,0.1738,0.1028,1208.2784,1178.8128,True,0.1396,0.8959,1537.0,486.5794,0.0351,1.4991,137700.0,0.6913,0.5194,指月電機製作所,スタンダード（内国株式）,電気機器
6995,2026-10-05,3045.0,0.01,-0.0209,-0.0287,-0.0146,-0.0565,-0.0359,3129.5735,3091.0978,True,-0.027,0.8839,3445.0,2481.7785,0.0193,4.2122,304500.0,1.0828,0.4334,東海理化電機製作所,プライム（内国株式）,輸送用機器
6996,2026-10-05,2728.0,0.0271,0.0656,0.0488,-0.3197,0.021,-0.341,2610.775,3147.765,False,0.0449,0.5494,4965.0,1200.6158,0.0363,22.3571,272800.0,0.6574,0.2293,ニチコン,プライム（内国株式）,電気機器
6997,2026-10-05,2465.0,0.0521,0.0,-0.1046,-0.509,-0.1324,-0.5303,2684.16,3479.5733,False,-0.0816,0.3982,6190.0,1129.2504,0.0618,29.7014,246500.0,1.1698,0.3704,日本ケミコン,プライム（内国株式）,電気機器
6998,2026-10-05,4270.0,0.0364,0.0702,0.2045,1.0911,0.1767,1.0698,3717.9571,2801.719,True,0.1485,0.9953,4290.0,1295.5182,0.0471,4.0067,427000.0,1.071,0.2935,日本タングステン,スタンダード（内国株式）,電気機器
6999,2026-10-05,2531.0,0.0586,0.1347,0.1505,-0.083,0.1227,-0.1043,2254.1121,2458.264,False,0.1228,0.7728,3275.0,1102.7867,0.0334,9.0105,253100.0,0.4368,0.4249,ＫＯＡ,プライム（内国株式）,電気機器
7003,2026-10-05,4126.0,-0.016,-0.016,0.0029,-0.1519,-0.0249,-0.1732,4279.1344,4376.1381,False,-0.0358,0.4923,8380.4496,3751.0,0.0357,78.2795,412600.0,0.6893,0.2886,三井Ｅ＆Ｓ,プライム（内国株式）,機械
7004,2026-10-05,1165.0,0.0087,-0.0085,0.0157,-0.1383,-0.0121,-0.1596,1167.96,1226.8533,False,-0.0025,0.769,1515.0,887.0435,0.0212,13.5129,116500.0,1.4089,0.2435,カナデビア,プライム（内国株式）,機械
7011,2026-10-05,3871.0,0.0152,-0.0003,0.0395,-0.0582,0.0117,-0.0795,3823.9522,3873.1174,True,0.0123,0.7454,5193.2077,3404.0,0.0283,597.9325,387100.0,0.9237,0.2015,三菱重工業,プライム（内国株式）,機械
7012,2026-10-05,2354.5,0.0019,-0.0107,-0.0305,-0.216,-0.0583,-0.2373,2419.4373,2685.0324,False,-0.0268,0.6292,3742.207,1828.7727,0.0283,236.1559,235450.0,0.6923,0.2228,川崎重工業,プライム（内国株式）,輸送用機器
7013,2026-10-05,2720.0,0.0046,-0.0157,0.0462,-0.1143,0.0184,-0.1356,2723.6507,2776.9636,True,-0.0013,0.5806,4684.5774,2245.0,0.0348,313.3358,272000.0,0.8086,0.3232,ＩＨＩ,プライム（内国株式）,機械
7014,2026-10-05,4680.0,-0.0219,-0.0158,0.0435,0.1196,0.0157,0.0983,4781.5461,4313.9154,True,-0.0212,0.7787,6009.7562,3051.3633,0.0454,70.3344,468000.0,0.7955,0.2505,名村造船所,スタンダード（内国株式）,輸送用機器
7018,2026-10-05,13020.0,-0.0254,-0.0151,0.0814,0.189,0.0536,0.1677,13160.0,11389.4667,True,-0.0106,0.6383,20397.3611,7219.5142,0.0505,3.7654,1302000.0,0.9669,0.1931,内海造船,スタンダード（内国株式）,輸送用機器
7021,2026-10-05,2400.0,-0.0103,-0.0342,0.0801,0.3194,0.0523,0.2981,2311.4667,2065.9422,True,0.0383,0.7433,3228.9598,1746.0,0.0316,0.0388,240000.0,1.3213,0.278,ニッチツ,スタンダード（内国株式）,機械
7022,2026-10-05,340.0,-0.0029,-0.0395,0.0625,0.2879,0.0347,0.2666,342.96,306.4133,True,-0.0086,0.6085,558.7795,233.0,0.0351,0.2525,34000.0,0.7433,0.3269,サノヤスホールディングス,スタンダード（内国株式）,機械
7030,2026-10-05,972.0,0.0031,0.0232,0.0,-0.0554,-0.0278,-0.0767,968.1145,1013.8115,False,0.004,0.6773,1435.2,942.1568,0.0143,0.2492,97200.0,2.3407,0.2442,スプリックス,スタンダード（内国株式）,サービス業
7031,2026-10-05,720.0,0.0345,0.0698,0.0588,0.0588,0.031,0.0375,691.16,686.5733,True,0.0417,0.7725,932.0,552.0,0.0364,0.0096,72000.0,0.8524,0.3853,インバウンドテック,グロース（内国株式）,サービス業
7033,2026-10-05,1564.0,0.0229,0.0039,0.0013,0.1517,-0.0265,0.1304,1584.48,1480.3867,True,-0.0129,0.8968,1744.0,1209.0,0.023,1.2118,156400.0,1.1009,0.3306,マネジメントソリューションズ,プライム（内国株式）,サービス業
7034,2026-10-05,298.0,-0.023,-0.0658,-0.1387,-0.1337,-0.1665,-0.155,328.48,350.8,False,-0.0928,0.4508,661.0,297.0,0.0309,0.0928,29800.0,0.7951,0.2713,プロレド・パートナーズ,プライム（内国株式）,サービス業
7035,2026-10-05,219.0,-0.0135,0.0,-0.0641,-0.0988,-0.0919,-0.1201,228.4,242.3867,False,-0.0412,0.646,339.0,201.0,0.0705,0.5792,21900.0,2.4712,0.4731,ａｎｄ　ｆａｃｔｏｒｙ,スタンダード（内国株式）,サービス業
7036,2026-10-05,650.0,0.0,-0.0196,-0.0356,0.0236,-0.0634,0.0023,665.6,646.16,False,-0.0234,0.5118,1270.0,585.0,0.0071,0.0105,65000.0,1.0488,0.4738,イーエムネットジャパン,グロース（内国株式）,サービス業
7037,2026-10-05,800.0,0.0025,0.0101,-0.0123,-0.051,-0.0401,-0.0723,802.92,836.4933,False,-0.0036,0.6167,1297.2434,786.0,0.0101,0.085,80000.0,1.008,0.2478,テノ．ホールディングス,スタンダード（内国株式）,サービス業
7038,2026-10-05,570.0,-0.0018,-0.0256,-0.029,0.0307,-0.0568,0.0094,582.08,573.52,True,-0.0208,0.7692,741.0,526.0,0.0177,0.1073,57000.0,1.2463,0.2681,フロンティア・マネジメント,プライム（内国株式）,サービス業
7039,2026-10-05,1358.0,0.0149,0.0134,-0.0109,-0.2128,-0.0387,-0.2341,1360.8,1550.9216,False,-0.0021,0.6693,2028.8843,1307.0,0.0132,0.1704,135800.0,0.783,0.3625,ブリッジインターナショナルグループ,グロース（内国株式）,サービス業
7040,2026-10-05,963.0,0.0073,0.0042,-0.0113,0.0073,-0.0391,-0.014,968.3691,970.123,False,-0.0055,0.7545,1276.3031,912.0,0.0067,0.0093,96300.0,0.8828,0.3548,サン・ライフホールディング,スタンダード（内国株式）,サービス業
7041,2026-10-05,318.0,-0.0185,-0.0305,-0.1067,-0.124,-0.1345,-0.1453,343.225,334.3683,True,-0.0735,0.8133,391.0,240.0,0.0341,0.0316,31800.0,1.5697,0.3322,ＣＲＧホールディングス,グロース（内国株式）,サービス業
7042,2026-10-05,667.0,-0.0162,-0.0074,-0.0512,0.0277,-0.079,0.0064,682.24,665.48,True,-0.0223,0.7197,926.7626,536.5467,0.0326,0.0238,66700.0,0.7253,0.2487,アクセスグループ・ホールディングス,スタンダード（内国株式）,サービス業
7043,2026-10-05,945.0,0.0011,0.0139,-0.0011,0.0118,-0.0289,-0.0095,940.8,920.6533,True,0.0045,0.7685,1229.6754,777.0,0.0125,0.0162,94500.0,0.5359,0.1867,アルー,グロース（内国株式）,サービス業
7044,2026-10-05,600.0,-0.0228,0.1472,0.1811,0.2632,0.1533,0.2418,530.8,512.2,True,0.1304,0.8996,667.0,462.0,0.0305,0.1288,60000.0,2.5717,0.5906,ピアラ,スタンダード（内国株式）,サービス業
7046,2026-10-05,1308.0,-0.0091,-0.0158,-0.0061,-0.0311,-0.0339,-0.0524,1335.84,1316.3333,True,-0.0208,0.7488,1746.8165,1200.0,0.0233,0.0347,130800.0,1.7264,0.3254,ＴＤＳＥ,グロース（内国株式）,サービス業
7047,2026-10-05,2148.0,0.0132,-0.0106,0.0033,-0.1493,-0.0245,-0.1706,2166.84,2304.0933,False,-0.0087,0.7757,2769.0,1750.7693,0.0264,2.4626,214800.0,0.4759,0.1937,ポート,グロース（内国株式）,サービス業
7048,2026-10-05,141.0,-0.014,-0.0537,-0.0784,-0.1657,-0.1062,-0.187,153.56,158.4133,True,-0.0818,0.5261,268.0,115.0,0.0334,0.2466,14100.0,0.7768,0.4242,ベルトラ,グロース（内国株式）,サービス業
7049,2026-10-05,752.0,-0.0118,-0.0297,-0.06,-0.1541,-0.0878,-0.1754,787.12,833.3867,False,-0.0446,0.7394,1017.0,744.0,0.009,0.1226,75200.0,0.9033,0.4863,識学,グロース（内国株式）,サービス業
7050,2026-10-05,1444.0,-0.0103,-0.0373,0.0028,0.0374,-0.025,0.016,1460.08,1387.9067,True,-0.011,0.8717,1656.5752,1047.3706,0.0279,0.2481,144400.0,1.1418,0.3177,フロンティアインターナショナル,グロース（内国株式）,サービス業
7057,2026-10-05,910.0,0.0066,-0.0247,-0.0194,0.0044,-0.0472,-0.0169,919.96,917.0667,True,-0.0108,0.7903,1151.428,856.0,0.0095,0.0534,91000.0,3.3333,0.4628,エヌ・シー・エヌ,スタンダード（内国株式）,サービス業
7058,2026-10-05,2998.0,-0.017,-0.0154,0.0091,-0.0102,-0.0187,-0.0315,3016.12,2991.8735,True,-0.006,0.9433,3178.1538,2559.8586,0.0169,0.0367,299800.0,0.5332,0.2425,共栄セキュリティーサービス,スタンダード（内国株式）,サービス業
7059,2026-10-05,935.0,-0.0189,-0.0158,0.0286,0.1702,0.0008,0.1489,935.8746,855.4649,True,-0.0009,0.8018,1166.1016,716.0,0.0247,1.0933,93500.0,1.0181,0.2681,コプロ・ホールディングス,プライム（内国株式）,サービス業
7060,2026-10-05,601.0,0.0084,0.0256,-0.0083,-0.0033,-0.036,-0.0246,592.389,594.663,True,0.0145,0.9319,644.9257,471.1433,0.0204,0.0921,60100.0,1.5857,0.2665,ギークス,スタンダード（内国株式）,サービス業
7061,2026-10-05,470.0,-0.0105,-0.0408,-0.0105,-0.2034,-0.0383,-0.2247,485.92,527.24,False,-0.0328,0.3048,1541.8405,465.0,0.0263,0.4256,47000.0,0.5286,0.2671,日本ホスピスホールディングス,グロース（内国株式）,サービス業
7062,2026-10-05,693.0,0.0014,-0.0043,0.0043,-0.1138,-0.0234,-0.1351,688.52,737.0,False,0.0065,0.7541,919.0,670.0,0.0086,0.0143,69300.0,0.4913,0.388,フレアス,グロース（内国株式）,サービス業
7063,2026-10-05,56.0,0.0182,-0.082,-0.3253,-0.4286,-0.3531,-0.4499,72.76,83.4667,False,-0.2303,0.2036,275.0,54.0,0.1059,0.5809,5600.0,1.4345,0.4217,Ｂｉｒｄｍａｎ,グロース（内国株式）,サービス業
7064,2026-10-05,1014.0,0.014,0.013,0.053,0.1874,0.0252,0.166,991.56,904.1867,True,0.0226,0.676,1500.0,752.0,0.0372,0.0708,101400.0,0.4665,0.2439,ハウテレビジョン,スタンダード（内国株式）,サービス業
7065,2026-10-05,949.0,-0.0042,0.0096,-0.0375,-0.035,-0.0653,-0.0563,962.44,965.3131,True,-0.014,0.8308,1142.2928,666.498,0.0174,0.0839,94900.0,0.3787,0.297,ユーピーアール,スタンダード（内国株式）,サービス業
7066,2026-10-05,430.0,-0.0092,-0.0249,0.007,-0.0205,-0.0208,-0.0418,446.8874,434.4025,True,-0.0378,0.515,835.0,363.0,0.0215,0.1084,43000.0,0.572,0.3577,ピアズ,グロース（内国株式）,サービス業
7067,2026-10-05,1090.0,0.0,0.0093,0.0481,0.1414,0.0203,0.12,1057.0,1020.1867,True,0.0312,0.7244,1504.7848,904.0,0.0106,0.0043,109000.0,0.1843,0.3565,ブランディングテクノロジー,グロース（内国株式）,サービス業
7068,2026-10-05,562.0,0.0036,-0.0817,-0.0772,0.0369,-0.105,0.0156,599.0,561.7067,True,-0.0618,0.7083,793.4356,447.0,0.0308,0.3947,56200.0,1.7361,0.486,フィードフォースグループ,グロース（内国株式）,サービス業
7069,2026-10-05,481.0,0.0234,-0.0322,-0.0959,-0.3148,-0.1237,-0.3361,512.48,598.7067,False,-0.0614,0.6096,789.0,350.0,0.0339,0.0901,48100.0,0.6025,0.2825,サイバー・バズ,グロース（内国株式）,サービス業
7071,2026-10-05,379.0,-0.0079,-0.0332,-0.0733,0.008,-0.1011,-0.0133,396.202,380.5473,True,-0.0434,0.5623,674.0,319.0,0.035,1.0938,37900.0,1.146,0.3092,アンビスホールディングス,プライム（内国株式）,サービス業
7072,2026-10-05,1141.0,0.0536,0.0178,0.0233,0.1456,-0.0045,0.1243,1107.2,1070.5867,True,0.0305,0.6603,1728.0,823.0,0.0235,0.0469,114100.0,0.8048,0.2651,インティメート・マージャー,グロース（内国株式）,サービス業
7073,2026-10-05,2390.0,0.0,0.0123,0.0205,-0.0572,-0.0073,-0.0785,2343.2,2339.9467,True,0.02,0.8552,2794.7285,1915.0,0.0157,0.0303,239000.0,0.9785,0.3779,ジェイック,グロース（内国株式）,サービス業
7074,2026-10-05,187.0,0.0,-0.026,-0.026,0.1131,-0.0538,0.0918,188.44,183.5333,True,-0.0076,0.5937,315.0,163.0,0.0264,0.0101,18700.0,0.6572,0.2638,トゥエンティーフォーセブンホールディングス,グロース（内国株式）,サービス業
7075,2026-10-05,1002.0,0.002,0.0437,0.074,0.2509,0.0462,0.2296,983.56,873.68,True,0.0187,0.8954,1119.0,713.0754,0.0417,0.2471,100200.0,1.3675,0.2465,ＱＬＳホールディングス,グロース（内国株式）,サービス業
7077,2026-10-05,1000.0,0.004,0.0081,0.0132,-0.0244,-0.0146,-0.0457,990.28,999.6667,True,0.0098,0.9009,1110.0,939.0,0.0091,0.0115,100000.0,0.6375,0.2297,ＡＬｉＮＫインターネット,グロース（内国株式）,サービス業
7078,2026-10-05,347.0,0.0206,-0.017,-0.0057,-0.017,-0.0335,-0.0383,346.4,346.9867,False,0.0017,0.6871,505.0,330.0,0.0214,0.0386,34700.0,0.5203,0.2558,ＩＮＣＬＵＳＩＶＥ　Ｈｏｌｄｉｎｇｓ,グロース（内国株式）,サービス業
7079,2026-10-05,2592.0,-0.0114,-0.0046,0.0133,0.0078,-0.0145,-0.0135,2575.56,2580.32,True,0.0064,0.9518,2723.2271,2460.0623,0.01,0.0338,259200.0,0.7358,0.2552,ＷＤＢココ,グロース（内国株式）,サービス業
7080,2026-10-05,898.0,0.0022,0.0067,0.0216,0.0938,-0.0062,0.0725,884.56,839.1067,True,0.0152,0.9267,969.0,731.5776,0.0166,0.1277,89800.0,0.785,0.1876,スポーツフィールド,グロース（内国株式）,サービス業
7081,2026-10-05,1290.0,0.0,0.0039,-0.0092,-0.0344,-0.037,-0.0557,1290.88,1307.6277,False,-0.0007,0.893,1444.579,1105.0786,0.0095,0.0423,129000.0,1.104,0.2035,コーユーレンティア,スタンダード（内国株式）,サービス業
7083,2026-10-05,1350.0,0.0227,0.1316,0.2273,0.3433,0.1995,0.322,1158.84,1069.72,True,0.165,1.0,1350.0,700.0,0.0243,0.0507,135000.0,1.2715,0.6787,ＡＨＣグループ,グロース（内国株式）,サービス業
7084,2026-10-05,2823.0,-0.0018,0.0189,-0.0469,0.0166,-0.0747,-0.0048,2847.58,2790.9267,True,-0.0086,0.7969,3542.4579,1856.0,0.033,0.1913,282300.0,1.6613,0.1988,Ｓｍｉｌｅ　Ｈｏｌｄｉｎｇｓ,グロース（内国株式）,サービス業
7085,2026-10-05,903.0,0.0089,0.0112,-0.0342,-0.003,-0.062,-0.0243,903.36,912.0678,True,-0.0004,0.9204,981.125,692.141,0.0177,2.704,90300.0,0.5449,0.2438,カーブスホールディングス,プライム（内国株式）,サービス業
7087,2026-10-05,1354.0,-0.0007,-0.0062,-0.0424,0.0045,-0.0702,-0.0169,1405.864,1368.688,True,-0.0369,0.9155,1478.9932,1179.2638,0.0132,0.1021,135400.0,2.2923,0.4436,ウイルテック,スタンダード（内国株式）,サービス業
7089,2026-10-05,1542.0,0.0967,0.1054,0.0419,-0.0052,0.0141,-0.0265,1434.56,1528.3467,False,0.0749,0.8801,1752.0,857.0,0.0338,0.3923,154200.0,1.08,0.5608,フォースタートアップス,グロース（内国株式）,サービス業
7090,2026-10-05,903.0,-0.0099,-0.0525,-0.0444,0.1773,-0.0722,0.156,943.84,856.96,True,-0.0433,0.5296,1705.0,703.0,0.021,0.0171,90300.0,1.6026,0.6,リグア,グロース（内国株式）,サービス業
7091,2026-10-05,1187.0,-0.005,-0.1175,-0.0791,-0.0334,-0.1069,-0.0547,1264.92,1235.6133,True,-0.0616,0.8728,1360.0,923.1083,0.0258,0.3321,118700.0,2.3957,0.5659,リビングプラットフォーム,グロース（内国株式）,サービス業
7093,2026-10-05,632.0,0.0276,0.0586,0.0446,0.264,0.0168,0.2427,597.8,548.64,True,0.0572,0.6907,915.0,464.0,0.0286,0.0298,63200.0,1.4509,0.3099,アディッシュ,グロース（内国株式）,サービス業
7094,2026-10-05,1815.0,0.0134,-0.0109,-0.0049,0.2526,-0.0327,0.2313,1849.0007,1607.6269,True,-0.0184,0.7699,2357.5797,1244.0,0.0259,0.8002,181500.0,0.5885,0.2615,ＮｅｘＴｏｎｅ,グロース（内国株式）,サービス業
7095,2026-10-05,1103.0,-0.0161,-0.0342,-0.1105,-0.0099,-0.1383,-0.0312,1194.96,1172.96,True,-0.077,0.4912,2245.6575,976.0,0.027,0.7742,110300.0,0.86,0.2753,Ｍａｃｂｅｅ　Ｐｌａｎｅｔ,プライム（内国株式）,サービス業
7096,2026-10-05,748.0,0.0081,0.0261,-0.0145,0.0027,-0.0423,-0.0186,748.64,739.0933,True,-0.0009,0.7664,976.0,627.0,0.0177,0.0318,74800.0,1.3699,0.3859,ステムセル研究所,グロース（内国株式）,サービス業
7097,2026-10-05,2796.0,0.0105,0.0068,0.0156,-0.0667,-0.0122,-0.088,2755.64,2838.0025,False,0.0146,0.8423,3319.3712,2368.1486,0.0126,0.1586,279600.0,1.0301,0.3202,さくらさくプラス,グロース（内国株式）,サービス業
7102,2026-10-05,3515.0,-0.0042,-0.0448,-0.0154,0.0587,-0.0432,0.0374,3610.8216,3511.6072,True,-0.0265,0.7999,4394.3985,2635.6459,0.0214,1.158,351500.0,0.865,0.292,日本車輌製造,プライム（内国株式）,輸送用機器
7110,2026-10-05,1805.0,-0.0424,-0.0485,-0.1042,-0.0873,-0.132,-0.1086,1966.0,1980.3199,False,-0.0819,0.757,2384.5239,1801.0,0.0243,0.1538,180500.0,1.4404,0.3106,クラシコム,グロース（内国株式）,小売業
7111,2026-10-05,585.0,-0.0068,0.0503,0.0976,0.2942,0.0698,0.2729,535.8,491.8,True,0.0918,0.6964,840.0,404.0,0.0241,0.0533,58500.0,1.4096,0.5401,ＩＮＥＳＴ,スタンダード（内国株式）,卸売業
7112,2026-10-05,562.0,-0.0035,-0.014,-0.1948,-0.2017,-0.2226,-0.223,647.8,684.92,False,-0.1324,0.5671,991.0,550.0,0.0292,0.0685,56200.0,3.9545,0.773,キューブ,グロース（内国株式）,小売業
7114,2026-10-05,802.0,-0.0123,-0.0718,0.0322,0.1123,0.0044,0.091,795.28,766.2267,True,0.0084,0.8036,998.0,680.0,0.0229,0.0218,80200.0,1.2522,0.4685,フーディソン,グロース（内国株式）,卸売業
7115,2026-10-05,1410.0,-0.0119,-0.0454,-0.0389,-0.1915,-0.0667,-0.2128,1471.64,1538.0,False,-0.0419,0.4103,3436.8024,1380.0,0.0169,0.0859,141000.0,0.6894,0.4835,アルファパーチェス,スタンダード（内国株式）,卸売業
7119,2026-10-05,1833.0,-0.0327,-0.1024,-0.0097,0.0846,-0.0375,0.0633,1981.0711,1782.3837,True,-0.0747,0.7963,2302.0,1215.5831,0.0446,0.6955,183300.0,2.7273,0.5755,ハルメクホールディングス,グロース（内国株式）,小売業
7120,2026-10-05,990.0,0.0051,-0.004,-0.005,-0.0571,-0.0328,-0.0785,998.52,1022.7333,False,-0.0085,0.8824,1122.0,745.423,0.0126,0.1567,99000.0,1.2626,0.256,ＳＨＩＮＫＯ,スタンダード（内国株式）,卸売業
7122,2026-10-05,2380.0,-0.019,-0.0364,-0.0153,-0.0034,-0.0431,-0.0247,2414.48,2385.2,True,-0.0143,0.9482,2510.0,2075.0,0.0178,0.0781,238000.0,1.4007,0.2672,近畿車輛,スタンダード（内国株式）,輸送用機器
7126,2026-10-05,1450.0,-0.0055,0.0,0.0097,-0.0189,-0.018,-0.0403,1442.28,1448.8385,False,0.0054,0.9555,1517.4888,1265.0557,0.0126,0.0319,145000.0,0.2829,0.1263,グローバルスタイル,スタンダード（内国株式）,小売業
7127,2026-10-05,688.0,-0.0015,-0.0444,-0.0282,-0.0255,-0.056,-0.0468,705.32,701.3867,True,-0.0246,0.9503,724.0,650.0,0.0099,0.0715,68800.0,1.8394,0.5011,一家ホールディングス,スタンダード（内国株式）,小売業
7128,2026-10-05,2919.0,-0.001,0.0083,0.0732,0.3166,0.0454,0.2953,2830.76,2647.4938,True,0.0312,0.9586,3045.0,1966.9672,0.0175,2.269,291900.0,0.6286,0.235,ユニソルホールディングス,プライム（内国株式）,卸売業
7129,2026-10-05,1122.0,-0.0062,-0.026,-0.041,-0.0286,-0.0688,-0.0499,1165.0004,1152.8268,True,-0.0369,0.9358,1199.0,1070.3675,0.0146,0.0325,112200.0,1.9841,0.3961,ミアヘルサホールディングス,スタンダード（内国株式）,小売業
7130,2026-10-05,2645.0,0.0038,-0.0627,-0.0876,-0.1198,-0.1154,-0.1411,2799.84,2875.9867,False,-0.0553,0.837,3160.0,2251.9209,0.0178,2.1208,264500.0,1.1911,0.4964,ヤマエグループホールディングス,プライム（内国株式）,卸売業
7131,2026-10-05,3760.0,0.0027,0.0,0.0231,0.0,-0.0047,-0.0213,3743.8,3632.6667,True,0.0043,0.8449,4450.0,2562.0,0.0265,0.1996,376000.0,1.3849,0.2007,のむら産業,スタンダード（内国株式）,卸売業
7133,2026-10-05,2104.0,0.0,0.2821,0.621,0.8537,0.5932,0.8324,1484.08,1285.4933,True,0.4177,0.9995,2105.0,836.0,0.0319,1.1404,210400.0,5.1459,1.1739,ＨＹＵＧＡ　ＰＲＩＭＡＲＹ　ＣＡＲＥ,グロース（内国株式）,小売業
7134,2026-10-05,1427.0,0.0085,-0.0097,0.0393,0.1219,0.0115,0.1005,1409.92,1361.72,True,0.0121,0.9413,1516.0,956.8807,0.026,0.1315,142700.0,0.639,0.1965,アップガレージグループ,スタンダード（内国株式）,小売業
7135,2026-10-05,170.0,0.0,-0.0058,-0.0556,-0.2237,-0.0834,-0.2451,176.92,199.5732,False,-0.0391,0.718,236.7568,170.0,0.0126,0.0534,17000.0,1.2451,0.4667,ジャパンクラフトホールディングス,スタンダード（内国株式）,小売業
7138,2026-10-05,144.0,-0.027,-0.027,-0.0769,0.0588,-0.1047,0.0375,152.48,140.96,True,-0.0556,0.254,567.0,119.0,0.0828,1.2515,14400.0,0.5469,0.3353,ＴＯＲＩＣＯ,グロース（内国株式）,小売業
7140,2026-10-05,795.0,-0.0038,-0.01,-0.005,-0.0173,-0.0328,-0.0386,800.08,809.9733,False,-0.0063,0.8112,980.0,735.0,0.0063,0.0086,79500.0,0.5419,0.38,ペットゴー,グロース（内国株式）,小売業
7148,2026-10-05,1590.0,-0.0093,-0.0425,-0.0575,0.014,-0.0853,-0.0073,1679.5526,1618.2775,True,-0.0533,0.6696,2374.3942,1467.0,0.0226,10.537,159000.0,1.4235,0.465,ＦＰＧ,プライム（内国株式）,証券、商品先物取引業
7150,2026-10-05,507.0,0.002,-0.0155,-0.0434,0.0389,-0.0712,0.0176,520.6838,499.5879,True,-0.0263,0.711,713.0902,459.0,0.0259,0.0933,50700.0,0.5193,0.2058,島根銀行,スタンダード（内国株式）,銀行業
7157,2026-10-05,1496.0,0.024,0.0425,0.0484,-0.1205,0.0206,-0.1418,1438.92,1559.9333,False,0.0397,0.6326,2365.0,1362.0,0.0244,4.059,149600.0,1.1268,0.2471,ライフネット生命保険,プライム（内国株式）,保険業
7161,2026-10-05,658.0,-0.0252,-0.038,0.1325,0.2953,0.1047,0.274,625.48,554.4933,True,0.052,0.9294,708.0,361.2831,0.0432,1.1743,65800.0,1.6788,0.3025,じもとホールディングス,スタンダード（内国株式）,銀行業
7162,2026-10-05,292.0,-0.0034,0.0069,-0.0519,0.0775,-0.0797,0.0562,290.12,272.8267,False,0.0065,0.5626,519.0,191.0526,0.0274,0.1517,29200.0,0.2455,0.3125,アストマックス,スタンダード（内国株式）,電気・ガス業
7164,2026-10-05,3003.0,0.0043,-0.0259,-0.0633,-0.039,-0.0911,-0.0604,3134.9504,3092.9968,True,-0.0421,0.9019,3329.7106,2780.0,0.0132,9.5337,300300.0,0.9891,0.5247,全国保証,プライム（内国株式）,その他金融業
7167,2026-10-05,1680.5,0.0123,-0.0187,0.0042,0.0987,-0.0236,0.0774,1686.6388,1576.6863,True,-0.0036,0.9708,1731.0,860.6614,0.0284,50.4076,168050.0,1.1312,0.2319,めぶきフィナンシャルグループ,プライム（内国株式）,銀行業
7172,2026-10-05,2119.0,0.0052,-0.019,0.0115,0.0153,-0.0163,-0.006,2116.04,2082.3454,True,0.0014,0.8717,2430.7608,1686.232,0.0141,2.8804,211900.0,0.6445,0.2652,ジャパンインベストメントアドバイザー,プライム（内国株式）,証券、商品先物取引業
7173,2026-10-05,1680.0,-0.0024,-0.0471,-0.003,-0.0562,-0.0308,-0.0775,1703.0626,1712.2009,True,-0.0135,0.875,1920.0,857.2239,0.027,20.1228,168000.0,1.0298,0.2556,東京きらぼしフィナンシャルグループ,プライム（内国株式）,銀行業
7175,2026-10-05,1943.0,-0.0172,-0.0813,0.0226,0.3702,-0.0052,0.3489,2011.4696,1718.9165,True,-0.034,0.8752,2220.0,1024.3921,0.0432,0.313,194300.0,1.3915,0.3573,今村証券,スタンダード（内国株式）,証券、商品先物取引業
7177,2026-10-05,1149.0,-0.0009,-0.0413,-0.0137,0.1188,-0.0415,0.0975,1172.2175,1090.9585,True,-0.0198,0.9244,1243.0,829.6733,0.0213,2.5076,114900.0,1.0054,0.3,ＧＭＯフィナンシャルホールディングス,スタンダード（内国株式）,証券、商品先物取引業
7180,2026-10-05,1722.5,0.0156,0.0,0.0793,0.134,0.0515,0.1127,1637.6206,1551.5669,True,0.0518,0.9732,1770.0,804.1911,0.032,23.9356,172250.0,1.3754,0.3023,九州フィナンシャルグループ,プライム（内国株式）,銀行業
7181,2026-10-05,1701.0,0.0035,-0.0602,0.0015,0.0281,-0.0263,0.0068,1743.2524,1677.3575,True,-0.0242,0.9275,1834.0,1276.0347,0.0251,40.6585,170100.0,1.0548,0.3649,かんぽ生命保険,プライム（内国株式）,保険業
7182,2026-10-05,3397.0,0.0006,-0.0096,0.003,0.0414,-0.0248,0.0201,3339.8,3257.2267,True,0.0171,0.9656,3518.0,1612.48,0.0276,205.1984,339700.0,1.0858,0.3468,ゆうちょ銀行,プライム（内国株式）,銀行業
7183,2026-10-05,254.0,-0.0039,0.0,0.0,0.004,-0.0278,-0.0174,254.2,254.32,False,-0.0008,0.9883,257.0,142.0,0.0028,0.0861,25400.0,0.7082,0.14,あんしん保証,スタンダード（内国株式）,その他金融業
7184,2026-10-05,3710.0,0.0192,-0.002,0.1242,0.3792,0.0964,0.3579,3475.4438,3063.4279,True,0.0675,0.9867,3760.0,1217.1581,0.0396,6.8915,371000.0,1.087,0.2481,富山第一銀行,プライム（内国株式）,銀行業
7185,2026-10-05,3595.0,-0.0014,-0.0782,-0.0794,-0.0746,-0.1072,-0.096,3860.4,3863.7333,True,-0.0687,0.8849,4062.4216,3379.5784,0.0129,0.4826,359500.0,2.8016,0.7646,ヒロセ通商,スタンダード（内国株式）,証券、商品先物取引業
7186,2026-10-05,1893.5,0.004,-0.0003,-0.0156,0.0093,-0.0434,-0.012,1906.5626,1867.7209,True,-0.0069,0.9489,1995.5,1039.6625,0.0281,82.0604,189350.0,1.2255,0.2238,横浜フィナンシャルグループ,プライム（内国株式）,銀行業
7187,2026-10-05,1314.0,0.0077,0.0008,-0.0179,-0.036,-0.0457,-0.0573,1335.5937,1344.8646,True,-0.0162,0.8062,1629.8216,1195.0,0.0141,0.7486,131400.0,1.1502,0.2979,ジェイリース,プライム（内国株式）,その他金融業
7189,2026-10-05,4941.0,0.0142,-0.0146,-0.0012,0.1443,-0.029,0.123,4918.54,4560.7533,True,0.0046,0.9654,5118.0,2275.5932,0.0292,23.8273,494100.0,1.1791,0.2265,西日本フィナンシャルホールディングス,プライム（内国株式）,銀行業
7191,2026-10-05,1140.0,-0.0087,-0.0327,-0.024,0.0392,-0.0518,0.0179,1170.647,1132.0423,True,-0.0262,0.9329,1222.0,991.5956,0.0185,0.2533,114000.0,0.8791,0.3891,イントラスト,スタンダード（内国株式）,その他金融業
7192,2026-10-05,677.0,-0.0015,-0.0597,0.078,0.1553,0.0502,0.134,684.12,624.08,True,-0.0104,0.9287,729.0,414.1524,0.0232,0.6208,67700.0,1.2075,0.3945,日本モーゲージサービス,スタンダード（内国株式）,その他金融業
7196,2026-10-05,741.0,-0.0067,-0.0172,-0.0094,-0.0573,-0.0372,-0.0786,746.36,760.16,False,-0.0072,0.9321,795.0,691.8233,0.0096,0.0681,74100.0,0.4164,0.21,Ｃａｓａ,スタンダード（内国株式）,その他金融業
7198,2026-10-05,778.0,-0.0102,-0.057,-0.0604,-0.0323,-0.0882,-0.0537,826.5676,814.5225,True,-0.0588,0.8384,927.9582,767.0,0.012,0.9108,77800.0,1.0304,0.7076,ＳＢＩアルヒ,プライム（内国株式）,その他金融業
7199,2026-10-05,2086.0,0.0136,0.0043,0.0171,-0.0352,-0.0107,-0.0565,2090.1909,2080.0903,True,-0.002,0.921,2265.0,1604.0507,0.0223,4.1276,208600.0,1.0935,0.2733,プレミアグループ,プライム（内国株式）,その他金融業
7201,2026-10-05,279.8,-0.0043,-0.0732,-0.119,-0.1232,-0.1468,-0.1445,308.712,319.6173,False,-0.0937,0.6004,466.0,279.4,0.0242,121.677,27979.9988,1.2806,0.5553,日産自動車,プライム（内国株式）,輸送用機器
7202,2026-10-05,2049.5,0.0141,-0.0376,-0.0745,-0.1426,-0.1023,-0.164,2175.6272,2246.9624,False,-0.058,0.7139,2871.0251,1786.4265,0.0198,58.9783,204950.0,1.098,0.5558,いすゞ自動車,プライム（内国株式）,輸送用機器
7203,2026-10-05,2893.5,0.013,-0.0146,-0.0764,-0.0101,-0.1042,-0.0314,3015.0497,2947.9966,True,-0.0403,0.7341,3941.3143,2686.0,0.0186,761.5827,289350.0,1.0173,0.3684,トヨタ自動車,プライム（内国株式）,輸送用機器
7208,2026-10-05,1269.0,-0.0201,0.0055,-0.0379,0.0462,-0.0657,0.0248,1297.2632,1278.0211,True,-0.0218,0.929,1366.0,933.6791,0.0153,0.0229,126900.0,0.6649,0.2784,カネミツ,スタンダード（内国株式）,輸送用機器
7211,2026-10-05,343.6,0.0187,-0.0663,-0.0818,0.0012,-0.1096,-0.0202,365.4297,353.8286,True,-0.0597,0.7616,451.1519,300.7,0.0264,33.1266,34360.0006,0.7419,0.5078,三菱自動車工業,プライム（内国株式）,輸送用機器
7212,2026-10-05,729.0,0.0139,0.0069,-0.0228,0.0721,-0.0506,0.0507,736.6729,701.6376,True,-0.0104,0.8595,848.1337,605.0,0.0177,0.2033,72900.0,0.954,0.2173,エフテック,スタンダード（内国株式）,輸送用機器
7213,2026-10-05,636.0,-0.0093,-0.0245,-0.0688,0.0258,-0.0966,0.0045,666.88,636.04,True,-0.0463,0.9177,693.0,412.3,0.0203,0.151,63600.0,1.1038,0.3403,レシップホールディングス,スタンダード（内国株式）,輸送用機器
7214,2026-10-05,1145.0,0.0026,0.0088,0.0297,0.0915,0.0019,0.0702,1118.4987,1065.8862,True,0.0237,0.9662,1185.0,805.9783,0.0194,0.0771,114500.0,1.1376,0.2615,ＧＭＢ,スタンダード（内国株式）,輸送用機器
7215,2026-10-05,415.0,0.0024,-0.0095,-0.0189,-0.0119,-0.0467,-0.0332,424.52,424.72,False,-0.0224,0.9022,460.0,337.0,0.0124,0.012,41500.0,0.8882,0.2917,ファルテック,スタンダード（内国株式）,輸送用機器
7217,2026-10-05,453.0,-0.0044,-0.0044,-0.0152,0.076,-0.043,0.0547,449.6,437.5467,True,0.0076,0.97,467.0,345.3886,0.0196,0.0238,45300.0,1.0883,0.4065,テイン,スタンダード（内国株式）,輸送用機器
7218,2026-10-05,1137.0,-0.0198,-0.0113,-0.0173,0.1427,-0.0451,0.1214,1137.9369,1074.099,True,-0.0008,0.8913,1275.7102,925.0,0.0297,0.0329,113700.0,0.61,0.278,田中精密工業,スタンダード（内国株式）,輸送用機器
7219,2026-10-05,2435.0,-0.0106,-0.0122,-0.0375,0.0853,-0.0653,0.0639,2480.52,2442.1675,True,-0.0184,0.9087,2679.7477,2068.0978,0.0115,0.0334,243500.0,0.8543,0.2992,エッチ・ケー・エス,スタンダード（内国株式）,輸送用機器
7220,2026-10-05,3170.0,0.0079,0.0393,0.0901,-0.1777,0.0623,-0.199,2929.8218,3395.7406,False,0.082,0.3005,10550.0,2198.7627,0.0421,29.3047,317000.0,0.9971,0.3715,武蔵精密工業,プライム（内国株式）,輸送用機器
7222,2026-10-05,901.0,-0.0033,-0.0322,-0.0228,-0.0575,-0.0506,-0.0789,923.4,941.76,False,-0.0243,0.704,1279.7409,887.0,0.0185,0.9735,90100.0,1.2779,0.2644,日産車体,スタンダード（内国株式）,輸送用機器
7224,2026-10-05,1869.0,0.0021,-0.0336,-0.0331,-0.1079,-0.0609,-0.1292,1932.5535,1988.4778,False,-0.0329,0.6851,2728.0,1715.7489,0.0171,2.8988,186900.0,0.9768,0.3747,新明和工業,プライム（内国株式）,輸送用機器
7226,2026-10-05,2137.0,0.0009,-0.046,-0.0725,-0.0494,-0.1003,-0.0707,2271.2908,2271.3503,True,-0.0591,0.6161,3468.3907,2041.0,0.016,5.5569,213700.0,1.2906,0.6043,極東開発工業,プライム（内国株式）,輸送用機器
7228,2026-10-05,3995.0,-0.0037,-0.0087,-0.0111,0.0472,-0.0389,0.0259,4016.8,3902.8,True,-0.0054,0.9544,4185.6666,3550.0,0.0076,0.0677,399500.0,1.0566,0.3129,デイトナ,スタンダード（内国株式）,輸送用機器
7231,2026-10-05,2999.0,-0.0053,-0.0341,-0.0263,0.0571,-0.0541,0.0358,3081.5969,2942.319,True,-0.0268,0.8324,3602.6366,2615.0,0.0194,1.6011,299900.0,0.9071,0.354,トピー工業,プライム（内国株式）,輸送用機器
7235,2026-10-05,1523.0,-0.0046,-0.0168,-0.0231,-0.0013,-0.0509,-0.0226,1555.0639,1533.2613,True,-0.0206,0.8492,1793.3849,1180.3202,0.0174,0.3202,152300.0,0.6055,0.4178,東京ラヂエーター製造,スタンダード（内国株式）,輸送用機器
7236,2026-10-05,1490.0,0.0164,0.0157,-0.0242,-0.0436,-0.052,-0.065,1497.0441,1502.8014,True,-0.0047,0.9249,1611.0,626.4033,0.023,4.6249,149000.0,1.0569,0.2056,ティラド,プライム（内国株式）,輸送用機器
7238,2026-10-05,105.0,0.0,-0.0094,-0.0094,-0.0708,-0.0372,-0.0921,106.4,108.4,False,-0.0132,0.5738,183.0,102.0,0.0245,4.1873,10500.0,1.3037,0.1944,曙ブレーキ工業,プライム（内国株式）,輸送用機器
7239,2026-10-05,2281.0,0.0,-0.0208,-0.0306,0.0497,-0.0584,0.0284,2337.221,2253.5937,True,-0.0241,0.9484,2405.0,1846.4934,0.0161,2.3293,228100.0,1.3371,0.3342,タチエス,プライム（内国株式）,輸送用機器
7241,2026-10-05,1041.0,-0.0019,-0.0476,-0.0664,0.041,-0.0942,0.0197,1094.4816,1039.9872,True,-0.0489,0.9038,1151.8286,888.0511,0.0174,4.4277,104100.0,1.4934,0.457,フタバ産業,プライム（内国株式）,輸送用機器
7242,2026-10-05,1541.0,0.0178,0.0326,-0.6766,-0.6318,-0.7044,-0.6531,3701.3729,4086.4576,False,-0.5837,0.2951,5222.5068,1484.429,0.1846,5.2599,154100.0,2.3278,1.1638,カヤバ,プライム（内国株式）,輸送用機器
7244,2026-10-05,545.0,0.0093,-0.0455,-0.0489,0.0421,-0.0767,0.0207,564.36,541.6197,True,-0.0343,0.8993,606.0,414.7657,0.0225,0.7672,54500.0,0.7545,0.3174,市光工業,プライム（内国株式）,電気機器
7245,2026-10-05,1268.0,0.0259,0.0988,0.0884,-0.28,0.0606,-0.3013,1169.1372,1342.9524,True,0.0846,0.6828,1857.0,837.2459,0.0293,4.451,126800.0,0.7925,0.5136,大同メタル工業,プライム（内国株式）,輸送用機器
7246,2026-10-05,977.0,0.0135,-0.0111,-0.0201,0.1929,-0.0479,0.1716,999.562,906.814,True,-0.0226,0.9252,1056.0,603.671,0.0165,3.7295,97700.0,0.9639,0.396,プレス工業,プライム（内国株式）,輸送用機器
7247,2026-10-05,362.0,-0.0028,0.0028,-0.0347,-0.0216,-0.0625,-0.0429,368.3577,365.6792,True,-0.0173,0.849,426.4074,323.0,0.0169,0.1637,36200.0,0.8856,0.2773,ミクニ,スタンダード（内国株式）,輸送用機器
7254,2026-10-05,791.0,-0.0025,-0.0516,-0.055,0.0836,-0.0828,0.0622,821.8866,789.6689,True,-0.0376,0.8752,903.8415,540.3293,0.0213,0.0356,79100.0,0.7551,0.3799,ユニバンス,スタンダード（内国株式）,輸送用機器
7256,2026-10-05,476.0,0.0171,-0.1891,0.1498,0.0063,0.122,-0.015,466.24,443.84,True,0.0209,0.7803,610.0,75.0,0.0812,2.0616,47600.0,1.6318,0.3959,河西工業,スタンダード（内国株式）,輸送用機器
7259,2026-10-05,2187.5,0.0186,-0.0086,-0.0186,-0.0758,-0.0464,-0.0972,2220.7506,2256.9969,False,-0.015,0.7057,3099.6734,2080.3671,0.0193,56.1811,218750.0,1.0835,0.3747,アイシン,プライム（内国株式）,輸送用機器
7261,2026-10-05,1079.0,0.0065,-0.0472,-0.1138,-0.0742,-0.1416,-0.0955,1152.2478,1147.0026,True,-0.0636,0.7947,1357.7338,975.2324,0.0214,75.5117,107900.0,0.9115,0.4789,マツダ,プライム（内国株式）,輸送用機器
7264,2026-10-05,1334.0,-0.0104,-0.0007,-0.0155,0.0045,-0.0433,-0.0168,1347.0786,1336.7995,True,-0.0097,0.9292,1435.6138,1201.589,0.0102,0.0151,133400.0,0.4555,0.2065,ムロコーポレーション,スタンダード（内国株式）,輸送用機器
7265,2026-10-05,3505.0,0.0014,-0.0028,-0.0752,-0.0801,-0.103,-0.1014,3658.4,3773.2,False,-0.0419,0.7922,4424.5186,3280.0,0.0121,0.0544,350500.0,2.1585,0.1529,エイケン工業,スタンダード（内国株式）,輸送用機器
7266,2026-10-05,953.0,-0.001,-0.0206,-0.0527,0.0507,-0.0805,0.0294,986.8761,945.4254,True,-0.0343,0.8976,1061.7567,712.7534,0.0156,0.2004,95300.0,0.6902,0.3222,今仙電機製作所,スタンダード（内国株式）,輸送用機器
7267,2026-10-05,1676.5,0.0072,-0.0039,-0.0092,0.0485,-0.037,0.0271,1681.7335,1605.7578,True,-0.0031,0.9512,1762.5,1225.1418,0.0206,234.5414,167650.0,0.9549,0.2459,本田技研工業,プライム（内国株式）,輸送用機器
7269,2026-10-05,1969.0,0.0085,0.0054,-0.0721,-0.0818,-0.0999,-0.1032,2042.9532,2030.2444,True,-0.0362,0.8062,2442.2953,1670.0,0.0218,134.6578,196900.0,1.0359,0.3303,スズキ,プライム（内国株式）,輸送用機器
7270,2026-10-05,2511.5,0.0099,-0.0235,-0.058,-0.0301,-0.0857,-0.0514,2603.4953,2568.8384,True,-0.0353,0.7055,3560.0865,2247.5,0.0203,95.9123,251150.0,0.9205,0.4188,ＳＵＢＡＲＵ,プライム（内国株式）,輸送用機器
7271,2026-10-05,805.0,0.0334,0.0139,0.0037,-0.199,-0.0241,-0.2203,802.1649,891.2016,False,0.0035,0.599,1344.0,628.837,0.0143,0.4095,80500.0,0.7133,0.2612,安永,スタンダード（内国株式）,輸送用機器
7272,2026-10-05,1805.0,0.0291,0.0028,-0.048,0.4168,-0.0758,0.3955,1821.94,1582.2507,True,-0.0093,0.9084,1987.0,1012.504,0.0241,98.7861,180500.0,0.7399,0.2326,ヤマハ発動機,プライム（内国株式）,輸送用機器
7273,2026-10-05,584.0,-0.0118,-0.0759,-0.0068,-0.0686,-0.0346,-0.0899,610.52,612.2533,False,-0.0434,0.5657,1032.3665,498.0,0.0265,0.9935,58400.0,0.8465,0.5226,イクヨ,スタンダード（内国株式）,輸送用機器
7276,2026-10-05,2715.5,0.0106,0.028,0.0067,0.0259,-0.0211,0.0046,2662.9122,2644.9041,False,0.0197,0.9134,2973.0,2157.3904,0.0181,19.9851,271550.0,0.9703,0.2553,小糸製作所,プライム（内国株式）,電気機器
7277,2026-10-05,323.0,-0.0031,-0.0182,-0.0901,-0.0092,-0.1179,-0.0305,340.1557,334.2519,True,-0.0504,0.7701,419.4286,305.0,0.0159,0.0825,32300.0,1.101,0.3895,ＴＢＫ,スタンダード（内国株式）,輸送用機器
7278,2026-10-05,5670.0,0.0089,-0.0165,-0.075,-0.075,-0.1028,-0.0964,5935.2822,5971.7607,False,-0.0447,0.9014,6290.0,4900.5833,0.0178,17.6243,567000.0,1.4888,0.4071,エクセディ,プライム（内国株式）,輸送用機器
7279,2026-10-05,2428.0,0.0096,-0.0229,-0.0712,0.1215,-0.099,0.1002,2521.68,2353.6133,True,-0.0371,0.6157,3943.1618,1970.0,0.024,2.1807,242800.0,0.7191,0.3848,ハイレックスコーポレーション,スタンダード（内国株式）,輸送用機器
7280,2026-10-05,1309.0,0.0171,-0.0445,0.0008,0.0556,-0.027,0.0343,1333.64,1239.9333,True,-0.0185,0.6208,2108.4725,855.3422,0.029,2.4425,130900.0,0.9041,0.3085,ミツバ,プライム（内国株式）,電気機器
7282,2026-10-05,1050.5,0.0116,0.0855,-0.8047,-0.8015,-0.8325,-0.8228,3918.0281,4734.9694,False,-0.7319,0.1837,5720.0,958.4235,0.35,25.8128,105050.0,2.7332,1.1864,豊田合成,プライム（内国株式）,輸送用機器
7283,2026-10-05,2166.0,0.0145,-0.0101,-0.0496,-0.0865,-0.0774,-0.1078,2215.814,2200.9113,True,-0.0225,0.8571,2527.0,1683.0,0.0235,3.8279,216600.0,0.9715,0.2984,愛三工業,プライム（内国株式）,輸送用機器
7284,2026-10-05,1169.0,0.0052,-0.0043,0.0078,-0.0626,-0.02,-0.0839,1168.135,1195.4583,False,0.0007,0.8627,1355.0,1119.6162,0.0124,0.021,116900.0,2.3404,0.3264,盟和産業,スタンダード（内国株式）,輸送用機器
7287,2026-10-05,2785.0,0.0376,0.0146,0.0258,0.1043,-0.002,0.083,2710.9632,2571.2144,True,0.0273,0.9738,2860.0,1644.0266,0.0298,5.1925,278500.0,1.1525,0.2191,日本精機,スタンダード（内国株式）,輸送用機器
7291,2026-10-05,448.0,0.0,-0.0186,-0.0324,-0.0549,-0.0602,-0.0762,460.2189,461.1396,True,-0.0266,0.9087,493.0,369.9535,0.0168,0.1312,44800.0,0.9016,0.2663,日本プラスト,スタンダード（内国株式）,輸送用機器
7292,2026-10-05,6800.0,0.0,0.0059,-0.0015,0.018,-0.0293,-0.0034,6803.2767,6733.7589,True,-0.0005,0.9471,7180.0,6089.8141,0.0208,0.2413,680000.0,0.6827,0.1905,村上開明堂,スタンダード（内国株式）,輸送用機器
7294,2026-10-05,841.0,0.006,-0.0378,-0.0799,-0.0164,-0.1077,-0.0377,888.1106,885.2635,True,-0.053,0.7518,1118.5804,815.0,0.017,0.7939,84100.0,2.4555,0.5036,ヨロズ,プライム（内国株式）,輸送用機器
7296,2026-10-05,4045.0,0.0062,-0.0206,-0.0482,0.1475,-0.076,0.1262,4136.7616,3849.6539,True,-0.0222,0.9342,4330.0,2828.7093,0.0162,5.3941,404500.0,0.9954,0.3584,エフ・シー・シー,プライム（内国株式）,輸送用機器
7297,2026-10-05,865.0,0.007,0.0,0.0023,0.0105,-0.0255,-0.0108,863.9255,863.3885,True,0.0012,0.8926,969.027,787.027,0.0101,0.0166,86500.0,0.9532,0.2853,カーメイト,スタンダード（内国株式）,輸送用機器
7299,2026-10-05,1743.0,0.0087,-0.0213,-0.0664,0.004,-0.0942,-0.0173,1806.1755,1793.0052,True,-0.035,0.7877,2212.8099,1544.0496,0.0212,0.0775,174300.0,0.6637,0.3171,フジオーゼックス,スタンダード（内国株式）,輸送用機器
7305,2026-10-05,2673.0,-0.0067,-0.0144,-0.035,0.0425,-0.0628,0.0212,2754.3289,2655.323,True,-0.0295,0.9509,2811.0,2215.8889,0.0149,0.7299,267300.0,1.659,0.3556,新家工業,スタンダード（内国株式）,鉄鋼
7309,2026-10-05,17525.0,0.0023,-0.0209,-0.0934,-0.0166,-0.1212,-0.0379,18471.0,18520.8263,True,-0.0512,0.814,21530.0,14592.6328,0.0183,49.4241,1752500.0,0.8568,0.364,シマノ,プライム（内国株式）,輸送用機器
7313,2026-10-05,1746.5,0.0,-0.0191,-0.057,-0.0216,-0.0848,-0.0429,1813.2773,1793.7924,True,-0.0368,0.8877,1967.4269,1673.5556,0.0132,6.1669,174650.0,1.2371,0.5078,テイ・エス　テック,プライム（内国株式）,輸送用機器
7314,2026-10-05,1355.0,0.0037,0.0351,0.0344,0.1367,0.0066,0.1154,1320.44,1272.3867,True,0.0262,0.9033,1500.0,1120.0,0.0073,0.0242,135500.0,0.6939,0.6899,小田原機器,スタンダード（内国株式）,輸送用機器
7318,2026-10-05,1356.0,0.0343,-0.0314,-0.0059,-0.4348,-0.0337,-0.4561,1361.4,1761.8133,False,-0.004,0.5215,2600.0,950.0,0.0417,1.2376,135600.0,0.6164,0.2775,セレンディップ・ホールディングス,グロース（内国株式）,輸送用機器
7320,2026-10-05,1385.0,0.0,-0.0395,-0.0527,-0.0667,-0.0805,-0.088,1441.56,1446.8089,False,-0.0392,0.5752,2407.8911,1317.0375,0.0225,0.2776,138500.0,0.565,0.3524,Ｓｏｌｖｖｙ,グロース（内国株式）,その他金融業
7322,2026-10-05,2262.0,0.0031,-0.0122,0.058,0.2456,0.0302,0.2243,2149.3252,1959.0951,True,0.0524,0.9696,2333.0,837.6569,0.0448,10.7161,226200.0,1.2577,0.3308,三十三フィナンシャルグループ,プライム（内国株式）,銀行業
7325,2026-10-05,702.0,0.0072,0.0072,0.0029,0.0509,-0.0249,0.0296,696.92,689.9368,True,0.0073,0.7261,966.7923,636.0733,0.0164,0.05,70200.0,1.0823,0.2435,アイリックコーポレーション,グロース（内国株式）,保険業
7326,2026-10-05,2069.0,-0.0171,-0.1184,-0.0157,-0.0208,-0.0435,-0.0421,2198.08,2130.8267,False,-0.0587,0.8323,2485.8198,1348.523,0.0345,1.2246,206900.0,2.7872,0.5367,ＳＢＩインシュアランスグループ,グロース（内国株式）,保険業
7327,2026-10-05,2701.0,0.0101,-0.0442,0.0341,0.1978,0.0063,0.1765,2663.2233,2416.2211,True,0.0142,0.9481,2849.0,1287.8828,0.0305,28.429,270100.0,1.4647,0.3105,第四北越フィナンシャルグループ,プライム（内国株式）,銀行業
7337,2026-10-05,2391.5,0.0074,-0.0175,0.0008,0.0734,-0.027,0.0521,2386.1285,2273.7228,True,0.0023,0.971,2463.0,1324.0755,0.0243,15.753,239150.0,1.1325,0.2209,ひろぎんホールディングス,プライム（内国株式）,銀行業
7343,2026-10-05,1306.0,0.0038,0.0116,-0.0008,0.092,-0.0286,0.0707,1291.2842,1241.2947,True,0.0114,0.982,1330.0,1115.0,0.0173,0.0529,130600.0,1.3886,0.2799,ブロードマインド,グロース（内国株式）,保険業
7345,2026-10-05,940.0,0.0,0.0129,-0.0011,-0.0053,-0.0289,-0.0266,939.08,948.84,False,0.001,0.7428,1265.4804,559.0036,0.0172,0.0285,94000.0,0.9839,0.3577,アイ・パートナーズフィナンシャル,グロース（内国株式）,その他金融業
7347,2026-10-05,802.0,-0.0025,-0.0012,0.0126,0.0443,-0.0152,0.023,800.44,779.6667,True,0.0019,0.9228,869.1015,691.0,0.0108,0.0578,80200.0,0.9247,0.405,マーキュリアホールディングス,プライム（内国株式）,証券、商品先物取引業
7350,2026-10-05,7860.0,0.0038,-0.0344,0.0038,0.1662,-0.024,0.1449,7865.7311,7340.3104,True,-0.0007,0.9493,8280.0,3481.5831,0.0293,6.4692,786000.0,0.9679,0.2399,おきなわフィナンシャルグループ,プライム（内国株式）,銀行業
7351,2026-10-05,465.0,-0.0043,-0.0148,-0.0312,0.0289,-0.059,0.0075,475.76,452.7171,True,-0.0226,0.5189,896.0869,422.6087,0.0226,0.0684,46500.0,1.0422,0.4476,グッドパッチ,グロース（内国株式）,サービス業
7352,2026-10-05,300.0,-0.0099,-0.0536,-0.0596,-0.2225,-0.0874,-0.2438,320.68,347.6764,False,-0.0645,0.3332,900.3441,297.0,0.0331,0.2057,30000.0,0.6795,0.3827,ＴＷＯＳＴＯＮＥ＆Ｓｏｎｓ,グロース（内国株式）,サービス業
7353,2026-10-05,512.0,0.0039,0.0119,-0.0519,-0.089,-0.0796,-0.1103,519.56,546.68,False,-0.0146,0.6244,820.0,496.0,0.0158,0.0662,51200.0,1.1796,0.1735,ＫＩＹＯラーニング,グロース（内国株式）,サービス業
7354,2026-10-05,359.0,0.0199,-0.0349,-0.0865,0.0685,-0.1143,0.0471,383.32,355.1467,True,-0.0634,0.8291,433.0,247.0967,0.0446,1.5869,35900.0,0.9408,0.2812,ダイレクトマーケティングミックス,スタンダード（内国株式）,サービス業
7356,2026-10-05,114.0,0.0,-0.0339,-0.0256,-0.0256,-0.0534,-0.047,115.84,116.84,False,-0.0159,0.5,228.0,110.0,0.0244,0.0372,11400.0,0.2509,0.2872,Ｒｅｔｔｙ,グロース（内国株式）,サービス業
7357,2026-10-05,1705.0,-0.0018,-0.0212,0.0089,0.0435,-0.0189,0.0222,1720.52,1689.1365,True,-0.009,0.8664,1967.8466,1203.0159,0.0167,0.0635,170500.0,0.6106,0.3342,ジオコード,スタンダード（内国株式）,サービス業
7358,2026-10-05,1808.0,0.0146,0.0,-0.0153,0.2409,-0.043,0.2196,1809.52,1624.5067,True,-0.0008,0.9426,1918.0,1280.9724,0.0235,0.301,180800.0,0.8463,0.2781,ポピンズ,スタンダード（内国株式）,サービス業
7359,2026-10-05,259.0,-0.0189,-0.0443,-0.116,0.1881,-0.1438,0.1668,273.48,243.44,True,-0.0529,0.594,436.0,207.0,0.0403,0.1226,25900.0,0.4143,0.326,東京通信グループ,グロース（内国株式）,サービス業
7360,2026-10-05,614.0,0.0049,-0.0207,-0.0406,0.0016,-0.0684,-0.0197,637.48,634.72,False,-0.0368,0.5025,1222.0,572.0,0.018,0.0086,61400.0,0.6846,0.4787,オンデック,グロース（内国株式）,サービス業
7361,2026-10-05,1197.0,-0.0025,0.0025,-0.0025,0.031,-0.0303,0.0097,1194.4981,1189.166,True,0.0021,0.8371,1430.0,1120.0,0.0137,0.0558,119700.0,0.9878,0.3089,ヒューマンクリエイションホールディングス,グロース（内国株式）,サービス業
7362,2026-10-05,868.0,-0.008,-0.0192,-0.0034,0.0483,-0.0312,0.027,875.04,863.7333,True,-0.008,0.8518,1019.0,741.0,0.0113,0.0079,86800.0,0.5929,0.2453,Ｔ．Ｓ．Ｉ,グロース（内国株式）,サービス業
7363,2026-10-05,1396.0,0.0265,-0.012,0.0983,0.3047,0.0706,0.2834,1343.56,1210.2,True,0.039,0.698,2000.0,987.0,0.073,0.3565,139600.0,2.9447,0.3915,ベビーカレンダー,グロース（内国株式）,サービス業
7366,2026-10-05,1975.0,0.0217,0.0276,0.0972,0.1476,0.0694,0.1263,1865.28,1740.1333,True,0.0588,0.999,1977.0,1123.0,0.023,1.6018,197500.0,0.8486,0.2615,ＬＩＴＡＬＩＣＯ,プライム（内国株式）,サービス業
7367,2026-10-05,330.0,-0.006,0.0107,0.003,-0.0323,-0.0248,-0.0536,330.9,334.86,True,-0.0027,0.9396,351.2195,307.0,0.0131,0.0152,33000.0,0.3404,0.2196,セルム,スタンダード（内国株式）,サービス業
7368,2026-10-05,1718.0,-0.0012,0.01,0.0047,0.0106,-0.0231,-0.0107,1707.417,1690.0323,True,0.0062,0.978,1756.5782,1575.8118,0.014,0.0205,171800.0,0.8293,0.3386,表示灯,スタンダード（内国株式）,サービス業
7369,2026-10-05,392.0,0.0051,0.0,0.1011,0.1496,0.0733,0.1282,375.76,363.4133,False,0.0432,0.5227,750.0,311.0,0.0213,0.0743,39200.0,0.6149,0.2752,メイホーホールディングス,グロース（内国株式）,サービス業
7370,2026-10-05,715.0,0.0056,-0.0028,-0.0028,-0.0165,-0.0306,-0.0378,715.32,710.72,False,-0.0004,0.8046,888.6793,677.0,0.0069,0.0223,71500.0,1.0423,0.2435,Ｅｎｊｉｎ,グロース（内国株式）,サービス業
7371,2026-10-05,793.0,0.0102,-0.0125,-0.0282,0.0893,-0.056,0.068,799.64,754.6252,True,-0.0083,0.9624,824.0,601.2938,0.0163,0.1305,79300.0,0.5575,0.2552,Ｚｅｎｋｅｎ,グロース（内国株式）,サービス業
7372,2026-10-05,437.0,-0.0023,0.053,0.1351,0.144,0.1073,0.1227,402.28,388.88,True,0.0863,0.89,491.0,344.0,0.0204,0.0298,43700.0,1.1581,0.6272,デコルテ・ホールディングス,グロース（内国株式）,サービス業
7373,2026-10-05,868.0,-0.0125,-0.0534,-0.0766,-0.2825,-0.1044,-0.3038,920.56,986.389,False,-0.0571,0.2751,3155.1532,866.0,0.0186,0.4738,86800.0,0.392,0.3593,アイドマ・ホールディングス,グロース（内国株式）,サービス業
7374,2026-10-05,1488.0,-0.0013,0.0034,-0.035,-0.0437,-0.0628,-0.065,1514.2831,1524.401,False,-0.0174,0.8776,1695.584,1476.1838,0.011,0.2059,148800.0,1.4631,0.3422,コンフィデンス・インターワークス,グロース（内国株式）,サービス業
7375,2026-10-05,1282.0,0.0079,-0.0116,0.1148,0.0322,0.087,0.0109,1231.64,1227.8133,False,0.0409,0.482,2660.0,752.0,0.048,0.7941,128200.0,1.0251,0.2553,リファインバースグループ,グロース（内国株式）,サービス業
7376,2026-10-05,705.0,0.0,-0.0915,-0.1506,-0.2879,-0.1784,-0.3092,780.24,948.4667,False,-0.0964,0.5382,1310.0,560.0,0.0658,0.264,70500.0,0.7111,0.4206,ＢＣＣ,グロース（内国株式）,サービス業
7377,2026-10-05,1723.0,0.0053,-0.0149,-0.0023,-0.0342,-0.0301,-0.0555,1717.32,1730.939,False,0.0033,0.8177,2107.1736,1646.0,0.0083,0.1468,172300.0,0.7275,0.42,ＤＮホールディングス,スタンダード（内国株式）,サービス業
7378,2026-10-05,1528.0,-0.0033,-0.0378,-0.039,-0.0341,-0.0668,-0.0555,1559.32,1537.3867,True,-0.0201,0.7126,2144.1422,1146.6371,0.0245,0.1816,152800.0,0.8033,0.2027,アシロ,グロース（内国株式）,サービス業
7380,2026-10-05,2842.0,0.0212,-0.0101,0.081,0.1633,0.0532,0.142,2691.7335,2512.1512,True,0.0558,0.979,2902.9444,1020.5043,0.033,15.5291,284200.0,1.4719,0.3003,十六フィナンシャルグループ,プライム（内国株式）,銀行業
7381,2026-10-05,1333.0,-0.0022,-0.0499,0.0588,0.2623,0.031,0.241,1308.5801,1176.54,True,0.0187,0.9441,1411.9048,606.5198,0.0337,6.3448,133300.0,1.2256,0.2688,ＣＣＩグループ,プライム（内国株式）,銀行業
7383,2026-10-05,373.0,0.0054,-0.0628,-0.0652,0.0108,-0.093,-0.0105,398.48,401.88,True,-0.0639,0.3968,940.0,322.0,0.0301,2.4834,37300.0,0.8615,0.3299,ネットプロテクションズホールディングス,プライム（内国株式）,その他金融業
7384,2026-10-05,5890.0,0.0297,0.048,0.2708,0.4383,0.243,0.417,5149.5094,4437.5031,True,0.1438,0.9866,5970.0,1587.2814,0.043,8.657,589000.0,1.8052,0.3313,プロクレアホールディングス,プライム（内国株式）,銀行業
7388,2026-10-05,2237.0,-0.0201,-0.0509,-0.0395,0.0159,-0.0673,-0.0054,2320.48,2218.9867,True,-0.036,0.9081,2463.3971,1989.1391,0.0153,0.7292,223700.0,0.9596,0.3683,ＦＰパートナー,プライム（内国株式）,保険業
7389,2026-10-05,1993.0,-0.0163,-0.0626,0.0205,0.353,-0.0073,0.3317,1975.4072,1735.0424,True,0.0089,0.9309,2140.8949,591.1905,0.0475,23.5381,199300.0,1.2295,0.2935,あいちフィナンシャルグループ,プライム（内国株式）,銀行業
7399,2026-10-05,620.0,0.0049,0.0081,0.0049,0.0438,-0.0229,0.0225,616.0438,601.3613,True,0.0064,0.9841,630.0,541.9225,0.0086,0.0138,62000.0,0.8118,0.3181,ナンシン,スタンダード（内国株式）,輸送用機器
7409,2026-10-05,1514.0,0.0264,0.0441,0.0195,-0.2188,-0.0083,-0.2401,1492.6,1584.9133,False,0.0143,0.5331,2840.0,782.5,0.0357,1.5185,151400.0,0.4868,0.2333,ＡｅｒｏＥｄｇｅ,グロース（内国株式）,輸送用機器
7412,2026-10-05,313.0,-0.0095,-0.0928,-0.1912,-0.1933,-0.219,-0.2146,359.52,371.1733,False,-0.1294,0.4465,701.0,306.0,0.0249,2.261,31300.0,1.3858,0.7321,アトム,スタンダード（内国株式）,小売業
7413,2026-10-05,3010.0,0.0379,-0.0033,0.1144,0.1231,0.0866,0.1018,2798.2,2673.2533,True,0.0757,0.9741,3090.0,2442.4195,0.0225,0.0191,301000.0,1.8605,0.4175,創健社,スタンダード（内国株式）,卸売業
7414,2026-10-05,1367.0,-0.0087,-0.0312,-0.0585,0.0022,-0.0863,-0.0191,1420.7322,1404.8174,True,-0.0378,0.9268,1475.0,1289.0,0.0133,0.7402,136700.0,1.1506,0.4245,小野建,プライム（内国株式）,卸売業
7416,2026-10-05,676.0,0.0015,-0.0189,-0.0189,0.015,-0.0467,-0.0063,684.04,680.04,True,-0.0118,0.7664,882.0463,650.0,0.0078,0.0403,67600.0,2.8841,0.3405,はるやまホールディングス,スタンダード（内国株式）,小売業
7417,2026-10-05,1744.0,-0.0125,-0.0563,-0.0845,0.0128,-0.1123,-0.0085,1861.111,1789.7703,True,-0.0629,0.8808,1980.0,1245.9213,0.0234,0.0651,174400.0,0.5405,0.4499,南陽,スタンダード（内国株式）,卸売業
7419,2026-10-05,1228.0,0.0,-0.03,-0.0184,-0.0633,-0.0462,-0.0846,1255.714,1316.798,False,-0.0221,0.7642,1607.0,1048.4253,0.0195,7.9114,122800.0,1.0073,0.3837,ノジマ,プライム（内国株式）,小売業
7421,2026-10-05,1476.0,-0.0199,-0.0995,-0.0827,-0.0347,-0.1105,-0.056,1601.72,1554.52,True,-0.0785,0.8687,1699.0,1352.0,0.0182,1.6655,147600.0,1.4794,0.6181,カッパ・クリエイト,プライム（内国株式）,小売業
7422,2026-10-05,567.0,-0.0438,0.3155,0.516,0.496,0.4882,0.4747,425.88,387.396,True,0.3314,0.945,600.0,351.0,0.0476,0.1547,56700.0,3.9028,0.7259,東邦レマック,スタンダード（内国株式）,卸売業
7425,2026-10-05,1110.0,0.0018,0.0091,-0.0098,-0.0924,-0.0376,-0.1137,1110.64,1176.8333,False,-0.0006,0.8087,1372.5,959.0718,0.0093,0.0314,111000.0,0.1683,0.2917,初穂商事,スタンダード（内国株式）,卸売業
7427,2026-10-05,826.0,-0.0036,-0.0072,-0.0108,-0.0046,-0.0386,-0.0259,831.36,821.0489,True,-0.0064,0.8921,925.9248,796.4485,0.012,0.0621,82600.0,1.5498,0.3424,エコートレーディング,スタンダード（内国株式）,卸売業
7433,2026-10-05,1860.0,0.0131,0.0669,-0.651,-0.5987,-0.6788,-0.62,4224.2617,4611.0206,False,-0.5597,0.3345,5560.0,1709.028,0.195,5.6531,186000.0,2.4692,1.0615,伯東,プライム（内国株式）,卸売業
7434,2026-10-05,1748.0,-0.0124,-0.0119,-0.0541,-0.0283,-0.0819,-0.0497,1814.36,1806.4533,True,-0.0366,0.851,2054.0293,1707.0,0.0165,0.0521,174800.0,2.5548,0.4297,オータケ,スタンダード（内国株式）,卸売業
7435,2026-10-05,1383.0,0.0014,-0.0212,0.089,0.0839,0.0612,0.0625,1322.84,1283.72,True,0.0455,0.9564,1446.0,919.0,0.0278,0.3011,138300.0,0.8775,0.4571,ナ・デックス,スタンダード（内国株式）,卸売業
7438,2026-10-05,1636.0,-0.0115,-0.0799,-0.0399,0.0686,-0.0677,0.0473,1726.0238,1605.9679,True,-0.0522,0.9054,1807.0,1395.0,0.0251,0.7734,163600.0,1.1003,0.45,コンドーテック,プライム（内国株式）,卸売業
7442,2026-10-05,472.0,-0.0021,-0.0167,-0.0207,-0.0105,-0.0485,-0.0318,478.88,481.5067,True,-0.0144,0.9478,498.0,392.1751,0.0077,0.0511,47200.0,1.4515,0.3294,中山福,スタンダード（内国株式）,卸売業
7443,2026-10-05,675.0,-0.0103,0.0105,-0.0074,0.0498,-0.0352,0.0284,668.5631,651.0944,True,0.0096,0.9421,716.4956,593.9502,0.0126,0.017,67500.0,0.8562,0.3289,横浜魚類,スタンダード（内国株式）,卸売業
7444,2026-10-05,1976.0,0.0005,-0.013,0.0005,-0.0015,-0.0273,-0.0228,1987.6,1980.4133,True,-0.0058,0.9257,2134.5132,1811.2786,0.0093,0.0199,197600.0,1.0763,0.2062,ハリマ共和物産,スタンダード（内国株式）,卸売業
7446,2026-10-05,4350.0,0.0,0.0081,-0.0301,-0.0705,-0.0579,-0.0918,4453.8765,4562.2255,False,-0.0233,0.8365,5200.0,3650.0,0.0074,0.0159,435000.0,0.8876,0.539,東北化学薬品,スタンダード（内国株式）,卸売業
7447,2026-10-05,1683.0,-0.0123,0.0151,-0.0041,-0.0063,-0.0319,-0.0277,1667.56,1670.5299,True,0.0093,0.8525,1974.2761,1535.2278,0.0138,1.7452,168300.0,1.5002,0.3846,ナガイレーベン,プライム（内国株式）,卸売業
7453,2026-10-05,4312.0,0.0233,0.0692,0.0146,0.1793,-0.0132,0.158,4135.16,4054.6643,True,0.0428,0.9358,4607.7786,2601.606,0.0243,113.1322,431200.0,0.7452,0.4581,良品計画,プライム（内国株式）,小売業
7456,2026-10-05,6680.0,-0.0191,-0.0347,0.0152,0.1458,-0.0126,0.1245,6989.1381,6338.5127,True,-0.0442,0.7598,8791.9512,3999.0476,0.0368,7.5813,668000.0,0.821,0.3217,松田産業,プライム（内国株式）,卸売業
7458,2026-10-05,1742.5,-0.0127,-0.0568,-0.0729,0.0003,-0.1007,-0.021,1850.1183,1796.0794,True,-0.0582,0.9102,1914.5,1502.0579,0.02,8.8956,174250.0,2.0953,0.4803,第一興商,プライム（内国株式）,卸売業
7459,2026-10-05,2941.0,0.0072,-0.0274,0.0089,0.0891,-0.0189,0.0677,2939.9957,2827.1586,True,0.0003,0.9377,3136.3651,2428.1061,0.0251,17.9978,294100.0,1.5298,0.3141,メディパルホールディングス,プライム（内国株式）,卸売業
7460,2026-10-05,1684.0,-0.0024,0.0287,-0.0094,-0.0238,-0.0372,-0.0451,1664.0285,1679.3339,True,0.012,0.8948,1882.0,928.207,0.0223,0.2489,168400.0,0.5299,0.3216,ヤギ,スタンダード（内国株式）,卸売業
7461,2026-10-05,470.0,0.0021,0.0021,-0.0167,-0.0126,-0.0445,-0.0339,474.28,472.7067,True,-0.009,0.9049,519.3959,442.0,0.0122,0.0123,47000.0,0.4479,0.21,キムラ,スタンダード（内国株式）,卸売業
7462,2026-10-05,384.0,0.0213,-0.0565,-0.0327,0.2,-0.0605,0.1787,396.8053,381.8751,True,-0.0323,0.9035,425.0,213.9009,0.0319,0.0925,38400.0,1.5474,0.4163,ＣＡＰＩＴＡ,スタンダード（内国株式）,小売業
7463,2026-10-05,929.0,0.0043,-0.0549,-0.0138,0.0198,-0.0416,-0.0016,961.8512,936.2571,True,-0.0342,0.9198,1010.0,767.1332,0.0179,0.2892,92900.0,1.1571,0.4265,アドヴァングループ,スタンダード（内国株式）,小売業
7464,2026-10-05,1505.0,-0.004,-0.0183,-0.0105,-0.0183,-0.0383,-0.0396,1521.48,1536.8,False,-0.0108,0.8875,1695.7664,1499.0,0.0137,0.0184,150500.0,1.0651,0.3585,セフテック,スタンダード（内国株式）,卸売業
7466,2026-10-05,1450.0,0.0007,-0.0149,0.0062,0.0701,-0.0216,0.0488,1454.4043,1385.0548,True,-0.003,0.9667,1500.0,1093.0275,0.0176,0.4786,145000.0,1.1412,0.2433,ＳＰＫ,プライム（内国株式）,卸売業
7472,2026-10-05,3785.0,-0.0026,-0.0369,-0.0502,-0.0245,-0.078,-0.0458,3905.0,3851.6667,True,-0.0307,0.9143,4140.0,3500.0,0.0088,0.0247,378500.0,0.949,0.4366,鳥羽洋行,スタンダード（内国株式）,卸売業
7475,2026-10-05,3770.0,0.0,0.0013,0.5098,0.4978,0.482,0.4765,3283.44,2777.36,True,0.1482,0.9987,3775.0,2360.0,0.0029,4.4041,377000.0,2.004,0.0903,アルビス,プライム（内国株式）,小売業
7476,2026-10-05,2471.0,0.0063,-0.0044,-0.0076,0.0459,-0.0354,0.0246,2491.7066,2409.5422,True,-0.0083,0.9469,2609.5,1959.0,0.0184,3.2355,247100.0,0.9408,0.2482,アズワン,プライム（内国株式）,卸売業
7477,2026-10-05,1550.0,-0.0264,-0.0713,-0.0171,-0.153,-0.0449,-0.1743,1590.7676,1690.6159,False,-0.0256,0.5894,2630.0,1111.0685,0.0403,0.0229,155000.0,1.0472,0.4665,ムラキ,スタンダード（内国株式）,卸売業
7480,2026-10-05,3795.0,0.0093,0.083,0.1,0.4474,0.0722,0.426,3537.1746,2972.9382,True,0.0729,0.9669,3925.0,1558.1443,0.0324,2.2334,379500.0,0.9507,0.3539,スズデン,スタンダード（内国株式）,卸売業
7481,2026-10-05,2548.0,-0.0043,-0.0185,-0.02,-0.0341,-0.0478,-0.0554,2590.8103,2575.2168,True,-0.0165,0.9052,2814.8079,2061.9079,0.0109,0.0596,254800.0,1.0315,0.3026,尾家産業,スタンダード（内国株式）,卸売業
7482,2026-10-05,1429.0,-0.0056,-0.0377,-0.0727,0.0617,-0.1005,0.0403,1507.5923,1429.7974,True,-0.0521,0.905,1579.0,1223.8257,0.0241,0.6456,142900.0,1.1376,0.3825,シモジマ,プライム（内国株式）,卸売業
7483,2026-10-05,2995.0,0.0023,-0.018,-0.018,0.0289,-0.0458,0.0075,3052.1039,2978.2213,True,-0.0187,0.8117,3689.7902,2655.0768,0.0152,1.8175,299500.0,1.0119,0.4493,ドウシシャ,プライム（内国株式）,卸売業
7486,2026-10-05,827.0,0.0012,-0.0293,0.021,0.0896,-0.0068,0.0683,813.08,794.6533,True,0.0171,0.7911,1045.3689,666.5558,0.0308,0.0264,82700.0,1.995,0.4078,サンリン,スタンダード（内国株式）,卸売業
7487,2026-10-05,1873.0,0.0005,0.0021,0.0446,0.0365,0.0168,0.0152,1832.52,1796.24,True,0.0221,0.9426,1987.0077,1655.8397,0.0078,0.1131,187300.0,1.0978,0.2527,小津産業,スタンダード（内国株式）,卸売業
7490,2026-10-05,2191.0,-0.0005,0.0009,0.0005,0.0018,-0.0273,-0.0195,2188.64,2188.96,False,0.0011,0.9794,2237.0,1150.1771,0.0007,0.0722,219100.0,1.0201,0.3818,日新商事,スタンダード（内国株式）,卸売業
7494,2026-10-05,230.0,0.0,-0.0213,-0.065,-0.0213,-0.0928,-0.0426,240.72,234.4267,True,-0.0445,0.8765,262.3982,215.0,0.0115,0.0787,23000.0,1.306,0.5309,コナカ,スタンダード（内国株式）,小売業
7500,2026-10-05,11450.0,0.0495,0.0409,0.178,0.1756,0.1502,0.1542,10216.8,9938.5568,True,0.1207,0.85,13469.8758,8549.8565,0.0175,0.0637,1145000.0,2.5797,0.745,西川計測,スタンダード（内国株式）,卸売業
7501,2026-10-05,1434.0,-0.0205,-0.0062,-0.0376,-0.0712,-0.0654,-0.0926,1445.04,1484.5733,False,-0.0076,0.6732,2130.0,1012.9501,0.0172,0.0035,143400.0,0.2588,0.2557,ティムコ,スタンダード（内国株式）,卸売業
7502,2026-10-05,1662.0,-0.0119,-0.0142,-0.0136,0.0259,-0.0414,0.0046,1691.68,1660.1333,True,-0.0175,0.8642,1923.1895,1585.0,0.0068,0.0166,166200.0,1.5158,0.4931,プラザホールディングス,スタンダード（内国株式）,サービス業
7504,2026-10-05,4510.0,0.0,0.0022,-0.0663,0.2289,-0.094,0.2076,4536.3605,4168.8535,True,-0.0058,0.8673,5200.0,2728.0,0.0311,2.2501,451000.0,0.5682,0.2671,高速,プライム（内国株式）,卸売業
7505,2026-10-05,1944.0,0.0104,-0.0174,-0.1148,-0.1856,-0.1426,-0.2069,2098.8225,2157.9808,True,-0.0738,0.7935,2450.0,1438.2055,0.0224,0.4662,194400.0,1.4956,0.5176,扶桑電通,スタンダード（内国株式）,卸売業
7506,2026-10-05,1374.0,0.0029,0.0033,-0.0079,0.0015,-0.0357,-0.0199,1380.3396,1377.4332,True,-0.0046,0.892,1540.3204,1348.0,0.0047,0.0146,137400.0,0.866,0.3462,ハウス　オブ　ローゼ,スタンダード（内国株式）,小売業
7508,2026-10-05,1381.0,-0.0007,-0.0206,-0.0275,-0.0233,-0.0553,-0.0447,1423.9122,1412.0374,True,-0.0301,0.9172,1505.7319,1135.5648,0.0158,0.8391,138100.0,1.2838,0.4129,Ｇ‐７ホールディングス,プライム（内国株式）,小売業
7509,2026-10-05,4700.0,0.0,0.0064,0.0,0.0064,-0.0278,-0.0149,4710.0471,4718.2824,True,-0.0021,0.9438,4980.0,3674.2815,0.0114,0.0092,470000.0,1.1034,0.475,アイエーグループ,スタンダード（内国株式）,小売業
7510,2026-10-05,2878.0,0.0166,0.0275,0.0504,0.2373,0.0226,0.216,2764.9151,2601.505,True,0.0409,0.9749,2952.0,1851.2156,0.022,1.5186,287800.0,1.6295,0.2963,たけびし,プライム（内国株式）,卸売業
7512,2026-10-05,844.0,-0.0106,-0.022,-0.0117,-0.0012,-0.0395,-0.0225,859.08,848.0267,True,-0.0176,0.8953,942.7285,809.0,0.0107,1.0427,84400.0,0.7977,0.2535,イオン北海道,スタンダード（内国株式）,小売業
7513,2026-10-05,1462.0,0.0188,-0.0195,0.0413,0.1582,0.0135,0.1369,1438.44,1362.1164,True,0.0164,0.9753,1499.0,1043.5805,0.0227,2.895,146200.0,0.5837,0.2348,コジマ,プライム（内国株式）,小売業
7514,2026-10-05,853.0,-0.0012,0.0,0.0,-0.0003,-0.0278,-0.0216,853.92,855.5167,True,-0.0011,0.975,874.8967,815.6241,0.0034,0.0366,85300.0,0.6141,0.1366,ヒマラヤ,スタンダード（内国株式）,小売業
7515,2026-10-05,4560.0,0.0011,-0.0033,-0.0087,-0.0108,-0.0365,-0.0322,4600.6,4599.7333,True,-0.0088,0.958,4759.7474,4108.8843,0.0028,0.0103,456000.0,1.1729,0.4278,マルヨシセンター,スタンダード（内国株式）,小売業
7516,2026-10-05,4310.0,0.0,-0.0559,-0.0325,0.0823,-0.0603,0.061,4471.6,4234.2584,True,-0.0361,0.9269,4650.0,3592.3565,0.0205,3.4011,431000.0,0.8942,0.4194,コーナン商事,プライム（内国株式）,小売業
7520,2026-10-05,2507.0,-0.0067,-0.0313,-0.0279,0.0801,-0.0557,0.0588,2560.32,2462.7067,True,-0.0208,0.7775,3224.5725,2194.0,0.016,0.3869,250700.0,0.8104,0.2959,エコス,プライム（内国株式）,小売業
7521,2026-10-05,2700.0,-0.0077,-0.0055,-0.0239,-0.0235,-0.0517,-0.0448,2743.9213,2716.4271,True,-0.016,0.8911,3030.0,2101.6512,0.0161,0.0316,270000.0,0.8243,0.2703,ムサシ,スタンダード（内国株式）,卸売業
7522,2026-10-05,859.0,-0.0092,-0.0337,-0.0948,-0.0773,-0.1226,-0.0987,916.2,934.32,False,-0.0624,0.8181,1050.0,859.0,0.0142,2.0046,85900.0,2.3751,0.4749,ワタミ,プライム（内国株式）,小売業
7523,2026-10-05,1876.0,0.0,0.0005,-0.0016,0.0945,-0.0294,0.0732,1876.64,1839.44,True,-0.0003,0.8824,2126.0728,1429.0,0.0005,0.027,187600.0,0.0445,0.35,アールビバン,スタンダード（内国株式）,小売業
7524,2026-10-05,179.0,0.0113,0.0113,0.017,-0.0219,-0.0108,-0.0432,176.6,179.7867,True,0.0136,0.7817,229.0,150.0,0.0291,0.039,17900.0,1.6814,0.3644,マルシェ,スタンダード（内国株式）,小売業
7525,2026-10-05,3525.0,0.0,-0.0143,-0.0249,0.0057,-0.0527,-0.0156,3578.5762,3582.9921,True,-0.015,0.9094,3876.174,3126.2611,0.0137,0.4577,352500.0,0.9179,0.2537,リックス,プライム（内国株式）,卸売業
7527,2026-10-05,46.0,-0.0213,-0.0417,-0.1154,-0.08,-0.1432,-0.1013,50.68,49.6933,True,-0.0923,0.4646,99.0,44.0,0.0373,0.6146,4600.0,1.004,0.2917,システムソフト,スタンダード（内国株式）,情報・通信業
7531,2026-10-05,1309.0,0.0,-0.0083,0.0069,0.0139,-0.0209,-0.0074,1310.44,1302.3867,False,-0.0011,0.7776,1683.4551,1252.0,0.0041,0.0026,130900.0,0.3971,0.3684,清和中央ホールディングス,スタンダード（内国株式）,卸売業
7532,2026-10-05,692.6,0.0111,-0.0364,-0.0993,-0.1878,-0.1271,-0.2091,742.652,822.4457,False,-0.0674,0.6543,1058.5729,679.0,0.0271,130.328,69259.9976,1.3189,0.3256,パン・パシフィック・インターナショナルホールディングス,プライム（内国株式）,小売業
7537,2026-10-05,1925.0,0.0228,0.0366,0.0618,0.1364,0.034,0.115,1836.8648,1755.8483,True,0.048,0.9974,1930.0,1002.9285,0.027,1.5263,192500.0,0.8059,0.2932,丸文,プライム（内国株式）,卸売業
7538,2026-10-05,386.0,0.0,-0.0103,0.0,0.0212,-0.0278,-0.0002,388.8,378.7733,True,-0.0072,0.8477,455.3381,324.539,0.0137,0.0143,38600.0,0.9925,0.2649,大水,スタンダード（内国株式）,卸売業
7539,2026-10-05,770.0,-0.0141,-0.0013,-0.0587,-0.0598,-0.0865,-0.0811,804.1942,800.2114,True,-0.0425,0.9148,841.7363,672.4045,0.0128,0.2324,77000.0,2.8399,0.5279,アイナボホールディングス,スタンダード（内国株式）,卸売業
7544,2026-10-05,553.0,0.0055,-0.009,-0.009,-0.0017,-0.0368,-0.023,555.6,552.0002,True,-0.0047,0.9485,583.007,516.4053,0.0123,0.0295,55300.0,1.1107,0.2358,スリーエフ,スタンダード（内国株式）,小売業
7545,2026-10-05,1939.0,0.0099,-0.0097,-0.0353,-0.0438,-0.0631,-0.0651,1973.52,1969.7458,True,-0.0175,0.863,2246.735,1815.4835,0.0188,4.0645,193900.0,0.8477,0.3294,西松屋チェーン,プライム（内国株式）,小売業
7550,2026-10-05,11115.0,0.0045,0.0606,-0.0318,0.2709,-0.0596,0.2495,11207.8586,10094.4862,True,-0.0083,0.9209,12070.0,7381.0,0.0307,66.6582,1111500.0,1.2333,0.3107,ゼンショーホールディングス,プライム（内国株式）,小売業
7551,2026-10-05,671.0,0.0015,-0.0147,-0.0719,-0.0161,-0.0997,-0.0374,704.1559,703.4786,True,-0.0471,0.8669,774.0,598.0488,0.0121,0.2683,67100.0,2.7331,0.4796,ウェッズ,スタンダード（内国株式）,輸送用機器
7552,2026-10-05,4870.0,-0.0162,0.1392,0.2969,0.6206,0.2691,0.5993,4097.814,3481.858,True,0.1884,0.9259,5260.0,2485.0,0.0416,14.898,487000.0,1.9925,0.6584,ハピネット,プライム（内国株式）,卸売業
7554,2026-10-05,1141.0,-0.0087,-0.0235,-0.0444,0.0316,-0.0722,0.0103,1175.2208,1139.5669,True,-0.0291,0.9211,1238.6777,1014.5454,0.0135,0.5602,114100.0,1.0149,0.3122,幸楽苑,プライム（内国株式）,小売業
7555,2026-10-05,734.0,0.0,-0.0187,-0.0174,-0.0081,-0.0452,-0.0294,744.84,744.0,False,-0.0146,0.8854,829.0,728.315,0.0054,0.0088,73400.0,1.5468,0.4327,大田花き,スタンダード（内国株式）,卸売業
7561,2026-10-05,679.0,0.0015,-0.023,-0.0477,0.0119,-0.0755,-0.0094,706.3217,680.0939,True,-0.0387,0.8458,802.7592,598.8838,0.0147,0.1022,67900.0,0.878,0.4109,ハークスレイホールディングス,スタンダード（内国株式）,小売業
7562,2026-10-05,3750.0,0.0081,0.0,-0.026,-0.0066,-0.0538,-0.0279,3814.0,3787.9333,True,-0.0168,0.969,3869.7845,3590.8812,0.007,0.1806,375000.0,2.321,0.6329,安楽亭,スタンダード（内国株式）,小売業
7564,2026-10-05,5210.0,0.0216,-0.0019,-0.1288,-0.1583,-0.1566,-0.1796,5675.2,6045.6,False,-0.082,0.6255,8330.0,5060.0,0.031,27.9538,521000.0,1.2754,0.2788,ワークマン,スタンダード（内国株式）,小売業
7565,2026-10-05,7190.0,-0.011,-0.0662,-0.1337,0.1597,-0.1615,0.1384,8105.2,7272.4,True,-0.1129,0.7989,9000.0,4680.0,0.0163,0.0317,719000.0,0.6325,0.9476,萬世電機,スタンダード（内国株式）,卸売業
7567,2026-10-05,641.0,0.0079,0.0094,0.0578,0.1981,0.03,0.1768,616.48,575.6133,True,0.0398,0.9371,684.0,430.6564,0.0204,0.0862,64100.0,1.1012,0.3519,栄電子,スタンダード（内国株式）,卸売業
7570,2026-10-05,1357.0,-0.0073,-0.023,-0.0307,-0.0497,-0.0585,-0.071,1398.9534,1403.5578,True,-0.03,0.8915,1522.1449,1138.9064,0.0175,0.1448,135700.0,1.203,0.3667,橋本総業ホールディングス,スタンダード（内国株式）,卸売業
7571,2026-10-05,84.0,-0.0233,-0.0233,-0.0562,-0.0233,-0.084,-0.0446,86.6,84.8933,False,-0.03,0.6457,130.0962,78.0,0.023,0.2449,8400.0,1.0239,0.2593,ヤマノホールディングス,スタンダード（内国株式）,小売業
7575,2026-10-05,1481.0,-0.0034,-0.0237,-0.0709,0.0922,-0.0987,0.0709,1538.8489,1455.7896,True,-0.0376,0.9131,1622.0,1239.0,0.021,4.5635,148100.0,1.993,0.3445,日本ライフライン,プライム（内国株式）,卸売業
7578,2026-10-05,67.0,-0.0147,-0.1067,-0.141,-0.1184,-0.1688,-0.1397,76.32,73.12,False,-0.1221,0.4467,150.0,64.0,0.0565,0.055,6700.0,0.4237,0.317,ニチリョク,スタンダード（内国株式）,小売業
7581,2026-10-05,6740.0,0.0385,0.0482,-0.0316,0.2203,-0.0594,0.199,6790.2,6658.7889,True,-0.0074,0.8044,8379.1826,4662.2888,0.0282,29.5166,674000.0,0.6008,0.2947,サイゼリヤ,プライム（内国株式）,小売業
7585,2026-10-05,407.0,0.0025,-0.0025,-0.0025,0.0049,-0.0302,-0.0164,407.04,408.2667,False,-0.0001,0.8222,495.0,398.0,0.0042,0.012,40700.0,1.2388,0.2333,かんなん丸,スタンダード（内国株式）,小売業
7590,2026-10-05,398.0,-0.0025,-0.1175,0.0,-0.0173,-0.0278,-0.0386,399.84,398.24,True,-0.0046,0.8344,477.0,375.0,0.0373,1.0506,39800.0,4.3279,0.5721,タカショー,スタンダード（内国株式）,卸売業
7593,2026-10-05,504.0,-0.0118,-0.0175,-0.0615,0.0792,-0.0892,0.0579,523.4754,495.3051,True,-0.0372,0.8976,561.4706,428.0,0.0181,2.721,50400.0,1.1561,0.34,ＶＴホールディングス,プライム（内国株式）,小売業
7595,2026-10-05,1210.0,0.0008,-0.0304,-0.0692,-0.0642,-0.097,-0.0855,1272.814,1280.0313,False,-0.0494,0.7371,1641.5396,1161.2763,0.0158,2.5544,121000.0,1.0796,0.4772,アルゴグラフィックス,プライム（内国株式）,情報・通信業
7596,2026-10-05,2137.0,-0.0229,-0.0635,-0.0871,-0.0506,-0.1149,-0.072,2309.9042,2296.1547,True,-0.0749,0.8472,2522.292,2115.0,0.0134,0.6939,213700.0,1.799,0.7809,魚力,プライム（内国株式）,小売業
7599,2026-10-05,1155.0,0.0061,-0.0327,-0.073,-0.2173,-0.1008,-0.2386,1217.0376,1277.7821,False,-0.051,0.7597,1520.4227,951.8409,0.0142,9.1237,115500.0,0.8164,0.5624,ＩＤＯＭ,プライム（内国株式）,卸売業
7600,2026-10-05,640.0,0.044,-0.0259,-0.0288,-0.2841,-0.0566,-0.3054,666.64,818.4667,False,-0.04,0.6368,1005.0,445.0,0.0402,1.7634,64000.0,0.629,0.2956,日本エム・ディ・エム,プライム（内国株式）,精密機器
7601,2026-10-05,166.0,0.0,0.0122,0.0247,0.0,-0.0031,-0.0213,163.72,165.1067,False,0.0139,0.7943,209.0,160.0,0.0168,0.0539,16600.0,2.1467,0.3949,ポプラ,スタンダード（内国株式）,小売業
7602,2026-10-05,166.0,0.0061,-0.0235,-0.0178,0.0247,-0.0455,0.0034,174.48,165.1067,True,-0.0486,0.4299,386.1698,125.4057,0.0633,0.4415,16600.0,1.3147,0.4,レダックス,スタンダード（内国株式）,卸売業
7603,2026-10-05,33.0,0.0,-0.0294,-0.1951,-0.4211,-0.2229,-0.4424,37.0,45.8,False,-0.1081,0.1048,315.0,31.0,0.0649,0.2146,3300.0,0.5667,0.28,ジーイエット,スタンダード（内国株式）,小売業
7604,2026-10-05,911.0,0.0,-0.0119,0.0179,0.019,-0.0099,-0.0023,909.92,893.4667,True,0.0012,0.987,923.0,796.6038,0.0062,0.0658,91100.0,1.0577,0.2304,梅の花グループ,スタンダード（内国株式）,小売業
7606,2026-10-05,2391.0,-0.0054,0.0123,0.0063,-0.0265,-0.0215,-0.0478,2391.5285,2442.8962,False,-0.0002,0.8676,2756.0,1847.4339,0.0186,4.8478,239100.0,0.9522,0.1708,ユナイテッドアローズ,プライム（内国株式）,小売業
7607,2026-10-05,3010.0,0.0,-0.0243,-0.0082,-0.0667,-0.036,-0.088,3037.36,3079.0264,True,-0.009,0.903,3333.438,2796.6668,0.0107,0.782,301000.0,0.9397,0.2639,進和,プライム（内国株式）,卸売業
7608,2026-10-05,964.0,-0.0041,0.0084,0.1328,0.212,0.105,0.1907,898.24,818.0108,True,0.0732,0.964,1000.0,523.6596,0.033,0.9185,96400.0,1.0326,0.4058,エスケイジャパン,スタンダード（内国株式）,卸売業
7609,2026-10-05,4510.0,0.0368,0.0841,0.152,0.239,0.1242,0.2177,4079.2,3884.4813,True,0.1056,0.9185,4910.0,2008.6903,0.0328,3.5681,451000.0,0.5756,0.3754,ダイトロン,プライム（内国株式）,卸売業
7610,2026-10-05,136.0,0.0074,-0.0073,-0.0355,-0.0872,-0.0633,-0.1086,138.28,142.28,True,-0.0165,0.8242,165.0,126.5743,0.0189,0.7179,13600.0,0.7178,0.2722,テイツー,スタンダード（内国株式）,小売業
7611,2026-10-05,2936.0,-0.0118,0.0223,-0.0452,0.1051,-0.073,0.0838,2970.52,2815.022,True,-0.0116,0.7948,3693.8717,2434.6647,0.0237,4.9162,293600.0,0.9319,0.3285,ハイデイ日高,プライム（内国株式）,小売業
7613,2026-10-05,1627.0,0.0162,0.0143,0.0106,0.2573,-0.0172,0.236,1581.28,1482.7297,True,0.0289,0.961,1693.0,1123.8277,0.0202,2.7881,162700.0,0.7215,0.2252,シークス,プライム（内国株式）,卸売業
7614,2026-10-05,1543.0,0.0013,0.0,0.0052,-0.0045,-0.0226,-0.0258,1545.8,1541.8,True,-0.0018,0.7706,2002.4319,1437.5683,0.0072,0.0507,154300.0,0.6244,0.1987,オーエムツーネットワーク,スタンダード（内国株式）,小売業
7615,2026-10-05,94.0,0.0,-0.0309,-0.0874,-0.0309,-0.1152,-0.0522,98.32,96.8133,True,-0.0439,0.4462,210.6848,91.0,0.0205,0.1189,9400.0,0.3356,0.363,京都きもの友禅ホールディングス,スタンダード（内国株式）,小売業
7616,2026-10-05,2008.0,0.0065,-0.0288,-0.0517,0.0934,-0.0795,0.0721,2050.54,1978.1733,True,-0.0207,0.9262,2168.0,1651.783,0.0216,13.269,200800.0,1.7492,0.2687,コロワイド,プライム（内国株式）,小売業
7619,2026-10-05,990.0,-0.011,-0.0304,0.027,0.1174,-0.0008,0.0961,986.4046,938.8149,True,0.0036,0.9612,1030.0,766.4715,0.0177,0.0943,99000.0,2.2017,0.28,田中商事,スタンダード（内国株式）,卸売業
7621,2026-10-05,3230.0,-0.0046,-0.0678,-0.0692,-0.0227,-0.097,-0.044,3411.6,3387.7333,True,-0.0532,0.8362,3862.5747,3205.0,0.0132,0.1443,323000.0,2.5628,0.6118,うかい,スタンダード（内国株式）,小売業
7624,2026-10-05,181.0,-0.0055,0.0112,0.1753,0.2657,0.1475,0.2444,164.4,149.64,True,0.101,0.8744,207.0,128.3333,0.0466,0.6552,18100.0,4.3528,0.5814,ＮａＩＴＯ,スタンダード（内国株式）,卸売業
7625,2026-10-05,440.0,-0.0372,-0.0456,-0.0717,-0.0265,-0.0995,-0.0479,464.28,466.5467,False,-0.0523,0.8302,530.0,362.7523,0.0135,0.0309,44000.0,1.1895,0.4892,グローバルダイニング,スタンダード（内国株式）,小売業
7628,2026-10-05,1141.0,0.0124,-0.0125,-0.0388,-0.0078,-0.0666,-0.0291,1161.6946,1154.0982,True,-0.0178,0.8962,1273.0926,989.7458,0.0218,0.7133,114100.0,2.3672,0.2332,オーハシテクニカ,プライム（内国株式）,卸売業
7630,2026-10-05,1101.0,0.0046,-0.0045,0.0018,0.2243,-0.026,0.2029,1082.36,962.0135,True,0.0172,0.9244,1191.0,832.8889,0.0213,6.2634,110100.0,1.0331,0.3872,壱番屋,プライム（内国株式）,小売業
7634,2026-10-05,5300.0,0.0,-0.0248,0.0372,0.0816,0.0094,0.0603,5195.892,5117.0307,True,0.02,0.8906,5951.3516,4617.2569,0.015,0.0189,530000.0,1.4769,0.5644,星医療酸器,スタンダード（内国株式）,卸売業
7636,2026-10-05,791.0,0.0013,-0.005,-0.0025,0.0206,-0.0303,-0.0007,795.92,788.0371,True,-0.0062,0.8871,891.6613,756.8529,0.0053,0.0365,79100.0,0.6231,0.2847,ハンズマン,スタンダード（内国株式）,小売業
7637,2026-10-05,3520.0,-0.0014,-0.0195,-0.0588,0.0292,-0.0866,0.0079,3596.3673,3552.9891,True,-0.0212,0.8617,4085.0,2121.9434,0.0272,0.9583,352000.0,0.7611,0.1603,白銅,プライム（内国株式）,卸売業
7638,2026-10-05,1367.0,-0.0101,-0.0373,-0.0257,-0.0144,-0.0535,-0.0357,1400.44,1381.88,True,-0.0239,0.8468,1614.2476,1301.0,0.0121,0.2185,136700.0,0.9474,0.4345,ＮＥＷ　ＡＲＴ　ＨＯＬＤＩＮＧＳ,スタンダード（内国株式）,小売業
7640,2026-10-05,199.0,-0.005,0.0102,0.0102,0.1988,-0.0176,0.1775,194.32,179.4533,True,0.0241,0.7158,278.0,153.0,0.0183,0.0601,19900.0,0.7789,0.3294,トップカルチャー,スタンダード（内国株式）,小売業
7643,2026-10-05,1620.0,-0.0104,-0.0476,-0.0722,-0.0609,-0.1,-0.0822,1709.6763,1711.3988,True,-0.0525,0.8867,1826.9882,1542.799,0.0134,0.0776,162000.0,1.7091,0.5074,ダイイチ,スタンダード（内国株式）,小売業
7646,2026-10-05,1765.0,-0.0045,-0.0355,-0.0711,-0.0045,-0.0989,-0.0258,1856.4429,1816.2676,True,-0.0493,0.831,2123.9534,1472.7643,0.017,0.2073,176500.0,2.5163,0.3561,ＰＬＡＮＴ,スタンダード（内国株式）,小売業
7649,2026-10-05,1244.0,0.0073,-0.0052,-0.0416,-0.2186,-0.0694,-0.2399,1282.56,1397.4711,False,-0.0301,0.6354,1957.6762,1223.0,0.0244,30.665,124400.0,1.0559,0.1913,スギホールディングス,プライム（内国株式）,小売業
7670,2026-10-05,1227.0,0.0016,0.0183,-0.0073,0.1867,-0.0351,0.1653,1221.4356,1132.7985,True,0.0046,0.9541,1286.0,918.3022,0.0137,0.0464,122700.0,0.4484,0.2089,オーウエル,スタンダード（内国株式）,卸売業
7673,2026-10-05,1722.0,0.0012,0.0244,0.0324,0.038,0.0046,0.0167,1684.96,1649.7067,True,0.022,0.9238,1864.0525,1422.7941,0.0124,0.025,172200.0,0.9497,0.2473,ダイコー通産,スタンダード（内国株式）,卸売業
7674,2026-10-05,2765.0,0.0036,0.0091,0.0493,-0.0409,0.0215,-0.0622,2682.28,2702.8933,True,0.0308,0.8876,3115.0,2373.0,0.0117,0.1114,276500.0,0.8643,0.2349,ＮＡＴＴＹ　ＳＷＡＮＫＹホールディングス,グロース（内国株式）,小売業
7677,2026-10-05,2750.0,-0.0179,0.0197,0.0,0.0377,-0.0278,0.0164,2744.08,2693.2,True,0.0022,0.9108,3019.3035,2415.4428,0.0132,0.005,275000.0,1.2381,0.5992,ヤシマキザイ,スタンダード（内国株式）,卸売業
7678,2026-10-05,3655.0,-0.0227,-0.0253,0.1316,0.1298,0.1038,0.1085,3500.0,3260.1067,True,0.0443,0.9384,3895.0,2092.5,0.0341,0.568,365500.0,0.792,0.1966,あさくま,スタンダード（内国株式）,小売業
7679,2026-10-05,1561.0,-0.0158,-0.0429,-0.0328,-0.0898,-0.0606,-0.1111,1636.32,1680.4933,False,-0.046,0.6789,2299.4081,1555.0,0.0167,0.954,156100.0,1.3031,0.4308,薬王堂ホールディングス,プライム（内国株式）,小売業
7681,2026-10-05,984.0,0.0,0.002,-0.0209,0.0707,-0.0487,0.0494,997.84,963.8933,True,-0.0139,0.8269,1190.0,725.0,0.0245,0.019,98400.0,0.6791,0.2322,レオクラン,スタンダード（内国株式）,卸売業
7682,2026-10-05,3725.0,0.004,0.0,-0.0485,-0.0821,-0.0763,-0.1034,3867.6,3952.2676,False,-0.0369,0.9057,4112.9382,3705.0,0.0087,0.165,372500.0,2.5531,0.6615,浜木綿,スタンダード（内国株式）,小売業
7683,2026-10-05,1400.0,-0.0057,-0.012,0.0014,-0.0273,-0.0264,-0.0486,1410.6,1406.619,True,-0.0075,0.9627,1454.2055,1268.5491,0.008,0.3021,140000.0,0.7959,0.2318,ダブルエー,プライム（内国株式）,小売業
7685,2026-10-05,2764.0,-0.0014,-0.0086,-0.0787,-0.2046,-0.1065,-0.2259,2961.72,3204.7067,False,-0.0668,0.6652,4155.0,1539.5233,0.0434,12.5061,276400.0,1.205,0.3781,ＢｕｙＳｅｌｌ　Ｔｅｃｈｎｏｌｏｇｉｅｓ,グロース（内国株式）,卸売業
7686,2026-10-05,430.0,-0.0069,-0.0023,-0.0183,0.0437,-0.0461,0.0224,438.0273,426.4758,True,-0.0183,0.8977,479.0,394.6697,0.0124,0.1304,43000.0,1.4777,0.2999,ひとまいる,スタンダード（内国株式）,小売業
7687,2026-10-05,477.0,0.0484,0.0731,0.06,0.1411,0.0322,0.1198,452.2976,433.7125,True,0.0546,0.8393,568.339,400.0,0.0252,0.0321,47700.0,1.2423,0.4195,ミクリード,グロース（内国株式）,卸売業
7689,2026-10-05,354.0,0.0412,-0.1128,0.1761,0.1683,0.1483,0.147,379.88,329.6533,True,-0.0681,0.639,554.0,283.0,0.1838,0.9641,35400.0,3.2201,0.3412,コパ・コーポレーション,グロース（内国株式）,卸売業
7692,2026-10-05,76.0,-0.013,0.0,-0.05,0.0037,-0.0778,-0.0176,78.8,77.51,False,-0.0355,0.5887,129.1,71.7833,0.0263,0.2186,7600.0,0.8084,0.15,アースインフィニティ,スタンダード（内国株式）,電気・ガス業
7694,2026-10-05,682.0,0.0656,0.1882,0.152,0.5824,0.1242,0.561,587.84,495.6267,True,0.1602,0.7495,910.0,408.0,0.054,0.552,68200.0,0.6103,0.4422,いつも,グロース（内国株式）,小売業
7695,2026-10-05,864.0,-0.0226,-0.0619,-0.0357,0.2135,-0.0635,0.1922,914.96,805.6,True,-0.0557,0.9019,958.0,669.0,0.0318,0.0699,86400.0,0.7017,0.3855,交換できるくん,グロース（内国株式）,小売業
7698,2026-10-05,2738.0,-0.0007,-0.0004,0.016,0.0809,-0.0118,0.0596,2755.9158,2639.2253,True,-0.0065,0.9281,2950.0,1916.4401,0.0246,0.1098,273800.0,1.9643,0.4567,アイスコ,スタンダード（内国株式）,卸売業
7701,2026-10-05,4026.0,0.0328,0.0108,0.0213,-0.0183,-0.0065,-0.0396,3925.1665,4024.9222,True,0.0257,0.8966,4490.5367,3388.0,0.0209,43.9096,402600.0,1.1836,0.2973,島津製作所,プライム（内国株式）,精密機器
7702,2026-10-05,446.0,-0.0045,-0.0187,-0.0241,-0.0346,-0.0519,-0.056,454.7444,454.8748,True,-0.0192,0.9331,478.0,416.8454,0.0149,0.106,44600.0,0.9559,0.3455,ＪＭＳ,スタンダード（内国株式）,精密機器
7707,2026-10-05,217.0,0.0236,0.0433,0.0188,0.1015,-0.009,0.0802,210.8,206.4875,False,0.0294,0.7336,295.8022,173.1284,0.0237,0.2246,21700.0,0.894,0.2528,プレシジョン・システム・サイエンス,グロース（内国株式）,精密機器
7711,2026-10-05,5040.0,-0.004,0.0215,0.0182,-0.0214,-0.0096,-0.0427,5116.2486,4908.2162,False,-0.0149,0.413,12202.2493,3939.5835,0.0426,4.0318,504000.0,0.5928,0.1702,助川電気工業,スタンダード（内国株式）,精密機器
7713,2026-10-05,2673.0,0.036,0.0761,0.1399,0.2982,0.1121,0.2769,2428.88,2227.12,True,0.1005,0.9727,2748.0,1422.1898,0.035,0.5221,267300.0,0.7105,0.3623,シグマ光機,スタンダード（内国株式）,精密機器
7715,2026-10-05,4565.0,0.0375,0.1161,0.1826,0.0856,0.1548,0.0643,4058.7869,4062.6623,True,0.1247,0.9422,4845.0,1988.4882,0.0348,3.5643,456500.0,0.9021,0.4473,長野計器,プライム（内国株式）,精密機器
7716,2026-10-05,1506.0,0.028,0.006,-0.5142,-0.4958,-0.542,-0.5171,2568.44,2899.287,False,-0.4137,0.4449,3385.0,1406.0,0.1063,7.7139,150600.0,1.6559,1.0523,ナカニシ,スタンダード（内国株式）,精密機器
7717,2026-10-05,6950.0,0.0643,0.1661,0.2966,-0.1124,0.2688,-0.1337,5826.7813,6397.7938,True,0.1928,0.6827,10180.0,2748.5143,0.0403,10.4413,695000.0,0.6755,0.51,ブイ・テクノロジー,プライム（内国株式）,精密機器
7719,2026-10-05,509.0,0.02,0.0039,0.0139,0.1413,-0.0139,0.1199,512.48,466.8267,True,-0.0068,0.5178,983.0,242.0,0.0495,1.6383,50900.0,0.3064,0.1507,東京衡機,スタンダード（内国株式）,精密機器
7721,2026-10-05,7370.0,-0.0199,-0.0067,0.0854,0.0082,0.0576,-0.0131,7140.4,6860.2667,True,0.0322,0.777,9485.4076,4364.8783,0.0421,19.2965,737000.0,0.969,0.271,東京計器,プライム（内国株式）,精密機器
7722,2026-10-05,747.0,0.0163,-0.0132,-0.0398,-0.0697,-0.0676,-0.0911,770.5763,779.3654,True,-0.0306,0.6711,1113.0651,609.4201,0.0175,0.2255,74700.0,0.8918,0.3988,国際計測器,スタンダード（内国株式）,精密機器
7723,2026-10-05,2862.0,0.0018,0.0085,-0.0062,-0.0476,-0.034,-0.0689,2868.5641,2911.9614,False,-0.0023,0.8767,3264.6699,2463.1641,0.0133,0.5345,286200.0,0.7851,0.2585,愛知時計電機,プライム（内国株式）,精密機器
7725,2026-10-05,1826.0,0.0111,0.0311,0.0837,0.0184,0.0559,-0.0029,1771.64,1803.1467,False,0.0307,0.8115,2250.2186,1247.0617,0.031,1.2026,182600.0,0.5321,0.2475,インターアクション,プライム（内国株式）,精密機器
7726,2026-10-05,1513.0,0.03,0.0544,0.1052,0.0536,0.0774,0.0323,1405.5606,1382.5469,True,0.0764,0.9421,1606.0,899.1501,0.0305,0.1097,151300.0,0.5142,0.3204,黒田精工,スタンダード（内国株式）,機械
7727,2026-10-05,978.0,0.0295,0.0976,0.1783,0.2701,0.1505,0.2488,875.9505,804.7302,True,0.1165,0.998,980.0,538.9549,0.0359,1.2193,97800.0,1.1593,0.3387,オーバル,スタンダード（内国株式）,精密機器
7729,2026-10-05,20105.0,0.0469,0.1421,0.1946,0.0677,0.1668,0.0464,17472.9466,18080.0489,True,0.1506,0.9435,21310.0,9263.3661,0.0368,55.076,2010500.0,0.8969,0.5277,東京精密,プライム（内国株式）,精密機器
7730,2026-10-05,1466.0,0.0159,-0.0014,-0.0279,-0.1511,-0.0556,-0.1724,1479.28,1564.048,False,-0.009,0.7612,1925.9295,1207.1088,0.0156,3.9815,146600.0,0.7664,0.2362,マニー,プライム（内国株式）,精密機器
7731,2026-10-05,1917.0,0.0089,0.0301,0.0132,-0.1434,-0.0146,-0.1648,1843.9621,2018.0874,False,0.0396,0.8021,2390.0,1617.5,0.0322,33.2635,191700.0,1.1024,0.3975,ニコン,プライム（内国株式）,精密機器
7733,2026-10-05,1955.0,-0.0015,-0.0322,-0.0626,0.1083,-0.0904,0.087,2020.82,1898.3933,True,-0.0326,0.8844,2210.5,1276.9608,0.021,80.2728,195500.0,0.9155,0.2561,オリンパス,プライム（内国株式）,精密機器
7734,2026-10-05,3615.0,0.0343,0.027,0.0775,-0.0282,0.0497,-0.0495,3441.3797,3476.1932,False,0.0505,0.9198,3930.0,2905.0,0.0263,3.469,361500.0,1.2477,0.2101,理研計器,プライム（内国株式）,精密機器
7735,2026-10-05,15785.0,0.0207,0.1356,0.2008,-0.1162,0.173,-0.1375,13493.3513,14852.5838,True,0.1698,0.7984,19770.0,5773.0999,0.0423,267.7371,1578500.0,0.8122,0.595,ＳＣＲＥＥＮホールディングス,プライム（内国株式）,電気機器
7740,2026-10-05,1439.0,0.0511,0.0628,0.0473,0.2524,0.0195,0.2311,1361.64,1285.5827,True,0.0568,0.9836,1463.0,935.8499,0.0158,5.4028,143900.0,0.8421,0.4623,タムロン,プライム（内国株式）,精密機器
7741,2026-10-05,24500.0,0.0132,0.0386,0.0033,-0.042,-0.0245,-0.0634,23615.4,24938.5333,False,0.0375,0.8059,30400.0,19805.8025,0.0241,294.4952,2450000.0,1.2629,0.4031,ＨＯＹＡ,プライム（内国株式）,精密機器
7743,2026-10-05,794.0,0.0013,0.0013,0.0025,0.5358,-0.0253,0.5145,783.84,606.24,True,0.013,1.0,794.0,468.0,0.0013,3.1369,79400.0,1.2045,0.2,シード,スタンダード（内国株式）,精密機器
7744,2026-10-05,1961.0,-0.0056,-0.0311,-0.0387,-0.0453,-0.0665,-0.0666,2008.0,2012.9896,True,-0.0234,0.846,2317.9788,1534.9357,0.0186,5.2007,196100.0,0.7723,0.2712,ノーリツ鋼機,プライム（内国株式）,精密機器
7745,2026-10-05,3010.0,0.0379,0.0277,0.1034,0.0401,0.0756,0.0188,2883.7058,2888.6353,True,0.0438,0.8827,3410.0,1671.7183,0.0281,2.4605,301000.0,0.9152,0.1974,Ａ＆Ｄホロンホールディングス,プライム（内国株式）,精密機器
7746,2026-10-05,954.0,-0.0195,0.0841,0.2636,0.1237,0.2358,0.1024,830.32,797.28,True,0.149,0.5824,1638.0,218.0,0.0503,9.2713,95400.0,2.4787,0.5042,岡本硝子,スタンダード（内国株式）,精密機器
7747,2026-10-05,3365.0,0.0219,0.0306,-0.0655,-0.0983,-0.0933,-0.1197,3414.8,3600.973,False,-0.0146,0.7858,4282.0,2242.9055,0.0273,49.7042,336500.0,1.1325,0.195,朝日インテック,プライム（内国株式）,精密機器
7749,2026-10-05,2750.0,-0.0079,-0.021,-0.0517,-0.0165,-0.0795,-0.0378,2863.4309,2830.797,False,-0.0396,0.9036,3043.5026,2557.7221,0.0215,0.1161,275000.0,1.6492,0.2875,メディキット,スタンダード（内国株式）,精密機器
7751,2026-10-05,4627.0,0.0043,0.0087,-0.0111,0.0666,-0.0389,0.0453,4555.2,4459.9469,True,0.0158,0.9369,4938.4391,3912.0917,0.0161,135.5681,462700.0,0.8791,0.3168,キヤノン,プライム（内国株式）,電気機器
7752,2026-10-05,1661.5,-0.0006,0.0131,-0.0209,0.1318,-0.0487,0.1105,1651.2905,1577.2902,True,0.0062,0.9508,1747.5,1236.6655,0.0217,32.2289,166150.0,0.8212,0.2071,リコー,プライム（内国株式）,電気機器
7760,2026-10-05,2121.0,-0.0019,-0.0103,0.0707,-0.2635,0.0429,-0.2849,2063.4654,2246.7951,False,0.0279,0.4985,4255.0,1736.0,0.0251,1.4863,212100.0,0.5605,0.2594,ＩＭＶ,スタンダード（内国株式）,精密機器
7762,2026-10-05,2462.0,0.0267,0.0501,-0.0975,0.028,-0.1253,0.0067,2454.9914,2412.7838,True,0.0029,0.8432,2920.0,973.9548,0.0324,37.8177,246200.0,0.7851,0.2608,シチズン時計,プライム（内国株式）,精密機器
7769,2026-10-05,3770.0,0.0,0.0027,-0.0419,-0.0258,-0.0697,-0.0472,3852.7625,3862.5875,True,-0.0215,0.9039,4170.6909,3124.4351,0.0121,0.7281,377000.0,0.8794,0.2302,リズム,プライム（内国株式）,精密機器
7771,2026-10-05,250.0,-0.0119,-0.0385,-0.0706,-0.1961,-0.0984,-0.2175,261.72,286.8267,False,-0.0448,0.266,940.0,83.0,0.0311,0.333,25000.0,1.1303,0.3982,日本精密,スタンダード（内国株式）,精密機器
7774,2026-10-05,831.0,-0.0024,-0.0036,-0.0546,0.3005,-0.0824,0.2792,848.52,746.8933,True,-0.0206,0.8964,927.0,448.0,0.0415,0.8516,83100.0,0.7949,0.2551,ジャパン・ティッシュエンジニアリング,グロース（内国株式）,精密機器
7775,2026-10-05,415.0,-0.0048,0.0,-0.0258,-0.0119,-0.0536,-0.0332,422.2392,422.7597,False,-0.0171,0.8693,477.4073,409.0,0.0079,0.0836,41500.0,1.0942,0.3952,大研医器,スタンダード（内国株式）,精密機器
7776,2026-10-05,218.0,0.014,-0.018,-0.0091,-0.048,-0.0369,-0.0694,223.64,222.3067,False,-0.0252,0.4208,518.0,200.0,0.0285,0.3435,21800.0,0.9753,0.2897,セルシード,グロース（内国株式）,精密機器
7777,2026-10-05,421.0,0.0024,0.0,0.176,0.1108,0.1482,0.0895,393.92,364.8667,False,0.0687,0.5309,793.0,264.0,0.0635,12.5959,42100.0,1.1836,0.2134,スリー・ディー・マトリックス,グロース（内国株式）,精密機器
7779,2026-10-05,224.0,0.0136,-0.0549,0.0323,-0.0427,0.0045,-0.0641,228.84,232.4133,False,-0.0212,0.5333,420.0,164.0,0.0284,1.8,22400.0,0.6501,0.3146,ＣＹＢＥＲＤＹＮＥ,グロース（内国株式）,精密機器
7780,2026-10-05,1792.0,0.0034,0.0188,-0.0824,0.0529,-0.1102,0.0316,1792.72,1771.52,True,-0.0004,0.8591,2086.0,1072.8732,0.0275,4.9976,179200.0,1.2549,0.2431,メニコン,プライム（内国株式）,精密機器
7781,2026-10-05,893.0,0.0136,0.0159,-0.0022,0.1162,-0.03,0.0949,880.56,822.3183,True,0.0141,0.976,915.0,517.7037,0.018,0.1211,89300.0,0.5405,0.224,平山ホールディングス,スタンダード（内国株式）,精密機器
7782,2026-10-05,500.0,-0.0157,0.0246,0.0246,0.0846,-0.0032,0.0633,490.8,472.7067,True,0.0187,0.8671,576.6272,420.0,0.0154,0.0208,50000.0,1.4562,0.4926,シンシア,スタンダード（内国株式）,精密機器
7791,2026-10-05,813.0,0.0012,0.0037,-0.031,-0.0133,-0.0588,-0.0347,824.2409,821.187,True,-0.0136,0.899,904.2992,767.4323,0.012,0.0181,81300.0,0.7986,0.2968,ドリームベッド,スタンダード（内国株式）,その他製品
7792,2026-10-05,1475.0,-0.0081,0.0307,-0.0061,0.0027,-0.0339,-0.0186,1476.4462,1460.8554,True,-0.001,0.9242,1596.0,1350.0,0.0193,0.2209,147500.0,1.6997,0.3214,コラントッテ,グロース（内国株式）,その他製品
7793,2026-10-05,1591.0,-0.0025,-0.0155,0.0678,0.1785,0.04,0.1572,1544.4,1442.2667,True,0.0302,0.8422,1888.9932,1324.0,0.0169,0.0244,159100.0,1.0681,0.4865,イメージ・マジック,グロース（内国株式）,その他製品
7794,2026-10-05,1064.0,0.0211,0.0566,0.1014,-0.0937,0.0737,-0.115,999.0,1002.0667,False,0.0651,0.3432,3100.0,360.0,0.0298,2.9509,106400.0,0.5195,0.3752,イーディーピー,グロース（内国株式）,その他製品
7795,2026-10-05,205.0,-0.0097,-0.0553,-0.0969,-0.0049,-0.1247,-0.0262,218.3214,210.5871,True,-0.061,0.7873,260.3913,179.8174,0.0198,0.1083,20500.0,0.5677,0.3698,ＫＹＯＲＩＴＳＵ,スタンダード（内国株式）,その他製品
7800,2026-10-05,964.0,-0.0052,0.0201,-0.037,0.0456,-0.0648,0.0242,982.8978,953.8326,True,-0.0192,0.5524,1745.0,576.0,0.0185,0.0828,96400.0,0.5367,0.2523,アミファ,スタンダード（内国株式）,その他製品
7803,2026-10-05,459.0,0.0456,0.0674,0.0503,0.4525,0.0225,0.4312,449.36,384.4031,True,0.0215,0.9107,504.0,234.7299,0.044,6.1575,45900.0,0.7727,0.3908,ブシロード,グロース（内国株式）,その他製品
7804,2026-10-05,2585.0,0.0078,0.0573,0.0866,0.1463,0.0588,0.125,2418.96,2303.7067,True,0.0686,0.938,2755.9767,2091.0,0.0157,0.1175,258500.0,2.4735,0.6914,ビーアンドピー,スタンダード（内国株式）,その他製品
7805,2026-10-05,703.0,-0.0057,-0.0042,-0.0154,-0.0583,-0.0432,-0.0796,711.12,728.8291,False,-0.0114,0.9106,772.0219,622.725,0.0078,0.054,70300.0,0.4461,0.2909,プリントネット,スタンダード（内国株式）,その他製品
7806,2026-10-05,9240.0,0.0744,0.1488,0.0871,0.1351,0.0593,0.1138,8353.4849,7982.495,True,0.1061,0.983,9400.0,3500.0,0.0455,15.8987,924000.0,1.3153,0.4044,ＭＴＧ,グロース（内国株式）,その他製品
7807,2026-10-05,879.0,0.0069,-0.009,0.0034,0.0812,-0.0244,0.0599,866.64,851.9467,True,0.0143,0.9821,895.0,777.4603,0.0132,0.016,87900.0,0.624,0.3457,幸和製作所,スタンダード（内国株式）,その他製品
7808,2026-10-05,2675.0,0.0285,0.0019,-0.0173,0.047,-0.0451,0.0256,2705.0,2656.9467,True,-0.0111,0.8187,3267.5696,2490.0,0.0103,0.0603,267500.0,1.5478,0.3581,シー・エス・ランバー,スタンダード（内国株式）,その他製品
7809,2026-10-05,1325.0,0.0008,0.0038,0.0023,0.0,-0.0255,-0.0213,1323.32,1320.8733,True,0.0013,0.7482,1770.8577,1261.168,0.0041,0.0429,132500.0,0.8623,0.2579,壽屋,スタンダード（内国株式）,その他製品
7810,2026-10-05,151.0,-0.0066,-0.0195,-0.1065,-0.0583,-0.1343,-0.0796,159.44,155.3762,False,-0.0529,0.3707,407.3376,140.4269,0.0336,0.3323,15100.0,0.0736,0.1183,クロスフォー,スタンダード（内国株式）,その他製品
7811,2026-10-05,2265.0,0.0112,-0.0321,0.1445,0.176,0.1167,0.1547,2115.8,1960.5176,True,0.0705,0.9638,2350.0,1634.0855,0.0271,0.7354,226500.0,1.1983,0.2116,中本パックス,スタンダード（内国株式）,その他製品
7812,2026-10-05,2095.0,0.0062,-0.0095,-0.0155,-0.0377,-0.0433,-0.059,2107.84,2132.9326,True,-0.0061,0.9127,2295.3361,1664.5792,0.0196,0.0625,209500.0,1.5182,0.278,クレステック,スタンダード（内国株式）,その他製品
7813,2026-10-05,923.0,0.0359,0.0441,0.0121,0.0609,-0.0157,0.0396,903.56,866.7666,True,0.0215,0.9692,952.2919,749.5522,0.0217,0.0239,92300.0,1.0055,0.4584,プラッツ,スタンダード（内国株式）,その他製品
7814,2026-10-05,628.0,-0.0032,0.0586,-0.0248,0.0129,-0.0526,-0.0084,615.5505,622.5029,True,0.0202,0.7378,851.1788,528.8131,0.0139,0.0899,62800.0,1.2431,0.5229,日本創発グループ,スタンダード（内国株式）,その他製品
7815,2026-10-05,340.0,0.0059,-0.0313,-0.0286,-0.071,-0.0564,-0.0924,346.76,339.6267,True,-0.0195,0.4823,705.0,221.0,0.0399,0.0147,34000.0,0.0991,0.2874,東京ボード工業,スタンダード（内国株式）,その他製品
7818,2026-10-05,1171.0,-0.0068,-0.0441,0.0245,-0.1308,-0.0033,-0.1522,1187.56,1233.8588,False,-0.0139,0.8353,1401.8752,971.9538,0.0195,1.4912,117100.0,0.5938,0.4125,トランザクション,プライム（内国株式）,その他製品
7819,2026-10-05,920.0,-0.0234,-0.0351,-0.08,0.0188,-0.1078,-0.0025,988.2307,941.7702,True,-0.069,0.6975,1318.9845,779.7584,0.0248,0.3037,92000.0,1.1327,0.3643,粧美堂,スタンダード（内国株式）,その他製品
7820,2026-10-05,676.0,-0.0088,-0.0315,-0.0425,-0.0637,-0.0703,-0.085,702.361,711.5737,False,-0.0375,0.7946,850.7852,675.0,0.0108,0.3213,67600.0,0.9062,0.5048,ニホンフラッシュ,プライム（内国株式）,その他製品
7821,2026-10-05,1931.0,-0.0046,-0.0077,-0.0282,0.0255,-0.056,0.0042,1972.84,1917.5497,True,-0.0212,0.8696,2220.6504,1698.4359,0.0192,2.5352,193100.0,1.113,0.2973,前田工繊,プライム（内国株式）,その他製品
7822,2026-10-05,250.0,-0.0119,-0.0157,-0.0234,0.046,-0.0512,0.0247,255.9185,248.3595,True,-0.0231,0.9387,266.3333,218.3542,0.0151,0.0835,25000.0,0.6694,0.2647,永大産業,スタンダード（内国株式）,その他製品
7823,2026-10-05,768.0,-0.0013,-0.0507,-0.1018,-0.1018,-0.1296,-0.1231,824.9207,847.5469,False,-0.069,0.844,910.0,762.0,0.016,0.6222,76800.0,1.6147,0.571,アートネイチャー,スタンダード（内国株式）,その他製品
7826,2026-10-05,11710.0,-0.011,0.0326,0.211,0.5489,0.1832,0.5276,10605.2,8709.2543,True,0.1042,0.9459,12380.0,2619.4543,0.0596,63.1787,1171000.0,0.9619,0.3582,フルヤ金属,プライム（内国株式）,その他製品
7827,2026-10-05,1777.0,0.0062,-0.0204,0.0242,0.0835,-0.0036,0.0622,1755.4,1683.0667,True,0.0123,0.9611,1849.0,1431.0,0.0164,0.0944,177700.0,2.3418,0.3027,オービス,スタンダード（内国株式）,その他製品
7831,2026-10-05,66.0,0.0,0.0,-0.0149,-0.0435,-0.0427,-0.0648,66.48,66.8267,False,-0.0072,0.55,120.0,62.0,0.0173,0.0133,6600.0,0.5645,0.175,ウイルコホールディングス,スタンダード（内国株式）,その他製品
7832,2026-10-05,5710.0,-0.0056,0.0325,0.0122,0.425,-0.0156,0.4037,5569.0944,4808.6448,True,0.0253,0.9761,5850.0,3530.0,0.0279,144.9391,571000.0,0.8561,0.2614,バンダイナムコホールディングス,プライム（内国株式）,その他製品
7833,2026-10-05,682.0,-0.0087,-0.0029,0.0194,0.0723,-0.0084,0.051,676.52,652.1333,True,0.0081,0.9452,721.5502,604.0,0.0151,0.0364,68200.0,1.0284,0.2722,アイフィスジャパン,スタンダード（内国株式）,その他製品
7836,2026-10-05,73.0,0.0139,0.0,-0.0519,-0.1098,-0.0797,-0.1311,75.2,78.64,False,-0.0293,0.6697,109.0,72.0,0.0225,0.0506,7300.0,0.8245,0.1826,アビックス,スタンダード（内国株式）,その他製品
7837,2026-10-05,342.0,-0.0087,-0.0087,0.0059,0.0654,-0.0219,0.0441,343.24,335.84,True,-0.0036,0.3977,860.0,291.0,0.0267,0.0112,34200.0,0.9222,0.3172,アールシーコア,スタンダード（内国株式）,その他製品
7839,2026-10-05,2207.0,0.0265,0.0545,0.0724,0.2133,0.0446,0.192,2099.0534,1975.2845,True,0.0514,0.9964,2215.0,1551.0,0.0195,4.7366,220700.0,1.2119,0.3459,ＳＨＯＥＩ,プライム（内国株式）,その他製品
7840,2026-10-05,1283.0,0.0086,-0.0062,-0.0161,0.0355,-0.0439,0.0142,1295.4016,1269.7872,True,-0.0096,0.9379,1368.0,1175.0,0.0128,0.4284,128300.0,1.2914,0.3414,フランスベッドホールディングス,プライム（内国株式）,その他製品
7841,2026-10-05,1081.0,0.0093,-0.0101,-0.0037,-0.0092,-0.0315,-0.0305,1084.64,1091.2133,True,-0.0034,0.8031,1346.0,1040.0,0.0164,0.1342,108100.0,0.4534,0.2484,遠藤製作所,スタンダード（内国株式）,その他製品
7844,2026-10-05,519.0,-0.0114,-0.0335,-0.0244,0.1611,-0.0522,0.1398,525.2,481.12,True,-0.0118,0.8587,604.4351,407.0,0.0222,0.8671,51900.0,1.1049,0.2957,マーベラス,プライム（内国株式）,情報・通信業
7846,2026-10-05,2108.0,0.0031,-0.0101,-0.0113,0.2098,-0.0391,0.1884,2098.54,1901.628,True,0.0045,0.9714,2170.0,1458.9318,0.0202,7.0769,210800.0,1.1069,0.2163,パイロットコーポレーション,プライム（内国株式）,その他製品
7847,2026-10-05,736.0,-0.0528,0.0667,0.1288,0.2255,0.101,0.2042,661.56,635.601,True,0.1125,0.9472,777.0,581.0116,0.0313,0.1231,73600.0,3.0297,0.5851,グラファイトデザイン,スタンダード（内国株式）,その他製品
7849,2026-10-05,3000.0,0.0,0.0,-0.0196,-0.0964,-0.0474,-0.1177,3029.72,3175.3743,False,-0.0098,0.6967,4305.8749,2911.0,0.0101,0.0744,300000.0,1.0193,0.3137,スターツ出版,スタンダード（内国株式）,情報・通信業
7850,2026-10-05,791.0,0.0,-0.0088,-0.0283,-0.0846,-0.0561,-0.1059,802.24,829.914,False,-0.014,0.8909,887.8186,791.0,0.0094,0.0273,79100.0,0.7914,0.35,総合商研,スタンダード（内国株式）,その他製品
7856,2026-10-05,2021.0,-0.0117,-0.0312,0.0773,0.1582,0.0495,0.1368,1984.16,1852.12,True,0.0186,0.9578,2110.0,1510.9115,0.0175,2.8375,202100.0,1.3244,0.2692,萩原工業,プライム（内国株式）,その他製品
7857,2026-10-05,1276.0,-0.0162,-0.0085,-0.0116,-0.0169,-0.0394,-0.0383,1286.016,1289.232,False,-0.0078,0.9114,1400.0,1258.0,0.0111,0.0086,127600.0,2.1412,0.2676,セキ,スタンダード（内国株式）,その他製品
7859,2026-10-05,260.0,0.0078,-0.037,0.0236,0.097,-0.0042,0.0757,268.4,244.4667,False,-0.0313,0.7046,369.0,149.2308,0.042,0.3004,26000.0,0.5547,0.4118,アルメディオ,スタンダード（内国株式）,その他製品
7860,2026-10-05,1219.0,0.0058,-0.0169,-0.0565,0.0,-0.0843,-0.0213,1256.7521,1250.1707,True,-0.03,0.8957,1361.0,1132.2725,0.0146,1.4972,121900.0,0.8939,0.4888,エイベックス,プライム（内国株式）,情報・通信業
7863,2026-10-05,948.0,0.0,0.0085,0.0042,-0.0227,-0.0236,-0.044,942.44,952.6133,False,0.0059,0.759,1249.0732,860.0,0.0078,0.0058,94800.0,0.4986,0.4577,平賀,スタンダード（内国株式）,その他製品
7864,2026-10-05,3340.0,0.0106,0.0009,0.0214,0.1186,-0.0064,0.0972,3311.8324,3128.8375,True,0.0085,0.9769,3418.8309,2460.0,0.0183,4.5598,334000.0,1.1204,0.2371,フジシールインターナショナル,プライム（内国株式）,その他製品
7865,2026-10-05,335.0,0.0,0.0,-0.0089,0.0,-0.0367,-0.0213,336.72,337.4667,False,-0.0051,0.643,521.0,324.0,0.0119,0.0111,33500.0,1.0718,0.325,ピープル,スタンダード（内国株式）,その他製品
7867,2026-10-05,4175.0,-0.0064,0.0273,0.1333,0.2858,0.1055,0.2645,3861.4605,3558.8402,True,0.0812,0.9784,4267.0,2496.0,0.028,27.9406,417500.0,1.2351,0.3209,タカラトミー,プライム（内国株式）,その他製品
7868,2026-10-05,520.0,-0.0189,-0.0268,-0.0614,-0.0647,-0.0892,-0.0861,536.5576,535.7459,False,-0.0309,0.6906,753.0,404.3146,0.0281,1.8296,52000.0,0.8782,0.2539,広済堂ホールディングス,プライム（内国株式）,その他製品
7871,2026-10-05,1000.0,0.0,-0.0025,-0.0215,0.0753,-0.0493,0.054,1010.0527,969.0042,True,-0.01,0.7424,1347.0,841.4836,0.015,0.0416,100000.0,0.6374,0.1747,フクビ化学工業,スタンダード（内国株式）,化学
7872,2026-10-05,613.0,-0.0065,-0.0049,-0.0049,0.0149,-0.0327,-0.0064,616.84,609.1733,True,-0.0062,0.9825,623.9235,552.1531,0.0069,0.0201,61300.0,1.2303,0.3322,エステールホールディングス,スタンダード（内国株式）,その他製品
7874,2026-10-05,955.0,-0.0083,-0.0042,-0.0042,0.0032,-0.032,-0.0182,959.5194,956.1331,True,-0.0047,0.7767,1229.5031,857.0,0.0162,0.6896,95500.0,0.898,0.2456,レック,プライム（内国株式）,化学
7875,2026-10-05,896.0,0.017,0.0492,0.1299,0.0299,0.1021,0.0086,829.0039,836.9346,True,0.0808,0.8014,1118.0,488.9815,0.0251,0.1887,89600.0,1.0952,0.4229,竹田ｉＰホールディングス,スタンダード（内国株式）,その他製品
7877,2026-10-05,2199.0,0.0,0.0078,-0.0117,0.0833,-0.0395,0.0619,2204.6,2142.5867,True,-0.0025,0.953,2307.5039,1597.577,0.0073,0.0141,219900.0,0.6,0.3469,永大化工,スタンダード（内国株式）,化学
7878,2026-10-05,1081.0,-0.034,-0.0657,-0.2596,-0.3437,-0.2874,-0.365,1309.8,1383.1733,True,-0.1747,0.5711,1893.0,841.0,0.0668,0.1577,108100.0,0.9624,0.1496,光・彩,スタンダード（内国株式）,その他製品
7879,2026-10-05,670.0,-0.0133,-0.0089,-0.0059,0.0213,-0.0337,0.0,674.84,658.7867,True,-0.0072,0.9466,707.795,634.0,0.0092,0.0481,67000.0,0.8218,0.1628,ノダ,スタンダード（内国株式）,その他製品
7883,2026-10-05,460.0,0.0066,-0.0998,0.15,0.1765,0.1222,0.1552,421.0435,402.3212,True,0.0925,0.8205,560.6117,337.3658,0.0677,0.5253,46000.0,5.3001,0.5193,サンメッセ,スタンダード（内国株式）,その他製品
7885,2026-10-05,1057.0,0.0019,-0.0443,-0.0671,-0.0654,-0.0949,-0.0867,1120.08,1105.4267,False,-0.0563,0.6161,1715.4941,726.6547,0.0214,0.1487,105700.0,1.0923,0.4785,タカノ,スタンダード（内国株式）,その他製品
7886,2026-10-05,553.0,-0.0298,-0.0627,-0.1124,-0.2244,-0.1402,-0.2457,596.12,669.4133,False,-0.0723,0.5188,1066.0,504.0,0.03,0.0186,55300.0,0.6935,0.2776,ヤマト　モビリティ　＆　Ｍｆｇ．,スタンダード（内国株式）,化学
7887,2026-10-05,1470.0,-0.0392,-0.0455,-0.0655,-0.0329,-0.0933,-0.0542,1559.2,1532.3733,True,-0.0572,0.5587,2631.0949,1412.0,0.0186,0.0557,147000.0,1.3321,0.4728,南海プライウッド,スタンダード（内国株式）,その他製品
7888,2026-10-05,905.0,-0.0022,-0.0044,0.0134,0.1723,-0.0144,0.151,897.56,874.48,True,0.0083,0.8463,1069.4017,746.0,0.018,0.8781,90500.0,0.6734,0.3193,三光合成,プライム（内国株式）,化学
7893,2026-10-05,1045.0,-0.0123,-0.043,-0.0653,-0.0509,-0.0931,-0.0722,1100.1553,1116.7984,True,-0.0501,0.8559,1221.0,1019.0,0.0149,0.5541,104500.0,1.1899,0.5151,プロネクサス,プライム（内国株式）,その他製品
7896,2026-10-05,501.0,0.0,0.0204,-0.0157,-0.004,-0.0435,-0.0253,503.9976,504.3192,True,-0.0059,0.8837,566.9126,484.3811,0.0088,0.004,50100.0,1.0542,0.43,セブン工業,スタンダード（内国株式）,その他製品
7897,2026-10-05,118.0,0.0261,-0.1324,0.1238,0.1456,0.096,0.1243,109.64,104.4533,True,0.0762,0.7973,148.0,96.0,0.066,1.1926,11800.0,4.4049,0.5394,ホクシン,スタンダード（内国株式）,その他製品
7898,2026-10-05,920.0,-0.016,-0.0076,0.0,0.0407,-0.0278,0.0194,926.722,902.614,True,-0.0073,0.8314,1106.5599,815.1,0.0177,0.0488,92000.0,0.6193,0.196,ウッドワン,スタンダード（内国株式）,その他製品
7901,2026-10-05,1162.0,0.0394,0.4489,0.3671,0.458,0.3393,0.4366,857.32,823.3733,False,0.3554,0.4116,2823.0,647.0,0.0597,0.3973,116200.0,4.6552,0.9429,マツモト,スタンダード（内国株式）,その他製品
7902,2026-10-05,1110.0,-0.0089,-0.0212,-0.0142,0.023,-0.042,0.0017,1115.08,1104.2133,True,-0.0046,0.785,1414.0,840.3155,0.0129,0.0145,111000.0,1.0851,0.2925,ソノコム,スタンダード（内国株式）,その他製品
7906,2026-10-05,2375.0,0.0246,0.0098,-0.0737,-0.0302,-0.1015,-0.0515,2470.1813,2514.1404,True,-0.0385,0.5692,4172.844,2181.0,0.0292,10.9739,237500.0,0.9228,0.2404,ヨネックス,スタンダード（内国株式）,その他製品
7908,2026-10-05,241.0,-0.0041,0.0,0.0042,0.0212,-0.0236,-0.0001,240.4375,237.1325,True,0.0023,0.8127,296.5572,219.0,0.0163,0.193,24100.0,0.7682,0.1785,きもと,スタンダード（内国株式）,化学
7911,2026-10-05,2469.0,0.0354,0.032,-0.4986,-0.5449,-0.5264,-0.5662,4109.5233,4650.6678,False,-0.3992,0.4193,5888.9399,2312.5,0.1108,73.4881,246900.0,1.4417,0.8886,ＴＯＰＰＡＮホールディングス,プライム（内国株式）,その他製品
7912,2026-10-05,3029.0,0.0117,0.0231,-0.0033,-0.0341,-0.0311,-0.0554,3022.7321,3042.6174,True,0.0021,0.9004,3364.0,2417.0652,0.0218,43.7082,302900.0,1.0654,0.259,大日本印刷,プライム（内国株式）,その他製品
7914,2026-10-05,1686.0,-0.0059,-0.0316,-0.022,0.059,-0.0498,0.0377,1739.2899,1669.95,True,-0.0306,0.9367,1800.0,1366.7457,0.0165,1.1601,168600.0,1.1359,0.4386,共同印刷,プライム（内国株式）,その他製品
7915,2026-10-05,1077.0,0.0189,-0.0818,-0.1322,-0.1939,-0.1599,-0.2152,1193.28,1286.5417,False,-0.0974,0.6412,1679.7666,1025.0,0.0328,4.6633,107700.0,1.8813,0.5685,ＮＩＳＳＨＡ,プライム（内国株式）,その他製品
7916,2026-10-05,1899.0,-0.0005,-0.0161,0.0101,0.0492,-0.0177,0.0279,1898.48,1864.5067,True,0.0003,0.9495,2000.0,1415.4619,0.0159,0.0438,189900.0,0.9353,0.2443,光村印刷,スタンダード（内国株式）,その他製品
7917,2026-10-05,1219.0,0.0218,-0.0073,-0.0287,-0.091,-0.0565,-0.1123,1242.1061,1305.4887,False,-0.0186,0.7982,1527.1593,1000.1106,0.0166,1.5244,121900.0,0.9371,0.3607,ＺＡＣＲＯＳ,プライム（内国株式）,化学
7918,2026-10-05,106.0,0.0,0.0,-0.0093,-0.0275,-0.0371,-0.0488,106.32,106.6533,True,-0.003,0.8092,131.0,95.0,0.0121,0.0434,10600.0,0.7199,0.1556,ヴィア・ホールディングス,スタンダード（内国株式）,小売業
7919,2026-10-05,217.0,-0.0091,-0.0495,-0.0398,0.1244,-0.0676,0.103,225.5216,209.9072,True,-0.0378,0.9394,231.0,181.5714,0.0185,0.0211,21700.0,0.6481,0.3066,野崎印刷紙業,スタンダード（内国株式）,その他製品
7921,2026-10-05,4110.0,0.0049,0.0049,-0.0132,0.2627,-0.041,0.2414,4148.0,4000.6,True,-0.0092,0.8739,4702.7882,2783.0,0.0238,1.1307,411000.0,0.8949,0.3117,ＴＡＫＡＲＡ　＆　ＣＯＭＰＡＮＹ,プライム（内国株式）,その他製品
7927,2026-10-05,2339.0,0.0026,0.0026,0.0327,0.0489,0.0049,0.0276,2311.1678,2269.0159,True,0.012,0.9824,2381.0,1570.2506,0.016,0.4017,233900.0,0.8982,0.2876,ムトー精工,スタンダード（内国株式）,化学
7928,2026-10-05,615.0,-0.0032,0.0033,0.0,-0.0069,-0.0278,-0.0282,617.84,622.748,True,-0.0046,0.9361,657.0,564.0413,0.0059,0.013,61500.0,0.455,0.2471,旭化学工業,スタンダード（内国株式）,化学
7931,2026-10-05,3570.0,0.0014,-0.0286,-0.0111,0.1226,-0.0389,0.1013,3634.3161,3429.1054,True,-0.0177,0.9321,3830.0,2800.0,0.0261,0.8672,357000.0,0.7497,0.204,未来工業,プライム（内国株式）,化学
7932,2026-10-05,11180.0,0.0054,-0.0261,-0.0453,-0.0947,-0.0731,-0.1161,11564.8,11797.8667,False,-0.0333,0.8046,13895.8287,11070.0,0.0124,0.8354,1118000.0,1.2261,0.3969,ニッピ,スタンダード（内国株式）,その他製品
7936,2026-10-05,4279.0,0.0333,0.0266,0.0157,-0.0942,-0.0121,-0.1155,4188.36,4534.1679,False,0.0216,0.7866,5440.0,3474.8869,0.0263,222.286,427900.0,0.9682,0.2626,アシックス,プライム（内国株式）,その他製品
7937,2026-10-05,2419.0,-0.0037,-0.0443,-0.0816,-0.0718,-0.1094,-0.0931,2565.6266,2598.7022,False,-0.0572,0.7166,3375.705,2145.5999,0.0141,0.3833,241900.0,1.168,0.458,ツツミ,スタンダード（内国株式）,その他製品
7938,2026-10-05,2096.0,-0.0052,-0.0173,-0.0265,0.0062,-0.0543,-0.0151,2125.76,2144.9467,True,-0.014,0.8686,2413.2113,2040.0,0.0073,0.0488,209600.0,1.2203,0.3794,リーガルコーポレーション,スタンダード（内国株式）,その他製品
7939,2026-10-05,600.0,0.0,0.0,-0.0148,0.0274,-0.0426,0.0061,601.28,596.1333,True,-0.0021,0.96,625.0,515.2332,0.007,0.0071,60000.0,0.8735,0.3085,研創,スタンダード（内国株式）,その他製品
7942,2026-10-05,2993.0,0.0129,0.0061,-0.0282,0.1788,-0.056,0.1575,2985.0833,2784.2011,True,0.0027,0.9238,3240.0,1809.58,0.0202,1.6549,299300.0,0.8933,0.2106,ＪＳＰ,プライム（内国株式）,化学
7943,2026-10-05,2798.0,0.0004,-0.0566,-0.0901,-0.0667,-0.1179,-0.088,2990.2904,3036.0835,True,-0.0643,0.7622,3671.1635,2619.4512,0.0206,1.8881,279800.0,1.0384,0.5075,ニチハ,プライム（内国株式）,ガラス・土石製品
7944,2026-10-05,3650.0,0.0,-0.0228,-0.0445,-0.1422,-0.0723,-0.1635,3744.8,4013.6209,False,-0.0253,0.7909,4615.0,3082.9721,0.0176,2.6974,365000.0,0.6472,0.28,ローランド,プライム（内国株式）,その他製品
7947,2026-10-05,2729.0,-0.0141,-0.0185,-0.0458,0.0345,-0.0736,0.0132,2807.5301,2685.95,True,-0.028,0.9427,2895.0,2243.0,0.0178,5.0129,272900.0,0.8233,0.3533,エフピコ,プライム（内国株式）,化学
7949,2026-10-05,2726.0,-0.0051,-0.0148,-0.0243,0.0389,-0.0521,0.0176,2804.2345,2705.1848,True,-0.0279,0.9126,2987.0359,2373.0341,0.0148,1.4568,272600.0,1.1947,0.377,小松ウオール工業,プライム（内国株式）,その他製品
7951,2026-10-05,1218.0,0.0133,-0.0158,-0.0769,0.0253,-0.1047,0.0039,1266.6558,1241.9053,True,-0.0384,0.8506,1432.0,951.9051,0.0213,27.774,121800.0,0.9927,0.3878,ヤマハ,プライム（内国株式）,その他製品
7952,2026-10-05,3425.0,0.0,0.0178,-0.0284,0.0379,-0.0562,0.0166,3376.4,3366.1333,True,0.0144,0.9294,3685.0,2311.6895,0.0239,0.5139,342500.0,0.8881,0.2751,河合楽器製作所,プライム（内国株式）,その他製品
7953,2026-10-05,399.0,-0.0075,0.0,-0.0075,0.0284,-0.0353,0.007,400.5607,393.2536,True,-0.0039,0.9828,406.0,362.7,0.0103,0.043,39900.0,1.4775,0.2648,菊水化学工業,スタンダード（内国株式）,その他製品
7955,2026-10-05,891.0,-0.0133,-0.066,-0.0982,-0.0571,-0.126,-0.0785,958.9659,940.9886,True,-0.0709,0.8241,1081.1429,731.5342,0.0194,0.4143,89100.0,0.9702,0.5197,クリナップ,プライム（内国株式）,その他製品
7956,2026-10-05,2027.5,0.0032,-0.0059,-0.0331,-0.0373,-0.0609,-0.0586,2026.74,2035.6599,True,0.0004,0.9226,2197.5,1503.5092,0.0192,18.8539,202750.0,0.9747,0.2828,ピジョン,プライム（内国株式）,その他製品
7957,2026-10-05,2063.0,-0.0711,-0.1549,-0.2068,0.1398,-0.2346,0.1185,2517.72,2157.8267,True,-0.1806,0.7239,2850.0,1374.0,0.039,1.9378,206300.0,4.6647,0.687,フジコピアン,スタンダード（内国株式）,その他製品
7962,2026-10-05,776.0,-0.0026,-0.0348,-0.0214,0.0117,-0.0492,-0.0096,795.04,791.974,False,-0.0239,0.9221,841.5332,759.0,0.0109,0.2066,77600.0,0.8789,0.3322,キングジム,プライム（内国株式）,その他製品
7963,2026-10-05,1793.0,0.0056,-0.0022,-0.0066,0.0211,-0.0344,-0.0002,1808.32,1791.0,True,-0.0085,0.7857,2282.0,1671.0,0.0112,0.0563,179300.0,0.9808,0.225,興研,スタンダード（内国株式）,その他製品
7965,2026-10-05,1409.0,-0.0119,-0.0356,-0.0289,-0.0112,-0.0567,-0.0325,1456.16,1435.12,False,-0.0324,0.8148,1729.3259,1322.0,0.0145,1.8102,140900.0,1.0413,0.3818,象印マホービン,プライム（内国株式）,電気機器
7966,2026-10-05,5940.0,0.0085,0.0312,0.1103,-0.1502,0.0825,-0.1715,5541.2742,6106.8247,False,0.072,0.8071,7360.0,3503.6918,0.0286,76.8859,594000.0,1.1928,0.2889,リンテック,プライム（内国株式）,その他製品
7970,2026-10-05,2459.0,0.022,0.054,0.1203,-0.0093,0.0925,-0.0306,2268.909,2312.0363,True,0.0838,0.9654,2547.0,1786.3186,0.0192,2.6462,245900.0,0.7477,0.4932,信越ポリマー,プライム（内国株式）,化学
7971,2026-10-05,654.0,-0.0121,-0.0396,-0.0737,-0.0136,-0.1015,-0.0349,694.6771,676.0657,True,-0.0586,0.8242,793.4501,531.8625,0.0167,0.595,65400.0,0.8579,0.4767,東リ,スタンダード（内国株式）,化学
7972,2026-10-05,2419.0,0.0054,-0.0222,-0.048,-0.1464,-0.0758,-0.1678,2501.92,2641.24,False,-0.0331,0.6547,3695.0,2136.01,0.0207,4.2926,241900.0,0.9366,0.2852,イトーキ,プライム（内国株式）,その他製品
7974,2026-10-05,7742.0,-0.0136,-0.0321,-0.1223,0.1008,-0.1501,0.0795,8374.32,7832.12,True,-0.0755,0.5396,14348.9891,6544.0,0.0277,622.3216,774200.0,0.7728,0.3553,任天堂,プライム（内国株式）,その他製品
7975,2026-10-05,1171.0,0.0086,-0.0242,0.0017,0.0723,-0.0261,0.051,1167.44,1124.9067,True,0.003,0.8858,1322.0,1057.0,0.0145,0.0383,117100.0,2.2749,0.2776,リヒトラブ,スタンダード（内国株式）,その他製品
7976,2026-10-05,3445.0,0.0,0.0192,0.1042,0.2647,0.0764,0.2434,3248.0,2898.5756,True,0.0607,0.9815,3510.0,1961.5361,0.0236,3.2072,344500.0,1.0645,0.307,三菱鉛筆,プライム（内国株式）,その他製品
7979,2026-10-05,2212.0,0.0023,-0.0212,-0.0336,0.0518,-0.0614,0.0305,2248.5831,2185.301,True,-0.0163,0.914,2420.0,1618.1381,0.0204,1.5132,221200.0,0.811,0.2509,松風,プライム（内国株式）,精密機器
7980,2026-10-05,857.0,0.0263,-0.0046,0.0082,0.0554,-0.0196,0.0341,853.72,832.6,True,0.0038,0.6462,1326.1271,754.1301,0.0326,0.2403,85700.0,1.1185,0.2148,重松製作所,スタンダード（内国株式）,その他製品
7981,2026-10-05,3040.0,0.0066,-0.0123,-0.0288,-0.0241,-0.0566,-0.0454,3086.3837,3076.8479,True,-0.015,0.9129,3330.0,2360.1484,0.0171,2.8435,304000.0,0.8404,0.2401,タカラスタンダード,プライム（内国株式）,その他製品
7983,2026-10-05,1166.0,0.0095,-0.0009,-0.045,0.1137,-0.0728,0.0923,1197.64,1102.8933,True,-0.0264,0.7412,1573.0701,1010.0,0.0162,0.0325,116600.0,0.2717,0.2377,ミロク,スタンダード（内国株式）,その他製品
7984,2026-10-05,852.8,0.0021,-0.0424,-0.0746,0.0096,-0.1023,-0.0117,899.956,867.3078,True,-0.0524,0.8877,960.6979,755.1578,0.0186,7.968,85279.9988,0.9165,0.3853,コクヨ,プライム（内国株式）,その他製品
7986,2026-10-05,1899.0,-0.0021,-0.0161,-0.0058,0.0096,-0.0336,-0.0117,1913.92,1884.7467,True,-0.0078,0.9178,2069.0,1622.2222,0.0068,0.0136,189900.0,1.043,0.4278,日本アイ・エス・ケイ,スタンダード（内国株式）,その他製品
7987,2026-10-05,538.0,-0.0074,-0.0393,-0.0478,-0.0461,-0.0756,-0.0674,560.0421,565.6274,True,-0.0394,0.8537,630.2252,522.4106,0.0142,0.2993,53800.0,1.1633,0.4854,ナカバヤシ,スタンダード（内国株式）,その他製品
7988,2026-10-05,2434.0,0.0159,0.0197,-0.5178,-0.5286,-0.5456,-0.5499,4173.105,4721.5283,False,-0.4167,0.4425,5500.0,2350.0,0.1023,12.4616,243400.0,1.4896,1.0788,ニフコ,プライム（内国株式）,化学
7989,2026-10-05,2606.0,-0.0027,-0.0291,-0.014,0.0264,-0.0418,0.0051,2670.36,2598.5076,True,-0.0241,0.9501,2743.0,1767.3458,0.012,0.9002,260600.0,1.1504,0.4879,立川ブラインド工業,プライム（内国株式）,金属製品
7990,2026-10-05,2327.0,0.0022,-0.0348,-0.0451,-0.0214,-0.0729,-0.0428,2404.5844,2434.5148,False,-0.0323,0.8477,2745.0,2027.0,0.017,1.6621,232700.0,0.8528,0.4062,グローブライド,プライム（内国株式）,その他製品
7991,2026-10-05,1050.0,-0.001,-0.0132,-0.0278,-0.0028,-0.0556,-0.0242,1067.88,1071.6533,False,-0.0167,0.5502,1908.2319,1011.0,0.0067,0.0593,105000.0,0.5357,0.3535,マミヤ・オーピー,スタンダード（内国株式）,機械
7992,2026-10-05,102.0,0.0,-0.0097,-0.0192,-0.0097,-0.047,-0.031,103.44,102.6667,False,-0.0139,0.6623,154.0,99.0,0.0196,0.025,10200.0,0.7829,0.1,セーラー万年筆,スタンダード（内国株式）,その他製品
7994,2026-10-05,2196.0,-0.0036,-0.04,-0.0846,-0.0351,-0.1124,-0.0565,2330.0776,2309.2392,True,-0.0575,0.8118,2705.0483,2104.4708,0.0148,5.1395,219600.0,1.0049,0.5583,オカムラ,プライム（内国株式）,その他製品
7995,2026-10-05,7250.0,0.0507,0.0977,0.1206,0.0462,0.0928,0.0249,6616.9594,6820.5865,False,0.0957,0.8372,8660.0,3490.4057,0.0277,3.5822,725000.0,0.7643,0.4129,バルカー,プライム（内国株式）,化学
7997,2026-10-05,1163.0,0.0283,0.0496,0.0829,0.1335,0.0551,0.1122,1098.08,1055.7333,True,0.0591,1.0,1163.0,883.0,0.0108,0.0334,116300.0,1.6291,0.6523,くろがね工作所,スタンダード（内国株式）,その他製品
8001,2026-10-05,2197.5,0.0101,-0.0029,0.0188,0.1605,-0.009,0.1392,2226.4681,2043.8827,True,-0.013,0.916,2399.0,1632.5979,0.0251,432.7193,219750.0,1.3416,0.4403,伊藤忠商事,プライム（内国株式）,卸売業
8002,2026-10-05,4805.0,0.0169,0.0049,-0.056,-0.044,-0.0838,-0.0653,4962.4849,4968.095,False,-0.0317,0.767,6264.731,3534.3063,0.0245,258.2815,480500.0,1.2779,0.3265,丸紅,プライム（内国株式）,卸売業
8005,2026-10-05,1727.0,-0.0029,-0.0092,-0.0029,0.0123,-0.0307,-0.009,1766.415,1750.4983,True,-0.0223,0.9018,1915.0,1047.3514,0.015,3.6653,172700.0,0.8954,0.2982,スクロール,プライム（内国株式）,小売業
8006,2026-10-05,1485.0,0.0,0.0116,-0.0275,0.0137,-0.0553,-0.0077,1499.2836,1536.3612,True,-0.0095,0.7607,1952.2369,1338.0,0.0159,0.0409,148500.0,0.9178,0.3269,ユアサ・フナショク,スタンダード（内国株式）,卸売業
8007,2026-10-05,770.0,-0.0052,-0.009,-0.0399,-0.0013,-0.0677,-0.0226,797.0297,787.8899,True,-0.0339,0.8414,915.1176,680.0,0.012,1.0329,77000.0,1.4092,0.4425,高島,プライム（内国株式）,卸売業
8008,2026-10-05,2107.0,-0.0009,-0.0024,-0.0103,0.0888,-0.0381,0.0674,2101.78,2033.0862,True,0.0025,0.9705,2171.0,1618.5502,0.014,1.3906,210700.0,0.6581,0.2136,ヨンドシーホールディングス,プライム（内国株式）,小売業
8011,2026-10-05,1297.0,0.0101,-0.0428,-0.1242,-0.0829,-0.152,-0.1042,1402.3733,1445.5621,True,-0.0751,0.679,1910.1192,976.6068,0.029,2.3122,129700.0,1.012,0.2901,三陽商会,プライム（内国株式）,繊維製品
8012,2026-10-05,1181.5,0.0261,0.0159,0.0163,-0.0296,-0.0115,-0.0509,1154.9954,1179.5851,True,0.0229,0.9043,1306.5,767.946,0.0179,9.9948,118150.0,1.0401,0.2294,長瀬産業,プライム（内国株式）,卸売業
8013,2026-10-05,378.0,-0.0079,-0.0053,0.0413,0.115,0.0135,0.0937,371.08,358.16,True,0.0186,0.9594,394.0,260.0,0.0144,0.0173,37800.0,0.6157,0.4237,ナイガイ,スタンダード（内国株式）,繊維製品
8014,2026-10-05,4100.0,0.0161,-0.0132,-0.0342,0.0354,-0.062,0.014,4208.388,4053.9293,True,-0.0258,0.8793,4662.812,3346.0221,0.0159,1.2559,410000.0,0.7359,0.4143,蝶理,プライム（内国株式）,卸売業
8015,2026-10-05,7387.0,0.0169,0.0081,-0.02,0.1752,-0.0478,0.1538,7450.4699,6875.7033,True,-0.0085,0.9473,7798.0,3981.7216,0.0256,167.3406,738700.0,0.9332,0.2933,豊田通商,プライム（内国株式）,卸売業
8016,2026-10-05,698.0,-0.0057,-0.0251,-0.0568,-0.0524,-0.0846,-0.0737,721.6,728.1612,False,-0.0327,0.8627,809.0564,613.9563,0.0149,5.0989,69800.0,0.978,0.326,オンワードホールディングス,プライム（内国株式）,繊維製品
8018,2026-10-05,822.0,-0.0132,-0.0243,-0.0341,0.034,-0.0619,0.0126,848.5501,833.2634,False,-0.0313,0.8571,959.0,627.1495,0.0214,0.2846,82200.0,1.0245,0.3411,三共生興,スタンダード（内国株式）,卸売業
8020,2026-10-05,2249.5,0.0054,-0.0183,-0.0051,0.0611,-0.0329,0.0398,2274.4785,2167.7528,True,-0.011,0.9251,2431.6904,1464.6303,0.021,14.45,224950.0,1.3084,0.3331,兼松,プライム（内国株式）,卸売業
8022,2026-10-05,4300.0,0.0214,0.0432,0.0501,0.2703,0.0223,0.249,4074.4463,3819.8154,True,0.0554,0.9641,4460.0,2549.4824,0.026,9.9353,430000.0,1.009,0.3304,美津濃,プライム（内国株式）,その他製品
8023,2026-10-05,1016.0,0.003,-0.0039,-0.037,0.0294,-0.0648,0.0081,1038.3032,1002.8744,True,-0.0215,0.849,1196.7354,871.0,0.0195,0.2214,101600.0,2.4572,0.3036,ＤＡＩＫＯ　ＸＴＥＣＨ,スタンダード（内国株式）,情報・通信業
8025,2026-10-05,1400.0,0.0,0.059,0.0471,0.1254,0.0193,0.1041,1329.32,1301.5733,True,0.0532,0.9763,1434.0,1181.0,0.0124,0.0194,140000.0,1.185,0.7631,ツカモトコーポレーション,スタンダード（内国株式）,卸売業
8029,2026-10-05,2727.0,-0.0015,0.0,0.0194,0.0153,-0.0084,-0.0061,2684.6,2664.4933,True,0.0158,0.9863,2765.0,2399.0,0.0106,0.2834,272700.0,0.9608,0.3361,ルックホールディングス,スタンダード（内国株式）,繊維製品
8030,2026-10-05,3905.0,0.0013,-0.0038,0.0013,0.0817,-0.0265,0.0604,3898.6,3708.5333,True,0.0016,0.9032,4323.3096,3264.3417,0.0094,0.0712,390500.0,0.6955,0.435,中央魚類,スタンダード（内国株式）,卸売業
8031,2026-10-05,4925.0,0.0047,-0.0053,-0.0379,0.0553,-0.0657,0.034,5048.5254,4854.9085,False,-0.0245,0.7378,6675.0,3566.9725,0.0231,332.3487,492500.0,1.0089,0.3995,三井物産,プライム（内国株式）,卸売業
8032,2026-10-05,1246.0,0.0048,-0.0103,0.0315,0.141,0.0037,0.1197,1236.089,1170.843,True,0.008,0.9666,1289.0,659.1878,0.0198,2.7954,124600.0,1.1425,0.3003,日本紙パルプ商事,プライム（内国株式）,卸売業
8035,2026-10-05,12765.0,0.055,0.1733,-0.7596,-0.8235,-0.7874,-0.8448,40060.8,56596.2667,False,-0.6814,0.1571,81260.0,10221.2497,0.3383,1754.4632,1276500.0,2.6289,1.0046,東京エレクトロン,プライム（内国株式）,電気機器
8037,2026-10-05,4680.0,0.0097,-0.0718,0.0252,0.2875,-0.0026,0.2662,4722.9602,4116.3201,True,-0.0091,0.8966,5219.6049,2630.8639,0.0347,3.9682,468000.0,1.5808,0.4304,カメイ,プライム（内国株式）,卸売業
8039,2026-10-05,3490.0,-0.0014,0.0058,-0.0071,0.0087,-0.0349,-0.0126,3493.2,3522.1333,False,-0.0009,0.8423,4143.2411,3370.0,0.008,0.0714,349000.0,0.8538,0.1974,築地魚市場,スタンダード（内国株式）,卸売業
8040,2026-10-05,1052.0,0.0019,-0.0019,0.0038,0.0314,-0.024,0.0101,1047.88,1036.32,True,0.0039,0.8412,1250.5537,871.4526,0.0098,0.0119,105200.0,1.2175,0.3208,東京ソワール,スタンダード（内国株式）,繊維製品
8041,2026-10-05,4260.0,-0.0035,-0.047,-0.0839,-0.0274,-0.1117,-0.0487,4572.0,4454.5333,True,-0.0682,0.8959,4755.0,3539.6998,0.0148,0.2006,426000.0,1.5259,0.7159,ＯＵＧホールディングス,スタンダード（内国株式）,卸売業
8043,2026-10-05,1455.0,-0.0034,-0.0383,-0.0503,0.1621,-0.0781,0.1408,1525.4123,1390.4574,True,-0.0462,0.902,1613.0,1080.0,0.0222,3.6796,145500.0,1.7081,0.4328,スターゼン,プライム（内国株式）,卸売業
8045,2026-10-05,2014.0,0.0,-0.0423,-0.0108,0.0501,-0.0386,0.0287,2048.4215,1985.2738,True,-0.0168,0.9303,2165.0,1037.7231,0.0202,0.0269,201400.0,0.7904,0.2573,横浜丸魚,スタンダード（内国株式）,卸売業
8046,2026-10-05,942.0,-0.0167,-0.0456,-0.0673,0.0608,-0.0951,0.0395,988.0,936.48,True,-0.0466,0.8017,1175.0645,685.7753,0.0174,0.1679,94200.0,0.9382,0.4078,丸藤シートパイル,スタンダード（内国株式）,卸売業
8050,2026-10-05,10960.0,0.0478,0.1029,0.0262,0.3962,-0.0016,0.3749,10199.9676,9116.1225,True,0.0745,0.9195,11920.0,3097.4265,0.0444,56.7033,1096000.0,1.1005,0.3474,セイコーグループ,プライム（内国株式）,精密機器
8051,2026-10-05,1991.0,-0.007,-0.0085,0.0289,0.141,0.0011,0.1197,1968.0506,1851.2969,True,0.0117,0.9637,2066.0,1313.8398,0.0249,4.0942,199100.0,1.1202,0.3143,山善,プライム（内国株式）,卸売業
8052,2026-10-05,3015.0,0.0074,0.0301,0.0502,0.0616,0.0224,0.0403,2931.4045,2828.5615,True,0.0285,0.9828,3067.6187,2486.283,0.0172,2.37,301500.0,1.4365,0.3071,椿本興業,プライム（内国株式）,卸売業
8053,2026-10-05,1741.5,0.0078,-0.015,-0.026,0.0946,-0.0538,0.0733,1793.1042,1690.4947,True,-0.0288,0.8959,1943.75,1027.8392,0.0248,194.228,174150.0,1.0199,0.2951,住友商事,プライム（内国株式）,卸売業
8056,2026-10-05,4679.0,-0.0062,-0.0002,-0.0125,0.027,-0.0402,0.0057,4736.0675,4592.9025,True,-0.012,0.7572,6179.5725,4036.0,0.0197,20.5938,467900.0,1.0544,0.2979,ＢＩＰＲＯＧＹ,プライム（内国株式）,情報・通信業
8057,2026-10-05,2207.0,-0.0116,-0.0165,-0.0421,0.0978,-0.0699,0.0765,2247.64,2118.5033,True,-0.0181,0.8861,2490.7294,1848.2716,0.0259,4.4103,220700.0,0.7956,0.2082,内田洋行,プライム（内国株式）,卸売業
8058,2026-10-05,4709.0,0.0032,-0.0099,-0.0311,0.0448,-0.0589,0.0235,4866.1825,4714.7808,False,-0.0323,0.7833,6012.0,3394.2883,0.0227,411.3438,470900.0,1.0509,0.3735,三菱商事,プライム（内国株式）,卸売業
8059,2026-10-05,3525.0,0.0071,-0.0051,-0.0499,0.0964,-0.0777,0.0751,3641.4431,3437.4277,True,-0.032,0.918,3840.0,2483.6401,0.0213,4.1647,352500.0,1.2852,0.3203,第一実業,プライム（内国株式）,卸売業
8060,2026-10-05,3733.0,-0.0003,0.0108,0.0103,0.0346,-0.0175,0.0133,3684.44,3572.1405,True,0.0132,0.9586,3894.2363,2819.5705,0.017,11.1274,373300.0,0.9592,0.2144,キヤノンマーケティングジャパン,プライム（内国株式）,卸売業
8061,2026-10-05,3065.0,0.0386,0.0136,-0.0301,0.0807,-0.0579,0.0594,3046.514,2896.3047,False,0.0061,0.8432,3635.0,1833.7743,0.0288,3.5296,306500.0,0.653,0.19,西華産業,プライム（内国株式）,卸売業
8065,2026-10-05,2949.0,0.0048,-0.0203,-0.1854,0.0282,-0.2132,0.0069,3259.0481,3235.1094,False,-0.0951,0.7201,4095.0,1665.5216,0.0323,5.1566,294900.0,1.1279,0.2406,佐藤商事,プライム（内国株式）,卸売業
8066,2026-10-05,3510.0,0.0145,-0.0231,-0.0057,0.299,-0.0335,0.2777,3545.3785,3073.8328,True,-0.01,0.9538,3680.0,2028.7088,0.0252,0.8852,351000.0,0.8768,0.283,三谷商事,スタンダード（内国株式）,卸売業
8070,2026-10-05,1003.0,-0.002,-0.0108,0.0121,0.2012,-0.0157,0.1799,993.1724,897.4708,True,0.0099,0.9036,1110.001,765.0,0.0219,1.0286,100300.0,0.9904,0.2272,東京産業,プライム（内国株式）,卸売業
8074,2026-10-05,6130.0,-0.0097,-0.0342,-0.0467,0.131,-0.0745,0.1097,6378.4491,5877.083,True,-0.039,0.9302,6590.0,4753.7055,0.0248,2.2159,613000.0,1.1079,0.3029,ＹＵＡＳＡ,プライム（内国株式）,卸売業
8075,2026-10-05,3075.0,-0.0113,-0.0226,-0.0081,0.2566,-0.0359,0.2353,3118.5372,2790.7391,True,-0.014,0.9579,3210.0,2100.4859,0.0191,1.6578,307500.0,0.984,0.2472,神鋼商事,プライム（内国株式）,卸売業
8076,2026-10-05,2055.0,-0.013,-0.013,-0.0334,0.0113,-0.0612,-0.01,2105.233,2064.9977,True,-0.0239,0.9415,2182.5827,1833.4476,0.0149,0.1097,205500.0,1.3899,0.3046,カノークス,スタンダード（内国株式）,卸売業
8077,2026-10-05,209.0,-0.0095,-0.0142,-0.0279,-0.0048,-0.0557,-0.0261,212.64,210.2133,True,-0.0171,0.7828,266.9756,197.1564,0.0137,0.0214,20900.0,0.6229,0.14,トルク,スタンダード（内国株式）,卸売業
8078,2026-10-05,1844.0,-0.0075,-0.0259,-0.0558,0.0525,-0.0836,0.0312,1902.6027,1795.9209,True,-0.0308,0.928,1987.0,1200.1977,0.0227,8.7729,184400.0,0.989,0.2456,阪和興業,プライム（内国株式）,卸売業
8079,2026-10-05,4275.0,-0.0023,-0.0404,-0.0479,0.0478,-0.0757,0.0265,4449.6,4364.5333,True,-0.0392,0.9253,4620.0,3841.5654,0.0159,2.387,427500.0,1.3423,0.3758,正栄食品工業,プライム（内国株式）,卸売業
8081,2026-10-05,2641.0,0.0004,0.0181,0.0645,0.043,0.0367,0.0217,2557.4431,2521.4277,True,0.0327,0.9365,2820.0,1903.8226,0.0177,1.3314,264100.0,1.131,0.218,カナデン,プライム（内国株式）,卸売業
8084,2026-10-05,2481.0,0.0282,0.0546,-0.482,-0.3828,-0.5098,-0.4042,4000.606,4127.3353,True,-0.3798,0.5068,4895.0,2301.8308,0.1102,2.0486,248100.0,1.4795,0.9452,ＲＹＯＤＥＮ,プライム（内国株式）,卸売業
8085,2026-10-05,4600.0,0.0011,0.0563,0.0849,0.09,0.0571,0.0687,4304.2,4222.6,True,0.0687,0.984,4675.0,3207.6426,0.0199,0.1096,460000.0,1.2532,0.3938,ナラサキ産業,スタンダード（内国株式）,卸売業
8086,2026-10-05,1316.0,0.0069,-0.0752,-0.1356,-0.1523,-0.1634,-0.1737,1446.1528,1547.7976,False,-0.09,0.7475,1760.5,1292.5,0.0217,11.9986,131600.0,1.3612,0.6486,ニプロ,プライム（内国株式）,精密機器
8088,2026-10-05,1996.0,-0.0003,-0.0427,-0.0919,-0.0249,-0.1197,-0.0462,2126.6611,2060.0404,True,-0.0614,0.8707,2292.5,1546.2143,0.0209,14.9579,199600.0,0.9002,0.4226,岩谷産業,プライム（内国株式）,卸売業
8089,2026-10-05,1907.0,-0.0016,-0.017,-0.0479,0.0253,-0.0757,0.004,1975.0218,1925.9139,True,-0.0344,0.7927,2405.6019,1703.723,0.0132,0.0791,190700.0,2.0932,0.4355,ナイス,スタンダード（内国株式）,卸売業
8091,2026-10-05,2300.0,-0.0175,-0.0229,-0.0558,-0.012,-0.0836,-0.0333,2396.2701,2354.5434,True,-0.0402,0.8592,2676.8872,2092.0,0.0176,0.2783,230000.0,1.1891,0.3257,ニチモウ,プライム（内国株式）,卸売業
8093,2026-10-05,1754.0,0.0034,-0.0163,-0.0179,0.0104,-0.0457,-0.011,1787.7681,1774.7627,True,-0.0189,0.8039,2181.9751,1662.6905,0.0133,0.6136,175400.0,0.9375,0.3596,極東貿易,プライム（内国株式）,卸売業
8095,2026-10-05,540.0,-0.0146,0.0189,0.0037,0.0609,-0.0241,0.0396,529.76,520.3733,True,0.0193,0.9783,552.0,441.0711,0.0163,0.5044,54000.0,0.9888,0.3756,アステナホールディングス,プライム（内国株式）,卸売業
8097,2026-10-05,2352.0,-0.0068,-0.0357,-0.0313,0.1073,-0.0591,0.086,2428.7576,2299.4525,True,-0.0316,0.8998,2614.0,1961.3421,0.0187,3.0233,235200.0,1.1696,0.3643,三愛オブリ,プライム（内国株式）,卸売業
8098,2026-10-05,4395.0,-0.0023,-0.0124,-0.0277,0.1084,-0.0555,0.0871,4456.0093,4151.9364,True,-0.0137,0.9565,4595.0,3306.3389,0.0186,5.5966,439500.0,1.2464,0.2868,稲畑産業,プライム（内国株式）,卸売業
8101,2026-10-05,2477.0,0.0004,-0.0473,-0.0723,0.0143,-0.1001,-0.007,2621.32,2580.52,True,-0.0551,0.8815,2810.0,2148.929,0.0156,0.9101,247700.0,1.0845,0.5496,ＧＳＩクレオス,プライム（内国株式）,卸売業
8103,2026-10-05,1005.0,0.0131,-0.005,0.0404,0.0924,0.0126,0.0711,983.64,935.4133,True,0.0217,0.9805,1025.0,705.2204,0.0169,1.5289,100500.0,0.9854,0.2412,明和産業,プライム（内国株式）,卸売業
8104,2026-10-05,768.0,-0.0291,-0.0577,0.0771,0.105,0.0493,0.0837,745.2,700.6667,True,0.0306,0.9132,841.0,526.2707,0.0275,0.1242,76800.0,1.9027,0.6007,クワザワホールディングス,スタンダード（内国株式）,卸売業
8105,2026-10-05,68.0,-0.0685,-0.0811,-0.2184,-0.5278,-0.2462,-0.5491,78.84,107.08,False,-0.1375,0.0679,1001.0,67.0,0.0567,0.9345,6800.0,0.7771,0.363,Ｂｉｔｃｏｉｎ　Ｊａｐａｎ,スタンダード（内国株式）,卸売業
8107,2026-10-05,31.0,0.0,0.0333,0.0,-0.0606,-0.0278,-0.0819,30.56,31.52,False,0.0144,0.6889,45.0,29.0,0.0323,0.044,3100.0,0.654,0.1,キムラタン,スタンダード（内国株式）,繊維製品
8111,2026-10-05,2114.5,0.0059,-0.011,0.011,-0.0658,-0.0168,-0.0871,2123.48,2188.5,False,-0.0042,0.6697,3157.3682,2031.0,0.0167,11.438,211450.0,1.0881,0.2561,ゴールドウイン,プライム（内国株式）,繊維製品
8113,2026-10-05,924.8,0.008,-0.0298,-0.0579,-0.0659,-0.0857,-0.0872,959.916,967.1532,True,-0.0366,0.8475,1091.1912,861.5989,0.0166,41.745,92479.9988,0.9168,0.3798,ユニ・チャーム,プライム（内国株式）,化学
8115,2026-10-05,1325.0,0.0,0.0053,0.0091,-0.194,-0.0187,-0.2154,1318.1546,1480.6649,False,0.0052,0.7158,1851.0,1099.9138,0.0107,0.0181,132500.0,0.2499,0.2509,ムーンバット,スタンダード（内国株式）,卸売業
8117,2026-10-05,2122.0,0.0217,0.0033,-0.0454,0.0086,-0.0732,-0.0128,2161.5536,2122.9845,True,-0.0183,0.9111,2329.0,1660.5773,0.0242,12.4092,212200.0,1.1306,0.2806,中央自動車工業,スタンダード（内国株式）,卸売業
8118,2026-10-05,1167.0,-0.0077,-0.0093,-0.0193,-0.0745,-0.0471,-0.0959,1185.48,1213.2,True,-0.0156,0.9189,1270.0,831.8766,0.0165,0.0191,116700.0,1.3908,0.3643,キング,スタンダード（内国株式）,繊維製品
8119,2026-10-05,782.0,0.0039,0.0136,-0.0101,0.0209,-0.0379,-0.0004,786.7337,777.5779,True,-0.006,0.8319,940.0,750.0,0.0061,0.0109,78200.0,0.6073,0.4495,三栄コーポレーション,スタンダード（内国株式）,卸売業
8123,2026-10-05,1390.0,-0.0163,0.0,-0.0327,0.053,-0.0605,0.0317,1404.48,1367.72,True,-0.0103,0.9295,1495.4225,1262.9085,0.0104,0.0138,139000.0,0.8276,0.2287,川辺,スタンダード（内国株式）,卸売業
8125,2026-10-05,1883.0,-0.0126,-0.0393,-0.0358,0.0814,-0.0636,0.0601,1950.24,1850.8128,True,-0.0345,0.9431,1996.6716,1568.6741,0.0132,2.5184,188300.0,0.8445,0.4115,ワキタ,プライム（内国株式）,卸売業
8127,2026-10-05,519.0,-0.0019,-0.0076,-0.0389,-0.111,-0.0667,-0.1323,532.4,564.4956,False,-0.0252,0.8085,641.9583,455.1444,0.0161,0.0638,51900.0,1.2505,0.2752,ヤマトインターナショナル,スタンダード（内国株式）,繊維製品
8129,2026-10-05,3643.0,0.0213,-0.0714,-0.0893,-0.0798,-0.117,-0.1011,3931.1121,3935.944,False,-0.0733,0.6717,5423.4464,3524.0,0.0232,6.3863,364300.0,1.38,0.6364,東邦ホールディングス,プライム（内国株式）,卸売業
8130,2026-10-05,3120.0,0.0,-0.0056,-0.0219,0.0348,-0.0497,0.0135,3178.6759,3083.4386,True,-0.0185,0.9491,3287.2187,2818.0,0.0123,3.8568,312000.0,0.9864,0.3527,サンゲツ,プライム（内国株式）,卸売業
8131,2026-10-05,2389.0,-0.0265,-0.0448,-0.0046,0.1365,-0.0324,0.1152,2453.6,2191.6,True,-0.0263,0.8783,2720.0,1695.0,0.038,1.4591,238900.0,1.2454,0.3393,ミツウロコグループホールディングス,スタンダード（内国株式）,卸売業
8132,2026-10-05,7310.0,-0.0162,-0.0688,-0.0318,0.075,-0.0596,0.0537,7509.2,7320.4,False,-0.0265,0.7886,9270.0,5791.8002,0.0318,0.5564,731000.0,0.6827,0.2455,シナネンホールディングス,プライム（内国株式）,卸売業
8133,2026-10-05,2237.0,-0.0004,-0.0231,-0.0424,0.0955,-0.0702,0.0742,2292.7631,2147.561,True,-0.0243,0.9372,2387.0,1729.3532,0.0218,2.7105,223700.0,1.0227,0.3791,伊藤忠エネクス,プライム（内国株式）,卸売業
8135,2026-10-05,434.0,0.007,0.0,0.0023,0.0188,-0.0255,-0.0025,434.8,431.24,True,-0.0018,0.7353,590.2322,402.0,0.0118,0.069,43400.0,1.2493,0.1944,ゼット,スタンダード（内国株式）,卸売業
8136,2026-10-05,1179.5,-0.0013,0.0086,-0.0962,0.0212,-0.124,-0.0001,1225.4018,1182.9753,True,-0.0375,0.7453,1582.5778,818.8,0.0315,181.8584,117950.0,0.5284,0.2553,サンリオ,プライム（内国株式）,卸売業
8137,2026-10-05,4865.0,0.0253,0.0373,0.1583,0.2363,0.1305,0.215,4452.9781,4038.9927,True,0.0925,0.999,4870.0,2521.1227,0.0274,2.0852,486500.0,0.8003,0.2441,サンワテクノス,プライム（内国株式）,卸売業
8138,2026-10-05,4150.0,0.0159,0.026,-0.0371,0.0375,-0.0649,0.0162,4190.7756,4141.7252,True,-0.0097,0.8433,4920.8552,3835.0,0.0078,0.01,415000.0,1.0615,0.3241,三京化成,スタンダード（内国株式）,卸売業
8139,2026-10-05,2239.0,-0.0265,0.0304,0.0318,-0.0223,0.004,-0.0436,2216.04,2175.9467,False,0.0104,0.7521,2977.0,1527.8429,0.0241,0.1399,223900.0,0.1859,0.3181,ナガホリ,スタンダード（内国株式）,卸売業
8141,2026-10-05,1567.0,0.0,-0.0025,0.0,-0.0138,-0.0278,-0.0352,1567.28,1575.1067,False,-0.0002,0.8843,1772.0,939.4441,0.002,0.9663,156700.0,0.3468,0.2279,新光商事,プライム（内国株式）,卸売業
8142,2026-10-05,1382.0,-0.0036,-0.0029,-0.0302,0.0381,-0.058,0.0168,1404.8,1367.5249,True,-0.0162,0.9459,1461.0,1043.121,0.0173,1.306,138200.0,0.7534,0.1509,トーホー,プライム（内国株式）,卸売業
8143,2026-10-05,155.0,-0.0312,-0.0127,0.0993,0.0993,0.0715,0.078,154.16,148.1733,False,0.0054,0.5236,296.0,135.0,0.1221,0.4458,15500.0,2.068,0.2906,ラピーヌ,スタンダード（内国株式）,繊維製品
8144,2026-10-05,1261.0,0.0,0.0088,-0.0125,-0.0337,-0.0403,-0.055,1261.0369,1269.279,False,-0.0,0.9033,1396.0,1179.646,0.0097,0.1025,126100.0,2.7459,0.7778,デンキョーグループホールディングス,スタンダード（内国株式）,卸売業
8147,2026-10-05,1442.0,-0.0123,-0.0157,0.0162,0.0834,-0.0116,0.0621,1431.08,1385.44,True,0.0076,0.944,1527.4931,1128.9313,0.0156,0.0217,144200.0,0.9458,0.36,トミタ,スタンダード（内国株式）,卸売業
8150,2026-10-05,3360.0,0.0045,0.0166,0.003,0.1894,-0.0248,0.1681,3288.6359,3027.4786,True,0.0217,0.9782,3435.0,2516.6018,0.0177,1.2355,336000.0,0.7673,0.2174,三信電気,プライム（内国株式）,卸売業
8151,2026-10-05,1905.0,0.0342,0.0133,0.0063,-0.0315,-0.0215,-0.0528,1871.4158,1946.9653,False,0.0179,0.8535,2232.0,1519.8999,0.0198,3.1268,190500.0,1.0385,0.2921,東陽テクニカ,プライム（内国株式）,卸売業
8152,2026-10-05,7260.0,0.0126,0.0083,-0.0027,-0.0763,-0.0305,-0.0977,7220.4,7411.7333,False,0.0055,0.8511,8530.0,5139.2017,0.0161,0.1317,726000.0,0.8193,0.2646,ソマール,スタンダード（内国株式）,卸売業
8153,2026-10-05,3775.0,-0.0053,-0.0215,-0.0308,0.0107,-0.0586,-0.0106,3904.7486,3804.5162,True,-0.0332,0.8521,4430.0,3420.0,0.0173,9.1091,377500.0,2.0093,0.4668,モスフードサービス,プライム（内国株式）,卸売業
8154,2026-10-05,5510.0,0.0318,-0.0196,0.1245,0.2949,0.0967,0.2736,5097.8512,4712.3504,True,0.0808,0.9517,5789.698,3281.1939,0.0319,8.0909,551000.0,1.2902,0.4383,加賀電子,プライム（内国株式）,卸売業
8157,2026-10-05,4320.0,0.007,0.0347,0.041,0.0868,0.0132,0.0655,4216.7199,4078.24,True,0.0245,0.9897,4365.0,2927.4856,0.0228,2.1466,432000.0,1.5601,0.2641,都築電気,プライム（内国株式）,情報・通信業
8158,2026-10-05,1308.0,0.0008,-0.0068,-0.0304,0.1384,-0.0582,0.1171,1328.1358,1243.1653,True,-0.0152,0.9296,1407.0,953.3933,0.0174,0.6989,130800.0,0.719,0.2183,ソーダニッカ,プライム（内国株式）,卸売業
8159,2026-10-05,4325.0,0.0225,0.0058,0.0422,0.2969,0.0144,0.2755,4141.211,3734.8703,True,0.0444,0.9789,4418.3487,2621.9949,0.0254,1.4003,432500.0,0.8423,0.2917,立花エレテック,プライム（内国株式）,卸売業
8160,2026-10-05,2278.0,-0.0048,-0.0306,-0.0796,-0.0449,-0.1074,-0.0662,2419.0676,2397.4759,True,-0.0583,0.8634,2638.3635,2228.0,0.0127,3.3501,227800.0,1.8191,0.6258,木曽路,プライム（内国株式）,小売業
8163,2026-10-05,1394.0,-0.0092,-0.0948,-0.0983,0.1125,-0.1261,0.0912,1511.28,1406.6,True,-0.0776,0.8669,1608.0,1117.0,0.0234,2.6227,139400.0,1.422,0.4912,ＳＲＳホールディングス,プライム（内国株式）,小売業
8165,2026-10-05,100.0,0.0,-0.0196,-0.0566,-0.0826,-0.0844,-0.1039,102.8,107.4533,False,-0.0272,0.4098,244.0,100.0,0.0143,0.1951,10000.0,1.5843,0.21,千趣会,スタンダード（内国株式）,小売業
8166,2026-10-05,78.0,0.0,0.0,0.0,-0.0127,-0.0278,-0.034,78.32,78.3333,False,-0.0041,0.6842,114.0,76.0,0.0147,0.0262,7800.0,0.9926,0.175,タカキュー,スタンダード（内国株式）,小売業
8167,2026-10-05,1421.0,-0.0091,-0.0152,0.0372,0.0635,0.0094,0.0422,1413.52,1371.6547,True,0.0053,0.9569,1485.0251,1203.0084,0.0209,1.0854,142100.0,0.5443,0.2322,リテールパートナーズ,プライム（内国株式）,小売業
8173,2026-10-05,4265.0,0.0095,-0.0195,0.0179,0.1766,-0.0099,0.1552,4282.7659,4018.122,True,-0.0041,0.9192,4640.0,2435.5831,0.0292,8.9844,426500.0,1.5716,0.2514,Ｊｏｓｈｉｎ,プライム（内国株式）,小売業
8174,2026-10-05,932.1,-0.0079,-0.0324,-0.6929,-0.6758,-0.7207,-0.6971,2386.3981,2697.806,False,-0.6094,0.2966,3143.0,914.5,0.1992,9.2874,93209.9976,2.7973,1.1986,日本瓦斯,プライム（内国株式）,小売業
8179,2026-10-05,1281.0,-0.0047,-0.0176,-0.0581,0.044,-0.0859,0.0227,1337.2,1296.6933,True,-0.042,0.8243,1554.0,1184.0,0.0172,3.4243,128100.0,0.8913,0.3318,ロイヤルホールディングス,プライム（内国株式）,小売業
8181,2026-10-05,999.0,-0.0109,-0.0079,0.0111,-0.0301,-0.0167,-0.0514,994.44,1010.64,True,0.0046,0.7855,1271.7366,950.0,0.0139,0.0415,99900.0,0.6197,0.3031,東天紅,スタンダード（内国株式）,小売業
8185,2026-10-05,971.0,-0.0021,-0.0329,-0.0041,0.0062,-0.0319,-0.0151,992.84,981.464,True,-0.022,0.8252,1176.6636,905.536,0.0124,1.2722,97100.0,0.6903,0.3396,チヨダ,プライム（内国株式）,小売業
8194,2026-10-05,2573.0,-0.0058,-0.0421,-0.0616,-0.0001,-0.0894,-0.0214,2687.84,2575.7108,True,-0.0427,0.9092,2830.0,2255.5633,0.0188,6.1681,257300.0,1.0145,0.382,ライフコーポレーション,プライム（内国株式）,小売業
8198,2026-10-05,3275.0,-0.0046,-0.0253,-0.0224,0.0299,-0.0502,0.0086,3355.0,3257.1333,True,-0.0238,0.8482,3861.2947,3070.0,0.0143,0.507,327500.0,0.5599,0.3099,マックスバリュ東海,スタンダード（内国株式）,小売業
8200,2026-10-05,2282.0,0.0053,0.0031,-0.0198,0.049,-0.0476,0.0277,2305.36,2269.2547,True,-0.0101,0.9308,2451.7509,2022.8441,0.0145,1.765,228200.0,0.533,0.2515,リンガーハット,プライム（内国株式）,小売業
8202,2026-10-05,150.0,0.0067,0.0135,0.0135,0.0274,-0.0143,0.0061,148.28,147.4133,True,0.0116,0.8588,174.6625,141.0,0.0086,0.0843,15000.0,1.2153,0.2333,ラオックスホールディングス,スタンダード（内国株式）,小売業
8203,2026-10-05,723.0,-0.0028,-0.0411,-0.0707,-0.0449,-0.0985,-0.0662,758.2,771.0933,True,-0.0464,0.8337,867.2104,693.0,0.0114,0.4559,72300.0,0.8094,0.4991,ＭｒＭａｘＨＤ,プライム（内国株式）,小売業
8207,2026-10-05,290.0,0.0,-0.0492,-0.0365,0.0035,-0.0643,-0.0179,299.2,293.9067,True,-0.0307,0.9508,305.0,275.0,0.0089,0.1185,29000.0,1.991,0.6611,テンアライド,スタンダード（内国株式）,小売業
8214,2026-10-05,1660.0,0.0006,-0.0224,-0.0509,-0.0195,-0.0787,-0.0408,1717.4661,1697.8487,True,-0.0335,0.9036,1837.0048,1481.0,0.0139,3.6538,166000.0,1.3603,0.3673,ＡＯＫＩホールディングス,プライム（内国株式）,小売業
8217,2026-10-05,769.0,0.0,-0.009,-0.0363,0.0069,-0.0641,-0.0144,793.16,785.1074,True,-0.0305,0.8025,958.2761,738.1098,0.0164,0.8403,76900.0,1.5007,0.4508,オークワ,プライム（内国株式）,小売業
8218,2026-10-05,3710.0,0.0013,-0.0341,-0.0351,0.0692,-0.0629,0.0478,3854.29,3721.5633,True,-0.0374,0.8854,4190.0,3016.1568,0.0179,3.5329,371000.0,0.9052,0.4447,コメリ,プライム（内国株式）,小売業
8219,2026-10-05,714.0,0.0042,-0.0272,-0.0727,-0.0083,-0.1005,-0.0297,752.5879,732.9026,True,-0.0513,0.7982,894.528,662.0,0.0184,5.0467,71400.0,1.2111,0.4727,青山商事,プライム（内国株式）,小売業
8225,2026-10-05,3645.0,-0.0014,-0.0149,0.0196,0.0768,-0.0082,0.0555,3641.2,3518.6,True,0.001,0.8353,4363.4848,3160.0,0.0139,0.0084,364500.0,0.8083,0.6113,タカチホ,スタンダード（内国株式）,卸売業
8226,2026-10-05,390.0,-0.0026,-0.0226,-0.0102,0.0,-0.0379,-0.0213,390.96,381.9467,False,-0.0025,0.6351,614.1182,341.0,0.026,0.4608,39000.0,0.6808,0.1775,理経,スタンダード（内国株式）,卸売業
8227,2026-10-05,3225.0,0.0078,0.0228,-0.0083,-0.0496,-0.0361,-0.071,3235.92,3290.005,False,-0.0034,0.2907,11095.5198,3079.1895,0.0209,25.2754,322500.0,1.2972,0.2004,しまむら,プライム（内国株式）,小売業
8230,2026-10-05,299.0,0.0,-0.0017,-0.0386,-0.0386,-0.0664,-0.0599,306.58,310.3533,False,-0.0247,0.8994,332.4332,297.5488,0.01,0.0516,29900.0,1.6109,0.3496,はせがわ,スタンダード（内国株式）,小売業
8233,2026-10-05,2103.0,0.0296,-0.009,-0.0689,-0.0587,-0.0966,-0.08,2169.42,2273.6979,True,-0.0306,0.8128,2587.3271,1540.7595,0.0206,36.0336,210300.0,0.8805,0.2902,高島屋,プライム（内国株式）,小売業
8237,2026-10-05,2198.0,0.0353,-0.0385,0.068,0.3671,0.0402,0.3458,2277.92,2012.9434,True,-0.0351,0.7171,3065.0,1340.345,0.0471,6.6677,219800.0,0.5682,0.2829,松屋,プライム（内国株式）,小売業
8242,2026-10-05,2756.5,0.0164,-0.0246,-0.0589,-0.0477,-0.0867,-0.069,2862.5005,2838.2602,True,-0.037,0.8979,3070.0,1953.8019,0.0191,10.335,275650.0,1.1079,0.4501,エイチ・ツー・オー　リテイリング,プライム（内国株式）,小売業
8244,2026-10-05,1858.0,0.0049,-0.0143,-0.0496,0.026,-0.0774,0.0046,1897.6,1862.6533,True,-0.0209,0.8992,2066.1694,1609.0,0.0163,0.6705,185800.0,0.5849,0.284,近鉄百貨店,スタンダード（内国株式）,小売業
8247,2026-10-05,347.0,-0.0198,-0.0596,0.0176,0.1528,-0.0102,0.1315,333.12,309.28,True,0.0417,0.8505,408.0,222.0,0.0412,0.0561,34700.0,1.48,0.441,大和,スタンダード（内国株式）,小売業
8252,2026-10-05,2732.0,0.0026,-0.0255,-0.0573,-0.0837,-0.0851,-0.105,2860.8683,2901.8028,True,-0.045,0.8537,3200.135,2663.0,0.0147,29.0096,273200.0,1.0648,0.5482,丸井グループ,プライム（内国株式）,小売業
8253,2026-10-05,4366.0,0.0111,-0.0503,-0.0537,-0.0576,-0.0815,-0.0789,4599.8,4584.0133,True,-0.0508,0.8936,4886.0,3451.0665,0.022,34.211,436600.0,1.1291,0.4152,クレディセゾン,プライム（内国株式）,その他金融業
8254,2026-10-05,327.0,0.0093,0.0973,0.2773,0.2056,0.2495,0.1843,288.48,289.6731,True,0.1335,0.508,643.6678,203.4187,0.0419,0.7249,32700.0,0.3463,0.3062,さいか屋,スタンダード（内国株式）,小売業
8255,2026-10-05,1266.0,-0.0055,-0.0336,-0.0125,0.1009,-0.0403,0.0796,1297.1549,1221.2516,True,-0.024,0.9288,1363.0,982.0,0.0255,2.8221,126600.0,1.3245,0.3219,アクシアル　リテイリング,プライム（内国株式）,小売業
8260,2026-10-05,376.0,0.0053,-0.0259,0.0,-0.0131,-0.0278,-0.0344,382.16,379.56,False,-0.0161,0.7041,534.0,352.0,0.0266,0.0611,37600.0,1.378,0.31,井筒屋,スタンダード（内国株式）,小売業
8267,2026-10-05,1226.0,-0.0033,-0.0308,-0.0975,-0.1527,-0.1253,-0.174,1332.0,1352.5925,False,-0.0796,0.4235,2894.9243,1209.0,0.026,152.821,122600.0,1.209,0.451,イオン,プライム（内国株式）,小売業
8273,2026-10-05,937.0,-0.0021,-0.037,-0.0973,-0.0402,-0.1251,-0.0615,995.44,983.2684,True,-0.0587,0.8638,1084.7063,850.0499,0.0171,3.9288,93700.0,0.6251,0.5,イズミ,プライム（内国株式）,小売業
8275,2026-10-05,1033.0,-0.0096,0.0177,0.0509,0.0299,0.0231,0.0086,1011.04,1006.7467,False,0.0217,0.721,1432.7683,976.0,0.0161,0.551,103300.0,2.4313,0.4627,フォーバル,スタンダード（内国株式）,卸売業
8276,2026-10-05,2529.0,-0.0148,-0.0428,-0.0592,0.0019,-0.0869,-0.0195,2662.84,2611.0284,True,-0.0503,0.7958,3177.9241,2337.5977,0.0191,3.0213,252900.0,0.736,0.4777,平和堂,プライム（内国株式）,小売業
8278,2026-10-05,1972.0,-0.0005,-0.0329,-0.0348,-0.0049,-0.0626,-0.0263,2044.0,2004.0141,True,-0.0352,0.8617,2288.5984,1859.6723,0.0162,2.1085,197200.0,0.91,0.3351,フジ,プライム（内国株式）,小売業
8281,2026-10-05,1063.0,-0.0102,-0.0428,-0.0675,-0.0397,-0.0953,-0.0611,1123.7313,1112.2838,True,-0.054,0.8497,1251.0,951.0,0.0188,2.0101,106300.0,1.6912,0.4514,ゼビオホールディングス,プライム（内国株式）,小売業
8282,2026-10-05,1702.5,0.0018,-0.0622,-0.1077,-0.0671,-0.1355,-0.0884,1859.4575,1883.2192,False,-0.0844,0.7735,2201.0,1419.6227,0.0235,21.3005,170250.0,1.8483,0.5579,ケーズホールディングス,プライム（内国株式）,小売業
8285,2026-10-05,797.0,-0.0185,-0.0269,0.0244,0.1369,-0.0034,0.1156,799.8378,742.9859,True,-0.0035,0.9499,839.0,435.2023,0.0232,0.4624,79700.0,1.1634,0.2542,三谷産業,スタンダード（内国株式）,卸売業
8291,2026-10-05,543.0,0.0074,-0.0091,-0.0073,-0.0145,-0.0351,-0.0358,547.8391,552.7597,False,-0.0088,0.8605,631.0,468.1759,0.0113,0.4895,54300.0,0.8593,0.2617,日産東京販売ホールディングス,スタンダード（内国株式）,小売業
8303,2026-10-05,1506.5,0.0047,-0.066,-0.0312,0.0269,-0.059,0.0056,1572.1733,1508.6711,True,-0.0418,0.0,53969555456.0,1325.0,0.0288,51.8994,150650.0,1.0301,0.3337,ＳＢＩ新生銀行,プライム（内国株式）,銀行業
8304,2026-10-05,3398.0,0.0027,-0.0425,-0.0018,0.1585,-0.0296,0.1372,3447.56,3167.0336,True,-0.0144,0.9457,3593.0,2121.1256,0.0276,44.0141,339800.0,0.8501,0.2431,あおぞら銀行,プライム（内国株式）,銀行業
8306,2026-10-05,3615.0,0.02,-0.0158,-0.0187,0.0727,-0.0465,0.0514,3655.12,3542.8667,True,-0.011,0.9481,3813.0,2188.601,0.0247,1567.9629,361500.0,1.0744,0.2201,三菱ＵＦＪフィナンシャル・グループ,プライム（内国株式）,銀行業
8308,2026-10-05,2546.0,0.0291,0.002,0.0113,0.1152,-0.0165,0.0939,2498.7063,2358.1288,True,0.0189,0.9789,2601.0,1390.3465,0.0301,239.8467,254600.0,0.9763,0.238,りそなホールディングス,プライム（内国株式）,銀行業
8309,2026-10-05,1755.0,0.0069,-0.0172,-0.0113,0.0734,-0.0391,0.0521,1772.3802,1683.3001,True,-0.0098,0.963,1822.5,982.4025,0.0227,161.7449,175500.0,1.0534,0.2039,三井住友トラストグループ,プライム（内国株式）,銀行業
8316,2026-10-05,3374.0,0.016,-0.0091,-0.516,-0.5038,-0.5438,-0.5251,5787.8767,6416.9856,False,-0.4171,0.4647,7260.0,3251.5559,0.1123,883.6235,337400.0,1.7443,0.9787,三井住友フィナンシャルグループ,プライム（内国株式）,銀行業
8331,2026-10-05,2805.5,0.0125,-0.0027,0.002,0.037,-0.0258,0.0156,2781.5156,2700.5585,True,0.0086,0.9699,2892.5,1400.9076,0.0278,80.7361,280550.0,1.0929,0.2899,千葉銀行,プライム（内国株式）,銀行業
8334,2026-10-05,3032.0,0.0144,-0.042,0.0596,0.2218,0.0318,0.2005,2942.2036,2664.3079,True,0.0305,0.95,3191.7047,1483.4027,0.0346,41.3391,303200.0,1.4884,0.2988,群馬銀行,プライム（内国株式）,銀行業
8336,2026-10-05,2948.0,0.0134,0.0051,0.048,0.1502,0.0202,0.1289,2842.5589,2691.8796,True,0.0371,0.9943,2965.0,1250.4415,0.0253,7.6118,294800.0,1.0478,0.2334,武蔵野銀行,プライム（内国株式）,銀行業
8337,2026-10-05,2755.0,0.0121,-0.0076,0.0174,0.0342,-0.0104,0.0128,2718.12,2641.28,True,0.0136,0.9613,2866.0,1435.8564,0.0284,3.2058,275500.0,1.0151,0.2431,千葉興業銀行,プライム（内国株式）,銀行業
8338,2026-10-05,827.0,0.0122,0.0495,0.1116,0.2645,0.0838,0.2432,760.64,693.08,True,0.0872,0.9764,847.0,279.6847,0.0454,14.577,82700.0,1.142,0.3487,筑波銀行,プライム（内国株式）,銀行業
8341,2026-10-05,4120.0,0.011,-0.0053,0.0367,0.1606,0.0089,0.1392,4032.3084,3705.7028,True,0.0217,0.9742,4229.0,1830.2526,0.0319,32.5979,412000.0,1.4028,0.1927,七十七銀行,プライム（内国株式）,銀行業
8343,2026-10-05,1984.0,-0.0241,0.0081,-0.7712,-0.717,-0.799,-0.7383,6868.3636,7216.7879,True,-0.7111,0.2008,9880.0,1775.768,0.4187,20.0649,198400.0,3.8425,0.9757,秋田銀行,プライム（内国株式）,銀行業
8344,2026-10-05,5690.0,0.0161,0.0069,0.2616,0.4172,0.2338,0.3959,5043.8851,4285.9617,True,0.1281,0.9743,5840.0,1517.2073,0.0492,11.3702,569000.0,1.5323,0.293,山形銀行,プライム（内国株式）,銀行業
8345,2026-10-05,2791.0,-0.0068,-0.0282,0.1195,0.3284,0.0917,0.3071,2666.9824,2350.1675,True,0.0465,0.9542,2925.0,890.7787,0.0414,12.1828,279100.0,1.5778,0.2301,岩手銀行,プライム（内国株式）,銀行業
8346,2026-10-05,1135.0,0.0207,0.029,0.1582,0.3791,0.1304,0.3578,1029.6978,919.7259,True,0.1023,0.9956,1140.0,413.8053,0.0385,13.1554,113500.0,1.4822,0.361,東邦銀行,プライム（内国株式）,銀行業
8349,2026-10-05,1602.0,0.0044,-0.0123,-0.0332,0.1306,-0.061,0.1092,1657.3588,1527.4929,True,-0.0334,0.9298,1723.0,1208.1836,0.0285,0.5271,160200.0,1.2936,0.2827,東北銀行,スタンダード（内国株式）,銀行業
8354,2026-10-05,7853.0,0.0082,-0.0053,0.0032,0.0722,-0.0246,0.0509,7807.6148,7502.2716,True,0.0058,0.9766,8041.0,4096.2946,0.0258,64.1615,785300.0,1.322,0.2534,ふくおかフィナンシャルグループ,プライム（内国株式）,銀行業
8358,2026-10-05,2919.0,-0.0058,0.0007,-0.0027,0.1345,-0.0305,0.1132,2902.7098,2729.2233,True,0.0056,0.9634,3030.0,1371.3299,0.0305,28.9139,291900.0,1.3228,0.3312,スルガ銀行,プライム（内国株式）,銀行業
8359,2026-10-05,2799.5,0.015,-0.0108,0.0262,0.0978,-0.0016,0.0765,2737.9059,2601.562,True,0.0225,0.9694,2888.0,1360.0549,0.0303,39.9167,279950.0,1.1773,0.3158,八十二長野銀行,プライム（内国株式）,銀行業
8360,2026-10-05,1517.0,0.008,0.0415,-0.7899,-0.7655,-0.8177,-0.7869,5400.975,6236.725,False,-0.7191,0.1965,7720.0,1369.3752,0.3795,10.3308,151700.0,2.7717,1.0631,山梨中央銀行,プライム（内国株式）,銀行業
8361,2026-10-05,1859.0,0.0271,0.0981,-0.7727,-0.7659,-0.8005,-0.7872,6145.209,7143.4697,False,-0.6975,0.2152,8640.0,1597.2421,0.3503,16.0075,185900.0,3.0381,1.0816,大垣共立銀行,プライム（内国株式）,銀行業
8362,2026-10-05,8440.0,0.023,0.0465,0.2074,0.395,0.1796,0.3737,7583.9216,6493.9739,True,0.1129,0.9988,8450.0,1940.2501,0.051,10.8927,844000.0,1.6098,0.2325,福井銀行,プライム（内国株式）,銀行業
8364,2026-10-05,3245.0,0.0015,-0.0015,0.0302,0.2801,0.0024,0.2588,3183.8659,2856.5286,True,0.0192,0.9716,3340.0,1938.312,0.0351,1.19,324500.0,0.9988,0.3051,清水銀行,プライム（内国株式）,銀行業
8365,2026-10-05,2325.0,-0.0106,-0.0355,-0.0004,0.0171,-0.0282,-0.0043,2362.502,2315.6073,True,-0.0159,0.8867,2621.9924,1619.9885,0.0221,0.1639,232500.0,0.9217,0.2316,富山銀行,スタンダード（内国株式）,銀行業
8366,2026-10-05,3075.0,0.0182,0.0149,0.0955,0.1613,0.0677,0.1399,2900.0343,2697.0381,True,0.0603,0.9872,3115.0,1186.695,0.0307,18.0072,307500.0,0.702,0.3454,滋賀銀行,プライム（内国株式）,銀行業
8367,2026-10-05,2031.0,0.003,-0.024,0.0315,0.1038,0.0037,0.0825,1986.2664,1882.4088,True,0.0225,0.9705,2092.8407,910.0807,0.0287,8.6977,203100.0,0.8834,0.234,南都銀行,プライム（内国株式）,銀行業
8368,2026-10-05,2623.0,0.0151,0.0073,0.097,0.2623,0.0692,0.241,2460.2192,2202.1797,True,0.0662,0.9951,2636.0,855.9696,0.0323,20.1576,262300.0,1.0714,0.2734,百五銀行,プライム（内国株式）,銀行業
8370,2026-10-05,1756.0,0.0052,0.0158,-0.6502,-0.6149,-0.678,-0.6362,4037.8506,4480.8835,False,-0.5651,0.3288,5340.0,1658.4994,0.1944,8.4596,175600.0,2.1319,1.0784,紀陽銀行,プライム（内国株式）,銀行業
8377,2026-10-05,868.0,-0.0106,0.0791,-0.8956,-0.8824,-0.9234,-0.9037,5906.7096,6953.8632,False,-0.853,0.0999,8692.0,760.5852,0.8181,46.0165,86800.0,4.4095,1.1046,ほくほくフィナンシャルグループ,プライム（内国株式）,銀行業
8381,2026-10-05,2575.0,0.017,-0.0279,-0.0213,0.061,-0.0491,0.0397,2595.7464,2472.7155,True,-0.008,0.9544,2698.0,1261.8208,0.0263,10.9193,257500.0,1.1702,0.2198,山陰合同銀行,プライム（内国株式）,銀行業
8383,2026-10-05,1924.0,0.0063,-0.0278,0.0026,0.1995,-0.0252,0.1782,1941.1804,1796.1001,True,-0.0089,0.9455,2035.0,1277.2392,0.0289,0.4573,192400.0,0.7314,0.2189,鳥取銀行,スタンダード（内国株式）,銀行業
8386,2026-10-05,3250.0,0.0125,-0.0015,0.045,0.2343,0.0172,0.213,3131.0179,2887.0593,True,0.038,0.9804,3315.0,1177.7328,0.0323,9.4683,325000.0,1.0343,0.2459,百十四銀行,プライム（内国株式）,銀行業
8387,2026-10-05,4685.0,0.0,0.0125,0.2889,0.4849,0.2611,0.4636,4129.7634,3529.2945,True,0.1344,0.965,4855.0,1333.8904,0.0493,13.1689,468500.0,2.023,0.29,四国銀行,プライム（内国株式）,銀行業
8388,2026-10-05,2239.0,0.0168,0.0532,-0.7692,-0.7023,-0.797,-0.7236,7517.2358,7903.0786,True,-0.7022,0.2104,10640.0,1931.1645,0.3701,14.1886,223900.0,2.9192,1.0508,阿波銀行,プライム（内国株式）,銀行業
8392,2026-10-05,3355.0,0.0323,0.0213,0.147,0.3409,0.1192,0.3196,3082.4695,2750.3165,True,0.0884,0.9955,3370.0,922.0713,0.0366,6.5685,335500.0,0.8886,0.2893,大分銀行,プライム（内国株式）,銀行業
8393,2026-10-05,2967.0,0.0242,-0.0067,0.1603,0.3246,0.1325,0.3032,2733.8792,2439.0531,True,0.0853,0.9728,3050.0,830.4149,0.0392,9.0449,296700.0,1.2834,0.321,宮崎銀行,プライム（内国株式）,銀行業
8395,2026-10-05,7040.0,0.01,0.0137,0.0798,0.2965,0.052,0.2752,6696.6629,6044.4876,True,0.0513,0.9791,7190.0,2920.3538,0.0336,3.6507,704000.0,1.0009,0.2843,佐賀銀行,プライム（内国株式）,銀行業
8399,2026-10-05,3255.0,0.0,-0.0272,0.0077,0.2278,-0.0201,0.2065,3270.7633,3001.6544,True,-0.0048,0.9476,3435.0,1345.0456,0.0343,5.4178,325500.0,1.195,0.2193,琉球銀行,プライム（内国株式）,銀行業
8410,2026-10-05,336.8,0.0,-0.0143,-0.0112,0.1606,-0.039,0.1393,340.0523,318.4881,True,-0.0096,0.9595,351.0,260.9297,0.0183,13.5384,33679.9988,0.7971,0.277,セブン銀行,プライム（内国株式）,銀行業
8411,2026-10-05,8668.0,0.0263,-0.0064,-0.0001,0.0577,-0.0279,0.0364,8596.0359,8336.092,True,0.0084,0.9736,8903.0,4517.0713,0.0308,810.9077,866800.0,1.0962,0.2608,みずほフィナンシャルグループ,プライム（内国株式）,銀行業
8416,2026-10-05,1219.0,0.0058,0.0455,0.05,-0.0371,0.0222,-0.0584,1154.2594,1173.8731,False,0.0561,0.8335,1462.4788,808.6531,0.027,0.4259,121900.0,0.7993,0.3903,高知銀行,スタンダード（内国株式）,銀行業
8418,2026-10-05,3500.0,0.0113,-0.0023,0.0951,0.1566,0.0673,0.1353,3304.7113,3110.5838,True,0.0591,0.982,3564.0,1616.6484,0.03,21.318,350000.0,1.3987,0.3184,山口フィナンシャルグループ,プライム（内国株式）,銀行業
8424,2026-10-05,4266.0,-0.0056,-0.0401,-0.0433,0.0059,-0.0711,-0.0154,4438.6671,4378.7557,True,-0.0389,0.9234,4620.0,3867.3431,0.0181,9.2529,426600.0,1.3335,0.4096,芙蓉総合リース,プライム（内国株式）,その他金融業
8425,2026-10-05,1282.0,-0.0039,-0.0454,-0.075,-0.01,-0.1028,-0.0314,1353.1192,1327.1064,True,-0.0526,0.8457,1515.8879,1199.7506,0.0176,7.5955,128200.0,1.0717,0.4785,みずほリース,プライム（内国株式）,その他金融業
8439,2026-10-05,2618.5,0.0128,-0.0198,-0.0327,0.0426,-0.0605,0.0213,2668.2952,2588.7184,True,-0.0187,0.9372,2794.0,1740.6505,0.0228,17.285,261850.0,1.029,0.2535,東京センチュリー,プライム（内国株式）,その他金融業
8473,2026-10-05,3073.0,0.0052,-0.0394,-0.0477,0.1162,-0.0755,0.0949,3255.8462,3016.1087,True,-0.0562,0.8154,3768.799,2631.0,0.0254,118.0869,307300.0,0.867,0.317,ＳＢＩホールディングス,プライム（内国株式）,証券、商品先物取引業
8508,2026-10-05,788.0,0.0207,-0.0088,0.0465,-0.0272,0.0187,-0.0485,768.8,807.08,True,0.025,0.826,954.0,380.0167,0.0323,6.4586,78800.0,0.5242,0.2713,Ｊトラスト,スタンダード（内国株式）,その他金融業
8511,2026-10-05,2321.0,-0.0123,-0.0675,-0.0565,-0.0252,-0.0843,-0.0465,2463.726,2426.082,True,-0.0579,0.893,2599.0,1698.1532,0.0204,5.4698,232100.0,1.0983,0.4417,日本証券金融,プライム（内国株式）,その他金融業
8518,2026-10-05,147.0,-0.0134,-0.0455,-0.0392,0.176,-0.067,0.1547,151.08,137.0267,True,-0.027,0.4667,315.0,115.0,0.0204,0.0437,14700.0,0.4772,0.3667,日本アジア投資,スタンダード（内国株式）,証券、商品先物取引業
8522,2026-10-05,7130.0,-0.0097,-0.0339,-0.0014,0.1317,-0.0292,0.1104,7181.3872,6696.1957,True,-0.0072,0.9481,7520.0,3216.854,0.0332,8.6807,713000.0,1.0325,0.2255,名古屋銀行,プライム（内国株式）,銀行業
8524,2026-10-05,1351.0,-0.0073,-0.0131,0.0282,0.1872,0.0004,0.1659,1325.6142,1224.0486,True,0.0192,0.965,1400.0,656.2496,0.0313,21.5883,135100.0,0.9977,0.253,北洋銀行,プライム（内国株式）,銀行業
8537,2026-10-05,3335.0,-0.0234,-0.0051,0.0952,0.1694,0.0674,0.148,3202.777,2932.2057,True,0.0413,0.9474,3520.0,1588.9334,0.0391,1.2811,333500.0,0.8201,0.31,大光銀行,スタンダード（内国株式）,銀行業
8541,2026-10-05,3580.0,-0.0042,-0.014,0.1661,0.6236,0.1383,0.6023,3346.7568,2805.5456,True,0.0697,0.9648,3710.4748,1100.1952,0.0402,6.452,358000.0,0.8379,0.2897,愛媛銀行,プライム（内国株式）,銀行業
8542,2026-10-05,1954.0,-0.0041,-0.002,0.0273,0.2923,-0.0005,0.271,1935.3956,1742.8385,True,0.0096,0.9746,2005.0,1286.9663,0.0277,0.7191,195400.0,1.2309,0.2748,トマト銀行,スタンダード（内国株式）,銀行業
8544,2026-10-05,2963.0,0.0123,-0.0003,0.0515,0.1147,0.0237,0.0934,2866.7443,2711.8348,True,0.0336,0.9855,3006.5265,1195.5009,0.0317,9.1014,296300.0,0.9081,0.2644,京葉銀行,プライム（内国株式）,銀行業
8550,2026-10-05,1204.0,0.0101,0.0169,0.1117,0.24,0.0839,0.2186,1118.5955,1034.2918,True,0.0763,0.9926,1213.0,455.8691,0.0398,8.1162,120400.0,1.1364,0.2809,栃木銀行,プライム（内国株式）,銀行業
8551,2026-10-05,2938.0,-0.0131,-0.0032,-0.6253,-0.4855,-0.6531,-0.5068,6506.4115,6375.3372,True,-0.5484,0.3268,8990.0,2679.3939,0.2213,4.5903,293800.0,2.4251,0.9706,北日本銀行,プライム（内国株式）,銀行業
8558,2026-10-05,1533.0,-0.0148,-0.0322,0.0572,0.0013,0.0294,-0.02,1506.68,1450.1067,True,0.0175,0.9445,1623.0,846.3249,0.0385,2.8138,153300.0,0.8654,0.2322,東和銀行,プライム（内国株式）,銀行業
8562,2026-10-05,408.0,-0.0024,0.0074,0.0625,0.1657,0.0347,0.1444,392.08,363.5867,True,0.0406,0.9212,442.8995,216.0245,0.0345,1.1339,40800.0,1.0441,0.3056,福島銀行,スタンダード（内国株式）,銀行業
8563,2026-10-05,1296.0,0.0286,0.0519,0.1279,0.3104,0.1001,0.2891,1189.08,1076.84,True,0.0899,1.0,1296.0,701.5122,0.027,0.7476,129600.0,1.112,0.3629,大東銀行,スタンダード（内国株式）,銀行業
8566,2026-10-05,6440.0,-0.0077,-0.0462,-0.0529,0.0238,-0.0807,0.0025,6775.8028,6583.1343,True,-0.0496,0.9266,6950.0,5443.5938,0.0174,3.2626,644000.0,1.5212,0.4736,リコーリース,プライム（内国株式）,その他金融業
8570,2026-10-05,1484.5,0.0075,-0.0794,-0.0954,-0.0099,-0.1232,-0.0312,1613.6,1562.0189,True,-0.08,0.8231,1803.6222,1373.0802,0.0239,9.6737,148450.0,1.0756,0.5363,イオンフィナンシャルサービス,プライム（内国株式）,その他金融業
8572,2026-10-05,454.2,0.0035,-0.0404,-0.0612,-0.0635,-0.089,-0.0848,478.8239,476.5013,True,-0.0514,0.8629,526.346,419.3025,0.0181,7.6382,45420.0012,1.5757,0.5452,アコム,スタンダード（内国株式）,その他金融業
8584,2026-10-05,3415.0,-0.0073,-0.0527,-0.0978,-0.0682,-0.1256,-0.0895,3695.3514,3681.3838,True,-0.0759,0.7837,4357.7972,3330.0,0.0181,5.8478,341500.0,1.7262,0.5659,ジャックス,プライム（内国株式）,その他金融業
8585,2026-10-05,790.0,0.0038,-0.0629,-0.0749,-0.1104,-0.1027,-0.1317,845.6,864.6,False,-0.0658,0.7007,1127.4466,777.0,0.0199,4.6442,79000.0,1.3427,0.6045,オリエントコーポレーション,プライム（内国株式）,その他金融業
8591,2026-10-05,5850.0,0.0183,-0.0288,-0.0694,-0.0842,-0.0972,-0.1055,6107.0763,6271.4921,False,-0.0421,0.8757,6680.0,3624.1203,0.0226,219.8395,585000.0,1.1718,0.4004,オリックス,プライム（内国株式）,その他金融業
8593,2026-10-05,1315.0,0.0069,-0.0223,-0.0667,-0.0415,-0.0945,-0.0629,1374.0571,1381.999,True,-0.043,0.8663,1518.0,1149.6177,0.0165,60.7327,131500.0,1.2457,0.4747,三菱ＨＣキャピタル,プライム（内国株式）,その他金融業
8595,2026-10-05,2190.0,-0.0057,-0.0137,-0.0476,-0.0691,-0.0754,-0.0904,2263.6528,2285.2909,True,-0.0325,0.8611,2543.1679,2124.5,0.0123,8.4423,219000.0,1.3214,0.3857,ジャフコ　グループ,プライム（内国株式）,証券、商品先物取引業
8596,2026-10-05,1505.0,0.002,-0.0359,-0.0558,0.028,-0.0836,0.0067,1560.1104,1532.5168,True,-0.0353,0.8905,1690.0,1246.8551,0.0183,0.3844,150500.0,1.1136,0.3994,九州リースサービス,スタンダード（内国株式）,その他金融業
8600,2026-10-05,1188.0,0.0008,-0.0214,0.0607,0.3171,0.0329,0.2958,1154.9854,1034.4885,True,0.0286,0.9746,1218.939,624.3149,0.0273,6.2744,118800.0,1.0417,0.2153,トモニホールディングス,プライム（内国株式）,銀行業
8601,2026-10-05,1755.5,0.0026,-0.0513,-0.0346,0.0245,-0.0624,0.0032,1829.0,1776.4,True,-0.0402,0.9249,1898.0,1092.6982,0.0242,103.6556,175550.0,1.3767,0.3335,大和証券グループ本社,プライム（内国株式）,証券、商品先物取引業
8604,2026-10-05,1527.0,0.0133,-0.0426,-0.0507,0.0248,-0.0785,0.0035,1608.36,1549.5467,True,-0.0506,0.9046,1688.0,1009.3219,0.0272,158.8507,152700.0,1.0854,0.3392,野村ホールディングス,プライム（内国株式）,証券、商品先物取引業
8609,2026-10-05,1221.0,0.0066,-0.0348,0.0261,0.2137,-0.0017,0.1924,1232.96,1110.48,True,-0.0097,0.9554,1278.0,618.5301,0.0252,5.898,122100.0,1.0202,0.2572,岡三証券グループ,プライム（内国株式）,証券、商品先物取引業
8613,2026-10-05,1203.0,-0.0091,-0.055,-0.0602,0.0877,-0.088,0.0664,1281.7291,1191.2697,True,-0.0614,0.9059,1328.0,880.4235,0.0215,3.2599,120300.0,1.0356,0.4253,丸三証券,プライム（内国株式）,証券、商品先物取引業
8614,2026-10-05,684.0,-0.0015,-0.0325,-0.05,0.0638,-0.0778,0.0424,717.08,676.8533,True,-0.0461,0.9024,758.0,486.9477,0.0194,3.2602,68400.0,0.739,0.271,東洋証券,プライム（内国株式）,証券、商品先物取引業
8616,2026-10-05,889.0,-0.0034,0.0114,-0.0011,0.1636,-0.0289,0.1423,891.2166,826.7789,True,-0.0025,0.958,928.0,541.2675,0.0217,10.1125,88900.0,1.5256,0.2699,東海東京フィナンシャル・ホールディングス,プライム（内国株式）,証券、商品先物取引業
8617,2026-10-05,594.0,0.0068,-0.023,-0.0511,0.0569,-0.0789,0.0356,614.52,578.6,True,-0.0334,0.9124,651.0,423.7241,0.0176,0.0341,59400.0,0.5005,0.3932,光世証券,スタンダード（内国株式）,証券、商品先物取引業
8622,2026-10-05,855.0,-0.0116,-0.0573,-0.0895,0.2611,-0.1173,0.2397,933.6096,818.9499,True,-0.0842,0.855,1000.0,481.651,0.0308,3.2212,85500.0,0.9305,0.4297,水戸証券,プライム（内国株式）,証券、商品先物取引業
8624,2026-10-05,1627.0,0.0162,-0.0281,-0.0175,0.1068,-0.0453,0.0855,1691.8346,1574.7049,True,-0.0383,0.9054,1797.0,776.3663,0.03,2.5285,162700.0,1.1726,0.254,いちよし証券,プライム（内国株式）,証券、商品先物取引業
8628,2026-10-05,1115.0,0.0081,-0.0115,-0.0575,0.115,-0.0853,0.0937,1167.6887,1085.4029,True,-0.0451,0.9095,1226.0,728.079,0.0294,13.5397,111500.0,1.3463,0.3508,松井証券,プライム（内国株式）,証券、商品先物取引業
8630,2026-10-05,6575.0,0.008,-0.0344,-0.0427,-0.0288,-0.0705,-0.0501,6773.9338,6724.4979,True,-0.0294,0.887,7413.0,4381.8144,0.0242,162.2072,657500.0,1.0683,0.3476,ＳＯＭＰＯホールディングス,プライム（内国株式）,保険業
8697,2026-10-05,2289.0,-0.0065,0.009,0.0669,0.0457,0.0391,0.0244,2240.7685,2208.8362,True,0.0215,0.9716,2356.0,1536.3076,0.0237,78.1285,228900.0,1.0275,0.2771,日本取引所グループ,プライム（内国株式）,その他金融業
8698,2026-10-05,682.0,-0.0087,-0.0362,-0.0448,-0.0087,-0.0726,-0.03,718.0329,701.3576,True,-0.0502,0.8117,840.2626,609.0,0.0218,10.1245,68200.0,0.8099,0.2489,マネックスグループ,プライム（内国株式）,証券、商品先物取引業
8699,2026-10-05,1113.0,0.0009,-0.015,-0.0177,-0.06,-0.0454,-0.0813,1130.2,1144.0533,False,-0.0152,0.838,1328.2103,960.1998,0.0126,0.544,111300.0,0.8928,0.3,ＨＳホールディングス,スタンダード（内国株式）,証券、商品先物取引業
8700,2026-10-05,2055.0,-0.0139,-0.0491,-0.0063,0.148,-0.0341,0.1267,2108.36,1955.6267,True,-0.0253,0.9253,2221.0,1505.8742,0.0228,0.0407,205500.0,0.5977,0.2625,丸八証券,スタンダード（内国株式）,証券、商品先物取引業
8704,2026-10-05,1383.0,-0.0014,-0.0335,0.0275,0.089,-0.0003,0.0677,1399.7678,1308.8026,True,-0.012,0.9357,1478.0,814.8825,0.0287,1.3799,138300.0,1.0721,0.2951,トレイダーズホールディングス,スタンダード（内国株式）,証券、商品先物取引業
8705,2026-10-05,211.0,-0.0186,-0.0186,-0.0321,-0.0866,-0.0599,-0.1079,220.0717,223.0906,False,-0.0412,0.7046,299.4404,154.982,0.022,0.1869,21100.0,0.7716,0.3451,日産証券グループ,スタンダード（内国株式）,証券、商品先物取引業
8706,2026-10-05,1723.0,-0.0103,-0.0523,-0.0951,0.0525,-0.1229,0.0312,1872.3061,1767.782,True,-0.0797,0.8746,1970.0,1385.5457,0.0189,3.0678,172300.0,1.0843,0.5195,極東証券,プライム（内国株式）,証券、商品先物取引業
8707,2026-10-05,4595.0,0.0011,-0.0203,0.011,0.1139,-0.0168,0.0926,4673.4601,4371.7534,True,-0.0168,0.9533,4820.0,2470.4554,0.0234,4.8558,459500.0,0.9348,0.2463,岩井コスモホールディングス,プライム（内国株式）,証券、商品先物取引業
8708,2026-10-05,1624.0,-0.0031,-0.0688,-0.0804,0.0484,-0.1082,0.0271,1756.8083,1661.7094,True,-0.0756,0.8588,1891.0,1192.1916,0.0278,2.7909,162400.0,1.2334,0.3896,アイザワ証券グループ,プライム（内国株式）,証券、商品先物取引業
8713,2026-10-05,2793.0,-0.0197,-0.0243,0.0007,0.3799,-0.0271,0.3586,2809.6721,2408.224,True,-0.0059,0.9523,2933.0,1484.0079,0.0376,2.2414,279300.0,1.0317,0.2419,フィデアホールディングス,プライム（内国株式）,銀行業
8714,2026-10-05,1126.0,0.0072,-0.0046,0.0445,0.1028,0.0167,0.0815,1096.4593,1046.0731,True,0.0269,0.9707,1160.0,603.2109,0.0286,11.0393,112600.0,1.1192,0.3067,池田泉州ホールディングス,プライム（内国株式）,銀行業
8715,2026-10-05,1020.0,0.019,-0.0135,-0.0529,-0.2099,-0.0807,-0.2312,1045.24,1150.9067,False,-0.0241,0.5965,1710.0,747.1657,0.0232,2.8846,102000.0,0.9393,0.3458,アニコム　ホールディングス,プライム（内国株式）,保険業
8725,2026-10-05,4830.0,0.0113,-0.0315,-0.0594,0.0611,-0.0872,0.0398,5053.4165,4811.5388,True,-0.0442,0.9069,5326.0,3047.066,0.0268,247.3724,483000.0,1.27,0.4518,ＭＳ＆ＡＤインシュアランスグループホールディングス,プライム（内国株式）,保険業
8729,2026-10-05,149.0,0.0007,-0.0516,-0.0629,0.0,-0.0907,-0.0213,159.637,154.2137,True,-0.0666,0.728,204.6586,129.3,0.025,92.595,14900.0,1.0572,0.4561,ソニーフィナンシャルグループ,プライム（内国株式）,保険業
8737,2026-10-05,567.0,-0.0122,-0.0534,-0.087,-0.0659,-0.1148,-0.0872,610.2,608.84,True,-0.0708,0.756,750.037,496.7778,0.0151,0.237,56700.0,1.0768,0.6547,あかつき本社,スタンダード（内国株式）,証券、商品先物取引業
8739,2026-10-05,2643.0,-0.0004,0.0123,0.0197,0.1607,-0.0081,0.1394,2618.8598,2419.9933,True,0.0092,0.9753,2710.0,1355.9969,0.022,4.3084,264300.0,1.5695,0.2665,スパークス・グループ,プライム（内国株式）,証券、商品先物取引業
8742,2026-10-05,579.0,-0.0017,-0.0017,0.0302,0.0527,0.0025,0.0314,587.32,563.8267,True,-0.0142,0.8921,649.0,298.3171,0.027,0.0485,57900.0,1.158,0.3068,小林洋行,スタンダード（内国株式）,証券、商品先物取引業
8746,2026-10-05,125.0,0.0965,0.2019,-0.0157,0.1364,-0.0435,0.115,114.16,118.68,False,0.095,0.2144,583.0,91.0,0.1217,2.2262,12500.0,2.586,0.3352,ｕｎｂａｎｋｅｄ,スタンダード（内国株式）,証券、商品先物取引業
8747,2026-10-05,2126.0,-0.0125,-0.0938,-0.0248,-0.0899,-0.0526,-0.1112,2238.16,2249.0,True,-0.0501,0.6614,3214.602,1553.6465,0.0324,0.1827,212600.0,0.9796,0.3805,豊トラスティ証券,スタンダード（内国株式）,証券、商品先物取引業
8750,2026-10-05,1816.0,0.0165,-0.048,-0.0163,-0.0317,-0.044,-0.053,1860.6611,1849.4804,True,-0.024,0.927,1959.0,1029.8335,0.0261,178.9383,181600.0,1.193,0.3581,第一ライフグループ,プライム（内国株式）,保険業
8766,2026-10-05,509.5,0.0041,0.2253,-0.9345,-0.9348,-0.9623,-0.9561,5540.6985,6910.8062,False,-0.908,0.0602,8468.0,407.8514,1.3082,496.5995,50950.0,4.7124,1.1933,東京海上ホールディングス,プライム（内国株式）,保険業
8769,2026-10-05,495.0,-0.0237,-0.0462,-0.012,-0.0462,-0.0398,-0.0676,508.48,503.5467,True,-0.0265,0.7392,669.625,451.0,0.0281,0.1765,49500.0,0.9293,0.3015,アドバンテッジリスクマネジメント,スタンダード（内国株式）,サービス業
8771,2026-10-05,1709.0,0.0,-0.0167,-0.0047,-0.0458,-0.0325,-0.0671,1744.6419,1784.694,True,-0.0204,0.8962,1907.0,1457.0457,0.016,2.7345,170900.0,1.207,0.4216,イー・ギャランティ,プライム（内国株式）,その他金融業
8772,2026-10-05,917.0,0.011,0.0055,0.0234,0.1129,-0.0044,0.0915,899.64,856.7067,True,0.0193,0.9738,941.6842,768.0,0.0143,0.0593,91700.0,1.2877,0.2587,アサックス,スタンダード（内国株式）,その他金融業
8783,2026-10-05,44.0,0.0,-0.0435,-0.2143,-0.5319,-0.2421,-0.5532,50.84,66.6933,False,-0.1345,0.1264,348.0,43.0,0.0471,0.2949,4400.0,0.3297,0.2897,ａｂｃ,スタンダード（内国株式）,その他金融業
8789,2026-10-05,152.0,-0.0065,-0.0256,-0.0617,0.1692,-0.0895,0.1479,160.1175,144.0392,True,-0.0507,0.8539,178.0,101.0,0.029,1.6859,15200.0,0.8123,0.3401,フィンテック　グローバル,スタンダード（内国株式）,その他金融業
8793,2026-10-05,4035.0,0.0,-0.0324,-0.0335,-0.0098,-0.0613,-0.0311,4184.1965,4127.1988,True,-0.0357,0.934,4320.0,3702.1127,0.0133,0.8131,403500.0,1.2992,0.5213,ＮＥＣキャピタルソリューション,プライム（内国株式）,その他金融業
8795,2026-10-05,4779.0,0.0089,-0.0318,-0.0191,-0.0542,-0.0469,-0.0755,4879.1485,4900.8495,True,-0.0205,0.9233,5176.0,3132.0672,0.0252,65.1031,477900.0,0.9473,0.3449,Ｔ＆Ｄホールディングス,プライム（内国株式）,保険業
8798,2026-10-05,71.0,-0.1932,-0.4662,-0.4741,-0.458,-0.5019,-0.4793,129.68,129.4533,False,-0.4525,0.2029,350.0,66.0,0.2203,0.4999,7100.0,4.6685,0.7543,アドバンスクリエイト,プライム（内国株式）,保険業
8801,2026-10-05,1420.0,-0.0042,-0.0357,-0.0627,-0.0871,-0.0905,-0.1084,1491.1269,1506.9156,False,-0.0477,0.6651,2135.164,1420.0,0.0209,144.8605,142000.0,1.1207,0.3144,三井不動産,プライム（内国株式）,不動産業
8802,2026-10-05,3465.0,-0.0094,-0.0391,-0.0816,-0.1853,-0.1094,-0.2066,3651.3521,3869.2507,False,-0.051,0.6442,5378.8195,3178.3479,0.0232,126.9928,346500.0,1.0462,0.3172,三菱地所,プライム（内国株式）,不動産業
8803,2026-10-05,2230.0,-0.0089,-0.0367,-0.0685,-0.0591,-0.0963,-0.0804,2345.7014,2356.3005,False,-0.0493,0.886,2517.0,2105.6813,0.0152,4.7288,223000.0,1.3464,0.5411,平和不動産,プライム（内国株式）,不動産業
8804,2026-10-05,3180.0,-0.0097,-0.0364,-0.0606,-0.0644,-0.0884,-0.0857,3323.56,3348.2526,True,-0.0432,0.7406,4293.5859,2707.4442,0.0201,32.1412,318000.0,1.3751,0.2737,東京建物,プライム（内国株式）,不動産業
8818,2026-10-05,974.0,-0.002,-0.0846,-0.1225,-0.1618,-0.1503,-0.1831,1089.035,1094.8783,True,-0.1056,0.824,1182.0,795.259,0.0262,6.3104,97400.0,1.8653,0.6344,京阪神ビルディング,プライム（内国株式）,不動産業
8830,2026-10-05,3063.0,-0.0084,-0.0292,-0.0718,-0.2063,-0.0996,-0.2276,3226.1404,3479.5001,False,-0.0506,0.5746,5330.4983,3051.0,0.0212,96.9506,306300.0,1.0975,0.3143,住友不動産,プライム（内国株式）,不動産業
8835,2026-10-05,776.0,0.0013,-0.0202,-0.0276,-0.0152,-0.0554,-0.0365,795.32,786.1867,True,-0.0243,0.5023,1545.0,733.3775,0.0108,0.1253,77600.0,0.9922,0.3829,太平洋興発,スタンダード（内国株式）,卸売業
8836,2026-10-05,26.0,0.0,0.0,-0.037,-0.037,-0.0648,-0.0584,26.68,26.4667,True,-0.0255,0.6667,39.0,22.0,0.0412,0.0149,2600.0,0.8848,0.1867,ＲＩＳＥ,スタンダード（内国株式）,不動産業
8841,2026-10-05,967.0,-0.0031,-0.0421,-0.0388,0.0,-0.0666,-0.0213,1006.9778,976.9259,True,-0.0397,0.8167,1184.0,783.2758,0.0241,0.9335,96700.0,0.8418,0.3305,テーオーシー,スタンダード（内国株式）,不動産業
8844,2026-10-05,1158.0,0.0026,-0.0326,-0.0736,-0.1992,-0.1014,-0.2205,1227.2421,1282.0407,True,-0.0564,0.7669,1510.0,1021.7504,0.0227,0.704,115800.0,0.6691,0.4306,コスモスイニシア,スタンダード（内国株式）,不動産業
8848,2026-10-05,1005.0,-0.0079,-0.028,0.5485,0.525,0.5207,0.5037,818.32,705.2667,True,0.2281,0.9481,1060.0,598.0,0.0402,45.7301,100500.0,3.5235,0.1462,レオパレス２１,プライム（内国株式）,不動産業
8850,2026-10-05,4505.0,-0.0011,-0.0476,-0.0456,-0.0536,-0.0733,-0.0749,4685.4562,4674.0854,True,-0.0385,0.8551,5268.2792,4390.0,0.0184,2.7759,450500.0,1.2017,0.3737,スターツコーポレーション,プライム（内国株式）,不動産業
8860,2026-10-05,702.0,-0.0085,-0.0436,-0.0727,-0.0859,-0.1005,-0.1073,740.2826,751.5742,False,-0.0517,0.7697,912.0723,701.0,0.0142,0.4839,70200.0,1.3694,0.5016,フジ住宅,プライム（内国株式）,不動産業
8864,2026-10-05,907.0,-0.012,-0.0382,-0.0649,-0.0503,-0.0927,-0.0716,956.1069,952.5956,True,-0.0514,0.8297,1093.1736,848.0,0.0164,0.656,90700.0,0.9122,0.4764,空港施設,スタンダード（内国株式）,不動産業
8869,2026-10-05,779.0,-0.0038,-0.0442,-0.0637,-0.0359,-0.0915,-0.0572,816.68,817.88,True,-0.0461,0.6636,1173.9295,756.0,0.0122,0.4904,77900.0,1.1409,0.4526,明和地所,スタンダード（内国株式）,不動産業
8871,2026-10-05,2930.0,-0.0125,-0.0639,-0.1026,-0.1201,-0.1304,-0.1414,3182.875,3264.025,False,-0.0794,0.761,3850.0,2912.0,0.0193,1.6787,293000.0,1.1472,0.6066,ゴールドクレスト,スタンダード（内国株式）,不動産業
8876,2026-10-05,2316.0,0.0059,0.0156,0.0307,0.0863,0.0029,0.065,2236.0907,2097.3302,True,0.0357,0.9951,2327.5,1560.292,0.0223,12.5914,231600.0,1.1512,0.3181,リログループ,プライム（内国株式）,サービス業
8877,2026-10-05,4920.0,-0.004,-0.0353,-0.0611,-0.0219,-0.0889,-0.0432,5177.8988,5126.0996,True,-0.0498,0.6649,7399.5286,4760.0,0.0193,1.6778,492000.0,1.4455,0.4475,エスリード,プライム（内国株式）,不動産業
8881,2026-10-05,630.0,-0.0063,-0.0469,-0.0583,-0.0426,-0.0861,-0.0639,659.88,660.52,True,-0.0453,0.7906,796.8824,556.6738,0.0126,0.7367,63000.0,1.025,0.4541,日神グループホールディングス,プライム（内国株式）,不動産業
8887,2026-10-05,357.0,-0.0056,-0.0165,-0.0377,-0.0056,-0.0655,-0.0269,365.8,367.84,True,-0.0241,0.734,486.3603,333.0,0.0134,0.2119,35700.0,0.9145,0.1881,シーラホールディングス,スタンダード（内国株式）,不動産業
8891,2026-10-05,2108.0,0.0014,0.012,0.0048,0.0641,-0.023,0.0428,2068.8279,2036.0626,True,0.0189,0.7501,2810.3508,1648.0,0.0226,0.09,210800.0,1.0131,0.2452,ＡＭＧホールディングス,スタンダード（内国株式）,不動産業
8892,2026-10-05,1053.0,0.0086,-0.0556,-0.0392,-0.0479,-0.067,-0.0692,1101.12,1097.8,False,-0.0437,0.861,1223.0,948.2425,0.0161,1.9636,105300.0,1.1795,0.5671,エスコン,プライム（内国株式）,不動産業
8894,2026-10-05,16.0,0.0,-0.0588,-0.2,-0.36,-0.2278,-0.3813,18.96,21.9733,False,-0.1561,0.2192,73.0,15.0,0.0982,0.155,1600.0,1.5849,0.3182,ＲＥＶＯＬＵＴＩＯＮ,スタンダード（内国株式）,不動産業
8897,2026-10-05,422.0,-0.014,-0.0409,-0.0786,0.0343,-0.1064,0.013,447.6,429.0533,True,-0.0572,0.8941,472.0,350.7561,0.0184,3.3836,42200.0,1.0762,0.4892,ＭＩＲＡＲＴＨホールディングス,プライム（内国株式）,不動産業
8898,2026-10-05,1131.0,0.0009,-0.0079,-0.0009,0.0035,-0.0287,-0.0178,1136.8409,1130.827,True,-0.0051,0.9692,1167.0,1067.6386,0.0149,0.0471,113100.0,1.0249,0.2704,センチュリー２１・ジャパン,スタンダード（内国株式）,不動産業
8904,2026-10-05,826.0,0.0085,0.0036,0.0,0.0079,-0.0278,-0.0134,824.32,827.8558,True,0.002,0.962,858.6698,756.8257,0.0067,0.11,82600.0,0.6714,0.1974,ＡＶＡＮＴＩＡ,スタンダード（内国株式）,不動産業
8908,2026-10-05,873.0,0.0,-0.018,-0.0191,0.0058,-0.0469,-0.0156,884.36,868.1867,True,-0.0128,0.9514,917.6293,765.9406,0.0127,0.0442,87300.0,0.883,0.2529,毎日コムネット,スタンダード（内国株式）,不動産業
8912,2026-10-05,156.0,-0.0064,0.0,-0.0824,0.0331,-0.1102,0.0118,158.2,156.1863,False,-0.0139,0.568,274.6497,145.6328,0.0142,0.0939,15600.0,0.3091,0.271,エリアクエスト,スタンダード（内国株式）,不動産業
8914,2026-10-05,825.0,-0.006,-0.0614,-0.0884,0.0198,-0.1162,-0.0015,886.64,891.5728,False,-0.0695,0.6277,1314.4129,796.0,0.0231,0.5476,82500.0,0.5531,0.4719,エリアリンク,スタンダード（内国株式）,不動産業
8917,2026-10-05,1070.0,-0.0047,-0.0228,-0.0506,-0.0446,-0.0784,-0.066,1098.12,1110.36,True,-0.0256,0.8627,1240.3308,999.0,0.0115,0.8835,107000.0,0.9875,0.2767,ファースト住建,スタンダード（内国株式）,不動産業
8918,2026-10-05,11.0,0.0,0.1,0.0,0.1,-0.0278,0.0787,10.44,10.2667,True,0.0536,0.9167,12.0,8.0,0.0909,30.4175,1100.0,0.8546,0.1,ランド,スタンダード（内国株式）,不動産業
8919,2026-10-05,3430.0,0.0118,-0.0242,-0.0717,0.0489,-0.0995,0.0276,3561.9848,3443.1283,True,-0.0371,0.8817,3890.0,2394.11,0.0246,6.6593,343000.0,0.9893,0.2607,カチタス,プライム（内国株式）,不動産業
8920,2026-10-05,655.0,0.0077,-0.0438,-0.0736,-0.1427,-0.1013,-0.164,694.9212,729.2537,False,-0.0574,0.6722,974.4,645.0,0.0186,0.5373,65500.0,1.1056,0.4507,東祥,スタンダード（内国株式）,サービス業
8923,2026-10-05,1664.0,-0.0387,-0.0572,-0.0475,-0.0415,-0.0753,-0.0628,1732.4,1744.0667,True,-0.0395,0.8564,1943.0,1477.0,0.0244,4.197,166400.0,1.4592,0.3648,トーセイ,プライム（内国株式）,不動産業
8927,2026-10-05,486.0,-0.0082,-0.0433,0.0083,0.0881,-0.0195,0.0668,489.04,464.2982,True,-0.0062,0.8992,540.4619,391.569,0.0168,0.661,48600.0,1.4029,0.3316,明豊エンタープライズ,スタンダード（内国株式）,不動産業
8928,2026-10-05,2303.0,-0.0004,-0.0013,-0.003,0.0181,-0.0308,-0.0032,2311.56,2292.3267,False,-0.0037,0.8063,2856.3963,2043.4411,0.0075,0.1268,230300.0,0.6244,0.1736,穴吹興産,スタンダード（内国株式）,不動産業
8929,2026-10-05,1314.0,0.0008,-0.0492,-0.0464,0.0274,-0.0742,0.006,1373.44,1310.6624,True,-0.0433,0.6504,2020.2999,1185.0,0.0221,0.6631,131400.0,0.8035,0.3096,青山財産ネットワークス,スタンダード（内国株式）,不動産業
8931,2026-10-05,1294.0,0.0094,-0.0219,-0.0175,0.0039,-0.0453,-0.0174,1324.44,1326.2074,True,-0.023,0.7412,1745.7588,1198.5514,0.0189,0.1519,129400.0,1.353,0.5117,和田興産,スタンダード（内国株式）,不動産業
8934,2026-10-05,2191.0,-0.0081,-0.07,-0.1147,-0.1236,-0.1425,-0.1449,2386.3493,2440.2898,True,-0.0819,0.7594,2885.0,2184.0,0.0192,3.6401,219100.0,1.3827,0.5628,サンフロンティア不動産,プライム（内国株式）,不動産業
8935,2026-10-05,1917.0,0.0079,-0.0308,-0.0482,0.0597,-0.076,0.0384,1982.4198,1902.0199,True,-0.033,0.9194,2085.0,1354.8032,0.0209,1.0788,191700.0,1.0585,0.2867,ＦＪネクストホールディングス,プライム（内国株式）,不動産業
8938,2026-10-05,322.0,-0.0183,-0.0062,-0.0153,-0.0153,-0.0431,-0.0366,327.88,332.6533,True,-0.0179,0.5087,633.0,268.0,0.047,0.0257,32200.0,1.3981,0.3038,グローム・ホールディングス,グロース（内国株式）,不動産業
8944,2026-10-05,260.0,0.0317,0.0526,0.0788,0.0744,0.051,0.0531,247.3257,243.9619,False,0.0512,0.7471,348.0,224.0,0.0266,0.121,26000.0,1.3082,0.3172,ランドビジネス,スタンダード（内国株式）,不動産業
8945,2026-10-05,1093.0,0.0018,0.0028,0.0018,0.0037,-0.026,-0.0176,1090.56,1097.1554,False,0.0022,0.8011,1364.3024,974.2761,0.0055,0.0324,109300.0,0.9618,0.2833,サンネクスタグループ,スタンダード（内国株式）,不動産業
8946,2026-10-05,74.0,0.0137,0.0278,0.0,-0.039,-0.0278,-0.0603,74.4,75.8933,False,-0.0054,0.4654,159.0,71.0,0.0203,0.0516,7400.0,0.7888,0.2667,ＡＳＩＡＮ　ＳＴＡＲ,スタンダード（内国株式）,不動産業
8995,2026-10-05,2053.0,0.0199,0.0582,0.3118,1.4795,0.284,1.4581,1909.08,1344.5333,True,0.0754,0.7009,2929.0,761.0131,0.132,9.5841,205300.0,1.2301,0.1738,誠建設工業,スタンダード（内国株式）,不動産業
8996,2026-10-05,1101.0,-0.0027,0.0271,0.0223,0.1043,-0.0055,0.083,1090.12,1051.08,True,0.01,0.9666,1139.0,849.0216,0.0183,0.0256,110100.0,1.3063,0.3624,ハウスフリーダム,スタンダード（内国株式）,不動産業
8999,2026-10-05,549.0,-0.009,-0.0385,-0.0335,0.0457,-0.0612,0.0244,566.36,548.3733,True,-0.0307,0.8794,624.264,499.0,0.0124,0.2572,54900.0,0.7795,0.3389,グランディハウス,プライム（内国株式）,不動産業
9001,2026-10-05,2764.0,0.0058,-0.0479,-0.0714,-0.06,-0.0992,-0.0813,2923.4816,2950.5405,True,-0.0546,0.8541,3236.0,2430.6682,0.0176,24.1678,276400.0,1.618,0.548,東武鉄道,プライム（内国株式）,陸運業
9003,2026-10-05,2469.5,0.0049,-0.0436,-0.0476,-0.022,-0.0754,-0.0433,2593.2248,2552.0549,True,-0.0477,0.7798,3167.0,2323.0,0.0189,13.8525,246950.0,2.1534,0.5092,相鉄ホールディングス,プライム（内国株式）,陸運業
9005,2026-10-05,1577.0,-0.0041,-0.0313,-0.0431,-0.0767,-0.0709,-0.098,1642.4953,1678.2651,False,-0.0399,0.7909,1993.9622,1573.0,0.0154,41.9157,157700.0,1.1576,0.4679,東急,プライム（内国株式）,陸運業
9006,2026-10-05,1501.0,-0.004,-0.0173,-0.0341,-0.0406,-0.0619,-0.0619,1550.4415,1536.7072,True,-0.0319,0.8999,1668.0,1379.8582,0.017,15.7575,150100.0,1.5426,0.3624,京浜急行電鉄,プライム（内国株式）,陸運業
9007,2026-10-05,1697.5,-0.0018,-0.0267,-0.0543,0.0003,-0.0821,-0.021,1775.7732,1731.4977,True,-0.0441,0.9065,1872.5,1536.5,0.0188,27.3818,169750.0,1.2632,0.4926,小田急電鉄,プライム（内国株式）,陸運業
9008,2026-10-05,741.1,-0.0026,-0.0429,-0.0577,-0.0188,-0.0855,-0.0401,780.1273,770.4251,True,-0.05,0.8726,849.3,711.4,0.0218,20.2589,74109.9976,1.6,0.431,京王電鉄,プライム（内国株式）,陸運業
9009,2026-10-05,1303.0,-0.008,-0.0269,-0.0258,0.0382,-0.0536,0.0169,1358.0633,1275.4411,True,-0.0405,0.9134,1426.5,1033.0,0.0218,26.8257,130300.0,1.1461,0.3328,京成電鉄,プライム（内国株式）,陸運業
9010,2026-10-05,2600.0,-0.008,-0.0144,-0.005,0.0216,-0.0328,0.0003,2642.04,2641.9733,True,-0.0159,0.9171,2835.0,1921.0913,0.0222,4.7747,260000.0,1.2319,0.2391,富士急行,プライム（内国株式）,陸運業
9012,2026-10-05,2088.0,0.0,0.0005,-0.0109,-0.0029,-0.0387,-0.0242,2098.8,2102.5467,False,-0.0051,0.928,2250.0,2021.0,0.0039,0.0046,208800.0,0.6994,0.2947,秩父鉄道,スタンダード（内国株式）,陸運業
9017,2026-10-05,1980.0,-0.0005,-0.005,-0.0025,-0.008,-0.0303,-0.0293,1992.12,1992.0667,True,-0.0061,0.9195,2153.2445,1950.0,0.0028,0.0185,198000.0,1.3364,0.319,新潟交通,スタンダード（内国株式）,陸運業
9020,2026-10-05,3300.0,0.0012,-0.0263,-0.0691,-0.0577,-0.0969,-0.079,3480.8501,3498.8434,False,-0.052,0.7921,4166.2632,3243.0,0.019,100.2821,330000.0,1.0308,0.4498,東日本旅客鉄道,プライム（内国株式）,陸運業
9021,2026-10-05,2851.0,-0.0059,-0.0354,-0.0476,-0.0064,-0.0754,-0.0278,2989.1374,2909.3325,True,-0.0462,0.8215,3470.4961,2453.0,0.0182,60.5473,285100.0,0.9005,0.4837,西日本旅客鉄道,プライム（内国株式）,陸運業
9022,2026-10-05,3603.0,-0.005,-0.0384,-0.086,0.0124,-0.1138,-0.009,3816.4788,3747.4529,True,-0.0559,0.7488,4811.6914,3202.0,0.019,83.1204,360300.0,0.9344,0.3848,東海旅客鉄道,プライム（内国株式）,陸運業
9023,2026-10-05,1424.5,-0.0108,-0.0465,-0.0404,-0.028,-0.0682,-0.0493,1499.2182,1460.4194,True,-0.0498,0.8289,1718.6054,1315.5,0.0192,27.9983,142450.0,1.0575,0.4932,東京地下鉄,プライム（内国株式）,陸運業
9024,2026-10-05,3544.0,0.0006,-0.0142,0.0296,-0.0128,0.0018,-0.0341,3528.3421,3419.654,True,0.0044,0.6067,5841.5112,2579.5,0.0267,44.6235,354400.0,0.8439,0.2078,西武ホールディングス,プライム（内国株式）,陸運業
9025,2026-10-05,2771.0,0.0025,-0.0372,-0.0345,-0.0195,-0.0623,-0.0408,2878.7427,2849.6342,True,-0.0374,0.7798,3553.3445,2600.0,0.0182,2.6217,277100.0,1.0254,0.4854,鴻池運輸,プライム（内国株式）,陸運業
9028,2026-10-05,3150.0,-0.0187,-0.0512,-0.0749,-0.1417,-0.1027,-0.163,3359.0,3506.4233,False,-0.0622,0.7706,4087.9449,2828.7613,0.0173,0.5578,315000.0,1.2813,0.4118,ゼロ,スタンダード（内国株式）,陸運業
9029,2026-10-05,1853.0,0.017,-0.0064,-0.0175,-0.0512,-0.0453,-0.0725,1849.76,1899.1067,False,0.0018,0.8552,2166.6665,1519.3798,0.019,0.1059,185300.0,0.7905,0.2381,ヒガシホールディングス,スタンダード（内国株式）,陸運業
9031,2026-10-05,2834.5,0.0018,-0.071,-0.0938,-0.0435,-0.1216,-0.0648,3056.3353,3024.4118,True,-0.0726,0.8592,3299.0,2160.9684,0.0247,11.0772,283450.0,2.0753,0.5131,西日本鉄道,プライム（内国株式）,陸運業
9033,2026-10-05,617.0,-0.0032,-0.0144,-0.0283,-0.0206,-0.0561,-0.042,630.36,626.6533,True,-0.0212,0.9312,662.5994,587.5509,0.0066,0.0682,61700.0,1.142,0.4912,広島電鉄,スタンダード（内国株式）,陸運業
9034,2026-10-05,1627.0,0.0031,-0.0145,-0.0133,0.0099,-0.0411,-0.0114,1650.3399,1623.58,True,-0.0141,0.9571,1700.0,1380.1784,0.0135,0.0953,162700.0,0.6009,0.3051,南総通運,スタンダード（内国株式）,陸運業
9036,2026-10-05,1197.0,-0.0124,-0.0132,-0.0386,-0.0634,-0.0664,-0.0847,1232.7941,1274.2247,False,-0.029,0.8278,1446.0,899.9691,0.0215,0.0483,119700.0,1.8619,0.3348,東部ネットワーク,スタンダード（内国株式）,陸運業
9037,2026-10-05,1776.0,0.0097,-0.0348,-0.0322,-0.0446,-0.0599,-0.066,1828.837,1827.319,False,-0.0289,0.9154,1940.0304,1481.9265,0.0152,2.0016,177600.0,1.0266,0.4016,ハマキョウレックス,プライム（内国株式）,陸運業
9039,2026-10-05,2922.0,-0.0014,-0.0292,-0.0276,0.0034,-0.0554,-0.0179,2985.6603,2953.5268,True,-0.0213,0.9456,3090.0,2614.891,0.0148,3.1552,292200.0,1.6041,0.3751,サカイ引越センター,プライム（内国株式）,陸運業
9041,2026-10-05,3393.0,0.0159,-0.025,-0.0151,-0.0247,-0.0429,-0.046,3472.6617,3471.5006,False,-0.0229,0.9101,3728.0,2745.7249,0.0171,32.4132,339300.0,1.8981,0.4933,近鉄グループホールディングス,プライム（内国株式）,陸運業
9042,2026-10-05,4456.0,0.0079,0.0102,-0.0413,-0.0241,-0.0691,-0.0454,4592.2774,4585.8391,False,-0.0297,0.8597,5183.0,3774.3315,0.0215,47.4961,445600.0,1.4786,0.4215,阪急阪神ホールディングス,プライム（内国株式）,陸運業
9044,2026-10-05,2977.0,0.0005,-0.0581,-0.0397,0.0186,-0.0675,-0.0027,3119.89,2978.4767,True,-0.0458,0.8972,3318.0,2583.5,0.025,21.0296,297700.0,2.6435,0.4402,ＮＡＮＫＡＩ,プライム（内国株式）,陸運業
9045,2026-10-05,3098.0,-0.0013,-0.0316,-0.0337,-0.0349,-0.0615,-0.0562,3195.96,3190.8133,True,-0.0307,0.8879,3489.1669,2993.3481,0.0169,10.0934,309800.0,1.3538,0.3738,京阪ホールディングス,プライム（内国株式）,陸運業
9046,2026-10-05,2347.0,-0.0097,-0.0479,-0.049,-0.0369,-0.0768,-0.0582,2456.24,2448.56,True,-0.0445,0.8978,2614.1714,2302.3714,0.0132,0.3155,234700.0,2.0757,0.4924,神戸電鉄,スタンダード（内国株式）,陸運業
9048,2026-10-05,1821.5,-0.003,-0.0225,-0.0339,-0.0228,-0.0617,-0.0441,1874.02,1870.1133,True,-0.028,0.9053,2012.0,1539.3765,0.0153,24.3827,182150.0,2.1282,0.3977,名古屋鉄道,プライム（内国株式）,陸運業
9049,2026-10-05,6440.0,0.0047,-0.0198,-0.0345,-0.0529,-0.0623,-0.0743,6604.0,6670.2667,False,-0.0248,0.7779,8278.8539,6410.0,0.0052,0.0262,644000.0,1.38,0.566,京福電気鉄道,スタンダード（内国株式）,陸運業
9051,2026-10-05,1160.0,-0.0293,-0.0775,-0.1152,-0.1382,-0.143,-0.1595,1284.344,1304.3413,False,-0.0968,0.7512,1544.1932,1151.0,0.0288,0.026,116000.0,2.6473,0.6012,センコン物流,スタンダード（内国株式）,陸運業
9052,2026-10-05,1902.0,-0.0063,-0.0457,-0.0607,-0.0296,-0.0885,-0.0509,1992.1754,1980.5251,True,-0.0453,0.8853,2148.5403,1850.0,0.0115,0.967,190200.0,1.3277,0.5439,山陽電気鉄道,プライム（内国株式）,陸運業
9057,2026-10-05,3220.0,-0.0092,-0.0129,-0.0092,-0.0287,-0.037,-0.05,3239.6719,3206.024,True,-0.0061,0.8414,3826.7884,3018.0343,0.0189,0.0345,322000.0,1.0984,0.2466,遠州トラック,スタンダード（内国株式）,陸運業
9059,2026-10-05,912.0,-0.0011,-0.0119,-0.0033,0.0033,-0.0311,-0.018,920.2483,904.7494,True,-0.009,0.9712,939.0591,780.2476,0.009,0.0313,91200.0,0.7648,0.3379,カンダホールディングス,スタンダード（内国株式）,陸運業
9060,2026-10-05,4170.0,0.0,0.0036,0.0072,-0.0403,-0.0206,-0.0616,4155.6134,4213.6711,True,0.0035,0.8091,5153.9316,4060.0,0.0036,0.0091,417000.0,0.256,0.5328,日本ロジテム,スタンダード（内国株式）,陸運業
9063,2026-10-05,4090.0,-0.0061,-0.0156,-0.0145,0.0341,-0.0423,0.0128,4171.0,4091.8,True,-0.0194,0.8506,4808.1968,3336.2997,0.0082,0.0315,409000.0,1.007,0.2383,岡山県貨物運送,スタンダード（内国株式）,陸運業
9064,2026-10-05,1951.5,-0.0081,-0.031,0.0191,-0.022,-0.0087,-0.0434,1970.8035,1946.2812,True,-0.0098,0.8191,2382.4595,1674.9796,0.0199,23.724,195150.0,1.0993,0.2621,ヤマトホールディングス,プライム（内国株式）,陸運業
9065,2026-10-05,1580.0,0.0083,0.0505,-0.8041,-0.8211,-0.8319,-0.8424,6035.06,7837.5533,False,-0.7382,0.1593,9919.1961,1492.3954,0.3562,18.2318,158000.0,2.7311,1.2042,山九,プライム（内国株式）,陸運業
9068,2026-10-05,3555.0,0.0042,-0.0056,-0.5097,-0.5273,-0.5375,-0.5486,6102.0054,7024.8018,False,-0.4174,0.3751,9476.6818,3490.0,0.1055,1.9417,355500.0,1.8311,1.0639,丸全昭和運輸,プライム（内国株式）,陸運業
9069,2026-10-05,2307.5,0.0183,-0.0158,0.0354,0.1572,0.0077,0.1359,2280.0245,2174.3882,True,0.0121,0.9701,2378.5,1671.5624,0.0188,8.1822,230750.0,1.0366,0.2585,センコーグループホールディングス,プライム（内国株式）,陸運業
9072,2026-10-05,4572.0,0.0106,-0.0936,-0.131,-0.1687,-0.1588,-0.19,5093.6457,5384.3086,False,-0.1024,0.6835,6689.0,3284.188,0.0369,14.5544,457200.0,1.6691,0.5793,ニッコンホールディングス,プライム（内国株式）,陸運業
9073,2026-10-05,1257.0,0.0,-0.0141,0.0253,0.0072,-0.0025,-0.0141,1250.68,1247.0533,True,0.0051,0.8185,1535.7253,1200.0,0.0094,0.0072,125700.0,0.7273,0.2867,京極運輸商事,スタンダード（内国株式）,陸運業
9074,2026-10-05,2545.0,-0.0136,0.0388,-0.4869,-0.5406,-0.5147,-0.5619,4188.4141,4920.6047,False,-0.3924,0.4415,5764.0219,2398.755,0.1065,0.1064,254500.0,2.2386,0.96,日本石油輸送,スタンダード（内国株式）,陸運業
9075,2026-10-05,6090.0,0.0357,-0.0162,-0.0225,0.0555,-0.0503,0.0341,6194.3263,6055.3088,False,-0.0168,0.8577,7100.0,3575.615,0.0261,4.4093,609000.0,0.8113,0.4147,福山通運,プライム（内国株式）,陸運業
9076,2026-10-05,2614.5,0.0171,-0.0257,-0.0479,-0.0221,-0.0757,-0.0434,2699.6524,2693.2708,True,-0.0315,0.9187,2846.0,2076.6823,0.0173,9.6707,261450.0,1.0521,0.4633,セイノーホールディングス,プライム（内国株式）,陸運業
9081,2026-10-05,3715.0,-0.0288,-0.0895,-0.0701,0.0406,-0.0979,0.0193,3986.648,3823.616,True,-0.0681,0.9072,4095.0,3210.0,0.0238,0.8144,371500.0,2.0791,0.447,神奈川中央交通,プライム（内国株式）,陸運業
9082,2026-10-05,2533.0,0.0318,-0.1034,0.1999,0.7469,0.1721,0.7256,2318.6536,1866.2445,True,0.0924,0.7701,3289.1785,1065.8973,0.1125,0.5039,253300.0,2.9816,0.3779,大和自動車交通,スタンダード（内国株式）,陸運業
9083,2026-10-05,1930.0,-0.0223,-0.0562,-0.0223,-0.0026,-0.0501,-0.0239,1983.8411,1953.8937,True,-0.0271,0.9065,2128.9536,1784.1439,0.0177,0.0976,193000.0,1.7605,0.4404,神姫バス,スタンダード（内国株式）,陸運業
9087,2026-10-05,2050.0,0.0,-0.0487,-0.0371,0.026,-0.0649,0.0047,2159.68,2053.28,True,-0.0508,0.8742,2345.0,1188.5146,0.0261,0.0153,205000.0,0.1913,0.5514,タカセ,スタンダード（内国株式）,陸運業
9090,2026-10-05,839.0,0.006,-0.0411,-0.0466,0.0294,-0.0744,0.0081,886.2592,861.5931,True,-0.0533,0.7542,1112.4537,738.0,0.024,5.2282,83900.0,1.4388,0.4477,ＡＺ－ＣＯＭ丸和ホールディングス,プライム（内国株式）,陸運業
9101,2026-10-05,7076.0,-0.0091,-0.0149,-0.003,0.3177,-0.0308,0.2964,7212.1108,6292.5969,True,-0.0189,0.9312,7599.0,4699.5137,0.0242,193.8181,707600.0,0.8889,0.3481,日本郵船,プライム（内国株式）,海運業
9104,2026-10-05,7049.0,-0.0123,0.004,0.0016,0.3105,-0.0262,0.2891,7076.538,6259.4593,True,-0.0039,0.9387,7509.0,4222.6933,0.0281,198.8714,704900.0,0.944,0.303,商船三井,プライム（内国株式）,海運業
9107,2026-10-05,3241.0,-0.007,-0.0317,-0.0314,0.2375,-0.0592,0.2162,3366.2897,2965.6366,True,-0.0372,0.8978,3610.0,1951.7947,0.029,133.7038,324100.0,0.8304,0.4151,川崎汽船,プライム（内国株式）,海運業
9110,2026-10-05,10510.0,0.0,0.0,0.0038,0.5411,-0.024,0.5197,10495.6,8930.5333,True,0.0014,0.9972,10540.0,4828.6305,0.0018,9.5153,1051000.0,0.8294,0.2593,ＮＳユナイテッド海運,プライム（内国株式）,海運業
9115,2026-10-05,983.0,-0.016,-0.0665,-0.0557,0.1578,-0.0835,0.1365,1060.6,939.3333,True,-0.0732,0.5605,1753.7142,597.8571,0.0563,0.9793,98300.0,0.4636,0.3234,明海グループ,スタンダード（内国株式）,海運業
9119,2026-10-05,1641.0,-0.0018,-0.0448,-0.0525,0.1163,-0.0803,0.095,1723.4676,1583.2225,True,-0.0478,0.8494,1932.0,1108.8163,0.0237,3.9029,164100.0,0.9158,0.417,飯野海運,プライム（内国株式）,海運業
9127,2026-10-05,3490.0,0.0,-0.0412,0.0205,0.2807,-0.0073,0.2594,3504.0043,3079.2281,True,-0.004,0.7546,4625.0551,2097.2067,0.0425,0.1938,349000.0,0.8583,0.2529,玉井商船,スタンダード（内国株式）,海運業
9130,2026-10-05,1638.0,-0.0427,-0.0548,0.0507,0.1143,0.0229,0.093,1687.4923,1548.4708,True,-0.0293,0.5462,2999.1453,992.4444,0.0829,6.2022,163800.0,1.2052,0.2701,共栄タンカー,スタンダード（内国株式）,海運業
9142,2026-10-05,3353.0,0.0012,-0.024,-0.0712,-0.0686,-0.099,-0.0899,3517.9163,3527.9188,False,-0.0469,0.8195,4091.4888,3334.0,0.0178,29.9675,335300.0,1.377,0.4176,九州旅客鉄道,プライム（内国株式）,陸運業
9143,2026-10-05,1409.5,0.0004,-0.0376,-0.0425,-0.1215,-0.0703,-0.1429,1473.4935,1534.7445,True,-0.0434,0.8415,1675.0,1368.0,0.0175,20.8314,140950.0,1.0931,0.5074,ＳＧホールディングス,プライム（内国株式）,陸運業
9145,2026-10-05,544.0,0.0112,-0.0073,-0.0653,0.0264,-0.0931,0.0051,572.16,561.0318,True,-0.0492,0.5739,947.8615,494.0,0.0351,0.1553,54400.0,1.4601,0.3723,ビーイングホールディングス,スタンダード（内国株式）,陸運業
9147,2026-10-05,5744.0,0.0127,-0.0043,0.0275,0.0346,-0.0002,0.0133,5618.84,5441.8547,True,0.0223,0.9792,5866.0,3090.6225,0.0191,50.2177,574400.0,0.7944,0.243,ＮＩＰＰＯＮ　ＥＸＰＲＥＳＳホールディングス,プライム（内国株式）,陸運業
9158,2026-10-05,756.0,0.0107,-0.055,0.008,-0.0769,-0.0198,-0.0982,766.88,776.52,False,-0.0142,0.5745,1316.0,670.0,0.0288,0.2058,75600.0,0.5652,0.3397,シーユーシー,グロース（内国株式）,サービス業
9159,2026-10-05,1892.0,-0.0042,-0.0016,-0.0516,-0.0037,-0.0794,-0.025,1957.12,1916.08,False,-0.0333,0.6574,2878.0,1485.0,0.0143,0.0629,189200.0,0.6087,0.3905,Ｗ　ＴＯＫＹＯ,グロース（内国株式）,サービス業
9160,2026-10-05,335.0,-0.0118,0.0,0.0213,0.1512,-0.0065,0.1299,331.72,311.56,True,0.0099,0.9103,368.0,280.0,0.0149,0.129,33500.0,0.97,0.24,オンザページ,スタンダード（内国株式）,サービス業
9162,2026-10-05,224.0,-0.0088,-0.0261,-0.0303,-0.0468,-0.0581,-0.0681,228.88,231.6933,False,-0.0213,0.56,400.0,223.0,0.0147,0.0215,22400.0,0.9093,0.2739,ブリーチ,グロース（内国株式）,サービス業
9163,2026-10-05,2350.0,-0.0013,-0.0237,0.0026,0.0431,-0.0252,0.0217,2373.84,2314.1067,True,-0.01,0.9687,2426.0,2071.0,0.0138,0.4956,235000.0,1.3583,0.296,ナレルグループ,グロース（内国株式）,サービス業
9165,2026-10-05,1812.0,-0.0038,0.0061,0.0426,0.0348,0.0148,0.0135,1765.16,1729.6241,False,0.0265,0.7926,2286.1192,1284.1179,0.0171,0.1068,181200.0,0.815,0.2813,クオルテック,グロース（内国株式）,サービス業
9166,2026-10-05,640.0,0.0191,-0.0462,-0.0738,0.094,-0.1016,0.0727,700.4,647.3015,True,-0.0862,0.6885,929.6218,451.8995,0.0459,8.1441,64000.0,0.6438,0.2657,ＧＥＮＤＡ,グロース（内国株式）,サービス業
9168,2026-10-05,417.0,-0.0071,-0.0234,-0.0142,0.0557,-0.042,0.0344,424.36,406.7067,True,-0.0173,0.4109,1014.7743,377.0,0.0171,0.2492,41700.0,0.5676,0.266,ライズ・コンサルティング・グループ,グロース（内国株式）,サービス業
9171,2026-10-05,1473.0,-0.0027,-0.0074,-0.0219,-0.1687,-0.0497,-0.1901,1492.32,1622.5067,False,-0.0129,0.6996,2105.5208,1411.4144,0.0162,0.0294,147300.0,0.4639,0.3647,栗林商船,スタンダード（内国株式）,海運業
9173,2026-10-05,2824.0,0.0,0.0057,0.0018,-0.0322,-0.026,-0.0535,2814.88,2874.1333,False,0.0032,0.8455,3339.9851,2740.0,0.0053,0.0358,282400.0,0.8836,0.4823,東海汽船,スタンダード（内国株式）,海運業
9193,2026-10-05,862.0,-0.0012,-0.0315,-0.016,0.007,-0.0438,-0.0143,880.04,869.52,False,-0.0205,0.6618,1302.5631,801.0,0.0114,0.0431,86200.0,0.4433,0.3883,東京汽船,スタンダード（内国株式）,倉庫・運輸関連業
9201,2026-10-05,3011.0,0.0074,-0.0183,0.0287,-0.0331,0.0009,-0.0544,3015.1708,2967.8969,True,-0.0014,0.9377,3211.0802,2406.5,0.0169,65.6911,301100.0,1.0511,0.2257,日本航空,プライム（内国株式）,空運業
9202,2026-10-05,2932.0,-0.0037,-0.021,-0.0037,-0.078,-0.0315,-0.0993,2984.3772,3032.2124,True,-0.0176,0.8767,3344.4995,2582.0,0.0151,70.1856,293200.0,1.0334,0.2168,ＡＮＡホールディングス,プライム（内国株式）,空運業
9204,2026-10-05,428.0,0.0,0.0071,0.0313,0.0118,0.0035,-0.0095,424.12,420.5333,True,0.0091,0.8612,496.9643,318.0,0.0197,0.2469,42800.0,0.6638,0.2492,スカイマーク,グロース（内国株式）,空運業
9206,2026-10-05,1916.0,-0.0021,-0.0372,-0.0284,-0.0073,-0.0562,-0.0286,1956.12,1939.9867,True,-0.0205,0.7723,2481.0,1900.0,0.0153,0.032,191600.0,0.9153,0.2902,スターフライヤー,スタンダード（内国株式）,空運業
9211,2026-10-05,1437.0,0.0056,-0.0317,0.0264,0.0177,-0.0014,-0.0036,1468.6,1436.2667,False,-0.0215,0.639,2249.0,1284.0,0.0334,1.3751,143700.0,0.8304,0.363,エフ・コード,グロース（内国株式）,サービス業
9212,2026-10-05,268.0,0.0113,-0.0727,0.0,-0.0853,-0.0278,-0.1066,275.36,276.8933,False,-0.0267,0.5414,495.0,249.0,0.0613,0.3708,26800.0,2.0796,0.4991,Ｇｒｅｅｎ　Ｅａｒｔｈ　Ｉｎｓｔｉｔｕｔｅ,スタンダード（内国株式）,サービス業
9213,2026-10-05,1050.0,0.0,0.0125,-0.0076,-0.0278,-0.0354,-0.0491,1040.4,1048.7333,False,0.0092,0.5667,1852.7763,675.0,0.0127,0.0286,105000.0,1.3522,0.292,セイファート,スタンダード（内国株式）,サービス業
9214,2026-10-05,1271.0,0.0,-0.0078,0.0047,0.0087,-0.0231,-0.0126,1288.52,1274.7067,True,-0.0136,0.7647,1662.0,1211.0,0.0075,0.0146,127100.0,1.1389,0.5015,Ｒｅｃｏｖｅｒｙ　Ｉｎｔｅｒｎａｔｉｏｎａｌ,グロース（内国株式）,サービス業
9215,2026-10-05,1002.0,-0.0089,-0.002,0.007,0.1121,-0.0208,0.0908,992.76,944.12,True,0.0093,0.668,1500.0,861.0,0.0143,0.0176,100200.0,0.9401,0.329,ＣａＳｙ,グロース（内国株式）,サービス業
9216,2026-10-05,1610.0,-0.0129,-0.0557,-0.0301,0.0126,-0.0579,-0.0087,1670.0,1622.76,True,-0.0359,0.8329,1933.0194,1402.2548,0.0157,0.3556,161000.0,1.0437,0.435,ビーウィズ,プライム（内国株式）,サービス業
9218,2026-10-05,806.0,0.0012,0.0088,0.0387,0.1148,0.0109,0.0935,792.64,755.4133,True,0.0169,0.9182,877.8514,663.0,0.0163,0.1955,80600.0,1.5432,0.3348,メンタルヘルステクノロジーズ,グロース（内国株式）,サービス業
9219,2026-10-05,908.0,0.0157,0.0078,0.0055,0.0497,-0.0223,0.0284,894.84,879.742,True,0.0147,0.9176,989.4858,824.5001,0.0114,0.052,90800.0,0.5653,0.2703,ギックス,グロース（内国株式）,サービス業
9220,2026-10-05,1306.0,0.0008,0.0415,0.0085,0.067,-0.0193,0.0457,1292.9492,1246.6364,True,0.0101,0.9533,1370.0,1113.2927,0.0211,0.0512,130600.0,1.3474,0.2823,エフビー介護サービス,スタンダード（内国株式）,サービス業
9221,2026-10-05,1123.0,-0.0235,-0.0818,-0.0523,-0.0393,-0.0801,-0.0607,1176.1801,1184.3667,True,-0.0452,0.7582,1481.14,1074.3202,0.0185,0.6426,112300.0,1.022,0.5332,フルハシＥＰＯ,スタンダード（内国株式）,サービス業
9225,2026-10-05,970.0,0.001,-0.0031,-0.0031,0.0243,-0.0309,0.003,970.68,970.8,False,-0.0007,0.6667,1455.0,941.0,0.0082,0.0125,97000.0,1.0772,0.1892,ブリッジコンサルティンググループ,グロース（内国株式）,サービス業
9227,2026-10-05,810.0,-0.0158,-0.0061,-0.0471,-0.1501,-0.0749,-0.1714,844.6,872.1467,False,-0.041,0.5,1620.0,588.0,0.0263,1.151,81000.0,0.5863,0.2725,マイクロ波化学,グロース（内国株式）,サービス業
9229,2026-10-05,107.0,0.0,-0.0093,-0.0614,-0.3185,-0.0892,-0.3398,112.36,124.6,False,-0.0477,0.1588,674.0,104.0,0.0367,0.1662,10700.0,0.6583,0.3055,サンウェルズ,プライム（内国株式）,サービス業
9233,2026-10-05,1119.0,-0.021,-0.0219,-0.0395,-0.037,-0.0673,-0.0583,1152.0131,1140.4044,True,-0.0287,0.8532,1311.5691,1058.0,0.0114,0.1139,111900.0,0.7362,0.328,アジア航測,スタンダード（内国株式）,空運業
9235,2026-10-05,392.0,-0.0297,-0.0151,-0.1799,-0.2191,-0.2077,-0.2404,431.76,478.2133,False,-0.0921,0.3172,1236.0,389.0,0.0292,0.2584,39200.0,0.7051,0.175,売れるネット広告社グループ,グロース（内国株式）,サービス業
9236,2026-10-05,1550.0,0.034,0.0839,0.0915,0.5049,0.0638,0.4835,1424.72,1220.7467,True,0.0879,0.9942,1559.0,934.0,0.0446,0.0757,155000.0,1.1917,0.3211,ジャパンＭ＆Ａソリューション,グロース（内国株式）,サービス業
9237,2026-10-05,818.0,0.0187,0.0037,-0.147,0.0012,-0.1748,-0.0201,906.88,851.64,True,-0.098,0.7166,1141.5,511.0,0.0495,0.2259,81800.0,0.8326,0.2099,笑美面,グロース（内国株式）,サービス業
9238,2026-10-05,360.0,0.0169,0.0084,-0.0722,-0.0886,-0.1,-0.1099,371.64,390.72,False,-0.0313,0.1967,1830.0,350.0,0.0171,0.0162,36000.0,0.1293,0.3419,バリュークリエーション,グロース（内国株式）,サービス業
9240,2026-10-05,374.0,-0.0027,-0.0209,-0.1053,-0.0697,-0.1331,-0.091,405.04,403.4267,False,-0.0766,0.2833,1320.0,370.0,0.0392,0.1005,37400.0,0.922,0.1434,デリバリーコンサルティング,グロース（内国株式）,サービス業
9241,2026-10-05,1251.0,0.0121,0.013,-0.0008,-0.0733,-0.0286,-0.0947,1266.6,1349.7067,False,-0.0123,0.4528,2763.0,1181.0,0.0178,0.0162,125100.0,0.5934,0.2566,フューチャーリンクネットワーク,グロース（内国株式）,サービス業
9242,2026-10-05,1990.0,0.0102,0.0153,0.0338,0.0076,0.006,-0.0137,1953.92,1922.7756,True,0.0185,0.7943,2505.3192,1550.3945,0.0099,0.0369,199000.0,0.4472,0.1782,メディア総研,グロース（内国株式）,サービス業
9244,2026-10-05,1088.0,-0.0355,-0.3765,-0.2434,-0.1289,-0.2712,-0.1502,1392.04,1278.76,True,-0.2184,0.6235,1745.0,862.0,0.0896,0.2211,108800.0,3.1166,0.6851,デジタリフト,グロース（内国株式）,サービス業
9245,2026-10-05,2046.0,0.0044,-0.0206,0.0433,0.0381,0.0155,0.0167,1991.52,1984.0267,True,0.0274,0.7153,2860.1914,1800.0,0.0143,0.1173,204600.0,0.9797,0.5374,リベロ,グロース（内国株式）,サービス業
9246,2026-10-05,2194.0,0.0,0.9212,0.9468,1.1918,0.919,1.1705,1279.84,1124.5333,True,0.7143,0.9986,2197.0,948.0,0.0404,0.4818,219400.0,5.105,1.2366,プロジェクトホールディングス,グロース（内国株式）,サービス業
9247,2026-10-05,1719.0,0.0287,-0.0227,-0.045,-0.2027,-0.0728,-0.224,1801.7482,1972.1161,True,-0.0459,0.7429,2314.0,1386.0,0.0243,4.543,171900.0,0.9978,0.3955,ＴＲＥホールディングス,プライム（内国株式）,サービス業
9248,2026-10-05,1566.0,-0.0038,-0.0327,-0.0869,0.0038,-0.1147,-0.0175,1668.59,1613.9833,True,-0.0615,0.8595,1822.0651,1455.0,0.0183,0.4918,156600.0,1.185,0.4883,人・夢・技術グループ,スタンダード（内国株式）,サービス業
9249,2026-10-05,1585.0,-0.0094,-0.0446,-0.052,-0.0264,-0.0798,-0.0477,1645.0458,1634.2153,True,-0.0365,0.9407,1685.0,1477.0,0.018,0.1329,158500.0,1.9461,0.329,日本エコシステム,スタンダード（内国株式）,サービス業
9250,2026-10-05,1079.0,0.0276,0.0385,0.0899,0.1792,0.0621,0.1579,1014.92,935.08,True,0.0631,0.5047,2138.0,842.0,0.0248,0.0102,107900.0,0.7699,0.3369,ＧＲＣＳ,グロース（内国株式）,サービス業
9251,2026-10-05,1524.0,0.0106,-0.0469,-0.0206,0.1493,-0.0484,0.128,1565.92,1424.7333,True,-0.0268,0.9181,1660.0,1050.0,0.0245,0.9962,152400.0,1.8845,0.4122,ＡＢ＆Ｃｏｍｐａｎｙ,グロース（内国株式）,サービス業
9252,2026-10-05,4235.0,0.018,0.0317,0.0694,0.1934,0.0416,0.1721,4047.72,3789.7652,True,0.0463,0.8965,4723.9378,3170.7944,0.0197,0.4523,423500.0,1.1517,0.2932,ラストワンマイル,グロース（内国株式）,サービス業
9253,2026-10-05,729.0,-0.0293,-0.0594,-0.0215,0.0355,-0.0493,0.0142,747.84,731.9867,True,-0.0252,0.7562,964.0,683.0,0.0277,0.0292,72900.0,4.0,0.5145,スローガン,グロース（内国株式）,サービス業
9254,2026-10-05,1022.0,-0.0116,-0.0589,-0.0734,-0.1105,-0.1012,-0.1318,1092.0,1123.36,False,-0.0641,0.5863,1743.0,1020.0,0.0119,0.0193,102200.0,1.888,0.6259,ラバブルマーケティンググループ,グロース（内国株式）,サービス業
9256,2026-10-05,966.0,0.0052,-0.0252,-0.098,-0.7722,-0.1258,-0.7935,1031.0,2198.4133,False,-0.063,0.1741,5550.0,763.0,0.0302,0.2386,96600.0,0.1262,0.3397,サクシード,グロース（内国株式）,サービス業
9258,2026-10-05,303.0,0.0168,0.0134,-0.0288,0.0377,-0.0566,0.0164,301.56,301.1333,False,0.0048,0.7146,424.0,270.0,0.0236,0.0065,30300.0,0.6393,0.406,ＣＳ－Ｃ,グロース（内国株式）,サービス業
9259,2026-10-05,825.0,0.0012,0.0061,-0.0317,0.0098,-0.0595,-0.0115,843.4386,839.1595,True,-0.0219,0.7088,1164.0,690.0,0.0195,0.0701,82500.0,0.7633,0.3295,タカヨシホールディングス,グロース（内国株式）,サービス業
9262,2026-10-05,671.0,0.003,-0.0261,-0.0176,0.0367,-0.0454,0.0153,680.88,659.5632,False,-0.0145,0.7437,902.28,618.0667,0.0208,0.142,67100.0,0.9435,0.1938,シルバーライフ,スタンダード（内国株式）,小売業
9264,2026-10-05,1617.0,0.0062,-0.0068,-0.008,-0.0169,-0.0358,-0.0382,1614.92,1627.9806,True,0.0013,0.9116,1773.8774,1513.7725,0.0108,0.1797,161700.0,0.5333,0.2525,ポエック,スタンダード（内国株式）,卸売業
9265,2026-10-05,3565.0,-0.0083,-0.0442,-0.026,0.0626,-0.0538,0.0413,3658.8,3510.9467,True,-0.0256,0.8674,4110.0,2842.2754,0.0184,0.1163,356500.0,1.2114,0.8293,ヤマシタヘルスケアホールディングス,スタンダード（内国株式）,卸売業
9267,2026-10-05,3415.0,-0.0015,-0.0087,-0.0448,-0.0461,-0.0726,-0.0674,3514.0,3580.4945,True,-0.0282,0.6275,5442.6517,3169.0441,0.0241,2.488,341500.0,0.8654,0.2739,Ｇｅｎｋｙ　ＤｒｕｇＳｔｏｒｅｓ,プライム（内国株式）,小売業
9268,2026-10-05,414.0,0.0122,0.0222,-0.0048,0.0073,-0.0326,-0.014,408.5208,408.2403,True,0.0134,0.8414,492.0174,311.0568,0.0196,1.1865,41400.0,1.4167,0.2094,オプティマスグループ,スタンダード（内国株式）,卸売業
9270,2026-10-05,1887.0,0.0211,-0.0223,-0.0565,-0.1408,-0.0843,-0.1621,1977.12,2021.9646,False,-0.0456,0.6914,2729.0695,862.429,0.0321,0.8841,188700.0,0.5845,0.3504,バリュエンスホールディングス,グロース（内国株式）,卸売業
9271,2026-10-05,976.0,-0.0051,0.0062,0.0093,-0.0041,-0.0185,-0.0254,956.44,975.4533,False,0.0205,0.7552,1292.4219,707.3055,0.0291,0.112,97600.0,0.6961,0.3342,和心,グロース（内国株式）,小売業
9272,2026-10-05,1486.0,-0.0054,0.0157,0.0348,-0.0326,0.007,-0.0539,1451.16,1464.1067,True,0.024,0.8614,1725.0,1255.0,0.022,0.0975,148600.0,0.9185,0.4381,ブティックス,グロース（内国株式）,サービス業
9273,2026-10-05,770.0,0.0158,0.0158,0.0092,-0.0026,-0.0186,-0.0239,757.36,763.6904,False,0.0167,0.8582,897.1768,726.3324,0.0146,0.3757,77000.0,1.0609,0.2675,コーア商事ホールディングス,プライム（内国株式）,卸売業
9274,2026-10-05,1117.0,-0.0045,-0.0193,0.0295,0.1038,0.0017,0.0824,1108.3228,1078.1743,True,0.0078,0.9535,1171.4305,690.6122,0.0276,4.2299,111700.0,1.5971,0.2485,ＫＰＰグループホールディングス,プライム（内国株式）,卸売業
9278,2026-10-05,2957.0,-0.003,0.0228,0.0061,0.466,-0.0217,0.4447,2864.16,2590.9867,True,0.0324,0.9358,3160.0,1284.6719,0.0348,3.099,295700.0,0.7087,0.43,ブックオフグループホールディングス,プライム（内国株式）,小売業
9279,2026-10-05,2092.0,0.0067,0.0295,-0.1287,-0.0587,-0.1565,-0.08,2198.44,2307.4467,True,-0.0484,0.7635,2740.0,1525.5947,0.0338,6.9093,209200.0,1.4063,0.2543,ギフトホールディングス,プライム（内国株式）,小売業
9301,2026-10-05,1461.0,0.0024,-0.0463,-0.0344,-0.0911,-0.0622,-0.1125,1523.4622,1534.7607,True,-0.041,0.8847,1651.5,1050.9022,0.0208,14.7078,146100.0,1.0652,0.4161,三菱倉庫,プライム（内国株式）,倉庫・運輸関連業
9302,2026-10-05,3265.0,-0.0006,-0.0124,-0.0136,-0.0938,-0.0414,-0.1151,3326.8674,3446.1291,False,-0.0186,0.7558,4320.0,3130.0,0.0191,7.8376,326500.0,1.1511,0.3967,三井倉庫ホールディングス,プライム（内国株式）,倉庫・運輸関連業
9303,2026-10-05,4110.0,0.0049,-0.0093,-0.0261,0.0675,-0.0539,0.0462,4157.0323,4023.3441,True,-0.0113,0.9592,4285.0,3012.1507,0.0174,4.3314,411000.0,1.0744,0.3071,住友倉庫,プライム（内国株式）,倉庫・運輸関連業
9304,2026-10-05,2138.0,0.0056,-0.0242,0.0348,0.1318,0.0071,0.1105,2112.5355,1920.0452,True,0.0121,0.962,2222.356,1044.6558,0.0286,3.3236,213800.0,0.6817,0.3011,澁澤倉庫,プライム（内国株式）,倉庫・運輸関連業
9305,2026-10-05,2003.0,0.0091,-0.0512,-0.0281,-0.037,-0.0559,-0.0583,2066.0404,2073.4268,True,-0.0305,0.6715,2983.0048,1914.0,0.0186,1.3613,200300.0,1.2026,0.4243,ヤマタネ,プライム（内国株式）,卸売業
9306,2026-10-05,1986.0,-0.0035,-0.0095,-0.0124,-0.0289,-0.0402,-0.0502,2001.5717,2007.6306,False,-0.0078,0.9194,2160.0,1736.7761,0.0099,0.061,198600.0,0.5456,0.2963,東陽倉庫,スタンダード（内国株式）,倉庫・運輸関連業
9307,2026-10-05,965.0,-0.0272,0.0332,-0.0233,-0.0213,-0.0511,-0.0426,959.1634,970.0411,False,0.0061,0.8624,1119.0,841.4659,0.0229,0.099,96500.0,2.1977,0.4303,杉村倉庫,スタンダード（内国株式）,倉庫・運輸関連業
9308,2026-10-05,2200.0,0.0353,-0.0954,0.0309,0.4667,0.0031,0.4453,2209.2892,1902.7897,True,-0.0042,0.8842,2488.0,1265.1631,0.0436,3.9047,220000.0,1.5826,0.4043,乾汽船,スタンダード（内国株式）,海運業
9310,2026-10-05,1378.0,-0.0007,-0.0374,-0.0206,0.157,-0.0484,0.1357,1400.0413,1317.9338,True,-0.0157,0.9317,1479.0,1032.9077,0.0223,1.1803,137800.0,0.7821,0.2452,日本トランスシティ,プライム（内国株式）,倉庫・運輸関連業
9311,2026-10-05,7450.0,0.0,-0.0424,-0.0375,-0.0859,-0.0653,-0.1072,7737.6,7839.2,True,-0.0372,0.7806,9544.2656,6366.1237,0.0142,0.026,745000.0,2.3478,0.4257,アサガミ,スタンダード（内国株式）,倉庫・運輸関連業
9312,2026-10-05,3025.0,0.0083,-0.0082,0.0603,0.0562,0.0325,0.0349,2905.24,2862.8267,True,0.0412,0.8951,3379.3519,2413.8228,0.0194,0.2326,302500.0,1.3348,0.5825,ケイヒン,スタンダード（内国株式）,倉庫・運輸関連業
9313,2026-10-05,1047.0,-0.0215,-0.0066,0.001,0.0077,-0.0268,-0.0136,1054.52,1053.08,True,-0.0071,0.8835,1185.0,885.1226,0.0118,0.0166,104700.0,0.4405,0.3723,丸八倉庫,スタンダード（内国株式）,倉庫・運輸関連業
9319,2026-10-05,1709.0,0.0047,-0.0563,-0.061,-0.0832,-0.0888,-0.1045,1787.9045,1805.0348,True,-0.0441,0.7579,2255.0,1281.15,0.0234,0.5112,170900.0,1.7166,0.3925,中央倉庫,プライム（内国株式）,倉庫・運輸関連業
9322,2026-10-05,2320.0,-0.0153,-0.0397,-0.0902,-0.0381,-0.118,-0.0595,2445.7349,2413.0716,True,-0.0514,0.775,2993.5053,1254.8774,0.0147,0.372,232000.0,1.524,0.5279,川西倉庫,スタンダード（内国株式）,倉庫・運輸関連業
9324,2026-10-05,2593.0,0.0035,-0.0564,0.0306,0.046,0.0028,0.0247,2620.5887,2527.5696,True,-0.0105,0.9339,2776.6147,1969.4256,0.0236,2.3679,259300.0,0.8396,0.3654,安田倉庫,プライム（内国株式）,倉庫・運輸関連業
9325,2026-10-05,1034.0,-0.0067,-0.0077,-0.0354,-0.0898,-0.0632,-0.1111,1060.1493,1093.3698,False,-0.0247,0.7504,1378.0,986.5229,0.018,0.1028,103400.0,0.863,0.2465,ファイズホールディングス,スタンダード（内国株式）,倉庫・運輸関連業
9326,2026-10-05,476.0,-0.0083,-0.0042,-0.0305,0.107,-0.0583,0.0857,481.2,470.7467,True,-0.0108,0.8799,541.0,394.2009,0.0095,0.0372,47600.0,0.217,0.2444,関通ホールディングス,グロース（内国株式）,倉庫・運輸関連業
9327,2026-10-05,188.0,0.0162,0.0108,-0.0053,-0.0784,-0.0331,-0.0998,188.24,193.0667,False,-0.0013,0.5311,354.0,180.0,0.0251,0.0226,18800.0,0.4952,0.2545,イー・ロジット,スタンダード（内国株式）,倉庫・運輸関連業
9330,2026-10-05,882.0,0.0023,-0.0434,-0.0011,0.0304,-0.0289,0.0091,888.72,871.2267,True,-0.0076,0.9535,925.0,766.0,0.0117,0.0252,88200.0,2.3016,0.4924,揚羽,グロース（内国株式）,サービス業
9331,2026-10-05,667.0,-0.0045,-0.0539,-0.0736,-0.1235,-0.1014,-0.1448,709.16,759.4933,False,-0.0595,0.4966,1343.0,655.0,0.0116,0.006,66700.0,0.3856,0.6093,キャスター,グロース（内国株式）,サービス業
9332,2026-10-05,653.0,-0.0121,-0.0326,-0.0425,0.103,-0.0703,0.0817,673.52,634.8533,True,-0.0305,0.9282,703.5397,557.0,0.0162,0.7098,65300.0,1.3875,0.35,ＮＩＳＳＯホールディングス,プライム（内国株式）,サービス業
9336,2026-10-05,3595.0,0.0271,-0.0303,-0.0257,-0.0852,-0.0535,-0.1066,3753.0794,3769.7598,False,-0.0421,0.8236,4365.0,3241.5316,0.0251,5.2438,359500.0,1.2039,0.4162,大栄環境,プライム（内国株式）,サービス業
9337,2026-10-05,1451.0,0.0021,-0.0014,0.024,-0.1147,-0.0038,-0.136,1447.56,1523.8533,False,0.0024,0.4042,3590.0,1314.0,0.0193,0.2161,145100.0,0.6512,0.25,トリドリ,グロース（内国株式）,サービス業
9339,2026-10-05,1492.0,0.0115,0.0361,0.0383,0.1602,0.0105,0.1389,1442.6,1375.6267,True,0.0342,0.9752,1530.0,1201.0,0.0101,0.0267,149200.0,1.6283,0.637,コーチ・エィ,スタンダード（内国株式）,サービス業
9340,2026-10-05,801.0,0.0165,-0.0087,0.0471,0.1558,0.0193,0.1345,793.64,731.248,True,0.0093,0.9457,847.0,621.1721,0.0202,0.093,80100.0,0.7713,0.4027,アソインターナショナル,スタンダード（内国株式）,サービス業
9341,2026-10-05,607.0,0.0083,-0.0334,-0.0288,-0.0016,-0.0566,-0.023,621.84,615.04,True,-0.0239,0.8993,675.0,524.4917,0.0177,0.3574,60700.0,0.6415,0.252,ＧＥＮＯＶＡ,プライム（内国株式）,サービス業
9342,2026-10-05,885.0,0.0,-0.0714,-0.096,0.0536,-0.1238,0.0323,960.12,894.6133,True,-0.0782,0.6829,1296.0,738.0,0.0282,0.0207,88500.0,0.975,0.612,スマサポ,グロース（内国株式）,サービス業
9343,2026-10-05,774.0,-0.0051,-0.0077,-0.0203,0.0,-0.0481,-0.0213,794.6,778.08,False,-0.0259,0.9095,851.0,577.0,0.0204,0.3102,77400.0,0.5561,0.2724,アイビス,グロース（内国株式）,サービス業
9344,2026-10-05,1405.0,0.0278,0.027,0.0644,0.5108,0.0366,0.4894,1332.2,1099.4903,True,0.0546,0.9908,1418.0,796.5316,0.0261,0.17,140500.0,0.7553,0.2865,アクシスコンサルティング,グロース（内国株式）,サービス業
9345,2026-10-05,578.0,-0.0086,-0.017,-0.0137,-0.0153,-0.0414,-0.0367,590.32,595.4933,True,-0.0209,0.549,1052.8308,526.0,0.0104,0.0065,57800.0,0.6974,0.3667,ビズメイツ,グロース（内国株式）,サービス業
9346,2026-10-05,1830.0,0.0038,-0.0188,-0.0464,0.1296,-0.0742,0.1083,1863.92,1730.8742,True,-0.0182,0.9167,1996.3271,1539.3365,0.0173,0.0744,183000.0,0.4377,0.2586,ココルポート,グロース（内国株式）,サービス業
9347,2026-10-05,2810.0,0.0036,-0.0377,-0.0219,0.0369,-0.0497,0.0156,2901.4412,2803.5604,True,-0.0315,0.9079,3095.0,2546.142,0.0157,3.9314,281000.0,1.9113,0.4989,日本管財ホールディングス,プライム（内国株式）,サービス業
9348,2026-10-05,403.0,0.0025,-0.0336,-0.0336,-0.1004,-0.0614,-0.1218,414.56,425.9733,False,-0.0279,0.5676,710.0,397.0,0.0168,1.9928,40300.0,0.501,0.3242,ｉｓｐａｃｅ,グロース（内国株式）,サービス業
9351,2026-10-05,1901.0,-0.0099,-0.0063,-0.0216,0.0326,-0.0494,0.0113,1923.0621,1865.874,True,-0.0115,0.9287,2046.9162,1473.8552,0.0123,0.0688,190100.0,1.333,0.2272,東洋埠頭,スタンダード（内国株式）,倉庫・運輸関連業
9353,2026-10-05,3000.0,0.0067,-0.0017,0.0091,0.0714,-0.0187,0.0501,2989.72,2907.9733,True,0.0034,0.7969,3764.795,1721.0492,0.0073,0.0145,300000.0,0.2829,0.2052,櫻島埠頭,スタンダード（内国株式）,倉庫・運輸関連業
9355,2026-10-05,2214.0,0.0,-0.0191,-0.0018,0.0217,-0.0296,0.0004,2218.12,2217.4,True,-0.0019,0.9429,2348.0,1752.0,0.0091,0.0085,221400.0,0.6739,0.4353,リンコーコーポレーション,スタンダード（内国株式）,倉庫・運輸関連業
9360,2026-10-05,2800.0,0.0,0.0,0.0171,-0.0227,-0.0107,-0.044,2773.12,2821.3467,False,0.0097,0.8958,3125.5389,2691.0,0.0095,0.0226,280000.0,0.6511,0.3631,鈴与シンワート,スタンダード（内国株式）,情報・通信業
9361,2026-10-05,1990.0,0.0,-0.0297,-0.0391,-0.0236,-0.0669,-0.0449,2032.44,2047.3051,False,-0.0209,0.8126,2448.9113,1632.7513,0.0047,0.0029,199000.0,0.8906,0.647,伏木海陸運送,スタンダード（内国株式）,倉庫・運輸関連業
9362,2026-10-05,3850.0,0.0132,0.0267,0.0405,0.0534,0.0127,0.032,3738.4,3644.0,False,0.0299,0.939,4100.0,3135.0,0.0079,0.0239,385000.0,1.4369,0.5271,兵機海運,スタンダード（内国株式）,倉庫・運輸関連業
9363,2026-10-05,520.0,-0.0076,0.0136,-0.0133,0.0117,-0.0411,-0.0096,528.68,527.5467,True,-0.0164,0.9104,571.1637,396.9928,0.0235,0.0436,52000.0,1.1193,0.2865,大運,スタンダード（内国株式）,倉庫・運輸関連業
9364,2026-10-05,4690.0,-0.0028,-0.0229,-0.0318,-0.1201,-0.0596,-0.1414,4833.1527,4961.9709,True,-0.0296,0.8232,5697.4469,4281.4089,0.0149,15.5564,469000.0,1.2066,0.446,上組,プライム（内国株式）,倉庫・運輸関連業
9365,2026-10-05,1613.0,0.0037,-0.0376,-0.0224,-0.0062,-0.0502,-0.0275,1636.68,1617.1733,True,-0.0145,0.9405,1715.0,1328.1026,0.0112,0.0071,161300.0,0.4645,0.4111,トレーディア,スタンダード（内国株式）,倉庫・運輸関連業
9366,2026-10-05,1251.0,-0.0287,-0.0377,0.117,0.2313,0.0892,0.21,1184.68,1091.72,True,0.056,0.9343,1339.0,808.7915,0.0301,0.1347,125100.0,1.9056,0.4277,サンリツ,スタンダード（内国株式）,倉庫・運輸関連業
9367,2026-10-05,2010.0,-0.0025,0.0172,-0.0337,0.0607,-0.0615,0.0394,2037.2343,1946.0381,True,-0.0134,0.7402,2715.4666,766.9184,0.0154,0.0388,201000.0,1.0038,0.2911,大東港運,スタンダード（内国株式）,倉庫・運輸関連業
9368,2026-10-05,922.0,0.0066,-0.0181,-0.0376,0.0244,-0.0654,0.0031,948.6713,916.8371,True,-0.0281,0.9505,970.0,809.8869,0.0143,0.2292,92200.0,1.5731,0.3868,キムラユニティー,スタンダード（内国株式）,倉庫・運輸関連業
9369,2026-10-05,2893.0,0.0284,-0.0328,-0.0561,-0.1112,-0.0839,-0.1325,2984.68,3049.04,False,-0.0307,0.7912,3656.6748,2431.1407,0.0276,1.2804,289300.0,1.2032,0.2958,キユーソー流通システム,スタンダード（内国株式）,倉庫・運輸関連業
9376,2026-10-05,787.0,0.009,-0.0344,-0.0461,-0.015,-0.0739,-0.0363,823.8586,807.4195,True,-0.0447,0.813,968.0174,647.4857,0.0204,0.0519,78700.0,2.3648,0.6092,ユーラシア旅行社,スタンダード（内国株式）,サービス業
9380,2026-10-05,446.0,0.0136,-0.0022,0.0206,0.0569,-0.0072,0.0356,439.7621,425.134,True,0.0142,0.9889,451.0,327.0782,0.0077,0.0521,44600.0,1.0338,0.4383,東海運,スタンダード（内国株式）,倉庫・運輸関連業
9381,2026-10-05,2217.0,-0.0085,-0.0665,-0.0398,-0.0318,-0.0676,-0.0531,2322.64,2281.669,True,-0.0455,0.9282,2388.4503,1894.828,0.0142,0.4238,221700.0,0.8078,0.5397,エーアイテイー,プライム（内国株式）,倉庫・運輸関連業
9385,2026-10-05,742.0,-0.004,-0.004,-0.0107,-0.0211,-0.0385,-0.0424,750.12,748.8533,True,-0.0108,0.9152,810.7603,546.8808,0.0095,0.0518,74200.0,0.6425,0.297,ショーエイコーポレーション,スタンダード（内国株式）,化学
9401,2026-10-05,5906.0,0.0181,0.0329,-0.0051,-0.0833,-0.0329,-0.1047,5832.6923,6028.2841,False,0.0126,0.8903,6634.0,5017.4861,0.0217,18.3791,590600.0,1.1437,0.2889,ＴＢＳホールディングス,プライム（内国株式）,情報・通信業
9404,2026-10-05,2847.5,0.0023,-0.0198,-0.0552,-0.0167,-0.083,-0.0381,2960.3932,2906.7444,True,-0.0381,0.7069,4028.2284,2652.0,0.0251,19.1387,284750.0,1.546,0.4383,日本テレビホールディングス,プライム（内国株式）,情報・通信業
9405,2026-10-05,795.0,-0.0087,-0.083,-0.0904,-0.0087,-0.1182,-0.03,858.1259,828.682,True,-0.0736,0.8587,925.8173,678.8031,0.0214,0.8048,79500.0,1.663,0.5513,朝日放送グループホールディングス,プライム（内国株式）,情報・通信業
9408,2026-10-05,2662.0,0.0,-0.0281,0.0153,0.0133,-0.0125,-0.008,2652.8799,2642.4933,False,0.0034,0.907,2935.0,2107.96,0.0135,0.0041,266200.0,0.9934,0.5629,ＢＳＮメディアホールディングス,スタンダード（内国株式）,情報・通信業
9409,2026-10-05,2986.0,0.0003,-0.0161,-0.0475,-0.0654,-0.0753,-0.0867,3089.5341,3121.3114,False,-0.0335,0.7945,3758.2417,2919.0,0.0174,8.7959,298600.0,1.6501,0.5317,テレビ朝日ホールディングス,プライム（内国株式）,情報・通信業
9412,2026-10-05,1965.0,-0.0056,-0.0195,-0.0175,-0.2624,-0.0453,-0.2837,2023.3583,2323.9194,False,-0.0288,0.4163,4720.0,1288.2118,0.0284,31.3127,196500.0,0.741,0.3012,スカパーＪＳＡＴ,プライム（内国株式）,情報・通信業
9413,2026-10-05,3210.0,-0.0123,-0.0432,-0.0628,-0.1673,-0.0906,-0.1886,3376.5795,3478.2598,False,-0.0493,0.6409,5008.3978,3210.0,0.0167,2.5669,321000.0,1.1942,0.5238,テレビ東京ホールディングス,プライム（内国株式）,情報・通信業
9414,2026-10-05,948.0,-0.0021,-0.0104,0.051,0.0581,0.0232,0.0368,937.88,902.8602,True,0.0108,0.8382,1131.0455,857.2338,0.0373,1.5115,94800.0,1.378,0.1895,日本ＢＳ放送,スタンダード（内国株式）,情報・通信業
9416,2026-10-05,1039.0,-0.001,-0.0272,-0.0086,0.0287,-0.0364,0.0074,1054.4,1026.5808,True,-0.0146,0.7913,1313.0344,944.4462,0.0157,2.8628,103900.0,0.9705,0.3668,ビジョン,プライム（内国株式）,情報・通信業
9417,2026-10-05,338.0,0.006,0.0181,-0.0203,0.0305,-0.0481,0.0092,334.6,331.5867,True,0.0102,0.6365,531.0,283.0,0.0245,0.0183,33800.0,0.6699,0.2776,スマートバリュー,スタンダード（内国株式）,情報・通信業
9418,2026-10-05,1760.0,0.0,-0.0006,0.0203,0.0422,-0.0075,0.0209,1752.5,1705.6724,True,0.0043,0.8154,2158.4112,1496.7032,0.0185,7.8488,176000.0,0.7231,0.2022,Ｕ－ＮＥＸＴ　ＨＯＬＤＩＮＧＳ,プライム（内国株式）,情報・通信業
9419,2026-10-05,298.0,0.0171,-0.0067,0.0205,0.0347,-0.0072,0.0134,295.88,292.0533,True,0.0072,0.8418,354.0,232.0,0.0177,0.038,29800.0,0.9603,0.2081,ワイヤレスゲート,スタンダード（内国株式）,情報・通信業
9421,2026-10-05,540.0,-0.011,-0.0018,0.0526,0.08,0.0248,0.0587,522.16,518.28,False,0.0342,0.7803,692.0,495.0,0.013,0.0126,54000.0,1.2508,0.4571,エヌジェイホールディングス,スタンダード（内国株式）,情報・通信業
9423,2026-10-05,103.0,-0.0096,-0.019,0.0,0.0,-0.0278,-0.0213,104.76,103.6667,True,-0.0168,0.8953,115.05,99.0,0.0139,0.0985,10300.0,1.0936,0.21,フォーバル・リアルストレート,スタンダード（内国株式）,情報・通信業
9424,2026-10-05,119.0,0.0085,0.0348,0.0171,0.0625,-0.0107,0.0412,118.56,114.5067,True,0.0037,0.758,157.0,102.0,0.024,2.484,11900.0,1.097,0.28,日本通信,プライム（内国株式）,情報・通信業
9425,2026-10-05,241.0,0.0299,0.0169,-0.0623,-0.0512,-0.0901,-0.0725,245.8,218.04,True,-0.0195,0.3196,754.0,149.0,0.0655,2.0636,24100.0,0.3178,0.1774,ＲｅＹｕｕ　Ｊａｐａｎ,スタンダード（内国株式）,情報・通信業
9428,2026-10-05,1430.0,-0.0063,-0.0272,-0.0325,0.106,-0.0603,0.0846,1480.52,1389.56,True,-0.0341,0.8552,1672.168,1216.0,0.0113,0.0156,143000.0,0.5455,0.4256,クロップス,スタンダード（内国株式）,情報・通信業
9432,2026-10-05,170.0,0.0006,-0.0116,-0.0297,0.1565,-0.0575,0.1351,173.251,159.5437,True,-0.0188,0.9439,180.1,142.6,0.0166,341.5277,17000.0,0.8733,0.4568,ＮＴＴ,プライム（内国株式）,情報・通信業
9433,2026-10-05,2893.0,-0.0012,-0.0158,-0.0311,0.0568,-0.0589,0.0355,2981.6997,2878.2999,True,-0.0297,0.9269,3121.0,2273.6036,0.0185,261.26,289300.0,1.1264,0.4451,ＫＤＤＩ,プライム（内国株式）,情報・通信業
9434,2026-10-05,238.5,0.0046,-0.0067,-0.0116,0.1336,-0.0394,0.1122,242.0417,227.9366,True,-0.0146,0.9431,252.9,202.4362,0.0186,197.6768,23850.0,1.103,0.3691,ソフトバンク,プライム（内国株式）,情報・通信業
9435,2026-10-05,35950.0,0.0045,-0.0143,-0.0838,-0.0164,-0.1116,-0.0377,38276.4145,37911.5781,True,-0.0608,0.7905,45477.6766,33005.8152,0.0235,30.6769,3595000.0,1.1895,0.4391,光通信,プライム（内国株式）,情報・通信業
9436,2026-10-05,4130.0,-0.006,-0.0462,-0.0036,0.0926,-0.0314,0.0713,4240.1808,3979.3269,True,-0.026,0.9168,4505.0,2495.8258,0.0244,7.5905,413000.0,1.6102,0.4669,沖縄セルラー電話,スタンダード（内国株式）,情報・通信業
9438,2026-10-05,609.0,0.0066,0.005,0.0322,0.061,0.0044,0.0397,599.4949,591.6183,True,0.0159,0.7166,849.8043,527.0,0.0207,0.1706,60900.0,0.735,0.1983,エムティーアイ,プライム（内国株式）,情報・通信業
9439,2026-10-05,220.0,0.0046,0.0185,-0.0435,-0.0909,-0.0713,-0.1122,222.28,230.88,False,-0.0103,0.694,317.0,210.0,0.0182,0.0388,22000.0,0.3468,0.7,エム・エイチ・グループ,スタンダード（内国株式）,サービス業
9441,2026-10-05,2960.0,-0.0215,-0.0374,-0.0133,0.2033,-0.0411,0.1819,3015.04,2813.0057,True,-0.0183,0.9371,3158.5404,2370.0,0.0179,0.0801,296000.0,0.4504,0.2966,ベルパーク,スタンダード（内国株式）,情報・通信業
9444,2026-10-05,261.0,-0.0225,0.0077,-0.081,0.0357,-0.1088,0.0144,269.04,260.3467,True,-0.0299,0.4143,630.0,163.0,0.0561,0.1383,26100.0,1.0986,0.4302,トーシンホールディングス,スタンダード（内国株式）,情報・通信業
9445,2026-10-05,536.0,0.0,0.021,0.0019,0.0113,-0.0259,-0.01,536.2677,534.8092,False,-0.0005,0.9141,586.3636,517.0,0.0124,0.0098,53600.0,1.446,0.4222,フォーバルテレコム,スタンダード（内国株式）,情報・通信業
9446,2026-10-05,674.0,-0.0074,0.0015,-0.0316,-0.0246,-0.0594,-0.0459,687.9148,684.2783,True,-0.0202,0.9011,748.0,487.6093,0.0114,0.0275,67400.0,0.8163,0.2602,サカイホールディングス,スタンダード（内国株式）,情報・通信業
9449,2026-10-05,3954.0,-0.0035,-0.0095,-0.012,0.0845,-0.0398,0.0632,3983.32,3881.5927,True,-0.0074,0.9007,4390.0,2696.5771,0.0212,10.8388,395400.0,0.7113,0.2212,ＧＭＯインターネットグループ,プライム（内国株式）,情報・通信業
9450,2026-10-05,746.0,-0.0053,-0.0533,-0.0349,-0.0197,-0.0627,-0.041,775.92,767.2147,True,-0.0386,0.8999,829.0,628.5,0.0189,0.281,74600.0,0.8091,0.398,ファイバーゲート,スタンダード（内国株式）,情報・通信業
9466,2026-10-05,237.0,-0.0084,-0.0042,-0.0247,0.0724,-0.0525,0.0511,240.7142,230.6914,True,-0.0154,0.9518,249.0,216.0,0.0114,0.0153,23700.0,0.4824,0.257,アイドママーケティングコミュニケーション,スタンダード（内国株式）,情報・通信業
9467,2026-10-05,1032.0,-0.0077,-0.0436,-0.0979,0.0157,-0.1257,-0.0056,1110.2,1070.2667,True,-0.0704,0.6084,1696.2061,940.0,0.0216,1.0342,103200.0,0.6442,0.4667,アルファポリス,グロース（内国株式）,情報・通信業
9468,2026-10-05,3772.0,0.0059,0.0306,0.0132,0.0167,-0.0146,-0.0046,3674.28,3582.6667,True,0.0266,0.9508,3967.0,2680.3119,0.0221,15.2679,377200.0,1.1306,0.2886,ＫＡＤＯＫＡＷＡ,プライム（内国株式）,情報・通信業
9470,2026-10-05,1013.0,-0.0107,-0.0439,-0.0078,0.0,-0.0356,-0.0213,1042.2935,1023.3778,True,-0.0281,0.8828,1147.4692,923.0,0.0182,3.1654,101300.0,2.2086,0.3963,学研ホールディングス,プライム（内国株式）,情報・通信業
9474,2026-10-05,895.0,0.0011,-0.0121,-0.0165,-0.0208,-0.0443,-0.0421,911.9564,897.7455,True,-0.0186,0.8324,1075.1703,841.0,0.013,1.3151,89500.0,0.7804,0.3513,ゼンリン,プライム（内国株式）,情報・通信業
9475,2026-10-05,536.0,0.019,-0.0111,0.0113,0.0894,-0.0165,0.0681,533.24,515.1467,True,0.0052,0.9243,579.8864,410.3811,0.0164,0.0154,53600.0,0.9184,0.4553,昭文社ホールディングス,スタンダード（内国株式）,情報・通信業
9476,2026-10-05,987.0,0.002,-0.0305,0.0071,-0.0645,-0.0207,-0.0858,994.5129,1005.7576,False,-0.0076,0.8884,1111.0,675.0,0.0165,0.0131,98700.0,0.7974,0.2815,中央経済社ホールディングス,スタンダード（内国株式）,情報・通信業
9478,2026-10-05,505.0,0.01,0.002,-0.0472,-0.0213,-0.075,-0.0426,514.36,515.7867,False,-0.0182,0.8783,575.0,346.0548,0.0194,0.0598,50500.0,0.6526,0.3168,ＳＥホールディングス・アンド・インキュベーションズ,スタンダード（内国株式）,情報・通信業
9501,2026-10-05,522.9,-0.0021,-0.0068,-0.073,0.1154,-0.1008,0.0941,541.852,516.4027,False,-0.035,0.5566,939.4,442.8,0.0375,198.0946,52290.0024,0.9557,0.3057,東京電力ホールディングス,プライム（内国株式）,電気・ガス業
9502,2026-10-05,2626.5,-0.0032,-0.0621,-0.0905,-0.1792,-0.1183,-0.2005,2872.6417,2907.4539,True,-0.0857,0.7993,3286.0,1951.2484,0.0341,99.2306,262650.0,1.0732,0.429,中部電力,プライム（内国株式）,電気・ガス業
9503,2026-10-05,2606.0,-0.0101,-0.0468,-0.1023,0.143,-0.1301,0.1217,2835.273,2523.591,True,-0.0809,0.8536,3053.0,2013.5475,0.0328,128.5393,260600.0,1.2094,0.4854,関西電力,プライム（内国株式）,電気・ガス業
9504,2026-10-05,977.6,-0.0125,-0.0685,-0.043,0.0322,-0.0708,0.0109,1046.8406,964.6495,True,-0.0661,0.8628,1133.0,824.3352,0.032,22.3016,97759.9976,1.0841,0.5031,中国電力,プライム（内国株式）,電気・ガス業
9505,2026-10-05,1051.0,-0.015,-0.0785,0.0005,0.145,-0.0273,0.1237,1085.3105,975.1649,True,-0.0316,0.8911,1179.5,782.2,0.0353,12.3543,105100.0,1.304,0.3715,北陸電力,プライム（内国株式）,電気・ガス業
9506,2026-10-05,1241.0,0.0032,-0.0627,-0.0851,0.1308,-0.1129,0.1094,1352.1528,1218.0109,True,-0.0822,0.8431,1472.0,972.2,0.032,62.0473,124100.0,1.3548,0.6057,東北電力,プライム（内国株式）,電気・ガス業
9507,2026-10-05,2080.5,-0.0126,-0.0269,0.0219,0.3801,-0.0059,0.3588,2117.4875,1776.9292,True,-0.0175,0.9052,2298.5,1295.6582,0.0392,28.4666,208050.0,1.3558,0.2764,四国電力,プライム（内国株式）,電気・ガス業
9509,2026-10-05,1062.0,-0.0212,-0.0547,-0.0564,0.0804,-0.0842,0.059,1119.7721,1037.4014,True,-0.0516,0.8329,1275.0949,887.0,0.0297,24.8788,106200.0,1.1301,0.3348,北海道電力,プライム（内国株式）,電気・ガス業
9511,2026-10-05,1135.0,-0.0173,-0.047,-0.0299,0.2445,-0.0577,0.2232,1185.5674,1052.1225,True,-0.0427,0.9131,1243.0,873.0,0.0259,3.2542,113500.0,1.0694,0.3711,沖縄電力,プライム（内国株式）,電気・ガス業
9513,2026-10-05,3945.0,-0.0177,-0.0357,-0.051,0.0749,-0.0788,0.0536,4111.0791,3900.173,True,-0.0404,0.8739,4514.0,2674.3334,0.0249,23.2152,394500.0,1.0433,0.3577,電源開発,プライム（内国株式）,電気・ガス業
9514,2026-10-05,339.0,-0.0088,-0.0259,-0.0145,0.0561,-0.0423,0.0348,343.44,334.4461,False,-0.0129,0.7588,446.7607,310.0,0.0314,0.4013,33900.0,1.4289,0.2819,エフオン,スタンダード（内国株式）,電気・ガス業
9517,2026-10-05,796.0,-0.0075,-0.0421,-0.058,0.0338,-0.0858,0.0124,842.64,826.4933,True,-0.0553,0.712,1118.0,583.8841,0.0244,1.9302,79600.0,1.1589,0.3912,イーレックス,プライム（内国株式）,電気・ガス業
9519,2026-10-05,812.0,-0.0158,-0.0287,-0.0667,-0.1577,-0.0945,-0.179,872.96,919.8133,False,-0.0698,0.58,1400.0,616.0,0.0409,7.0779,81200.0,1.1293,0.3342,レノバ,プライム（内国株式）,電気・ガス業
9531,2026-10-05,6075.0,-0.0159,-0.0018,-0.0277,-0.0132,-0.0555,-0.0345,6218.3605,6136.6535,False,-0.0231,0.7685,7905.3756,4961.3254,0.0255,63.2473,607500.0,1.0946,0.323,東京瓦斯,プライム（内国株式）,電気・ガス業
9532,2026-10-05,5669.0,-0.0163,-0.0184,-0.0294,0.0279,-0.0572,0.0066,5856.3262,5583.7887,True,-0.032,0.838,6764.6114,4037.1692,0.0269,64.9194,566900.0,1.2757,0.3988,大阪瓦斯,プライム（内国株式）,電気・ガス業
9533,2026-10-05,1240.0,-0.008,-0.0014,-0.0092,-0.0116,-0.037,-0.0329,1265.952,1221.2973,True,-0.0205,0.8778,1412.554,1034.0089,0.0277,10.6917,124000.0,1.0856,0.396,東邦瓦斯,プライム（内国株式）,電気・ガス業
9534,2026-10-05,833.0,-0.02,-0.0801,-0.0936,0.1004,-0.1214,0.0791,902.9288,815.9363,True,-0.0774,0.857,972.0,646.3091,0.029,2.7015,83300.0,1.2014,0.5789,北海道瓦斯,プライム（内国株式）,電気・ガス業
9535,2026-10-05,415.0,-0.0024,-0.0547,-0.0235,0.0298,-0.0513,0.0085,433.8027,418.4542,True,-0.0433,0.9161,453.0,354.7445,0.0192,0.3711,41500.0,0.7488,0.4759,広島ガス,プライム（内国株式）,電気・ガス業
9536,2026-10-05,2417.0,-0.0033,-0.0675,-0.0492,0.0495,-0.077,0.0282,2543.832,2404.3307,True,-0.0499,0.8968,2695.0,1798.3363,0.0248,4.8859,241700.0,1.7827,0.4995,西部ガスホールディングス,プライム（内国株式）,電気・ガス業
9537,2026-10-05,4255.0,-0.0012,-0.0116,-0.0105,0.0131,-0.0383,-0.0082,4293.2,4308.5333,False,-0.0089,0.7583,5611.0185,3473.7217,0.006,0.0247,425500.0,0.9412,0.3944,北陸瓦斯,スタンダード（内国株式）,電気・ガス業
9539,2026-10-05,1302.0,-0.0196,-0.0398,-0.0434,-0.1119,-0.0711,-0.1332,1348.4,1397.0799,False,-0.0344,0.8444,1542.0,1109.5348,0.0165,0.0307,130200.0,0.2082,0.4107,京葉瓦斯,スタンダード（内国株式）,電気・ガス業
9543,2026-10-05,1282.0,-0.007,-0.0636,-0.0454,0.0448,-0.0732,0.0235,1339.04,1277.2656,True,-0.0426,0.8029,1596.6719,1072.6281,0.0232,2.1613,128200.0,1.0409,0.4712,静岡ガス,プライム（内国株式）,電気・ガス業
9551,2026-10-05,3145.0,0.0311,0.0145,0.0311,-0.0541,0.0034,-0.0755,3099.1898,3199.8633,False,0.0148,0.7527,4178.2179,2815.8416,0.0193,3.1305,314500.0,0.8793,0.2144,メタウォーター,プライム（内国株式）,電気・ガス業
9552,2026-10-05,1019.0,0.019,-0.0221,-0.1283,0.1475,-0.1561,0.1262,1077.64,985.76,True,-0.0544,0.7279,1400.0,556.0,0.0342,2.656,101900.0,0.6759,0.2582,クオンツ総研ホールディングス,プライム（内国株式）,サービス業
9553,2026-10-05,636.0,0.0016,0.0291,0.0909,0.0689,0.0631,0.0476,617.0,592.8533,True,0.0308,0.6646,957.0,416.0,0.0256,0.5325,63600.0,0.8359,0.2825,マイクロアド,グロース（内国株式）,サービス業
9554,2026-10-05,1758.0,0.0341,0.0011,0.0489,0.0402,0.0211,0.0189,1737.12,1658.5333,True,0.012,0.7427,2367.0,1180.0,0.0273,0.396,175800.0,0.5652,0.3375,ＡＶｉＣ,グロース（内国株式）,サービス業
9556,2026-10-05,2495.0,0.0457,0.0479,0.1084,0.42,0.0806,0.3987,2346.92,2045.1333,True,0.0631,0.5118,4875.0,1401.0,0.0694,2.3007,249500.0,0.8916,0.2113,ＩＮＴＬＯＯＰ,グロース（内国株式）,サービス業
9557,2026-10-05,259.0,0.0039,0.0197,0.0747,0.5325,0.0469,0.5112,250.0,206.8667,True,0.036,0.6524,397.0,148.0,0.0287,0.1444,25900.0,0.146,0.2423,エアークローゼット,グロース（内国株式）,サービス業
9558,2026-10-05,1973.0,-0.004,-0.005,-0.0085,-0.011,-0.0363,-0.0323,1983.44,1956.8533,True,-0.0053,0.8263,2387.8353,1860.0,0.01,0.0927,197300.0,0.6905,0.2342,ジャパニアス,グロース（内国株式）,サービス業
9560,2026-10-05,878.0,-0.0135,-0.0244,-0.0394,0.1696,-0.0672,0.1482,897.12,820.2574,True,-0.0213,0.7427,1182.2293,656.8722,0.0236,0.1965,87800.0,0.5186,0.2269,プログリット,グロース（内国株式）,サービス業
9561,2026-10-05,420.0,-0.0255,-0.0389,-0.0323,-0.0024,-0.0601,-0.0237,426.48,415.5867,False,-0.0152,0.5526,760.0,385.0,0.0286,0.0561,42000.0,0.6046,0.275,グラッドキューブ,グロース（内国株式）,サービス業
9562,2026-10-05,562.0,-0.0393,-0.189,-0.0442,0.124,-0.072,0.1027,641.7363,563.1521,True,-0.1243,0.5951,944.3333,481.0,0.0547,0.0852,56200.0,1.1635,0.4655,ビジネスコーチ,グロース（内国株式）,サービス業
9563,2026-10-05,355.0,0.0,0.0201,0.029,0.1833,0.0012,0.162,345.48,322.12,True,0.0276,0.8831,402.0,265.0,0.032,0.0861,35500.0,0.851,0.3082,Ａｔｌａｓ　Ｔｅｃｈｎｏｌｏｇｉｅｓ,グロース（内国株式）,サービス業
9564,2026-10-05,551.0,0.0,0.0242,-0.0213,0.0596,-0.0491,0.0383,561.6632,537.8344,True,-0.019,0.6922,796.0,424.0,0.025,0.2229,55100.0,0.9502,0.3127,ＦＣＥ,スタンダード（内国株式）,サービス業
9565,2026-10-05,659.0,0.0,0.0185,-0.0105,-0.0295,-0.0383,-0.0508,657.6,667.3867,False,0.0021,0.6684,986.0,631.0,0.0141,0.0122,65900.0,0.9731,0.2585,ＧＬＯＥ,グロース（内国株式）,サービス業
9601,2026-10-05,10710.0,-0.0019,-0.012,0.0142,-0.0009,-0.0136,-0.0223,10825.6,10830.1333,True,-0.0107,0.7644,14011.6421,9860.0,0.0153,4.5697,1071000.0,0.6897,0.2678,松竹,プライム（内国株式）,情報・通信業
9602,2026-10-05,1554.0,-0.0083,-0.0042,-0.0045,0.155,-0.0323,0.1337,1582.2,1461.3084,True,-0.0178,0.787,1974.5088,1182.5857,0.0231,47.0687,155400.0,0.7556,0.2622,東宝,プライム（内国株式）,情報・通信業
9603,2026-10-05,1078.0,0.0028,-0.0173,-0.061,0.0345,-0.0888,0.0132,1145.6,1074.4,True,-0.059,0.7502,1436.9802,907.0,0.0328,5.7166,107800.0,0.9896,0.3055,エイチ・アイ・エス,プライム（内国株式）,サービス業
9605,2026-10-05,5790.0,-0.0086,-0.0372,-0.0285,0.0212,-0.0563,-0.0002,5984.882,5905.3607,True,-0.0326,0.8908,6500.0,5024.6232,0.0199,3.8184,579000.0,1.069,0.3379,東映,プライム（内国株式）,情報・通信業
9610,2026-10-05,106.0,0.0192,-0.0185,-0.1382,-0.0275,-0.166,-0.0488,112.32,108.6133,False,-0.0563,0.3099,342.0,87.0,0.0296,0.5849,10600.0,0.1517,0.2545,ウィルソン・ラーニング　ワールドワイド,スタンダード（内国株式）,サービス業
9612,2026-10-05,1233.0,0.0033,-0.0167,0.0249,-0.0307,-0.0029,-0.052,1224.64,1241.197,False,0.0068,0.6378,1933.1787,1098.7064,0.0209,0.5768,123300.0,0.9423,0.2482,ラックランド,プライム（内国株式）,サービス業
9616,2026-10-05,3214.0,0.0171,-0.0056,-0.0028,0.0197,-0.0306,-0.0016,3230.6054,3179.4618,True,-0.0051,0.9071,3543.0,2321.0,0.0219,30.5529,321400.0,1.061,0.2102,共立メンテナンス,プライム（内国株式）,サービス業
9619,2026-10-05,2680.0,0.0,-0.0205,-0.007,0.2083,-0.0348,0.187,2705.6821,2493.3874,True,-0.0095,0.97,2763.0,1889.7134,0.018,0.9771,268000.0,1.0194,0.2095,イチネンホールディングス,プライム（内国株式）,サービス業
9621,2026-10-05,3305.0,-0.0149,0.0107,0.0492,0.1295,0.0214,0.1082,3243.0,3075.5467,True,0.0191,0.9245,3575.0,2563.0,0.0196,2.1386,330500.0,1.1048,0.2707,建設技術研究所,プライム（内国株式）,サービス業
9622,2026-10-05,1390.0,-0.0057,-0.03,-0.028,-0.0407,-0.0558,-0.062,1425.76,1431.0171,True,-0.0251,0.8341,1666.4523,1254.7856,0.0137,0.6788,139000.0,1.5623,0.4037,スペース,プライム（内国株式）,サービス業
9625,2026-10-05,908.0,-0.0098,-0.0268,-0.0442,-0.153,-0.072,-0.1743,936.4,998.1733,False,-0.0303,0.8151,1113.9636,825.0,0.0165,0.0372,90800.0,0.26,0.24,セレスポ,スタンダード（内国株式）,サービス業
9627,2026-10-05,5338.0,0.0026,-0.0137,-0.1266,-0.0763,-0.1544,-0.0976,5770.44,5782.28,False,-0.0749,0.7433,7181.288,5254.7696,0.0274,8.0887,533800.0,0.9759,0.2689,アインホールディングス,プライム（内国株式）,小売業
9628,2026-10-05,1292.0,-0.0054,-0.0542,-0.0227,-0.0433,-0.0505,-0.0646,1326.66,1354.9825,True,-0.0261,0.8156,1584.1335,1243.3048,0.0191,0.825,129200.0,1.1338,0.4099,燦ホールディングス,プライム（内国株式）,サービス業
9629,2026-10-05,1535.0,-0.0065,-0.0248,-0.026,0.1027,-0.0538,0.0814,1580.12,1473.2933,True,-0.0286,0.7791,1970.2838,1164.0,0.0191,0.3902,153500.0,0.602,0.2691,ピー・シー・エー,プライム（内国株式）,情報・通信業
9632,2026-10-05,4650.0,-0.0792,0.3248,0.2534,0.3169,0.2256,0.2956,3766.8,3646.1457,True,0.2345,0.8439,5510.0,2963.2836,0.0462,2.9604,465000.0,3.7553,0.9667,スバル興業,スタンダード（内国株式）,サービス業
9633,2026-10-05,1748.0,-0.0294,-0.0948,-0.0805,0.0711,-0.1083,0.0498,1897.92,1742.72,True,-0.079,0.8718,2005.0,1347.9151,0.0136,0.1368,174800.0,1.2834,0.8467,東京テアトル,スタンダード（内国株式）,不動産業
9635,2026-10-05,2539.0,0.0063,-0.0113,-0.0067,-0.0043,-0.0344,-0.0256,2565.08,2548.8667,True,-0.0102,0.9404,2700.0,2151.0,0.0081,0.0127,253900.0,2.5562,0.3827,武蔵野興業,スタンダード（内国株式）,サービス業
9636,2026-10-05,4225.0,0.0,0.0048,0.0084,-0.0012,-0.0194,-0.0225,4205.6,4205.4,True,0.0046,0.9646,4380.0,4025.0,0.0027,0.0661,422500.0,0.3815,0.3062,きんえい,スタンダード（内国株式）,サービス業
9639,2026-10-05,2262.0,-0.0109,-0.0391,-0.0532,-0.0118,-0.081,-0.0331,2353.4183,2311.8461,True,-0.0388,0.9394,2408.0,1863.773,0.0149,0.1535,226200.0,0.6658,0.3563,三協フロンテア,スタンダード（内国株式）,サービス業
9640,2026-10-05,1941.0,-0.0077,0.0136,-0.0261,-0.0938,-0.0539,-0.1152,1970.2492,2036.6431,False,-0.0148,0.7778,2495.4865,1784.5914,0.0183,0.0898,194100.0,0.8219,0.2578,セゾンテクノロジー,スタンダード（内国株式）,情報・通信業
9644,2026-10-05,674.0,-0.0015,-0.1001,-0.1155,-0.1178,-0.1433,-0.1391,743.4496,751.5499,True,-0.0934,0.8619,782.0,631.6552,0.0167,0.7208,67400.0,2.1231,0.7908,タナベコンサルティンググループ,プライム（内国株式）,サービス業
9647,2026-10-05,6840.0,-0.0015,0.0379,0.0148,-0.063,-0.013,-0.0843,6771.2,6665.8667,False,0.0102,0.6275,10900.0,5840.0,0.0109,0.0264,684000.0,0.5769,0.35,協和コンサルタンツ,スタンダード（内国株式）,サービス業
9651,2026-10-05,1929.0,-0.0128,-0.0427,-0.0493,0.0717,-0.0771,0.0503,1987.2,1931.9867,True,-0.0293,0.9018,2139.0,1544.1008,0.0218,0.3376,192900.0,1.1353,0.2681,日本プロセス,スタンダード（内国株式）,情報・通信業
9656,2026-10-05,600.0,0.0,0.0,0.0,0.0,-0.0278,-0.0213,600.88,600.764,False,-0.0015,0.9714,617.6941,580.0,0.0045,0.0229,60000.0,1.1815,0.2947,グリーンランドリゾート,スタンダード（内国株式）,サービス業
9658,2026-10-05,1132.0,0.0089,-0.0031,0.0347,0.1164,0.0069,0.0951,1100.5062,1054.7821,True,0.0286,0.9514,1189.8015,913.0,0.0204,0.9635,113200.0,1.2116,0.2843,ビジネスブレイン太田昭和,プライム（内国株式）,情報・通信業
9661,2026-10-05,4080.0,0.0,-0.0157,-0.0588,-0.0883,-0.0866,-0.1096,4217.6,4382.9333,False,-0.0326,0.8527,4784.8329,4070.0,0.0071,0.42,408000.0,1.376,0.4148,歌舞伎座,スタンダード（内国株式）,サービス業
9663,2026-10-05,4700.0,-0.0084,-0.0447,-0.0766,-0.0656,-0.1044,-0.0869,4989.0,5045.8667,True,-0.0579,0.6923,6789.2455,4670.0,0.0131,1.5707,470000.0,1.4917,0.5584,ナガワ,プライム（内国株式）,サービス業
9672,2026-10-05,4670.0,-0.0011,-0.0311,-0.066,-0.0421,-0.0938,-0.0634,4898.2,4906.7362,True,-0.0466,0.7777,6005.1693,4523.6308,0.0152,3.0628,467000.0,1.0953,0.4432,東京都競馬,プライム（内国株式）,サービス業
9678,2026-10-05,5370.0,0.0075,-0.0056,-0.0324,0.0488,-0.0602,0.0275,5447.6,5338.1333,True,-0.0142,0.9323,5760.0,3352.8111,0.023,5.2953,537000.0,1.056,0.2023,カナモト,プライム（内国株式）,サービス業
9679,2026-10-05,2116.0,-0.0456,-0.086,-0.1079,-0.0879,-0.1357,-0.1092,2299.6006,2323.6402,False,-0.0798,0.8694,2434.0,1824.0,0.0196,0.0223,211600.0,2.0323,0.5041,ホウライ,スタンダード（内国株式）,サービス業
9682,2026-10-05,1093.0,-0.0073,-0.0412,-0.0404,0.0331,-0.0682,0.0118,1114.9688,1078.9496,True,-0.0197,0.8197,1333.4085,958.0,0.0245,7.2837,109300.0,1.3759,0.3503,ＤＴＳ,プライム（内国株式）,情報・通信業
9684,2026-10-05,2839.0,-0.0156,-0.0317,-0.0448,0.1112,-0.0725,0.0898,2927.8746,2737.4515,True,-0.0304,0.8554,3318.969,2325.0,0.0226,32.2386,283900.0,0.8641,0.3007,スクウェア・エニックス・ホールディングス,プライム（内国株式）,情報・通信業
9685,2026-10-05,581.0,-0.0017,-0.0068,-0.0034,-0.0017,-0.0312,-0.023,574.72,575.6267,True,0.0109,0.8591,676.2991,525.0,0.0112,0.0111,58100.0,0.6383,0.2923,ＫＹＣＯＭホールディングス,スタンダード（内国株式）,情報・通信業
9686,2026-10-05,1644.0,-0.0096,-0.0203,-0.0312,0.0161,-0.059,-0.0052,1697.7624,1652.9075,True,-0.0317,0.8859,1855.7612,1441.6334,0.0175,0.0621,164400.0,1.3012,0.4857,東洋テック,スタンダード（内国株式）,サービス業
9687,2026-10-05,1513.0,0.0175,-0.0239,-0.6743,-0.653,-0.7021,-0.6743,3649.9467,4154.4489,False,-0.5855,0.2714,5575.2656,1472.0,0.1773,0.0879,151300.0,2.413,1.1682,ＫＳＫ,スタンダード（内国株式）,情報・通信業
9691,2026-10-05,5160.0,0.0,0.0,0.0039,-0.0058,-0.0239,-0.0271,5154.0,5160.5333,False,0.0012,0.9578,5387.5094,3440.0,0.0001,0.0108,516000.0,0.7101,0.0,両毛システムズ,スタンダード（内国株式）,情報・通信業
9692,2026-10-05,2210.0,-0.0041,-0.0099,-0.0875,0.0342,-0.1153,0.0129,2305.16,2233.7312,True,-0.0413,0.8569,2579.0,1832.2182,0.0266,3.338,221000.0,1.133,0.1942,シーイーシー,プライム（内国株式）,情報・通信業
9697,2026-10-05,4415.0,-0.0074,0.0122,0.0452,0.3383,0.0174,0.317,4321.4306,3803.5035,True,0.0217,0.977,4519.0,2736.0,0.0284,163.0637,441500.0,1.4824,0.2109,カプコン,プライム（内国株式）,情報・通信業
9698,2026-10-05,1265.0,-0.0292,-0.0232,-0.0179,0.0524,-0.0457,0.0311,1293.12,1264.08,True,-0.0217,0.937,1350.0,1092.6274,0.0154,0.019,126500.0,0.449,0.2316,クレオ,スタンダード（内国株式）,情報・通信業
9699,2026-10-05,4305.0,-0.0092,-0.0471,-0.086,0.059,-0.1138,0.0377,4595.5032,4338.2344,True,-0.0632,0.8822,4880.0,3650.0,0.0227,3.4666,430500.0,1.4261,0.4902,ニシオホールディングス,プライム（内国株式）,サービス業
9701,2026-10-05,4550.0,0.0111,0.0044,0.0581,0.0833,0.0303,0.062,4415.0,4285.6667,True,0.0306,0.8288,5490.0,3881.5703,0.0145,0.0448,455000.0,1.3257,0.3103,東京會舘,スタンダード（内国株式）,サービス業
9702,2026-10-05,2435.0,-0.0057,-0.0201,0.0261,0.0919,-0.0017,0.0706,2429.44,2366.0667,True,0.0023,0.9416,2586.0,1589.097,0.0212,0.66,243500.0,1.2869,0.2436,アイ・エス・ビー,プライム（内国株式）,情報・通信業
9704,2026-10-05,26.0,0.0,-0.037,-0.1034,-0.2121,-0.1312,-0.2334,27.8,30.5733,False,-0.0647,0.3768,69.0,25.0,0.0467,0.1161,2600.0,1.1472,0.2471,アゴーラ　ホスピタリティー　グループ,スタンダード（内国株式）,サービス業
9706,2026-10-05,5345.0,0.0015,-0.0287,-0.0704,-0.0096,-0.0982,-0.031,5586.1697,5448.3632,True,-0.0432,0.8895,6009.0,4074.0528,0.0201,63.0962,534500.0,1.1676,0.2703,日本空港ビルデング,プライム（内国株式）,不動産業
9708,2026-10-05,941.0,0.0107,-0.0105,-0.0495,-0.0692,-0.0773,-0.0906,960.6395,984.6265,False,-0.0204,0.5649,1665.921,928.0,0.0126,1.7062,94100.0,0.8818,0.2867,帝国ホテル,スタンダード（内国株式）,サービス業
9709,2026-10-05,1200.0,-0.0164,-0.0283,-0.126,-0.0596,-0.1538,-0.0809,1263.3817,1285.8339,False,-0.0502,0.6888,1742.2232,1139.0,0.0267,0.1559,120000.0,1.227,0.3117,ＮＣＳ＆Ａ,スタンダード（内国株式）,情報・通信業
9713,2026-10-05,906.0,0.0,-0.0141,-0.0088,-0.0066,-0.0366,-0.0279,913.44,906.2933,True,-0.0081,0.8372,1082.1724,864.5455,0.0084,0.0497,90600.0,0.8744,0.3664,ロイヤルホテル,スタンダード（内国株式）,サービス業
9715,2026-10-05,3420.0,-0.0158,-0.038,-0.0782,-0.0566,-0.106,-0.0779,3598.8,3646.9333,False,-0.0497,0.8424,4060.0,3352.6099,0.0195,4.4083,342000.0,1.1872,0.3743,トランス・コスモス,プライム（内国株式）,サービス業
9716,2026-10-05,1206.0,-0.005,-0.0195,-0.0585,0.1015,-0.0863,0.0802,1247.08,1175.4205,True,-0.0329,0.837,1440.8031,954.167,0.0201,3.6992,120600.0,0.9923,0.2676,乃村工藝社,プライム（内国株式）,サービス業
9720,2026-10-05,6500.0,0.0156,0.0156,0.0078,0.1628,-0.02,0.1415,6414.4,6051.4667,True,0.0133,0.8642,7521.4014,5150.0,0.0063,0.0077,650000.0,0.411,0.4912,ホテル、ニューグランド,スタンダード（内国株式）,サービス業
9722,2026-10-05,3080.0,0.025,0.1087,0.0617,0.5611,0.0339,0.5398,2848.68,2319.4933,True,0.0812,0.9747,3160.0,1735.0,0.0371,8.789,308000.0,1.0699,0.3655,藤田観光,プライム（内国株式）,サービス業
9723,2026-10-05,633.0,-0.0094,-0.0016,-0.0031,-0.0125,-0.0309,-0.0338,633.96,634.2,True,-0.0015,0.9095,695.9713,605.6241,0.0052,0.0123,63300.0,0.7552,0.3043,京都ホテル,スタンダード（内国株式）,サービス業
9726,2026-10-05,2015.0,0.002,0.0035,0.043,0.1029,0.0152,0.0816,1962.76,1916.0267,True,0.0266,0.9523,2116.0,1386.0841,0.0221,0.7098,201500.0,1.2864,0.209,ＫＮＴ－ＣＴホールディングス,スタンダード（内国株式）,サービス業
9729,2026-10-05,2516.0,0.0024,-0.0028,0.0207,0.058,-0.0071,0.0367,2520.9731,2455.391,True,-0.002,0.8779,2866.0,2052.2448,0.0204,0.7324,251600.0,1.0192,0.2939,トーカイ,プライム（内国株式）,サービス業
9731,2026-10-05,3365.0,0.009,0.0,-0.0059,-0.0146,-0.0337,-0.036,3382.0,3429.2428,False,-0.005,0.896,3755.5714,2936.6071,0.0083,0.0506,336500.0,0.7131,0.341,白洋舎,スタンダード（内国株式）,サービス業
9733,2026-10-05,2216.0,-0.0085,-0.0173,-0.0554,-0.0728,-0.0832,-0.0941,2302.1169,2305.7323,True,-0.0374,0.8131,2725.2061,1809.2261,0.0128,0.3837,221600.0,0.837,0.361,ナガセ,スタンダード（内国株式）,サービス業
9735,2026-10-05,6250.0,0.0043,0.0035,-0.0346,-0.0583,-0.0624,-0.0796,6355.0159,6511.392,False,-0.0165,0.8652,7224.0,5022.5225,0.0186,86.3309,625000.0,1.1589,0.3294,セコム,プライム（内国株式）,サービス業
9739,2026-10-05,2575.0,0.0102,-0.0205,-0.0585,0.0222,-0.0863,0.0009,2672.0996,2602.7532,True,-0.0363,0.9096,2831.0,2207.4602,0.0153,0.6107,257500.0,0.9584,0.3641,ＮＳＷ,プライム（内国株式）,情報・通信業
9740,2026-10-05,2605.0,-0.0031,-0.032,-0.0666,-0.027,-0.0944,-0.0484,2691.76,2680.0436,True,-0.0322,0.7888,3302.364,2355.2525,0.0175,0.57,260500.0,1.0419,0.2341,セントラル警備保障,プライム（内国株式）,サービス業
9742,2026-10-05,2252.0,-0.0123,-0.0049,-0.026,0.0683,-0.0537,0.047,2204.92,2202.64,True,0.0214,0.8912,2527.0,1637.4191,0.0292,0.6334,225200.0,0.9705,0.3143,アイネス,プライム（内国株式）,情報・通信業
9743,2026-10-05,1367.0,-0.0151,-0.0407,-0.0977,-0.0056,-0.1255,-0.027,1469.52,1412.9947,True,-0.0698,0.8592,1590.9269,1237.7049,0.0213,5.0149,136700.0,0.7463,0.4255,丹青社,プライム（内国株式）,サービス業
9744,2026-10-05,3233.0,-0.0119,-0.0516,-0.0412,0.0199,-0.069,-0.0014,3362.4829,3270.561,True,-0.0385,0.8978,3601.0887,2952.5,0.0197,17.9878,323300.0,1.6413,0.4265,メイテックグループホールディングス,プライム（内国株式）,サービス業
9746,2026-10-05,4035.0,0.005,-0.012,-0.0194,0.1512,-0.0472,0.1299,4093.1005,3822.1668,True,-0.0142,0.9361,4310.4893,3310.0,0.0171,2.824,403500.0,0.9006,0.2675,ＴＫＣ,プライム（内国株式）,情報・通信業
9753,2026-10-05,1414.0,0.0028,-0.0153,0.0151,0.1021,-0.0127,0.0808,1408.92,1337.5333,True,0.0036,0.9488,1490.3333,1173.3846,0.0209,0.0955,141400.0,1.2178,0.1763,アイエックス・ナレッジ,スタンダード（内国株式）,情報・通信業
9755,2026-10-05,2768.0,0.0047,-0.0271,-0.0043,-0.0032,-0.0321,-0.0246,2828.64,2810.2461,True,-0.0214,0.8889,3113.985,2476.5276,0.0127,1.6202,276800.0,0.9122,0.387,応用地質,プライム（内国株式）,サービス業
9757,2026-10-05,1158.0,-0.006,-0.0236,-0.0094,0.0556,-0.0372,0.0343,1176.12,1129.3448,True,-0.0154,0.9105,1271.8829,1017.9094,0.0115,2.753,115800.0,0.6616,0.3237,船井総研ホールディングス,プライム（内国株式）,サービス業
9759,2026-10-05,2948.5,-0.0107,0.008,0.0199,0.1224,-0.0079,0.1011,2900.44,2750.68,True,0.0166,0.8315,3545.8343,2378.0,0.0204,9.81,294850.0,1.5246,0.2856,ＮＳＤ,プライム（内国株式）,情報・通信業
9760,2026-10-05,115.0,-0.0171,-0.0086,-0.0496,-0.0254,-0.0774,-0.0467,118.2,117.9867,True,-0.0271,0.6389,180.0,108.0,0.0193,0.0448,11500.0,1.3185,0.2258,進学会ホールディングス,スタンダード（内国株式）,サービス業
9761,2026-10-05,2356.0,-0.0051,-0.0204,-0.0309,0.0026,-0.0586,-0.0188,2430.3904,2369.7168,True,-0.0306,0.881,2674.1973,2109.0,0.0179,0.1047,235600.0,0.9539,0.342,東海リース,スタンダード（内国株式）,サービス業
9763,2026-10-05,1231.0,0.0,-0.0238,-0.0581,-0.0112,-0.0859,-0.0326,1283.1267,1262.1622,True,-0.0406,0.7455,1651.3229,1062.7325,0.0157,0.1283,123100.0,0.8012,0.5061,丸建リース,スタンダード（内国株式）,卸売業
9765,2026-10-05,1171.0,-0.011,-0.0242,-0.0085,0.0427,-0.0363,0.0214,1183.68,1143.3067,True,-0.0107,0.9029,1296.995,1016.0,0.0123,0.1717,117100.0,1.0626,0.3188,オオバ,プライム（内国株式）,サービス業
9766,2026-10-05,22205.0,-0.0065,0.047,0.0223,0.1843,-0.0055,0.1629,21404.9559,20170.1186,True,0.0374,0.8393,26457.0054,16850.0,0.0311,113.9411,2220500.0,1.1202,0.3389,コナミグループ,プライム（内国株式）,情報・通信業
9767,2026-10-05,1799.0,0.0141,0.0429,0.1237,0.2066,0.0959,0.1853,1666.76,1565.48,True,0.0793,0.8579,2097.0,1331.0,0.0247,0.0301,179900.0,1.2055,0.427,日建工学,スタンダード（内国株式）,サービス業
9768,2026-10-05,3600.0,-0.0349,-0.0551,-0.0551,0.03,-0.0829,0.0087,3785.2,3602.2,True,-0.0489,0.7407,4860.0,2990.0,0.0188,0.3757,360000.0,0.8319,0.3684,いであ,スタンダード（内国株式）,サービス業
9769,2026-10-05,2503.0,-0.0004,-0.0184,-0.0336,-0.0142,-0.0614,-0.0355,2573.5733,2586.4311,True,-0.0274,0.901,2778.0,2186.6011,0.014,0.3908,250300.0,1.3245,0.4072,学究社,プライム（内国株式）,サービス業
9778,2026-10-05,5650.0,0.0217,0.0254,0.018,0.0089,-0.0098,-0.0124,5562.0,5622.5333,False,0.0158,0.8233,6862.9693,5380.0,0.008,0.0153,565000.0,0.6562,0.3556,昴,スタンダード（内国株式）,サービス業
9780,2026-10-05,1129.0,-0.0131,0.0018,0.0053,0.2245,-0.0225,0.2032,1132.1238,1010.6546,True,-0.0028,0.9609,1175.0,804.572,0.0303,0.0682,112900.0,0.5164,0.1505,ハリマビステム,スタンダード（内国株式）,サービス業
9782,2026-10-05,3200.0,-0.0016,-0.0376,-0.0857,-0.0738,-0.1135,-0.0951,3421.9039,3421.8346,True,-0.0648,0.8108,3946.7346,2711.5707,0.0155,1.3329,320000.0,1.2463,0.6461,ディーエムエス,スタンダード（内国株式）,サービス業
9788,2026-10-05,502.0,-0.002,-0.0214,-0.0309,-0.0271,-0.0587,-0.0485,515.32,519.8,True,-0.0258,0.92,545.6612,478.0,0.0094,0.2093,50200.0,0.9863,0.4462,ナック,プライム（内国株式）,サービス業
9790,2026-10-05,2957.0,-0.0034,-0.0257,-0.0241,-0.0745,-0.0519,-0.0958,3018.76,3083.88,False,-0.0205,0.8522,3470.0,2826.7964,0.0161,1.0247,295700.0,0.9172,0.309,福井コンピュータホールディングス,プライム（内国株式）,情報・通信業
9791,2026-10-05,1164.0,0.0017,-0.0152,-0.0348,-0.021,-0.0626,-0.0423,1184.372,1181.1907,True,-0.0172,0.7964,1461.6405,1072.0,0.0125,0.0272,116400.0,1.0642,0.4357,ビケンテクノ,スタンダード（内国株式）,サービス業
9793,2026-10-05,3485.0,-0.0014,-0.0306,-0.0657,-0.0964,-0.0935,-0.1177,3678.48,3765.539,False,-0.0526,0.7964,4376.0232,3004.0626,0.0215,4.9618,348500.0,1.2234,0.46,ダイセキ,プライム（内国株式）,サービス業
9795,2026-10-05,2158.0,0.0005,-0.0332,-0.0662,-0.0405,-0.094,-0.0618,2267.2746,2251.0915,True,-0.0482,0.8383,2574.1448,2135.0,0.0139,0.6883,215800.0,2.345,0.565,ステップ,プライム（内国株式）,サービス業
9799,2026-10-05,944.0,0.0096,0.0032,-0.0197,0.0317,-0.0475,0.0104,950.5472,933.9157,True,-0.0069,0.6812,1385.7747,825.0,0.0161,0.0446,94400.0,0.6373,0.2846,旭情報サービス,スタンダード（内国株式）,情報・通信業
9812,2026-10-05,240.0,0.0127,0.03,-0.0323,0.0526,-0.0601,0.0313,239.92,234.0667,True,0.0003,0.7362,326.0,216.0,0.0149,0.0118,24000.0,0.8972,0.336,テーオーホールディングス,スタンダード（内国株式）,小売業
9816,2026-10-05,248.0,-0.0312,-0.0275,-0.0236,0.0553,-0.0514,0.034,253.84,246.7733,False,-0.023,0.6562,377.9623,228.0,0.0487,0.0476,24800.0,3.0137,0.4556,ストライダーズ,スタンダード（内国株式）,不動産業
9818,2026-10-05,1550.0,-0.0006,0.0098,-0.0039,0.0091,-0.0317,-0.0122,1554.3899,1538.9566,False,-0.0028,0.6133,2527.1842,1427.8045,0.0149,0.0195,155000.0,0.7835,0.2859,大丸エナウィン,スタンダード（内国株式）,卸売業
9820,2026-10-05,3920.0,-0.0038,0.0116,0.0235,0.0996,-0.0043,0.0783,3827.4,3704.3333,True,0.0242,0.924,4242.2005,3203.8996,0.0087,0.0226,392000.0,1.0442,0.6632,エムティジェネックス,スタンダード（内国株式）,不動産業
9823,2026-10-05,967.0,0.0,-0.0289,-0.0482,-0.0773,-0.076,-0.0986,1007.0102,1023.8567,False,-0.0397,0.5403,1789.6937,959.0,0.0149,0.9026,96700.0,1.2147,0.4161,マミーマートホールディングス,スタンダード（内国株式）,小売業
9824,2026-10-05,8260.0,0.0085,0.0261,0.1409,0.231,0.1131,0.2097,7755.2,7035.0667,True,0.0651,0.9952,8300.0,4104.5317,0.0262,6.172,826000.0,1.0203,0.2449,泉州電業,プライム（内国株式）,卸売業
9827,2026-10-05,653.0,0.0,0.0203,0.0187,0.0498,-0.0091,0.0285,638.96,625.88,True,0.022,0.9384,695.8519,580.0,0.0103,0.0825,65300.0,0.8679,0.4468,リリカラ,スタンダード（内国株式）,卸売業
9828,2026-10-05,3330.0,0.039,0.006,-0.0045,0.0521,-0.0323,0.0308,3368.5937,3296.5446,True,-0.0115,0.9049,3680.0,2571.0,0.0223,2.7021,333000.0,1.2501,0.3706,Ｇｅｎｋｉ　Ｇｌｏｂａｌ　Ｄｉｎｉｎｇ　Ｃｏｎｃｅｐｔｓ,スタンダード（内国株式）,小売業
9830,2026-10-05,2363.0,0.0,-0.0284,-0.0223,0.0008,-0.0501,-0.0205,2397.8,2352.009,True,-0.0145,0.8712,2712.2137,2061.7554,0.0172,2.4102,236300.0,0.9862,0.2653,トラスコ中山,プライム（内国株式）,卸売業
9831,2026-10-05,712.2,0.0071,-0.0018,0.0114,0.0954,-0.0164,0.074,711.644,693.3387,True,0.0008,0.9278,767.6,427.2969,0.0178,35.2021,71220.0012,1.2536,0.234,ヤマダホールディングス,プライム（内国株式）,小売業
9832,2026-10-05,1521.0,-0.0078,-0.0312,-0.0306,0.0236,-0.0584,0.0022,1572.8242,1526.7281,True,-0.0329,0.8683,1751.7597,1431.0,0.0174,6.5555,152100.0,2.0557,0.4202,オートバックスセブン,プライム（内国株式）,卸売業
9835,2026-10-05,511.0,0.0,-0.0058,0.0059,0.0079,-0.0219,-0.0134,509.72,510.1733,True,0.0025,0.9733,525.0,471.5871,0.0045,0.0123,51100.0,0.5929,0.3062,ジュンテンドー,スタンダード（内国株式）,小売業
9837,2026-10-05,1814.0,0.0022,-0.0038,0.0028,-0.0038,-0.025,-0.0252,1803.84,1799.6533,True,0.0056,0.8727,2078.58,1468.451,0.0127,0.874,181400.0,0.9227,0.3121,モリト,プライム（内国株式）,卸売業
9842,2026-10-05,1834.0,-0.007,-0.0317,-0.0065,-0.0131,-0.0343,-0.0344,1870.56,1873.3781,True,-0.0195,0.9144,2005.5801,1695.9741,0.0112,3.1151,183400.0,0.5733,0.3561,アークランズ,プライム（内国株式）,小売業
9843,2026-10-05,3121.0,0.0372,0.0589,0.0331,0.3141,0.0053,0.2928,3112.1607,2772.4869,True,0.0028,0.8987,3472.6243,2216.5,0.0364,134.7094,312100.0,1.1151,0.2781,ニトリホールディングス,プライム（内国株式）,小売業
9845,2026-10-05,1340.0,0.0113,0.0034,-0.0483,-0.0616,-0.0761,-0.0829,1371.2312,1417.8237,True,-0.0228,0.7839,1709.4791,1027.2469,0.0214,0.1486,134000.0,1.3743,0.3452,パーカーコーポレーション,スタンダード（内国株式）,化学
9846,2026-10-05,980.0,-0.001,-0.001,-0.0031,-0.0179,-0.0308,-0.0392,982.56,986.5822,True,-0.0026,0.9792,1000.829,931.321,0.0042,0.0736,98000.0,1.0186,0.2414,天満屋ストア,スタンダード（内国株式）,小売業
9849,2026-10-05,4460.0,0.0,-0.0176,-0.01,-0.0089,-0.0378,-0.0302,4507.4,4491.6667,True,-0.0105,0.9562,4664.3013,4420.0,0.0041,0.0128,446000.0,2.1429,0.4941,共同紙販ホールディングス,スタンダード（内国株式）,卸売業
9850,2026-10-05,931.0,-0.0106,-0.0432,-0.0596,-0.0302,-0.0874,-0.0515,981.76,972.4,True,-0.0517,0.9077,1025.7181,927.4159,0.0092,0.5632,93100.0,1.6963,0.735,グルメ杵屋,プライム（内国株式）,小売業
9853,2026-10-05,907.0,0.0,-0.0011,-0.0022,0.0,-0.03,-0.0213,908.52,907.28,True,-0.0017,0.9351,969.9219,897.0,0.0027,0.0187,90700.0,1.0334,0.2471,銀座ルノアール,スタンダード（内国株式）,小売業
9854,2026-10-05,269.0,0.0346,-0.0037,-0.0724,-0.0289,-0.1002,-0.0502,278.8,274.0933,True,-0.0352,0.8277,325.0,165.0,0.0244,0.1326,26900.0,0.5544,0.3348,愛眼,スタンダード（内国株式）,小売業
9856,2026-10-05,1180.0,0.0,-0.0312,-0.0445,0.0155,-0.0723,-0.0058,1224.2826,1196.3209,True,-0.0362,0.9039,1305.4529,1109.6834,0.0129,0.3822,118000.0,0.9452,0.4481,ケーユーホールディングス,スタンダード（内国株式）,小売業
9857,2026-10-05,2593.0,-0.0189,0.0004,-0.0141,0.068,-0.0419,0.0466,2611.0509,2534.577,True,-0.0069,0.9267,2797.9849,2241.1282,0.0098,0.0229,259300.0,0.64,0.4286,英和,スタンダード（内国株式）,卸売業
9861,2026-10-05,3649.0,-0.0108,-0.0005,-0.0507,0.1295,-0.0785,0.1082,3748.48,3585.9633,True,-0.0265,0.8928,4087.0874,2944.0588,0.0219,12.7864,364900.0,0.6839,0.3053,吉野家ホールディングス,プライム（内国株式）,小売業
9867,2026-10-05,10500.0,0.0,-0.0085,-0.0278,0.0595,-0.0556,0.0382,10616.8,10375.2,True,-0.011,0.8818,11906.9012,7457.9502,0.0051,0.0221,1050000.0,0.4845,0.3547,ソレキア,スタンダード（内国株式）,卸売業
9869,2026-10-05,6550.0,-0.0015,-0.0253,-0.0325,0.0755,-0.0603,0.0542,6701.9765,6374.1255,True,-0.0227,0.9251,7080.0,5632.2439,0.0171,2.4636,655000.0,1.314,0.3931,加藤産業,プライム（内国株式）,卸売業
9872,2026-10-05,965.0,0.0179,0.0084,0.0147,0.057,-0.0131,0.0356,956.68,935.44,True,0.0087,0.9928,972.0,854.0,0.0105,0.058,96500.0,2.0983,0.3352,北恵,スタンダード（内国株式）,卸売業
9876,2026-10-05,224.0,0.0,0.009,0.0045,-0.0588,-0.0233,-0.0801,220.68,224.0933,True,0.015,0.6914,324.0,210.0,0.0175,0.041,22400.0,0.7407,0.28,コックス,スタンダード（内国株式）,小売業
9878,2026-10-05,383.0,0.0052,-0.0078,-0.0681,-0.0815,-0.0959,-0.1029,402.96,412.4533,False,-0.0495,0.5583,686.0,377.0,0.0224,0.0377,38300.0,1.4334,0.3033,セキド,スタンダード（内国株式）,小売業
9880,2026-10-05,3970.0,0.0379,0.1524,0.1491,0.0517,0.1213,0.0303,3487.6153,3614.2718,False,0.1383,0.8077,4915.0,1493.7265,0.0299,4.7171,397000.0,0.84,0.4935,イノテック,プライム（内国株式）,電気機器
9882,2026-10-05,1624.0,-0.0134,-0.0345,-0.0866,-0.1062,-0.1144,-0.1275,1729.9275,1765.6958,True,-0.0612,0.8588,1891.0,1407.2689,0.0181,3.7847,162400.0,1.3492,0.5608,イエローハット,プライム（内国株式）,卸売業
9885,2026-10-05,331.0,0.0,0.0,-0.0119,-0.0119,-0.0397,-0.0333,332.76,334.36,False,-0.0053,0.8819,375.3465,327.0,0.0073,0.0278,33100.0,1.9694,0.2882,シャルレ,スタンダード（内国株式）,卸売業
9887,2026-10-05,5090.0,-0.0078,0.0006,-0.0117,0.0517,-0.0394,0.0303,5223.2298,5005.8766,True,-0.0255,0.7382,6895.3497,4385.0,0.0208,3.0998,509000.0,1.0244,0.3305,松屋フーズホールディングス,プライム（内国株式）,小売業
9888,2026-10-05,1206.0,-0.0123,-0.0171,-0.0344,0.2036,-0.0622,0.1823,1251.2656,1125.5952,True,-0.0362,0.9061,1331.0,693.0,0.0255,0.6392,120600.0,0.7172,0.2571,ＵＥＸ,スタンダード（内国株式）,卸売業
9889,2026-10-05,1698.0,-0.0145,0.0095,0.0107,0.244,-0.0171,0.2226,1684.0336,1545.9979,True,0.0083,0.934,1818.0,1145.0,0.0279,2.9184,169800.0,0.8393,0.2706,ＪＢＣＣホールディングス,プライム（内国株式）,情報・通信業
9890,2026-10-05,1402.0,-0.0085,-0.0469,0.0182,0.0339,-0.0096,0.0126,1429.3307,1373.1636,True,-0.0191,0.8779,1597.0,1146.0128,0.0243,0.1466,140200.0,1.1344,0.3334,マキヤ,スタンダード（内国株式）,小売業
9895,2026-10-05,1255.0,-0.0016,-0.0233,-0.0226,-0.0055,-0.0504,-0.0269,1274.12,1267.48,True,-0.015,0.8629,1454.3931,1185.0611,0.0072,0.0088,125500.0,1.4749,0.4889,コンセック,スタンダード（内国株式）,卸売業
9896,2026-10-05,1326.0,-0.0178,-0.0596,-0.0766,-0.0779,-0.1044,-0.0992,1405.2617,1424.9939,True,-0.0564,0.8463,1566.8485,1159.2131,0.0204,0.4254,132600.0,1.2556,0.4067,ＪＫホールディングス,スタンダード（内国株式）,卸売業
9900,2026-10-05,1055.0,-0.0112,-0.0426,-0.0564,0.1961,-0.0841,0.1748,1109.0,1003.7867,True,-0.0487,0.8895,1186.0,757.5,0.0322,3.3251,105500.0,1.4178,0.2853,サガミホールディングス,プライム（内国株式）,小売業
9902,2026-10-05,3235.0,0.0062,0.0125,0.0677,0.1973,0.0399,0.1759,3142.5963,2924.6654,True,0.0294,0.9729,3325.0,2286.5017,0.0228,2.569,323500.0,1.3476,0.2173,日伝,プライム（内国株式）,卸売業
9903,2026-10-05,884.0,-0.0189,-0.0145,-0.0112,-0.0328,-0.039,-0.0541,893.88,908.6933,False,-0.0111,0.6225,1420.0,828.8145,0.0137,0.0128,88400.0,0.5596,0.2718,カンセキ,スタンダード（内国株式）,小売業
9904,2026-10-05,231.0,0.0,-0.0455,-0.0685,0.0359,-0.0963,0.0146,242.48,236.7226,False,-0.0473,0.5537,417.2055,207.1233,0.0148,0.0334,23100.0,0.5978,0.4667,ベリテ,スタンダード（内国株式）,小売業
9906,2026-10-05,4070.0,-0.0157,-0.0367,-0.076,0.0137,-0.1038,-0.0076,4267.4112,4136.1371,True,-0.0463,0.8173,4980.0,3220.4305,0.0261,0.1201,407000.0,0.9258,0.2398,藤井産業,スタンダード（内国株式）,卸売業
9908,2026-10-05,2861.0,-0.0069,-0.0185,0.0095,0.0735,-0.0183,0.0522,2878.4146,2718.3382,True,-0.0061,0.9489,3015.0,1971.4411,0.0187,0.4035,286100.0,0.7617,0.2153,日本電計,スタンダード（内国株式）,卸売業
9913,2026-10-05,3750.0,-0.0053,0.0176,0.0373,0.2235,0.0095,0.2022,3643.6,3414.0,True,0.0292,0.826,4540.0,2503.0597,0.0229,0.1139,375000.0,0.5828,0.3442,日邦産業,スタンダード（内国株式）,卸売業
9928,2026-10-05,2099.0,-0.0113,-0.0066,0.0469,0.1753,0.0191,0.1539,2056.68,1897.1333,True,0.0206,0.9786,2145.0,1624.0814,0.0193,0.9099,209900.0,1.3564,0.2736,ミロク情報サービス,プライム（内国株式）,情報・通信業
9929,2026-10-05,471.0,-0.0084,0.0107,-0.0084,0.0064,-0.0362,-0.0149,472.08,469.64,True,-0.0023,0.9352,503.625,433.5125,0.01,0.0103,47100.0,1.4575,0.4239,平和紙業,スタンダード（内国株式）,卸売業
9930,2026-10-05,386.0,-0.0103,-0.0203,-0.0277,0.0997,-0.0555,0.0784,397.84,382.0533,True,-0.0298,0.9234,418.0,321.676,0.015,0.0232,38600.0,0.7187,0.3111,北沢産業,スタンダード（内国株式）,卸売業
9932,2026-10-05,1331.0,0.003,0.0215,0.0038,0.0865,-0.024,0.0652,1315.5657,1275.9486,True,0.0117,0.6746,1973.0209,1113.0,0.0166,0.4153,133100.0,1.0614,0.3695,杉本商事,プライム（内国株式）,卸売業
9934,2026-10-05,3163.0,0.0102,0.0313,0.0347,0.1298,0.0069,0.1085,3079.2384,2913.5995,True,0.0272,0.9978,3170.0,1987.2975,0.0166,6.2761,316300.0,1.1919,0.2309,因幡電機産業,プライム（内国株式）,卸売業
9936,2026-10-05,2868.0,-0.0021,-0.0134,-0.0261,-0.0181,-0.0539,-0.0395,2930.1654,2905.9085,True,-0.0212,0.7397,3877.0849,2599.0,0.0146,9.3905,286800.0,1.2687,0.3037,王将フードサービス,プライム（内国株式）,小売業
9941,2026-10-05,1097.0,0.0129,0.0448,-0.1146,-0.2159,-0.1424,-0.2372,1168.04,1252.7867,True,-0.0608,0.5354,2049.0,603.0,0.0478,0.3233,109700.0,0.6538,0.3471,太洋物産,スタンダード（内国株式）,卸売業
9946,2026-10-05,1772.0,-0.0045,-0.0156,0.0137,-0.0365,-0.0141,-0.0578,1792.76,1812.0377,False,-0.0116,0.8145,2175.4356,1726.7265,0.0096,1.0225,177200.0,0.6253,0.2235,ミニストップ,プライム（内国株式）,小売業
9948,2026-10-05,3550.0,-0.0042,-0.0392,-0.047,0.0196,-0.0748,-0.0018,3700.56,3551.3055,True,-0.0407,0.8995,3946.5029,2924.4223,0.0194,3.5439,355000.0,0.9538,0.4062,アークス,プライム（内国株式）,小売業
9950,2026-10-05,3335.0,-0.0015,0.0015,-0.0319,-0.0249,-0.0597,-0.0462,3394.9988,3409.4663,False,-0.0177,0.9543,3494.7063,3315.0,0.0061,0.1585,333500.0,2.2294,0.2212,ハチバン,スタンダード（内国株式）,小売業
9955,2026-10-05,2705.0,-0.0102,-0.0425,-0.0401,-0.0022,-0.0679,-0.0235,2797.2,2768.5467,True,-0.033,0.8539,3167.6643,2479.602,0.0085,0.0537,270500.0,1.4954,0.6174,ヨンキュウ,スタンダード（内国株式）,卸売業
9956,2026-10-05,1620.0,0.0062,-0.0256,-0.5031,-0.5391,-0.5309,-0.5604,2765.5599,3167.52,False,-0.4142,0.4055,3995.0,1600.0,0.1099,5.9186,162000.0,0.8245,1.0423,バローホールディングス,プライム（内国株式）,小売業
9959,2026-10-05,911.0,-0.0109,-0.0076,-0.0666,0.01,-0.0944,-0.0113,948.9071,973.249,True,-0.0399,0.6317,1442.2139,673.25,0.0092,0.094,91100.0,0.3988,0.4788,アシードホールディングス,スタンダード（内国株式）,小売業
9960,2026-10-05,4210.0,0.0048,-0.0193,0.0754,-0.0388,0.0476,-0.0601,4105.9116,4017.1039,True,0.0254,0.9314,4520.0,2923.3971,0.0285,4.1195,421000.0,1.1288,0.2588,東テク,プライム（内国株式）,卸売業
9962,2026-10-05,4093.0,0.0396,0.07,0.1279,-0.0137,0.1001,-0.0351,3711.8374,3774.9725,True,0.1027,0.9736,4204.0,2089.3996,0.0313,51.3125,409300.0,1.0106,0.4661,ミスミグループ本社,プライム（内国株式）,卸売業
9969,2026-10-05,235.0,0.0,-0.0042,0.0,0.0129,-0.0278,-0.0084,236.04,234.48,True,-0.0044,0.8921,263.4225,221.0,0.0109,0.0114,23500.0,1.1938,0.2333,ショクブン,スタンダード（内国株式）,小売業
9972,2026-10-05,285.0,-0.0035,-0.0035,0.0179,0.0401,-0.0099,0.0188,279.56,276.2133,True,0.0195,0.8934,319.0,255.0,0.019,0.0238,28500.0,0.4044,0.35,アルテック,スタンダード（内国株式）,卸売業
9973,2026-10-05,19.0,0.0,0.0,-0.05,-0.0952,-0.0778,-0.1166,19.72,19.9733,False,-0.0365,0.4419,43.0,19.0,0.0564,0.124,1900.0,0.538,0.1867,ＫＯＺＯホールディングス,スタンダード（内国株式）,小売業
9974,2026-10-05,6500.0,-0.0061,-0.0399,-0.0483,-0.0146,-0.0761,-0.0359,6796.16,6574.5702,True,-0.0436,0.8066,8058.2271,5912.8957,0.0214,1.8983,650000.0,0.9876,0.4092,ベルク,プライム（内国株式）,小売業
9976,2026-10-05,1067.0,-0.0175,-0.1071,0.0057,0.0319,-0.0221,0.0106,1095.28,1066.8533,True,-0.0258,0.7565,1410.4546,967.8636,0.0266,0.0347,106700.0,2.3518,0.529,セキチュー,スタンダード（内国株式）,小売業
9978,2026-10-05,46.0,0.0455,0.0222,0.0455,0.0222,0.0177,0.0009,44.44,44.92,False,0.0351,0.7667,60.0,43.0,0.0233,0.0307,4600.0,1.5039,0.1867,文教堂グループホールディングス,スタンダード（内国株式）,小売業
9979,2026-10-05,999.0,-0.001,-0.0167,-0.0477,-0.082,-0.0755,-0.1033,1039.28,1074.0944,False,-0.0388,0.8276,1207.1746,995.0,0.0162,0.9914,99900.0,2.1101,0.3515,大庄,スタンダード（内国株式）,小売業
9980,2026-10-05,89.0,0.0,-0.043,-0.0632,-0.0632,-0.091,-0.0845,93.6,94.2933,False,-0.0491,0.4937,180.283,85.1887,0.0201,0.1117,8900.0,1.5091,0.392,ＭＲＫホールディングス,スタンダード（内国株式）,小売業
9982,2026-10-05,2751.0,-0.0203,0.0088,0.0713,0.0944,0.0435,0.0731,2659.12,2543.1011,False,0.0346,0.9033,3045.4555,1719.7962,0.0302,0.1227,275100.0,0.8309,0.2574,タキヒヨー,スタンダード（内国株式）,卸売業
9983,2026-10-05,74690.0,0.0407,0.1008,0.0609,-0.1369,0.0331,-0.1583,69227.6,76103.2076,False,0.0789,0.8459,88293.2863,43972.6207,0.0228,785.5922,7469000.0,1.0441,0.4847,ファーストリテイリング,プライム（内国株式）,小売業
9984,2026-10-05,6497.0,0.0296,0.0414,0.3195,0.0866,0.2917,0.0653,6033.4595,5923.1398,False,0.0768,0.716,9074.0,3360.31,0.0641,4561.7663,649700.0,1.2491,0.2057,ソフトバンクグループ,プライム（内国株式）,情報・通信業
9986,2026-10-05,2476.0,-0.0024,0.0049,-0.0016,-0.0048,-0.0294,-0.0261,2485.5351,2486.5117,False,-0.0038,0.8869,2791.7069,2377.0426,0.0084,0.0485,247600.0,0.8138,0.3782,蔵王産業,スタンダード（内国株式）,卸売業
9987,2026-10-05,2576.5,0.007,-0.0039,-0.5029,-0.4885,-0.5307,-0.5098,4362.2493,4810.6031,False,-0.4094,0.3896,6612.4333,2538.0,0.1017,9.6941,257650.0,1.768,1.0876,スズケン,プライム（内国株式）,卸売業
9989,2026-10-05,3569.0,0.0003,0.0006,-0.027,-0.0783,-0.0548,-0.0996,3662.8742,3740.4647,False,-0.0256,0.8128,4391.0555,3515.0,0.0143,20.9822,356900.0,1.3507,0.4018,サンドラッグ,プライム（内国株式）,小売業
9990,2026-10-05,745.0,0.0,-0.0261,-0.0146,-0.0249,-0.0423,-0.0462,754.88,754.5867,True,-0.0131,0.9127,816.2874,705.0,0.0109,0.3898,74500.0,0.9109,0.3316,サックスバー　ホールディングス,プライム（内国株式）,小売業
9991,2026-10-05,1735.0,-0.0029,-0.0307,-0.0091,0.0974,-0.0369,0.0761,1778.9145,1689.2115,True,-0.0247,0.9123,1901.8189,1301.3986,0.0166,0.6438,173500.0,0.8444,0.362,ジェコス,プライム（内国株式）,卸売業
9993,2026-10-05,1142.0,-0.0052,-0.0095,-0.0138,-0.0236,-0.0416,-0.045,1155.98,1164.142,True,-0.0121,0.9554,1195.3532,1104.8414,0.0045,0.0501,114200.0,1.1109,0.4083,ヤマザワ,スタンダード（内国株式）,小売業
9994,2026-10-05,1998.0,0.002,0.0055,-0.0249,-0.0235,-0.0527,-0.0448,2030.8258,2054.3419,False,-0.0162,0.8287,2411.0,1984.0,0.0103,0.3275,199800.0,1.8328,0.394,やまや,スタンダード（内国株式）,小売業
9996,2026-10-05,1993.0,0.0,0.0061,-0.0377,-0.0395,-0.0655,-0.0608,2029.9437,2082.9412,False,-0.0182,0.8118,2454.9928,1902.0,0.0113,0.019,199300.0,0.708,0.2617,サトー商会,スタンダード（内国株式）,卸売業
9997,2026-10-05,1027.0,-0.0106,-0.0325,-0.0293,0.048,-0.0571,0.0266,1057.5285,1027.6695,True,-0.0289,0.9269,1108.0,823.0,0.0206,3.9651,102700.0,1.6998,0.293,ベルーナ,プライム（内国株式）,小売業
